{"id":"clgvh74in0038mc0fm5ix31ik","version":"3","groups":[{"id":"rfgvsqcv1rd2sil3fxzrsqpr","title":"Start","blocks":[{"id":"mvwxwrotxd31jb22vhgi4wzt","type":"start","label":"Start","groupId":"rfgvsqcv1rd2sil3fxzrsqpr","outgoingEdgeId":"tv0wzx4ev3qmdckgdnej8v4y"}],"graphCoordinates":{"x":-642.44,"y":8.89}},{"id":"iaco759up8d1iqk4029y4npn","title":"Pai, Mãe ou Aluno","blocks":[{"id":"lxl01te93bd44hz5ivpf5xir","type":"text","content":{"richText":[{"type":"p","children":[{"text":"Bem vindo (a), ao processo de aplicação para ganhar a "},{"bold":true,"text":"Semana de Aula Gratuita do Gaba Guaíba"},{"text":". Nela seu filho/ filha será um (a) "},{"bold":true,"text":"Gaba Aluno "},{"text":"por uma semana sem custo nenhum."}]}]},"groupId":"iaco759up8d1iqk4029y4npn"},{"id":"iptcv1fcjspvo3eoypbeirza","type":"text","content":{"richText":[{"type":"p","children":[{"bold":true,"text":"Importante:"},{"text":" a aplicação não garante a vaga do seu filho ou filha, vamos analisar cuidadosamente suas respostas e depois te passamos se é possível encaixar ou não."}]}]},"groupId":"iaco759up8d1iqk4029y4npn"},{"id":"eayqwk0pqtpuvc3p3swx0ulc","type":"text","content":{"richText":[{"type":"p","children":[{"text":"*Essa aplicação é exclusiva para o (a) pai, mãe ou responsável pelo vestibulando (a), só aplique se for seu caso."}]}]},"groupId":"iaco759up8d1iqk4029y4npn"},{"id":"pp5csqlwrqbi8cq8ww609dtf","type":"choice input","items":[{"id":"mlv7rn64st9cgp2pclssogdh","type":0,"blockId":"pp5csqlwrqbi8cq8ww609dtf","content":"Sou o (a) vestibulando (a).","outgoingEdgeId":"rs21g99diivyrgwaru76kvs7"},{"id":"e0cc58qf08or1ktixyl8vwmj","type":0,"blockId":"pp5csqlwrqbi8cq8ww609dtf","content":"Sou o (a) responsável.","outgoingEdgeId":"krpwid9gtr2timosdk666vsv"}],"groupId":"iaco759up8d1iqk4029y4npn","options":{"buttonLabel":"Send","isMultipleChoice":false}}],"graphCoordinates":{"x":-205,"y":10}},{"id":"drurlbq4vhs7pvfyr4q238o1","title":"Nome","blocks":[{"id":"qeuvl9ikrihcoxheoc6hhokz","type":"text","content":{"html":"<div>Qual é o teu<span class=\"slate-bold\"> primeiro nome?</span></div>","richText":[{"type":"p","children":[{"text":"Qual é o teu"},{"bold":true,"text":" primeiro nome?"}]}],"plainText":"Qual é o teu primeiro nome?"},"groupId":"drurlbq4vhs7pvfyr4q238o1"},{"id":"ohqlumdl17hwx05wj798atzx","type":"text input","groupId":"drurlbq4vhs7pvfyr4q238o1","options":{"isLong":false,"labels":{"button":"Enviar","placeholder":"Digite seu nome..."},"variableId":"vk5dji80c06ztei95ozpmo0f4"},"outgoingEdgeId":"hqztgwac6ve5mhgtoqiu9n8p"}],"graphCoordinates":{"x":328,"y":28}},{"id":"dtmc68z54dgazwq9kqfdgmzy","title":"Finalização 1 - Vestibulando","blocks":[{"id":"whxgoxo1eet5v0g3hjsvdnxw","type":"text","content":{"richText":[{"type":"p","children":[{"text":"Bom, nesse caso, para poder ganhar a"},{"bold":true,"text":" semana de aulas gratuita"},{"text":"s, precisamos falar com o (a) responsável por você."}]}]},"groupId":"dtmc68z54dgazwq9kqfdgmzy"},{"id":"r19se2b8zzte5lly85ie85hb","type":"text","content":{"richText":[{"type":"p","children":[{"text":"Para isso, é só enviar esse mesmo link para seu pai, mãe ou responsável!"}]}]},"groupId":"dtmc68z54dgazwq9kqfdgmzy"},{"id":"h3eu94xcaqlpn9wnwkek5a31","type":"text","content":{"richText":[{"type":"p","children":[{"text":"Vamos reiniciar aqui pra você conseguir fazer!"}]}]},"groupId":"dtmc68z54dgazwq9kqfdgmzy","outgoingEdgeId":"t7cch2q1kuroxosd5a3nuy3b"}],"graphCoordinates":{"x":362.77,"y":734.41}},{"id":"mz83wjsr4x8ewzr6iqqvy644","title":"Contato","blocks":[{"id":"ql6nhecuzakxum5tv8qnmq7c","type":"text","content":{"html":"<div>{{Nome}} <span class=\"slate-bold\">qual é o teu melhor número para contato?</span></div>","richText":[{"type":"p","children":[{"text":"{{Nome}} "},{"bold":true,"text":"qual é o teu melhor número para contato?"}]}],"plainText":"{{Nome}} qual é o teu melhor número para contato?"},"groupId":"mz83wjsr4x8ewzr6iqqvy644"},{"id":"ox7cnyx8dxhtkyn9stwz2ztg","type":"text","content":{"richText":[{"type":"p","children":[{"text":"*Importante que ele também tenha Whatsapp, pois você será contatado sobre o agendamento para a semana gratuita através dele.","italic":true}]}]},"groupId":"mz83wjsr4x8ewzr6iqqvy644"},{"id":"cplzo9hyuqzsxpekuvw3vuip","type":"phone number input","groupId":"mz83wjsr4x8ewzr6iqqvy644","options":{"labels":{"button":"Enviar","placeholder":"Digite seu telefone..."},"variableId":"vhsf2ucoyxac036ortbje6uee","defaultCountryCode":"BR","retryMessageContent":"Esse número de telefone parece não ser válido. Por favor, tente novamente."},"outgoingEdgeId":"h4cfza9ehwdrbostqdd4kbub"}],"graphCoordinates":{"x":737.11,"y":29}},{"id":"z05tpj3k9jpdtbyivp70huxm","title":"Contato está correto?","blocks":[{"id":"qb7jcwl4cknnz0udumsemcin","type":"text","content":{"richText":[{"type":"p","children":[{"text":"Show!"}]}]},"groupId":"z05tpj3k9jpdtbyivp70huxm"},{"id":"zwfirx5584ov5lh934afvi2t","type":"text","content":{"richText":[{"type":"p","children":[{"bold":true,"text":"O número {{Número}} tá certo mesmo?"}]}]},"groupId":"z05tpj3k9jpdtbyivp70huxm"},{"id":"r8a6r51rg05aeo9i6c1qdi81","type":"text","content":{"richText":[{"type":"p","children":[{"text":"Lembrando que qualquer número errado faz com que a gente não consiga te enviar os próximos passos para ganhar a semana de aulas gratuitas."}]}]},"groupId":"z05tpj3k9jpdtbyivp70huxm"},{"id":"hq94poscsdonc7ak3rfl4e4d","type":"choice input","items":[{"id":"of8a5do1j5fhqboy9qu8jt8z","type":0,"blockId":"hq94poscsdonc7ak3rfl4e4d","content":"Sim, está correto!","outgoingEdgeId":"u7qemuvadjqv80djhmo4z7d8"},{"id":"sac1glf4zcuv8qicbq94hhsr","type":0,"blockId":"hq94poscsdonc7ak3rfl4e4d","content":"Não, preciso editar!","outgoingEdgeId":"dxq6liaxzixb1td7vfv4295y"}],"groupId":"z05tpj3k9jpdtbyivp70huxm","options":{"buttonLabel":"Send","isMultipleChoice":false}}],"graphCoordinates":{"x":1128,"y":224}},{"id":"ko4suf0c6yq3j3hi6n2nekd3","title":"Mora em Guaíba?","blocks":[{"id":"ij8su8zzlvkg54r9japd8j5j","type":"text","content":{"html":"<div>Muito obrigado!</div>","richText":[{"type":"p","children":[{"text":"Muito obrigado!"}]}],"plainText":"Muito obrigado!"},"groupId":"ko4suf0c6yq3j3hi6n2nekd3"},{"id":"odbfobjfp1a6ezcis7wbau3z","type":"text","content":{"richText":[{"type":"p","children":[{"bold":true,"text":"Teu filho (a) mora em Guaíba?"}]}]},"groupId":"ko4suf0c6yq3j3hi6n2nekd3"},{"id":"hx4qsdfby9bj99h5e0wl1drz","type":"choice input","items":[{"id":"jtxg6uhn1kz4810y80ze2wjm","type":0,"blockId":"hx4qsdfby9bj99h5e0wl1drz","content":"Sim!","outgoingEdgeId":"q82vptfdalzvbu0r63wkzerj"},{"id":"qlj2qgz02bns4yroaiv97mfg","type":0,"blockId":"hx4qsdfby9bj99h5e0wl1drz","content":"Não, na Barra.","outgoingEdgeId":"q19njp0c42tg6qsh17k0plcr"},{"id":"xvjvfxeqn6m4uv0xgejmpvu8","type":0,"blockId":"hx4qsdfby9bj99h5e0wl1drz","content":"Não, em Eldorado.","outgoingEdgeId":"qz19w9tpon2lrrv4x5darex3"},{"id":"e5zfsub9yyv7t7fmfcy6sfta","type":0,"blockId":"hx4qsdfby9bj99h5e0wl1drz","content":"Não, em Porto.","outgoingEdgeId":"bgzhqeb5tei2q655s190o45t"},{"id":"bxmt2vya781kcj70oiythlq6","type":0,"blockId":"hx4qsdfby9bj99h5e0wl1drz","content":"Moramos mais longe...","outgoingEdgeId":"cbylfil7m95b36jb0foocv05"}],"groupId":"ko4suf0c6yq3j3hi6n2nekd3","options":{"variableId":"vx45brxech8rykl147d6wf9ti","buttonLabel":"Send","isMultipleChoice":false}}],"graphCoordinates":{"x":1923.89,"y":-39}},{"id":"wofacso16hhyrjlhd2oanpa3","title":"Vai se mudar?","blocks":[{"id":"tm0jzhbsimjbmb5y80wtb8e7","type":"text","content":{"html":"<div>Ahh, entendi! E me diz uma coisa:</div>","richText":[{"type":"p","children":[{"text":"Ahh, entendi! E me diz uma coisa:"}]}],"plainText":"Ahh, entendi! E me diz uma coisa:"},"groupId":"wofacso16hhyrjlhd2oanpa3"},{"id":"egqa8pwnn4ndfkoalr8g4lae","type":"text","content":{"richText":[{"type":"p","children":[{"bold":true,"text":"Vocês estão planejando se mudar para Guaíba, Eldorado, Barra ou Porto Alegre?"}]}]},"groupId":"wofacso16hhyrjlhd2oanpa3"},{"id":"fx8xckq0vntl77cv2nt04je8","type":"choice input","items":[{"id":"jqkzxvbu94hjnfohefuyfi31","type":0,"blockId":"fx8xckq0vntl77cv2nt04je8","content":"Sim!","outgoingEdgeId":"yrj7ytx9046w8sfk01rb9w3h"},{"id":"eoaycrcz8blruvql52vxb6qn","type":0,"blockId":"fx8xckq0vntl77cv2nt04je8","content":"Não.","outgoingEdgeId":"upsy0oxztmom71is1xzklju3"}],"groupId":"wofacso16hhyrjlhd2oanpa3","options":{"variableId":"vzm51ax549e78t9zjoyg7okwt","buttonLabel":"Send","isMultipleChoice":false}}],"graphCoordinates":{"x":2704.05,"y":537.97}},{"id":"io11mq6xyywozibvmbgyauu4","title":"Finalização 2 - Mora Longe","blocks":[{"id":"azzv73tzk9s12fp0ax13gaqw","type":"text","content":{"html":"<div>Muito obrigado!</div>","richText":[{"type":"p","children":[{"text":"Muito obrigado!"}]}],"plainText":"Muito obrigado!"},"groupId":"io11mq6xyywozibvmbgyauu4"},{"id":"qluohu3jq2n2hl4x2ibmolvk","type":"text","content":{"html":"<div><span class=\"slate-bold\">Assim que possível entraremos em contato.</span></div>","richText":[{"type":"p","children":[{"bold":true,"text":"Assim que possível entraremos em contato."}]}],"plainText":"Assim que possível entraremos em contato."},"groupId":"io11mq6xyywozibvmbgyauu4"},{"id":"dpwix4eev8i1jp3fzh9v8fq9","type":"Email","groupId":"io11mq6xyywozibvmbgyauu4","options":{"recipients":[],"isCustomBody":false,"credentialsId":"default"}}],"graphCoordinates":{"x":6832.35,"y":851.46}},{"id":"vtigdc34s44pmsywx8zle78n","title":"Buyer Journey","blocks":[{"id":"okqxoelj7wtz5tp00a2k5idq","type":"text","content":{"html":"<div>{{Nome}} perfeito!</div>","richText":[{"type":"p","children":[{"text":"{{Nome}} perfeito!"}]}],"plainText":"{{Nome}} perfeito!"},"groupId":"vtigdc34s44pmsywx8zle78n"},{"id":"u4w1a21vvngectknctmwf6al","type":"text","content":{"richText":[{"type":"p","children":[{"text":"Primeiramente quero entender o teu momento "}]}]},"groupId":"vtigdc34s44pmsywx8zle78n"},{"id":"z8lseopjqdpzz7oq7z60fmva","type":"text","content":{"richText":[{"type":"p","children":[{"text":"Qual das opções descreve melhor o teu cenário atual?"}]}]},"groupId":"vtigdc34s44pmsywx8zle78n"},{"id":"lrq5drrbank7jjf8d01qufju","type":"choice input","items":[{"id":"xz4p53b422w7szunbazyip7i","type":0,"blockId":"lrq5drrbank7jjf8d01qufju","content":"Ouvi falar que o pré-vestibular pode ajudar meu filho (a) a passar na faculdade que quer.","outgoingEdgeId":"lnd1i5hrjq2qb5axb3p5x2vr"},{"id":"uc1kybihc201l62d1q1d1lj6","type":0,"blockId":"lrq5drrbank7jjf8d01qufju","content":"Acredito que o pré-vestibular pode ser bom p/ o desempenho dele (a), mas preciso saber mais.","outgoingEdgeId":"aw3s4cavl5pwvp98z1wxk0rh"},{"id":"zt0iqrxxruupokv4duvbqu41","type":0,"blockId":"lrq5drrbank7jjf8d01qufju","content":"Estou escolhendo um pré-vestibular p/ matricular ele (a).","outgoingEdgeId":"z6tvzxzy142lzq0hvs1cknvr"}],"groupId":"vtigdc34s44pmsywx8zle78n","options":{"variableId":"vy79pssypitl1tcp8grd2ycfk","buttonLabel":"Send","isMultipleChoice":false}}],"graphCoordinates":{"x":1529.89,"y":-58.89}},{"id":"bns4sahbze2hyucf1n1l3lu8","title":"Ensino Médio + ENEM","blocks":[{"id":"yqjjvs97kf8405szbxxrwngg","type":"text","content":{"richText":[{"type":"p","children":[{"text":"Certo, falando nisso... Ele (a) já concluiu o Ensino Médio?"}]}]},"groupId":"bns4sahbze2hyucf1n1l3lu8"},{"id":"kl2xl4ewg8ecvy0cui7bpb0g","type":"text","content":{"html":"<div><span class=\"slate-bold\">E mais, já fez o ENEM alguma vez?</span></div>","richText":[{"type":"p","children":[{"bold":true,"text":"E mais, já fez o ENEM alguma vez?"}]}],"plainText":"E mais, já fez o ENEM alguma vez?"},"groupId":"bns4sahbze2hyucf1n1l3lu8"},{"id":"z3zadl3g66374vnmtshh1jf9","type":"choice input","items":[{"id":"qb0easglcbmij2xlojze3oeq","type":0,"blockId":"z3zadl3g66374vnmtshh1jf9","content":"Sim! E já fez o ENEM.","outgoingEdgeId":"btc13tx6qmgvvbm4gu03nj2g"},{"id":"aje3lwjtcw8jbur4hgakj64m","type":0,"blockId":"z3zadl3g66374vnmtshh1jf9","content":"Sim! Mas nunca fez o ENEM.","outgoingEdgeId":"vlslacfaerqogpfriberzw9x"},{"id":"o0yqm9na5zwkjzrv5feti6n4","type":0,"blockId":"z3zadl3g66374vnmtshh1jf9","content":"Ainda não, vai concluir esse ano! Mas já fez o ENEM.","outgoingEdgeId":"giuqugk7vo0v3od7vmm1qrv1"},{"id":"sp1b8cwmq6hgocu65dnnnlgg","type":0,"blockId":"z3zadl3g66374vnmtshh1jf9","content":"Ainda não, e ainda não fez o ENEM.","outgoingEdgeId":"s4z5qrnxi2ksw2r9k2vvtlb7"}],"groupId":"bns4sahbze2hyucf1n1l3lu8","options":{"variableId":"vwcp50iqijqiavtdzbfwp4gni","buttonLabel":"Send","isMultipleChoice":false}}],"graphCoordinates":{"x":3175,"y":24.56}},{"id":"tm722tlfws7r11i7cpzs41kp","title":"Bairro?","blocks":[{"id":"kbe6fpb5nedowjc7h5kxdz3p","type":"text","content":{"html":"<div><span class=\"slate-bold\">Show, em qual bairro?</span></div>","richText":[{"type":"p","children":[{"bold":true,"text":"Show, em qual bairro?"}]}],"plainText":"Show, em qual bairro?"},"groupId":"tm722tlfws7r11i7cpzs41kp"},{"id":"k9lazy3u5myx0cv2hzjtdiff","type":"text input","groupId":"tm722tlfws7r11i7cpzs41kp","options":{"isLong":false,"labels":{"button":"Enviar","placeholder":"Type your answer..."},"variableId":"vfob44q4m10t08ttn87h7x6dp"},"outgoingEdgeId":"bp5ysrn2b2mq0l2owh37ya1w"}],"graphCoordinates":{"x":2302,"y":23}},{"id":"u7654sbi84acj72n590kelmm","title":"Mora Longe?","blocks":[{"id":"a3s9nn2bn5fnl5g0gysgejrs","type":"text","content":{"richText":[{"type":"p","children":[{"bold":true,"text":"Certo, em qual Cidade? Em qual estado?"}]}]},"groupId":"u7654sbi84acj72n590kelmm"},{"id":"zber2imomutb37w6virm74ix","type":"text input","groupId":"u7654sbi84acj72n590kelmm","options":{"isLong":false,"labels":{"button":"Enviar","placeholder":"Type your answer..."},"variableId":"vtrdal3s2wbyjykbixsfupsb2"},"outgoingEdgeId":"l2ik6c6s2rlcowyvxpfcqi6s"}],"graphCoordinates":{"x":2295.78,"y":581.22}},{"id":"tbx3s1o8s2hxnn3rf6b1a67b","title":"Observação","blocks":[{"id":"yo6w6cxdbr8hi25fcwu1okbo","type":"text","content":{"html":"<div>Show, vamos analisar a tua situação! </div>","richText":[{"type":"p","children":[{"text":"Show, vamos analisar a tua situação! "}]}],"plainText":"Show, vamos analisar a tua situação! "},"groupId":"tbx3s1o8s2hxnn3rf6b1a67b"},{"id":"xlh7q0vxic5wii2uhbybwyte","type":"text","content":{"richText":[{"type":"p","children":[{"text":"Após, identificar se essa semana faz sentido para ti e te retornamos."}]},{"type":"p","children":[{"bold":true,"text":""}]}]},"groupId":"tbx3s1o8s2hxnn3rf6b1a67b"},{"id":"nf1ltgkc6xccflfw52lr0qgp","type":"text","content":{"html":"<div><span class=\"slate-bold\">Há mais algo do teu contexto que queira acrescentar para nossa análise?</span></div>","richText":[{"type":"p","children":[{"bold":true,"text":"Há mais algo do teu contexto que queira acrescentar para nossa análise?"}]}],"plainText":"Há mais algo do teu contexto que queira acrescentar para nossa análise?"},"groupId":"tbx3s1o8s2hxnn3rf6b1a67b"},{"id":"r25z8rozv9o7xrmvbeyp05ah","type":"text input","groupId":"tbx3s1o8s2hxnn3rf6b1a67b","options":{"isLong":false,"labels":{"button":"Enviar","placeholder":"Di"},"variableId":"vg7pinz3dpqembw2jd56c0bw2"},"outgoingEdgeId":"f4vkjo98catrqixbrjyxlwax"}],"graphCoordinates":{"x":3178.34,"y":903.79}},{"id":"h196rb2t0wenkxf7cubs91je","title":"Escola?","blocks":[{"id":"j6cy1fxf74ohosuggyvo7zah","type":"text","content":{"html":"<div>Perfeito! </div>","richText":[{"type":"p","children":[{"text":"Perfeito! "}]}],"plainText":"Perfeito! "},"groupId":"h196rb2t0wenkxf7cubs91je"},{"id":"wl2gldcqri0xlx3eqdkkx4nc","type":"text","content":{"richText":[{"type":"p","children":[{"bold":true,"text":"E em qual Escola ele (a) cursou ou está cursando o Ensino Médio?"}]}]},"groupId":"h196rb2t0wenkxf7cubs91je"},{"id":"j8uwftchv5he82mb4wfl0j6s","type":"text input","groupId":"h196rb2t0wenkxf7cubs91je","options":{"isLong":false,"labels":{"button":"Enviar","placeholder":"Escreva o nome da Escola..."},"variableId":"vxv2y9rigkai7lygx7o7nu8rj"},"outgoingEdgeId":"hz33h3vst8nmgiekad2azq45"}],"graphCoordinates":{"x":2688,"y":35}},{"id":"ccvqjgj64o5t9nw5d86q9x5p","title":"Particular?","blocks":[{"id":"jsmsfdt53e0mw5pbd86hgy5u","type":"text","content":{"richText":[{"type":"p","children":[{"text":"Certo, isso é importante pra gente saber o quanto conseguimos ajudar ele nesse processo."}]}]},"groupId":"ccvqjgj64o5t9nw5d86q9x5p"},{"id":"bd06j5a6g781gnejkpdxi3r1","type":"text","content":{"richText":[{"type":"p","children":[{"text":"Além disso, também precisamos entender qual estágio de preparação ele (a) está para passar no vestibular."}]}]},"groupId":"ccvqjgj64o5t9nw5d86q9x5p"},{"id":"kxnra07fpuuent974ot6e7sw","type":"text","content":{"richText":[{"type":"p","children":[{"text":"Primeiro: nosso sistema não conseguiu identificar. "}]}]},"groupId":"ccvqjgj64o5t9nw5d86q9x5p"},{"id":"m15de8p39gwmui5tg2lsqfas","type":"text","content":{"richText":[{"type":"p","children":[{"text":"A"},{"bold":true,"text":" Escola é/era particular?"}]}]},"groupId":"ccvqjgj64o5t9nw5d86q9x5p"},{"id":"nhvp1tlpi17y5fosnll96llc","type":"choice input","items":[{"id":"f18tjr1qw0zsajnchm5ztv2h","type":0,"blockId":"nhvp1tlpi17y5fosnll96llc","content":"Sim, e não tinhamos bolsa.","outgoingEdgeId":"nbuzog0k3pds9jjaio4vx50p"},{"id":"z59diowaawjwvrhfx2qgzrrm","type":0,"blockId":"nhvp1tlpi17y5fosnll96llc","content":"Sim, e tinhamos bolsa parcial.","outgoingEdgeId":"gob37zmb5468jhzae8krqywh"},{"id":"nixegd4jn3jzflvds4gs0kha","type":0,"blockId":"nhvp1tlpi17y5fosnll96llc","content":"Sim, mas tinha 100% de bolsa.","outgoingEdgeId":"ot57i878buep8fe93nylgpzi"},{"id":"kef1pbcxpzwp3t06ufan3ade","type":0,"blockId":"nhvp1tlpi17y5fosnll96llc","content":"Não, era pública.","outgoingEdgeId":"z4ankq4cm48ztrskk1fx9jc5"}],"groupId":"ccvqjgj64o5t9nw5d86q9x5p","options":{"variableId":"vtglqg3d2ccdpwkdtj30ggncg","buttonLabel":"Send","isMultipleChoice":false}}],"graphCoordinates":{"x":4113.36,"y":-157.27}},{"id":"hcorhcmeb14ifs3gjx0ujh5b","title":"Curso: Ampla Concorrência","blocks":[{"id":"x7paehutloto5l802zwh13j1","type":"text","content":{"richText":[{"type":"p","children":[{"text":"Ahh, entendi..."}]}]},"groupId":"hcorhcmeb14ifs3gjx0ujh5b"},{"id":"dr82l729ftdkcnuj8gaqbxv8","type":"text","content":{"richText":[{"type":"p","children":[{"text":"Nesse caso ele/ela não tem direito a cotas. A vaga será de Ampla Concorrência."}]}]},"groupId":"hcorhcmeb14ifs3gjx0ujh5b"},{"id":"rxbn1asntq6vn4t3qs78wx3g","type":"text","content":{"richText":[{"type":"p","children":[{"text":"Isso é importante pois muda a nota de corte (a nota mínima para passar em determinado curso)."}]}]},"groupId":"hcorhcmeb14ifs3gjx0ujh5b"},{"id":"r9e6qldw3mm302vu0else4od","type":"text","content":{"richText":[{"type":"p","children":[{"bold":true,"text":"E qual o curso dos sonhos dele (a)?"}]}]},"groupId":"hcorhcmeb14ifs3gjx0ujh5b"},{"id":"ivony6iqbva9u93kb1b3onbj","type":"text","content":{"richText":[{"type":"p","children":[{"text":"Caso ele/ela não tenha um específico, me conta qual tu acha mais provável..."}]}]},"groupId":"hcorhcmeb14ifs3gjx0ujh5b"},{"id":"w2g2pmv8w75v3qcpssk6eucb","type":"text input","groupId":"hcorhcmeb14ifs3gjx0ujh5b","options":{"isLong":false,"labels":{"button":"Enviar","placeholder":"Escreva o seu Curso..."},"variableId":"vsciuod15o77be2knoxpdawsf"},"outgoingEdgeId":"sgpqnxwgnpxe87byqd2159vp"}],"graphCoordinates":{"x":4561.1,"y":-114.57}},{"id":"hbcxq8c9bj7b88dzusv5xv72","title":"Curso: Cotas","blocks":[{"id":"ukrf8fpx206z8migcrzl4iin","type":"text","content":{"richText":[{"type":"p","children":[{"text":"Ahh, entendi..."}]}]},"groupId":"hbcxq8c9bj7b88dzusv5xv72"},{"id":"qe9ddp0rs43kezl9mwzsgrlt","type":"text","content":{"richText":[{"type":"p","children":[{"text":"Nesse caso teu filho (a) tem direito a cotas. Quando conversarmos podemos entender melhor em qual quadro ele/ela se encaixa!"}]}]},"groupId":"hbcxq8c9bj7b88dzusv5xv72"},{"id":"lsn5ziczbzpjsodul2yzxhqw","type":"text","content":{"richText":[{"type":"p","children":[{"text":"Isso é importante pois muda a nota de corte (a nota mínima para passar em determinado curso)."}]}]},"groupId":"hbcxq8c9bj7b88dzusv5xv72"},{"id":"aufz0tarkcg4ohu3u9m7k8bu","type":"text","content":{"richText":[{"type":"p","children":[{"bold":true,"text":"E qual o curso dos sonhos dele (a)?"}]}]},"groupId":"hbcxq8c9bj7b88dzusv5xv72"},{"id":"se581qii08u5t5n2axfst9f8","type":"text","content":{"richText":[{"type":"p","children":[{"text":"Caso ele/ela não tenha um específico, me conta qual tu acha mais provável..."}]}]},"groupId":"hbcxq8c9bj7b88dzusv5xv72"},{"id":"t87d529bbdcl3z0lioaneoew","type":"text input","groupId":"hbcxq8c9bj7b88dzusv5xv72","options":{"isLong":false,"labels":{"button":"Enviar","placeholder":"Escreva o seu Curso..."},"variableId":"vsciuod15o77be2knoxpdawsf"},"outgoingEdgeId":"pxak8oy8a6qdek0gerunmfuy"}],"graphCoordinates":{"x":4569.67,"y":633.15}},{"id":"fq85gs5jidmli8hft54x96rf","title":"Por que nós?","blocks":[{"id":"zzbfqgiprsoqn8tshxedg246","type":"text","content":{"richText":[{"type":"p","children":[{"text":"Show... Estamos quase acabando…"}]}]},"groupId":"fq85gs5jidmli8hft54x96rf"},{"id":"qit83766mwrbqwy7j2e62fn1","type":"text","content":{"richText":[{"type":"p","children":[{"text":"{{Nome}} por que tu acredita que essa é uma boa oportunidade para ti e pro teu filho (a) ? \n"}]}]},"groupId":"fq85gs5jidmli8hft54x96rf"},{"id":"yrk4lhtakhitz4sndfm4bqly","type":"text","content":{"richText":[{"type":"p","children":[{"text":"Tipo... vários cursinhos pré-vestibulares por aí, e também temos um monte online, porque nós?"}]}]},"groupId":"fq85gs5jidmli8hft54x96rf"},{"id":"h9fh0kgpy42x2rnp1hr09035","type":"text input","groupId":"fq85gs5jidmli8hft54x96rf","options":{"isLong":false,"labels":{"button":"Enviar","placeholder":"Diga o porquê..."},"variableId":"vs97wqa045l6opt7jsvfi2s17"},"outgoingEdgeId":"fj0ic1qsix9134kgv27kvdvw"}],"graphCoordinates":{"x":4975.25,"y":62.28}},{"id":"exg4x3wdevuh2ep5dbmqhqi7","title":"Por que você?","blocks":[{"id":"qqx7t0bfg3xybsmqlrkfxu86","type":"text","content":{"richText":[{"type":"p","children":[{"text":"Ahh, certo"}]}]},"groupId":"exg4x3wdevuh2ep5dbmqhqi7"},{"id":"q44zcqehysib5ck9ul0fhkhp","type":"text","content":{"richText":[{"type":"p","children":[{"text":"Entendi, e me diz uma coisa!"}]}]},"groupId":"exg4x3wdevuh2ep5dbmqhqi7"},{"id":"hybuidkch72kbk652u00tf8d","type":"text","content":{"richText":[{"type":"p","children":[{"text":"Vou ser bem sincero contigo. A gente não tem vaga pra todos os interessados, por uma questão de espaço físico mesmo."}]}]},"groupId":"exg4x3wdevuh2ep5dbmqhqi7"},{"id":"p9yt1l5ilychi3tuapfczl23","type":"text","content":{"richText":[{"type":"p","children":[{"text":"Estamos com apenas 5 vagas para essa semana gratuita no momento."}]}]},"groupId":"exg4x3wdevuh2ep5dbmqhqi7"},{"id":"s3rlepvs5rx8bdpk7pyrdwbz","type":"text","content":{"richText":[{"type":"p","children":[{"text":"Escreva abaixo o porque eu deveria escolher o seu filho ou sua filha entre os interessados!"}]}]},"groupId":"exg4x3wdevuh2ep5dbmqhqi7"},{"id":"i1gjuiifq3skwvpf5jyhv8hp","type":"text input","groupId":"exg4x3wdevuh2ep5dbmqhqi7","options":{"isLong":false,"labels":{"button":"Enviar","placeholder":"Diz aí..."},"variableId":"vc34u0wgwd6va2a6o3mu5njiy"},"outgoingEdgeId":"uom28b04ci5xytugepxbk9vu"}],"graphCoordinates":{"x":5370.53,"y":72.82}},{"id":"my5nvdulemfm4arvvcuwc7yg","title":"Finalização 2","blocks":[{"id":"bsv8p8zxnrpuljl71z7m0x2s","type":"text","content":{"html":"<div>Perfeito! Temos tudo o que precisamos!</div>","richText":[{"type":"p","children":[{"text":"Perfeito! Temos tudo o que precisamos!"}]}],"plainText":"Perfeito! Temos tudo o que precisamos!"},"groupId":"my5nvdulemfm4arvvcuwc7yg"},{"id":"yg6o4m2uc2w7sntw98bwjejk","type":"text","content":{"richText":[{"type":"p","children":[{"text":"Com o que tu nos passou, conseguimos analisar"}]}]},"groupId":"my5nvdulemfm4arvvcuwc7yg"},{"id":"bv2kx90g5xlcz5hmkne6c116","type":"text","content":{"richText":[{"type":"p","children":[{"text":"Importante ressaltar que o que mais conta para a nossa análise são as tuas justificativas nas respostas anteriores."}]}]},"groupId":"my5nvdulemfm4arvvcuwc7yg"},{"id":"rmov6jq5jnlw2ckk38xlxoat","type":"text","content":{"richText":[{"type":"p","children":[{"bold":true,"text":"Vamos te passar um retorno o mais breve possível!"}]}]},"groupId":"my5nvdulemfm4arvvcuwc7yg"},{"id":"baneabugm3rspehojcqq64xv","type":"text","content":{"richText":[{"type":"p","children":[{"text":"Independente se conseguimos encaixá-lo ou não, vamos te contatar ok?"}]}]},"groupId":"my5nvdulemfm4arvvcuwc7yg"},{"id":"nfgop8n5qcxe00o8awecubys","type":"text","content":{"html":"<div>Assim que possível, entraremos em contato.</div>","richText":[{"type":"p","children":[{"text":"Assim que possível, entraremos em contato."}]}],"plainText":"Assim que possível, entraremos em contato."},"groupId":"my5nvdulemfm4arvvcuwc7yg"},{"id":"t0njnmu7lbqdxcpa4e4cy9nu","type":"Email","groupId":"my5nvdulemfm4arvvcuwc7yg","options":{"recipients":[],"isCustomBody":false,"credentialsId":"default"},"outgoingEdgeId":"uhymn4eg76ps4uogi6lp8bqm"}],"graphCoordinates":{"x":5957.63,"y":-39.32}},{"id":"zsmngq8lzoz6z5jrnrsn75mw","title":"Origem/Mídia","blocks":[{"id":"a8cv4xqtafvj6j0wenm7ju6u","type":"Set variable","groupId":"zsmngq8lzoz6z5jrnrsn75mw","options":{"variableId":"vtm7xb5wmwxtme6om7kg62vcy"}},{"id":"rt9qq8luwmabt2umj905pyy7","type":"Set variable","groupId":"zsmngq8lzoz6z5jrnrsn75mw","options":{"variableId":"vdd04ijjdia1symy2zpkthulq"}},{"id":"d7pzgqtc5qkr316glq4zxxry","type":"Set variable","groupId":"zsmngq8lzoz6z5jrnrsn75mw","options":{"variableId":"vx8b52vbg4z6ku2j6o9s6mold"}},{"id":"nhrp8rgkr0ye4j8ktsoe2bgs","type":"Set variable","groupId":"zsmngq8lzoz6z5jrnrsn75mw","options":{"variableId":"vw8x1aat6xcezh7f5gx833sh3"}}],"graphCoordinates":{"x":-646.87,"y":243.04}},{"id":"wde3oudsnvplpb6g8s72ht7m","title":"Finalização 3 - Lead Completo","blocks":[{"id":"s3ptnm5naw0x15fhtcb18cln","type":"Redirect","groupId":"wde3oudsnvplpb6g8s72ht7m","options":{"url":"https://www.gabaritoguaiba.com.br/obrigado-semana-gratuita","isNewTab":false}}],"graphCoordinates":{"x":6822.26,"y":410.14}},{"id":"i3fw5ao76ohvo2n9cc6rt1qc","title":"Final 3 copy","blocks":[{"id":"v1g67kl17kvi3q1g5to3enle","type":"Webhook","groupId":"i3fw5ao76ohvo2n9cc6rt1qc","options":{"isCustomBody":false,"isAdvancedConfig":false,"variablesForTest":[],"responseVariableMapping":[]},"webhookId":"al5j8205sb392hv1927cik84"}],"graphCoordinates":{"x":1222.47,"y":1186.17}},{"id":"etktxf5ooqnwudxr06l2kqmq","title":"Reiniciar","blocks":[{"id":"eb6r80u8konep0396mezk1l7","type":"Jump","groupId":"etktxf5ooqnwudxr06l2kqmq","options":{"groupId":"iaco759up8d1iqk4029y4npn"}}],"graphCoordinates":{"x":733.76,"y":1141.69}},{"id":"j2vh6rcohpzbez3sanxtvz5c","title":"Group #26","blocks":[{"id":"pqsp37pz6crvk37kgc92kqdm","type":"Webhook","groupId":"j2vh6rcohpzbez3sanxtvz5c","options":{"isCustomBody":false,"isAdvancedConfig":false,"variablesForTest":[],"responseVariableMapping":[]},"webhookId":"famns729wsb6mds8p3ubwr64"}],"graphCoordinates":{"x":6391.56,"y":146.39}}],"variables":[{"id":"vk5dji80c06ztei95ozpmo0f4","name":"Nome"},{"id":"vhsf2ucoyxac036ortbje6uee","name":"Número"},{"id":"vfob44q4m10t08ttn87h7x6dp","name":"Bairro"},{"id":"vxv2y9rigkai7lygx7o7nu8rj","name":"Escola"},{"id":"vsciuod15o77be2knoxpdawsf","name":"Curso"},{"id":"vjqcw37qkvlaz34d36qd2p2ev","name":"Nota LG"},{"id":"vo72z3au7fysrg5ummk2dxjar","name":"Nota CH"},{"id":"vpmvdsozsarqnnm91t9gkps02","name":"Nota CN"},{"id":"vwy3s3t23l18wk2ol5eyshquq","name":"Nota MT"},{"id":"vufgmmt07n6zdhb4w0udkbzzp","name":"Nota RD"},{"id":"vtm7xb5wmwxtme6om7kg62vcy","name":"utm_source"},{"id":"vdd04ijjdia1symy2zpkthulq","name":"utm_medium"},{"id":"vx8b52vbg4z6ku2j6o9s6mold","name":"utm_campaign"},{"id":"vw8x1aat6xcezh7f5gx833sh3","name":"utm_content"},{"id":"vtrdal3s2wbyjykbixsfupsb2","name":"Endereço_Longe"},{"id":"vg7pinz3dpqembw2jd56c0bw2","name":"Info_Adcional"},{"id":"vy79pssypitl1tcp8grd2ycfk","name":"Qualificação"},{"id":"vx45brxech8rykl147d6wf9ti","name":"Mora-Em-Guaiba"},{"id":"vzm51ax549e78t9zjoyg7okwt","name":"Planeja-se-mudar"},{"id":"vwcp50iqijqiavtdzbfwp4gni","name":"EM-ENEM"},{"id":"vtglqg3d2ccdpwkdtj30ggncg","name":"Particular"},{"id":"vc34u0wgwd6va2a6o3mu5njiy","name":"Pq-Voce"},{"id":"vs97wqa045l6opt7jsvfi2s17","name":"Pq-Nós"}],"edges":[{"id":"tv0wzx4ev3qmdckgdnej8v4y","to":{"groupId":"iaco759up8d1iqk4029y4npn"},"from":{"blockId":"mvwxwrotxd31jb22vhgi4wzt","groupId":"rfgvsqcv1rd2sil3fxzrsqpr"}},{"id":"hqztgwac6ve5mhgtoqiu9n8p","to":{"groupId":"mz83wjsr4x8ewzr6iqqvy644"},"from":{"blockId":"ohqlumdl17hwx05wj798atzx","groupId":"drurlbq4vhs7pvfyr4q238o1"}},{"id":"h4cfza9ehwdrbostqdd4kbub","to":{"groupId":"z05tpj3k9jpdtbyivp70huxm"},"from":{"blockId":"cplzo9hyuqzsxpekuvw3vuip","groupId":"mz83wjsr4x8ewzr6iqqvy644"}},{"id":"dxq6liaxzixb1td7vfv4295y","to":{"groupId":"mz83wjsr4x8ewzr6iqqvy644"},"from":{"itemId":"sac1glf4zcuv8qicbq94hhsr","blockId":"hq94poscsdonc7ak3rfl4e4d","groupId":"z05tpj3k9jpdtbyivp70huxm"}},{"id":"q82vptfdalzvbu0r63wkzerj","to":{"groupId":"tm722tlfws7r11i7cpzs41kp"},"from":{"itemId":"jtxg6uhn1kz4810y80ze2wjm","blockId":"hx4qsdfby9bj99h5e0wl1drz","groupId":"ko4suf0c6yq3j3hi6n2nekd3"}},{"id":"q19njp0c42tg6qsh17k0plcr","to":{"groupId":"tm722tlfws7r11i7cpzs41kp"},"from":{"itemId":"qlj2qgz02bns4yroaiv97mfg","blockId":"hx4qsdfby9bj99h5e0wl1drz","groupId":"ko4suf0c6yq3j3hi6n2nekd3"}},{"id":"qz19w9tpon2lrrv4x5darex3","to":{"groupId":"tm722tlfws7r11i7cpzs41kp"},"from":{"itemId":"xvjvfxeqn6m4uv0xgejmpvu8","blockId":"hx4qsdfby9bj99h5e0wl1drz","groupId":"ko4suf0c6yq3j3hi6n2nekd3"}},{"id":"bgzhqeb5tei2q655s190o45t","to":{"groupId":"tm722tlfws7r11i7cpzs41kp"},"from":{"itemId":"e5zfsub9yyv7t7fmfcy6sfta","blockId":"hx4qsdfby9bj99h5e0wl1drz","groupId":"ko4suf0c6yq3j3hi6n2nekd3"}},{"id":"bp5ysrn2b2mq0l2owh37ya1w","to":{"groupId":"h196rb2t0wenkxf7cubs91je"},"from":{"blockId":"k9lazy3u5myx0cv2hzjtdiff","groupId":"tm722tlfws7r11i7cpzs41kp"}},{"id":"hz33h3vst8nmgiekad2azq45","to":{"groupId":"bns4sahbze2hyucf1n1l3lu8"},"from":{"blockId":"j8uwftchv5he82mb4wfl0j6s","groupId":"h196rb2t0wenkxf7cubs91je"}},{"id":"nbuzog0k3pds9jjaio4vx50p","to":{"groupId":"hcorhcmeb14ifs3gjx0ujh5b"},"from":{"itemId":"f18tjr1qw0zsajnchm5ztv2h","blockId":"nhvp1tlpi17y5fosnll96llc","groupId":"ccvqjgj64o5t9nw5d86q9x5p"}},{"id":"owmrpki162ilqe2qpzsmutv1","to":{"groupId":"my5nvdulemfm4arvvcuwc7yg"},"from":{"itemId":"xm5lr6aq0n1svlg303unmjeu","blockId":"nvsy1qgzp17tuon5i3v594zl","groupId":"fq85gs5jidmli8hft54x96rf"}},{"id":"kpdf8ppcrc2aiqlpm5nwtvc1","to":{"groupId":"my5nvdulemfm4arvvcuwc7yg"},"from":{"itemId":"uk92pqgt9s1c9kinczl3tcjw","blockId":"nvsy1qgzp17tuon5i3v594zl","groupId":"fq85gs5jidmli8hft54x96rf"}},{"id":"sghhg20m7h3a7lsc9gk5pevv","to":{"groupId":"my5nvdulemfm4arvvcuwc7yg"},"from":{"itemId":"ifbgvu95k8loc63i24ut016z","blockId":"nvsy1qgzp17tuon5i3v594zl","groupId":"fq85gs5jidmli8hft54x96rf"}},{"id":"lnd1i5hrjq2qb5axb3p5x2vr","to":{"groupId":"ko4suf0c6yq3j3hi6n2nekd3"},"from":{"itemId":"xz4p53b422w7szunbazyip7i","blockId":"lrq5drrbank7jjf8d01qufju","groupId":"vtigdc34s44pmsywx8zle78n"}},{"id":"aw3s4cavl5pwvp98z1wxk0rh","to":{"groupId":"ko4suf0c6yq3j3hi6n2nekd3"},"from":{"itemId":"uc1kybihc201l62d1q1d1lj6","blockId":"lrq5drrbank7jjf8d01qufju","groupId":"vtigdc34s44pmsywx8zle78n"}},{"id":"z6tvzxzy142lzq0hvs1cknvr","to":{"groupId":"ko4suf0c6yq3j3hi6n2nekd3"},"from":{"itemId":"zt0iqrxxruupokv4duvbqu41","blockId":"lrq5drrbank7jjf8d01qufju","groupId":"vtigdc34s44pmsywx8zle78n"}},{"id":"krpwid9gtr2timosdk666vsv","to":{"groupId":"drurlbq4vhs7pvfyr4q238o1"},"from":{"itemId":"e0cc58qf08or1ktixyl8vwmj","blockId":"pp5csqlwrqbi8cq8ww609dtf","groupId":"iaco759up8d1iqk4029y4npn"}},{"id":"cbylfil7m95b36jb0foocv05","to":{"groupId":"u7654sbi84acj72n590kelmm"},"from":{"itemId":"bxmt2vya781kcj70oiythlq6","blockId":"hx4qsdfby9bj99h5e0wl1drz","groupId":"ko4suf0c6yq3j3hi6n2nekd3"}},{"id":"l2ik6c6s2rlcowyvxpfcqi6s","to":{"groupId":"wofacso16hhyrjlhd2oanpa3"},"from":{"blockId":"zber2imomutb37w6virm74ix","groupId":"u7654sbi84acj72n590kelmm"}},{"id":"yrj7ytx9046w8sfk01rb9w3h","to":{"groupId":"tm722tlfws7r11i7cpzs41kp"},"from":{"itemId":"jqkzxvbu94hjnfohefuyfi31","blockId":"fx8xckq0vntl77cv2nt04je8","groupId":"wofacso16hhyrjlhd2oanpa3"}},{"id":"upsy0oxztmom71is1xzklju3","to":{"groupId":"tbx3s1o8s2hxnn3rf6b1a67b"},"from":{"itemId":"eoaycrcz8blruvql52vxb6qn","blockId":"fx8xckq0vntl77cv2nt04je8","groupId":"wofacso16hhyrjlhd2oanpa3"}},{"id":"f4vkjo98catrqixbrjyxlwax","to":{"groupId":"io11mq6xyywozibvmbgyauu4"},"from":{"blockId":"r25z8rozv9o7xrmvbeyp05ah","groupId":"tbx3s1o8s2hxnn3rf6b1a67b"}},{"id":"rs21g99diivyrgwaru76kvs7","to":{"groupId":"dtmc68z54dgazwq9kqfdgmzy"},"from":{"itemId":"mlv7rn64st9cgp2pclssogdh","blockId":"pp5csqlwrqbi8cq8ww609dtf","groupId":"iaco759up8d1iqk4029y4npn"}},{"id":"z4ankq4cm48ztrskk1fx9jc5","to":{"groupId":"hbcxq8c9bj7b88dzusv5xv72"},"from":{"itemId":"kef1pbcxpzwp3t06ufan3ade","blockId":"nhvp1tlpi17y5fosnll96llc","groupId":"ccvqjgj64o5t9nw5d86q9x5p"}},{"id":"btc13tx6qmgvvbm4gu03nj2g","to":{"groupId":"ccvqjgj64o5t9nw5d86q9x5p"},"from":{"itemId":"qb0easglcbmij2xlojze3oeq","blockId":"z3zadl3g66374vnmtshh1jf9","groupId":"bns4sahbze2hyucf1n1l3lu8"}},{"id":"vlslacfaerqogpfriberzw9x","to":{"groupId":"ccvqjgj64o5t9nw5d86q9x5p"},"from":{"itemId":"aje3lwjtcw8jbur4hgakj64m","blockId":"z3zadl3g66374vnmtshh1jf9","groupId":"bns4sahbze2hyucf1n1l3lu8"}},{"id":"giuqugk7vo0v3od7vmm1qrv1","to":{"groupId":"ccvqjgj64o5t9nw5d86q9x5p"},"from":{"itemId":"o0yqm9na5zwkjzrv5feti6n4","blockId":"z3zadl3g66374vnmtshh1jf9","groupId":"bns4sahbze2hyucf1n1l3lu8"}},{"id":"s4z5qrnxi2ksw2r9k2vvtlb7","to":{"groupId":"ccvqjgj64o5t9nw5d86q9x5p"},"from":{"itemId":"sp1b8cwmq6hgocu65dnnnlgg","blockId":"z3zadl3g66374vnmtshh1jf9","groupId":"bns4sahbze2hyucf1n1l3lu8"}},{"id":"sgpqnxwgnpxe87byqd2159vp","to":{"groupId":"fq85gs5jidmli8hft54x96rf"},"from":{"blockId":"w2g2pmv8w75v3qcpssk6eucb","groupId":"hcorhcmeb14ifs3gjx0ujh5b"}},{"id":"pxak8oy8a6qdek0gerunmfuy","to":{"groupId":"fq85gs5jidmli8hft54x96rf"},"from":{"blockId":"t87d529bbdcl3z0lioaneoew","groupId":"hbcxq8c9bj7b88dzusv5xv72"}},{"id":"fj0ic1qsix9134kgv27kvdvw","to":{"groupId":"exg4x3wdevuh2ep5dbmqhqi7"},"from":{"blockId":"h9fh0kgpy42x2rnp1hr09035","groupId":"fq85gs5jidmli8hft54x96rf"}},{"id":"uom28b04ci5xytugepxbk9vu","to":{"groupId":"my5nvdulemfm4arvvcuwc7yg"},"from":{"blockId":"i1gjuiifq3skwvpf5jyhv8hp","groupId":"exg4x3wdevuh2ep5dbmqhqi7"}},{"id":"ot57i878buep8fe93nylgpzi","to":{"groupId":"hbcxq8c9bj7b88dzusv5xv72"},"from":{"itemId":"nixegd4jn3jzflvds4gs0kha","blockId":"nhvp1tlpi17y5fosnll96llc","groupId":"ccvqjgj64o5t9nw5d86q9x5p"}},{"id":"gob37zmb5468jhzae8krqywh","to":{"groupId":"hcorhcmeb14ifs3gjx0ujh5b"},"from":{"itemId":"z59diowaawjwvrhfx2qgzrrm","blockId":"nhvp1tlpi17y5fosnll96llc","groupId":"ccvqjgj64o5t9nw5d86q9x5p"}},{"id":"t7cch2q1kuroxosd5a3nuy3b","to":{"groupId":"etktxf5ooqnwudxr06l2kqmq"},"from":{"blockId":"h3eu94xcaqlpn9wnwkek5a31","groupId":"dtmc68z54dgazwq9kqfdgmzy"}},{"id":"uhymn4eg76ps4uogi6lp8bqm","to":{"groupId":"wde3oudsnvplpb6g8s72ht7m"},"from":{"blockId":"t0njnmu7lbqdxcpa4e4cy9nu","groupId":"my5nvdulemfm4arvvcuwc7yg"}},{"id":"u7qemuvadjqv80djhmo4z7d8","to":{"groupId":"vtigdc34s44pmsywx8zle78n"},"from":{"itemId":"of8a5do1j5fhqboy9qu8jt8z","blockId":"hq94poscsdonc7ak3rfl4e4d","groupId":"z05tpj3k9jpdtbyivp70huxm"}}],"theme":{"chat":{"inputs":{"color":"#303235","backgroundColor":"#FFFFFF","placeholderColor":"#9095A0"},"buttons":{"color":"#FFFFFF","backgroundColor":"#ff6600"},"hostAvatar":{"url":"https://s3.fr-par.scw.cloud/typebot/public/typebots/cletcdsiy0007l508jo2usi2g/hostAvatar?v=1677905325949","isEnabled":true},"guestAvatar":{"isEnabled":false},"hostBubbles":{"color":"#303235","backgroundColor":"#F7F8FF"},"guestBubbles":{"color":"#FFFFFF","backgroundColor":"#ff6600"}},"general":{"font":"Open Sans","background":{"type":"Color","content":"#151313"}}},"settings":{"general":{"isBrandingEnabled":true,"isInputPrefillEnabled":true,"isResultSavingEnabled":true,"isHideQueryParamsEnabled":true,"isNewResultOnRefreshEnabled":true},"metadata":{"description":"Build beautiful conversational forms and embed them directly in your applications without a line of code. Triple your response rate and collect answers that has more value compared to a traditional form."},"typingEmulation":{"speed":300,"enabled":true,"maxDelay":1.5}}}