{"version":"6","id":"clntqer7n003nla0fjkqkuor7","name":"[Dgcode] [whatsapp] Pesquisa Satisfacao","events":[{"id":"c76ucoughhenpernmadu7ibg","outgoingEdgeId":"aovnigvk665gzhyzg7bxhvn0","graphCoordinates":{"x":-126.43,"y":220.29},"type":"start"}],"groups":[{"id":"nog2woqmvhssnnjlcpwd41k5","title":"Apresentação","graphCoordinates":{"x":771.26,"y":213},"blocks":[{"id":"potdr8jwrn6mnkjipynqjmhh","type":"Set variable","options":{"variableId":"vsu5or5sxes9lyuhsgcl3cuyd","type":"Random ID"}},{"id":"mcpyoq8x28bnwp23g7h1dbc1","type":"text","content":{"richText":[{"type":"p","children":[{"text":"Olá! {{pushName}} Bem-vindo(a) à nossa "},{"bold":true,"text":"pesquisa de satisfação"},{"text":"."}]}]}},{"id":"o0731ch0epj2vm2c5aoxyvw1","type":"text","content":{"richText":[{"type":"p","children":[{"text":"Meu nome é "},{"bold":true,"text":"🤖 Mike"},{"text":", estou aqui para ouvir sua opinião e experiência com nossos serviços."}]}]}},{"id":"twx683ok814enh3bwlaexe0t","type":"Wait","options":{"secondsToWaitFor":"5"}},{"id":"hgqbj5kmosz64cb435xqh0am","type":"text","content":{"richText":[{"type":"p","children":[{"text":"Sua opinião é fundamental para nos ajudar a melhorar!"}]}]}},{"id":"cbvgdo0jknjyzmvwe6o614ni","type":"text","content":{"richText":[{"type":"p","children":[{"text":"Vamos começar?"}]}]}},{"id":"vpj58atr9o534tjhhu0l0t0b","type":"Wait","options":{"secondsToWaitFor":"5"}},{"id":"nmhkn4jod3evk08tbq5vw3s3","type":"text","content":{"richText":[{"type":"p","children":[{"text":"Qual o seu nome?"}]}]}},{"id":"o8ijci5gdfsp6fpv07kwh8br","outgoingEdgeId":"vwx6ofz1ur8maxcbw8fk66x9","type":"text input","options":{"labels":{"placeholder":"Digite o seu nome","button":"Enviar"},"variableId":"vo40px5r6wg9vhs9fixd45kzn","isLong":false}}]},{"id":"j5co2kcotxafuxhzlj7u0qnn","title":"Qual seu email?","graphCoordinates":{"x":1236.92,"y":204.84},"blocks":[{"id":"he1367t9ssao735kidd86mna","type":"text","content":{"richText":[{"type":"p","children":[{"text":"Muito bem {{name}}, agora me informe seu endereço de email?"}]}]}},{"id":"qb8nwfs52g168tmnvp257b44","outgoingEdgeId":"v53mvhejcapb4a1zq98swq5b","type":"email input","options":{"variableId":"vr75l1drc5uoxvisje0hio5ph","labels":{"placeholder":"Digite o seu email","button":"Enviar"},"retryMessageContent":"Email incorreto!"}}]},{"id":"wtd0o382phaji7i7u2n8pody","title":"Pergunta 1","graphCoordinates":{"x":1692.4,"y":194.19},"blocks":[{"id":"zr69lw3bcmmkgahqq8og7shw","type":"text","content":{"richText":[{"type":"p","children":[{"text":"Em uma escala de 0 a 10, qual é o seu nível de satisfação geral com os serviços que nossa empresa fornece?"}]}]}},{"id":"ku0zpu43cbbnd7y0ai71ptde","outgoingEdgeId":"ed1x8zan90zvrpo9xk9moroe","type":"rating input","options":{"variableId":"vbfl3sqze2wzicn9l1n9ckjs4","buttonType":"Numbers","length":10,"labels":{"button":"Send"},"customIcon":{"isEnabled":false}}}]},{"id":"ylerbfc1l2o62j68g8ghegxt","title":"Pergunta 2","graphCoordinates":{"x":2156.14,"y":190.76},"blocks":[{"id":"l19jgtpln9al473dudr0gbzn","type":"text","content":{"richText":[{"type":"p","children":[{"text":"Em uma escala de 0 a 10, em que medida nossa empresa atendeu às suas expectativas em termos de qualidade do serviço prestado?"}]}]}},{"id":"kfxuc6p58cdzy1xcyp4i4ra7","outgoingEdgeId":"iy61ajcfl6ubbj7zghxeu6f7","type":"rating input","options":{"variableId":"vkgl2bfdbyms1dyc1s6efx678","buttonType":"Numbers","length":10,"labels":{"button":"Send"},"customIcon":{"isEnabled":false}}}]},{"id":"lbieknd0qp42pogsby5l82ww","title":"Pergunta 3","graphCoordinates":{"x":2605.34,"y":189.93},"blocks":[{"id":"y43s12dnoxh772c9o3pmnhxf","type":"text","content":{"richText":[{"type":"p","children":[{"text":"Você teve alguma dificuldade em se comunicar com nossa equipe de suporte ao cliente?"}]},{"type":"p","children":[{"text":""}]},{"type":"p","children":[{"text":"1 - Sim"}]},{"type":"p","children":[{"text":"2 - Não"}]}]}},{"id":"fb6ckchqp8vx9ypig07we6q4","type":"text input","options":{"labels":{"placeholder":"Responda com uma das opções","button":"Enviar"},"variableId":"vzhsu0uc4suqoz38kv3q891ma","isLong":false}},{"id":"b538q1mt18l6oddo397nh1m4","outgoingEdgeId":"ehcwqdrkc4025pui2y1s9390","type":"Condition","items":[{"id":"dwhc3ptqvktlgfvl17xg79s5","outgoingEdgeId":"w6ao5pi6wt0966tobkned56m","content":{"logicalOperator":"OR","comparisons":[{"id":"rln6ido55pzqyr9ihqp3r0oe","variableId":"vzhsu0uc4suqoz38kv3q891ma","comparisonOperator":"Matches regex","value":"^([Ss][IiÍí][Mm]|1)$"}]}},{"id":"cod3tkt16ry8ixm5u7rwxzm9","outgoingEdgeId":"wlfmh2g3j5avj75sa9q6rsab","content":{"logicalOperator":"OR","comparisons":[{"id":"n0dm7n4vyowa9bftkmu0ypud","variableId":"vzhsu0uc4suqoz38kv3q891ma","comparisonOperator":"Matches regex","value":"^([Nn][AaÃã][Oo]|2)$"}]}}]}]},{"id":"qzhp25b9f2lvt4yeniqvjkav","title":"Pergunta 4","graphCoordinates":{"x":3041.23,"y":187.11},"blocks":[{"id":"pos7njae2r35r29kcbyxtz2j","type":"text","content":{"richText":[{"type":"p","children":[{"text":"{{name}}, por favor, descreva o problema para que possamos melhorar."}]}]}},{"id":"ce2eodve0e4f2rubk4wv5jf1","outgoingEdgeId":"i11xudmpsb1tbsss7qoge6cm","type":"text input","options":{"labels":{"placeholder":"Descreva o problema","button":"Enviar"},"variableId":"vd6fm2i9shcdjz8bhhwbsdh6t","isLong":false}}]},{"id":"c8kh8eee1m3wyy372v4n6m1i","title":"Pergunta 5","graphCoordinates":{"x":3501.8,"y":179.58},"blocks":[{"id":"txqi87lwinpa0p5of0xmqxu6","type":"text","content":{"richText":[{"type":"p","children":[{"text":"Em uma escala de 0 a 10, como você avalia a capacidade da nossa empresa de cumprir os prazos acordados?"}]}]}},{"id":"mg2tmcmwnx3tap0hs4b7e0la","outgoingEdgeId":"c9nrzzcxt8w4dgk2sfez53n5","type":"rating input","options":{"variableId":"vz6lvahwo15dosvckdtkxduly","buttonType":"Numbers","length":10,"labels":{"button":"Enviar"},"customIcon":{"isEnabled":false}}}]},{"id":"tn8bcyughy9dsxhmjngrosvj","title":"Pergunta 6","graphCoordinates":{"x":3926.41,"y":186.15},"blocks":[{"id":"aema350m33n9dljopcsxn8q5","type":"text","content":{"richText":[{"type":"p","children":[{"text":"Você recomendaria nossos serviços para outras pessoas ou empresas?"}]},{"type":"p","children":[{"text":""}]},{"type":"p","children":[{"text":"1 - Sim"}]},{"type":"p","children":[{"text":"2 - Não"}]}]}},{"id":"wk4bkxbxcfu9skrzn8p8077u","type":"text input","options":{"labels":{"placeholder":"Responda com uma das opções","button":"Enviar"},"variableId":"vndjnalmnb3ez9beeon5tzrgq","isLong":false}},{"id":"n3j2dxaalkljl020o0o61ef9","outgoingEdgeId":"d3u83fikqplfy9ntva3sm7eg","type":"Condition","items":[{"id":"ifhm8cj8lsulhrarnfda2oal","outgoingEdgeId":"yu9762ttf5jn3bmhd6uzrsv8","content":{"logicalOperator":"OR","comparisons":[{"id":"rln6ido55pzqyr9ihqp3r0oe","variableId":"vndjnalmnb3ez9beeon5tzrgq","comparisonOperator":"Matches regex","value":"^([Ss][IiÍí][Mm]|1)$"}]}},{"id":"gxp6j3ouga4r0t8364tn8axs","outgoingEdgeId":"ji1y2o1hldhemto0ymwou09c","content":{"logicalOperator":"OR","comparisons":[{"id":"n0dm7n4vyowa9bftkmu0ypud","variableId":"vndjnalmnb3ez9beeon5tzrgq","comparisonOperator":"Matches regex","value":"^([Nn][AaÃã][Oo]|2)$"}]}}]}]},{"id":"nzkhdw3hdv550aepsxvk2a0u","title":"Pergunta 7","graphCoordinates":{"x":4352.64,"y":194.04},"blocks":[{"id":"io90onrpfrokejgkps94r3dj","type":"text","content":{"richText":[{"type":"p","children":[{"text":"Que pena {{name}}, por gentileza, nos conte o motivo?"}]}]}},{"id":"dj7dbgyjqk0a5u3jn6kzykb2","outgoingEdgeId":"k7vrrf5cfxopvmhsbf35bt3m","type":"text input","options":{"labels":{"placeholder":"Digite o motivo","button":"Enviar"},"variableId":"vept0w6tr0w7eyyi52hgq1r3c","isLong":false}}]},{"id":"jdz9w8vrz09vefk4wqrf0vwl","title":"Pergunta 8","graphCoordinates":{"x":4768.69,"y":201.49},"blocks":[{"id":"hndzyb58fqxudykajr22skla","type":"text","content":{"richText":[{"type":"p","children":[{"text":"Existe alguma sugestão que você gostaria de nos dar para melhorar nossos serviços?"}]},{"type":"p","children":[{"text":""}]},{"type":"p","children":[{"text":"1 - Sim"}]},{"type":"p","children":[{"text":"2 - Não"}]}]}},{"id":"ol9l8fdb3q65auykrn383q6d","type":"text input","options":{"labels":{"placeholder":"Responda com uma das opções","button":"Enviar"},"variableId":"vy5it60mewmth7mayzhlgmzf0","isLong":false}},{"id":"zderh9hqjkpuz58p79szfa1i","outgoingEdgeId":"amyrx4i2rm3cjksym5zvwd50","type":"Condition","items":[{"id":"lur26nqa8dv7m4jmmljpyyf1","outgoingEdgeId":"x2fzu1uuukp9cgmdzecp7mgk","content":{"logicalOperator":"OR","comparisons":[{"id":"rln6ido55pzqyr9ihqp3r0oe","variableId":"vy5it60mewmth7mayzhlgmzf0","comparisonOperator":"Matches regex","value":"^([Ss][IiÍí][Mm]|1)$"}]}},{"id":"aoj7e49zimwxng4o7bd6u00s","outgoingEdgeId":"mb1fg83gijikrafud2ml6zbn","content":{"logicalOperator":"OR","comparisons":[{"id":"n0dm7n4vyowa9bftkmu0ypud","variableId":"vy5it60mewmth7mayzhlgmzf0","comparisonOperator":"Matches regex","value":"^([Nn][AaÃã][Oo]|2)$"}]}}]}]},{"id":"c4k1ftb4rbynkb01ulwuh4qh","title":"Pergunta 9","graphCoordinates":{"x":5233.77,"y":205.27},"blocks":[{"id":"jqn5de3i29ygjyf6usbj117t","type":"text","content":{"richText":[{"type":"p","children":[{"text":"Qual seria a sua sugestão?"}]}]}},{"id":"wfucksh3yaeq21l7mnlnsx75","outgoingEdgeId":"u8c55of7l95fnz25gf7swt1m","type":"text input","options":{"labels":{"placeholder":"Deixe sua sugestão","button":"Enviar"},"variableId":"vhygxyvhu5l6r2uws1cbthmxm","isLong":false}}]},{"id":"vvyooiddvdbon0t21bvzdr7q","title":"Finalização","graphCoordinates":{"x":7067.06,"y":231.55},"blocks":[{"id":"efk089lhks1ev4khy38caner","type":"text","content":{"richText":[{"type":"p","children":[{"text":"Então {{name}}, agradecemos muito por dedicar um tempo para nos fornecer seu feedback."}]}]}},{"id":"pvu3g8vpqdi3aecu2u0in2d0","type":"text","content":{"richText":[{"type":"p","children":[{"text":"Sua opinião é muito importante para nós, e trabalharemos arduamente para melhorar ainda mais nossos serviços!"}]}]}},{"id":"wqe9r1ivjf0ikubqichufzsg","type":"Webhook","options":{"variablesForTest":[],"responseVariableMapping":[],"isAdvancedConfig":true,"isCustomBody":true}}]},{"id":"ffm0s2y4head3auw808hwfnx","title":"Retorna Pergunta 3","graphCoordinates":{"x":3040.8,"y":772.28},"blocks":[{"id":"ox70407atqtf1kwrszis4cix","type":"Set variable","options":{"variableId":"vzhsu0uc4suqoz38kv3q891ma","type":"Empty"}},{"id":"bcwkrcxtsc8drzwynb2igu0g","type":"Jump","options":{"groupId":"lbieknd0qp42pogsby5l82ww"}}]},{"id":"cf8r0wx0sgw6c9v79ebja1tj","title":"Retorna Pergunta 6","graphCoordinates":{"x":4360.16,"y":732.74},"blocks":[{"id":"e02yfpbpj298m1q9y4tb905i","type":"Set variable","options":{"variableId":"vndjnalmnb3ez9beeon5tzrgq","type":"Empty"}},{"id":"wjfe41oxiik0jgwcye7sczeu","type":"Jump","options":{"groupId":"tn8bcyughy9dsxhmjngrosvj"}}]},{"id":"b7zfnwcxvu28s98ii03isdae","title":"Retorna Pergunta 8","graphCoordinates":{"x":5213.21,"y":778},"blocks":[{"id":"j1xmpy60ggf162ej9a0rti4f","type":"Set variable","options":{"variableId":"vy5it60mewmth7mayzhlgmzf0","type":"Empty"}},{"id":"lk06yb9dvrctn2u9tx35n12c","type":"Jump","options":{"groupId":"jdz9w8vrz09vefk4wqrf0vwl"}}]},{"id":"z0idhsnqisrd695z0j1tnqvw","title":"Retorna Pergunta 10","graphCoordinates":{"x":6100.86,"y":819.65},"blocks":[{"id":"gs96ig682082mj4igcjjuh76","type":"Set variable","options":{"variableId":"vx6p4ivk4mnssvbhl30c5zng9","type":"Empty"}},{"id":"tihlp1xm8mvpdm3d0dqkwwx6","type":"Jump","options":{"groupId":"cs5kjnrcsh4bjiuvwf99agho"}}]},{"id":"qsrkmfsr04kayulair47gmn0","title":"Gera QRCODE pix","graphCoordinates":{"x":6607.75,"y":229.53},"blocks":[{"id":"qs1uxqm8jqla9uui43ofms65","type":"Webhook","options":{"variablesForTest":[],"responseVariableMapping":[{"id":"gcia6kdba4yydt14klsg8h6x","variableId":"vamn8ortov9nk1y04vczo375h","bodyPath":"data.qrcode_base64"}],"isAdvancedConfig":true,"isCustomBody":true}},{"id":"sz447ty7t4vreto9bf07h52i","type":"Set variable","options":{"variableId":"vamn8ortov9nk1y04vczo375h","type":"Custom","expressionToEvaluate":"if({{remoteJid}}){\n  return {{qrcode}}.replace('data:image/png;base64,', '');  \n}else{\n  return {{qrcode}}\n}\n"}},{"id":"c3wp5ic2wx9emj6kkii42xpj","type":"text","content":{"richText":[{"type":"p","children":[{"text":"Aqui está qrcode para sua contribuição de R$ {{question11}}, caso tenha dificuldade na leitura utilize a nossa chave:"}]},{"type":"p","children":[{"text":""}]},{"type":"p","children":[{"text":"Telefone: 7499879409"}]},{"type":"p","children":[{"text":"Em nome de: Davidson Oliveira Gomes"}]}]}},{"id":"jncggap4fivalzgntw3bfaom","type":"image","content":{"url":"{{qrcode}}"}},{"id":"chiz9utw18jvui4c2r0vsiqp","outgoingEdgeId":"cwlt91vwhr7gvgx0qx2mnxtr","type":"text","content":{"richText":[{"type":"p","children":[{"text":"Muito obrigado pela sua contribuição!"}]}]}}]},{"id":"cs5kjnrcsh4bjiuvwf99agho","title":"Pergunta 10","graphCoordinates":{"x":5708.94,"y":210.9},"blocks":[{"id":"axpk3aoauusbiy8av70fc2fo","type":"text","content":{"richText":[{"type":"p","children":[{"text":"Gostaria de fazer uma contribuição?"}]},{"type":"p","children":[{"text":""}]},{"type":"p","children":[{"text":"1 - Sim"}]},{"type":"p","children":[{"text":"2 - Não"}]}]}},{"id":"q136n37ja1g5dyhdeisur4rg","type":"text input","options":{"labels":{"placeholder":"Deixe sua resposta","button":"Enviar"},"variableId":"vx6p4ivk4mnssvbhl30c5zng9","isLong":false}},{"id":"xza6e0p4hgkfz1wvwcjss48s","outgoingEdgeId":"o746eh96sq2j7juionfql73t","type":"Condition","items":[{"id":"m5mvt5ecw81eevl428n56aji","outgoingEdgeId":"fe1wk4fc1xzt7mefasb2qzqz","content":{"logicalOperator":"OR","comparisons":[{"id":"rln6ido55pzqyr9ihqp3r0oe","variableId":"vx6p4ivk4mnssvbhl30c5zng9","comparisonOperator":"Matches regex","value":"^([Ss][IiÍí][Mm]|1)$"}]}},{"id":"bpcidulg0g7v8pwh3w9my880","outgoingEdgeId":"xg1zkpvob8ilx2r8p0kv604d","content":{"logicalOperator":"OR","comparisons":[{"id":"n0dm7n4vyowa9bftkmu0ypud","variableId":"vx6p4ivk4mnssvbhl30c5zng9","comparisonOperator":"Matches regex","value":"^([Nn][AaÃã][Oo]|2)$"}]}}]}]},{"id":"tq60r6azxrmn17b4y7mjovf5","title":"Pergunta 11","graphCoordinates":{"x":6158.94,"y":224.91},"blocks":[{"id":"o5fspfge731wt6m781nzjsll","type":"text","content":{"richText":[{"type":"p","children":[{"text":"Muito bem {{name}}, quanto você deseja contribuir?"}]}]}},{"id":"khncvmg5fcjsmu8tlmf8in6m","outgoingEdgeId":"ns2kch8n15uklzwf8kn4m0lb","type":"number input","options":{"variableId":"vhoqah2c0blbx92bfmd4gjnyx","labels":{"placeholder":"Digite um numero","button":"Enviar"},"min":1,"max":5000,"step":1}}]},{"id":"h0svx6gyzgjsclr9hbpo04v6","title":"Configurações Iniciais","graphCoordinates":{"x":312.08,"y":218.28},"blocks":[{"id":"na4zglpatkg8ejqcap8lcv69","type":"Set variable","options":{"variableId":"vp1ask55v2r58ukom5lek5hej","expressionToEvaluate":"https://d715-45-39-187-135.ngrok-free.app"}},{"id":"t2bdxy8x8fsn29yijk02ti43","type":"Set variable","options":{"variableId":"vtsldvs2u8ui93tktazy77djw","expressionToEvaluate":"0f1c6e17-5a6a-4989-8c12-a7e7350870fe"}},{"id":"rt5h0lk6jaoh5hzag0s5hidd","type":"Set variable","options":{"variableId":"vkg1qlinovziltaloqhso2cw7","expressionToEvaluate":"https://pix.dgcode.com.br"}},{"id":"mh758b8y8288t56s6wz73mht","type":"Set variable","options":{"variableId":"vpjyy2e2ha6mu5x10q0nowuz3","expressionToEvaluate":"Davidson Oliveira Gomes"}},{"id":"ri9kv80djsej7r51m8xfjhuk","type":"Set variable","options":{"variableId":"vicsm3nkvhssvfhgss2xce2ad","expressionToEvaluate":"Telefone"}},{"id":"ye4teva02mnxph0rvfszdnsn","type":"Set variable","options":{"variableId":"vlmflx32cjlz457h0uzdi706g","expressionToEvaluate":"74999879409"}},{"id":"hfz4hqzfe6wgje96ezb5kann","type":"Set variable","options":{"variableId":"veesfw943copg17w2qzdln9be","expressionToEvaluate":"Irece"}},{"id":"nd3yk369k7j73kws6exos0jw","outgoingEdgeId":"mb90csrzzep8qz2opcxmw736","type":"Set variable","options":{"variableId":"vavwvk4wgst506zdioplg4u8p","expressionToEvaluate":"TypeBot"}}]}],"edges":[{"id":"aovnigvk665gzhyzg7bxhvn0","from":{"eventId":"c76ucoughhenpernmadu7ibg"},"to":{"groupId":"h0svx6gyzgjsclr9hbpo04v6"}},{"id":"w6ao5pi6wt0966tobkned56m","from":{"blockId":"b538q1mt18l6oddo397nh1m4","itemId":"dwhc3ptqvktlgfvl17xg79s5"},"to":{"groupId":"qzhp25b9f2lvt4yeniqvjkav"}},{"id":"wlfmh2g3j5avj75sa9q6rsab","from":{"blockId":"b538q1mt18l6oddo397nh1m4","itemId":"cod3tkt16ry8ixm5u7rwxzm9"},"to":{"groupId":"tn8bcyughy9dsxhmjngrosvj"}},{"id":"yu9762ttf5jn3bmhd6uzrsv8","from":{"blockId":"n3j2dxaalkljl020o0o61ef9","itemId":"ifhm8cj8lsulhrarnfda2oal"},"to":{"groupId":"jdz9w8vrz09vefk4wqrf0vwl"}},{"id":"ji1y2o1hldhemto0ymwou09c","from":{"blockId":"n3j2dxaalkljl020o0o61ef9","itemId":"gxp6j3ouga4r0t8364tn8axs"},"to":{"groupId":"nzkhdw3hdv550aepsxvk2a0u"}},{"id":"x2fzu1uuukp9cgmdzecp7mgk","from":{"blockId":"zderh9hqjkpuz58p79szfa1i","itemId":"lur26nqa8dv7m4jmmljpyyf1"},"to":{"groupId":"c4k1ftb4rbynkb01ulwuh4qh"}},{"id":"d3u83fikqplfy9ntva3sm7eg","from":{"blockId":"n3j2dxaalkljl020o0o61ef9"},"to":{"groupId":"cf8r0wx0sgw6c9v79ebja1tj"}},{"id":"ehcwqdrkc4025pui2y1s9390","from":{"blockId":"b538q1mt18l6oddo397nh1m4"},"to":{"groupId":"ffm0s2y4head3auw808hwfnx"}},{"id":"mb1fg83gijikrafud2ml6zbn","from":{"blockId":"zderh9hqjkpuz58p79szfa1i","itemId":"aoj7e49zimwxng4o7bd6u00s"},"to":{"groupId":"cs5kjnrcsh4bjiuvwf99agho"}},{"id":"amyrx4i2rm3cjksym5zvwd50","from":{"blockId":"zderh9hqjkpuz58p79szfa1i"},"to":{"groupId":"b7zfnwcxvu28s98ii03isdae"}},{"id":"o746eh96sq2j7juionfql73t","from":{"blockId":"xza6e0p4hgkfz1wvwcjss48s"},"to":{"groupId":"z0idhsnqisrd695z0j1tnqvw"}},{"id":"fe1wk4fc1xzt7mefasb2qzqz","from":{"blockId":"xza6e0p4hgkfz1wvwcjss48s","itemId":"m5mvt5ecw81eevl428n56aji"},"to":{"groupId":"tq60r6azxrmn17b4y7mjovf5"}},{"id":"xg1zkpvob8ilx2r8p0kv604d","from":{"blockId":"xza6e0p4hgkfz1wvwcjss48s","itemId":"bpcidulg0g7v8pwh3w9my880"},"to":{"groupId":"vvyooiddvdbon0t21bvzdr7q"}},{"id":"cwlt91vwhr7gvgx0qx2mnxtr","from":{"blockId":"chiz9utw18jvui4c2r0vsiqp"},"to":{"groupId":"vvyooiddvdbon0t21bvzdr7q"}},{"id":"mb90csrzzep8qz2opcxmw736","from":{"blockId":"nd3yk369k7j73kws6exos0jw"},"to":{"groupId":"nog2woqmvhssnnjlcpwd41k5"}},{"id":"vwx6ofz1ur8maxcbw8fk66x9","from":{"blockId":"o8ijci5gdfsp6fpv07kwh8br"},"to":{"groupId":"j5co2kcotxafuxhzlj7u0qnn"}},{"id":"v53mvhejcapb4a1zq98swq5b","from":{"blockId":"qb8nwfs52g168tmnvp257b44"},"to":{"groupId":"wtd0o382phaji7i7u2n8pody"}},{"id":"ed1x8zan90zvrpo9xk9moroe","from":{"blockId":"ku0zpu43cbbnd7y0ai71ptde"},"to":{"groupId":"ylerbfc1l2o62j68g8ghegxt"}},{"id":"iy61ajcfl6ubbj7zghxeu6f7","from":{"blockId":"kfxuc6p58cdzy1xcyp4i4ra7"},"to":{"groupId":"lbieknd0qp42pogsby5l82ww"}},{"id":"i11xudmpsb1tbsss7qoge6cm","from":{"blockId":"ce2eodve0e4f2rubk4wv5jf1"},"to":{"groupId":"c8kh8eee1m3wyy372v4n6m1i"}},{"id":"c9nrzzcxt8w4dgk2sfez53n5","from":{"blockId":"mg2tmcmwnx3tap0hs4b7e0la"},"to":{"groupId":"tn8bcyughy9dsxhmjngrosvj"}},{"id":"k7vrrf5cfxopvmhsbf35bt3m","from":{"blockId":"dj7dbgyjqk0a5u3jn6kzykb2"},"to":{"groupId":"jdz9w8vrz09vefk4wqrf0vwl"}},{"id":"u8c55of7l95fnz25gf7swt1m","from":{"blockId":"wfucksh3yaeq21l7mnlnsx75"},"to":{"groupId":"cs5kjnrcsh4bjiuvwf99agho"}},{"id":"ns2kch8n15uklzwf8kn4m0lb","from":{"blockId":"khncvmg5fcjsmu8tlmf8in6m"},"to":{"groupId":"qsrkmfsr04kayulair47gmn0"}}],"variables":[{"id":"vo40px5r6wg9vhs9fixd45kzn","name":"name"},{"id":"vr75l1drc5uoxvisje0hio5ph","name":"email"},{"id":"vzhsu0uc4suqoz38kv3q891ma","name":"question3"},{"id":"vbfl3sqze2wzicn9l1n9ckjs4","name":"question1"},{"id":"vkgl2bfdbyms1dyc1s6efx678","name":"question2"},{"id":"vd6fm2i9shcdjz8bhhwbsdh6t","name":"question4"},{"id":"vz6lvahwo15dosvckdtkxduly","name":"question5"},{"id":"vndjnalmnb3ez9beeon5tzrgq","name":"question6"},{"id":"vept0w6tr0w7eyyi52hgq1r3c","name":"question7"},{"id":"vy5it60mewmth7mayzhlgmzf0","name":"question8"},{"id":"vhygxyvhu5l6r2uws1cbthmxm","name":"question9"},{"id":"vrdwfo2lpoei2fzlzazh4pp61","name":"pushName"},{"id":"vz1uq7t77aivpi5crwy6ifact","name":"remoteJid"},{"id":"vsu5or5sxes9lyuhsgcl3cuyd","name":"ID"},{"id":"vamn8ortov9nk1y04vczo375h","name":"qrcode"},{"id":"vx6p4ivk4mnssvbhl30c5zng9","name":"question10"},{"id":"vhoqah2c0blbx92bfmd4gjnyx","name":"question11"},{"id":"vpjyy2e2ha6mu5x10q0nowuz3","name":"me"},{"id":"vicsm3nkvhssvfhgss2xce2ad","name":"typePIX"},{"id":"vavwvk4wgst506zdioplg4u8p","name":"reference"},{"id":"vlmflx32cjlz457h0uzdi706g","name":"keyPIX"},{"id":"vkg1qlinovziltaloqhso2cw7","name":"apiURL"},{"id":"veesfw943copg17w2qzdln9be","name":"city"},{"id":"vp1ask55v2r58ukom5lek5hej","name":"evolutionURL"},{"id":"vtsldvs2u8ui93tktazy77djw","name":"evolutionToken"},{"id":"vpoyfwgfw4tbt4l4iy4homfoq","name":"instanceName"}],"theme":{"general":{"font":"Open Sans","background":{"type":"Color","content":"#171923"}},"chat":{"hostAvatar":{"isEnabled":true},"guestAvatar":{"isEnabled":false},"hostBubbles":{"backgroundColor":"#1e293b","color":"#ffffff"},"guestBubbles":{"backgroundColor":"#FF8E21","color":"#FFFFFF"},"buttons":{"backgroundColor":"#1a5fff","color":"#ffffff"},"inputs":{"backgroundColor":"#1e293b","color":"#ffffff","placeholderColor":"#9095A0"},"roundness":"large"}},"selectedThemeTemplateId":"typebot-dark","settings":{"general":{"isBrandingEnabled":true},"typingEmulation":{"enabled":true,"speed":300,"maxDelay":1.5},"metadata":{"description":"Sua opinião é fundamental para nos ajudar a melhorar!","imageUrl":"https://i.imgur.com/48TjKBb.jpg"}},"createdAt":"2023-10-17T02:55:17.315Z","updatedAt":"2023-10-17T02:55:17.315Z","icon":null,"folderId":null,"publicId":null,"customDomain":null,"workspaceId":"clnlsnu54001rkw0flabr564r","resultsTablePreferences":null,"isArchived":false,"isClosed":false,"whatsAppCredentialsId":null}