{"id":"clgwr0bt3001kjq0f0e5rf75t","version":"3","groups":[{"id":"xckh8m54ctpp7daevbjk9neg","title":"Start","blocks":[{"id":"te3928ob9aibgw379sw0as2r","type":"start","label":"Start","groupId":"xckh8m54ctpp7daevbjk9neg","outgoingEdgeId":"qagiywttcf088eh2xdp7l17v"}],"graphCoordinates":{"x":-397,"y":200}},{"id":"a6myln3hw82jagc2cqjoykyt","title":"Group #1","blocks":[{"id":"cwt33o61aaehin7i82glccf9","type":"text","content":{"richText":[{"type":"p","children":[{"text":"Bem vindo ao processo de aplicação para a sua sessão estratégica gratuita, onde vamos desenhar o seu "},{"bold":true,"text":"FUNIL AUTOMOTIVO"},{"text":" para vender mais veículos todos os meses."}]}]},"groupId":"a6myln3hw82jagc2cqjoykyt","outgoingEdgeId":"uqd72e57f0abmhkw1a3f152g"}],"graphCoordinates":{"x":27,"y":198.2}},{"id":"g86r0js0vv7lqnyalud37usc","title":"Group #2","blocks":[{"id":"c1ub4u9dc4ets72y3554c9cs","type":"text","content":{"richText":[{"type":"p","children":[{"text":"Esta é uma sessão GRATUITA e EXCLUSIVA para "},{"bold":true,"text":"DONOS DE LOJAS DE VEÍCULOS.  "},{"text":"Aplique apenas se for o seu caso."}]}]},"groupId":"g86r0js0vv7lqnyalud37usc","outgoingEdgeId":"of6kt65fz7zq2se7pran4bfl"}],"graphCoordinates":{"x":357.6,"y":245.4}},{"id":"inmw9hw5vixt4ul21b0zlu6s","title":"Group #3","blocks":[{"id":"gq9ixcankjol941q5e22uzo1","type":"text","content":{"richText":[{"type":"p","children":[{"bold":true,"text":"IMPORTANTE"},{"text":": A aplicação através deste formulário não garante uma vaga na Sessão Estratégica. Vou analisar cuidadosamente as aplicações e aceitar apenas quem tem capacidade de tirar valor desta sessão estratégica gratuita com meu time."}]}]},"groupId":"inmw9hw5vixt4ul21b0zlu6s"},{"id":"apq4bif1kvw2myoayyhzhcpi","type":"text","content":{"richText":[{"type":"p","children":[{"text":"leva uns 2 minutos, ok?"}]}]},"groupId":"inmw9hw5vixt4ul21b0zlu6s"},{"id":"tx7rin9zybvxhq1w214bkbr4","type":"choice input","items":[{"id":"u24xawb61ok32w24k5j2u1e0","type":0,"blockId":"tx7rin9zybvxhq1w214bkbr4","content":"APERTE AQUI para iniciar","outgoingEdgeId":"uy3939pm9m2toyg6qa3wmglb"}],"groupId":"inmw9hw5vixt4ul21b0zlu6s","options":{"buttonLabel":"Send","isSearchable":false,"isMultipleChoice":false,"searchInputPlaceholder":"Filter the options..."}}],"graphCoordinates":{"x":697.4,"y":244}},{"id":"ltiq4e9htd2tauqov0thxig5","title":"Group #5","blocks":[{"id":"j89mcqorgspwd4beoaoeegx3","type":"text","content":{"richText":[{"type":"p","children":[{"text":"Perfeito! Prazer ! Qual é o seu melhor E-mail?"}]}]},"groupId":"ltiq4e9htd2tauqov0thxig5","outgoingEdgeId":"wt3am3vrp753rf4xww8hwl6d"}],"graphCoordinates":{"x":1496,"y":408.4}},{"id":"r0lv5p6g07ir630chew767j4","title":"Email","blocks":[{"id":"q2xwtm0168klnb4nrple7h2k","type":"text","content":{"richText":[{"type":"p","children":[{"text":"(Só lembrando que vou mandar o link da sessão por lá)"}]}]},"groupId":"r0lv5p6g07ir630chew767j4"},{"id":"et2luew7fhe3gcorv1apknxk","type":"email input","groupId":"r0lv5p6g07ir630chew767j4","options":{"labels":{"button":"Enviar","placeholder":"Digite seu e-mail aqui..."},"retryMessageContent":"This email doesn't seem to be valid. Can you type it again?"},"outgoingEdgeId":"qdburwug3royecqmspei0chv"}],"graphCoordinates":{"x":1817,"y":420.8}},{"id":"i71mpn8qw9awa1b5ngg04suu","title":"Group #8","blocks":[{"id":"zjgwq3jg8bi2yn6u4uapx2bx","type":"text","content":{"html":"<div>Qual seu <span class=\"slate-bold\">número de Whatsapp?</span></div>","richText":[{"type":"p","children":[{"text":"Qual seu "},{"bold":true,"text":"número de Whatsapp?"}]}],"plainText":"Qual seu número de Whatsapp?"},"groupId":"i71mpn8qw9awa1b5ngg04suu","outgoingEdgeId":"p21ist7acb459hwm75qw49u3"}],"graphCoordinates":{"x":2247.8,"y":496.8}},{"id":"m7gi1gu0ncfhifljjprolfa7","title":"Número","blocks":[{"id":"avmf5ag1hfyeiuyz61bqy3mr","type":"text","content":{"html":"<div><span class=\"slate-bold\">Importante: </span>Para que eu consiga entrar em contato pra te avisar sobre sua aprovação.</div>","richText":[{"type":"p","children":[{"bold":true,"text":"Importante: "},{"text":"Para que eu consiga entrar em contato pra te avisar sobre sua aprovação."}]}],"plainText":"Importante: Para que eu consiga entrar em contato pra te avisar sobre sua aprovação."},"groupId":"m7gi1gu0ncfhifljjprolfa7"},{"id":"p8c1o5udh6mb3uhvhhb3bcis","type":"phone number input","groupId":"m7gi1gu0ncfhifljjprolfa7","options":{"labels":{"button":"Enviar","placeholder":"Digite aqui seu número de telefone com DDD"},"defaultCountryCode":"BR","retryMessageContent":"O número que você colocou está correto? (Um número errado pode fazer você perder sua vaga)"},"outgoingEdgeId":"lj9hkmkc8q4inbs6zn3w28iw"}],"graphCoordinates":{"x":2584.8,"y":592.8}},{"id":"uc5u7a7cnnxcu68jciowwyne","title":"Cargo","blocks":[{"id":"xgircn4xiy2uc6q8qfqwjfin","type":"text","content":{"html":"<div>Maravilha!</div>","richText":[{"type":"p","children":[{"text":"Maravilha!"}]}],"plainText":"Maravilha!"},"groupId":"uc5u7a7cnnxcu68jciowwyne"},{"id":"av3qht0kn0pl9sb47cz28hux","type":"text","content":{"richText":[{"type":"p","children":[{"text":"Show, {{Nome}} essa sessão é EXCLUSIVA para donos de Lojas de Veículos, você é dono?"}]}]},"groupId":"uc5u7a7cnnxcu68jciowwyne"},{"id":"l63g5c82judzh93jumr1xxax","type":"choice input","items":[{"id":"m5zrqjjt3t8uy621rey1sj8h","type":0,"blockId":"l63g5c82judzh93jumr1xxax","content":"Sim","outgoingEdgeId":"z00l1pb56xcwgz3pnz47oe4i"},{"id":"wumq1v01ztk9z2lfyoqiec2a","type":0,"blockId":"l63g5c82judzh93jumr1xxax","content":"Não","outgoingEdgeId":"iheb3c46162iedq4f8k0v8mn"}],"groupId":"uc5u7a7cnnxcu68jciowwyne","options":{"buttonLabel":"Send","isSearchable":false,"isMultipleChoice":false,"searchInputPlaceholder":"Filter the options..."}}],"graphCoordinates":{"x":3921.2,"y":786.8}},{"id":"hlbwd08dt2iubk8ttr62q6ta","title":"Link do site","blocks":[{"id":"nhqsc67ix97zjptf2ce0typl","type":"text","content":{"richText":[{"type":"p","children":[{"text":"Show, qual o @ do Instagram da sua loja? "}]}]},"groupId":"hlbwd08dt2iubk8ttr62q6ta"},{"id":"q1ndtosompyn69tuo51z54t2","type":"text input","groupId":"hlbwd08dt2iubk8ttr62q6ta","options":{"isLong":false,"labels":{"button":"Send","placeholder":"Digite aqui..."}},"outgoingEdgeId":"imcpd1xdcy1gs6sttap7adkp"}],"graphCoordinates":{"x":3114.6,"y":692}},{"id":"l0v4ajenefmx652h33tsh0vk","title":"Faturamento","blocks":[{"id":"fna33hm6962ugesuuasxu7ro","type":"text","content":{"richText":[{"type":"p","children":[{"text":"Para continuar, farei algumas perguntas sobre sua empresa daqui pra frente."}]}]},"groupId":"l0v4ajenefmx652h33tsh0vk"},{"id":"w1g8srpu8pk293hzer5aoctb","type":"text","content":{"richText":[{"type":"p","children":[{"text":"Geralmente quantos veículos vocês já vendem mensalmente?"}]}]},"groupId":"l0v4ajenefmx652h33tsh0vk"},{"id":"u189ibwfk4uwm51ladyesjo5","type":"choice input","items":[{"id":"nkkzg60gur1drew0mtk73i6z","type":0,"blockId":"u189ibwfk4uwm51ladyesjo5","content":"Vendo de 0 a 5 veículos mensalmente","outgoingEdgeId":"gi9v05sf2npzcsr6d6n06475"},{"id":"fqjae6lnmhuqq8akn4ts1s06","type":0,"blockId":"u189ibwfk4uwm51ladyesjo5","content":"Vendo de 5 a 10 veículos mensalmente","outgoingEdgeId":"lm9nqd9dx5n44h88dldi9lkt"},{"id":"s5jckx9pw8vvhg8n5iyladjj","type":0,"blockId":"u189ibwfk4uwm51ladyesjo5","content":"Vendo de 10 a 20 veículos mensalmente","outgoingEdgeId":"uaije1oqd5fkd1221i87oclj"},{"id":"zwbz4hp5li6n893noqcsvkwv","type":0,"blockId":"u189ibwfk4uwm51ladyesjo5","content":"Vendo de 20 a 50 veículos mensalmente","outgoingEdgeId":"hc8511o2vnyzm38130v01wfs"},{"id":"g1tc9npwym2j0dq3bgyp9thr","type":0,"blockId":"u189ibwfk4uwm51ladyesjo5","content":"Vendo mais de 50 veículos mensalmente","outgoingEdgeId":"rgc8ckncgud9tw2j2vaxu56b"}],"groupId":"l0v4ajenefmx652h33tsh0vk","options":{"buttonLabel":"Enviar","isMultipleChoice":false}}],"graphCoordinates":{"x":4898.6,"y":946.6}},{"id":"cdbxblp4sebus8stu3lga1is","title":"Group #24","blocks":[{"id":"q4ey5bp1zw34lqov1wg9z3c8","type":"text","content":{"html":"<div>Maravilha!</div>","richText":[{"type":"p","children":[{"text":"Maravilha!"}]}],"plainText":"Maravilha!"},"groupId":"cdbxblp4sebus8stu3lga1is","outgoingEdgeId":"vwvzvnq6gh23n3ja9dgfvkv5"}],"graphCoordinates":{"x":5777,"y":1733.8}},{"id":"noiiipl193hqo2olh39m0aa8","title":"Investimento","blocks":[{"id":"rgtjaij7lusfw64ool3stgfb","type":"text","content":{"richText":[{"type":"p","children":[{"text":"Show teste... "},{"bold":true,"text":"ESTAMOS QUASE ACABANDO!"}]}]},"groupId":"noiiipl193hqo2olh39m0aa8"},{"id":"zxrapb5oychays1l6t9m9f1p","type":"text","content":{"richText":[{"type":"p","children":[{"text":"{{Nome}}, se você tiver a solução perfeita para aumentar o seu faturamento hoje, quanto está disposto a investir?"}]}]},"groupId":"noiiipl193hqo2olh39m0aa8"},{"id":"ik66g0ht4nytv16i8477am71","type":"choice input","items":[{"id":"le5pq2icl6f5aiygvlmauf1m","type":0,"blockId":"ik66g0ht4nytv16i8477am71","content":"Abaixo de R$1.000,00","outgoingEdgeId":"wr1qf8zvdmxnwq0xd0ld39at"},{"id":"rxw9relky2y93k00kkxeoh0t","type":0,"blockId":"ik66g0ht4nytv16i8477am71","content":"De R$1.000,00 a R$2.000,00","outgoingEdgeId":"ujfj0v5vlenjcxt9bdeb0ugc"},{"id":"y9p3p4fjxszm4b2wcajz1cno","type":0,"blockId":"ik66g0ht4nytv16i8477am71","content":"De R$ 2.000,00 a R$ 5.000,00","outgoingEdgeId":"u4anm5absbsyzvwcwwemn8e2"},{"id":"mb5d2myy178ar6bzjblloykr","type":0,"blockId":"ik66g0ht4nytv16i8477am71","content":"De R$ 5.000,00 a R$ 7.000,00","outgoingEdgeId":"pba4kj80eca3ym9s170lu42y"},{"id":"y0fm4268njl6wp1a8ojxn02x","type":0,"blockId":"ik66g0ht4nytv16i8477am71","content":"De R$ 7.000,00 a R$ 10.000,00","outgoingEdgeId":"ezrsohog99q14y8tgc88kwvk"},{"id":"wo7ixq9nvw47766gcy9zh5k9","type":0,"blockId":"ik66g0ht4nytv16i8477am71","content":"De R$ 10.000,00 a R$ 20.000,00","outgoingEdgeId":"g3p7s9qfhg432k3vsnvsmn3f"},{"id":"khm2e9mfw7ay5pkewjtio6kk","type":0,"blockId":"ik66g0ht4nytv16i8477am71","content":"Mais de R$ 20.000,00","outgoingEdgeId":"o4b0vmxho6zk4y95apxq29xt"}],"groupId":"noiiipl193hqo2olh39m0aa8","options":{"buttonLabel":"Send","isMultipleChoice":false}}],"graphCoordinates":{"x":6158,"y":1577.6}},{"id":"g75f8pkc68xwm91pebs8qcdw","title":"Insight","blocks":[{"id":"hfspladnkkpaip4c6e0dzkg7","type":"text","content":{"html":"<div>Qual das opções abaixo melhor descreve seu momento atual?</div>","richText":[{"type":"p","children":[{"text":"Qual das opções abaixo melhor descreve seu momento atual?"}]}],"plainText":"Qual das opções abaixo melhor descreve seu momento atual?"},"groupId":"g75f8pkc68xwm91pebs8qcdw"},{"id":"v3qncgssshfqkdbouw2hkcga","type":"choice input","items":[{"id":"mliw6qs9jps2diu43mv6o7lp","type":0,"blockId":"v3qncgssshfqkdbouw2hkcga","content":"Ouvi falar que o campanhas de marketing podem ajudar a minha empresa","outgoingEdgeId":"xzapirqso2dorpd5kjpii4wu"},{"id":"m2v9evthl08cq1hgk1d5wez0","type":0,"blockId":"v3qncgssshfqkdbouw2hkcga","content":"Acredito que o marketing é bom para a minha empresa, mas preciso saber mais...","outgoingEdgeId":"oqmjvlm2zl1nia540k7n0jxq"},{"id":"w8ij6rb6mqc63v5ofn2gaqzk","type":0,"blockId":"v3qncgssshfqkdbouw2hkcga","content":"Estou escolhendo uma empresa de marketing para contratar","outgoingEdgeId":"sp2gdkk5g6ijatdu1ulm5i6h"}],"groupId":"g75f8pkc68xwm91pebs8qcdw","options":{"buttonLabel":"Send","isMultipleChoice":false}}],"graphCoordinates":{"x":6877.2,"y":1787.4}},{"id":"bk17peaawtryvw2j3uw8glfz","title":"Group #27","blocks":[{"id":"rb3vsslsdnuzridu30khr71b","type":"text","content":{"html":"<div>{{Nome}}, temos boas noticias!</div>","richText":[{"type":"p","children":[{"text":"{{Nome}}, temos boas noticias!"}]}],"plainText":"{{Nome}}, temos boas noticias!"},"groupId":"bk17peaawtryvw2j3uw8glfz"},{"id":"v299l643tzenrbxx00uti6fj","type":"Zapier","groupId":"bk17peaawtryvw2j3uw8glfz","options":{"isCustomBody":false,"isAdvancedConfig":false,"variablesForTest":[],"responseVariableMapping":[]},"webhookId":"tz38bnm1p611zv9lpzdwgryj"},{"id":"wjml50q5k6f1n9fz13lw65up","type":"Make.com","groupId":"bk17peaawtryvw2j3uw8glfz","options":{"isCustomBody":false,"isAdvancedConfig":false,"variablesForTest":[],"responseVariableMapping":[]},"webhookId":"st5ild88idfx8a0mdg6ysvec","outgoingEdgeId":"w4yf4y79s7dkv4p2m2pzkvg7"}],"graphCoordinates":{"x":7264.2,"y":1873.4}},{"id":"lpsn6o3jtht8cx44bo1w80wl","title":"Group #29","blocks":[{"id":"q2sovrnnr03wh079tmja8ps2","type":"text","content":{"richText":[{"type":"p","children":[{"text":"Iremos te chamar em poucos instantes por Ligação ou WhatsApp pelo número "},{"bold":true,"text":"+55 (62) 9197-9617"}]},{"type":"p","children":[{"text":"(Fique atento ao seu celular)"}]}]},"groupId":"lpsn6o3jtht8cx44bo1w80wl","outgoingEdgeId":"acshk08hiaxbok7hw3v1f6ou"}],"graphCoordinates":{"x":8038,"y":2000.8}},{"id":"sp3oyzi8216m8eqztmi86csz","title":"Group #30","blocks":[{"id":"yh62msc0ifdcf09sfu2tfqt6","type":"text","content":{"html":"<div>No entanto</div><div>Basta esperar que te encaminharemos para a página de agendamento, onde você poderá escolher o melhor horário.</div><div></div><div>Lembrando: uma vez escolhido um horário, não aceitaremos reagendamento.</div>","richText":[{"type":"p","children":[{"text":"No entanto"}]},{"type":"p","children":[{"text":"Basta esperar que te encaminharemos para a página de agendamento, onde você poderá escolher o melhor horário."}]},{"type":"p","children":[{"text":""}]},{"type":"p","children":[{"text":"Lembrando: uma vez escolhido um horário, não aceitaremos reagendamento."}]}],"plainText":"No entanto\nBasta esperar que te encaminharemos para a página de agendamento, onde você poderá escolher o melhor horário.\n\nLembrando: uma vez escolhido um horário, não aceitaremos reagendamento."},"groupId":"sp3oyzi8216m8eqztmi86csz","outgoingEdgeId":"bd1g9rpxgwxwkxj6bbtjgk95"}],"graphCoordinates":{"x":8458,"y":2035.2}},{"id":"df3to22njw9c76a92yrghzd3","title":"Group #31","blocks":[{"id":"azdvkql85416ru7g63ljvh2l","type":"Wait","groupId":"df3to22njw9c76a92yrghzd3","options":{"secondsToWaitFor":"5"}},{"id":"dzygpjs593q0qkuvmytf1m10","type":"Redirect","groupId":"df3to22njw9c76a92yrghzd3","options":{"url":"https://imperialcommerce.com.br/cadastro/","isNewTab":false}}],"graphCoordinates":{"x":8847.2,"y":2321.8}},{"id":"drev9cqk3tkdbb2prrs30f2m","title":"Group #18","blocks":[{"id":"piv7ta8jf6cbiyjf14jx9g3c","type":"text","content":{"richText":[{"type":"p","children":[{"text":"Você foi aceito! ✅"}]},{"type":"p","children":[{"text":"A Sessão estratégica vai te ajudar muito a clarear seus processo como um todo."}]},{"type":"p","children":[{"text":"🔴 Então preste atenção 🔴"}]}]},"groupId":"drev9cqk3tkdbb2prrs30f2m","outgoingEdgeId":"b3tp50zebtv97j2q35q3w43m"}],"graphCoordinates":{"x":7623,"y":1928}},{"id":"ftybxe4v4csn4jl7fk45syps","title":"NOME","blocks":[{"id":"ufggbzn6kdyspip5i4viwm06","type":"text","content":{"richText":[{"type":"p","children":[{"text":"Gostaria de te conhecer melhor. Qual o seu nome?"}]}]},"groupId":"ftybxe4v4csn4jl7fk45syps"},{"id":"lrir3yzd4pmr18s2di3tb9pb","type":"text input","groupId":"ftybxe4v4csn4jl7fk45syps","options":{"isLong":false,"labels":{"button":"Enviar","placeholder":"Digite seu nome e sobrenome aqui..."},"variableId":"vsttp5xwcgcaxiqe592pnkdef"},"outgoingEdgeId":"a0cqbqx1pwtn97sslhesrj30"}],"graphCoordinates":{"x":1122,"y":324}},{"id":"hnnkai6n3yuunvxzw4ifx701","title":"Como vende","blocks":[{"id":"vim699w57ub8zrlhsufjx4i5","type":"text","content":{"richText":[{"type":"p","children":[{"text":"{{Nome}}, me conta mais sobre qual a sua principal fonte de aquisição de clientes na empresa?"}]}]},"groupId":"hnnkai6n3yuunvxzw4ifx701"},{"id":"gau66i4aoz3wyi8fic3zqxy5","type":"choice input","items":[{"id":"m7jhx6otncamdb0al31jtxlq","type":0,"blockId":"gau66i4aoz3wyi8fic3zqxy5","content":"Tráfego Pago","outgoingEdgeId":"nfe9tk2s7pxfmva1adr6fysl"},{"id":"b23o09hy1nb62f23dnu15di7","type":0,"blockId":"gau66i4aoz3wyi8fic3zqxy5","content":"Indicação","outgoingEdgeId":"mhak0qncl58qpmbi9x9s5vuf"},{"id":"udh9a2jw1p8k3dhr7hikgj4a","type":0,"blockId":"gau66i4aoz3wyi8fic3zqxy5","content":"Webmotors, OLX, Marketplaces...","outgoingEdgeId":"w0kv212osrfi2ydnu8t880w1"}],"groupId":"hnnkai6n3yuunvxzw4ifx701","options":{"buttonLabel":"Send","isSearchable":false,"isMultipleChoice":false,"searchInputPlaceholder":"Filter the options..."}}],"graphCoordinates":{"x":5344,"y":1413}},{"id":"zjdgifq5di1werft9rpambkb","title":"Investimento em tráfego","blocks":[{"id":"l5sd6yjdkaqzgh4743rjw55x","type":"text","content":{"richText":[{"type":"p","children":[{"text":"Perfeito, quanto precisamente você investe em tráfego pago por mês?"}]}]},"groupId":"zjdgifq5di1werft9rpambkb"},{"id":"lm3n8wweuvct0bc60k9j6k3l","type":"text input","groupId":"zjdgifq5di1werft9rpambkb","options":{"isLong":false,"labels":{"button":"Enviar","placeholder":"Digite aqui..."}},"outgoingEdgeId":"bh7yp0dhnhqqkvt4bkehvry2"}],"graphCoordinates":{"x":5773,"y":1359}},{"id":"fvt8p2z4oak52usw03y3hjhj","title":"Group #22","blocks":[{"id":"fl4gl0madaru7z3lz8jv436d","type":"text","content":{"richText":[{"type":"p","children":[{"text":"Nossos clientes hoje investem a partir de R$1.500/mês pelos nossos serviços + investimentos nos anúncios (indicamos iniciar  no mínimo R$1.500,00 também)"}]}]},"groupId":"fvt8p2z4oak52usw03y3hjhj"},{"id":"dm26pic1e0iixh7na8pwxm3x","type":"text","content":{"richText":[{"type":"p","children":[{"text":"Caso você se identifique com o "},{"bold":true,"text":"MÉTODO FUNIL AUTOMOTIVO"},{"text":" que vamos aplicar para te ajudar "},{"bold":true,"text":"a atrair leads qualificados e vender mais"},{"text":", você conseguiria encaixar esse valor no seu orçamento ou está fora da sua realidade neste momento?"}]}]},"groupId":"fvt8p2z4oak52usw03y3hjhj"},{"id":"bu7m725eg1b3jbylgrn6pst6","type":"choice input","items":[{"id":"y8vxs8244evicjerf1aiabwk","type":0,"blockId":"bu7m725eg1b3jbylgrn6pst6","content":"Se eu gostar posso encaixar no meu financeiro","outgoingEdgeId":"fevky55q68x9pdyvsbte65ef"},{"id":"eum3kk07nf6n4u1h63idol7e","type":0,"blockId":"bu7m725eg1b3jbylgrn6pst6","content":"No momento, este valor está fora da minha realidade","outgoingEdgeId":"h369foqlh370jsokczpuwpux"}],"groupId":"fvt8p2z4oak52usw03y3hjhj","options":{"buttonLabel":"Send","isSearchable":false,"isMultipleChoice":false,"searchInputPlaceholder":"Filter the options..."}}],"graphCoordinates":{"x":6531,"y":890}},{"id":"yju5nv0n0s3auasmv436a2da","title":"Group #23","blocks":[{"id":"qqix9iw2brw4pzp9mzoz06ss","type":"text","content":{"richText":[{"type":"p","children":[{"text":"Com isso você teria um custo mínimo mensal de R$3.000,00"}]}]},"groupId":"yju5nv0n0s3auasmv436a2da"},{"id":"izx3dyqy2o6jtdaq14yk1553","type":"choice input","items":[{"id":"rlwo4cbh5vvjzx3h79ymsq9s","type":0,"blockId":"izx3dyqy2o6jtdaq14yk1553","content":"Ok, consigo encaixar no meu financeiro","outgoingEdgeId":"ngtnb1cdhai3etd4wpnfv2r4"},{"id":"co2zh1f6h8dn5cqgks54hk31","type":0,"blockId":"izx3dyqy2o6jtdaq14yk1553","content":"Acredito que está fora da minha realidade","outgoingEdgeId":"npvpflgt9qfkwhk0iuze1ss7"}],"groupId":"yju5nv0n0s3auasmv436a2da","options":{"buttonLabel":"Send","isSearchable":false,"isMultipleChoice":false,"searchInputPlaceholder":"Filter the options..."}}],"graphCoordinates":{"x":6942,"y":1253}},{"id":"p2uqzn610sg4a89d4ksiovqx","title":"Group #24","blocks":[{"id":"pjhlls4vr80s12eo11gzi8qs","type":"text","content":{"richText":[{"type":"p","children":[{"text":"Olha, analisando as informações que foram passadas, infelizmente não conseguimos te ajudar com nossos serviços mensais."}]}]},"groupId":"p2uqzn610sg4a89d4ksiovqx"},{"id":"iq6xy4jes33s16v2bkut9gkw","type":"text","content":{"richText":[{"type":"p","children":[{"text":"Mas temos uma solução caso queira aprender e aplicar o Método Funil Automotivo você mesmo, me acompanha no instagram, lá falo um pouco sobre nosso método e posto dicas gratuitas que podem te ajudar a vender mais... Vou te redirecionar para lá..."}]}]},"groupId":"p2uqzn610sg4a89d4ksiovqx"},{"id":"ayeu586uc31xu0n46ljlu8mf","type":"Wait","groupId":"p2uqzn610sg4a89d4ksiovqx","options":{"secondsToWaitFor":"5"}},{"id":"ozr7jpr5v5xz49828jggxngw","type":"Redirect","groupId":"p2uqzn610sg4a89d4ksiovqx","options":{"url":"https://www.instagram.com/ovictormaia_/","isNewTab":false}}],"graphCoordinates":{"x":7338,"y":1192}},{"id":"jyf0wympx134oppsx64scoqe","title":"Group #25","blocks":[{"id":"qax3s04y1h12sp72b68my1po","type":"text","content":{"richText":[{"type":"p","children":[{"text":"Agradecemos seu contato, infelizmente não conseguimos te atender. "}]}]},"groupId":"jyf0wympx134oppsx64scoqe"},{"id":"qwfi5zrqj6belirbjh33dos2","type":"text","content":{"richText":[{"type":"p","children":[{"text":"Mas, se você for vendedor e quiser acelerar os resultados de loja que trabalha eu posso te ajudar."}]}]},"groupId":"jyf0wympx134oppsx64scoqe"},{"id":"z33ddhdosfvymqoydckmb1i9","type":"text","content":{"richText":[{"type":"p","children":[{"text":"Me mande um direct com \"Sou vendedor de loja de veículos\"  que irei te explicar melhor"}]}]},"groupId":"jyf0wympx134oppsx64scoqe"},{"id":"yyajeir94az9g5346mjeogyh","type":"text","content":{"richText":[{"type":"p","children":[{"text":"Aguarde... você está redirecionado  para meu instagram..."}]}]},"groupId":"jyf0wympx134oppsx64scoqe"},{"id":"qtck7zh9dejfkj1d7t8mtor3","type":"Wait","groupId":"jyf0wympx134oppsx64scoqe","options":{"secondsToWaitFor":"5"}},{"id":"vg6xyvvwa11eofvk2o7id9bd","type":"Redirect","groupId":"jyf0wympx134oppsx64scoqe","options":{"url":"https://www.instagram.com/ovictormaia_/","isNewTab":false}}],"graphCoordinates":{"x":3660,"y":1429}},{"id":"vffe4dmd5ws1vnwocbqa4c5d","title":"Group #26","blocks":[{"id":"itfhag1r8xyrchjff6ury885","type":"text","content":{"richText":[{"type":"p","children":[{"text":"Qual a área de atuação da sua empresa?"}]}]},"groupId":"vffe4dmd5ws1vnwocbqa4c5d"},{"id":"e1cpg30fj9zvvjtpghwy7ax3","type":"choice input","items":[{"id":"w1nolkkzwsazx5qy7bi85yw9","type":0,"blockId":"e1cpg30fj9zvvjtpghwy7ax3","content":"Loja de veículos (Multimarcas)","outgoingEdgeId":"bk5ewu9ojabu1hkzf1vusb3q"},{"id":"zpideezxap70w1wij2xjs0wp","type":0,"blockId":"e1cpg30fj9zvvjtpghwy7ax3","content":"Concessionária","outgoingEdgeId":"o91bdqc95kjcvyrwkrd93xey"},{"id":"nx3f8fjmtiok5urhnpnwdbh7","type":0,"blockId":"e1cpg30fj9zvvjtpghwy7ax3","content":"Garagem","outgoingEdgeId":"ep67247necrogrj2hw6jxre1"}],"groupId":"vffe4dmd5ws1vnwocbqa4c5d","options":{"buttonLabel":"Send","isSearchable":false,"isMultipleChoice":false,"searchInputPlaceholder":"Filter the options..."}}],"graphCoordinates":{"x":4405,"y":906}}],"variables":[{"id":"vsttp5xwcgcaxiqe592pnkdef","name":"Nome"}],"edges":[{"id":"uqd72e57f0abmhkw1a3f152g","to":{"groupId":"g86r0js0vv7lqnyalud37usc"},"from":{"blockId":"cwt33o61aaehin7i82glccf9","groupId":"a6myln3hw82jagc2cqjoykyt"}},{"id":"of6kt65fz7zq2se7pran4bfl","to":{"groupId":"inmw9hw5vixt4ul21b0zlu6s"},"from":{"blockId":"c1ub4u9dc4ets72y3554c9cs","groupId":"g86r0js0vv7lqnyalud37usc"}},{"id":"qagiywttcf088eh2xdp7l17v","to":{"blockId":"cwt33o61aaehin7i82glccf9","groupId":"a6myln3hw82jagc2cqjoykyt"},"from":{"blockId":"te3928ob9aibgw379sw0as2r","groupId":"xckh8m54ctpp7daevbjk9neg"}},{"id":"wt3am3vrp753rf4xww8hwl6d","to":{"groupId":"r0lv5p6g07ir630chew767j4"},"from":{"blockId":"j89mcqorgspwd4beoaoeegx3","groupId":"ltiq4e9htd2tauqov0thxig5"}},{"id":"qdburwug3royecqmspei0chv","to":{"groupId":"i71mpn8qw9awa1b5ngg04suu"},"from":{"blockId":"et2luew7fhe3gcorv1apknxk","groupId":"r0lv5p6g07ir630chew767j4"}},{"id":"p21ist7acb459hwm75qw49u3","to":{"groupId":"m7gi1gu0ncfhifljjprolfa7"},"from":{"blockId":"zjgwq3jg8bi2yn6u4uapx2bx","groupId":"i71mpn8qw9awa1b5ngg04suu"}},{"id":"acshk08hiaxbok7hw3v1f6ou","to":{"blockId":"yh62msc0ifdcf09sfu2tfqt6","groupId":"sp3oyzi8216m8eqztmi86csz"},"from":{"blockId":"q2sovrnnr03wh079tmja8ps2","groupId":"lpsn6o3jtht8cx44bo1w80wl"}},{"id":"u4anm5absbsyzvwcwwemn8e2","to":{"groupId":"g75f8pkc68xwm91pebs8qcdw"},"from":{"itemId":"y9p3p4fjxszm4b2wcajz1cno","blockId":"ik66g0ht4nytv16i8477am71","groupId":"noiiipl193hqo2olh39m0aa8"}},{"id":"ezrsohog99q14y8tgc88kwvk","to":{"groupId":"g75f8pkc68xwm91pebs8qcdw"},"from":{"itemId":"y0fm4268njl6wp1a8ojxn02x","blockId":"ik66g0ht4nytv16i8477am71","groupId":"noiiipl193hqo2olh39m0aa8"}},{"id":"o4b0vmxho6zk4y95apxq29xt","to":{"groupId":"g75f8pkc68xwm91pebs8qcdw"},"from":{"itemId":"khm2e9mfw7ay5pkewjtio6kk","blockId":"ik66g0ht4nytv16i8477am71","groupId":"noiiipl193hqo2olh39m0aa8"}},{"id":"oqmjvlm2zl1nia540k7n0jxq","to":{"groupId":"bk17peaawtryvw2j3uw8glfz"},"from":{"itemId":"m2v9evthl08cq1hgk1d5wez0","blockId":"v3qncgssshfqkdbouw2hkcga","groupId":"g75f8pkc68xwm91pebs8qcdw"}},{"id":"sp2gdkk5g6ijatdu1ulm5i6h","to":{"groupId":"bk17peaawtryvw2j3uw8glfz"},"from":{"itemId":"w8ij6rb6mqc63v5ofn2gaqzk","blockId":"v3qncgssshfqkdbouw2hkcga","groupId":"g75f8pkc68xwm91pebs8qcdw"}},{"id":"bd1g9rpxgwxwkxj6bbtjgk95","to":{"blockId":"dzygpjs593q0qkuvmytf1m10","groupId":"df3to22njw9c76a92yrghzd3"},"from":{"blockId":"yh62msc0ifdcf09sfu2tfqt6","groupId":"sp3oyzi8216m8eqztmi86csz"}},{"id":"xzapirqso2dorpd5kjpii4wu","to":{"groupId":"bk17peaawtryvw2j3uw8glfz"},"from":{"itemId":"mliw6qs9jps2diu43mv6o7lp","blockId":"v3qncgssshfqkdbouw2hkcga","groupId":"g75f8pkc68xwm91pebs8qcdw"}},{"id":"g3p7s9qfhg432k3vsnvsmn3f","to":{"groupId":"g75f8pkc68xwm91pebs8qcdw"},"from":{"itemId":"wo7ixq9nvw47766gcy9zh5k9","blockId":"ik66g0ht4nytv16i8477am71","groupId":"noiiipl193hqo2olh39m0aa8"}},{"id":"pba4kj80eca3ym9s170lu42y","to":{"groupId":"g75f8pkc68xwm91pebs8qcdw"},"from":{"itemId":"mb5d2myy178ar6bzjblloykr","blockId":"ik66g0ht4nytv16i8477am71","groupId":"noiiipl193hqo2olh39m0aa8"}},{"id":"a0cqbqx1pwtn97sslhesrj30","to":{"groupId":"ltiq4e9htd2tauqov0thxig5"},"from":{"blockId":"lrir3yzd4pmr18s2di3tb9pb","groupId":"ftybxe4v4csn4jl7fk45syps"}},{"id":"b3tp50zebtv97j2q35q3w43m","to":{"groupId":"lpsn6o3jtht8cx44bo1w80wl"},"from":{"blockId":"piv7ta8jf6cbiyjf14jx9g3c","groupId":"drev9cqk3tkdbb2prrs30f2m"}},{"id":"uy3939pm9m2toyg6qa3wmglb","to":{"groupId":"ftybxe4v4csn4jl7fk45syps"},"from":{"itemId":"u24xawb61ok32w24k5j2u1e0","blockId":"tx7rin9zybvxhq1w214bkbr4","groupId":"inmw9hw5vixt4ul21b0zlu6s"}},{"id":"lj9hkmkc8q4inbs6zn3w28iw","to":{"groupId":"hlbwd08dt2iubk8ttr62q6ta"},"from":{"blockId":"p8c1o5udh6mb3uhvhhb3bcis","groupId":"m7gi1gu0ncfhifljjprolfa7"}},{"id":"gi9v05sf2npzcsr6d6n06475","to":{"groupId":"hnnkai6n3yuunvxzw4ifx701"},"from":{"itemId":"nkkzg60gur1drew0mtk73i6z","blockId":"u189ibwfk4uwm51ladyesjo5","groupId":"l0v4ajenefmx652h33tsh0vk"}},{"id":"lm9nqd9dx5n44h88dldi9lkt","to":{"groupId":"hnnkai6n3yuunvxzw4ifx701"},"from":{"itemId":"fqjae6lnmhuqq8akn4ts1s06","blockId":"u189ibwfk4uwm51ladyesjo5","groupId":"l0v4ajenefmx652h33tsh0vk"}},{"id":"uaije1oqd5fkd1221i87oclj","to":{"groupId":"hnnkai6n3yuunvxzw4ifx701"},"from":{"itemId":"s5jckx9pw8vvhg8n5iyladjj","blockId":"u189ibwfk4uwm51ladyesjo5","groupId":"l0v4ajenefmx652h33tsh0vk"}},{"id":"hc8511o2vnyzm38130v01wfs","to":{"groupId":"hnnkai6n3yuunvxzw4ifx701"},"from":{"itemId":"zwbz4hp5li6n893noqcsvkwv","blockId":"u189ibwfk4uwm51ladyesjo5","groupId":"l0v4ajenefmx652h33tsh0vk"}},{"id":"rgc8ckncgud9tw2j2vaxu56b","to":{"groupId":"hnnkai6n3yuunvxzw4ifx701"},"from":{"itemId":"g1tc9npwym2j0dq3bgyp9thr","blockId":"u189ibwfk4uwm51ladyesjo5","groupId":"l0v4ajenefmx652h33tsh0vk"}},{"id":"mhak0qncl58qpmbi9x9s5vuf","to":{"groupId":"cdbxblp4sebus8stu3lga1is"},"from":{"itemId":"b23o09hy1nb62f23dnu15di7","blockId":"gau66i4aoz3wyi8fic3zqxy5","groupId":"hnnkai6n3yuunvxzw4ifx701"}},{"id":"w0kv212osrfi2ydnu8t880w1","to":{"groupId":"cdbxblp4sebus8stu3lga1is"},"from":{"itemId":"udh9a2jw1p8k3dhr7hikgj4a","blockId":"gau66i4aoz3wyi8fic3zqxy5","groupId":"hnnkai6n3yuunvxzw4ifx701"}},{"id":"vwvzvnq6gh23n3ja9dgfvkv5","to":{"groupId":"noiiipl193hqo2olh39m0aa8"},"from":{"blockId":"q4ey5bp1zw34lqov1wg9z3c8","groupId":"cdbxblp4sebus8stu3lga1is"}},{"id":"nfe9tk2s7pxfmva1adr6fysl","to":{"groupId":"zjdgifq5di1werft9rpambkb"},"from":{"itemId":"m7jhx6otncamdb0al31jtxlq","blockId":"gau66i4aoz3wyi8fic3zqxy5","groupId":"hnnkai6n3yuunvxzw4ifx701"}},{"id":"bh7yp0dhnhqqkvt4bkehvry2","to":{"groupId":"noiiipl193hqo2olh39m0aa8"},"from":{"blockId":"lm3n8wweuvct0bc60k9j6k3l","groupId":"zjdgifq5di1werft9rpambkb"}},{"id":"fevky55q68x9pdyvsbte65ef","to":{"groupId":"yju5nv0n0s3auasmv436a2da"},"from":{"itemId":"y8vxs8244evicjerf1aiabwk","blockId":"bu7m725eg1b3jbylgrn6pst6","groupId":"fvt8p2z4oak52usw03y3hjhj"}},{"id":"npvpflgt9qfkwhk0iuze1ss7","to":{"groupId":"p2uqzn610sg4a89d4ksiovqx"},"from":{"itemId":"co2zh1f6h8dn5cqgks54hk31","blockId":"izx3dyqy2o6jtdaq14yk1553","groupId":"yju5nv0n0s3auasmv436a2da"}},{"id":"ngtnb1cdhai3etd4wpnfv2r4","to":{"groupId":"g75f8pkc68xwm91pebs8qcdw"},"from":{"itemId":"rlwo4cbh5vvjzx3h79ymsq9s","blockId":"izx3dyqy2o6jtdaq14yk1553","groupId":"yju5nv0n0s3auasmv436a2da"}},{"id":"h369foqlh370jsokczpuwpux","to":{"groupId":"p2uqzn610sg4a89d4ksiovqx"},"from":{"itemId":"eum3kk07nf6n4u1h63idol7e","blockId":"bu7m725eg1b3jbylgrn6pst6","groupId":"fvt8p2z4oak52usw03y3hjhj"}},{"id":"ujfj0v5vlenjcxt9bdeb0ugc","to":{"groupId":"g75f8pkc68xwm91pebs8qcdw"},"from":{"itemId":"rxw9relky2y93k00kkxeoh0t","blockId":"ik66g0ht4nytv16i8477am71","groupId":"noiiipl193hqo2olh39m0aa8"}},{"id":"wr1qf8zvdmxnwq0xd0ld39at","to":{"groupId":"fvt8p2z4oak52usw03y3hjhj"},"from":{"itemId":"le5pq2icl6f5aiygvlmauf1m","blockId":"ik66g0ht4nytv16i8477am71","groupId":"noiiipl193hqo2olh39m0aa8"}},{"id":"iheb3c46162iedq4f8k0v8mn","to":{"groupId":"jyf0wympx134oppsx64scoqe"},"from":{"itemId":"wumq1v01ztk9z2lfyoqiec2a","blockId":"l63g5c82judzh93jumr1xxax","groupId":"uc5u7a7cnnxcu68jciowwyne"}},{"id":"z00l1pb56xcwgz3pnz47oe4i","to":{"groupId":"vffe4dmd5ws1vnwocbqa4c5d"},"from":{"itemId":"m5zrqjjt3t8uy621rey1sj8h","blockId":"l63g5c82judzh93jumr1xxax","groupId":"uc5u7a7cnnxcu68jciowwyne"}},{"id":"bk5ewu9ojabu1hkzf1vusb3q","to":{"groupId":"l0v4ajenefmx652h33tsh0vk"},"from":{"itemId":"w1nolkkzwsazx5qy7bi85yw9","blockId":"e1cpg30fj9zvvjtpghwy7ax3","groupId":"vffe4dmd5ws1vnwocbqa4c5d"}},{"id":"o91bdqc95kjcvyrwkrd93xey","to":{"groupId":"l0v4ajenefmx652h33tsh0vk"},"from":{"itemId":"zpideezxap70w1wij2xjs0wp","blockId":"e1cpg30fj9zvvjtpghwy7ax3","groupId":"vffe4dmd5ws1vnwocbqa4c5d"}},{"id":"ep67247necrogrj2hw6jxre1","to":{"groupId":"l0v4ajenefmx652h33tsh0vk"},"from":{"itemId":"nx3f8fjmtiok5urhnpnwdbh7","blockId":"e1cpg30fj9zvvjtpghwy7ax3","groupId":"vffe4dmd5ws1vnwocbqa4c5d"}},{"id":"imcpd1xdcy1gs6sttap7adkp","to":{"groupId":"uc5u7a7cnnxcu68jciowwyne"},"from":{"blockId":"q1ndtosompyn69tuo51z54t2","groupId":"hlbwd08dt2iubk8ttr62q6ta"}},{"id":"w4yf4y79s7dkv4p2m2pzkvg7","to":{"groupId":"drev9cqk3tkdbb2prrs30f2m"},"from":{"blockId":"wjml50q5k6f1n9fz13lw65up","groupId":"bk17peaawtryvw2j3uw8glfz"}}],"theme":{"chat":{"inputs":{"color":"#303235","backgroundColor":"#FFFFFF","placeholderColor":"#9095A0"},"buttons":{"color":"#FFFFFF","backgroundColor":"#0042DA"},"hostAvatar":{"url":"https://lh3.googleusercontent.com/a/AGNmyxatQXPhoCuwbrKDE5Z9FxtThiUW9F5ItVuebjsj2Q=s96-c","isEnabled":true},"hostBubbles":{"color":"#303235","backgroundColor":"#F7F8FF"},"guestBubbles":{"color":"#FFFFFF","backgroundColor":"#FF8E21"}},"general":{"font":"Open Sans","background":{"type":"Color","content":"#ffffff"}}},"settings":{"general":{"isBrandingEnabled":true,"isInputPrefillEnabled":true,"isHideQueryParamsEnabled":true,"isNewResultOnRefreshEnabled":true},"metadata":{"title":"Chat | Imperial Commerce","description":"Build beautiful conversational forms and embed them directly in your applications without a line of code. Triple your response rate and collect answers that has more value compared to a traditional form.","customHeadCode":"<!-- Meta Pixel Code -->\n<script>\n!function(f,b,e,v,n,t,s)\n{if(f.fbq)return;n=f.fbq=function(){n.callMethod?\nn.callMethod.apply(n,arguments):n.queue.push(arguments)};\nif(!f._fbq)f._fbq=n;n.push=n;n.loaded=!0;n.version='2.0';\nn.queue=[];t=b.createElement(e);t.async=!0;\nt.src=v;s=b.getElementsByTagName(e)[0];\ns.parentNode.insertBefore(t,s)}(window, document,'script',\n'https://connect.facebook.net/en_US/fbevents.js');\nfbq('init', '125370003821780');\nfbq('track', 'ViewContent');\n</script>\n<noscript><img height=\"1\" width=\"1\" style=\"display:none\"\nsrc=\"https://www.facebook.com/tr?id=125370003821780&ev=PageView&noscript=1\"\n/></noscript>\n<!-- End Meta Pixel Code -->"},"typingEmulation":{"speed":300,"enabled":true,"maxDelay":1.5}}}