{"id":"clkhbfs9s009fl90ffapih23x","version":"3","groups":[{"id":"b19x35grotc5b9jtjymys7wb","title":"Start","blocks":[{"id":"asuwp4itszyeai61r2sefcdi","type":"start","label":"Start","groupId":"b19x35grotc5b9jtjymys7wb","outgoingEdgeId":"cylenogr6h82gauk37a13i3a"}],"graphCoordinates":{"x":0,"y":0}},{"id":"hsf4pr48swfw3yx8ej5klcug","title":"","blocks":[{"id":"y3yqs0x65fbonpimkejrtqha","type":"Pixel","groupId":"hsf4pr48swfw3yx8ej5klcug","options":{"params":[],"pixelId":"181660434565423","eventType":"ViewContent","isInitSkip":false}},{"id":"mcaoasw0ovqlijm3u6cxwgdb","type":"Google Analytics","groupId":"hsf4pr48swfw3yx8ej5klcug","options":{"trackingId":"UA-163145833-1"}},{"id":"rtzeu1xagq9pxpa98k7cgb7s","type":"text","content":{"richText":[{"type":"p","children":[{"text":"Olá, tudo bem? Antes de te falar sobre o suco, eu preciso ter "},{"bold":true,"text":"certeza de que essa receita é para você"},{"text":"..."}]}]},"groupId":"hsf4pr48swfw3yx8ej5klcug"},{"id":"jlb6kmsezd83ijb01gcbuwlx","type":"Wait","groupId":"hsf4pr48swfw3yx8ej5klcug","options":{"secondsToWaitFor":"2"}},{"id":"yb0bn8wiuxf1osov8r3poqnz","type":"text","content":{"richText":[{"type":"p","children":[{"text":"Sou o Dr. Jairo, "},{"bold":true,"text":"especialista em saúde masculina"},{"text":"."}]}]},"groupId":"hsf4pr48swfw3yx8ej5klcug"},{"id":"jcpy2iufvuaw0cdjjmcqi6vd","type":"Wait","groupId":"hsf4pr48swfw3yx8ej5klcug","options":{"secondsToWaitFor":"2"}},{"id":"obzidcao39ael3qcgs8msz3q","type":"text","content":{"richText":[{"type":"p","children":[{"text":"Fique tranquilo, aqui "},{"bold":true,"text":"tudo fica em sigilo"},{"text":", correto? Vamos lá, qual seu primeiro nome por favor?"}]}]},"groupId":"hsf4pr48swfw3yx8ej5klcug"},{"id":"h7pigd8wgm44ao6ckkpgutrv","type":"Wait","groupId":"hsf4pr48swfw3yx8ej5klcug","options":{"secondsToWaitFor":"2"}},{"id":"xz2cx3zh4kqkedksaqetonst","type":"text input","groupId":"hsf4pr48swfw3yx8ej5klcug","options":{"isLong":false,"labels":{"button":"Enviar","placeholder":"Digite seu nome"},"variableId":"vsei1k7ncr7qeebsbl6wy9797"}},{"id":"o1cojw6wkg0rxd2ousdnsn6v","type":"text","content":{"richText":[{"type":"p","children":[{"text":"Prazer, {{Nome}}."}]}]},"groupId":"hsf4pr48swfw3yx8ej5klcug"},{"id":"pb7d9eeamf3flu20mvx40jpu","type":"audio","content":{"url":"https://s3.fr-par.scw.cloud/typebot/public/typebots/clkhauha9001kmo0fjufm9qc5/blocks/pb7d9eeamf3flu20mvx40jpu?v=1690238689542"},"groupId":"hsf4pr48swfw3yx8ej5klcug"},{"id":"ukcq4mgc0se29ds3nleq4e4u","type":"Wait","groupId":"hsf4pr48swfw3yx8ej5klcug","options":{"secondsToWaitFor":"9"}},{"id":"l60rmgbwb778x1pbm1pssnzh","type":"text","content":{"richText":[{"type":"p","children":[{"text":"{{Nome}}, você tem quantos anos? "}]}]},"groupId":"hsf4pr48swfw3yx8ej5klcug"},{"id":"hkq046qxd0xxhe443bn7wq3j","type":"choice input","items":[{"id":"v5y6136kr8d164dbvgjqoffd","type":0,"blockId":"hkq046qxd0xxhe443bn7wq3j","content":"Entre 18 e 34 anos","outgoingEdgeId":"rbawiyh0qhhmy0jblcocfyvq"},{"id":"ku3mkxh0bcjtjt0rfpbmutah","type":0,"blockId":"hkq046qxd0xxhe443bn7wq3j","content":"Entre 35 e 54 anos","outgoingEdgeId":"thges2fzgbzaj99jg6wkzn97"},{"id":"mgo05cdnzb75heyiuftdj1a3","type":0,"blockId":"hkq046qxd0xxhe443bn7wq3j","content":"Mais de 55 anos","outgoingEdgeId":"o6zyx1k6y9mmuhx20kh54025"}],"groupId":"hsf4pr48swfw3yx8ej5klcug","options":{"buttonLabel":"Send","isSearchable":false,"isMultipleChoice":false,"searchInputPlaceholder":"Filter the options..."}},{"id":"fw6e1794b1c82g21vfs4iwdf","type":"Wait","groupId":"hsf4pr48swfw3yx8ej5klcug","options":{"secondsToWaitFor":"2"}},{"id":"oir1fprrgjx1a6huiurs6oww","type":"text","content":{"richText":[{"type":"p","children":[{"text":"{{Nome}}, você tem sentido sua "},{"bold":true,"text":"libido mais baixa "},{"text":"ultimamente? "}]}]},"groupId":"hsf4pr48swfw3yx8ej5klcug"},{"id":"i1bk49zqauzr5gaxwj6ft26n","type":"choice input","items":[{"id":"rb560yw1nisihf557yvbju89","type":0,"blockId":"i1bk49zqauzr5gaxwj6ft26n","content":"Sim","outgoingEdgeId":"rntmz9n5qsydm8e43wprgee5"},{"id":"x3ixwbtcjf4f7vme93vx58py","type":0,"blockId":"i1bk49zqauzr5gaxwj6ft26n","content":"Um pouco","outgoingEdgeId":"wbmaldwzzh9t44a5nex0jjxc"},{"id":"dp7a0p6ri3t8imfk7t9205mq","type":0,"blockId":"i1bk49zqauzr5gaxwj6ft26n","content":"Não","outgoingEdgeId":"auni7n43hrirvbtqsgqoxtxs"}],"groupId":"hsf4pr48swfw3yx8ej5klcug","options":{"buttonLabel":"Send","isSearchable":false,"isMultipleChoice":false,"searchInputPlaceholder":"Filter the options..."},"outgoingEdgeId":"ytsktba0g7ph0m8l723k16bq"}],"graphCoordinates":{"x":354.62,"y":0.93}},{"id":"u3u87pynthsq5zvw2lmteqz7","title":"","blocks":[{"id":"edzev2f7360wf5c4qwk4xebl","type":"text","content":{"richText":[{"type":"p","children":[{"text":"{{Nome}}, mais duas perguntinhas, já que me falou sobre a libido..."}]}]},"groupId":"u3u87pynthsq5zvw2lmteqz7"},{"id":"hlb64bqiktvp0i0u0zki6v1l","type":"Wait","groupId":"u3u87pynthsq5zvw2lmteqz7","options":{"secondsToWaitFor":"2"}},{"id":"zl2xd4odcgqbbn3a78b1c13u","type":"text","content":{"richText":[{"type":"p","children":[{"text":"Tem sentido que "},{"bold":true,"text":"sua força física tem reduzido"},{"text":"?"}]}]},"groupId":"u3u87pynthsq5zvw2lmteqz7"},{"id":"kiwqafuzslzwzxgnc5avxbtd","type":"Wait","groupId":"u3u87pynthsq5zvw2lmteqz7","options":{"secondsToWaitFor":"2"}},{"id":"sidkmpnlscg4d4raqp731cka","type":"choice input","items":[{"id":"cb4dzxg1c6wrympxw08cn118","type":0,"blockId":"sidkmpnlscg4d4raqp731cka","content":"Sim","outgoingEdgeId":"ap0v8vjeg6cmv3u8p77wiv18"},{"id":"wcwyb9q13ki1plder1jujqd8","type":0,"blockId":"sidkmpnlscg4d4raqp731cka","content":"Não","outgoingEdgeId":"burnyi5ojsyicfi3m1r03er6"}],"groupId":"u3u87pynthsq5zvw2lmteqz7","options":{"buttonLabel":"Send","isSearchable":false,"isMultipleChoice":false,"searchInputPlaceholder":"Filter the options..."},"outgoingEdgeId":"sh8jwzs0k53c6l21p9r8a0j5"}],"graphCoordinates":{"x":769.07,"y":2.85}},{"id":"sm91yjygpjy5bgi68r5zfqgi","title":"","blocks":[{"id":"dic73gt4z3my0psmj36awxsy","type":"text","content":{"richText":[{"type":"p","children":[{"text":"Olha {{Nome}}, eu percebi que realmente você tem um problema de disfunção erétil um pouco mais avançada que o normal."}]}]},"groupId":"sm91yjygpjy5bgi68r5zfqgi"},{"id":"td5h35dga0iwsk85r9f5kbfi","type":"text","content":{"richText":[{"type":"p","children":[{"text":"Mas não quero te assustar, ok?"}]}]},"groupId":"sm91yjygpjy5bgi68r5zfqgi"},{"id":"yoc802stmf7na6tgnjuec28a","type":"text","content":{"richText":[{"type":"p","children":[{"text":"Existe inúmeras formas de contornar essa situação! "},{"bold":true,"text":"O suco é uma delas e vi que vai funcionar perfeitamente para você."}]}]},"groupId":"sm91yjygpjy5bgi68r5zfqgi"},{"id":"wbvbudokok8aekbu7ltzv5om","type":"Wait","groupId":"sm91yjygpjy5bgi68r5zfqgi","options":{"secondsToWaitFor":"2"}},{"id":"svcet0rzv8ry5f14fbt9q05i","type":"text","content":{"richText":[{"type":"p","children":[{"text":"Já quero te dizer que comprimidos como o Viagra é a pior forma de todas."}]}]},"groupId":"sm91yjygpjy5bgi68r5zfqgi"},{"id":"gqbcbff04di4mgj8ajnsm3e5","type":"Wait","groupId":"sm91yjygpjy5bgi68r5zfqgi","options":{"secondsToWaitFor":"2"}},{"id":"kp96vgt44uop29bsr1x7aboj","type":"text","content":{"richText":[{"type":"p","children":[{"text":"{{Nome}}, me fala sobre sua relação com medicamentos como o Viagra, Tadalafila, Cialis. Você toma algo do tipo?"}]}]},"groupId":"sm91yjygpjy5bgi68r5zfqgi"},{"id":"siagk4oeuojjq5hm7m5jh23e","type":"Wait","groupId":"sm91yjygpjy5bgi68r5zfqgi","options":{"secondsToWaitFor":"2"}},{"id":"jo94g3q9iu3yp9qsl89kiopv","type":"choice input","items":[{"id":"j1exmsabvvar8zyfle2t28la","type":0,"blockId":"jo94g3q9iu3yp9qsl89kiopv","content":"Tomo raramente","outgoingEdgeId":"e143rjwqxz6h191rfr2rdein"},{"id":"chst60sf2k84lag5mjmcdprj","type":0,"blockId":"jo94g3q9iu3yp9qsl89kiopv","content":"Tomo com frequência","outgoingEdgeId":"fee5p858ezuw8vyi15d1su9k"},{"id":"fmre6ubtwzlf0nwvxdlyy74f","type":0,"blockId":"jo94g3q9iu3yp9qsl89kiopv","content":"Nunca tomei","outgoingEdgeId":"xm9gbk637pt5c0jgjy9uiaoe"}],"groupId":"sm91yjygpjy5bgi68r5zfqgi","options":{"buttonLabel":"Send","isSearchable":false,"isMultipleChoice":false,"searchInputPlaceholder":"Filter the options..."}},{"id":"ps6qcpucph01ede8cd8e0zs7","type":"text","content":{"richText":[{"type":"p","children":[{"text":"Entendo... {{Nome}}, vamos começar a resolver esse problema HOJE mesmo, pode ser?"}]}]},"groupId":"sm91yjygpjy5bgi68r5zfqgi"},{"id":"yi2je6ksrcmjr6fdekhw7qxv","type":"Wait","groupId":"sm91yjygpjy5bgi68r5zfqgi","options":{"secondsToWaitFor":"2"}},{"id":"jx6fifr8mvnbgu38kww8fp14","type":"choice input","items":[{"id":"f3co5fwe6wnieh1nxzaq4di6","type":0,"blockId":"jx6fifr8mvnbgu38kww8fp14","content":"SIM, QUERO COMEÇAR","outgoingEdgeId":"w1wheatmm1iar9dzzejf6kcj"}],"groupId":"sm91yjygpjy5bgi68r5zfqgi","options":{"buttonLabel":"Send","isSearchable":false,"isMultipleChoice":false,"searchInputPlaceholder":"Filter the options..."},"outgoingEdgeId":"golvwmgbiwbxc26xyz7u0cx1"}],"graphCoordinates":{"x":1552.74,"y":5.15}},{"id":"g310uz71mhs9kefb9wl29v9r","title":"","blocks":[{"id":"tc524xu0nvm6dnsfspdjgij1","type":"text","content":{"richText":[{"type":"p","children":[{"text":"Por fim, tem sentido que "},{"bold":true,"text":"sua potência sexual reduziu "},{"text":"muito? "}]}]},"groupId":"g310uz71mhs9kefb9wl29v9r"},{"id":"br8vzn4s871uelcap5fd7v11","type":"choice input","items":[{"id":"cgy4jntia45qykkde4vdcjrn","type":0,"blockId":"br8vzn4s871uelcap5fd7v11","content":"Sim","outgoingEdgeId":"i6si46f93rb6km3kt5o41r9g"},{"id":"qijohnbto9vx4p1h2ve3ccm8","type":0,"blockId":"br8vzn4s871uelcap5fd7v11","content":"Não","outgoingEdgeId":"yiwbwehp5n77hntt90w8u1bt"}],"groupId":"g310uz71mhs9kefb9wl29v9r","options":{"buttonLabel":"Send","isSearchable":false,"isMultipleChoice":false,"searchInputPlaceholder":"Filter the options..."},"outgoingEdgeId":"v8fsq2ff6a4b290ucg2bpcmd"}],"graphCoordinates":{"x":1181.23,"y":2.63}},{"id":"w7gq7zva7ln4o0ic3j8mxr61","title":"","blocks":[{"id":"yjn17394zpc5tvi23f0s1j9q","type":"text","content":{"richText":[{"type":"p","children":[{"text":"Perfeito {{Nome}}, para ter um acompanhamento maior, teríamos que marcar uma consulta presencial..."}]}]},"groupId":"w7gq7zva7ln4o0ic3j8mxr61"},{"id":"rbp42z2o5vbf6urmfucqxuq5","type":"Wait","groupId":"w7gq7zva7ln4o0ic3j8mxr61","options":{"secondsToWaitFor":"2"}},{"id":"l1e6wa4erajvnjhvi328cq89","type":"text","content":{"richText":[{"type":"p","children":[{"text":"O valor de uma consulta comigo é R$ 900,00 e pode parcelar em até 12x sem juros!"}]}]},"groupId":"w7gq7zva7ln4o0ic3j8mxr61"},{"id":"pzdd9co6a4g6d9o5jbsdimg4","type":"Wait","groupId":"w7gq7zva7ln4o0ic3j8mxr61","options":{"secondsToWaitFor":"2"}},{"id":"sdi8pb3warcwg9o1su2nd2en","type":"text","content":{"richText":[{"type":"p","children":[{"text":"Mas se você quiser, já posso te recomendar uma receita do suco que "},{"bold":true,"text":"você está apto a tomar"},{"text":", eu recomendo a TODOS os meus pacientes..."}]}]},"groupId":"w7gq7zva7ln4o0ic3j8mxr61"},{"id":"nj4t5naec8fsim6prt3nlpk5","type":"Wait","groupId":"w7gq7zva7ln4o0ic3j8mxr61","options":{"secondsToWaitFor":"2"}},{"id":"k89rtadcmnqq5qv95m2d5g5t","type":"text","content":{"richText":[{"type":"p","children":[{"text":"Independente da idade, independente da condição física, apesar dela ser "},{"bold":true,"text":"POTENTE"},{"text":"... Ela é "},{"bold":true,"text":"natural e é feita na mesma base do Viagra,"},{"text":" você teria interesse nessa receita?"}]}]},"groupId":"w7gq7zva7ln4o0ic3j8mxr61"},{"id":"tsybuqfoa8smlq5h1a61hrtx","type":"choice input","items":[{"id":"lb2wt8zsed10hcn4ymty6x5v","type":0,"blockId":"tsybuqfoa8smlq5h1a61hrtx","content":"Sim","outgoingEdgeId":"hn2sw2fjx4gmdabq3mppchjo"}],"groupId":"w7gq7zva7ln4o0ic3j8mxr61","options":{"buttonLabel":"Send","isSearchable":false,"isMultipleChoice":false,"searchInputPlaceholder":"Filter the options..."},"outgoingEdgeId":"zf2ykpzmqltr6k71iz512c0d"}],"graphCoordinates":{"x":2371.05,"y":-1.26}},{"id":"sitx731cc76qnxdfzh92rccr","title":"","blocks":[{"id":"gdnrqtgtnemddqd57vqod05j","type":"text","content":{"richText":[{"type":"p","children":[{"text":"{{Nome}}, quero te dizer que minha missão aqui é ajudar nós de 40, 50 anos de idade a ter uma vida sexual mais potênte..."}]}]},"groupId":"sitx731cc76qnxdfzh92rccr"},{"id":"mqulnxgrhucdib4ubl1dwzax","type":"Wait","groupId":"sitx731cc76qnxdfzh92rccr","options":{"secondsToWaitFor":"2"}},{"id":"we196gnuz49f2zm0xmdgvwye","type":"text","content":{"richText":[{"type":"p","children":[{"text":"Com essa receita você sentirá um efeito similar ao do Viagra. "}]},{"type":"p","children":[{"text":"Além de sentir mais virilidade e mais energia, similar ao que você sentia por volta dos 32 anos mais ou menos..."}]}]},"groupId":"sitx731cc76qnxdfzh92rccr"},{"id":"g7gs8yyzd5jyh8keqersfvye","type":"Wait","groupId":"sitx731cc76qnxdfzh92rccr","options":{"secondsToWaitFor":"2"}},{"id":"zbtprgnydu9ptlogo9m0nrs8","type":"text","content":{"richText":[{"type":"p","children":[{"text":"{{Nome}}, eu já vou te passar essa receita, porém pedimos aqui na Clínica apenas uma contribuição mínima, apenas para manter esse projeto acessível no ar de apenas R$ 97,90, mas..."}]}]},"groupId":"sitx731cc76qnxdfzh92rccr"},{"id":"ud57a92smnf328xlou6l8exl","type":"Wait","groupId":"sitx731cc76qnxdfzh92rccr","options":{"secondsToWaitFor":"4"}},{"id":"cn62a6enq87txw3ewuffvjlb","type":"text","content":{"richText":[{"type":"p","children":[{"text":"Como eu vi que seu caso é um pouco mais avançado que o normal, e "},{"bold":true,"text":"meu compromisso aqui é com a saúde masculina"},{"text":", então eu vou estar te dando um desconto, vai ficar apenas R$27,90, pode ser?"}]}]},"groupId":"sitx731cc76qnxdfzh92rccr"},{"id":"vcsxnobwc035jg4pk7yqpabw","type":"Wait","groupId":"sitx731cc76qnxdfzh92rccr","options":{"secondsToWaitFor":"4"}},{"id":"ww24soilgv9t4fhy629c2r2d","type":"text","content":{"richText":[{"type":"p","children":[{"text":"Vou te mandar um botão aqui de compra, basta você clicar e será encaminhado para a plataforma mais segura que existe, fique tranquilo, como eu disse o sigilo aqui é total!"}]}]},"groupId":"sitx731cc76qnxdfzh92rccr"},{"id":"kvs70rkiu0okowncqbehzwx7","type":"Wait","groupId":"sitx731cc76qnxdfzh92rccr","options":{"secondsToWaitFor":"4"},"outgoingEdgeId":"lris5ai0p0s75iirykpdp9ue"}],"graphCoordinates":{"x":2751.92,"y":-5.29}},{"id":"t8dy8c1s2z7eu2eismgvrpez","title":"","blocks":[{"id":"ky302hahi7zcc8678h3yidfy","type":"image","content":{"url":"https://s3.fr-par.scw.cloud/typebot/public/typebots/clkhauha9001kmo0fjufm9qc5/blocks/ky302hahi7zcc8678h3yidfy?v=1690277337230","clickLink":{"url":"https://pay.kiwify.com.br/YrYnt0V"}},"groupId":"t8dy8c1s2z7eu2eismgvrpez"}],"graphCoordinates":{"x":3116.82,"y":-5.98}}],"variables":[{"id":"vsei1k7ncr7qeebsbl6wy9797","name":"Nome"}],"edges":[{"id":"rntmz9n5qsydm8e43wprgee5","to":{"groupId":"u3u87pynthsq5zvw2lmteqz7"},"from":{"itemId":"rb560yw1nisihf557yvbju89","blockId":"i1bk49zqauzr5gaxwj6ft26n","groupId":"hsf4pr48swfw3yx8ej5klcug"}},{"id":"wbmaldwzzh9t44a5nex0jjxc","to":{"groupId":"u3u87pynthsq5zvw2lmteqz7"},"from":{"itemId":"x3ixwbtcjf4f7vme93vx58py","blockId":"i1bk49zqauzr5gaxwj6ft26n","groupId":"hsf4pr48swfw3yx8ej5klcug"}},{"id":"i6si46f93rb6km3kt5o41r9g","to":{"groupId":"sm91yjygpjy5bgi68r5zfqgi"},"from":{"itemId":"cgy4jntia45qykkde4vdcjrn","blockId":"br8vzn4s871uelcap5fd7v11","groupId":"g310uz71mhs9kefb9wl29v9r"}},{"id":"yiwbwehp5n77hntt90w8u1bt","to":{"groupId":"sm91yjygpjy5bgi68r5zfqgi"},"from":{"itemId":"qijohnbto9vx4p1h2ve3ccm8","blockId":"br8vzn4s871uelcap5fd7v11","groupId":"g310uz71mhs9kefb9wl29v9r"}},{"id":"w1wheatmm1iar9dzzejf6kcj","to":{"groupId":"w7gq7zva7ln4o0ic3j8mxr61"},"from":{"itemId":"f3co5fwe6wnieh1nxzaq4di6","blockId":"jx6fifr8mvnbgu38kww8fp14","groupId":"sm91yjygpjy5bgi68r5zfqgi"}},{"id":"hn2sw2fjx4gmdabq3mppchjo","to":{"blockId":"gdnrqtgtnemddqd57vqod05j","groupId":"sitx731cc76qnxdfzh92rccr"},"from":{"itemId":"lb2wt8zsed10hcn4ymty6x5v","blockId":"tsybuqfoa8smlq5h1a61hrtx","groupId":"w7gq7zva7ln4o0ic3j8mxr61"}},{"id":"ap0v8vjeg6cmv3u8p77wiv18","to":{"groupId":"g310uz71mhs9kefb9wl29v9r"},"from":{"itemId":"cb4dzxg1c6wrympxw08cn118","blockId":"sidkmpnlscg4d4raqp731cka","groupId":"u3u87pynthsq5zvw2lmteqz7"}},{"id":"burnyi5ojsyicfi3m1r03er6","to":{"groupId":"g310uz71mhs9kefb9wl29v9r"},"from":{"itemId":"wcwyb9q13ki1plder1jujqd8","blockId":"sidkmpnlscg4d4raqp731cka","groupId":"u3u87pynthsq5zvw2lmteqz7"}},{"id":"auni7n43hrirvbtqsgqoxtxs","to":{"groupId":"u3u87pynthsq5zvw2lmteqz7"},"from":{"itemId":"dp7a0p6ri3t8imfk7t9205mq","blockId":"i1bk49zqauzr5gaxwj6ft26n","groupId":"hsf4pr48swfw3yx8ej5klcug"}},{"id":"o6zyx1k6y9mmuhx20kh54025","to":{"blockId":"fw6e1794b1c82g21vfs4iwdf","groupId":"hsf4pr48swfw3yx8ej5klcug"},"from":{"itemId":"mgo05cdnzb75heyiuftdj1a3","blockId":"hkq046qxd0xxhe443bn7wq3j","groupId":"hsf4pr48swfw3yx8ej5klcug"}},{"id":"thges2fzgbzaj99jg6wkzn97","to":{"blockId":"fw6e1794b1c82g21vfs4iwdf","groupId":"hsf4pr48swfw3yx8ej5klcug"},"from":{"itemId":"ku3mkxh0bcjtjt0rfpbmutah","blockId":"hkq046qxd0xxhe443bn7wq3j","groupId":"hsf4pr48swfw3yx8ej5klcug"}},{"id":"rbawiyh0qhhmy0jblcocfyvq","to":{"blockId":"fw6e1794b1c82g21vfs4iwdf","groupId":"hsf4pr48swfw3yx8ej5klcug"},"from":{"itemId":"v5y6136kr8d164dbvgjqoffd","blockId":"hkq046qxd0xxhe443bn7wq3j","groupId":"hsf4pr48swfw3yx8ej5klcug"}},{"id":"lris5ai0p0s75iirykpdp9ue","to":{"groupId":"t8dy8c1s2z7eu2eismgvrpez"},"from":{"blockId":"kvs70rkiu0okowncqbehzwx7","groupId":"sitx731cc76qnxdfzh92rccr"}},{"id":"sh8jwzs0k53c6l21p9r8a0j5","to":{"groupId":"g310uz71mhs9kefb9wl29v9r"},"from":{"blockId":"sidkmpnlscg4d4raqp731cka","groupId":"u3u87pynthsq5zvw2lmteqz7"}},{"id":"v8fsq2ff6a4b290ucg2bpcmd","to":{"groupId":"sm91yjygpjy5bgi68r5zfqgi"},"from":{"blockId":"br8vzn4s871uelcap5fd7v11","groupId":"g310uz71mhs9kefb9wl29v9r"}},{"id":"golvwmgbiwbxc26xyz7u0cx1","to":{"blockId":"yjn17394zpc5tvi23f0s1j9q","groupId":"w7gq7zva7ln4o0ic3j8mxr61"},"from":{"blockId":"jx6fifr8mvnbgu38kww8fp14","groupId":"sm91yjygpjy5bgi68r5zfqgi"}},{"id":"zf2ykpzmqltr6k71iz512c0d","to":{"blockId":"gdnrqtgtnemddqd57vqod05j","groupId":"sitx731cc76qnxdfzh92rccr"},"from":{"blockId":"tsybuqfoa8smlq5h1a61hrtx","groupId":"w7gq7zva7ln4o0ic3j8mxr61"}},{"id":"cylenogr6h82gauk37a13i3a","to":{"blockId":"y3yqs0x65fbonpimkejrtqha","groupId":"hsf4pr48swfw3yx8ej5klcug"},"from":{"blockId":"asuwp4itszyeai61r2sefcdi","groupId":"b19x35grotc5b9jtjymys7wb"}},{"id":"fee5p858ezuw8vyi15d1su9k","to":{"blockId":"ps6qcpucph01ede8cd8e0zs7","groupId":"sm91yjygpjy5bgi68r5zfqgi"},"from":{"itemId":"chst60sf2k84lag5mjmcdprj","blockId":"jo94g3q9iu3yp9qsl89kiopv","groupId":"sm91yjygpjy5bgi68r5zfqgi"}},{"id":"xm9gbk637pt5c0jgjy9uiaoe","to":{"blockId":"ps6qcpucph01ede8cd8e0zs7","groupId":"sm91yjygpjy5bgi68r5zfqgi"},"from":{"itemId":"fmre6ubtwzlf0nwvxdlyy74f","blockId":"jo94g3q9iu3yp9qsl89kiopv","groupId":"sm91yjygpjy5bgi68r5zfqgi"}},{"id":"e143rjwqxz6h191rfr2rdein","to":{"blockId":"ps6qcpucph01ede8cd8e0zs7","groupId":"sm91yjygpjy5bgi68r5zfqgi"},"from":{"itemId":"j1exmsabvvar8zyfle2t28la","blockId":"jo94g3q9iu3yp9qsl89kiopv","groupId":"sm91yjygpjy5bgi68r5zfqgi"}},{"id":"ytsktba0g7ph0m8l723k16bq","to":{"blockId":"edzev2f7360wf5c4qwk4xebl","groupId":"u3u87pynthsq5zvw2lmteqz7"},"from":{"blockId":"i1bk49zqauzr5gaxwj6ft26n","groupId":"hsf4pr48swfw3yx8ej5klcug"}}],"theme":{"chat":{"inputs":{"color":"#303235","backgroundColor":"#FFFFFF","placeholderColor":"#9095A0"},"buttons":{"color":"#FFFFFF","backgroundColor":"#18492e"},"hostAvatar":{"url":"https://images.unsplash.com/photo-1612349317150-e413f6a5b16d?crop=entropy&cs=tinysrgb&fit=max&fm=jpg&ixid=M3w0MjU2MDR8MHwxfHNlYXJjaHwzfHxkb2N0b3J8ZW58MHwwfHx8MTY5MDIwMDU4Mnww&ixlib=rb-4.0.3&q=80&w=200","isEnabled":true},"hostBubbles":{"color":"#303235","backgroundColor":"#FFFFFF"},"guestBubbles":{"color":"#303235","backgroundColor":"#E1FFC7"}},"general":{"font":"Open Sans","background":{"type":"Image","content":"https://s3.fr-par.scw.cloud/typebot/public/typebots/clkhauha9001kmo0fjufm9qc5/background?v=1690243726156"}}},"settings":{"general":{"rememberUser":{"isEnabled":false},"isBrandingEnabled":true,"isInputPrefillEnabled":true,"isHideQueryParamsEnabled":true},"metadata":{"description":"Build beautiful conversational forms and embed them directly in your applications without a line of code. Triple your response rate and collect answers that has more value compared to a traditional form."},"typingEmulation":{"speed":300,"enabled":true,"maxDelay":1.5}}}