{"id":"clkis4moy000xmm0ftl2lmsds","version":"3","groups":[{"id":"qjjgg8zy294y894wyes52eho","title":"Start","blocks":[{"id":"t3bggdjqihzjvuhbio6hyedo","type":"start","label":"Start","groupId":"qjjgg8zy294y894wyes52eho","outgoingEdgeId":"ir41yt67vuo1ataszp8wkre6"}],"graphCoordinates":{"x":-40,"y":-39}},{"id":"n6q8f0npcnf8frd3q0hzx772","title":"Group #1","blocks":[{"id":"wsjzs896yfvcqb2plhia1owf","type":"Wait","groupId":"n6q8f0npcnf8frd3q0hzx772","options":{"secondsToWaitFor":"1"}},{"id":"pq74wdcmy44v5nbspwumywap","type":"text","content":{"richText":[{"type":"p","children":[{"text":"Carlos entrou na conversa...","italic":true,"underline":true}]}]},"groupId":"n6q8f0npcnf8frd3q0hzx772"},{"id":"e9o2eb017ay6qchyab317uon","type":"Wait","groupId":"n6q8f0npcnf8frd3q0hzx772","options":{"secondsToWaitFor":"1"}},{"id":"ylsxwqs9og4l6178aq25apex","type":"text","content":{"richText":[{"type":"p","children":[{"text":"Carlos está aguardando você.","italic":true,"underline":true}]}]},"groupId":"n6q8f0npcnf8frd3q0hzx772"},{"id":"h83a8gnuvq0qkn9iwp7z6a8m","type":"Wait","groupId":"n6q8f0npcnf8frd3q0hzx772","options":{"secondsToWaitFor":"1"}},{"id":"oxe92ke7751e8jpit7k0osdm","type":"text","content":{"richText":[{"type":"p","children":[{"bold":true,"text":"Clique na imagem para iniciar o atendimento!"}]}]},"groupId":"n6q8f0npcnf8frd3q0hzx772"},{"id":"ovl2jh395zx5ndgfygluaid7","type":"Wait","groupId":"n6q8f0npcnf8frd3q0hzx772","options":{"secondsToWaitFor":"1"}},{"id":"qz7dh7oh575n2tuacbfhp7qg","type":"picture choice input","items":[{"id":"w7ykrdy37441id9tv82xq0wv","type":3,"title":"Iniciar atendimento!","blockId":"qz7dh7oh575n2tuacbfhp7qg","pictureSrc":"data:image/svg+xml;utf8,<svg fill='%23FFFFFF' xmlns='http://www.w3.org/2000/svg' viewBox='0 0 448 512'><!--! Font Awesome Free 6.4.0 by @fontawesome - https://fontawesome.com License - https://fontawesome.com/license/free (Icons: CC BY 4.0, Fonts: SIL OFL 1.1, Code: MIT License) Copyright 2023 Fonticons, Inc. --><path d='M224 256A128 128 0 1 0 224 0a128 128 0 1 0 0 256zm-96 55.2C54 332.9 0 401.3 0 482.3C0 498.7 13.3 512 29.7 512H418.3c16.4 0 29.7-13.3 29.7-29.7c0-81-54-149.4-128-171.1V362c27.6 7.1 48 32.2 48 62v40c0 8.8-7.2 16-16 16H336c-8.8 0-16-7.2-16-16s7.2-16 16-16V424c0-17.7-14.3-32-32-32s-32 14.3-32 32v24c8.8 0 16 7.2 16 16s-7.2 16-16 16H256c-8.8 0-16-7.2-16-16V424c0-29.8 20.4-54.9 48-62V304.9c-6-.6-12.1-.9-18.3-.9H178.3c-6.2 0-12.3 .3-18.3 .9v65.4c23.1 6.9 40 28.3 40 53.7c0 30.9-25.1 56-56 56s-56-25.1-56-56c0-25.4 16.9-46.8 40-53.7V311.2zM144 448a24 24 0 1 0 0-48 24 24 0 1 0 0 48z'/></svg>","description":"CLIQUE AQUI PARA INICIAR"}],"groupId":"n6q8f0npcnf8frd3q0hzx772","options":{"buttonLabel":"Send","searchInputPlaceholder":"Filter the options..."}},{"id":"okdwlwvfu6zkkamutqwgwwog","type":"Wait","groupId":"n6q8f0npcnf8frd3q0hzx772","options":{"secondsToWaitFor":"3"}},{"id":"t2kmheuzn7rfbgbegf9wyp5j","type":"text","content":{"richText":[{"type":"p","children":[{"text":"Vou ser o  responsável "}]},{"type":"p","children":[{"text":"por sua "},{"bold":true,"text":"avaliação"},{"text":" "},{"bold":true,"text":"GRATUITA!"}]}]},"groupId":"n6q8f0npcnf8frd3q0hzx772"},{"id":"dg9slqe5efupy4llte8r2niv","type":"Wait","groupId":"n6q8f0npcnf8frd3q0hzx772","options":{"secondsToWaitFor":"3"}},{"id":"b5qr1hsfzk8ku4ucplydhtmi","type":"text","content":{"richText":[{"type":"p","children":[{"text":"Qual é o "},{"bold":true,"text":"seu"},{"text":" "},{"bold":true,"text":"nome"},{"text":"? "}]}]},"groupId":"n6q8f0npcnf8frd3q0hzx772"},{"id":"jjohsft1rh0pu6ck486lb0c0","type":"text input","groupId":"n6q8f0npcnf8frd3q0hzx772","options":{"isLong":false,"labels":{"button":"Enviar","placeholder":"Digite seu nome..."},"variableId":"vly358ppn8b3s0ueq6zv9ofus"}},{"id":"pt18ji9d4v07t3np9j5mhind","type":"text","content":{"richText":[{"type":"p","children":[{"text":"Muito prazer, "},{"bold":true,"text":"{{Nome do broxa}}!"}]}]},"groupId":"n6q8f0npcnf8frd3q0hzx772"},{"id":"m4yula0b671ee93bhmh0oo5v","type":"Wait","groupId":"n6q8f0npcnf8frd3q0hzx772","options":{"secondsToWaitFor":"2"}},{"id":"iha6q17675e37yt9g6vp3quz","type":"text","content":{"richText":[{"type":"p","children":[{"bold":true,"text":"Quantos anos"},{"text":" você tem?"}]},{"type":"p","children":[{"text":""}]},{"type":"p","children":[{"text":"Digite apenas os números."}]}]},"groupId":"n6q8f0npcnf8frd3q0hzx772"},{"id":"knf6lflr5jw3gzy00zvq3stu","type":"number input","groupId":"n6q8f0npcnf8frd3q0hzx772","options":{"max":110,"labels":{"button":"Enviar","placeholder":"Digite sua idade..."},"variableId":"vewl87tqnk9cketzxatr54kba"}},{"id":"se1lt8d41lgp09tgjf35edoa","type":"Wait","groupId":"n6q8f0npcnf8frd3q0hzx772","options":{"secondsToWaitFor":"2"}},{"id":"aixt8y7ve1l40axdqidyf151","type":"text","content":{"richText":[{"type":"p","children":[{"bold":true,"text":"Qual o seu maior problema hoje? clique no seu problema!"}]}]},"groupId":"n6q8f0npcnf8frd3q0hzx772","outgoingEdgeId":"zk2qzpdu9m9pswurgckiik7s"}],"graphCoordinates":{"x":369.65,"y":12.26}},{"id":"e5lj1lta9mqh716cbk7xnbjz","title":"Group #2","blocks":[{"id":"ugluh82x14v22bspa32r6yj2","type":"choice input","items":[{"id":"bt0y37s4pqc0ww0al4d9h6xk","type":0,"blockId":"ugluh82x14v22bspa32r6yj2","content":"Disfunção Erétil","outgoingEdgeId":"rkrlowsn8ounjtp124y30jlq"},{"id":"wienylnw7fn2uyo2lfwrqftu","type":0,"blockId":"ugluh82x14v22bspa32r6yj2","content":"Ejaculação Precoce","outgoingEdgeId":"t6muteup4cmft7ohdi7s1rv0"}],"groupId":"e5lj1lta9mqh716cbk7xnbjz","options":{"buttonLabel":"Send","isSearchable":false,"isMultipleChoice":false,"searchInputPlaceholder":"Filter the options..."}}],"graphCoordinates":{"x":710.89,"y":-0.78}},{"id":"odoofqs7pc1ih86mfaiu9b3n","title":"Group #3","blocks":[{"id":"qkgv4of1jcjh08cgme9rterm","type":"text","content":{"richText":[{"type":"p","children":[{"text":"{{Nome do broxa}}, a "},{"bold":true,"text":"disfunção erétil"},{"text":" é um problema muito comum na sua idade."}]}]},"groupId":"odoofqs7pc1ih86mfaiu9b3n"},{"id":"p1k2yyf02v1bnl9rpi7jwj6t","type":"Wait","groupId":"odoofqs7pc1ih86mfaiu9b3n","options":{"secondsToWaitFor":"3"}},{"id":"t84wqcbwhu7mu8bsgxymwspf","type":"text","content":{"richText":[{"type":"p","children":[{"text":"mas esse problema tem solução!"}]}]},"groupId":"odoofqs7pc1ih86mfaiu9b3n"},{"id":"ry5bc3e1676cqotym0uyhpd2","type":"Wait","groupId":"odoofqs7pc1ih86mfaiu9b3n","options":{"secondsToWaitFor":"2"}},{"id":"rctfdv0qlido2cvb6nzzjjee","type":"text","content":{"richText":[{"type":"p","children":[{"text":"Vou te mandar um áudio "}]},{"type":"p","children":[{"text":"pra explicar melhor, ok?"}]}]},"groupId":"odoofqs7pc1ih86mfaiu9b3n"},{"id":"oh6axcmvj3jlpc4g440z22b0","type":"Wait","groupId":"odoofqs7pc1ih86mfaiu9b3n","options":{"secondsToWaitFor":"3"}},{"id":"hbwlnp3n617c6va4kye1oxtv","type":"audio","content":{"url":"https://s3.fr-par.scw.cloud/typebot/public/typebots/j58uss00qpqb3ccu1ykrs17e/blocks/hbwlnp3n617c6va4kye1oxtv?v=1690317650729"},"groupId":"odoofqs7pc1ih86mfaiu9b3n"},{"id":"k7d26aee9bhyp5d29hh6wxgk","type":"Wait","groupId":"odoofqs7pc1ih86mfaiu9b3n","options":{"secondsToWaitFor":"13"}},{"id":"d5zq9gxlu546f5wms26qtjpd","type":"audio","content":{"url":"https://s3.fr-par.scw.cloud/typebot/public/typebots/j58uss00qpqb3ccu1ykrs17e/blocks/d5zq9gxlu546f5wms26qtjpd?v=1690317874781"},"groupId":"odoofqs7pc1ih86mfaiu9b3n"},{"id":"cx2hlarxk5uqho5bix8czf8o","type":"Wait","groupId":"odoofqs7pc1ih86mfaiu9b3n","options":{"secondsToWaitFor":"19"}},{"id":"qu38dxi91s6bw06pycqnulqu","type":"audio","content":{"url":"https://s3.fr-par.scw.cloud/typebot/public/typebots/yrgdd5eewix7xxldy3a7ezvx/blocks/qu38dxi91s6bw06pycqnulqu?v=1688999325549"},"groupId":"odoofqs7pc1ih86mfaiu9b3n"},{"id":"pf5l9r49ztvyytws00n6ljly","type":"Wait","groupId":"odoofqs7pc1ih86mfaiu9b3n","options":{"secondsToWaitFor":"6"}},{"id":"y6atew250qv94t73ho8gundf","type":"text","content":{"richText":[{"type":"p","children":[{"text":"Esse foi o resultado do Joao, 58 anos."}]}]},"groupId":"odoofqs7pc1ih86mfaiu9b3n"},{"id":"rmlvf8rmaoypuzez16ewm9um","type":"Wait","groupId":"odoofqs7pc1ih86mfaiu9b3n","options":{"secondsToWaitFor":"4"}},{"id":"nx6q3wucjn4r9u2lgv7g1xve","type":"audio","content":{"url":"https://s3.fr-par.scw.cloud/typebot/public/typebots/yrgdd5eewix7xxldy3a7ezvx/blocks/nx6q3wucjn4r9u2lgv7g1xve?v=1689011614572"},"groupId":"odoofqs7pc1ih86mfaiu9b3n"},{"id":"mj1pwfdj3wsaocgj2y3zb81c","type":"Wait","groupId":"odoofqs7pc1ih86mfaiu9b3n","options":{"secondsToWaitFor":"6"}},{"id":"o9mgl1xyz09b94vykhu058gh","type":"text","content":{"richText":[{"type":"p","children":[{"text":"Você gostaria de "},{"bold":true,"text":"acabar"},{"text":" "},{"bold":true,"text":"com"},{"text":" "},{"bold":true,"text":"esse"},{"text":" "}]},{"type":"p","children":[{"bold":true,"text":"problema"},{"text":" de uma vez por todas?"}]}]},"groupId":"odoofqs7pc1ih86mfaiu9b3n"},{"id":"j00p76h66dcfxt3hco54c7id","type":"Wait","groupId":"odoofqs7pc1ih86mfaiu9b3n","options":{"secondsToWaitFor":"2"}},{"id":"y5ziozpx16ltrs10sjmwl0p6","type":"choice input","items":[{"id":"jke2dkvqn3ibmps7u70qy9cs","type":0,"blockId":"y5ziozpx16ltrs10sjmwl0p6","content":"Clique aqui! -> Quero me livrar deste problema!!","outgoingEdgeId":"vwtzfeynctnuqdyoq05q7t7u"}],"groupId":"odoofqs7pc1ih86mfaiu9b3n","options":{"buttonLabel":"Send","isSearchable":false,"isMultipleChoice":false,"searchInputPlaceholder":"Filter the options..."}}],"graphCoordinates":{"x":1053.37,"y":2.72}},{"id":"k24adud48qu85t66j4jv3143","title":"Group #3.1","blocks":[{"id":"pc4chpmwcdw3e4nj8i0fa6f6","type":"text","content":{"richText":[{"type":"p","children":[{"text":"{{Nome do broxa}}, a "},{"bold":true,"text":"ejaculação precoce"},{"text":" é um problema muito comum na sua idade..."}]}]},"groupId":"k24adud48qu85t66j4jv3143"},{"id":"xoqpe7uqlsd1kkefu05kx1lz","type":"Wait","groupId":"k24adud48qu85t66j4jv3143","options":{"secondsToWaitFor":"3"}},{"id":"c2ookse6v2plddgry1cnssxm","type":"text","content":{"richText":[{"type":"p","children":[{"text":"mas esse problema tem solução!"}]}]},"groupId":"k24adud48qu85t66j4jv3143"},{"id":"g9dmszpoxdeg1hnugpnyu7b5","type":"Wait","groupId":"k24adud48qu85t66j4jv3143","options":{"secondsToWaitFor":"2"}},{"id":"yh95u33co8ui6i1saohc05y1","type":"text","content":{"richText":[{"type":"p","children":[{"text":"Vou te mandar um áudio "}]},{"type":"p","children":[{"text":"pra explicar melhor, ok?"}]}]},"groupId":"k24adud48qu85t66j4jv3143"},{"id":"q6strcfmxyke7nploptgvch2","type":"Wait","groupId":"k24adud48qu85t66j4jv3143","options":{"secondsToWaitFor":"3"}}],"graphCoordinates":{"x":729.23,"y":499.97}},{"id":"cwcyg0677jc9vdomrtediyd1","title":"Group #5","blocks":[{"id":"xnu9xk3faow54lntb5k9z7ge","type":"text","content":{"richText":[{"type":"p","children":[{"text":"Maravilha, {{Nome do broxa}}. "}]},{"type":"p","children":[{"text":""}]},{"type":"p","children":[{"text":"Sei que não é fácil, "}]},{"type":"p","children":[{"text":"eu também já passei por isso..."}]}]},"groupId":"cwcyg0677jc9vdomrtediyd1"},{"id":"qyq8t5vxb44wz07wd8kivs8t","type":"Wait","groupId":"cwcyg0677jc9vdomrtediyd1","options":{"secondsToWaitFor":"2"}},{"id":"oumd35osvabdh3rpi2c1ajhe","type":"audio","content":{"url":"https://s3.fr-par.scw.cloud/typebot/public/typebots/yrgdd5eewix7xxldy3a7ezvx/blocks/oumd35osvabdh3rpi2c1ajhe?v=1689014641229"},"groupId":"cwcyg0677jc9vdomrtediyd1"},{"id":"wjh3kp1yz2zkjlgtvlqwfhbu","type":"Wait","groupId":"cwcyg0677jc9vdomrtediyd1","options":{"secondsToWaitFor":"14"}},{"id":"w533xx2q4f7n6wte5utg2sgb","type":"text","content":{"richText":[{"type":"p","children":[{"text":"Minha maior satisfação é "},{"bold":true,"text":"devolver a dignidade"},{"text":" aos meus pacientes..."}]}]},"groupId":"cwcyg0677jc9vdomrtediyd1"},{"id":"dqxq73y02e29x340altwadt9","type":"Wait","groupId":"cwcyg0677jc9vdomrtediyd1","options":{"secondsToWaitFor":"3"},"outgoingEdgeId":"w56geeffm3sp2izy0y046ays"}],"graphCoordinates":{"x":1399.32,"y":5.43}},{"id":"snrguuez6a6nv6tdckrhkcy9","title":"Group #7","blocks":[{"id":"hn7br0zsgg8w7n5oz8035af2","type":"text","content":{"richText":[{"type":"p","children":[{"text":"Quero te dizer que tenho uma oportunidade única para você!"}]},{"type":"p","children":[{"text":""}]},{"type":"p","children":[{"text":"Ela é realmente "},{"bold":true,"text":"EXCLUSIVA","underline":true},{"text":"!"}]}]},"groupId":"snrguuez6a6nv6tdckrhkcy9"},{"id":"f7na82287p967rwjqeo31tof","type":"Wait","groupId":"snrguuez6a6nv6tdckrhkcy9","options":{"secondsToWaitFor":"4"}},{"id":"ka78ruoqnk6djnqkukjfjhun","type":"audio","content":{"url":"https://s3.fr-par.scw.cloud/typebot/public/typebots/j58uss00qpqb3ccu1ykrs17e/blocks/ka78ruoqnk6djnqkukjfjhun?v=1690318206819"},"groupId":"snrguuez6a6nv6tdckrhkcy9"},{"id":"f6ek9mztg2aru70dr60x5dm0","type":"Wait","groupId":"snrguuez6a6nv6tdckrhkcy9","options":{"secondsToWaitFor":"13"},"outgoingEdgeId":"hkk3qne33h8l8ozkfvnq4w3k"}],"graphCoordinates":{"x":1816.75,"y":43.75}},{"id":"sqayv3hmooa16bsf0iau79ma","title":"Group #8","blocks":[{"id":"llh7oucjh3sc6wipfzkd4cmd","type":"text","content":{"richText":[{"type":"p","children":[{"text":"Então, {{Nome do broxa}}."}]},{"type":"p","children":[{"text":""}]},{"type":"p","children":[{"text":"Para garantir seu "},{"bold":true,"text":"tratamento"},{"text":" "},{"bold":true,"text":"gratuito"},{"text":"..."}]}]},"groupId":"sqayv3hmooa16bsf0iau79ma"},{"id":"lxkc2mvdl4pjljghe0u5q9pd","type":"Wait","groupId":"sqayv3hmooa16bsf0iau79ma","options":{"secondsToWaitFor":"5"}},{"id":"u1ntc4hxirtcesclsukd6263","type":"text","content":{"richText":[{"type":"p","children":[{"text":"Basta você "},{"bold":true,"text":"preencher"},{"text":" "},{"bold":true,"text":"seus"},{"text":" "},{"bold":true,"text":"dados"},{"text":" e efetuar o pagamento da "},{"bold":true,"text":"taxa"},{"text":" "},{"bold":true,"text":"da"},{"text":" "},{"bold":true,"text":"receita"},{"text":" "},{"bold":true,"text":"digital"},{"text":"."}]}]},"groupId":"sqayv3hmooa16bsf0iau79ma"},{"id":"wqk9mbcx5y75c1a5fpkefr6n","type":"choice input","items":[{"id":"rxfspcvetrxh3qh4ccpjiif9","type":0,"blockId":"wqk9mbcx5y75c1a5fpkefr6n","content":"QUERO ACESSAR A RECEITA!"}],"groupId":"sqayv3hmooa16bsf0iau79ma","options":{"buttonLabel":"Send","isSearchable":false,"isMultipleChoice":false,"searchInputPlaceholder":"Filter the options..."}},{"id":"zjz41tm42q3piatev2wrch3y","type":"Wait","groupId":"sqayv3hmooa16bsf0iau79ma","options":{"secondsToWaitFor":"3"}},{"id":"tphq6lh0agli5n8bohgovx5h","type":"text","content":{"richText":[{"type":"p","children":[{"text":"Estou te "},{"bold":true,"text":"enviando a página"},{"text":" para preencher seus dados!"}]}]},"groupId":"sqayv3hmooa16bsf0iau79ma"},{"id":"yd5nq2m9d0hy9saprfq0taoa","type":"Wait","groupId":"sqayv3hmooa16bsf0iau79ma","options":{"secondsToWaitFor":"3"}},{"id":"t09isecagctgjnq5bnot6thu","type":"Redirect","groupId":"sqayv3hmooa16bsf0iau79ma","options":{"url":"https://checkout.perfectpay.com.br/pay/PPU38CMH74B?","isNewTab":false}}],"graphCoordinates":{"x":2258.08,"y":13.09}}],"variables":[{"id":"vly358ppn8b3s0ueq6zv9ofus","name":"Nome do broxa"},{"id":"vewl87tqnk9cketzxatr54kba","name":"Idade do broxa"}],"edges":[{"id":"ir41yt67vuo1ataszp8wkre6","to":{"groupId":"n6q8f0npcnf8frd3q0hzx772"},"from":{"blockId":"t3bggdjqihzjvuhbio6hyedo","groupId":"qjjgg8zy294y894wyes52eho"}},{"id":"rkrlowsn8ounjtp124y30jlq","to":{"groupId":"odoofqs7pc1ih86mfaiu9b3n"},"from":{"itemId":"bt0y37s4pqc0ww0al4d9h6xk","blockId":"ugluh82x14v22bspa32r6yj2","groupId":"e5lj1lta9mqh716cbk7xnbjz"}},{"id":"vwtzfeynctnuqdyoq05q7t7u","to":{"groupId":"cwcyg0677jc9vdomrtediyd1"},"from":{"itemId":"jke2dkvqn3ibmps7u70qy9cs","blockId":"y5ziozpx16ltrs10sjmwl0p6","groupId":"odoofqs7pc1ih86mfaiu9b3n"}},{"id":"zk2qzpdu9m9pswurgckiik7s","to":{"groupId":"e5lj1lta9mqh716cbk7xnbjz"},"from":{"blockId":"aixt8y7ve1l40axdqidyf151","groupId":"n6q8f0npcnf8frd3q0hzx772"}},{"id":"t6muteup4cmft7ohdi7s1rv0","to":{"groupId":"k24adud48qu85t66j4jv3143"},"from":{"itemId":"wienylnw7fn2uyo2lfwrqftu","blockId":"ugluh82x14v22bspa32r6yj2","groupId":"e5lj1lta9mqh716cbk7xnbjz"}},{"id":"w56geeffm3sp2izy0y046ays","to":{"groupId":"snrguuez6a6nv6tdckrhkcy9"},"from":{"blockId":"dqxq73y02e29x340altwadt9","groupId":"cwcyg0677jc9vdomrtediyd1"}},{"id":"hkk3qne33h8l8ozkfvnq4w3k","to":{"groupId":"sqayv3hmooa16bsf0iau79ma"},"from":{"blockId":"f6ek9mztg2aru70dr60x5dm0","groupId":"snrguuez6a6nv6tdckrhkcy9"}}],"theme":{"chat":{"inputs":{"color":"#303235","backgroundColor":"#FFFFFF","placeholderColor":"#9095A0"},"buttons":{"color":"#FFFFFF","backgroundColor":"#035d54"},"roundness":"large","hostAvatar":{"url":"https://s3.fr-par.scw.cloud/typebot/public/typebots/clj33dgbo000hjw0fr4wky9tf/hostAvatar?v=1687195257473","isEnabled":true},"hostBubbles":{"color":"#303235","backgroundColor":"#FFFFFF"},"guestBubbles":{"color":"#303235","backgroundColor":"#e1ffc7"}},"general":{"font":"Open Sans","background":{"type":"Image","content":"https://s3.fr-par.scw.cloud/typebot/public/typebots/cli88mae30010mh0f0yzjqn48/background?v=1685470080750"}},"customCss":".typebot-chat-view > .flex:first-child {\n    padding-top: 30px;\n}\n\n.typebot-input {\n    position: fixed;\n    bottom: 0;\n    align-items: center;\n    z-index: 999;\n    right: 0;\n}\n\n.typebot-input .typebot-button {\n    background: #008a7c;\n    border-radius: 50%;\n    color: #fff;\n    position: relative;\n    width: 50px;\n    height: 50px;\n    display: flex;\n    align-items: center;\n    justify-content: center;\n}\n\n.typebot-container {\n    background-size: initial!important;\n    background-repeat: repeat-x!important;\n}\n\n.typebot-host-bubble>.bubble-typing {\n  border-radius: 0 5px 5px 5px;\n}\n\n.typebot-host-bubble>.bubble-typing:after {\n    position: absolute;\n    content: \"\";\n    width: 0;\n    height: 0;\n    border-style: solid;\n    border-width: 0px 10px 10px 0;\n    border-color: transparent #fff transparent transparent;\n    top: 0;\n    left: -10px;\n}\n\n.typebot-guest-bubble {\n  position: relative;\n  border-radius: 5px 0 5px 5px;\n}\n\n.typebot-guest-bubble:after {\n  position: absolute;\n  content: \"\";\n  width: 0;\n  height: 0;\n  border-style: solid;\n}\n\n.typebot-guest-bubble:after {\n    border-width: 0px 0 10px 10px;\n    border-color: transparent transparent transparent #e1ffc7;\n    top: 0;\n    right: -10px;\n    border-style: solid;\n}\n\niframe[src=\"\"] {\n  position: fixed;\n  top: 0;\n  left: 0;\n  display: relative;\n  width: 100%;\n  height: 100% !important;\n  z-index: 999999;\n  border: none;\n  padding: 0;\n  margin: 0;\n}\n\na#lite-badge {\n  display: none!important;\n}"},"settings":{"general":{"rememberUser":{"isEnabled":false},"isBrandingEnabled":true,"isInputPrefillEnabled":true,"isHideQueryParamsEnabled":false},"metadata":{"title":"WhatsApp Web","imageUrl":"https://s3.fr-par.scw.cloud/typebot/public/typebots/yrgdd5eewix7xxldy3a7ezvx/ogImage?v=1689030422926","favIconUrl":"https://s3.fr-par.scw.cloud/typebot/public/typebots/yrgdd5eewix7xxldy3a7ezvx/favIcon?v=1689030497823","description":"Faça agora sua consulta com Dr. Carlos no WhatsApp.","customHeadCode":"<!-- Facebook Pixel Code -->\n<script>\n   !function(f,b,e,v,n,t,s)\n  {if(f.fbq)return;n=f.fbq=function(){n.callMethod?\n    n.callMethod.apply(n,arguments):n.queue.push(arguments)};\n    if(!f._fbq)f._fbq=n;n.push=n;n.loaded=!0;n.version='2.0';\n    n.queue=[];t=b.createElement(e);t.async=!0;\n    t.src=v;s=b.getElementsByTagName(e)[0];\n    s.parentNode.insertBefore(t,s)}(window, document,'script',\n    'https://connect.facebook.net/en_US/fbevents.js');\n    fbq('init', 'SEUPIXELAQUI');\n    fbq('track', 'PageView');\n    fbq('track', 'ViewContent');\n \n</script>\n<!-- End Facebook Pixel Code -->\n<link rel=\"stylesheet\" href=\"https://cdnjs.cloudflare.com/ajax/libs/material-design-iconic-font/2.2.0/css/material-design-iconic-font.min.css\">\n<style>\n  .hide {\n    display: none!important;\n  }\n  typebot-standard {\n    position: relative;\n    z-index: 9999;\n  }\n  #__next {\n    position: relative;\n    z-index: 9999;\n}\n  /* User Bar */\n.user-bar {\n  width: 100%;\n  height: 55px;\n  background: #005e54;\n  color: #fff;\n  padding: 0;\n  font-size: 24px;\n  position: fixed;\n  z-index: 99999;\n  display: block;\n  top: 0;\n}\n\n.user-bar:after {\n  content: \"\";\n  display: table;\n  clear: both;\n}\n\n.user-bar div {\n    float: left;\n    transform: translateY(-50%);\n    position: relative;\n    top: 50%;\n    margin-left: 10px;\n}\n\n.user-bar .actions {\n  float: right;\n  margin: 0 0 0 20px;\n}\n\n.user-bar .actions.more {\n  margin: 0 12px 0 32px;\n}\n\n.user-bar .actions.attachment {\n  margin: 0 0 0 30px;\n}\n\n.user-bar .actions.attachment i {\n  display: block;\n  transform: rotate(-45deg);\n}\n\n.user-bar .avatar {\n  margin: 0 0 0 5px;\n  width: 36px;\n  height: 36px;\n}\n\n.user-bar .avatar img {\n  border-radius: 50%;\n  box-shadow: 0 1px 0 rgba(255, 255, 255, 0.1);\n  display: block;\n  width: 100%;\n}\n\n.user-bar .name {\n  font-size: 17px;\n  font-weight: 600;\n  text-overflow: ellipsis;\n  letter-spacing: 0.3px;\n  margin: 0 0 0 8px;\n  overflow: hidden;\n  white-space: nowrap;\n  width: 150px;\n}\n\n.user-bar .status {\n  display: block;\n  font-size: 13px;\n  font-weight: 400;\n  letter-spacing: 0;\n}\n</style>\n\n<script>\nfunction criarBarra() {\n  var userBar = document.createElement(\"div\");\n  userBar.className = \"user-bar\";\n\n  var backButton = document.createElement(\"div\");\n  backButton.className = \"back\";\n  backButton.innerHTML = '<i class=\"zmdi zmdi-arrow-left\"></i>';\n\n  var avatar = document.createElement(\"div\");\n  avatar.className = \"avatar\";\n  avatar.innerHTML = '<img src=\"https://i.postimg.cc/YS6Wp8P5/host-Avatar-1.png\" alt=\"Carlos\">';\n\n  var name = document.createElement(\"div\");\n  name.className = \"name\";\n  name.innerHTML = '<span>Dr Carlos Yoshi</span><span class=\"status\">online</span>';\n\n  var moreActions = document.createElement(\"div\");\n  moreActions.className = \"actions more\";\n  moreActions.innerHTML = '<i class=\"zmdi zmdi-more-vert\"></i>';\n\n  var attachmentAction = document.createElement(\"div\");\n  attachmentAction.className = \"actions attachment\";\n  attachmentAction.innerHTML = '<i class=\"zmdi zmdi-attachment-alt\"></i>';\n\n  var phoneAction = document.createElement(\"div\");\n  phoneAction.className = \"actions\";\n  phoneAction.innerHTML = '<i class=\"zmdi zmdi-phone\"></i>';\n\n  userBar.appendChild(backButton);\n  userBar.appendChild(avatar);\n  userBar.appendChild(name);\n  userBar.appendChild(moreActions);\n  userBar.appendChild(attachmentAction);\n  userBar.appendChild(phoneAction);\n\n  var elementoPai = document.querySelector(\"#__next\");\n  if (elementoPai) {\n    elementoPai.insertBefore(userBar, elementoPai.firstChild);\n  }\n}\n\ncriarBarra();\n</script>\n"},"typingEmulation":{"speed":300,"enabled":true,"maxDelay":2}}}