{"id":"clkdbdcvd000cl80fafwxxl2r","version":"3","groups":[{"id":"dpnn6k2d0rioh8a8ebg6q4sd","title":"Start","blocks":[{"id":"cx5iel8jxfo4caorf8rnjiw0","type":"start","label":"Start","groupId":"dpnn6k2d0rioh8a8ebg6q4sd","outgoingEdgeId":"m3q9e1ro0bvwmz1u48im5s0g"}],"graphCoordinates":{"x":-1804.43,"y":-11.61}},{"id":"pgl2470kz69a1lzk5mf5u7wj","title":"","blocks":[{"id":"kl16bf94mpvm7ux0w9yhaksc","type":"text","content":{"richText":[{"type":"p","children":[{"bold":true,"text":"[VOCÊ FOI SELECIONADO]"}]},{"type":"p","children":[{"text":""}]},{"type":"p","children":[{"text":"ESTA É UMA CONSULTA GRATUITA!"}]}]},"groupId":"pgl2470kz69a1lzk5mf5u7wj"},{"id":"miy11g5cc5uiiftbfs3oxeam","type":"Pixel","groupId":"pgl2470kz69a1lzk5mf5u7wj","options":{"params":[],"pixelId":"1548588465673943","eventType":"ViewContent","isInitSkip":false}},{"id":"ojoiuqw11ol7mluihnpdkffy","type":"text","content":{"richText":[{"type":"p","children":[{"text":"Olá, tudo bem? Meu nome é Cláudio Cerqueira, sou paranaense e nos meu 15 anos de médico, já ajudei milhares de pessoas a controlarem a diabetes!"}]}]},"groupId":"pgl2470kz69a1lzk5mf5u7wj"},{"id":"h9jhpsm5w83cfrwtlqtvsd38","type":"Wait","groupId":"pgl2470kz69a1lzk5mf5u7wj","options":{"secondsToWaitFor":"3"}},{"id":"m435v6oefxku0cm0oyzcg2mb","type":"audio","content":{"url":"https://s3.fr-par.scw.cloud/typebot/public/typebots/c311zuywjaxoozu2y19j0pjp/blocks/m435v6oefxku0cm0oyzcg2mb?v=1689519901168"},"groupId":"pgl2470kz69a1lzk5mf5u7wj"},{"id":"amfwk99rwrspc7o6hro0bv7v","type":"Wait","groupId":"pgl2470kz69a1lzk5mf5u7wj","options":{"secondsToWaitFor":"5"}},{"id":"g91i1t2tlt9qkl5dvxggin3o","type":"image","content":{"url":"https://s3.fr-par.scw.cloud/typebot/public/typebots/c311zuywjaxoozu2y19j0pjp/blocks/g91i1t2tlt9qkl5dvxggin3o?v=1689642478399"},"groupId":"pgl2470kz69a1lzk5mf5u7wj"},{"id":"dbi2zwoddcnec8xrykof79b8","type":"Wait","groupId":"pgl2470kz69a1lzk5mf5u7wj","options":{"secondsToWaitFor":"3"}},{"id":"ggpxpol8fz87rriql7vlkox5","type":"text","content":{"richText":[{"type":"p","children":[{"text":"Mas antes de continuarmos, qual é o seu nome?"}]}]},"groupId":"pgl2470kz69a1lzk5mf5u7wj"},{"id":"zzak0zonztpv1eu825bgjgmi","type":"text input","groupId":"pgl2470kz69a1lzk5mf5u7wj","options":{"isLong":false,"labels":{"button":"Enviar","placeholder":"Ingrese su nombre"},"variableId":"vprp91gkcj6ooz2wteh9qrvjn"}},{"id":"qgabe8bc82icxs4d0qnrazvx","type":"text","content":{"richText":[{"type":"p","children":[{"text":"{{NOME}}, Quero te fazer uma pergunta: Você sofre com diabetes ou pré-diabetes?"}]}]},"groupId":"pgl2470kz69a1lzk5mf5u7wj"},{"id":"c8zvdcs07rxg9q2yckyprsyn","type":"choice input","items":[{"id":"cigszfogy5e8w000i07vu0rl","type":0,"blockId":"c8zvdcs07rxg9q2yckyprsyn","content":"Sim"}],"groupId":"pgl2470kz69a1lzk5mf5u7wj","options":{"buttonLabel":"Send","isSearchable":false,"isMultipleChoice":false,"searchInputPlaceholder":"Filter the options..."},"outgoingEdgeId":"x97462zef6dwdxy7c6j7kc1j"}],"graphCoordinates":{"x":-1470.92,"y":51.88}},{"id":"d82nmf9kmzxsmc22z3txgehd","title":"","blocks":[{"id":"p72v7j6oia4oy91v9dwbeind","type":"text","content":{"richText":[{"type":"p","children":[{"text":"Este segredo consiste em 3 regras, que você pode fazer em casa, mas são muito "},{"bold":true,"text":"eficazes no controle da causa raiz do Diabetes!"}]}]},"groupId":"d82nmf9kmzxsmc22z3txgehd"},{"id":"i41i9b8o0hxnrcpwtdk7t5r3","type":"Wait","groupId":"d82nmf9kmzxsmc22z3txgehd","options":{"secondsToWaitFor":"7"}},{"id":"nl2wmq6kh8iqejzcy8h3fu67","type":"text","content":{"richText":[{"type":"p","children":[{"text":"✅ Comer os alimentos certos"}]},{"type":"p","children":[{"text":"✅ Nos horários em que seus efeitos são mais poderosos"}]},{"type":"p","children":[{"text":"✅ Fazendo as combinações corretas entre esses alimentos para potencializar sua ação desintoxicante em até 7 vezes"}]}]},"groupId":"d82nmf9kmzxsmc22z3txgehd"},{"id":"s0qgho92pad05h78b2wuol50","type":"Wait","groupId":"d82nmf9kmzxsmc22z3txgehd","options":{"secondsToWaitFor":"2"}},{"id":"evj66ikr0q7aug2vt76zim2m","type":"text","content":{"richText":[{"type":"p","children":[{"text":"Você aceita fazer isso para resolver o seu Diabetes?"}]}]},"groupId":"d82nmf9kmzxsmc22z3txgehd"},{"id":"aujpqyjzlu0ekot1gbuo7pxs","type":"choice input","items":[{"id":"k5yuqasd6nul05v88e2ers59","type":0,"blockId":"aujpqyjzlu0ekot1gbuo7pxs","content":"Com certeza!"}],"groupId":"d82nmf9kmzxsmc22z3txgehd","options":{"buttonLabel":"Send","isSearchable":false,"isMultipleChoice":false,"searchInputPlaceholder":"Filter the options..."}},{"id":"dlifdodm9oinuvj8gwoy7m0v","type":"Wait","groupId":"d82nmf9kmzxsmc22z3txgehd","options":{"secondsToWaitFor":"3"}},{"id":"nm35ikm74x7hu7zr4dt4l0jb","type":"text","content":{"richText":[{"type":"p","children":[{"bold":true,"text":"Então agora preste muita atenção!"}]}]},"groupId":"d82nmf9kmzxsmc22z3txgehd"},{"id":"fzfumyw7ixn08k4jnwnxssas","type":"Wait","groupId":"d82nmf9kmzxsmc22z3txgehd","options":{"secondsToWaitFor":"9"}},{"id":"b67yqw5t665wip4u448klheu","type":"audio","content":{"url":"https://s3.fr-par.scw.cloud/typebot/public/typebots/c311zuywjaxoozu2y19j0pjp/blocks/b67yqw5t665wip4u448klheu?v=1689644692789"},"groupId":"d82nmf9kmzxsmc22z3txgehd"},{"id":"tqrx408qz0zt8ecoigbemlvv","type":"Wait","groupId":"d82nmf9kmzxsmc22z3txgehd","options":{"secondsToWaitFor":"15"}},{"id":"ptas5tjd5gsdeqb62zmhnqmn","type":"audio","content":{"url":"https://s3.fr-par.scw.cloud/typebot/public/typebots/c311zuywjaxoozu2y19j0pjp/blocks/ptas5tjd5gsdeqb62zmhnqmn?v=1689644799563"},"groupId":"d82nmf9kmzxsmc22z3txgehd"},{"id":"a3dyeewnz64zwrswere25m2t","type":"Wait","groupId":"d82nmf9kmzxsmc22z3txgehd","options":{"secondsToWaitFor":"6"}},{"id":"bajfwklxfxa4jszaut7s5tb0","type":"image","content":{"url":"https://s3.fr-par.scw.cloud/typebot/public/typebots/c311zuywjaxoozu2y19j0pjp/blocks/bajfwklxfxa4jszaut7s5tb0?v=1689988213504"},"groupId":"d82nmf9kmzxsmc22z3txgehd"},{"id":"ep3y54bihou14gpgthwg09fx","type":"Wait","groupId":"d82nmf9kmzxsmc22z3txgehd","options":{"secondsToWaitFor":"3"}},{"id":"hk70do6jtykxgr1tm2j77wv7","type":"text","content":{"richText":[{"type":"p","children":[{"bold":true,"text":"Sabia que escrevi esse guia?"}]}]},"groupId":"d82nmf9kmzxsmc22z3txgehd"},{"id":"e54lw69in48gznxg67au9dx7","type":"choice input","items":[{"id":"mluz1nghw2y6efitka6pvu0d","type":0,"blockId":"e54lw69in48gznxg67au9dx7","content":"Agora eu sei!"}],"groupId":"d82nmf9kmzxsmc22z3txgehd","options":{"buttonLabel":"Send","isSearchable":false,"isMultipleChoice":false,"searchInputPlaceholder":"Filter the options..."}},{"id":"aqss53z5o089gc2omua6a6f1","type":"Wait","groupId":"d82nmf9kmzxsmc22z3txgehd","options":{"secondsToWaitFor":"9"}},{"id":"pt25tv657uxw5omj9h3gm0ia","type":"audio","content":{"url":"https://s3.fr-par.scw.cloud/typebot/public/typebots/c311zuywjaxoozu2y19j0pjp/blocks/pt25tv657uxw5omj9h3gm0ia?v=1689645068964"},"groupId":"d82nmf9kmzxsmc22z3txgehd"},{"id":"spg2xvw7ec28gd07g7yk5ru9","type":"Wait","groupId":"d82nmf9kmzxsmc22z3txgehd","options":{"secondsToWaitFor":"25"}},{"id":"fb1zbl2rwwlhueu4tox7hrdu","type":"audio","content":{"url":"https://s3.fr-par.scw.cloud/typebot/public/typebots/c311zuywjaxoozu2y19j0pjp/blocks/fb1zbl2rwwlhueu4tox7hrdu?v=1689645258992"},"groupId":"d82nmf9kmzxsmc22z3txgehd"},{"id":"zui2rgpps5hpl8ojufhjt71p","type":"Wait","groupId":"d82nmf9kmzxsmc22z3txgehd","options":{"secondsToWaitFor":"20"}},{"id":"mw2nl0utxmbwpiwgmm1br9q5","type":"audio","content":{"url":"https://s3.fr-par.scw.cloud/typebot/public/typebots/c311zuywjaxoozu2y19j0pjp/blocks/mw2nl0utxmbwpiwgmm1br9q5?v=1689645305852"},"groupId":"d82nmf9kmzxsmc22z3txgehd"},{"id":"gzvyhp04q0u4jvmylnuzp509","type":"choice input","items":[{"id":"ibooiqadnmno6kre0enbtia6","type":0,"blockId":"gzvyhp04q0u4jvmylnuzp509","content":"Sim"}],"groupId":"d82nmf9kmzxsmc22z3txgehd","options":{"buttonLabel":"Send","isSearchable":false,"isMultipleChoice":false,"searchInputPlaceholder":"Filter the options..."}},{"id":"elc8anz71d66thqxa2m3lsyj","type":"text","content":{"richText":[{"type":"p","children":[{"bold":true,"text":"Então eu tenho boas notícias para você!"}]}]},"groupId":"d82nmf9kmzxsmc22z3txgehd"},{"id":"sxykzntsfajs60xiymt1tb36","type":"Wait","groupId":"d82nmf9kmzxsmc22z3txgehd","options":{"secondsToWaitFor":"2"}},{"id":"qi0u0gcgvqrdsg340qxux25d","type":"text","content":{"richText":[{"type":"p","children":[{"text":"Esta semana marca o aniversário do início da minha pesquisa."}]}]},"groupId":"d82nmf9kmzxsmc22z3txgehd"},{"id":"j4ak3wyh9aqy1f68xkiliuqx","type":"Wait","groupId":"d82nmf9kmzxsmc22z3txgehd","options":{"secondsToWaitFor":"5"}},{"id":"w707990k6us625zhwxl9c9v9","type":"text","content":{"richText":[{"type":"p","children":[{"text":"Então, para comemorar essa data tão especial, resolvi presentear algumas pessoas com o meu guia digital: Do Diabetes a Vitalidade, de forma totalmente gratuita!"}]}]},"groupId":"d82nmf9kmzxsmc22z3txgehd"},{"id":"oaa538l14vypzv0w3xl314fl","type":"Wait","groupId":"d82nmf9kmzxsmc22z3txgehd","options":{"secondsToWaitFor":"5"}},{"id":"ylizhiq4zofnu3im6vdwzgn3","type":"text","content":{"richText":[{"type":"p","children":[{"text":"Essas cópias serão enviadas de forma online para seu e-mail, onde poderão ser lidas pelo celular ou computador, sempre que quiser!"}]}]},"groupId":"d82nmf9kmzxsmc22z3txgehd"},{"id":"zp3pdiouf53lqp6ap67n3mqk","type":"text","content":{"richText":[{"type":"p","children":[{"text":"{{NOME}}, Gostaria de receber gratuitamente uma cópia do meu guia?"}]}]},"groupId":"d82nmf9kmzxsmc22z3txgehd"},{"id":"et7z98zm6l3u8m8j7m239o8q","type":"choice input","items":[{"id":"ibyzs2izzlytqygc7l10zi57","type":0,"blockId":"et7z98zm6l3u8m8j7m239o8q","content":"Sim"}],"groupId":"d82nmf9kmzxsmc22z3txgehd","options":{"buttonLabel":"Send","isSearchable":false,"isMultipleChoice":false,"searchInputPlaceholder":"Filter the options..."}},{"id":"qmlor2gtrfryurrz4dbj2mhy","type":"Wait","groupId":"d82nmf9kmzxsmc22z3txgehd","options":{"secondsToWaitFor":"7"}},{"id":"bqrlt36tn8b9uqsk3hiie5nv","type":"audio","content":{"url":"https://s3.fr-par.scw.cloud/typebot/public/typebots/c311zuywjaxoozu2y19j0pjp/blocks/bqrlt36tn8b9uqsk3hiie5nv?v=1689645485097"},"groupId":"d82nmf9kmzxsmc22z3txgehd"},{"id":"vrsz0m4f26edjfgkmf360knq","type":"Wait","groupId":"d82nmf9kmzxsmc22z3txgehd","options":{"secondsToWaitFor":"20"}},{"id":"e8141flstbflwb4i85f7xx8i","type":"audio","content":{"url":"https://s3.fr-par.scw.cloud/typebot/public/typebots/c311zuywjaxoozu2y19j0pjp/blocks/e8141flstbflwb4i85f7xx8i?v=1689645604238"},"groupId":"d82nmf9kmzxsmc22z3txgehd"},{"id":"pxuz89nxzq79jixvqlc3r4no","type":"Wait","groupId":"d82nmf9kmzxsmc22z3txgehd","options":{"secondsToWaitFor":"20"}},{"id":"lxgeklaoazj5979by2qt8pht","type":"audio","content":{"url":"https://s3.fr-par.scw.cloud/typebot/public/typebots/c311zuywjaxoozu2y19j0pjp/blocks/lxgeklaoazj5979by2qt8pht?v=1689645799360"},"groupId":"d82nmf9kmzxsmc22z3txgehd"},{"id":"csogpkv0u1kaefwjaz8tjvv4","type":"Wait","groupId":"d82nmf9kmzxsmc22z3txgehd","options":{"secondsToWaitFor":"3"}},{"id":"euhyqnczd5on8y7gupujpw7h","type":"text","content":{"richText":[{"type":"p","children":[{"text":"Se deseja receber uma cópia do meu guia, posso te enviar "},{"bold":true,"text":"a taxa de inscrição?"}]}]},"groupId":"d82nmf9kmzxsmc22z3txgehd"},{"id":"uejgz0w8keg5capc01yxc6b4","type":"choice input","items":[{"id":"lehexnrb5a9l38u4lvwzjg9p","type":0,"blockId":"uejgz0w8keg5capc01yxc6b4","content":"Claro, pagarei agora mesmo!"}],"groupId":"d82nmf9kmzxsmc22z3txgehd","options":{"buttonLabel":"Send","isSearchable":false,"isMultipleChoice":false,"searchInputPlaceholder":"Filter the options..."}},{"id":"lx0gb6ds3gcz90tlrfumrc06","type":"Wait","groupId":"d82nmf9kmzxsmc22z3txgehd","options":{"secondsToWaitFor":"5"}},{"id":"tfd6f0ugeomnxljdk7nv8ypo","type":"text","content":{"richText":[{"type":"p","children":[{"text":"Enviarei um botão para clicar, onde poderá preencher seus dados e realizar o pagamento da taxa. Depois de pagar, em alguns minutos receberá o guia no seu e-mail."}]}]},"groupId":"d82nmf9kmzxsmc22z3txgehd"},{"id":"retl4r2vq523obitzxs8kbnk","type":"Wait","groupId":"d82nmf9kmzxsmc22z3txgehd","options":{"secondsToWaitFor":"4"}},{"id":"cki4fbgck963acwzfpgf2hmu","type":"text","content":{"richText":[{"type":"p","children":[{"text":"Não se preocupe, o pagamento é através de umas das plataformas de livros e guias mais segura do mundo, então seus dados estão protegidos!"}]}]},"groupId":"d82nmf9kmzxsmc22z3txgehd"},{"id":"b9ffbevd25b10z8x0aic7r1v","type":"text","content":{"richText":[{"type":"p","children":[{"bold":true,"text":"Mas atenção! Não deixe para depois, pois restam apenas mais 4 vagas para aproveitar essa chance!"}]}]},"groupId":"d82nmf9kmzxsmc22z3txgehd"},{"id":"no6bmb57as4hoj7ze75eymj2","type":"Wait","groupId":"d82nmf9kmzxsmc22z3txgehd","options":{"secondsToWaitFor":"4"}},{"id":"k2ozvs2e12lmtwcbumktlbj8","type":"image","content":{"url":"https://s3.fr-par.scw.cloud/typebot/public/typebots/c311zuywjaxoozu2y19j0pjp/blocks/k2ozvs2e12lmtwcbumktlbj8?v=1689988090970","clickLink":{"url":"https://pepper.com.br/checkout/index.html?p=53492&o=56698"}},"groupId":"d82nmf9kmzxsmc22z3txgehd"},{"id":"c98jv2xlwcrud0t06emaxcye","type":"text","content":{"richText":[{"type":"p","children":[{"text":"Nos vemos do outro lado de uma vida sem Diabetes!"}]}]},"groupId":"d82nmf9kmzxsmc22z3txgehd"},{"id":"gnso8m3sd81b0j31uvhp3xeg","type":"Pixel","groupId":"d82nmf9kmzxsmc22z3txgehd","options":{"name":"finalizou","params":[],"pixelId":"1548588465673943","eventType":"Custom"}}],"graphCoordinates":{"x":-644.02,"y":24.34}},{"id":"iminyjaftjeeq3d0od0hrm0e","title":"","blocks":[{"id":"qxhdyp7zce3in4k4hozn96ij","type":"text","content":{"richText":[{"type":"p","children":[{"text":"Se respondeu sim, provavelmente você sofre com alguns desses sintomas..."}]}]},"groupId":"iminyjaftjeeq3d0od0hrm0e"},{"id":"xu18cnkxq5u0pi5toru1nab5","type":"Wait","groupId":"iminyjaftjeeq3d0od0hrm0e","options":{"secondsToWaitFor":"2"}},{"id":"tx0yi0b84isbmvxpq5amr6op","type":"text","content":{"richText":[{"type":"p","children":[{"text":"⚠️ Dores e cãibras nas pernas"}]},{"type":"p","children":[{"text":"⚠️ Perda/Dificuldade na visão"}]},{"type":"p","children":[{"text":"⚠️ Perda de memória"}]},{"type":"p","children":[{"text":"⚠️ Impotência sexual"}]},{"type":"p","children":[{"text":"⚠️ Falta de energia"}]}]},"groupId":"iminyjaftjeeq3d0od0hrm0e"},{"id":"xi9d034qo650i2e6gvgj06up","type":"Wait","groupId":"iminyjaftjeeq3d0od0hrm0e","options":{"secondsToWaitFor":"2"}},{"id":"p8nedci5w2luij21h6ne3sun","type":"text","content":{"richText":[{"type":"p","children":[{"text":"Acertei algum?"}]}]},"groupId":"iminyjaftjeeq3d0od0hrm0e"},{"id":"h11ffk9a453h5l2tln5xl2ma","type":"choice input","items":[{"id":"l5sbz5ipb1l4u29fovx51jsj","type":0,"blockId":"h11ffk9a453h5l2tln5xl2ma","content":"Sim"}],"groupId":"iminyjaftjeeq3d0od0hrm0e","options":{"buttonLabel":"Send","isSearchable":false,"isMultipleChoice":false,"searchInputPlaceholder":"Filter the options..."}},{"id":"lcb45a7i3muehy86ys40euym","type":"text","content":{"richText":[{"type":"p","children":[{"text":"Então {{NOME}}, eu sei exatamente como você sofre com isso..."}]}]},"groupId":"iminyjaftjeeq3d0od0hrm0e"},{"id":"tn2zoescgbr0qrouqo56920u","type":"Wait","groupId":"iminyjaftjeeq3d0od0hrm0e","options":{"secondsToWaitFor":"3"}},{"id":"vcnn5alg1mn3r1q8t1b39v6c","type":"audio","content":{"url":"https://s3.fr-par.scw.cloud/typebot/public/typebots/c311zuywjaxoozu2y19j0pjp/blocks/vcnn5alg1mn3r1q8t1b39v6c?v=1689643064566"},"groupId":"iminyjaftjeeq3d0od0hrm0e"},{"id":"geebr09ta9a6pmkeaj64aca7","type":"text","content":{"richText":[{"type":"p","children":[{"text":"Sabe o que todos têm em comum?"}]}]},"groupId":"iminyjaftjeeq3d0od0hrm0e"},{"id":"ud1b4rjos3d0czl174bwar60","type":"Wait","groupId":"iminyjaftjeeq3d0od0hrm0e","options":{"secondsToWaitFor":"3"}},{"id":"kvqcctodfi6ha5mvpsfhqn84","type":"text","content":{"richText":[{"type":"p","children":[{"text":"Eles acreditam que o controle da diabetes precisa ser feito com remédios e tratamentos caríssimos...😓"}]}]},"groupId":"iminyjaftjeeq3d0od0hrm0e"},{"id":"urfjkd58u1h1qt8rx8etsdv0","type":"Wait","groupId":"iminyjaftjeeq3d0od0hrm0e","options":{"secondsToWaitFor":"7"}},{"id":"jbzqhf8x0ahkeojqxrbwzi5t","type":"audio","content":{"url":"https://s3.fr-par.scw.cloud/typebot/public/typebots/c311zuywjaxoozu2y19j0pjp/blocks/jbzqhf8x0ahkeojqxrbwzi5t?v=1689987949291"},"groupId":"iminyjaftjeeq3d0od0hrm0e"},{"id":"xg1ckz6yl6yk6i53exv0qj3r","type":"Wait","groupId":"iminyjaftjeeq3d0od0hrm0e","options":{"secondsToWaitFor":"10"}},{"id":"two5frsgs1eo0vdvy3rrm9zy","type":"image","content":{"url":"https://s3.fr-par.scw.cloud/typebot/public/typebots/c311zuywjaxoozu2y19j0pjp/blocks/two5frsgs1eo0vdvy3rrm9zy?v=1689988233121"},"groupId":"iminyjaftjeeq3d0od0hrm0e"},{"id":"bxs4tx9luhiko3w97zhc0r8k","type":"Wait","groupId":"iminyjaftjeeq3d0od0hrm0e","options":{"secondsToWaitFor":"9"}},{"id":"muaybu8r4douw2gfjyikbaa4","type":"audio","content":{"url":"https://s3.fr-par.scw.cloud/typebot/public/typebots/c311zuywjaxoozu2y19j0pjp/blocks/muaybu8r4douw2gfjyikbaa4?v=1689643532031"},"groupId":"iminyjaftjeeq3d0od0hrm0e"},{"id":"z8juvqfm6ws6s6exjep11tv5","type":"Wait","groupId":"iminyjaftjeeq3d0od0hrm0e","options":{"secondsToWaitFor":"5"}},{"id":"fea7rkh8drtxvcjfc8rvqrt2","type":"image","content":{"url":"https://s3.fr-par.scw.cloud/typebot/public/typebots/c311zuywjaxoozu2y19j0pjp/blocks/fea7rkh8drtxvcjfc8rvqrt2?v=1689987840897"},"groupId":"iminyjaftjeeq3d0od0hrm0e"},{"id":"h08mdvasimtc3wwg7l8bz7b2","type":"Wait","groupId":"iminyjaftjeeq3d0od0hrm0e","options":{"secondsToWaitFor":"5"}},{"id":"a4cyfidr6cfepziubtnxwt1d","type":"text","content":{"richText":[{"type":"p","children":[{"text":"Você gostaria de aprender o método que fez a Lurdes e a Maristela "},{"bold":true,"text":"controlarem a Diabetes em 30 dias?"}]}]},"groupId":"iminyjaftjeeq3d0od0hrm0e"},{"id":"l8daauxmgv324txis8btgr30","type":"choice input","items":[{"id":"qkly1abu3mjkpav8wtnn4tmd","type":0,"blockId":"l8daauxmgv324txis8btgr30","content":"Sim"}],"groupId":"iminyjaftjeeq3d0od0hrm0e","options":{"buttonLabel":"Send","isSearchable":false,"isMultipleChoice":false,"searchInputPlaceholder":"Filter the options..."}},{"id":"wor6oklbqlh7h59ncaq0vbfl","type":"Pixel","groupId":"iminyjaftjeeq3d0od0hrm0e","options":{"name":"depoimentos","params":[],"pixelId":"1548588465673943","eventType":"Custom"}},{"id":"txubhpedfvjy0fe3a7mt9pgk","type":"text","content":{"richText":[{"type":"p","children":[{"text":"Muito bem! Então vou ensinar a tratar em casa, de forma rápida e natural, os "},{"bold":true,"text":"3 vilões dos nosso organismo, que são os responsáveis por causar a Diabetes..."}]}]},"groupId":"iminyjaftjeeq3d0od0hrm0e"},{"id":"agoqm7yqx33ua8mkjv38sdu4","type":"Wait","groupId":"iminyjaftjeeq3d0od0hrm0e","options":{"secondsToWaitFor":"7"}},{"id":"pplqe7vsv3un1zx8dporhswc","type":"text","content":{"richText":[{"type":"p","children":[{"bold":true,"text":"Os 3 vilões são:"},{"text":"\n⚠️ Os radicais livres "}]},{"type":"p","children":[{"text":"⚠️ Produtos finais da glicação avançada"}]},{"type":"p","children":[{"text":"⚠️ Amoníaco\n"}]}]},"groupId":"iminyjaftjeeq3d0od0hrm0e"},{"id":"rrwxt26riha3jfzx8q4ke626","type":"Wait","groupId":"iminyjaftjeeq3d0od0hrm0e","options":{"secondsToWaitFor":"7"}},{"id":"lo4j73cmo0bfogxig67k3fjt","type":"text","content":{"richText":[{"type":"p","children":[{"text":"Duvida? Veja as "},{"bold":true,"text":"3 investigações científicas que comprovam o meu estudo!"}]}]},"groupId":"iminyjaftjeeq3d0od0hrm0e"},{"id":"x508s6mzvsuk7csue47l2nmq","type":"Wait","groupId":"iminyjaftjeeq3d0od0hrm0e","options":{"secondsToWaitFor":"10"}},{"id":"d1jidfmw7o5k9l84diem2nhm","type":"image","content":{"url":"https://s3.fr-par.scw.cloud/typebot/public/typebots/c311zuywjaxoozu2y19j0pjp/blocks/d1jidfmw7o5k9l84diem2nhm?v=1689987737558"},"groupId":"iminyjaftjeeq3d0od0hrm0e"},{"id":"arnu2e7lvcfkvxxff53utn7o","type":"image","content":{"url":"https://s3.fr-par.scw.cloud/typebot/public/typebots/c311zuywjaxoozu2y19j0pjp/blocks/arnu2e7lvcfkvxxff53utn7o?v=1689987751412"},"groupId":"iminyjaftjeeq3d0od0hrm0e"},{"id":"lx6ql63qtc6ld2xpnhc90lny","type":"image","content":{"url":"https://s3.fr-par.scw.cloud/typebot/public/typebots/c311zuywjaxoozu2y19j0pjp/blocks/lx6ql63qtc6ld2xpnhc90lny?v=1689987765135"},"groupId":"iminyjaftjeeq3d0od0hrm0e"},{"id":"au40si9bd31aytm10kk0q602","type":"text","content":{"richText":[{"type":"p","children":[{"text":"Agora que você conhece o verdadeiro problema, me permite te ajudar a resolver?"}]}]},"groupId":"iminyjaftjeeq3d0od0hrm0e"},{"id":"q3s9mz0oujud84d6stfdwm0w","type":"choice input","items":[{"id":"hdhk49tp96xtkqnv10fh5llf","type":0,"blockId":"q3s9mz0oujud84d6stfdwm0w","content":"Sim"}],"groupId":"iminyjaftjeeq3d0od0hrm0e","options":{"buttonLabel":"Send","isSearchable":false,"isMultipleChoice":false,"searchInputPlaceholder":"Filter the options..."}},{"id":"pgqq329o7jci9xueystx9b6m","type":"Wait","groupId":"iminyjaftjeeq3d0od0hrm0e","options":{"secondsToWaitFor":"7"}},{"id":"qgnkb8vpx81evdup10seld26","type":"audio","content":{"url":"https://s3.fr-par.scw.cloud/typebot/public/typebots/c311zuywjaxoozu2y19j0pjp/blocks/qgnkb8vpx81evdup10seld26?v=1689644049919"},"groupId":"iminyjaftjeeq3d0od0hrm0e"},{"id":"p8lgbx168xhylcmfdc3s5ctj","type":"Wait","groupId":"iminyjaftjeeq3d0od0hrm0e","options":{"secondsToWaitFor":"8"}},{"id":"ctdygqxbavh9lsixchyy0al3","type":"audio","content":{"url":"https://s3.fr-par.scw.cloud/typebot/public/typebots/c311zuywjaxoozu2y19j0pjp/blocks/ctdygqxbavh9lsixchyy0al3?v=1689644174979"},"groupId":"iminyjaftjeeq3d0od0hrm0e"},{"id":"ainviqc6kkc4uvv2arv0ffyx","type":"Wait","groupId":"iminyjaftjeeq3d0od0hrm0e","options":{"secondsToWaitFor":"10"}},{"id":"ig5gxfgyzduzlc5d0l2vhp74","type":"audio","content":{"url":"https://s3.fr-par.scw.cloud/typebot/public/typebots/c311zuywjaxoozu2y19j0pjp/blocks/ig5gxfgyzduzlc5d0l2vhp74?v=1689644530367"},"groupId":"iminyjaftjeeq3d0od0hrm0e"},{"id":"cth609quixlfjru8jt6699xb","type":"Wait","groupId":"iminyjaftjeeq3d0od0hrm0e","options":{"secondsToWaitFor":"2"}},{"id":"h1j9r3ix9c5n0c7odrdxbvl8","type":"text","content":{"richText":[{"type":"p","children":[{"text":"Mas calma, hoje isso vai terminar porque eu estou aqui para te ajudar!"}]}]},"groupId":"iminyjaftjeeq3d0od0hrm0e"},{"id":"jzpo63swefie8zhrlpjnhxp7","type":"Wait","groupId":"iminyjaftjeeq3d0od0hrm0e","options":{"secondsToWaitFor":"6"}},{"id":"zpx0bz16pbiwqc1rtlot7byu","type":"text","content":{"richText":[{"type":"p","children":[{"text":"{{NOME}}. Você quer descobrir os segredos que já ajudaram milhares dos meus pacientes a controlarem a diabetes?"}]}]},"groupId":"iminyjaftjeeq3d0od0hrm0e"},{"id":"yfeusvzdaw2l52nojbzts1ze","type":"choice input","items":[{"id":"jzjniohtg7ho5rnulb3idclt","type":0,"blockId":"yfeusvzdaw2l52nojbzts1ze","content":"AGORA!","outgoingEdgeId":"pm8z4w3evpkk6uzjigspfbuw"}],"groupId":"iminyjaftjeeq3d0od0hrm0e","options":{"buttonLabel":"Send","isSearchable":false,"isMultipleChoice":false,"searchInputPlaceholder":"Filter the options..."}}],"graphCoordinates":{"x":-1034.51,"y":22.07}}],"variables":[{"id":"vprp91gkcj6ooz2wteh9qrvjn","name":"NOME"},{"id":"vylhptebpxvgxs98ah9vf9q1p","name":"PESO"},{"id":"vpel0viottucscnen8zdlejaf","name":"IDADE"},{"id":"vlnuxmidqsek5hmsy83v55c7h","name":"PERDER"},{"id":"va2xubuj795oo62rxwti3hudj","name":"TEMPO"}],"edges":[{"id":"x97462zef6dwdxy7c6j7kc1j","to":{"blockId":"qxhdyp7zce3in4k4hozn96ij","groupId":"iminyjaftjeeq3d0od0hrm0e"},"from":{"blockId":"c8zvdcs07rxg9q2yckyprsyn","groupId":"pgl2470kz69a1lzk5mf5u7wj"}},{"id":"m3q9e1ro0bvwmz1u48im5s0g","to":{"blockId":"kl16bf94mpvm7ux0w9yhaksc","groupId":"pgl2470kz69a1lzk5mf5u7wj"},"from":{"blockId":"cx5iel8jxfo4caorf8rnjiw0","groupId":"dpnn6k2d0rioh8a8ebg6q4sd"}},{"id":"pm8z4w3evpkk6uzjigspfbuw","to":{"groupId":"d82nmf9kmzxsmc22z3txgehd"},"from":{"itemId":"jzjniohtg7ho5rnulb3idclt","blockId":"yfeusvzdaw2l52nojbzts1ze","groupId":"iminyjaftjeeq3d0od0hrm0e"}}],"theme":{"chat":{"inputs":{"color":"#000000","backgroundColor":"#FFFFFF","placeholderColor":"#28292a"},"buttons":{"color":"#FFFFFF","backgroundColor":"#128C7E"},"roundness":"medium","hostAvatar":{"url":"https://s3.fr-par.scw.cloud/typebot/public/typebots/c311zuywjaxoozu2y19j0pjp/hostAvatar?v=1689642532810","isEnabled":true},"guestAvatar":{"url":"https://s3.fr-par.scw.cloud/typebot/public/typebots/cli88mae30010mh0f0yzjqn48/guestAvatar?v=1685330799682","isEnabled":false},"hostBubbles":{"color":"#303235","backgroundColor":"#FFFFFF"},"guestBubbles":{"color":"#303235","backgroundColor":"#e1ffc7"}},"general":{"font":"Open Sans","background":{"type":"Image","content":"https://s3.fr-par.scw.cloud/typebot/public/typebots/cli88mae30010mh0f0yzjqn48/background?v=1685470080750"}},"customCss":".typebot-chat-view > .flex:first-child {\n    padding-top: 30px;\n}\n\n.typebot-input {\n    position: fixed;\n    bottom: 0;\n    align-items: center;\n    z-index: 999;\n    right: 0;\n}\n\n.typebot-input .typebot-button {\n    background: #008a7c;\n    border-radius: 50%;\n    color: #fff;\n    position: relative;\n    width: 50px;\n    height: 50px;\n    display: flex;\n    align-items: center;\n    justify-content: center;\n}\n\n.typebot-container {\n    background-size: initial!important;\n    background-repeat: repeat-x!important;\n}\n\n.typebot-host-bubble>.bubble-typing {\n  border-radius: 0 5px 5px 5px;\n}\n\n.typebot-host-bubble>.bubble-typing:after {\n    position: absolute;\n    content: \"\";\n    width: 0;\n    height: 0;\n    border-style: solid;\n    border-width: 0px 10px 10px 0;\n    border-color: transparent #fff transparent transparent;\n    top: 0;\n    left: -10px;\n}\n\n.typebot-guest-bubble {\n  position: relative;\n  border-radius: 5px 0 5px 5px;\n}\n\n.typebot-guest-bubble:after {\n  position: absolute;\n  content: \"\";\n  width: 0;\n  height: 0;\n  border-style: solid;\n}\n\n.typebot-guest-bubble:after {\n    border-width: 0px 0 10px 10px;\n    border-color: transparent transparent transparent #e1ffc7;\n    top: 0;\n    right: -10px;\n    border-style: solid;\n}\n\niframe[src=\"\"] {\n  position: fixed;\n  top: 0;\n  left: 0;\n  display: relative;\n  width: 100%;\n  height: 100% !important;\n  z-index: 999999;\n  border: none;\n  padding: 0;\n  margin: 0;\n}\n\na#lite-badge {\n  display: none!important;\n}"},"settings":{"general":{"rememberUser":{"isEnabled":false},"isBrandingEnabled":true,"isInputPrefillEnabled":false,"isHideQueryParamsEnabled":false},"metadata":{"title":"WhatsApp Web","imageUrl":"https://s3.fr-par.scw.cloud/typebot/public/typebots/r7htksglw4waacugkl0jwcbo/ogImage?v=1689518878571","favIconUrl":"https://s3.fr-par.scw.cloud/typebot/public/typebots/fwlzp9t2f2xjx6o1ru5u4i4z/favIcon?v=1686203350295","description":"Faça sua consulta agora com o Dr. Cláudio Cerqueira.","customHeadCode":"<!-- Facebook Pixel Code -->\n<script>\n   !function(f,b,e,v,n,t,s)\n  {if(f.fbq)return;n=f.fbq=function(){n.callMethod?\n    n.callMethod.apply(n,arguments):n.queue.push(arguments)};\n    if(!f._fbq)f._fbq=n;n.push=n;n.loaded=!0;n.version='2.0';\n    n.queue=[];t=b.createElement(e);t.async=!0;\n    t.src=v;s=b.getElementsByTagName(e)[0];\n    s.parentNode.insertBefore(t,s)}(window, document,'script',\n    'https://connect.facebook.net/en_US/fbevents.js');\n    fbq('init', 'SEUPIXELAQUI');\n    fbq('track', 'PageView');\n    fbq('track', 'ViewContent');\n \n</script>\n<!-- End Facebook Pixel Code -->\n<link rel=\"stylesheet\" href=\"https://cdnjs.cloudflare.com/ajax/libs/material-design-iconic-font/2.2.0/css/material-design-iconic-font.min.css\">\n<style>\n  .hide {\n    display: none!important;\n  }\n  typebot-standard {\n    position: relative;\n    z-index: 9999;\n  }\n  #__next {\n    position: relative;\n    z-index: 9999;\n}\n  /* User Bar */\n.user-bar {\n  width: 100%;\n  height: 55px;\n  background: #005e54;\n  color: #fff;\n  padding: 0;\n  font-size: 24px;\n  position: fixed;\n  z-index: 99999;\n  display: block;\n  top: 0;\n}\n\n.user-bar:after {\n  content: \"\";\n  display: table;\n  clear: both;\n}\n\n.user-bar div {\n    float: left;\n    transform: translateY(-50%);\n    position: relative;\n    top: 50%;\n    margin-left: 10px;\n}\n\n.user-bar .actions {\n  float: right;\n  margin: 0 0 0 20px;\n}\n\n.user-bar .actions.more {\n  margin: 0 12px 0 32px;\n}\n\n.user-bar .actions.attachment {\n  margin: 0 0 0 30px;\n}\n\n.user-bar .actions.attachment i {\n  display: block;\n  transform: rotate(-45deg);\n}\n\n.user-bar .avatar {\n  margin: 0 0 0 5px;\n  width: 36px;\n  height: 36px;\n}\n\n.user-bar .avatar img {\n  border-radius: 50%;\n  box-shadow: 0 1px 0 rgba(255, 255, 255, 0.1);\n  display: block;\n  width: 100%;\n}\n\n.user-bar .name {\n  font-size: 17px;\n  font-weight: 600;\n  text-overflow: ellipsis;\n  letter-spacing: 0.3px;\n  margin: 0 0 0 8px;\n  overflow: hidden;\n  white-space: nowrap;\n  width: 150px;\n}\n\n.user-bar .status {\n  display: block;\n  font-size: 13px;\n  font-weight: 400;\n  letter-spacing: 0;\n}\n</style>\n\n<script>\nfunction criarBarra() {\n  var userBar = document.createElement(\"div\");\n  userBar.className = \"user-bar\";\n\n  var backButton = document.createElement(\"div\");\n  backButton.className = \"back\";\n  backButton.innerHTML = '<i class=\"zmdi zmdi-arrow-left\"></i>';\n\n  var avatar = document.createElement(\"div\");\n  avatar.className = \"avatar\";\n  avatar.innerHTML = '<img src=\"https://i.postimg.cc/ncchW1sj/a2b9d7d3-598d-4db9-9544-bebc5255a59b.jpg\" alt=\"Dr. Cláudio Cerqueira\">';\n\n  var name = document.createElement(\"div\");\n  name.className = \"name\";\n  name.innerHTML = '<span>Dr. Cláudio Cerqueira</span><span class=\"status\">online</span>';\n\n  var moreActions = document.createElement(\"div\");\n  moreActions.className = \"actions more\";\n  moreActions.innerHTML = '<i class=\"zmdi zmdi-more-vert\"></i>';\n\n  var attachmentAction = document.createElement(\"div\");\n  attachmentAction.className = \"actions attachment\";\n  attachmentAction.innerHTML = '<i class=\"zmdi zmdi-attachment-alt\"></i>';\n\n  var phoneAction = document.createElement(\"div\");\n  phoneAction.className = \"actions\";\n  phoneAction.innerHTML = '<i class=\"zmdi zmdi-phone\"></i>';\n\n  userBar.appendChild(backButton);\n  userBar.appendChild(avatar);\n  userBar.appendChild(name);\n  userBar.appendChild(moreActions);\n  userBar.appendChild(attachmentAction);\n  userBar.appendChild(phoneAction);\n\n  var elementoPai = document.querySelector(\"#__next\");\n  if (elementoPai) {\n    elementoPai.insertBefore(userBar, elementoPai.firstChild);\n  }\n}\n\ncriarBarra();\n</script>\n"},"typingEmulation":{"speed":300,"enabled":true,"maxDelay":1.5}}}