{"id":"clk62n7pz0024jv0f8fdn9ise","version":"3","groups":[{"id":"p6ouhvyw5a2msi2yn0f3sswj","title":"Start","blocks":[{"id":"cx5iel8jxfo4caorf8rnjiw0","type":"start","label":"Start","groupId":"p6ouhvyw5a2msi2yn0f3sswj"}],"graphCoordinates":{"x":-1778.33,"y":130.68}},{"id":"a007u5zsach7yne2m4xbwv8k","title":"","blocks":[{"id":"m3ew2uuuqi8gvx1mkyijt1eq","type":"Wait","groupId":"a007u5zsach7yne2m4xbwv8k","options":{"secondsToWaitFor":"3"}},{"id":"ojoiuqw11ol7mluihnpdkffy","type":"text","content":{"richText":[{"type":"p","children":[{"text":""},{"url":"https://emojis.wiki/pt/cor-verde/","type":"a","target":"_blank","children":[{"text":"🟢"}]},{"text":" Dr. Renato Bacci entrou no chat... ","italic":true,"underline":true}]}]},"groupId":"a007u5zsach7yne2m4xbwv8k"},{"id":"zm67yqs8vrzi86c08hgjl7md","type":"Wait","groupId":"a007u5zsach7yne2m4xbwv8k","options":{"secondsToWaitFor":"3"}},{"id":"h96tme0eg1kp6ce196yokl9q","type":"text","content":{"richText":[{"type":"p","children":[{"bold":true,"text":"Olá, tudo bem? "},{"text":"Vamos eliminar essas dores chatas de joelho? "}]}]},"groupId":"a007u5zsach7yne2m4xbwv8k"},{"id":"h9jhpsm5w83cfrwtlqtvsd38","type":"Wait","groupId":"a007u5zsach7yne2m4xbwv8k","options":{"secondsToWaitFor":"4"}},{"id":"bt8y0eqf0bspl68pgbnpgpbc","type":"audio","content":{"url":"https://s3.fr-par.scw.cloud/typebot/public/typebots/gdvng2nq301zj251jxkfo34z/blocks/bt8y0eqf0bspl68pgbnpgpbc?v=1690220708111"},"groupId":"a007u5zsach7yne2m4xbwv8k"},{"id":"xdzu0szbdmpp367h9fvghaor","type":"image","content":{"url":"https://s3.fr-par.scw.cloud/typebot/public/typebots/gdvng2nq301zj251jxkfo34z/blocks/xdzu0szbdmpp367h9fvghaor?v=1690056545606"},"groupId":"a007u5zsach7yne2m4xbwv8k"},{"id":"zjqk3gg9bxqe01n16doa8dh5","type":"Wait","groupId":"a007u5zsach7yne2m4xbwv8k","options":{"secondsToWaitFor":"4"}},{"id":"ycdwnep5brztnr7ip6qj8uat","type":"text","content":{"richText":[{"type":"p","children":[{"text":"E o melhor de tudo é que com essa receita em menos de 06 dias você não terá mais nenhuma dor... "}]}]},"groupId":"a007u5zsach7yne2m4xbwv8k"},{"id":"xhocnox2gf2edsglyfbitzre","type":"Wait","groupId":"a007u5zsach7yne2m4xbwv8k","options":{"secondsToWaitFor":"3"}},{"id":"aarbjpqitevkxvd4dw2e1gvi","type":"image","content":{"url":"https://s3.fr-par.scw.cloud/typebot/public/typebots/gdvng2nq301zj251jxkfo34z/blocks/aarbjpqitevkxvd4dw2e1gvi?v=1690214596136"},"groupId":"a007u5zsach7yne2m4xbwv8k"},{"id":"amfwk99rwrspc7o6hro0bv7v","type":"Wait","groupId":"a007u5zsach7yne2m4xbwv8k","options":{"secondsToWaitFor":"5"}},{"id":"dm5j0zhtgts5mspuy0sqplw0","type":"text","content":{"richText":[{"type":"p","children":[{"bold":true,"text":"Para que eu possa prosseguir, preciso entender exatamente qual a dor que você está sentindo... Pode me dizer qual a parte do joelho que doi?"},{"text":" "},{"text":"Se tiver alguma doença apenas digite o nome dela... ","italic":true}]}]},"groupId":"a007u5zsach7yne2m4xbwv8k"},{"id":"jy25433rckvpfzpml7nh1gj0","type":"text input","groupId":"a007u5zsach7yne2m4xbwv8k","options":{"isLong":false,"labels":{"button":"Enviar","placeholder":"Digite aqui..."}},"outgoingEdgeId":"r4bteap2unvkw0yzigfhb2of"}],"graphCoordinates":{"x":-1438.54,"y":10.75}},{"id":"c086dp39663ew6pl8cbv30b5","title":"","blocks":[{"id":"fzfumyw7ixn08k4jnwnxssas","type":"Wait","groupId":"c086dp39663ew6pl8cbv30b5","options":{"secondsToWaitFor":"3"}},{"id":"ygtm78id4s457r0u0jgivacx","type":"text","content":{"richText":[{"type":"p","children":[{"bold":true,"text":"Ok, salvando suas respostas para personalizarmos o seu passo a passo de cura em 06 dias..."},{"text":"  "}]}]},"groupId":"c086dp39663ew6pl8cbv30b5"},{"id":"tb3zxt8qtnhlmb4npljlrazk","type":"Wait","groupId":"c086dp39663ew6pl8cbv30b5","options":{"secondsToWaitFor":"3"}},{"id":"sy18ruaqgezgjmtbfq328eix","type":"text","content":{"richText":[{"type":"p","children":[{"bold":true,"text":"Qual o horarário "},{"text":"do dia que você está disponível para fazer o passo a passo e curar as dores no joelho? "}]}]},"groupId":"c086dp39663ew6pl8cbv30b5"},{"id":"xl1xtsy238zj7qgvw39xop59","type":"choice input","items":[{"id":"y3c5kdzwldp4gi94tgog5i5v","type":0,"blockId":"xl1xtsy238zj7qgvw39xop59","content":"MANHÃ","outgoingEdgeId":"x2eaxbo9rcgyvoelqppm19xv"},{"id":"cq1xwimglwjqumusawkp2bd8","type":0,"blockId":"xl1xtsy238zj7qgvw39xop59","content":"TARDE","outgoingEdgeId":"q11ka07munw4q01k42pqydzx"},{"id":"i0y8cbx6mtorutey126pur0i","type":0,"blockId":"xl1xtsy238zj7qgvw39xop59","content":"NOITE","outgoingEdgeId":"ykrbp3rp9vqkvczk28eph8m1"}],"groupId":"c086dp39663ew6pl8cbv30b5","options":{"buttonLabel":"Send","isSearchable":false,"isMultipleChoice":false,"searchInputPlaceholder":"Filter the options..."}},{"id":"iz4q76wup5b9rwnna9skfk76","type":"text","content":{"richText":[{"type":"p","children":[{"bold":true,"text":"Ok, salvando..."}]}]},"groupId":"c086dp39663ew6pl8cbv30b5"},{"id":"mlirrb66h69b5qw9bqmjt11v","type":"Wait","groupId":"c086dp39663ew6pl8cbv30b5","options":{"secondsToWaitFor":"4"}},{"id":"pt25tv657uxw5omj9h3gm0ia","type":"audio","content":{"url":"https://s3.fr-par.scw.cloud/typebot/public/typebots/gdvng2nq301zj251jxkfo34z/blocks/pt25tv657uxw5omj9h3gm0ia?v=1690215963705"},"groupId":"c086dp39663ew6pl8cbv30b5"},{"id":"zui2rgpps5hpl8ojufhjt71p","type":"Wait","groupId":"c086dp39663ew6pl8cbv30b5","options":{"secondsToWaitFor":"8"},"outgoingEdgeId":"au5eusza48pj2tct12x3l1n1"}],"graphCoordinates":{"x":-620.69,"y":27.67}},{"id":"fokq6vkv0az7ww1kusllnzwv","title":"","blocks":[{"id":"jod99kisimo8xbxjd1sfga1q","type":"text","content":{"richText":[{"type":"p","children":[{"text":"Você terá nos próximos 06 dias..."}]}]},"groupId":"fokq6vkv0az7ww1kusllnzwv"},{"id":"uio0m6rgdl03xxvrtn992ueg","type":"Wait","groupId":"fokq6vkv0az7ww1kusllnzwv","options":{"secondsToWaitFor":"3"}},{"id":"f79ru6dedcyjtkkye1yid1v3","type":"text","content":{"richText":[{"type":"p","children":[{"text":"✅ "},{"bold":true,"text":"Alívio Imediato das Dores"}]},{"type":"p","children":[{"text":"✅ "},{"bold":true,"text":"Reduz Inchaços e Inflamações"}]},{"type":"p","children":[{"text":"✅ "},{"bold":true,"text":"Destrava as articulações  "}]},{"type":"p","children":[{"text":"✅ "},{"bold":true,"text":"Acaba com a dor e latejamento "}]},{"type":"p","children":[{"text":"✅ "},{"bold":true,"text":"Aumenta a mobilidade"}]},{"type":"p","children":[{"text":"✅ "},{"bold":true,"text":"Promove a reparação do tecido cartilaginoso"}]},{"type":"p","children":[{"text":"✅ "},{"bold":true,"text":"Melhor desempenho nas atividades que promovem exercícios"},{"text":" "}]}]},"groupId":"fokq6vkv0az7ww1kusllnzwv"},{"id":"kpfco0mzd82cejvl38o3vrv0","type":"text","content":{"richText":[{"type":"p","children":[{"bold":true,"text":"✅ NUNCA MAIS SE PREOCUPE COM AS CHATAS DORES DE JOELHO...","italic":true,"underline":true}]}]},"groupId":"fokq6vkv0az7ww1kusllnzwv"},{"id":"kohkoy958vdwsri62sp9n4rs","type":"Wait","groupId":"fokq6vkv0az7ww1kusllnzwv","options":{"secondsToWaitFor":"2"}},{"id":"ainxogmfe4htc04k6r5429xt","type":"text","content":{"richText":[{"type":"p","children":[{"text":"✅"},{"bold":true,"text":" "},{"bold":true,"text":"A CURA CABE NA SUA AGENDA! LEVA SOMENTE 3 MINUTOS POR DIA","underline":true}]},{"type":"p","children":[{"bold":true,"text":"✅"},{"bold":true,"text":" INGREDIENTES SIMPLES... VOCÊ VAI PRECISAR SOMENTE DE ALGUMAS PLANTAS E ÁGUA...","underline":true}]}]},"groupId":"fokq6vkv0az7ww1kusllnzwv"},{"id":"ajrb9odpovoh1qrju3wubv7r","type":"Wait","groupId":"fokq6vkv0az7ww1kusllnzwv","options":{"secondsToWaitFor":"10"}},{"id":"awajkyoa54dbn3z9mp1gd8ay","type":"text","content":{"richText":[{"type":"p","children":[{"text":"Posso confirmar a sua vaga para você curar todas as dores e inflamações nos joelhos com atendimeto e acompanhamento "},{"bold":true,"text":"EXCLUSIVO no whatsapp?  "}]}]},"groupId":"fokq6vkv0az7ww1kusllnzwv"},{"id":"hndznvt3tm6pmbypzjks52kw","type":"choice input","items":[{"id":"he39k8aiqam0y0idc44mwjny","type":0,"blockId":"hndznvt3tm6pmbypzjks52kw","content":"Sim, quero confirmar e acabar com as dores! ","outgoingEdgeId":"pboktnrofsi8fyu7ogxr1ddi"}],"groupId":"fokq6vkv0az7ww1kusllnzwv","options":{"buttonLabel":"Send","isSearchable":false,"isMultipleChoice":false,"searchInputPlaceholder":"Filter the options..."}}],"graphCoordinates":{"x":-234.66,"y":23.88}},{"id":"c5flrw4lojatyyrq6nhkb11a","title":"","blocks":[{"id":"xx0tz6shuzkw3e8ojkiuo7xa","type":"Wait","groupId":"c5flrw4lojatyyrq6nhkb11a","options":{"secondsToWaitFor":"4"}},{"id":"u7gicxzqt86c60dbcthn9ki9","type":"text","content":{"richText":[{"type":"p","children":[{"bold":true,"text":"JÁ CONFIRMEI SUA VAGA! "},{"text":"Agora vou te redirecionar para o meu contato pessoal para iniciarmos o nosso método é "},{"bold":true,"text":"ACABAR DE VEZ COM AS DORES."},{"text":".."}]}]},"groupId":"c5flrw4lojatyyrq6nhkb11a"},{"id":"v32jcjbjmb1p17rjol6fz2xd","type":"Wait","groupId":"c5flrw4lojatyyrq6nhkb11a","options":{"secondsToWaitFor":"3"}},{"id":"zrn05uylkt436frzmdq7ffl6","type":"text","content":{"richText":[{"type":"p","children":[{"bold":true,"text":"ATENÇÃO NÃO SAIA DESSA CONVERSA AINDA:"},{"bold":true,"text":" Em instântes você será redirecionado (a) para o meu whatsapp pessoal, basta aguardar aqui e assim que abrir a aba me encaminhe um \"oi\" no whatsapp para completar a sua inscrição... ","italic":true}]}]},"groupId":"c5flrw4lojatyyrq6nhkb11a"},{"id":"txkzg3nq7zg9xg4ip5kaicx9","type":"Wait","groupId":"c5flrw4lojatyyrq6nhkb11a","options":{"secondsToWaitFor":"4"}},{"id":"b5uy2cizmiyjzukdynejit9b","type":"text","content":{"richText":[{"type":"p","children":[{"bold":true,"text":"Redirecionamento em 3...","italic":true,"underline":true}]}]},"groupId":"c5flrw4lojatyyrq6nhkb11a"},{"id":"z9xtques906r0pf6z3nqo5h6","type":"Wait","groupId":"c5flrw4lojatyyrq6nhkb11a","options":{"secondsToWaitFor":"2"}},{"id":"oyv3yns96hsk5ohzs28v7d0m","type":"text","content":{"richText":[{"type":"p","children":[{"bold":true,"text":"2...","italic":true,"underline":true}]}]},"groupId":"c5flrw4lojatyyrq6nhkb11a"},{"id":"h67h2wvgejbgqnhrw3mp3rcw","type":"Wait","groupId":"c5flrw4lojatyyrq6nhkb11a","options":{"secondsToWaitFor":"2"}},{"id":"shwuw5gj2xw7et1ud8dyza6b","type":"text","content":{"richText":[{"type":"p","children":[{"bold":true,"text":"1...","italic":true,"underline":true}]}]},"groupId":"c5flrw4lojatyyrq6nhkb11a"},{"id":"asnveema94rmyat9cnwfnu1b","type":"Wait","groupId":"c5flrw4lojatyyrq6nhkb11a","options":{"secondsToWaitFor":"10"}},{"id":"vq2wqekzomicwqw9i6kigwwq","type":"Redirect","groupId":"c5flrw4lojatyyrq6nhkb11a","options":{"url":"https://wa.me/553491078934?text=Oii%2C+acabei+de+falar+com+voc%C3%AA+para+preencher+a+vaga...+Pode+me+ajudar%3F+","isNewTab":false}}],"graphCoordinates":{"x":1538.05,"y":38.93}},{"id":"i4r2muv8t9rwewvx8wgxn5qv","title":"","blocks":[{"id":"tn2zoescgbr0qrouqo56920u","type":"Wait","groupId":"i4r2muv8t9rwewvx8wgxn5qv","options":{"secondsToWaitFor":"2"}},{"id":"mkcdq3xhll69y2hhvdr5levu","type":"audio","content":{"url":"https://s3.fr-par.scw.cloud/typebot/public/typebots/gdvng2nq301zj251jxkfo34z/blocks/mkcdq3xhll69y2hhvdr5levu?v=1690221392064"},"groupId":"i4r2muv8t9rwewvx8wgxn5qv"},{"id":"t7zytjhbv0h4x0xjl37p1722","type":"Wait","groupId":"i4r2muv8t9rwewvx8wgxn5qv","options":{"secondsToWaitFor":"20"}},{"id":"gow99xlbmtklqtb97ea7c0dl","type":"text","content":{"richText":[{"type":"p","children":[{"bold":true,"text":"Sendo mais claro... Vamos montar um grupo no WHATSAPP para você ter um resultado mais rápido e preciso... "},{"bold":true,"text":"sendo EU, VOCÊ E TODA A MINHA EQUIPE... ","italic":true,"underline":true}]}]},"groupId":"i4r2muv8t9rwewvx8wgxn5qv"},{"id":"w192hvqzdv6zbmtrxhe7nwev","type":"Wait","groupId":"i4r2muv8t9rwewvx8wgxn5qv","options":{"secondsToWaitFor":"4"}},{"id":"c2qho53un1ewphs6om54ufp6","type":"audio","content":{"url":"https://s3.fr-par.scw.cloud/typebot/public/typebots/gdvng2nq301zj251jxkfo34z/blocks/c2qho53un1ewphs6om54ufp6?v=1690221800306"},"groupId":"i4r2muv8t9rwewvx8wgxn5qv"},{"id":"o07qebsebephxszbkimwk6ac","type":"Wait","groupId":"i4r2muv8t9rwewvx8wgxn5qv","options":{"secondsToWaitFor":"14"}},{"id":"vcnn5alg1mn3r1q8t1b39v6c","type":"audio","content":{"url":"https://s3.fr-par.scw.cloud/typebot/public/typebots/gdvng2nq301zj251jxkfo34z/blocks/vcnn5alg1mn3r1q8t1b39v6c?v=1690221814170"},"groupId":"i4r2muv8t9rwewvx8wgxn5qv"},{"id":"ud1b4rjos3d0czl174bwar60","type":"Wait","groupId":"i4r2muv8t9rwewvx8wgxn5qv","options":{"secondsToWaitFor":"9"}},{"id":"jo0gad2djizcuttx6f3c8vuv","type":"text","content":{"richText":[{"type":"p","children":[{"bold":true,"text":"Agora preciso saber de você para te ajudar ainda mais e encaminhar a receita indígena... "},{"text":"Ah quanto tempo você vem sofrendo com essas dores no joelho? "}]}]},"groupId":"i4r2muv8t9rwewvx8wgxn5qv"},{"id":"o8xmfmwvbxcw6c8n29hlan2k","type":"choice input","items":[{"id":"mwn3b5lirssrzp4n9ywobya6","type":0,"blockId":"o8xmfmwvbxcw6c8n29hlan2k","content":"Há menos de 1 ano ","outgoingEdgeId":"pobac1yptx9iz8tfqm0h382w"},{"id":"ozsnenjih0xwdn91kyc53vxq","type":0,"blockId":"o8xmfmwvbxcw6c8n29hlan2k","content":"Há mais de 1 ano ","outgoingEdgeId":"ywl7ylmvhoh9eapujc197s1a"}],"groupId":"i4r2muv8t9rwewvx8wgxn5qv","options":{"buttonLabel":"Send","isSearchable":false,"isMultipleChoice":false,"searchInputPlaceholder":"Filter the options..."}}],"graphCoordinates":{"x":-1033.26,"y":28.32}},{"id":"hzz4jvxazvdiyyl7zarh7rxm","title":"","blocks":[{"id":"yhlim9mkjwgki9psjmez89yq","type":"Wait","groupId":"hzz4jvxazvdiyyl7zarh7rxm","options":{"secondsToWaitFor":"3"}},{"id":"joqrj26lqgheb66nnzc5ih55","type":"text","content":{"richText":[{"type":"p","children":[{"bold":true,"text":"CONFIRMANDO VAGA... ","underline":true}]}]},"groupId":"hzz4jvxazvdiyyl7zarh7rxm"},{"id":"pkj0rfr3twytsfft7zm9rha1","type":"text","content":{"richText":[{"type":"p","children":[{"text":"Por ser um "},{"bold":true,"text":"acompanhamento individual"},{"text":", infelizmente eu não consigo abrir vagas para todo mundo…"}]}]},"groupId":"hzz4jvxazvdiyyl7zarh7rxm"},{"id":"kjbfh67z9jjtngekezooid1p","type":"audio","content":{"url":"https://s3.fr-par.scw.cloud/typebot/public/typebots/gdvng2nq301zj251jxkfo34z/blocks/kjbfh67z9jjtngekezooid1p?v=1690050575962"},"groupId":"hzz4jvxazvdiyyl7zarh7rxm"},{"id":"gn1jx5x2gpcmz5j1e0lcfc7a","type":"Wait","groupId":"hzz4jvxazvdiyyl7zarh7rxm","options":{"secondsToWaitFor":"18"}},{"id":"tz3xluurjoq5csx9cnue2430","type":"audio","content":{"url":"https://s3.fr-par.scw.cloud/typebot/public/typebots/gdvng2nq301zj251jxkfo34z/blocks/tz3xluurjoq5csx9cnue2430?v=1690050547316"},"groupId":"hzz4jvxazvdiyyl7zarh7rxm"},{"id":"a0k5eg3bvz0fscbdbo0i5dhd","type":"Wait","groupId":"hzz4jvxazvdiyyl7zarh7rxm","options":{"secondsToWaitFor":"14"}},{"id":"cphoezkly39r5bk5x51pwqa4","type":"audio","content":{"url":"https://s3.fr-par.scw.cloud/typebot/public/typebots/gdvng2nq301zj251jxkfo34z/blocks/cphoezkly39r5bk5x51pwqa4?v=1690050635664"},"groupId":"hzz4jvxazvdiyyl7zarh7rxm"},{"id":"b5vjefb4ktfxy7uk2v5fvwje","type":"Wait","groupId":"hzz4jvxazvdiyyl7zarh7rxm","options":{"secondsToWaitFor":"5"}},{"id":"v2fv11uas0og135v90mj8kpo","type":"text","content":{"richText":[{"type":"p","children":[{"bold":true,"text":"O valor de segurança que você deixará como garantia até o final do sexto dia é de  "},{"text":"  "},{"bold":true,"text":"R$ 19,70…"},{"text":" "}]}]},"groupId":"hzz4jvxazvdiyyl7zarh7rxm"},{"id":"uactg8jzqxc971qu23b8xgs5","type":"Wait","groupId":"hzz4jvxazvdiyyl7zarh7rxm","options":{"secondsToWaitFor":"7"}},{"id":"m1i0x6k7ohtebqms5z5c6ucy","type":"audio","content":{"url":"https://s3.fr-par.scw.cloud/typebot/public/typebots/gdvng2nq301zj251jxkfo34z/blocks/m1i0x6k7ohtebqms5z5c6ucy?v=1690050663081"},"groupId":"hzz4jvxazvdiyyl7zarh7rxm"},{"id":"a2ezv1h3wkz0quct1pbdn2vl","type":"Wait","groupId":"hzz4jvxazvdiyyl7zarh7rxm","options":{"secondsToWaitFor":"10"}},{"id":"lm6882bsbnzo8tjoru33is9k","type":"audio","content":{"url":"https://s3.fr-par.scw.cloud/typebot/public/typebots/gdvng2nq301zj251jxkfo34z/blocks/lm6882bsbnzo8tjoru33is9k?v=1690050696714"},"groupId":"hzz4jvxazvdiyyl7zarh7rxm"},{"id":"j1y8qct2jstwv04m8yezfgbx","type":"Wait","groupId":"hzz4jvxazvdiyyl7zarh7rxm","options":{"secondsToWaitFor":"5"}},{"id":"ba7v8zg2pcnstmeqt2tsj50l","type":"text","content":{"richText":[{"type":"p","children":[{"bold":true,"text":"Posso te redirecionar para completar a sua vaga e eliminar de uma vez por todas as dores no joelho?"}]}]},"groupId":"hzz4jvxazvdiyyl7zarh7rxm"},{"id":"f6oea5ozfkobfa3tm5p4k8m3","type":"choice input","items":[{"id":"flm8jvmr0mbyc1loe7zy9q19","type":0,"blockId":"f6oea5ozfkobfa3tm5p4k8m3","content":"Sim, pode me redirecionar para completar! ","outgoingEdgeId":"ai6s2z0op1gb1s1ylgvsn5hi"}],"groupId":"hzz4jvxazvdiyyl7zarh7rxm","options":{"buttonLabel":"Send","isSearchable":false,"isMultipleChoice":false,"searchInputPlaceholder":"Filter the options..."}},{"id":"tk9osi810ps1jyt0dymer7o2","type":"Wait","groupId":"hzz4jvxazvdiyyl7zarh7rxm","options":{"secondsToWaitFor":"3"}},{"id":"rxun8e1tjgbcjym8k7lzky83","type":"text","content":{"richText":[{"type":"p","children":[{"bold":true,"text":"AGORA VOU TE REDIRECIONAR PARA A SEGUNDA PARTE ONDE VOCÊ PREENCHERÁ TODOS OS DADOS E  COMPLETARÁ A SUA VAGA... "}]}]},"groupId":"hzz4jvxazvdiyyl7zarh7rxm"},{"id":"t0zkk0q5ay6zt8jm47dts77x","type":"text","content":{"richText":[{"type":"p","children":[{"text":"Após finalizar você receberá uma mensagem da minha assistente no whatsapp para montar o nosso grupo. ","italic":true,"underline":true}]}]},"groupId":"hzz4jvxazvdiyyl7zarh7rxm"},{"id":"ruqt8iiow53wjallcgmk194k","type":"Wait","groupId":"hzz4jvxazvdiyyl7zarh7rxm","options":{"secondsToWaitFor":"6"}},{"id":"jcyaz945btwsjm8to5z7w9u3","type":"Redirect","groupId":"hzz4jvxazvdiyyl7zarh7rxm","options":{"url":"https://pepper.com.br/checkout/index.html?p=54402&o=57832","isNewTab":false}}],"graphCoordinates":{"x":149.66,"y":18}},{"id":"tk029kibq19kisel2n13o4de","title":"Group #8","blocks":[{"id":"nrqdr8yrabv7gn2o4tyae55w","type":"text","content":{"richText":[{"type":"p","children":[{"bold":true,"text":"Basta aguardar que vou te redirecionar para concluir a sua inscrição."}]}]},"groupId":"tk029kibq19kisel2n13o4de"}],"graphCoordinates":{"x":905.3,"y":845.76}},{"id":"by0cpuegu78oz85y7ovwgrij","title":"Group #9","blocks":[{"id":"m7fdycmddpjjt9fvoh510vr8","type":"audio","content":{"url":"https://s3.fr-par.scw.cloud/typebot/public/typebots/gdvng2nq301zj251jxkfo34z/blocks/m7fdycmddpjjt9fvoh510vr8?v=1689549903902"},"groupId":"by0cpuegu78oz85y7ovwgrij"}],"graphCoordinates":{"x":900.51,"y":382.42}},{"id":"ubwoxxdy6s7k2z8sh03jqdlk","title":"Group #10","blocks":[{"id":"od1zom0te9g5sonhv7zsz72e","type":"Wait","groupId":"ubwoxxdy6s7k2z8sh03jqdlk","options":{"secondsToWaitFor":"9"}}],"graphCoordinates":{"x":902.26,"y":229.23}},{"id":"oxyhwhbtltyoi9ty1pc48by0","title":"Group #12","blocks":[{"id":"h1j9r3ix9c5n0c7odrdxbvl8","type":"text","content":{"richText":[{"type":"p","children":[{"bold":true,"text":"Você gostaria de participar do meu programa gratuito zero dores no joelho? "},{"text":"Ele vai funcionar durante 6 dias, onde você vai receber diariamente o passo a passo para curar as dores e inflamações... "}]}]},"groupId":"oxyhwhbtltyoi9ty1pc48by0"}],"graphCoordinates":{"x":909.67,"y":-325.65}},{"id":"fdkyvgrtogdpubz8td4fi5p4","title":"Group #12","blocks":[{"id":"mq3ym636u3i8nlefw1dttx04","type":"text","content":{"richText":[{"type":"p","children":[{"bold":true,"text":"Prontinho! "},{"text":"Agora quero te mostrar uma pessoa que ajudei que com toda certeza você conhece! "}]}]},"groupId":"fdkyvgrtogdpubz8td4fi5p4"}],"graphCoordinates":{"x":908.34,"y":-3.48}},{"id":"mzrvk4kwua17t5jwj6yyhdnh","title":"Group #13","blocks":[{"id":"qgabe8bc82icxs4d0qnrazvx","type":"text","content":{"richText":[{"type":"p","children":[{"text":"Gostaria de participar do meu "},{"bold":true,"text":"PROGRAMA"},{"text":" "},{"bold":true,"text":"GRATUITO "},{"text":"e eliminar de vez as dores e inflamações chatas e inconvenientes no joelho?"}]}]},"groupId":"mzrvk4kwua17t5jwj6yyhdnh"}],"graphCoordinates":{"x":900,"y":570.35}}],"variables":[{"id":"vprp91gkcj6ooz2wteh9qrvjn","name":"NOME"},{"id":"vylhptebpxvgxs98ah9vf9q1p","name":"PESO"},{"id":"vpel0viottucscnen8zdlejaf","name":"IDADE"},{"id":"vlnuxmidqsek5hmsy83v55c7h","name":"PERDER"},{"id":"va2xubuj795oo62rxwti3hudj","name":"TEMPO"}],"edges":[{"id":"r511ttny3fasmbzzmqo89yjm","to":{"blockId":"jod99kisimo8xbxjd1sfga1q","groupId":"fokq6vkv0az7ww1kusllnzwv"},"from":{"blockId":"b2923j6eho3hoitcyt7t2elu","groupId":"c086dp39663ew6pl8cbv30b5"}},{"id":"ai6s2z0op1gb1s1ylgvsn5hi","to":{"blockId":"rxun8e1tjgbcjym8k7lzky83","groupId":"hzz4jvxazvdiyyl7zarh7rxm"},"from":{"itemId":"flm8jvmr0mbyc1loe7zy9q19","blockId":"f6oea5ozfkobfa3tm5p4k8m3","groupId":"hzz4jvxazvdiyyl7zarh7rxm"}},{"id":"x2eaxbo9rcgyvoelqppm19xv","to":{"blockId":"iz4q76wup5b9rwnna9skfk76","groupId":"c086dp39663ew6pl8cbv30b5"},"from":{"itemId":"y3c5kdzwldp4gi94tgog5i5v","blockId":"xl1xtsy238zj7qgvw39xop59","groupId":"c086dp39663ew6pl8cbv30b5"}},{"id":"q11ka07munw4q01k42pqydzx","to":{"blockId":"iz4q76wup5b9rwnna9skfk76","groupId":"c086dp39663ew6pl8cbv30b5"},"from":{"itemId":"cq1xwimglwjqumusawkp2bd8","blockId":"xl1xtsy238zj7qgvw39xop59","groupId":"c086dp39663ew6pl8cbv30b5"}},{"id":"ykrbp3rp9vqkvczk28eph8m1","to":{"blockId":"iz4q76wup5b9rwnna9skfk76","groupId":"c086dp39663ew6pl8cbv30b5"},"from":{"itemId":"i0y8cbx6mtorutey126pur0i","blockId":"xl1xtsy238zj7qgvw39xop59","groupId":"c086dp39663ew6pl8cbv30b5"}},{"id":"pobac1yptx9iz8tfqm0h382w","to":{"blockId":"fzfumyw7ixn08k4jnwnxssas","groupId":"c086dp39663ew6pl8cbv30b5"},"from":{"itemId":"mwn3b5lirssrzp4n9ywobya6","blockId":"o8xmfmwvbxcw6c8n29hlan2k","groupId":"i4r2muv8t9rwewvx8wgxn5qv"}},{"id":"ywl7ylmvhoh9eapujc197s1a","to":{"blockId":"fzfumyw7ixn08k4jnwnxssas","groupId":"c086dp39663ew6pl8cbv30b5"},"from":{"itemId":"ozsnenjih0xwdn91kyc53vxq","blockId":"o8xmfmwvbxcw6c8n29hlan2k","groupId":"i4r2muv8t9rwewvx8wgxn5qv"}},{"id":"au5eusza48pj2tct12x3l1n1","to":{"blockId":"jod99kisimo8xbxjd1sfga1q","groupId":"fokq6vkv0az7ww1kusllnzwv"},"from":{"blockId":"zui2rgpps5hpl8ojufhjt71p","groupId":"c086dp39663ew6pl8cbv30b5"}},{"id":"r4bteap2unvkw0yzigfhb2of","to":{"blockId":"tn2zoescgbr0qrouqo56920u","groupId":"i4r2muv8t9rwewvx8wgxn5qv"},"from":{"blockId":"jy25433rckvpfzpml7nh1gj0","groupId":"a007u5zsach7yne2m4xbwv8k"}},{"id":"pboktnrofsi8fyu7ogxr1ddi","to":{"blockId":"yhlim9mkjwgki9psjmez89yq","groupId":"hzz4jvxazvdiyyl7zarh7rxm"},"from":{"itemId":"he39k8aiqam0y0idc44mwjny","blockId":"hndznvt3tm6pmbypzjks52kw","groupId":"fokq6vkv0az7ww1kusllnzwv"}}],"theme":{"chat":{"inputs":{"color":"#000000","backgroundColor":"#FFFFFF","placeholderColor":"#28292a"},"buttons":{"color":"#FFFFFF","backgroundColor":"#128C7E"},"roundness":"medium","hostAvatar":{"url":"https://s3.fr-par.scw.cloud/typebot/public/typebots/gdvng2nq301zj251jxkfo34z/hostAvatar?v=1690056030418","isEnabled":true},"guestAvatar":{"url":"https://s3.fr-par.scw.cloud/typebot/public/typebots/cli88mae30010mh0f0yzjqn48/guestAvatar?v=1685330799682","isEnabled":false},"hostBubbles":{"color":"#303235","backgroundColor":"#FFFFFF"},"guestBubbles":{"color":"#303235","backgroundColor":"#e1ffc7"}},"general":{"font":"Open Sans","background":{"type":"Image","content":"https://s3.fr-par.scw.cloud/typebot/public/typebots/cli88mae30010mh0f0yzjqn48/background?v=1685470080750"}},"customCss":".typebot-chat-view > .flex:first-child {\n    padding-top: 30px;\n}\n\n.typebot-input {\n    position: fixed;\n    bottom: 0;\n    align-items: center;\n    z-index: 999;\n    right: 0;\n}\n\n.typebot-input .typebot-button {\n    background: #008a7c;\n    border-radius: 50%;\n    color: #fff;\n    position: relative;\n    width: 50px;\n    height: 50px;\n    display: flex;\n    align-items: center;\n    justify-content: center;\n}\n\n.typebot-container {\n    background-size: initial!important;\n    background-repeat: repeat-x!important;\n}\n\n.typebot-host-bubble>.bubble-typing {\n  border-radius: 0 5px 5px 5px;\n}\n\n.typebot-host-bubble>.bubble-typing:after {\n    position: absolute;\n    content: \"\";\n    width: 0;\n    height: 0;\n    border-style: solid;\n    border-width: 0px 10px 10px 0;\n    border-color: transparent #fff transparent transparent;\n    top: 0;\n    left: -10px;\n}\n\n.typebot-guest-bubble {\n  position: relative;\n  border-radius: 5px 0 5px 5px;\n}\n\n.typebot-guest-bubble:after {\n  position: absolute;\n  content: \"\";\n  width: 0;\n  height: 0;\n  border-style: solid;\n}\n\n.typebot-guest-bubble:after {\n    border-width: 0px 0 10px 10px;\n    border-color: transparent transparent transparent #e1ffc7;\n    top: 0;\n    right: -10px;\n    border-style: solid;\n}\n\niframe[src=\"\"] {\n  position: fixed;\n  top: 0;\n  left: 0;\n  display: relative;\n  width: 100%;\n  height: 100% !important;\n  z-index: 999999;\n  border: none;\n  padding: 0;\n  margin: 0;\n}\n\na#lite-badge {\n  display: none!important;\n}"},"settings":{"general":{"rememberUser":{"isEnabled":false},"isBrandingEnabled":true,"isInputPrefillEnabled":false,"isHideQueryParamsEnabled":false},"metadata":{"title":"WhatsApp Web","imageUrl":"https://i.ibb.co/wpXvkBV/dr-renato-miyadahira-ortopedista-ombro-e-cotovelo-01.jpg","favIconUrl":"https://s3.fr-par.scw.cloud/typebot/public/typebots/gdvng2nq301zj251jxkfo34z/favIcon?v=1689551748065","description":"Faça agora sua consulta com Dra. Renato Bacci no WhatsApp.","customHeadCode":"<!-- Facebook Pixel Code -->\n<script>\n   !function(f,b,e,v,n,t,s)\n  {if(f.fbq)return;n=f.fbq=function(){n.callMethod?\n    n.callMethod.apply(n,arguments):n.queue.push(arguments)};\n    if(!f._fbq)f._fbq=n;n.push=n;n.loaded=!0;n.version='2.0';\n    n.queue=[];t=b.createElement(e);t.async=!0;\n    t.src=v;s=b.getElementsByTagName(e)[0];\n    s.parentNode.insertBefore(t,s)}(window, document,'script',\n    'https://connect.facebook.net/en_US/fbevents.js');\n    fbq('init', 'EAAR6LEuZC3c0BAMDWWXAs7ktYSQZAgpW7Q0woUHbuAuZBIZCZApSQfMJU1IVfkGhRkZBzI9BKSODKK9JMZB5FM69hiurfrDmVFC23abiDLeUppZB3WvGmplpNhI1SWy2wcMLQTrGuhW4KozAg7fYyncSAqZBXBJO7yIicTAwn2nKpiExTokEwhhMAHp8owRxbQAUZD');\n    fbq('track', 'PageView');\n    fbq('track', 'ViewContent');\n \n</script>\n<!-- End Facebook Pixel Code -->\n<link rel=\"stylesheet\" href=\"https://cdnjs.cloudflare.com/ajax/libs/material-design-iconic-font/2.2.0/css/material-design-iconic-font.min.css\">\n<style>\n  .hide {\n    display: none!important;\n  }\n  typebot-standard {\n    position: relative;\n    z-index: 9999;\n  }\n  #__next {\n    position: relative;\n    z-index: 9999;\n}\n  /* User Bar */\n.user-bar {\n  width: 100%;\n  height: 55px;\n  background: #005e54;\n  color: #fff;\n  padding: 0;\n  font-size: 24px;\n  position: fixed;\n  z-index: 99999;\n  display: block;\n  top: 0;\n}\n\n.user-bar:after {\n  content: \"\";\n  display: table;\n  clear: both;\n}\n\n.user-bar div {\n    float: left;\n    transform: translateY(-50%);\n    position: relative;\n    top: 50%;\n    margin-left: 10px;\n}\n\n.user-bar .actions {\n  float: right;\n  margin: 0 0 0 20px;\n}\n\n.user-bar .actions.more {\n  margin: 0 12px 0 32px;\n}\n\n.user-bar .actions.attachment {\n  margin: 0 0 0 30px;\n}\n\n.user-bar .actions.attachment i {\n  display: block;\n  transform: rotate(-45deg);\n}\n\n.user-bar .avatar {\n  margin: 0 0 0 5px;\n  width: 36px;\n  height: 36px;\n}\n\n.user-bar .avatar img {\n  border-radius: 50%;\n  box-shadow: 0 1px 0 rgba(255, 255, 255, 0.1);\n  display: block;\n  width: 100%;\n}\n\n.user-bar .name {\n  font-size: 17px;\n  font-weight: 600;\n  text-overflow: ellipsis;\n  letter-spacing: 0.3px;\n  margin: 0 0 0 8px;\n  overflow: hidden;\n  white-space: nowrap;\n  width: 150px;\n}\n\n.user-bar .status {\n  display: block;\n  font-size: 13px;\n  font-weight: 400;\n  letter-spacing: 0;\n}\n</style>\n\n<script>\nfunction criarBarra() {\n  var userBar = document.createElement(\"div\");\n  userBar.className = \"user-bar\";\n\n  var backButton = document.createElement(\"div\");\n  backButton.className = \"back\";\n  backButton.innerHTML = '<i class=\"zmdi zmdi-arrow-left\"></i>';\n\n  var avatar = document.createElement(\"div\");\n  avatar.className = \"avatar\";\n  avatar.innerHTML = '<img src=\"https://i.ibb.co/wpXvkBV/dr-renato-miyadahira-ortopedista-ombro-e-cotovelo-01.jpg\" alt=\"Dr. Renato Bacci\">';\n\n  var name = document.createElement(\"div\");\n  name.className = \"name\";\n  name.innerHTML = '<span>Dr. Renato Bacci</span><span class=\"status\">online</span>';\n\n  var moreActions = document.createElement(\"div\");\n  moreActions.className = \"actions more\";\n  moreActions.innerHTML = '<i class=\"zmdi zmdi-more-vert\"></i>';\n\n  var attachmentAction = document.createElement(\"div\");\n  attachmentAction.className = \"actions attachment\";\n  attachmentAction.innerHTML = '<i class=\"zmdi zmdi-attachment-alt\"></i>';\n\n  var phoneAction = document.createElement(\"div\");\n  phoneAction.className = \"actions\";\n  phoneAction.innerHTML = '<i class=\"zmdi zmdi-phone\"></i>';\n\n  userBar.appendChild(backButton);\n  userBar.appendChild(avatar);\n  userBar.appendChild(name);\n  userBar.appendChild(moreActions);\n  userBar.appendChild(attachmentAction);\n  userBar.appendChild(phoneAction);\n\n  var elementoPai = document.querySelector(\"#__next\");\n  if (elementoPai) {\n    elementoPai.insertBefore(userBar, elementoPai.firstChild);\n  }\n}\n\ncriarBarra();\n</script>\n"},"typingEmulation":{"speed":300,"enabled":true,"maxDelay":1.5}}}