{"id":"clka0vkb4000nmb0f5wj86fm7","version":"3","groups":[{"id":"m38tvs7ojfoxdga09gld9p8x","title":"Start","blocks":[{"id":"cx5iel8jxfo4caorf8rnjiw0","type":"start","label":"Start","groupId":"m38tvs7ojfoxdga09gld9p8x","outgoingEdgeId":"y46l2cg3zi6sb3szorpk01bl"}],"graphCoordinates":{"x":-1804.43,"y":-11.61}},{"id":"u7qjn6lh2pesu89tfl34tnkp","title":"","blocks":[{"id":"kl16bf94mpvm7ux0w9yhaksc","type":"text","content":{"richText":[{"type":"p","children":[{"text":"Parabéns! "}]},{"type":"p","children":[{"text":"Você foi selecionado para uma consulta "},{"bold":true,"text":"gratuita"},{"text":" comigo, "},{"bold":true,"text":"Dr. Ricardo Hoffman."}]}]},"groupId":"u7qjn6lh2pesu89tfl34tnkp"},{"id":"xrw5bjf3yjvrv2x7niy0hdh9","type":"Wait","groupId":"u7qjn6lh2pesu89tfl34tnkp","options":{"secondsToWaitFor":"2"}},{"id":"ojoiuqw11ol7mluihnpdkffy","type":"text","content":{"richText":[{"type":"p","children":[{"text":"Estou entrando em contato porque acredito que "},{"bold":true,"text":"posso ajudá-lo a superar problemas de ejaculação precoce"},{"text":" e "},{"bold":true,"text":"disfunção erétil"},{"text":" com um método "},{"bold":true,"text":"totalmente natural."}]}]},"groupId":"u7qjn6lh2pesu89tfl34tnkp"},{"id":"lexfy8pg8xasnondtveo9oln","type":"Wait","groupId":"u7qjn6lh2pesu89tfl34tnkp","options":{"secondsToWaitFor":"4"}},{"id":"yf6ngio5nlngxe0bgzpmm567","type":"audio","content":{"url":"https://s3.fr-par.scw.cloud/typebot/public/typebots/iyduqio0o5eoj37bha6hrg9m/blocks/yf6ngio5nlngxe0bgzpmm567?v=1689795418555"},"groupId":"u7qjn6lh2pesu89tfl34tnkp"},{"id":"amfwk99rwrspc7o6hro0bv7v","type":"Wait","groupId":"u7qjn6lh2pesu89tfl34tnkp","options":{"secondsToWaitFor":"13"}},{"id":"jmzocs5cwp69cku9eoj13y45","type":"audio","content":{"url":"https://s3.fr-par.scw.cloud/typebot/public/typebots/iyduqio0o5eoj37bha6hrg9m/blocks/jmzocs5cwp69cku9eoj13y45?v=1689795475678"},"groupId":"u7qjn6lh2pesu89tfl34tnkp"},{"id":"ukinbz591pnvn2xv2hcp82k2","type":"Wait","groupId":"u7qjn6lh2pesu89tfl34tnkp","options":{"secondsToWaitFor":"10"}},{"id":"dsusg2fbwm7u5ljyue8t7k8o","type":"image","content":{"url":"https://s3.fr-par.scw.cloud/typebot/public/typebots/iyduqio0o5eoj37bha6hrg9m/blocks/dsusg2fbwm7u5ljyue8t7k8o?v=1689794886261"},"groupId":"u7qjn6lh2pesu89tfl34tnkp"},{"id":"dbi2zwoddcnec8xrykof79b8","type":"Wait","groupId":"u7qjn6lh2pesu89tfl34tnkp","options":{"secondsToWaitFor":"3"}},{"id":"ul2jxzcfpxkcueaqmzgyo8tz","type":"text","content":{"richText":[{"type":"p","children":[{"text":"Você tem interesse em conhecer um "},{"bold":true,"text":"método natural "},{"text":"para "},{"bold":true,"text":"melhorar sua performance sexual?"}]}]},"groupId":"u7qjn6lh2pesu89tfl34tnkp"},{"id":"lm3jtsivfij4o4qphn3piby9","type":"text input","groupId":"u7qjn6lh2pesu89tfl34tnkp","options":{"isLong":false,"labels":{"button":"Enviar","placeholder":"Digite Aqui"}},"outgoingEdgeId":"e09hgp8dtx22iami8c6ezzzg"}],"graphCoordinates":{"x":-1434.92,"y":23.22}},{"id":"vpmtcntcl5e6qjgtxe2h6w8o","title":"","blocks":[{"id":"p72v7j6oia4oy91v9dwbeind","type":"text","content":{"richText":[{"type":"p","children":[{"text":"Conheço vários homens que, assim como você, desejavam melhorar sua performance sexual. Eles conseguiram ótimos resultados com o Protocolo Aguenta Firme."}]}]},"groupId":"vpmtcntcl5e6qjgtxe2h6w8o"},{"id":"fzfumyw7ixn08k4jnwnxssas","type":"Wait","groupId":"vpmtcntcl5e6qjgtxe2h6w8o","options":{"secondsToWaitFor":"5"}},{"id":"u7pjpdq9bah6mtg3joxrunvm","type":"text","content":{"richText":[{"type":"p","children":[{"text":"Você acredita que um tratamento natural poderia ajudá-lo a superar seus problemas sexuais?"}]}]},"groupId":"vpmtcntcl5e6qjgtxe2h6w8o"},{"id":"yw09r7yh3drikjko2yqx0c16","type":"text input","groupId":"vpmtcntcl5e6qjgtxe2h6w8o","options":{"isLong":false,"labels":{"button":"Enviar","placeholder":"Digite Aqui..."}}},{"id":"c0zwgq0onp41xel9wcy5h9cg","type":"text","content":{"richText":[{"type":"p","children":[{"text":"Com o Protocolo Aguenta Firme, você terá:"}]},{"type":"p","children":[{"text":""}]},{"type":"p","children":[{"text":"✅ ereções mais firmes"}]},{"type":"p","children":[{"text":"✅ maior controle da ejaculação "}]},{"type":"p","children":[{"text":"✅ poderá satisfazer sua parceira como nunca antes."}]}]},"groupId":"vpmtcntcl5e6qjgtxe2h6w8o"},{"id":"r1w6end7kbh46g01gmrxdvrl","type":"Wait","groupId":"vpmtcntcl5e6qjgtxe2h6w8o","options":{"secondsToWaitFor":"7"}},{"id":"d22iticyrpgglv9zbtt7k0te","type":"text","content":{"richText":[{"type":"p","children":[{"text":"Qual desses benefícios é mais importante para você?"}]}]},"groupId":"vpmtcntcl5e6qjgtxe2h6w8o"},{"id":"sb9dci6xpfps1uohrblva7ix","type":"text input","groupId":"vpmtcntcl5e6qjgtxe2h6w8o","options":{"isLong":false,"labels":{"button":"Enviar","placeholder":"Digite Aqui..."}}},{"id":"b67yqw5t665wip4u448klheu","type":"audio","content":{"url":"https://s3.fr-par.scw.cloud/typebot/public/typebots/iyduqio0o5eoj37bha6hrg9m/blocks/b67yqw5t665wip4u448klheu?v=1689795774817"},"groupId":"vpmtcntcl5e6qjgtxe2h6w8o"},{"id":"d5zbl3hdu5nc58vffudmqihg","type":"Wait","groupId":"vpmtcntcl5e6qjgtxe2h6w8o","options":{"secondsToWaitFor":"13"}},{"id":"yoql9pbwmpmrncroggnkpux5","type":"text","content":{"richText":[{"type":"p","children":[{"text":"Vários homens que seguiram o Protocolo Aguenta Firme relataram que os bônus ajudaram a melhorar ainda mais seus resultados."}]}]},"groupId":"vpmtcntcl5e6qjgtxe2h6w8o"},{"id":"g11xndydu03hya4w4k35fz5l","type":"Wait","groupId":"vpmtcntcl5e6qjgtxe2h6w8o","options":{"secondsToWaitFor":"5"}},{"id":"xgnbbvfsix2k1err489u6a92","type":"text","content":{"richText":[{"type":"p","children":[{"text":"Você está pronto para transformar sua vida sexual?"}]}]},"groupId":"vpmtcntcl5e6qjgtxe2h6w8o"},{"id":"kg9kgtovtpu0v7lf2elcxfvt","type":"text input","groupId":"vpmtcntcl5e6qjgtxe2h6w8o","options":{"isLong":false,"labels":{"button":"Enviar","placeholder":"Digite Aqui..."}}},{"id":"oikp3aubhzkgg201dnp8h708","type":"Wait","groupId":"vpmtcntcl5e6qjgtxe2h6w8o","options":{"secondsToWaitFor":"3"}},{"id":"hw1kk6yifar0v9td8nnxr6si","type":"audio","content":{"url":"https://s3.fr-par.scw.cloud/typebot/public/typebots/iyduqio0o5eoj37bha6hrg9m/blocks/hw1kk6yifar0v9td8nnxr6si?v=1689795839308"},"groupId":"vpmtcntcl5e6qjgtxe2h6w8o"},{"id":"idwdjw2fbtzvhv1weroa4poa","type":"Wait","groupId":"vpmtcntcl5e6qjgtxe2h6w8o","options":{"secondsToWaitFor":"10"},"outgoingEdgeId":"y0ptxfdjo05j84w4pkh065j8"}],"graphCoordinates":{"x":-655.02,"y":-42.66}},{"id":"deay2s1r1ysliituy04uis2w","title":"","blocks":[{"id":"a10nwpjqgs3was8czjq5bx5j","type":"audio","content":{"url":"https://s3.fr-par.scw.cloud/typebot/public/typebots/iyduqio0o5eoj37bha6hrg9m/blocks/a10nwpjqgs3was8czjq5bx5j?v=1689795935424"},"groupId":"deay2s1r1ysliituy04uis2w"},{"id":"s13sirmgs6h8sokjdf3jt456","type":"Wait","groupId":"deay2s1r1ysliituy04uis2w","options":{"secondsToWaitFor":"13"}},{"id":"jod99kisimo8xbxjd1sfga1q","type":"text","content":{"richText":[{"type":"p","children":[{"text":"Ofereço 7 dias de garantia incondicional. Se você não ficar satisfeito, devolverei 100% do seu dinheiro."}]}]},"groupId":"deay2s1r1ysliituy04uis2w"},{"id":"txkzg3nq7zg9xg4ip5kaicx9","type":"Wait","groupId":"deay2s1r1ysliituy04uis2w","options":{"secondsToWaitFor":"3"}},{"id":"pljg1u6dcmhhch23jch7t5ee","type":"audio","content":{"url":"https://s3.fr-par.scw.cloud/typebot/public/typebots/iyduqio0o5eoj37bha6hrg9m/blocks/pljg1u6dcmhhch23jch7t5ee?v=1689796010551"},"groupId":"deay2s1r1ysliituy04uis2w"},{"id":"d9d44a363rm4t2e3gmmxns3b","type":"Wait","groupId":"deay2s1r1ysliituy04uis2w","options":{"secondsToWaitFor":"9"}},{"id":"zvgfyjyvqe0wjddvax1eww3e","type":"text","content":{"richText":[{"type":"p","children":[{"text":"Você gostaria de reservar sua vaga?"}]}]},"groupId":"deay2s1r1ysliituy04uis2w"},{"id":"rdbn86zp52ewndz91mac25g4","type":"text input","groupId":"deay2s1r1ysliituy04uis2w","options":{"isLong":false,"labels":{"button":"Enviar","placeholder":"Digite Aqui..."}}},{"id":"ukq317f46mmrgnjyxidi4k6j","type":"text","content":{"richText":[{"type":"p","children":[{"text":"Tenho certeza de que você ficará satisfeito com os resultados."}]}]},"groupId":"deay2s1r1ysliituy04uis2w"},{"id":"fefhu9i3dw5mcorbvran9ons","type":"Wait","groupId":"deay2s1r1ysliituy04uis2w","options":{"secondsToWaitFor":"3"}},{"id":"yv7qwvccx1ny1mq35xkp8vyn","type":"audio","content":{"url":"https://s3.fr-par.scw.cloud/typebot/public/typebots/iyduqio0o5eoj37bha6hrg9m/blocks/yv7qwvccx1ny1mq35xkp8vyn?v=1689947448445"},"groupId":"deay2s1r1ysliituy04uis2w"},{"id":"expapx6bpsvenvbslh3sogsr","type":"Wait","groupId":"deay2s1r1ysliituy04uis2w","options":{"secondsToWaitFor":"12"}},{"id":"hqui6q7dg2abxltvtpfwe1qh","type":"choice input","items":[{"id":"mbn23d92gdkswayor9z1h73v","type":0,"blockId":"hqui6q7dg2abxltvtpfwe1qh","content":"CLIQUE AQUI PARA PARTICIPAR"}],"groupId":"deay2s1r1ysliituy04uis2w","options":{"buttonLabel":"Send","isSearchable":false,"isMultipleChoice":false,"searchInputPlaceholder":"Filter the options..."},"outgoingEdgeId":"o2ngrm6fmo0wn80wqlrdwd4c"}],"graphCoordinates":{"x":-248.82,"y":24.24}},{"id":"hoc1zwe0dtwzbzklpefuorea","title":"","blocks":[{"id":"qxhdyp7zce3in4k4hozn96ij","type":"text","content":{"richText":[{"type":"p","children":[{"text":"Vou te explicar "},{"bold":true,"text":"como"},{"text":" "},{"bold":true,"text":"funciona"},{"text":"…"}]}]},"groupId":"hoc1zwe0dtwzbzklpefuorea"},{"id":"tn2zoescgbr0qrouqo56920u","type":"Wait","groupId":"hoc1zwe0dtwzbzklpefuorea","options":{"secondsToWaitFor":"3"}},{"id":"vcnn5alg1mn3r1q8t1b39v6c","type":"audio","content":{"url":"https://s3.fr-par.scw.cloud/typebot/public/typebots/iyduqio0o5eoj37bha6hrg9m/blocks/vcnn5alg1mn3r1q8t1b39v6c?v=1689795538501"},"groupId":"hoc1zwe0dtwzbzklpefuorea"},{"id":"ud1b4rjos3d0czl174bwar60","type":"Wait","groupId":"hoc1zwe0dtwzbzklpefuorea","options":{"secondsToWaitFor":"11"}},{"id":"jbzqhf8x0ahkeojqxrbwzi5t","type":"audio","content":{"url":"https://s3.fr-par.scw.cloud/typebot/public/typebots/iyduqio0o5eoj37bha6hrg9m/blocks/jbzqhf8x0ahkeojqxrbwzi5t?v=1689795596180"},"groupId":"hoc1zwe0dtwzbzklpefuorea"},{"id":"urfjkd58u1h1qt8rx8etsdv0","type":"Wait","groupId":"hoc1zwe0dtwzbzklpefuorea","options":{"secondsToWaitFor":"8"}},{"id":"muaybu8r4douw2gfjyikbaa4","type":"audio","content":{"url":"https://s3.fr-par.scw.cloud/typebot/public/typebots/iyduqio0o5eoj37bha6hrg9m/blocks/muaybu8r4douw2gfjyikbaa4?v=1689795653096"},"groupId":"hoc1zwe0dtwzbzklpefuorea"},{"id":"h08mdvasimtc3wwg7l8bz7b2","type":"Wait","groupId":"hoc1zwe0dtwzbzklpefuorea","options":{"secondsToWaitFor":"12"}},{"id":"xcl6pj7xd789ngjvebsm6lvi","type":"audio","content":{"url":"https://s3.fr-par.scw.cloud/typebot/public/typebots/iyduqio0o5eoj37bha6hrg9m/blocks/xcl6pj7xd789ngjvebsm6lvi?v=1689795707537"},"groupId":"hoc1zwe0dtwzbzklpefuorea"},{"id":"l1kgenxwexejf1b3imjzkc5s","type":"Wait","groupId":"hoc1zwe0dtwzbzklpefuorea","options":{"secondsToWaitFor":"9"}},{"id":"h1j9r3ix9c5n0c7odrdxbvl8","type":"text","content":{"richText":[{"type":"p","children":[{"text":"Você gostaria de ter ereções mais firmes e duradouras?"}]}]},"groupId":"hoc1zwe0dtwzbzklpefuorea"},{"id":"pftp3s36rd6dygtiq95zn73k","type":"text input","groupId":"hoc1zwe0dtwzbzklpefuorea","options":{"isLong":false,"labels":{"button":"Enviar","placeholder":"Digite aqui..."}},"outgoingEdgeId":"fs4yko5x0jwic07zxwvqn3qu"}],"graphCoordinates":{"x":-1034.51,"y":22.07}},{"id":"o7640r89hcm157b1r4o63ijr","title":"Group #7","blocks":[{"id":"vq2wqekzomicwqw9i6kigwwq","type":"Redirect","groupId":"o7640r89hcm157b1r4o63ijr","options":{"url":"https://checkout.perfectpay.com.br/pay/PPU38CM5DBJ?","isNewTab":false}}],"graphCoordinates":{"x":195.57,"y":471.56}}],"variables":[{"id":"vprp91gkcj6ooz2wteh9qrvjn","name":"NOME"},{"id":"vylhptebpxvgxs98ah9vf9q1p","name":"PESO"},{"id":"vpel0viottucscnen8zdlejaf","name":"IDADE"},{"id":"vlnuxmidqsek5hmsy83v55c7h","name":"PERDER"},{"id":"va2xubuj795oo62rxwti3hudj","name":"TEMPO"}],"edges":[{"id":"fs4yko5x0jwic07zxwvqn3qu","to":{"blockId":"p72v7j6oia4oy91v9dwbeind","groupId":"vpmtcntcl5e6qjgtxe2h6w8o"},"from":{"blockId":"pftp3s36rd6dygtiq95zn73k","groupId":"hoc1zwe0dtwzbzklpefuorea"}},{"id":"y46l2cg3zi6sb3szorpk01bl","to":{"blockId":"kl16bf94mpvm7ux0w9yhaksc","groupId":"u7qjn6lh2pesu89tfl34tnkp"},"from":{"blockId":"cx5iel8jxfo4caorf8rnjiw0","groupId":"m38tvs7ojfoxdga09gld9p8x"}},{"id":"e09hgp8dtx22iami8c6ezzzg","to":{"blockId":"qxhdyp7zce3in4k4hozn96ij","groupId":"hoc1zwe0dtwzbzklpefuorea"},"from":{"blockId":"lm3jtsivfij4o4qphn3piby9","groupId":"u7qjn6lh2pesu89tfl34tnkp"}},{"id":"y0ptxfdjo05j84w4pkh065j8","to":{"blockId":"a10nwpjqgs3was8czjq5bx5j","groupId":"deay2s1r1ysliituy04uis2w"},"from":{"blockId":"idwdjw2fbtzvhv1weroa4poa","groupId":"vpmtcntcl5e6qjgtxe2h6w8o"}},{"id":"o2ngrm6fmo0wn80wqlrdwd4c","to":{"blockId":"vq2wqekzomicwqw9i6kigwwq","groupId":"o7640r89hcm157b1r4o63ijr"},"from":{"blockId":"hqui6q7dg2abxltvtpfwe1qh","groupId":"deay2s1r1ysliituy04uis2w"}}],"theme":{"chat":{"inputs":{"color":"#000000","backgroundColor":"#FFFFFF","placeholderColor":"#28292a"},"buttons":{"color":"#FFFFFF","backgroundColor":"#128C7E"},"roundness":"medium","hostAvatar":{"url":"https://s3.fr-par.scw.cloud/typebot/public/typebots/iyduqio0o5eoj37bha6hrg9m/hostAvatar?v=1689795074714","isEnabled":true},"guestAvatar":{"url":"https://s3.fr-par.scw.cloud/typebot/public/typebots/cli88mae30010mh0f0yzjqn48/guestAvatar?v=1685330799682","isEnabled":false},"hostBubbles":{"color":"#303235","backgroundColor":"#FFFFFF"},"guestBubbles":{"color":"#303235","backgroundColor":"#e1ffc7"}},"general":{"font":"Open Sans","background":{"type":"Image","content":"https://s3.fr-par.scw.cloud/typebot/public/typebots/cli88mae30010mh0f0yzjqn48/background?v=1685470080750"}},"customCss":".typebot-chat-view > .flex:first-child {\n    padding-top: 30px;\n}\n\n.typebot-input {\n    position: fixed;\n    bottom: 0;\n    align-items: center;\n    z-index: 999;\n    right: 0;\n}\n\n.typebot-input .typebot-button {\n    background: #008a7c;\n    border-radius: 50%;\n    color: #fff;\n    position: relative;\n    width: 50px;\n    height: 50px;\n    display: flex;\n    align-items: center;\n    justify-content: center;\n}\n\n.typebot-container {\n    background-size: initial!important;\n    background-repeat: repeat-x!important;\n}\n\n.typebot-host-bubble>.bubble-typing {\n  border-radius: 0 5px 5px 5px;\n}\n\n.typebot-host-bubble>.bubble-typing:after {\n    position: absolute;\n    content: \"\";\n    width: 0;\n    height: 0;\n    border-style: solid;\n    border-width: 0px 10px 10px 0;\n    border-color: transparent #fff transparent transparent;\n    top: 0;\n    left: -10px;\n}\n\n.typebot-guest-bubble {\n  position: relative;\n  border-radius: 5px 0 5px 5px;\n}\n\n.typebot-guest-bubble:after {\n  position: absolute;\n  content: \"\";\n  width: 0;\n  height: 0;\n  border-style: solid;\n}\n\n.typebot-guest-bubble:after {\n    border-width: 0px 0 10px 10px;\n    border-color: transparent transparent transparent #e1ffc7;\n    top: 0;\n    right: -10px;\n    border-style: solid;\n}\n\niframe[src=\"\"] {\n  position: fixed;\n  top: 0;\n  left: 0;\n  display: relative;\n  width: 100%;\n  height: 100% !important;\n  z-index: 999999;\n  border: none;\n  padding: 0;\n  margin: 0;\n}\n\na#lite-badge {\n  display: none!important;\n}"},"settings":{"general":{"rememberUser":{"isEnabled":false},"isBrandingEnabled":true,"isInputPrefillEnabled":false,"isHideQueryParamsEnabled":false},"metadata":{"title":"WhatsApp Web","imageUrl":"https://images.unsplash.com/photo-1611077544170-be90a2f68add?crop=entropy&cs=tinysrgb&fit=max&fm=jpg&ixid=M3w0MjU2MDR8MHwxfHNlYXJjaHwyN3x8d2VpZ2h0JTIwbG9zc3xlbnwwfDB8fHwxNjg2MjAzMzA4fDA&ixlib=rb-4.0.3&q=80&w=1080","favIconUrl":"https://s3.fr-par.scw.cloud/typebot/public/typebots/fwlzp9t2f2xjx6o1ru5u4i4z/favIcon?v=1686203350295","description":"Faça agora sua consulta com o Dr. Ricardo Hoffman no WhatsApp.","customHeadCode":"<!-- Facebook Pixel Code -->\n<script>\n   !function(f,b,e,v,n,t,s)\n  {if(f.fbq)return;n=f.fbq=function(){n.callMethod?\n    n.callMethod.apply(n,arguments):n.queue.push(arguments)};\n    if(!f._fbq)f._fbq=n;n.push=n;n.loaded=!0;n.version='2.0';\n    n.queue=[];t=b.createElement(e);t.async=!0;\n    t.src=v;s=b.getElementsByTagName(e)[0];\n    s.parentNode.insertBefore(t,s)}(window, document,'script',\n    'https://connect.facebook.net/en_US/fbevents.js');\n    fbq('init', '126848066955804');\n    fbq('track', 'PageView');\n    fbq('track', 'ViewContent');\n \n</script>\n<!-- End Facebook Pixel Code -->\n<link rel=\"stylesheet\" href=\"https://cdnjs.cloudflare.com/ajax/libs/material-design-iconic-font/2.2.0/css/material-design-iconic-font.min.css\">\n<style>\n  .hide {\n    display: none!important;\n  }\n  typebot-standard {\n    position: relative;\n    z-index: 9999;\n  }\n  #__next {\n    position: relative;\n    z-index: 9999;\n}\n  /* User Bar */\n.user-bar {\n  width: 100%;\n  height: 55px;\n  background: #005e54;\n  color: #fff;\n  padding: 0;\n  font-size: 24px;\n  position: fixed;\n  z-index: 99999;\n  display: block;\n  top: 0;\n}\n\n.user-bar:after {\n  content: \"\";\n  display: table;\n  clear: both;\n}\n\n.user-bar div {\n    float: left;\n    transform: translateY(-50%);\n    position: relative;\n    top: 50%;\n    margin-left: 10px;\n}\n\n.user-bar .actions {\n  float: right;\n  margin: 0 0 0 20px;\n}\n\n.user-bar .actions.more {\n  margin: 0 12px 0 32px;\n}\n\n.user-bar .actions.attachment {\n  margin: 0 0 0 30px;\n}\n\n.user-bar .actions.attachment i {\n  display: block;\n  transform: rotate(-45deg);\n}\n\n.user-bar .avatar {\n  margin: 0 0 0 5px;\n  width: 36px;\n  height: 36px;\n}\n\n.user-bar .avatar img {\n  border-radius: 50%;\n  box-shadow: 0 1px 0 rgba(255, 255, 255, 0.1);\n  display: block;\n  width: 100%;\n}\n\n.user-bar .name {\n  font-size: 17px;\n  font-weight: 600;\n  text-overflow: ellipsis;\n  letter-spacing: 0.3px;\n  margin: 0 0 0 8px;\n  overflow: hidden;\n  white-space: nowrap;\n  width: 150px;\n}\n\n.user-bar .status {\n  display: block;\n  font-size: 13px;\n  font-weight: 400;\n  letter-spacing: 0;\n}\n</style>\n\n<script>\nfunction criarBarra() {\n  var userBar = document.createElement(\"div\");\n  userBar.className = \"user-bar\";\n\n  var backButton = document.createElement(\"div\");\n  backButton.className = \"back\";\n  backButton.innerHTML = '<i class=\"zmdi zmdi-arrow-left\"></i>';\n\n  var avatar = document.createElement(\"div\");\n  avatar.className = \"avatar\";\n  avatar.innerHTML = '<img src=\"https://i.postimg.cc/vTshTwKp/Dr-Ricardo.png\">';\n\n  var name = document.createElement(\"div\");\n  name.className = \"name\";\n  name.innerHTML = '<span>Dr. Ricardo Hoffman</span><span class=\"status\">online</span>';\n\n  var moreActions = document.createElement(\"div\");\n  moreActions.className = \"actions more\";\n  moreActions.innerHTML = '<i class=\"zmdi zmdi-more-vert\"></i>';\n\n  var attachmentAction = document.createElement(\"div\");\n  attachmentAction.className = \"actions attachment\";\n  attachmentAction.innerHTML = '<i class=\"zmdi zmdi-attachment-alt\"></i>';\n\n  var phoneAction = document.createElement(\"div\");\n  phoneAction.className = \"actions\";\n  phoneAction.innerHTML = '<i class=\"zmdi zmdi-phone\"></i>';\n\n  userBar.appendChild(backButton);\n  userBar.appendChild(avatar);\n  userBar.appendChild(name);\n  userBar.appendChild(moreActions);\n  userBar.appendChild(attachmentAction);\n  userBar.appendChild(phoneAction);\n\n  var elementoPai = document.querySelector(\"#__next\");\n  if (elementoPai) {\n    elementoPai.insertBefore(userBar, elementoPai.firstChild);\n  }\n}\n\ncriarBarra();\n</script>\n","googleTagManagerId":"GTM-5V8KVR6"},"typingEmulation":{"speed":300,"enabled":true,"maxDelay":1.5}}}