{"id":"clkdf1vv8005hjs0f0f2q1pf3","version":"3","groups":[{"id":"mc0vn4j197o98p3qwp65qbha","title":"Start","blocks":[{"id":"hwym83o209jpp6pidfakmbqq","type":"start","label":"Start","groupId":"mc0vn4j197o98p3qwp65qbha","outgoingEdgeId":"m3uuymy1tb6pw9xwrfx77vce"}],"graphCoordinates":{"x":-955.17,"y":-16.17}},{"id":"owo9k3vi0rix8zgjrcfjahrk","title":"Group #3","blocks":[{"id":"tjaul7c4lbipxffajjh5gv88","type":"Wait","groupId":"owo9k3vi0rix8zgjrcfjahrk","options":{"secondsToWaitFor":"2"}},{"id":"sodji475vvrxpgf8g06woxvg","type":"embed","content":{"url":"https://zecajose.github.io/AUDIOGOTA/HTML%20AUDIO/Audio%201.html","height":90},"groupId":"owo9k3vi0rix8zgjrcfjahrk"},{"id":"g33zwe2oqo8hve6t08wcexj7","type":"Wait","groupId":"owo9k3vi0rix8zgjrcfjahrk","options":{"secondsToWaitFor":"4"}},{"id":"wo6wd3cmq0d4xij17ss50gba","type":"image","content":{"url":"https://s3.fr-par.scw.cloud/typebot/public/typebots/cljzsovta001ml50fmv7zkh13/blocks/wo6wd3cmq0d4xij17ss50gba?v=1689366603949"},"groupId":"owo9k3vi0rix8zgjrcfjahrk"},{"id":"yobrlxfe8zeoh33c9wzk5qul","type":"Wait","groupId":"owo9k3vi0rix8zgjrcfjahrk","options":{"secondsToWaitFor":"3"}},{"id":"qz2rcjx6kz1wbf58fmjyy84v","type":"text","content":{"richText":[{"type":"p","children":[{"text":"Participei de grandes artigos em universidades como "},{"bold":true,"text":"Oxford e Wharton! "}]}]},"groupId":"owo9k3vi0rix8zgjrcfjahrk"},{"id":"dx4adyotcc67ab2lca060vm7","type":"Wait","groupId":"owo9k3vi0rix8zgjrcfjahrk","options":{"secondsToWaitFor":"3"}},{"id":"m5ff2kv9t9caalocujh5h8dp","type":"text","content":{"richText":[{"type":"p","children":[{"text":"Sempre focada em descobrir formas de "},{"bold":true,"text":"driblar a indústria farmacêutica e "},{"text":"seus efeitos colaterais!"}]}]},"groupId":"owo9k3vi0rix8zgjrcfjahrk"},{"id":"ggdqzdtcbfdqwlvaf9t37a8x","type":"Wait","groupId":"owo9k3vi0rix8zgjrcfjahrk","options":{"secondsToWaitFor":"2"}},{"id":"svnrvp0625ommvjhsbkw4oy1","type":"text","content":{"richText":[{"type":"p","children":[{"text":"Podemos começar a "},{"bold":true,"text":"sua avaliação"},{"text":"? "}]}]},"groupId":"owo9k3vi0rix8zgjrcfjahrk"},{"id":"u2t03t6py4d44eg7tbp37hq1","type":"text input","groupId":"owo9k3vi0rix8zgjrcfjahrk","options":{"isLong":false,"labels":{"button":"Enviar","placeholder":"Digite aqui..."}},"outgoingEdgeId":"cm0ym10syy5f0g8y4zbvl8ki"}],"graphCoordinates":{"x":425.38,"y":-15.05}},{"id":"b7ycjpv0miiar77zb6kuuxkv","title":"Group #4","blocks":[{"id":"h0pk75twuhnek6zbhfbjqdrp","type":"text","content":{"richText":[{"type":"p","children":[{"text":"Vou te explicar "},{"bold":true,"text":"como"},{"text":" "},{"bold":true,"text":"funciona"},{"text":"..."}]}]},"groupId":"b7ycjpv0miiar77zb6kuuxkv"},{"id":"v8u8fp3t10klzv3uuj8ol6ps","type":"Wait","groupId":"b7ycjpv0miiar77zb6kuuxkv","options":{"secondsToWaitFor":"3"}},{"id":"y4q3vzm790ziknbz8tvpe76f","type":"embed","content":{"url":"https://zecajose.github.io/AUDIOGOTA/HTML%20AUDIO/Audio%202.html","height":90},"groupId":"b7ycjpv0miiar77zb6kuuxkv"},{"id":"z8l3jq9yqj8rjd9wpjlj7wyj","type":"Wait","groupId":"b7ycjpv0miiar77zb6kuuxkv","options":{"secondsToWaitFor":"11"}},{"id":"vjruj2s17kwad6in0faqemu9","type":"embed","content":{"url":"https://zecajose.github.io/AUDIOGOTA/HTML%20AUDIO/Audio%203.html","height":90},"groupId":"b7ycjpv0miiar77zb6kuuxkv"},{"id":"uuekijzv82zwvs246hvf337a","type":"Wait","groupId":"b7ycjpv0miiar77zb6kuuxkv","options":{"secondsToWaitFor":"10"}},{"id":"ya18a9djto7z6xbin8lggulf","type":"embed","content":{"url":"https://zecajose.github.io/AUDIOGOTA/HTML%20AUDIO/Audio%204.html","height":90},"groupId":"b7ycjpv0miiar77zb6kuuxkv"},{"id":"zrsnlgr9rkuw1xrhlhsbbs3i","type":"Wait","groupId":"b7ycjpv0miiar77zb6kuuxkv","options":{"secondsToWaitFor":"12"}},{"id":"dfx6r069itgpe8j9p0q8r802","type":"embed","content":{"url":"https://zecajose.github.io/AUDIOGOTA/HTML%20AUDIO/Audio%205.html","height":90},"groupId":"b7ycjpv0miiar77zb6kuuxkv"},{"id":"pfng17l896nf1e1w50nh7t1f","type":"text","content":{"richText":[{"type":"p","children":[{"text":"Qual tipo de "},{"bold":true,"text":"dor"},{"text":" você sente?"}]}]},"groupId":"b7ycjpv0miiar77zb6kuuxkv"},{"id":"o2yuy8pcvgtruj7vys9juae0","type":"text input","groupId":"b7ycjpv0miiar77zb6kuuxkv","options":{"isLong":false,"labels":{"button":"Enviar","placeholder":"Escreva sua resposta:"},"variableId":"vckmq0dr1q7ku76q085t6hxtu"}},{"id":"v648917u8oqvwd7tcad8obz9","type":"text","content":{"richText":[{"type":"p","children":[{"text":"Costuma tomar algum remédio?"}]}]},"groupId":"b7ycjpv0miiar77zb6kuuxkv"},{"id":"jprenfy5q6vsui82olpzr37u","type":"text input","groupId":"b7ycjpv0miiar77zb6kuuxkv","options":{"isLong":false,"labels":{"button":"Enviar","placeholder":"Escreva sua resposta:"}}},{"id":"po5x5hc8z4n7jmjjas5i953r","type":"Wait","groupId":"b7ycjpv0miiar77zb6kuuxkv","options":{"secondsToWaitFor":"2"},"outgoingEdgeId":"dfwn7oywjyt4l7hl8sk8ph2t"}],"graphCoordinates":{"x":833.17,"y":-40.83}},{"id":"g69rmlg6t98rlnv3m92r0d58","title":"Group #5","blocks":[{"id":"zv1l97mugylq3ef66e1s77os","type":"Wait","groupId":"g69rmlg6t98rlnv3m92r0d58","options":{"secondsToWaitFor":"2"}},{"id":"ai7mrlzou06h03p5it2pxgho","type":"text","content":{"richText":[{"type":"p","children":[{"text":"Preste muita atenção no que vou falar,"},{"bold":true,"text":" você pode estar correndo perigo!"}]}]},"groupId":"g69rmlg6t98rlnv3m92r0d58"},{"id":"afd8m02mpk2vema9qye24iz7","type":"Wait","groupId":"g69rmlg6t98rlnv3m92r0d58","options":{"secondsToWaitFor":"5"}},{"id":"ctloy6hdlffwxvnrsnvbvxl7","type":"text","content":{"richText":[{"type":"p","children":[{"text":"Já solucionei muitos casos de pessoas com a idade por volta dos {{IDADE DO PACIENTE}} anos de idade, e apresentando esses mesmo problema de {{DOR DO PACIENTE}}!"}]}]},"groupId":"g69rmlg6t98rlnv3m92r0d58"},{"id":"iva5p1xk8ckkodgpyzzgjhy5","type":"Wait","groupId":"g69rmlg6t98rlnv3m92r0d58","options":{"secondsToWaitFor":"6"}},{"id":"kkhdsvwu1130oieh9gkr5fzl","type":"embed","content":{"url":"https://zecajose.github.io/AUDIOGOTA/HTML%20AUDIO/Audio%206.html","height":90},"groupId":"g69rmlg6t98rlnv3m92r0d58"},{"id":"ck1l1aqq04lhk69n1felv6aw","type":"Wait","groupId":"g69rmlg6t98rlnv3m92r0d58","options":{"secondsToWaitFor":"32"}},{"id":"ex4chsk63yqcv8rj9v91hkld","type":"text","content":{"richText":[{"type":"p","children":[{"text":"Então para ajudar meu pai eu criei uma bebida natural para resolver esses problemas!"}]}]},"groupId":"g69rmlg6t98rlnv3m92r0d58"},{"id":"l5ofxhdkl3t3s19sqlhur1cu","type":"Wait","groupId":"g69rmlg6t98rlnv3m92r0d58","options":{"secondsToWaitFor":"6"}},{"id":"wuo7fa85glbd1sv5hntkitqo","type":"text","content":{"richText":[{"type":"p","children":[{"text":"A bebida que formulei é a "},{"bold":true,"text":"Gota do Zeca!"}]}]},"groupId":"g69rmlg6t98rlnv3m92r0d58"},{"id":"h5zhvj93mmgm412peoit55g4","type":"Wait","groupId":"g69rmlg6t98rlnv3m92r0d58","options":{"secondsToWaitFor":"2"}},{"id":"y93cuahee0znu4rtn1u5da2f","type":"text","content":{"richText":[{"type":"p","children":[{"text":"Vou te falar sobre os benefícios dessa bebida!"}]}]},"groupId":"g69rmlg6t98rlnv3m92r0d58"},{"id":"g5y315hlrv39zaza71gnwp7r","type":"text","content":{"richText":[{"type":"p","children":[{"text":"✅ Alivio de Azia"}]},{"type":"p","children":[{"text":"✅ Elimina desconforto estomacal"}]},{"type":"p","children":[{"text":"✅ Acaba com a Boca Amarga"}]},{"type":"p","children":[{"text":"✅ Queimação na região do estômago"}]},{"type":"p","children":[{"text":"✅ Auxilia com refluxo!"}]},{"type":"p","children":[{"text":"✅ Termina com a Gastrite!"}]},{"type":"p","children":[{"text":"✅ Vai poder comer o que gosta!"}]},{"type":"p","children":[{"text":"✅ Benéfico para saúde do fígado"}]},{"type":"p","children":[{"text":"✅ Prevenção de doenças"}]},{"type":"p","children":[{"text":"✅ Estimula a digestão"}]},{"type":"p","children":[{"text":"✅ Melhora a função Intestinal"}]}]},"groupId":"g69rmlg6t98rlnv3m92r0d58"},{"id":"jzre44gn6qrta0qgdoh8ql1i","type":"Wait","groupId":"g69rmlg6t98rlnv3m92r0d58","options":{"secondsToWaitFor":"12"}},{"id":"hv1qy1qiq3h13a15d6lgx278","type":"text","content":{"richText":[{"type":"p","children":[{"text":"Basta você tomar após cada refeição que vai começar a sentir os efeitos "},{"bold":true,"text":"na hora"}]}]},"groupId":"g69rmlg6t98rlnv3m92r0d58"},{"id":"ikwh02lmjcajbzhg8rr97nx5","type":"Wait","groupId":"g69rmlg6t98rlnv3m92r0d58","options":{"secondsToWaitFor":"4"}},{"id":"ui82xhhiqdqx740gyx44285i","type":"text","content":{"richText":[{"type":"p","children":[{"text":"Veja o caso do Eduardo!"}]}]},"groupId":"g69rmlg6t98rlnv3m92r0d58"},{"id":"g2p27ne6uotjkcx3a9asl7tk","type":"Wait","groupId":"g69rmlg6t98rlnv3m92r0d58","options":{"secondsToWaitFor":"3"}},{"id":"blvds8do1wu258lolq0v41mr","type":"embed","content":{"url":"https://zecajose.github.io/AUDIOGOTA/HTML%20AUDIO/Audio%207.html","height":90},"groupId":"g69rmlg6t98rlnv3m92r0d58"},{"id":"fv5fvvjvnvjwlszgdzbsfmp5","type":"Wait","groupId":"g69rmlg6t98rlnv3m92r0d58","options":{"secondsToWaitFor":"16"}},{"id":"o4utyb3nr6ak0twsvniypn0p","type":"video","content":{"id":"_R9KMSUwFrA","url":"https://youtu.be/_R9KMSUwFrA","type":"youtube"},"groupId":"g69rmlg6t98rlnv3m92r0d58"},{"id":"v9ifdp445m72sqk01c2zw91k","type":"text","content":{"richText":[{"type":"p","children":[{"text":"Assista o video!"}]}]},"groupId":"g69rmlg6t98rlnv3m92r0d58"},{"id":"mun53eez927dq5louif8shst","type":"Wait","groupId":"g69rmlg6t98rlnv3m92r0d58","options":{"secondsToWaitFor":"5"}},{"id":"sprc7ba2xug3c5lcaz2ohlwq","type":"choice input","items":[{"id":"u6ldsvhhi60z7ofa7gftkdgy","type":0,"blockId":"sprc7ba2xug3c5lcaz2ohlwq","content":"Clique aqui quando finalizar o vídeo!","outgoingEdgeId":"lk2k2h7i6xom2xdpmqen7xow"}],"groupId":"g69rmlg6t98rlnv3m92r0d58","options":{"buttonLabel":"Send","isSearchable":false,"isMultipleChoice":false,"searchInputPlaceholder":"Filter the options..."}},{"id":"usgaovs4tfwlarm29kwqzseh","type":"text","content":{"richText":[{"type":"p","children":[{"text":"Veja o caso da Marcia!!"}]}]},"groupId":"g69rmlg6t98rlnv3m92r0d58"},{"id":"izochd2ysbitrvdhs22m94w5","type":"embed","content":{"url":"https://zecajose.github.io/AUDIOGOTA/HTML%20AUDIO/Audio%208.html","height":90},"groupId":"g69rmlg6t98rlnv3m92r0d58"},{"id":"oeyhdhip5a8548gy8isfr7rh","type":"Wait","groupId":"g69rmlg6t98rlnv3m92r0d58","options":{"secondsToWaitFor":"18"}},{"id":"zath4hdmb1oopmlje4fdgqpg","type":"video","content":{"id":"cabpUhY2RIk","url":"https://youtu.be/cabpUhY2RIk","type":"youtube"},"groupId":"g69rmlg6t98rlnv3m92r0d58"},{"id":"watp3t97ywpi3g4oy2u561q9","type":"text","content":{"richText":[{"type":"p","children":[{"text":"Assista o video!"}]}]},"groupId":"g69rmlg6t98rlnv3m92r0d58"},{"id":"newlh9wqj11clvwk09ynyw5g","type":"Wait","groupId":"g69rmlg6t98rlnv3m92r0d58","options":{"secondsToWaitFor":"5"}},{"id":"l5bmyqgn0dnrbjko4n2tvs8g","type":"choice input","items":[{"id":"n32mm2ym272hlnyhc3orznol","type":0,"blockId":"l5bmyqgn0dnrbjko4n2tvs8g","content":"Clique aqui quando finalizar o vídeo!","outgoingEdgeId":"xr4jrxfl2mubi60ildrf504f"}],"groupId":"g69rmlg6t98rlnv3m92r0d58","options":{"buttonLabel":"Send","isSearchable":false,"isMultipleChoice":false,"searchInputPlaceholder":"Filter the options..."}},{"id":"hvinplxybowil7rk05v0cwuf","type":"text","content":{"richText":[{"type":"p","children":[{"bold":true,"text":"Você"},{"text":" "},{"bold":true,"text":"procura"},{"text":" esses resultados?"}]}]},"groupId":"g69rmlg6t98rlnv3m92r0d58"},{"id":"u2ogu3mtid1wgw4pl1l32kg6","type":"text input","groupId":"g69rmlg6t98rlnv3m92r0d58","options":{"isLong":false,"labels":{"button":"Enviar","placeholder":"Escreva sua resposta:"}}},{"id":"u6eg7nti2f3habqkqjjfovme","type":"choice input","items":[{"id":"swo7r1n85hh1ydy7mlyk88jh","type":0,"blockId":"u6eg7nti2f3habqkqjjfovme","content":"Quero comprar agora!","outgoingEdgeId":"l1br2xcxzwgoanwbj7xj9xl7"},{"id":"osczc9hv0ognjbsgd2i9dlps","type":0,"blockId":"u6eg7nti2f3habqkqjjfovme","content":"Preciso de mais detalhes!","outgoingEdgeId":"e8u9vlttdbicfyvjqup7h4ie"}],"groupId":"g69rmlg6t98rlnv3m92r0d58","options":{"buttonLabel":"Send","isSearchable":false,"isMultipleChoice":false,"searchInputPlaceholder":"Filter the options..."}}],"graphCoordinates":{"x":1233.08,"y":-37.5}},{"id":"h2j1ipfvfebwp5gs70i468bv","title":"Group #7","blocks":[{"id":"ykj3mpg1mmyplvv40vopgk28","type":"text","content":{"richText":[{"type":"p","children":[{"text":"Perfeito!!"}]}]},"groupId":"h2j1ipfvfebwp5gs70i468bv"},{"id":"or34emulbjbqdlplwbv9yycy","type":"Wait","groupId":"h2j1ipfvfebwp5gs70i468bv","options":{"secondsToWaitFor":"1"}},{"id":"vm7h5kmd7aemtnrsgmafqbqa","type":"text","content":{"richText":[{"type":"p","children":[{"text":"Mas chega de enrolação, vou te explicar como adquirir."}]}]},"groupId":"h2j1ipfvfebwp5gs70i468bv"},{"id":"rdc8u1jvbp3gx1xa91jrdchn","type":"Wait","groupId":"h2j1ipfvfebwp5gs70i468bv","options":{"secondsToWaitFor":"2"}},{"id":"brzof5l1k9xc1a0fss4267wj","type":"embed","content":{"url":"https://zecajose.github.io/AUDIOGOTA/HTML%20AUDIO/Audio%2010.html","height":90},"groupId":"h2j1ipfvfebwp5gs70i468bv"},{"id":"z88ybsx5j5ghg5cdu28fhwb5","type":"Wait","groupId":"h2j1ipfvfebwp5gs70i468bv","options":{"secondsToWaitFor":"7"}},{"id":"na5xiq4vbbzdtv0879y5vipt","type":"embed","content":{"url":"https://zecajose.github.io/AUDIOGOTA/HTML%20AUDIO/Audio%2011.html","height":90},"groupId":"h2j1ipfvfebwp5gs70i468bv"},{"id":"axd9va0zjqu38l01oyqw4b3g","type":"Wait","groupId":"h2j1ipfvfebwp5gs70i468bv","options":{"secondsToWaitFor":"25"}},{"id":"gas964zqo2vx5ozkkwj5zwuu","type":"embed","content":{"url":"https://zecajose.github.io/AUDIOGOTA/HTML%20AUDIO/Audio%2012.html","height":90},"groupId":"h2j1ipfvfebwp5gs70i468bv"},{"id":"z5bf3ismu1jw2372j6jjzw0y","type":"Wait","groupId":"h2j1ipfvfebwp5gs70i468bv","options":{"secondsToWaitFor":"21"}},{"id":"y0789jetx03s8xsgu0matmu2","type":"embed","content":{"url":"https://zecajose.github.io/AUDIOGOTA/HTML%20AUDIO/Audio%2013.html","height":90},"groupId":"h2j1ipfvfebwp5gs70i468bv"},{"id":"ecfcysjngj9oyuz6pt90u0f9","type":"Wait","groupId":"h2j1ipfvfebwp5gs70i468bv","options":{"secondsToWaitFor":"10"}},{"id":"xqkaxx6xf28i4fgttyxfjmk8","type":"embed","content":{"url":"https://zecajose.github.io/AUDIOGOTA/HTML%20AUDIO/Audio%2016.html","height":90},"groupId":"h2j1ipfvfebwp5gs70i468bv"},{"id":"g159ew8zzxe2z99f6zxhjoad","type":"choice input","items":[{"id":"w5qfaidnms8oxn97tqfdg473","type":0,"blockId":"g159ew8zzxe2z99f6zxhjoad","content":"Clique aqui para ver os preços e finalizar","outgoingEdgeId":"cjy85tn5k8q2gygodue0p87m"}],"groupId":"h2j1ipfvfebwp5gs70i468bv","options":{"buttonLabel":"Send","isSearchable":false,"isMultipleChoice":false,"searchInputPlaceholder":"Filter the options..."}}],"graphCoordinates":{"x":2031.09,"y":-39.17}},{"id":"k8dm4wgxzs18gb3w85a71z9d","title":"Group #8","blocks":[{"id":"wys3aq3zrsy3rtu5c1q3k08e","type":"Wait","groupId":"k8dm4wgxzs18gb3w85a71z9d","options":{"secondsToWaitFor":"3"}},{"id":"rgy48h8k8m9jhc762mtd9pjq","type":"text","content":{"richText":[{"type":"p","children":[{"text":"Claro, vou te explicar bem rápido antes que "},{"bold":true,"text":"acabe os estoques"}]}]},"groupId":"k8dm4wgxzs18gb3w85a71z9d"},{"id":"c895x4d5kpvly2qctf3d6v6d","type":"Wait","groupId":"k8dm4wgxzs18gb3w85a71z9d","options":{"secondsToWaitFor":"4"}},{"id":"z2zbycs5ra1kp8uxmurlfcxw","type":"embed","content":{"url":"https://zecajose.github.io/AUDIOGOTA/HTML%20AUDIO/Audio%2014.html","height":90},"groupId":"k8dm4wgxzs18gb3w85a71z9d"},{"id":"nw5auecc2nn96itr9qnct0da","type":"Wait","groupId":"k8dm4wgxzs18gb3w85a71z9d","options":{"secondsToWaitFor":"22"}},{"id":"j7h2x5lo72j7g9gx116xfdar","type":"embed","content":{"url":"https://zecajose.github.io/AUDIOGOTA/HTML%20AUDIO/Audio%209.html","height":90},"groupId":"k8dm4wgxzs18gb3w85a71z9d"},{"id":"rh6scl77co6h5nudq8e5t4ti","type":"Wait","groupId":"k8dm4wgxzs18gb3w85a71z9d","options":{"secondsToWaitFor":"19"}},{"id":"fm1gpu8fxweal9xn0qfui364","type":"embed","content":{"url":"https://zecajose.github.io/AUDIOGOTA/HTML%20AUDIO/Audio%2015.html","height":90},"groupId":"k8dm4wgxzs18gb3w85a71z9d"},{"id":"h8lt84vzvt3lodsaunaq5bnb","type":"Wait","groupId":"k8dm4wgxzs18gb3w85a71z9d","options":{"secondsToWaitFor":"12"}},{"id":"efdbxx3uk7wq5mjk69ujohjq","type":"text","content":{"richText":[{"type":"p","children":[{"text":"Assista o Vídeo para entender mais"}]}]},"groupId":"k8dm4wgxzs18gb3w85a71z9d"},{"id":"iaidxhsgc3k74afwlvr8htks","type":"video","content":{"id":"todWFKRWsLY","url":"https://www.youtube.com/watch?v=todWFKRWsLY","type":"youtube"},"groupId":"k8dm4wgxzs18gb3w85a71z9d"},{"id":"bpydlbrzy2lw43q8h0ux1wzs","type":"text","content":{"richText":[{"type":"p","children":[{"text":"Assista e me diga se era o que procurava:"}]}]},"groupId":"k8dm4wgxzs18gb3w85a71z9d"},{"id":"i9gd0nkgruzh8sxja2xvk8tt","type":"text input","groupId":"k8dm4wgxzs18gb3w85a71z9d","options":{"isLong":false,"labels":{"button":"Enviar","placeholder":"Escreva sua resposta:"}},"outgoingEdgeId":"s8v3rs06s2pszr0vfus51c4f"}],"graphCoordinates":{"x":1637.42,"y":-38.23}},{"id":"lgqo0kh7rb02fhdk38j42nlt","title":"Group #10","blocks":[{"id":"d2d726ry8qujsvkt6ixd79dr","type":"text","content":{"richText":[{"type":"p","children":[{"bold":true,"text":"Tratamento Gota do Zeca 1 Mês!"}]}]},"groupId":"lgqo0kh7rb02fhdk38j42nlt"},{"id":"lcp37hcoinctga5m4drq0zon","type":"text","content":{"richText":[{"type":"p","children":[{"text":"Como funciona o tratamento:"}]}]},"groupId":"lgqo0kh7rb02fhdk38j42nlt"},{"id":"ap79wkm59ru2z9huuec8bo7m","type":"embed","content":{"url":"https://zecajose.github.io/AUDIOGOTA/HTML%20AUDIO/Audio%202018.html","height":90},"groupId":"lgqo0kh7rb02fhdk38j42nlt"},{"id":"m7gh4pif2m0aexyqkbq8k79d","type":"Wait","groupId":"lgqo0kh7rb02fhdk38j42nlt","options":{"secondsToWaitFor":"13"}},{"id":"kn60qh96kzg4q606vavbpsbr","type":"text","content":{"richText":[{"type":"p","children":[{"text":"Você não ouviu errado!!"}]}]},"groupId":"lgqo0kh7rb02fhdk38j42nlt"},{"id":"xjeru4tfwgywnzel2yqbfnim","type":"Wait","groupId":"lgqo0kh7rb02fhdk38j42nlt","options":{"secondsToWaitFor":"2"}},{"id":"uoomj885qn6wnbzbs1z6rc1e","type":"embed","content":{"url":"https://zecajose.github.io/AUDIOGOTA/HTML%20AUDIO/Audio%2019.html","height":90},"groupId":"lgqo0kh7rb02fhdk38j42nlt"},{"id":"y4aqgkp62d26ek4pw76gddxq","type":"Wait","groupId":"lgqo0kh7rb02fhdk38j42nlt","options":{"secondsToWaitFor":"12"}},{"id":"v0wwfm23fzr0twr73ljws8it","type":"embed","content":{"url":"https://zecajose.github.io/AUDIOGOTA/HTML%20AUDIO/Audio%2020.html","height":90},"groupId":"lgqo0kh7rb02fhdk38j42nlt"},{"id":"g0kfg6f7rw35jq73529jy15w","type":"Wait","groupId":"lgqo0kh7rb02fhdk38j42nlt","options":{"secondsToWaitFor":"14"}},{"id":"hpjbx0p9n3qm8g95bqff3c21","type":"choice input","items":[{"id":"h9pl7kgekg3l0kr7meyhubri","type":0,"blockId":"hpjbx0p9n3qm8g95bqff3c21","content":"Clique aqui para comprar!","outgoingEdgeId":"yhzrrle23r6lsin4oe36ht6a"}],"groupId":"lgqo0kh7rb02fhdk38j42nlt","options":{"buttonLabel":"Send","isSearchable":false,"isMultipleChoice":false,"searchInputPlaceholder":"Filter the options..."}},{"id":"u4zvetm9zwtu15h1n36xdwtq","type":"Redirect","groupId":"lgqo0kh7rb02fhdk38j42nlt","options":{"url":"https://ev.braip.com/checkout/plavgorg/cheg4znd","isNewTab":false}}],"graphCoordinates":{"x":2424.71,"y":-24.69}},{"id":"o54h5ycnn8d9mngf7ilsb88x","title":"Group #1","blocks":[{"id":"yj2ezyet9gs1sw8jjpim66lp","type":"Wait","groupId":"o54h5ycnn8d9mngf7ilsb88x","options":{"secondsToWaitFor":"3"}},{"id":"yxudoi94druktzt96b735q3x","type":"text","content":{"richText":[{"type":"p","children":[{"text":"Bom, hoje é seu dia de sorte!"}]}]},"groupId":"o54h5ycnn8d9mngf7ilsb88x"},{"id":"ceclavnxr0gqv5vni41oe9io","type":"Wait","groupId":"o54h5ycnn8d9mngf7ilsb88x","options":{"secondsToWaitFor":"2"}},{"id":"hvpkvrpg6x0v1ebua3zzwkkf","type":"text","content":{"richText":[{"type":"p","children":[{"text":"Sou especialista em "},{"bold":true,"text":"tratar males do estomago"},{"text":" utilizando "},{"bold":true,"text":"apenas combinados de plantas"},{"text":", de forma natural e "},{"bold":true,"text":"sem riscos a saúde! "}]}]},"groupId":"o54h5ycnn8d9mngf7ilsb88x"},{"id":"m35fu82d0kqlse2rkiurj0a9","type":"Wait","groupId":"o54h5ycnn8d9mngf7ilsb88x","options":{"secondsToWaitFor":"5"}},{"id":"zw6ldwbcxca79q3p82l7vbk9","type":"text","content":{"richText":[{"type":"p","children":[{"text":"Você tem interesse?"}]}]},"groupId":"o54h5ycnn8d9mngf7ilsb88x"},{"id":"fto8ys410uk7r0ymnrporw2l","type":"text input","groupId":"o54h5ycnn8d9mngf7ilsb88x","options":{"isLong":false,"labels":{"button":"Enviar","placeholder":"Digite sua resposta:"}}},{"id":"pe06ftkgid9t8ivgm9fp98r4","type":"Wait","groupId":"o54h5ycnn8d9mngf7ilsb88x","options":{"secondsToWaitFor":"2"}},{"id":"bj2e5y58si5btiwf300ilogc","type":"text","content":{"richText":[{"type":"p","children":[{"text":"Maravilha, só preciso coletar algumas informações!"}]}]},"groupId":"o54h5ycnn8d9mngf7ilsb88x"},{"id":"trj83ll00l23rkj586aw0i6b","type":"Wait","groupId":"o54h5ycnn8d9mngf7ilsb88x","options":{"secondsToWaitFor":"2"},"outgoingEdgeId":"wmg420k5pcpmp7hid610nexo"}],"graphCoordinates":{"x":-275.17,"y":-16.17}},{"id":"d1rqx3sdx5h6hhmsjao2yd3a","title":"Group #2","blocks":[{"id":"pfcmjbcp0vp57mt98bzhs8ch","type":"text","content":{"richText":[{"type":"p","children":[{"bold":true,"text":"Qual é o seu nome?"}]}]},"groupId":"d1rqx3sdx5h6hhmsjao2yd3a"},{"id":"rfdv7p1s1fyvagpk2dgxlr4m","type":"text input","groupId":"d1rqx3sdx5h6hhmsjao2yd3a","options":{"isLong":false,"labels":{"button":"Enviar","placeholder":"Digite seu nome..."},"variableId":"vye9cwioi3fnpi1cgb29leywf"}},{"id":"ipe0qb3nt29ngvfow7r4ev6o","type":"text","content":{"richText":[{"type":"p","children":[{"text":"Muito prazer, {{NOME DO PACIENTE}}"}]}]},"groupId":"d1rqx3sdx5h6hhmsjao2yd3a"},{"id":"g8noqrwlskxqrsq0grnwah5u","type":"Wait","groupId":"d1rqx3sdx5h6hhmsjao2yd3a","options":{"secondsToWaitFor":"2"}},{"id":"rx67n9lh7mwtohseywhu2ous","type":"text","content":{"richText":[{"type":"p","children":[{"bold":true,"text":"Quantos anos"},{"text":" você tem?"}]},{"type":"p","children":[{"text":""}]},{"type":"p","children":[{"text":"Digite apenas os números."}]}]},"groupId":"d1rqx3sdx5h6hhmsjao2yd3a"},{"id":"yls3ub253g3csyx19lgwsssr","type":"number input","groupId":"d1rqx3sdx5h6hhmsjao2yd3a","options":{"max":110,"labels":{"button":"Enviar","placeholder":"Digite sua idade..."},"variableId":"vrj65sbaazeawi4d7ibra9l7m"}},{"id":"z3sof5pn5waf0bvcvygijjng","type":"Wait","groupId":"d1rqx3sdx5h6hhmsjao2yd3a","options":{"secondsToWaitFor":"2"}},{"id":"x6rh0s3e80pa3u51kaf7t2ms","type":"text","content":{"richText":[{"type":"p","children":[{"text":"Antes de fazer seu atendimento, irei iniciar me apresentando!"}]}]},"groupId":"d1rqx3sdx5h6hhmsjao2yd3a","outgoingEdgeId":"k3kmbileokxvyia1akht5f0n"}],"graphCoordinates":{"x":61.83,"y":-15.17}},{"id":"iog1kcenrq1br6dss5s6u76u","title":"Group #0","blocks":[{"id":"q8w9cdrptcuusoucr91kp65d","type":"text","content":{"richText":[{"type":"p","children":[{"bold":true,"text":"[VOCÊ"},{"text":" "},{"bold":true,"text":"FOI"},{"text":" "},{"bold":true,"text":"SELECIONADO PARA UMA ANÁLISE]"}]},{"type":"p","children":[{"bold":true,"text":""}]},{"type":"p","children":[{"text":"ESSA "},{"bold":true,"text":"ANÁLISE É","underline":true},{"text":" ","underline":true},{"bold":true,"text":"GRATUITA","underline":true},{"text":"!"}]},{"type":"p","children":[{"text":""}]},{"type":"p","children":[{"text":"A sua especialista será a "},{"bold":true,"text":"Dra. Leticia","italic":true},{"text":"."}]}]},"groupId":"iog1kcenrq1br6dss5s6u76u"},{"id":"gle6u9y3lv61il2nkful7kqe","type":"Wait","groupId":"iog1kcenrq1br6dss5s6u76u","options":{"secondsToWaitFor":"3"}},{"id":"myp2vpi6kbt85uv6ulw8u2dt","type":"text","content":{"richText":[{"type":"p","children":[{"text":"Olá, meu nome é Dra. Leticia..."}]}]},"groupId":"iog1kcenrq1br6dss5s6u76u"},{"id":"g2t2y1gn7bk0bmcebpu9pe7t","type":"Wait","groupId":"iog1kcenrq1br6dss5s6u76u","options":{"secondsToWaitFor":"2"}},{"id":"o82h4ncxd22mmoanto33w0fg","type":"text","content":{"richText":[{"type":"p","children":[{"text":"Se você clicou em meu anuncio, deve sofrer com:"}]}]},"groupId":"iog1kcenrq1br6dss5s6u76u"},{"id":"jahvbl9kj76roc8f1zpezi88","type":"Wait","groupId":"iog1kcenrq1br6dss5s6u76u","options":{"secondsToWaitFor":"4"}},{"id":"kp89r535cnmu5jpo237jvbp0","type":"text","content":{"richText":[{"type":"p","children":[{"bold":true,"text":"- GASTRITE"}]},{"type":"p","children":[{"bold":true,"text":"- AZIA"}]},{"type":"p","children":[{"bold":true,"text":"- REFLUXO"}]},{"type":"p","children":[{"bold":true,"text":"- BOCA AMARGA"}]},{"type":"p","children":[{"bold":true,"text":"- ESTOMAGO ALTO"}]},{"type":"p","children":[{"bold":true,"text":"- QUEIMAÇÃO"}]},{"type":"p","children":[{"bold":true,"text":"- DORES ESTOMACAIS"}]},{"type":"p","children":[{"bold":true,"text":"- MÁ DIGESTÃO"}]}]},"groupId":"iog1kcenrq1br6dss5s6u76u"},{"id":"ym5oxliv08re6sn3y79uokz6","type":"Wait","groupId":"iog1kcenrq1br6dss5s6u76u","options":{"secondsToWaitFor":"5"}},{"id":"h3wqabe6yzzecslrjk7a72iw","type":"text","content":{"richText":[{"type":"p","children":[{"text":"Estou certa?"}]}]},"groupId":"iog1kcenrq1br6dss5s6u76u"},{"id":"imbwnsymre8l5x6xqkd0pu1u","type":"text input","groupId":"iog1kcenrq1br6dss5s6u76u","options":{"isLong":false,"labels":{"button":"Send","placeholder":"Type your answer..."}},"outgoingEdgeId":"etud90kh5zty4c2kzqn3vx73"}],"graphCoordinates":{"x":-620.42,"y":-14.67}},{"id":"s0j9bumcbku7jdu5mfc7jrms","title":"Group #10","blocks":[{"id":"s1zmszytn0rcddp26wnwihvw","type":"Pixel","groupId":"s0j9bumcbku7jdu5mfc7jrms","options":{"params":[{"id":"ivila8ll6m1brlb029vb1pt8","key":"content_category","value":"iniciado"}],"pixelId":"3613760418856796","eventType":"ViewContent"},"outgoingEdgeId":"b9g9ckb5z0t3oqksqf6sg9e8"}],"graphCoordinates":{"x":-970.67,"y":800.08}}],"variables":[{"id":"vye9cwioi3fnpi1cgb29leywf","name":"NOME DO PACIENTE"},{"id":"vrj65sbaazeawi4d7ibra9l7m","name":"IDADE DO PACIENTE"},{"id":"vckmq0dr1q7ku76q085t6hxtu","name":"DOR DO PACIENTE"}],"edges":[{"id":"cjy85tn5k8q2gygodue0p87m","to":{"groupId":"lgqo0kh7rb02fhdk38j42nlt"},"from":{"itemId":"w5qfaidnms8oxn97tqfdg473","blockId":"g159ew8zzxe2z99f6zxhjoad","groupId":"h2j1ipfvfebwp5gs70i468bv"}},{"id":"yhzrrle23r6lsin4oe36ht6a","to":{"blockId":"u4zvetm9zwtu15h1n36xdwtq","groupId":"lgqo0kh7rb02fhdk38j42nlt"},"from":{"itemId":"h9pl7kgekg3l0kr7meyhubri","blockId":"hpjbx0p9n3qm8g95bqff3c21","groupId":"lgqo0kh7rb02fhdk38j42nlt"}},{"id":"k3kmbileokxvyia1akht5f0n","to":{"groupId":"owo9k3vi0rix8zgjrcfjahrk"},"from":{"blockId":"x6rh0s3e80pa3u51kaf7t2ms","groupId":"d1rqx3sdx5h6hhmsjao2yd3a"}},{"id":"cm0ym10syy5f0g8y4zbvl8ki","to":{"groupId":"b7ycjpv0miiar77zb6kuuxkv"},"from":{"blockId":"u2t03t6py4d44eg7tbp37hq1","groupId":"owo9k3vi0rix8zgjrcfjahrk"}},{"id":"m3uuymy1tb6pw9xwrfx77vce","to":{"groupId":"iog1kcenrq1br6dss5s6u76u"},"from":{"blockId":"hwym83o209jpp6pidfakmbqq","groupId":"mc0vn4j197o98p3qwp65qbha"}},{"id":"etud90kh5zty4c2kzqn3vx73","to":{"groupId":"o54h5ycnn8d9mngf7ilsb88x"},"from":{"blockId":"imbwnsymre8l5x6xqkd0pu1u","groupId":"iog1kcenrq1br6dss5s6u76u"}},{"id":"wmg420k5pcpmp7hid610nexo","to":{"groupId":"d1rqx3sdx5h6hhmsjao2yd3a"},"from":{"blockId":"trj83ll00l23rkj586aw0i6b","groupId":"o54h5ycnn8d9mngf7ilsb88x"}},{"id":"dfwn7oywjyt4l7hl8sk8ph2t","to":{"groupId":"g69rmlg6t98rlnv3m92r0d58"},"from":{"blockId":"po5x5hc8z4n7jmjjas5i953r","groupId":"b7ycjpv0miiar77zb6kuuxkv"}},{"id":"l1br2xcxzwgoanwbj7xj9xl7","to":{"groupId":"lgqo0kh7rb02fhdk38j42nlt"},"from":{"itemId":"swo7r1n85hh1ydy7mlyk88jh","blockId":"u6eg7nti2f3habqkqjjfovme","groupId":"g69rmlg6t98rlnv3m92r0d58"}},{"id":"e8u9vlttdbicfyvjqup7h4ie","to":{"groupId":"k8dm4wgxzs18gb3w85a71z9d"},"from":{"itemId":"osczc9hv0ognjbsgd2i9dlps","blockId":"u6eg7nti2f3habqkqjjfovme","groupId":"g69rmlg6t98rlnv3m92r0d58"}},{"id":"s8v3rs06s2pszr0vfus51c4f","to":{"blockId":"ykj3mpg1mmyplvv40vopgk28","groupId":"h2j1ipfvfebwp5gs70i468bv"},"from":{"blockId":"i9gd0nkgruzh8sxja2xvk8tt","groupId":"k8dm4wgxzs18gb3w85a71z9d"}},{"id":"b9g9ckb5z0t3oqksqf6sg9e8","to":{"blockId":"imbwnsymre8l5x6xqkd0pu1u","groupId":"iog1kcenrq1br6dss5s6u76u"},"from":{"blockId":"s1zmszytn0rcddp26wnwihvw","groupId":"s0j9bumcbku7jdu5mfc7jrms"}},{"id":"lk2k2h7i6xom2xdpmqen7xow","to":{"blockId":"usgaovs4tfwlarm29kwqzseh","groupId":"g69rmlg6t98rlnv3m92r0d58"},"from":{"itemId":"u6ldsvhhi60z7ofa7gftkdgy","blockId":"sprc7ba2xug3c5lcaz2ohlwq","groupId":"g69rmlg6t98rlnv3m92r0d58"}},{"id":"xr4jrxfl2mubi60ildrf504f","to":{"blockId":"hvinplxybowil7rk05v0cwuf","groupId":"g69rmlg6t98rlnv3m92r0d58"},"from":{"itemId":"n32mm2ym272hlnyhc3orznol","blockId":"l5bmyqgn0dnrbjko4n2tvs8g","groupId":"g69rmlg6t98rlnv3m92r0d58"}}],"theme":{"chat":{"inputs":{"color":"#000000","backgroundColor":"#FFFFFF","placeholderColor":"#28292a"},"buttons":{"color":"#FFFFFF","backgroundColor":"#128C7E"},"roundness":"medium","hostAvatar":{"url":"https://s3.fr-par.scw.cloud/typebot/public/typebots/cljzsovta001ml50fmv7zkh13/hostAvatar?v=1689555640691","isEnabled":true},"guestAvatar":{"url":"https://s3.fr-par.scw.cloud/typebot/public/typebots/cli88mae30010mh0f0yzjqn48/guestAvatar?v=1685330799682","isEnabled":false},"hostBubbles":{"color":"#303235","backgroundColor":"#FFFFFF"},"guestBubbles":{"color":"#303235","backgroundColor":"#e1ffc7"}},"general":{"font":"Open Sans","background":{"type":"Image","content":"https://s3.fr-par.scw.cloud/typebot/public/typebots/cli88mae30010mh0f0yzjqn48/background?v=1685470080750"}},"customCss":".typebot-chat-view > .flex:first-child {\n    padding-top: 30px;\n}\n\n.typebot-input {\n    position: fixed;\n    bottom: 0;\n    align-items: center;\n    z-index: 999;\n    right: 0;\n}\n\n.typebot-input .typebot-button {\n    background: #008a7c;\n    border-radius: 50%;\n    color: #fff;\n    position: relative;\n    width: 50px;\n    height: 50px;\n    display: flex;\n    align-items: center;\n    justify-content: center;\n}\n\n.typebot-container {\n    background-size: initial!important;\n    background-repeat: repeat-x!important;\n}\n\n.typebot-host-bubble>.bubble-typing {\n  border-radius: 0 5px 5px 5px;\n}\n\n.typebot-host-bubble>.bubble-typing:after {\n    position: absolute;\n    content: \"\";\n    width: 0;\n    height: 0;\n    border-style: solid;\n    border-width: 0px 10px 10px 0;\n    border-color: transparent #fff transparent transparent;\n    top: 0;\n    left: -10px;\n}\n\n.typebot-guest-bubble {\n  position: relative;\n  border-radius: 5px 0 5px 5px;\n}\n\n.typebot-guest-bubble:after {\n  position: absolute;\n  content: \"\";\n  width: 0;\n  height: 0;\n  border-style: solid;\n}\n\n.typebot-guest-bubble:after {\n    border-width: 0px 0 10px 10px;\n    border-color: transparent transparent transparent #e1ffc7;\n    top: 0;\n    right: -10px;\n    border-style: solid;\n}\n\niframe[src=\"\"] {\n  position: fixed;\n  top: 0;\n  left: 0;\n  display: relative;\n  width: 100%;\n  height: 100% !important;\n  z-index: 999999;\n  border: none;\n  padding: 0;\n  margin: 0;\n}\n\na#lite-badge {\n  display: none!important;\n}"},"settings":{"general":{"rememberUser":{"isEnabled":false},"isBrandingEnabled":true,"isInputPrefillEnabled":true,"isHideQueryParamsEnabled":true},"metadata":{"title":"WhatsApp Web","favIconUrl":"https://s3.fr-par.scw.cloud/typebot/public/typebots/cljzsovta001ml50fmv7zkh13/favIcon?v=1689552664994","description":"Faça sua analise com a Dra. Leticia no WhatsApp Web","customHeadCode":"<link rel=\"stylesheet\" href=\"https://cdnjs.cloudflare.com/ajax/libs/material-design-iconic-font/2.2.0/css/material-design-iconic-font.min.css\">\n<style>\n  .hide {\n    display: none!important;\n  }\n  typebot-standard {\n    position: relative;\n    z-index: 9999;\n  }\n  #__next {\n    position: relative;\n    z-index: 9999;\n}\n  /* User Bar */\n.user-bar {\n  width: 100%;\n  height: 55px;\n  background: #005e54;\n  color: #fff;\n  padding: 0;\n  font-size: 24px;\n  position: fixed;\n  z-index: 99999;\n  display: block;\n  top: 0;\n}\n\n.user-bar:after {\n  content: \"\";\n  display: table;\n  clear: both;\n}\n\n.user-bar div {\n    float: left;\n    transform: translateY(-50%);\n    position: relative;\n    top: 50%;\n    margin-left: 10px;\n}\n\n.user-bar .actions {\n  float: right;\n  margin: 0 0 0 20px;\n}\n\n.user-bar .actions.more {\n  margin: 0 12px 0 32px;\n}\n\n.user-bar .actions.attachment {\n  margin: 0 0 0 30px;\n}\n\n.user-bar .actions.attachment i {\n  display: block;\n  transform: rotate(-45deg);\n}\n\n.user-bar .avatar {\n  margin: 0 0 0 5px;\n  width: 36px;\n  height: 36px;\n}\n\n.user-bar .avatar img {\n  border-radius: 50%;\n  box-shadow: 0 1px 0 rgba(255, 255, 255, 0.1);\n  display: block;\n  width: 100%;\n}\n\n.user-bar .name {\n  font-size: 17px;\n  font-weight: 600;\n  text-overflow: ellipsis;\n  letter-spacing: 0.3px;\n  margin: 0 0 0 8px;\n  overflow: hidden;\n  white-space: nowrap;\n  width: 150px;\n}\n\n.user-bar .status {\n  display: block;\n  font-size: 13px;\n  font-weight: 400;\n  letter-spacing: 0;\n}\n</style>\n\n<script>\nfunction criarBarra() {\n  var userBar = document.createElement(\"div\");\n  userBar.className = \"user-bar\";\n\n  var backButton = document.createElement(\"div\");\n  backButton.className = \"back\";\n  backButton.innerHTML = '<i class=\"zmdi zmdi-arrow-left\"></i>';\n\n  var avatar = document.createElement(\"div\");\n  avatar.className = \"avatar\";\n    avatar.innerHTML = '<img src=\"https://i.postimg.cc/fThfcfvc/Design-sem-nome.png\" alt=\"DRA. Leticia\">';\n\n  var name = document.createElement(\"div\");\n  name.className = \"name\";\n  name.innerHTML = '<span>DRA. Leticia</span><span class=\"status\">online</span>';\n\n  var moreActions = document.createElement(\"div\");\n  moreActions.className = \"actions more\";\n  moreActions.innerHTML = '<i class=\"zmdi zmdi-more-vert\"></i>';\n\n  var attachmentAction = document.createElement(\"div\");\n  attachmentAction.className = \"actions attachment\";\n  attachmentAction.innerHTML = '<i class=\"zmdi zmdi-attachment-alt\"></i>';\n\n  var phoneAction = document.createElement(\"div\");\n  phoneAction.className = \"actions\";\n  phoneAction.innerHTML = '<i class=\"zmdi zmdi-phone\"></i>';\n\n  userBar.appendChild(backButton);\n  userBar.appendChild(avatar);\n  userBar.appendChild(name);\n  userBar.appendChild(moreActions);\n  userBar.appendChild(attachmentAction);\n  userBar.appendChild(phoneAction);\n\n  var elementoPai = document.querySelector(\"#__next\");\n  if (elementoPai) {\n    elementoPai.insertBefore(userBar, elementoPai.firstChild);\n  }\n}\n\ncriarBarra();\n</script>\n"},"typingEmulation":{"speed":300,"enabled":true,"maxDelay":1.5}}}