{"id":"clkgxygue002wl50fsupet9sa","version":"3","groups":[{"id":"bwrdguh4tp6z775gplbrodzc","title":"Start","blocks":[{"id":"cx5iel8jxfo4caorf8rnjiw0","type":"start","label":"Start","groupId":"bwrdguh4tp6z775gplbrodzc","outgoingEdgeId":"e97kksrkh2bignjxey5k7mxg"}],"graphCoordinates":{"x":-1804.43,"y":-11.61}},{"id":"xk1plwmholnxvxh2a4s4bwdy","title":"","blocks":[{"id":"zes6u8pnafnpkigvmxbrp36u","type":"Pixel","groupId":"xk1plwmholnxvxh2a4s4bwdy","options":{"params":[],"pixelId":"597592635839115","eventType":"Purchase"}},{"id":"d71h57ki5co3f6r7by8hnj8e","type":"Wait","groupId":"xk1plwmholnxvxh2a4s4bwdy","options":{"secondsToWaitFor":"5"}},{"id":"xum43zliapkqza56jrzlq9ic","type":"picture choice input","items":[{"id":"em91lnbktqlw1g9i7urdqshc","type":3,"title":"Iniciar atendimento!","blockId":"xum43zliapkqza56jrzlq9ic","pictureSrc":"data:image/svg+xml;utf8,<svg fill='%23FFFFFF' xmlns='http://www.w3.org/2000/svg' viewBox='0 0 448 512'><!--! Font Awesome Free 6.4.0 by @fontawesome - https://fontawesome.com License - https://fontawesome.com/license/free (Icons: CC BY 4.0, Fonts: SIL OFL 1.1, Code: MIT License) Copyright 2023 Fonticons, Inc. --><path d='M224 256A128 128 0 1 0 224 0a128 128 0 1 0 0 256zm-96 55.2C54 332.9 0 401.3 0 482.3C0 498.7 13.3 512 29.7 512H418.3c16.4 0 29.7-13.3 29.7-29.7c0-81-54-149.4-128-171.1V362c27.6 7.1 48 32.2 48 62v40c0 8.8-7.2 16-16 16H336c-8.8 0-16-7.2-16-16s7.2-16 16-16V424c0-17.7-14.3-32-32-32s-32 14.3-32 32v24c8.8 0 16 7.2 16 16s-7.2 16-16 16H256c-8.8 0-16-7.2-16-16V424c0-29.8 20.4-54.9 48-62V304.9c-6-.6-12.1-.9-18.3-.9H178.3c-6.2 0-12.3 .3-18.3 .9v65.4c23.1 6.9 40 28.3 40 53.7c0 30.9-25.1 56-56 56s-56-25.1-56-56c0-25.4 16.9-46.8 40-53.7V311.2zM144 448a24 24 0 1 0 0-48 24 24 0 1 0 0 48z'/></svg>","description":"CLIQUE AQUI PARA INICIAR"}],"groupId":"xk1plwmholnxvxh2a4s4bwdy","options":{"buttonLabel":"Send","searchInputPlaceholder":"Filter the options..."}},{"id":"cupizlr4jdtlaefy90e86008","type":"text","content":{"richText":[{"type":"p","children":[{"bold":true,"text":"[INICIANDO SEU ATENDIMENTO]"}]}]},"groupId":"xk1plwmholnxvxh2a4s4bwdy"},{"id":"b2047m48s5nzwbxngxbugyz2","type":"Wait","groupId":"xk1plwmholnxvxh2a4s4bwdy","options":{"secondsToWaitFor":"3"}},{"id":"zvhu5vzxoxru934payyzt8t3","type":"text","content":{"richText":[{"type":"p","children":[{"text":"Esse Programa é Voltado para  ","underline":true},{"bold":true,"text":"Pessoas com Crises iniciais de REFLUXO á Crises Severas ","underline":true},{"text":" !","underline":true}]}]},"groupId":"xk1plwmholnxvxh2a4s4bwdy"},{"id":"vkjf9q2nvvcybivi0d7nuzoo","type":"Wait","groupId":"xk1plwmholnxvxh2a4s4bwdy","options":{"secondsToWaitFor":"5"}},{"id":"e081r8lhverjp3rl1csh6jaq","type":"text","content":{"richText":[{"type":"p","children":[{"text":"Qual Seu Nome ?"}]}]},"groupId":"xk1plwmholnxvxh2a4s4bwdy"},{"id":"rdslw29ygtcrwj55ncyyma1h","type":"text input","groupId":"xk1plwmholnxvxh2a4s4bwdy","options":{"isLong":false,"labels":{"button":"Enviar ","placeholder":"Digite seu nome ..."},"variableId":"vrgtt70madi738b5ugs1fxn84"}},{"id":"eglxalau3n5is622xg4z4l1y","type":"Wait","groupId":"xk1plwmholnxvxh2a4s4bwdy","options":{"secondsToWaitFor":"5"}},{"id":"p052hzpjj86wqwfl0jllld20","type":"text","content":{"richText":[{"type":"p","children":[{"text":"Muito Prazer, "},{"bold":true,"text":"{{nome}}!"}]}]},"groupId":"xk1plwmholnxvxh2a4s4bwdy"},{"id":"adhlt37nesyxrfnjhkfq0ejt","type":"Wait","groupId":"xk1plwmholnxvxh2a4s4bwdy","options":{"secondsToWaitFor":"5"}},{"id":"qu2ubyivywfy3aswai3zo8v8","type":"image","content":{"url":"https://s3.fr-par.scw.cloud/typebot/public/typebots/fs96vpdrn0lazsftm9f2tr40/blocks/qu2ubyivywfy3aswai3zo8v8?v=1690201013188"},"groupId":"xk1plwmholnxvxh2a4s4bwdy"},{"id":"rh3gh0mde9puzv1c5ve3h4n5","type":"Wait","groupId":"xk1plwmholnxvxh2a4s4bwdy","options":{"secondsToWaitFor":"5"}},{"id":"qgabe8bc82icxs4d0qnrazvx","type":"text","content":{"richText":[{"type":"p","children":[{"text":" "},{"bold":true,"text":"{{nome}}! "},{"text":"Gostaria de "},{"bold":true,"text":"participar"},{"text":" do meu "},{"bold":true,"text":"programa"},{"text":" de "},{"bold":true,"text":"Controle e Prevenção do Refluxo gastroesofágico "},{"text":"?"}]}]},"groupId":"xk1plwmholnxvxh2a4s4bwdy"},{"id":"c8zvdcs07rxg9q2yckyprsyn","type":"choice input","items":[{"id":"y7nha2s1ao0x413ayi6jl6rb","type":0,"blockId":"c8zvdcs07rxg9q2yckyprsyn","content":"SIM","outgoingEdgeId":"f3enwess4rixjoom9jpeua3v"},{"id":"y8yvajryjpsgn97pbxwx6wn7","type":0,"blockId":"c8zvdcs07rxg9q2yckyprsyn","content":"NÃO"}],"groupId":"xk1plwmholnxvxh2a4s4bwdy","options":{"buttonLabel":"Send","isSearchable":false,"isMultipleChoice":false,"searchInputPlaceholder":"Filter the options..."}}],"graphCoordinates":{"x":-1434.92,"y":23.22}},{"id":"il15wzg9l86p9jymblqhtkw9","title":"","blocks":[{"id":"bw4d3fdjz17vj6i6869wf01b","type":"text","content":{"richText":[{"type":"p","children":[{"text":"O QUE precisa é de um  Tratamento detalhado de como "},{"bold":true,"text":"TRATAR REFLUXO "},{"text":"gastroesofágico!"}]}]},"groupId":"il15wzg9l86p9jymblqhtkw9"},{"id":"zyup4jipgeu1lx1shkhb92kf","type":"Wait","groupId":"il15wzg9l86p9jymblqhtkw9","options":{"secondsToWaitFor":"10"}},{"id":"qlzpncdli50qn183tmygy5zl","type":"text","content":{"richText":[{"type":"p","children":[{"bold":true,"text":"Você"},{"text":" "},{"bold":true,"text":"ficaria"},{"text":" "},{"bold":true,"text":"feliz"},{"text":" com esses resultados?"}]}]},"groupId":"il15wzg9l86p9jymblqhtkw9"},{"id":"ods9i3r6z91o3dlqut3f2rjr","type":"Wait","groupId":"il15wzg9l86p9jymblqhtkw9","options":{"secondsToWaitFor":"10"}},{"id":"jcylxxy65q6y25uum9pbwsxg","type":"image","content":{"url":"https://s3.fr-par.scw.cloud/typebot/public/typebots/fs96vpdrn0lazsftm9f2tr40/blocks/jcylxxy65q6y25uum9pbwsxg?v=1690204059070"},"groupId":"il15wzg9l86p9jymblqhtkw9"},{"id":"fw99wtuqzlxffqehx2knhani","type":"Wait","groupId":"il15wzg9l86p9jymblqhtkw9","options":{"secondsToWaitFor":"15"}},{"id":"r3c3vww03jlzttasrszcm3fs","type":"image","content":{"url":"https://s3.fr-par.scw.cloud/typebot/public/typebots/fs96vpdrn0lazsftm9f2tr40/blocks/r3c3vww03jlzttasrszcm3fs?v=1689684971053"},"groupId":"il15wzg9l86p9jymblqhtkw9"},{"id":"aflqriqdmyisf71cqihc044z","type":"Wait","groupId":"il15wzg9l86p9jymblqhtkw9","options":{"secondsToWaitFor":"15"}},{"id":"w3yo96x5w6eq4ann8d0v36w4","type":"image","content":{"url":"https://s3.fr-par.scw.cloud/typebot/public/typebots/fs96vpdrn0lazsftm9f2tr40/blocks/w3yo96x5w6eq4ann8d0v36w4?v=1689685053073"},"groupId":"il15wzg9l86p9jymblqhtkw9"},{"id":"hzhq4psp46unqb6gvtf9icmb","type":"Wait","groupId":"il15wzg9l86p9jymblqhtkw9","options":{"secondsToWaitFor":"15"},"outgoingEdgeId":"qmzu7cxsewbnr6m0jieahse8"}],"graphCoordinates":{"x":-315.69,"y":-14.83}},{"id":"z367neq38cki2ngpbwcdvbwx","title":"","blocks":[{"id":"jod99kisimo8xbxjd1sfga1q","type":"text","content":{"richText":[{"type":"p","children":[{"bold":true,"text":"Certo!"},{"text":" Através das suas informações vamos gerar seu "},{"bold":true,"text":"Ebook"},{"text":" de Acordo com seu  "},{"bold":true,"text":"Perfil."},{"text":"  e sera enviado para seu "},{"bold":true,"text":"WhatsAPP"},{"text":" e "},{"bold":true,"text":"E-mail"},{"text":" . O Que pedimos é uma Taxa única  de inscrição de "},{"bold":true,"text":"29,90 "},{"text":"para manutenção do Programa"},{"bold":true,"text":".  "},{"text":"Para ser inscrito e Seguir o "},{"bold":true,"text":"Passo a passo"},{"text":" , "},{"bold":true,"text":"Novidades"},{"text":", "},{"bold":true,"text":"Receitas"},{"text":" que vão te ajudar a "},{"bold":true,"text":"Eliminar"},{"text":" o "},{"bold":true,"text":"Refluxo"},{"text":" e Voltar a ter uma Vida normal ."}]}]},"groupId":"z367neq38cki2ngpbwcdvbwx"},{"id":"hum1p324vmp6c0btr6x6y51m","type":"Wait","groupId":"z367neq38cki2ngpbwcdvbwx","options":{"secondsToWaitFor":"10"}},{"id":"fhd5q72bek9gsu9udu6881il","type":"text","content":{"richText":[{"type":"p","children":[{"text":"Clique no Botão "},{"bold":true,"text":"Prosseguir "},{"text":"logo abaixo para Garantir a "},{"bold":true,"text":"sua Vaga"},{"text":" e Fazer Parte desse Programa que tem Ajudado varias  Pessoas a "},{"bold":true,"text":"Eliminar as CRISES DE Refluxo Gastroesofágico "},{"text":"."}]}]},"groupId":"z367neq38cki2ngpbwcdvbwx"},{"id":"beot79mzvzxzaz5vgfaxxwya","type":"Wait","groupId":"z367neq38cki2ngpbwcdvbwx","options":{"secondsToWaitFor":"5"}},{"id":"eo7w9qn7bibw9zrrifc8mw17","type":"choice input","items":[{"id":"n6ee39huurr7baq2csew14oy","type":0,"blockId":"eo7w9qn7bibw9zrrifc8mw17","content":"Prosseguir"}],"groupId":"z367neq38cki2ngpbwcdvbwx","options":{"buttonLabel":"Send","isSearchable":false,"isMultipleChoice":false,"searchInputPlaceholder":"Filter the options..."}},{"id":"ye4yaoxpga4iz36n0v9pbmxs","type":"Wait","groupId":"z367neq38cki2ngpbwcdvbwx","options":{"secondsToWaitFor":"5"}},{"id":"vq2wqekzomicwqw9i6kigwwq","type":"Redirect","groupId":"z367neq38cki2ngpbwcdvbwx","options":{"url":"https://pay.kiwify.com.br/S2eQvh5","isNewTab":false}}],"graphCoordinates":{"x":284.85,"y":29.24}},{"id":"s3gyem04uwjw1fokbo4bktdg","title":"","blocks":[{"id":"qxhdyp7zce3in4k4hozn96ij","type":"text","content":{"richText":[{"type":"p","children":[{"text":"Vou te explicar "},{"bold":true,"text":"como"},{"text":" "},{"bold":true,"text":"funciona"},{"text":"..."}]}]},"groupId":"s3gyem04uwjw1fokbo4bktdg"},{"id":"rzn6p3z6t7b3240gamhuhxmr","type":"Wait","groupId":"s3gyem04uwjw1fokbo4bktdg","options":{"secondsToWaitFor":"5"}},{"id":"nfzx09js9cbhw16y52391tgu","type":"text","content":{"richText":[{"type":"p","children":[{"bold":true,"text":"{{nome}}! "},{"text":"Você Sabia que Segundo dados do Colégio Brasileiro de Cirurgia Digestiva (CBCD), o refluxo gastroesofágico acomete "},{"bold":true,"text":"cerca de 25,2 milhões de brasileiros"},{"text":", o equivalente a 12% da população. "}]}]},"groupId":"s3gyem04uwjw1fokbo4bktdg"},{"id":"tn2zoescgbr0qrouqo56920u","type":"Wait","groupId":"s3gyem04uwjw1fokbo4bktdg","options":{"secondsToWaitFor":"15"}},{"id":"qi6rm4gqw0kqfpmpdlcghm77","type":"audio","content":{"url":"https://s3.fr-par.scw.cloud/typebot/public/typebots/fs96vpdrn0lazsftm9f2tr40/blocks/qi6rm4gqw0kqfpmpdlcghm77?v=1689698751302"},"groupId":"s3gyem04uwjw1fokbo4bktdg"},{"id":"x488cxpbxeb7lsc34hmbz5nk","type":"Wait","groupId":"s3gyem04uwjw1fokbo4bktdg","options":{"secondsToWaitFor":"12"}},{"id":"ty88qht4t4c4a25puod2dn9i","type":"image","content":{"url":"https://s3.fr-par.scw.cloud/typebot/public/typebots/fs96vpdrn0lazsftm9f2tr40/blocks/ty88qht4t4c4a25puod2dn9i?v=1689684822052"},"groupId":"s3gyem04uwjw1fokbo4bktdg"},{"id":"nhx1gabvuwdyhgg1t4z5ygm6","type":"Wait","groupId":"s3gyem04uwjw1fokbo4bktdg","options":{"secondsToWaitFor":"5"}},{"id":"nhxbrirkk2o49ukuysc20zse","type":"image","content":{"url":"https://s3.fr-par.scw.cloud/typebot/public/typebots/fs96vpdrn0lazsftm9f2tr40/blocks/nhxbrirkk2o49ukuysc20zse?v=1690206543470"},"groupId":"s3gyem04uwjw1fokbo4bktdg"},{"id":"ic9ngb6drnj934hrmwox970q","type":"Wait","groupId":"s3gyem04uwjw1fokbo4bktdg","options":{"secondsToWaitFor":"5"}},{"id":"ytylcqeockdehz46wt4hx93v","type":"audio","content":{"url":"https://s3.fr-par.scw.cloud/typebot/public/typebots/fs96vpdrn0lazsftm9f2tr40/blocks/ytylcqeockdehz46wt4hx93v?v=1689698843280"},"groupId":"s3gyem04uwjw1fokbo4bktdg"},{"id":"nwqk3xr6tt1xjaovs4bug9ky","type":"Wait","groupId":"s3gyem04uwjw1fokbo4bktdg","options":{"secondsToWaitFor":"5"}},{"id":"ozva6f6rxa7lnnsrgegjxgps","type":"audio","content":{"url":"https://s3.fr-par.scw.cloud/typebot/public/typebots/fs96vpdrn0lazsftm9f2tr40/blocks/ozva6f6rxa7lnnsrgegjxgps?v=1689698973302"},"groupId":"s3gyem04uwjw1fokbo4bktdg"},{"id":"fy0ajv72of9vxmx3dpjomins","type":"Wait","groupId":"s3gyem04uwjw1fokbo4bktdg","options":{"secondsToWaitFor":"18"}},{"id":"lxhhybsazexk7f853hnqugbx","type":"text","content":{"richText":[{"type":"p","children":[{"text":"Agora vou fazer algumas perguntas para formular sua "},{"bold":true,"text":"Prescrição"},{"text":" de Acordo com seu "},{"bold":true,"text":"Perfil "}]}]},"groupId":"s3gyem04uwjw1fokbo4bktdg"},{"id":"ud1b4rjos3d0czl174bwar60","type":"Wait","groupId":"s3gyem04uwjw1fokbo4bktdg","options":{"secondsToWaitFor":"5"}},{"id":"lzfft8f599jjcuc2jeu8rhgx","type":"text","content":{"richText":[{"type":"p","children":[{"text":" "},{"bold":true,"text":"{{nome}}! "},{"text":"Qual a sua idade ?"}]}]},"groupId":"s3gyem04uwjw1fokbo4bktdg"},{"id":"pftp3s36rd6dygtiq95zn73k","type":"text input","groupId":"s3gyem04uwjw1fokbo4bktdg","options":{"isLong":false,"labels":{"button":"Enviar","placeholder":"Digite aqui..."}}},{"id":"l7ylyymcghcse24lz5zntn1d","type":"Wait","groupId":"s3gyem04uwjw1fokbo4bktdg","options":{"secondsToWaitFor":"5"}},{"id":"ryajuv8r4b047f3rs02zyp28","type":"text","content":{"richText":[{"type":"p","children":[{"text":"Qual o seu Peso ?"}]}]},"groupId":"s3gyem04uwjw1fokbo4bktdg"},{"id":"da3up7yv9lbnidvpubilk4tu","type":"text input","groupId":"s3gyem04uwjw1fokbo4bktdg","options":{"isLong":false,"labels":{"button":"Enviar ","placeholder":"Digite aqui"}}},{"id":"jouhm2t09rr1tskhhr77rdef","type":"Wait","groupId":"s3gyem04uwjw1fokbo4bktdg","options":{"secondsToWaitFor":"5"}},{"id":"bu7d3q1ffh3jljzvvtbws9e3","type":"text","content":{"richText":[{"type":"p","children":[{"text":"Qual a sua Altura ?"}]}]},"groupId":"s3gyem04uwjw1fokbo4bktdg"},{"id":"uj17mzbotfnawlwa2nlqsuqm","type":"text input","groupId":"s3gyem04uwjw1fokbo4bktdg","options":{"isLong":false,"labels":{"button":"Enviar ","placeholder":"Digite aqui"}}},{"id":"s9qj0ej76xs8dzwh4rloe83f","type":"Wait","groupId":"s3gyem04uwjw1fokbo4bktdg","options":{"secondsToWaitFor":"5"}},{"id":"z2guou9m3ot0el2zcrk05qfh","type":"text","content":{"richText":[{"type":"p","children":[{"text":"A Quanto tempo Sofre com "},{"bold":true,"text":"Refluxo"},{"text":"?"}]}]},"groupId":"s3gyem04uwjw1fokbo4bktdg"},{"id":"vybwfon55asz8fchbr997sc8","type":"choice input","items":[{"id":"wu69314odtcwmhuxhhsvsmj0","type":0,"blockId":"vybwfon55asz8fchbr997sc8","content":"1 a 2 anos "},{"id":"i9s3dvaws1p0f9y5r0ex5a8c","type":0,"blockId":"vybwfon55asz8fchbr997sc8","content":"2 a 4 anos "},{"id":"a05tdovz6ajfnspd8o03dahg","type":0,"blockId":"vybwfon55asz8fchbr997sc8","content":"Mais de 5 anos "}],"groupId":"s3gyem04uwjw1fokbo4bktdg","options":{"buttonLabel":"Send","isSearchable":false,"isMultipleChoice":false,"searchInputPlaceholder":"Filter the options..."}},{"id":"t542njleawickyqmpd6hqej9","type":"Wait","groupId":"s3gyem04uwjw1fokbo4bktdg","options":{"secondsToWaitFor":"5"}},{"id":"z3duohzs7h361gbm67naue02","type":"text","content":{"richText":[{"type":"p","children":[{"text":"Toma algum medicamento para Refluxo?"}]}]},"groupId":"s3gyem04uwjw1fokbo4bktdg"},{"id":"p2v9gp245aoiklipyif3iczc","type":"choice input","items":[{"id":"d59eiozqrfds38ypeopiybpi","type":0,"blockId":"p2v9gp245aoiklipyif3iczc","content":"SIM","outgoingEdgeId":"qg5xya0m4osku3ltuwog9q14"},{"id":"yc7bwfsjwb39lvmbwcyku3p4","type":0,"blockId":"p2v9gp245aoiklipyif3iczc","content":"NÃO","outgoingEdgeId":"y2sw7waawd04akuuulf693s3"}],"groupId":"s3gyem04uwjw1fokbo4bktdg","options":{"buttonLabel":"Send","isSearchable":false,"isMultipleChoice":false,"searchInputPlaceholder":"Filter the options..."}}],"graphCoordinates":{"x":-1031.76,"y":-4.93}},{"id":"i55tl0n3a1898jtmu5z0uvyy","title":"Group #6","blocks":[{"id":"te1yjlinozp3hru1eqsbe0v2","type":"text","content":{"richText":[{"type":"p","children":[{"text":"Qual "},{"bold":true,"text":"MEDICAMENTO?"}]}]},"groupId":"i55tl0n3a1898jtmu5z0uvyy"},{"id":"li9vibm5lgju8pb3sahe88cg","type":"text input","groupId":"i55tl0n3a1898jtmu5z0uvyy","options":{"isLong":false,"labels":{"button":"Enviar ","placeholder":"Digite aqui"}},"outgoingEdgeId":"l4clcyzlhhnniw8jvcu5sz0u"}],"graphCoordinates":{"x":-669.76,"y":2708.31}}],"variables":[{"id":"vprp91gkcj6ooz2wteh9qrvjn","name":"NOME"},{"id":"vylhptebpxvgxs98ah9vf9q1p","name":"PESO"},{"id":"vpel0viottucscnen8zdlejaf","name":"IDADE"},{"id":"vlnuxmidqsek5hmsy83v55c7h","name":"PERDER"},{"id":"va2xubuj795oo62rxwti3hudj","name":"TEMPO"},{"id":"veockkp93501niwwte3x5ai6j","name":"Nome"},{"id":"vrgtt70madi738b5ugs1fxn84","name":"nome"}],"edges":[{"id":"qmzu7cxsewbnr6m0jieahse8","to":{"groupId":"z367neq38cki2ngpbwcdvbwx"},"from":{"blockId":"hzhq4psp46unqb6gvtf9icmb","groupId":"il15wzg9l86p9jymblqhtkw9"}},{"id":"f3enwess4rixjoom9jpeua3v","to":{"groupId":"s3gyem04uwjw1fokbo4bktdg"},"from":{"itemId":"y7nha2s1ao0x413ayi6jl6rb","blockId":"c8zvdcs07rxg9q2yckyprsyn","groupId":"xk1plwmholnxvxh2a4s4bwdy"}},{"id":"e97kksrkh2bignjxey5k7mxg","to":{"groupId":"xk1plwmholnxvxh2a4s4bwdy"},"from":{"blockId":"cx5iel8jxfo4caorf8rnjiw0","groupId":"bwrdguh4tp6z775gplbrodzc"}},{"id":"qg5xya0m4osku3ltuwog9q14","to":{"groupId":"i55tl0n3a1898jtmu5z0uvyy"},"from":{"itemId":"d59eiozqrfds38ypeopiybpi","blockId":"p2v9gp245aoiklipyif3iczc","groupId":"s3gyem04uwjw1fokbo4bktdg"}},{"id":"y2sw7waawd04akuuulf693s3","to":{"groupId":"il15wzg9l86p9jymblqhtkw9"},"from":{"itemId":"yc7bwfsjwb39lvmbwcyku3p4","blockId":"p2v9gp245aoiklipyif3iczc","groupId":"s3gyem04uwjw1fokbo4bktdg"}},{"id":"l4clcyzlhhnniw8jvcu5sz0u","to":{"blockId":"bw4d3fdjz17vj6i6869wf01b","groupId":"il15wzg9l86p9jymblqhtkw9"},"from":{"blockId":"li9vibm5lgju8pb3sahe88cg","groupId":"i55tl0n3a1898jtmu5z0uvyy"}}],"theme":{"chat":{"inputs":{"color":"#000000","backgroundColor":"#FFFFFF","placeholderColor":"#28292a"},"buttons":{"color":"#FFFFFF","backgroundColor":"#128C7E"},"roundness":"medium","hostAvatar":{"url":"https://s3.fr-par.scw.cloud/typebot/public/typebots/fs96vpdrn0lazsftm9f2tr40/hostAvatar?v=1689697735479","isEnabled":true},"guestAvatar":{"url":"https://s3.fr-par.scw.cloud/typebot/public/typebots/cli88mae30010mh0f0yzjqn48/guestAvatar?v=1685330799682","isEnabled":false},"hostBubbles":{"color":"#303235","backgroundColor":"#FFFFFF"},"guestBubbles":{"color":"#303235","backgroundColor":"#e1ffc7"}},"general":{"font":"Open Sans","background":{"type":"Image","content":"https://s3.fr-par.scw.cloud/typebot/public/typebots/cli88mae30010mh0f0yzjqn48/background?v=1685470080750"}},"customCss":".typebot-chat-view > .flex:first-child {\n    padding-top: 30px;\n}\n\n.typebot-input {\n    position: fixed;\n    bottom: 0;\n    align-items: center;\n    z-index: 999;\n    right: 0;\n}\n\n.typebot-input .typebot-button {\n    background: #008a7c;\n    border-radius: 50%;\n    color: #fff;\n    position: relative;\n    width: 50px;\n    height: 50px;\n    display: flex;\n    align-items: center;\n    justify-content: center;\n}\n\n.typebot-container {\n    background-size: initial!important;\n    background-repeat: repeat-x!important;\n}\n\n.typebot-host-bubble>.bubble-typing {\n  border-radius: 0 5px 5px 5px;\n}\n\n.typebot-host-bubble>.bubble-typing:after {\n    position: absolute;\n    content: \"\";\n    width: 0;\n    height: 0;\n    border-style: solid;\n    border-width: 0px 10px 10px 0;\n    border-color: transparent #fff transparent transparent;\n    top: 0;\n    left: -10px;\n}\n\n.typebot-guest-bubble {\n  position: relative;\n  border-radius: 5px 0 5px 5px;\n}\n\n.typebot-guest-bubble:after {\n  position: absolute;\n  content: \"\";\n  width: 0;\n  height: 0;\n  border-style: solid;\n}\n\n.typebot-guest-bubble:after {\n    border-width: 0px 0 10px 10px;\n    border-color: transparent transparent transparent #e1ffc7;\n    top: 0;\n    right: -10px;\n    border-style: solid;\n}\n\niframe[src=\"\"] {\n  position: fixed;\n  top: 0;\n  left: 0;\n  display: relative;\n  width: 100%;\n  height: 100% !important;\n  z-index: 999999;\n  border: none;\n  padding: 0;\n  margin: 0;\n}\n\na#lite-badge {\n  display: none!important;\n}"},"settings":{"general":{"rememberUser":{"isEnabled":false},"isBrandingEnabled":true,"isInputPrefillEnabled":false,"isHideQueryParamsEnabled":false},"metadata":{"title":"WhatsApp Web","imageUrl":"https://images.unsplash.com/photo-1611077544170-be90a2f68add?crop=entropy&cs=tinysrgb&fit=max&fm=jpg&ixid=M3w0MjU2MDR8MHwxfHNlYXJjaHwyN3x8d2VpZ2h0JTIwbG9zc3xlbnwwfDB8fHwxNjg2MjAzMzA4fDA&ixlib=rb-4.0.3&q=80&w=1080","favIconUrl":"https://s3.fr-par.scw.cloud/typebot/public/typebots/fs96vpdrn0lazsftm9f2tr40/favIcon?v=1689297609539","description":"Faça agora sua consulta com Dr. Rodrigo no WhatsApp.","customHeadCode":"<!-- Facebook Pixel Code -->\n<script>\n   !function(f,b,e,v,n,t,s)\n  {if(f.fbq)return;n=f.fbq=function(){n.callMethod?\n    n.callMethod.apply(n,arguments):n.queue.push(arguments)};\n    if(!f._fbq)f._fbq=n;n.push=n;n.loaded=!0;n.version='2.0';\n    n.queue=[];t=b.createElement(e);t.async=!0;\n    t.src=v;s=b.getElementsByTagName(e)[0];\n    s.parentNode.insertBefore(t,s)}(window, document,'script',\n    'https://connect.facebook.net/en_US/fbevents.js');\n    fbq('init', 'SEUPIXELAQUI');\n    fbq('track', 'PageView');\n    fbq('track', 'ViewContent');\n \n</script>\n<!-- End Facebook Pixel Code -->\n<link rel=\"stylesheet\" href=\"https://cdnjs.cloudflare.com/ajax/libs/material-design-iconic-font/2.2.0/css/material-design-iconic-font.min.css\">\n<style>\n  .hide {\n    display: none!important;\n  }\n  typebot-standard {\n    position: relative;\n    z-index: 9999;\n  }\n  #__next {\n    position: relative;\n    z-index: 9999;\n}\n  /* User Bar */\n.user-bar {\n  width: 100%;\n  height: 55px;\n  background: #005e54;\n  color: #fff;\n  padding: 0;\n  font-size: 24px;\n  position: fixed;\n  z-index: 99999;\n  display: block;\n  top: 0;\n}\n\n.user-bar:after {\n  content: \"\";\n  display: table;\n  clear: both;\n}\n\n.user-bar div {\n    float: left;\n    transform: translateY(-50%);\n    position: relative;\n    top: 50%;\n    margin-left: 10px;\n}\n\n.user-bar .actions {\n  float: right;\n  margin: 0 0 0 20px;\n}\n\n.user-bar .actions.more {\n  margin: 0 12px 0 32px;\n}\n\n.user-bar .actions.attachment {\n  margin: 0 0 0 30px;\n}\n\n.user-bar .actions.attachment i {\n  display: block;\n  transform: rotate(-45deg);\n}\n\n.user-bar .avatar {\n  margin: 0 0 0 5px;\n  width: 36px;\n  height: 36px;\n}\n\n.user-bar .avatar img {\n  border-radius: 50%;\n  box-shadow: 0 1px 0 rgba(255, 255, 255, 0.1);\n  display: block;\n  width: 100%;\n}\n\n.user-bar .name {\n  font-size: 17px;\n  font-weight: 600;\n  text-overflow: ellipsis;\n  letter-spacing: 0.3px;\n  margin: 0 0 0 8px;\n  overflow: hidden;\n  white-space: nowrap;\n  width: 150px;\n}\n\n.user-bar .status {\n  display: block;\n  font-size: 13px;\n  font-weight: 400;\n  letter-spacing: 0;\n}\n</style>\n\n<script>\nfunction criarBarra() {\n  var userBar = document.createElement(\"div\");\n  userBar.className = \"user-bar\";\n\n  var backButton = document.createElement(\"div\");\n  backButton.className = \"back\";\n  backButton.innerHTML = '<i class=\"zmdi zmdi-arrow-left\"></i>';\n\n  var avatar = document.createElement(\"div\");\n  avatar.className = \"avatar\";\n  avatar.innerHTML = '<img src=\"https://i.postimg.cc/zXxZPdMk/Design-sem-nomefundotransp-1-fotodrrodrigofundotrasparente.png\" alt=\"Rodrigo\">';\n\n  var name = document.createElement(\"div\");\n  name.className = \"name\";\n  name.innerHTML = '<span>Rodrigo</span><span class=\"status\">online</span>';\n\n  var moreActions = document.createElement(\"div\");\n  moreActions.className = \"actions more\";\n  moreActions.innerHTML = '<i class=\"zmdi zmdi-more-vert\"></i>';\n\n  var attachmentAction = document.createElement(\"div\");\n  attachmentAction.className = \"actions attachment\";\n  attachmentAction.innerHTML = '<i class=\"zmdi zmdi-attachment-alt\"></i>';\n\n  var phoneAction = document.createElement(\"div\");\n  phoneAction.className = \"actions\";\n  phoneAction.innerHTML = '<i class=\"zmdi zmdi-phone\"></i>';\n\n  userBar.appendChild(backButton);\n  userBar.appendChild(avatar);\n  userBar.appendChild(name);\n  userBar.appendChild(moreActions);\n  userBar.appendChild(attachmentAction);\n  userBar.appendChild(phoneAction);\n\n  var elementoPai = document.querySelector(\"#__next\");\n  if (elementoPai) {\n    elementoPai.insertBefore(userBar, elementoPai.firstChild);\n  }\n}\n\ncriarBarra();\n</script>\n"},"typingEmulation":{"speed":300,"enabled":true,"maxDelay":1.5}}}