{"version":"6","id":"clnw24i820009mj0g14j4xzcc","name":"Tema WhatsApp","events":[{"id":"ah00t1oupo6nebm08nqy630u","outgoingEdgeId":"b0yodvq9l11ulfru97nwy8my","graphCoordinates":{"x":-621.88,"y":-1184.24},"type":"start"}],"groups":[{"id":"n8ps1khxvr57mi28ps4pgh6q","title":"Mensagem","graphCoordinates":{"x":-188.76,"y":-1534.66},"blocks":[{"id":"kjuik33zoann9f2yv4v7ccyl","type":"text","content":{"richText":[{"type":"p","children":[{"text":"Exemplo de conversa"}]}]}},{"id":"l7te38rfkhwebdohva28cdoq","outgoingEdgeId":"e9bcwrlazun3kjfyuizjqaua","type":"text","content":{"richText":[{"type":"p","children":[{"text":"Um áudio para teste"}]}]}}]},{"id":"j8isz7hfdul3ax78ixnqr1a5","title":"Configurações","graphCoordinates":{"x":-623.88,"y":-994.24},"blocks":[{"id":"naxtqvg6ixsb42fwh8dwr41x","type":"Set variable","options":{"variableId":"vtjch0odnwrsdhu2rpukcpk2k","expressionToEvaluate":"https://storage2.viazapi.com.br/typebot/public/workspaces/cln9siekx0001n735oskusd17/typebots/clnbt0ngp0001qq35sm4bjz74/blocks/isdc9mkdenjtnkh6lpjajaf3?v=1696874035842"}},{"id":"wuycmherkf678q51gw5f5h24","outgoingEdgeId":"sm7r708nf0jxcn4optm5z238","type":"Set variable","options":{"variableId":"viv61ffslhmirjrojy6lc6pab","expressionToEvaluate":"Igor Lemões "}}]},{"id":"glkwf5f0ybv6kaesprouuovm","title":"Javascript","graphCoordinates":{"x":-617.88,"y":-676.24},"blocks":[{"id":"na4lr7g9oxtf953whei2n6or","outgoingEdgeId":"cp7zbo0ge60tjjqtezg8yyp2","type":"Code","options":{"name":"Script","content":"var script = document.createElement('script');\nscript.src = \"https://igorlemoes.com.br/files/whatsapp/js_whatsapp_091023_v_001.js\";\ndocument.getElementsByTagName('head')[0].appendChild(script);\nscript.onload = function() {\n  criarBarra(\n    {{var_nome}},\n    {{var_avatar}}\n  );\n};"}}]},{"id":"zpf25bco30xekxci3o72tkr9","title":"Imagem Exemplo","graphCoordinates":{"x":-188.88,"y":-997.24},"blocks":[{"id":"dheg1rwv4e24vfv0gycvv676","type":"text","content":{"richText":[{"type":"p","children":[{"text":"Gostaria de aprender mais sobre Typebot e API's gratuitas para WhatsApp ?"}]}]}},{"id":"plrcvufooz3ef6mvrra2smr1","outgoingEdgeId":"wmnn3x4l6xjy2v3zv02tb1rl","type":"choice input","items":[{"id":"li3q7gifogi78m3j2bsfxwhn","outgoingEdgeId":"ysursls2vq8wvipw35prjuca","content":"Sim"}],"options":{"isMultipleChoice":false,"buttonLabel":"Send","isSearchable":false,"searchInputPlaceholder":"Filter the options..."}}]},{"id":"rygvalykmnj4rv53putkfbde","title":"Avatar","graphCoordinates":{"x":-618.88,"y":-1544.24},"blocks":[{"id":"isdc9mkdenjtnkh6lpjajaf3","type":"image","content":{"url":"https://storage2.viazapi.com.br/typebot/public/workspaces/cln9siekx0001n735oskusd17/typebots/clnbt0ngp0001qq35sm4bjz74/blocks/isdc9mkdenjtnkh6lpjajaf3?v=1696874035842"}}]},{"id":"mks7s0exgfpbnzcj49l7wosk","title":"Áudio Exemplo","graphCoordinates":{"x":-183.88,"y":-1288.24},"blocks":[{"id":"biz770btykj445wpv416ca2k","type":"audio","content":{"url":"https://storage2.viazapi.com.br/typebot/public/workspaces/cln9siekx0001n735oskusd17/typebots/clnbt0ngp0001qq35sm4bjz74/blocks/biz770btykj445wpv416ca2k?v=1696874193022","isAutoplayEnabled":true}},{"id":"cputyi7vvsi24ip8k81k9ezk","outgoingEdgeId":"m67gnjcwcrmyf9fhtguhym5x","type":"Wait","options":{"secondsToWaitFor":"15"}}]},{"id":"bjwo3vy09askg35la0six92d","title":"Site","graphCoordinates":{"x":187.12,"y":-896.24},"blocks":[{"id":"nwx8iiavv0eafh417axs90mj","type":"Redirect","options":{"url":"https://igorlemoes.com.br","isNewTab":true}}]}],"edges":[{"id":"b0yodvq9l11ulfru97nwy8my","from":{"eventId":"ah00t1oupo6nebm08nqy630u"},"to":{"groupId":"j8isz7hfdul3ax78ixnqr1a5"}},{"id":"sm7r708nf0jxcn4optm5z238","from":{"blockId":"wuycmherkf678q51gw5f5h24"},"to":{"groupId":"glkwf5f0ybv6kaesprouuovm"}},{"id":"e9bcwrlazun3kjfyuizjqaua","from":{"blockId":"l7te38rfkhwebdohva28cdoq"},"to":{"groupId":"mks7s0exgfpbnzcj49l7wosk"}},{"id":"cp7zbo0ge60tjjqtezg8yyp2","from":{"blockId":"na4lr7g9oxtf953whei2n6or"},"to":{"groupId":"n8ps1khxvr57mi28ps4pgh6q"}},{"id":"m67gnjcwcrmyf9fhtguhym5x","from":{"blockId":"cputyi7vvsi24ip8k81k9ezk"},"to":{"groupId":"zpf25bco30xekxci3o72tkr9"}},{"id":"wmnn3x4l6xjy2v3zv02tb1rl","from":{"blockId":"plrcvufooz3ef6mvrra2smr1"},"to":{"groupId":"bjwo3vy09askg35la0six92d"}},{"id":"ysursls2vq8wvipw35prjuca","from":{"blockId":"plrcvufooz3ef6mvrra2smr1","itemId":"li3q7gifogi78m3j2bsfxwhn"},"to":{"groupId":"bjwo3vy09askg35la0six92d"}}],"variables":[{"id":"vtjch0odnwrsdhu2rpukcpk2k","name":"var_avatar"},{"id":"viv61ffslhmirjrojy6lc6pab","name":"var_nome"}],"theme":{"general":{"font":"Open Sans","background":{"type":"Image","content":"https://igorlemoes.com.br/files/whatsapp/background.png"}},"chat":{"hostAvatar":{"isEnabled":true,"url":"{{var_avatar}}"},"guestAvatar":{"isEnabled":false},"hostBubbles":{"backgroundColor":"#FFFFFF","color":"#303235"},"guestBubbles":{"backgroundColor":"#e1ffc7","color":"#00000"},"buttons":{"backgroundColor":"#128C7E","color":"#FFFFFF"},"inputs":{"backgroundColor":"#FFFFFF","color":"#000000","placeholderColor":"#28292a"},"roundness":"large"},"customCss":""},"selectedThemeTemplateId":null,"settings":{"general":{"isBrandingEnabled":true,"isInputPrefillEnabled":false,"isHideQueryParamsEnabled":false,"rememberUser":{"isEnabled":false}},"typingEmulation":{"enabled":true,"speed":1,"maxDelay":4},"metadata":{"title":"(1) WhatsApp","description":"Faça agora sua consultoria com {{var_nome}} no WhatsApp.","imageUrl":"https://igorlemoes.com.br/files/whatsapp/icon.png","favIconUrl":"https://igorlemoes.com.br/files/whatsapp/icon.png","customHeadCode":"","googleTagManagerId":""}},"createdAt":"2023-10-18T17:58:46.850Z","updatedAt":"2023-10-18T17:58:46.850Z","icon":null,"folderId":null,"publicId":null,"customDomain":null,"workspaceId":"clnlsnu54001rkw0flabr564r","resultsTablePreferences":null,"isArchived":false,"isClosed":false,"whatsAppCredentialsId":null}