{"id":"clkhe8eif00afmo0fchk6xsh9","version":"3","groups":[{"id":"l2blz6ggqjjhkp9n7j3lircx","title":"Start","blocks":[{"id":"nrdnc5adctg473ifuwtd2lp4","type":"start","label":"Start","groupId":"l2blz6ggqjjhkp9n7j3lircx","outgoingEdgeId":"c0r4f3f50zfwzgq272pxvfk1"}],"graphCoordinates":{"x":0,"y":0}},{"id":"yd2bt5rua9b187oeupwshaml","title":"Group #1","blocks":[{"id":"bb6wd27s4w3c4gxpphl7ggaa","type":"text","content":{"richText":[{"type":"p","children":[{"text":"Olá, meu nome é Andressa Felix, sou detetive e vou ajudar você!"}]}]},"groupId":"yd2bt5rua9b187oeupwshaml"},{"id":"b19dzi9k3iocxrnribds8oaw","type":"Wait","groupId":"yd2bt5rua9b187oeupwshaml","options":{"secondsToWaitFor":"2"}},{"id":"i5aj82ys0212jpihr68vkj5i","type":"text","content":{"richText":[{"type":"p","children":[{"text":"Quero apresentar pra você como funciona o nosso sistema..."}]}]},"groupId":"yd2bt5rua9b187oeupwshaml"},{"id":"wq0oe1vxmoxookdab90fl9ls","type":"Wait","groupId":"yd2bt5rua9b187oeupwshaml","options":{"secondsToWaitFor":"2"}},{"id":"do09opyd3wfdj4b1zyp9sq64","type":"text","content":{"richText":[{"type":"p","children":[{"text":"Para iniciarmos, me informe seu nome por favor."}]}]},"groupId":"yd2bt5rua9b187oeupwshaml"},{"id":"n1pl2ftkqgm3w09bth8vhfor","type":"text input","groupId":"yd2bt5rua9b187oeupwshaml","options":{"isLong":false,"labels":{"button":"Send","placeholder":"Digite seu nome..."},"variableId":"vi99zx4z37g86bw97z35krl80"}},{"id":"lptrlt5fijo3l9uu40hkomv7","type":"Wait","groupId":"yd2bt5rua9b187oeupwshaml","options":{"secondsToWaitFor":"1"}},{"id":"skcmgymwn075lhn02lqjs8dc","type":"text","content":{"richText":[{"type":"p","children":[{"text":"Muito prazer, {{NOME}} ❤️"}]}]},"groupId":"yd2bt5rua9b187oeupwshaml"},{"id":"zfd3dy9xo6betgw5575bkbr2","type":"Wait","groupId":"yd2bt5rua9b187oeupwshaml","options":{"secondsToWaitFor":"2"}},{"id":"vk5d9aowzhkkud6trc1kfq9w","type":"text","content":{"richText":[{"type":"p","children":[{"text":"Agora digite o número de quem você quer monitorar no campo abaixo!"}]}]},"groupId":"yd2bt5rua9b187oeupwshaml"},{"id":"rthel8hpw30mko2fnmqeq1kx","type":"number input","groupId":"yd2bt5rua9b187oeupwshaml","options":{"labels":{"button":"Send","placeholder":"Digite o número..."}}},{"id":"mej9ohopq4j2rlpyvt7odase","type":"Wait","groupId":"yd2bt5rua9b187oeupwshaml","options":{"secondsToWaitFor":"2"}},{"id":"tfsz45nepudl4cbdzlwg72j8","type":"text","content":{"richText":[{"type":"p","children":[{"text":"Ok."}]}]},"groupId":"yd2bt5rua9b187oeupwshaml"},{"id":"xetwegobklel4s55m0hxe9et","type":"Wait","groupId":"yd2bt5rua9b187oeupwshaml","options":{"secondsToWaitFor":"1"}},{"id":"taq7ylll0s9kq5568ya0dhc1","type":"text","content":{"richText":[{"type":"p","children":[{"text":"Eu sei que provavelmente você já deve ter visto algum vídeo ou conversa como essa sobre espionar o celular do seu parceiro para saber sua localização, poder ver suas mensagens, fotos e até o que ele está fazendo naquele momento no celular."}]}]},"groupId":"yd2bt5rua9b187oeupwshaml"},{"id":"il4gu0dto01j1oogd3e6684i","type":"Wait","groupId":"yd2bt5rua9b187oeupwshaml","options":{"secondsToWaitFor":"4"}},{"id":"lwmvzf212x97uh3keexkw93y","type":"text","content":{"richText":[{"type":"p","children":[{"text":"Mas nunca conseguiu de fato fazer isso. O que eu posso te dizer que não é culpa sua, os outros método são falhos e não cumprem o que prometem!"}]}]},"groupId":"yd2bt5rua9b187oeupwshaml"},{"id":"k2e0pknv2n8kuzbg9qcv2ffp","type":"Wait","groupId":"yd2bt5rua9b187oeupwshaml","options":{"secondsToWaitFor":"3"}},{"id":"j6z8us100m5edmwo52co7xav","type":"text","content":{"richText":[{"type":"p","children":[{"text":"Diferente deles, o nosso sistema é o único que realmente cumpre com o que promete, de tão famosos que ficamos ganhamos até uma reportagem na televisão!"}]}]},"groupId":"yd2bt5rua9b187oeupwshaml"},{"id":"z6uqnvgiczyrhivo3e2k5et9","type":"Wait","groupId":"yd2bt5rua9b187oeupwshaml","options":{"secondsToWaitFor":"3"}},{"id":"rcy48za3rmggktabb7mid3sz","type":"text","content":{"richText":[{"type":"p","children":[{"text":"Você quer que eu verifique se eu acho algo comprometedor no celular dele?"}]}]},"groupId":"yd2bt5rua9b187oeupwshaml"},{"id":"hbftmg46s0fg3lo3xar284t0","type":"choice input","items":[{"id":"xtzpm6c8etucm82aculopbx1","type":0,"blockId":"hbftmg46s0fg3lo3xar284t0","content":"SIM!"}],"groupId":"yd2bt5rua9b187oeupwshaml","options":{"buttonLabel":"Send","isSearchable":false,"isMultipleChoice":false,"searchInputPlaceholder":"Filter the options..."}},{"id":"zetqjdorjvc86ueqf6zid3sr","type":"Wait","groupId":"yd2bt5rua9b187oeupwshaml","options":{"secondsToWaitFor":"1"},"outgoingEdgeId":"chtasqyqd76mngni8aymf8of"}],"graphCoordinates":{"x":451,"y":0}},{"id":"lb78yy8kdahpnps4cjxz5bf9","title":"Group #2","blocks":[{"id":"f7novuhp36wd4b3r9ugydu5v","type":"audio","content":{"url":"https://s3.fr-par.scw.cloud/typebot/public/typebots/clkh8qkb100cgkx0fmbb6xtqh/blocks/f7novuhp36wd4b3r9ugydu5v?v=1690230156768"},"groupId":"lb78yy8kdahpnps4cjxz5bf9"},{"id":"hue17tlkfhjz1elwe3zc6s9l","type":"Wait","groupId":"lb78yy8kdahpnps4cjxz5bf9","options":{"secondsToWaitFor":"6"}},{"id":"a7zg9m235hn6205yfcfnz0kd","type":"embed","content":{"url":"https://scripts.converteai.net/95cba31a-aaf5-4b0b-9495-885892cf702b/players/64bee47da8a4d900084c4a11/embed.html","height":200},"groupId":"lb78yy8kdahpnps4cjxz5bf9"},{"id":"ou7kxpvuyik7w3wcihkabbh7","type":"Wait","groupId":"lb78yy8kdahpnps4cjxz5bf9","options":{"secondsToWaitFor":"15"}},{"id":"jcm89jp6eebacsrknsddbj8t","type":"text","content":{"richText":[{"type":"p","children":[{"text":"Já encontrei 3 mensagens bem suspeitas..."}]}]},"groupId":"lb78yy8kdahpnps4cjxz5bf9"},{"id":"b4kcggp5vl9773txc3fql2v8","type":"Wait","groupId":"lb78yy8kdahpnps4cjxz5bf9","options":{"secondsToWaitFor":"3"}},{"id":"e0ch5ha6igroigj8h03m1s0w","type":"text","content":{"richText":[{"type":"p","children":[{"text":"Quer ver um pouquinho do que encontrei?"}]}]},"groupId":"lb78yy8kdahpnps4cjxz5bf9"},{"id":"pql5i43br1qfki4obu7oulbi","type":"choice input","items":[{"id":"ij3q224zwg01acp0az7shdfz","type":0,"blockId":"pql5i43br1qfki4obu7oulbi","content":"CLARO, ME MOSTRA!"}],"groupId":"lb78yy8kdahpnps4cjxz5bf9","options":{"buttonLabel":"Send","isSearchable":false,"isMultipleChoice":false,"searchInputPlaceholder":"Filter the options..."}},{"id":"mms2dok7koygu2qchx3gextf","type":"Wait","groupId":"lb78yy8kdahpnps4cjxz5bf9","options":{"secondsToWaitFor":"3"}},{"id":"fvk3sd20kn99sf47vp4zgl9c","type":"text","content":{"richText":[{"type":"p","children":[{"text":"Bastante fotos de mulheres e nudez..."}]}]},"groupId":"lb78yy8kdahpnps4cjxz5bf9"},{"id":"ihyy2za65m2cid3mub3wv2c9","type":"Wait","groupId":"lb78yy8kdahpnps4cjxz5bf9","options":{"secondsToWaitFor":"1"}},{"id":"siri9071u0w17gtlubmqa6q3","type":"image","content":{"url":"https://s3.fr-par.scw.cloud/typebot/public/typebots/clkh8qkb100cgkx0fmbb6xtqh/blocks/siri9071u0w17gtlubmqa6q3?v=1690233485388"},"groupId":"lb78yy8kdahpnps4cjxz5bf9"},{"id":"wc88kq0ywt4upo79e9iv00e1","type":"Wait","groupId":"lb78yy8kdahpnps4cjxz5bf9","options":{"secondsToWaitFor":"3"}},{"id":"zpy9fgcjmmm2017tz13j0bqf","type":"text","content":{"richText":[{"type":"p","children":[{"text":"Aguarde alguns segundos, estou quase finalizando de encontrar tudo."}]}]},"groupId":"lb78yy8kdahpnps4cjxz5bf9"},{"id":"mrfkto9iyyb0ieb98q4q49he","type":"Wait","groupId":"lb78yy8kdahpnps4cjxz5bf9","options":{"secondsToWaitFor":"2"}},{"id":"gae8xk7y62gtdw6t836er5ag","type":"text","content":{"richText":[{"type":"p","children":[{"text":"Nosso sistema encontrou os seguintes dados..."}]}]},"groupId":"lb78yy8kdahpnps4cjxz5bf9"},{"id":"td284x85l1sz0gmj6a7nihao","type":"Wait","groupId":"lb78yy8kdahpnps4cjxz5bf9","options":{"secondsToWaitFor":"2"}},{"id":"w3h03fu3rr1b8iubsc1sprwe","type":"text","content":{"richText":[{"type":"p","children":[{"text":"66 mensagens com a palavra: Lara"}]}]},"groupId":"lb78yy8kdahpnps4cjxz5bf9"},{"id":"i49m6i4isrg18u0iv7vz3wdp","type":"Wait","groupId":"lb78yy8kdahpnps4cjxz5bf9","options":{"secondsToWaitFor":"1"}},{"id":"lgk327ak0dnwez08pk5n7oma","type":"text","content":{"richText":[{"type":"p","children":[{"bold":true,"text":"126"},{"text":" mensagens com a palavra: \"amor\""}]}]},"groupId":"lb78yy8kdahpnps4cjxz5bf9"},{"id":"k2knafw4kd6w76n33zmlk00h","type":"Wait","groupId":"lb78yy8kdahpnps4cjxz5bf9","options":{"secondsToWaitFor":"2"}},{"id":"mau3syw38rzugysdxu9sb9xq","type":"text","content":{"richText":[{"type":"p","children":[{"bold":true,"text":"12"},{"text":" mensagens com a palavra: \"motel\""}]}]},"groupId":"lb78yy8kdahpnps4cjxz5bf9"},{"id":"y4tknmc63gd9tdkanehz20vs","type":"Wait","groupId":"lb78yy8kdahpnps4cjxz5bf9","options":{"secondsToWaitFor":"1"}},{"id":"twnbyud64dp3phpvfyrylp8v","type":"text","content":{"richText":[{"type":"p","children":[{"bold":true,"text":"37"},{"text":" áudios comprometedores"}]}]},"groupId":"lb78yy8kdahpnps4cjxz5bf9"},{"id":"e88ktqavuktxe5dd2qbta9xl","type":"Wait","groupId":"lb78yy8kdahpnps4cjxz5bf9","options":{"secondsToWaitFor":"1"}},{"id":"h067kr1wvxi234oazfpvdc6b","type":"text","content":{"richText":[{"type":"p","children":[{"bold":true,"text":"21"},{"text":" fotos de nudez"}]}]},"groupId":"lb78yy8kdahpnps4cjxz5bf9"},{"id":"swnwhwi602k2feu7gft46ot0","type":"Wait","groupId":"lb78yy8kdahpnps4cjxz5bf9","options":{"secondsToWaitFor":"3"},"outgoingEdgeId":"b3ctvfa73510pdqqn1ll2f5b"}],"graphCoordinates":{"x":921.83,"y":1.29}},{"id":"kbsk1qx52jap13yxulqbrvi9","title":"Group #3","blocks":[{"id":"wp1m3peyxco403p125lsfm4g","type":"text","content":{"richText":[{"type":"p","children":[{"text":"Posso te enviar uma foto das conversas dele?"}]}]},"groupId":"kbsk1qx52jap13yxulqbrvi9"},{"id":"yv3fckv54n8j5a7z73zn38j7","type":"choice input","items":[{"id":"g7dpn47f7kqaae2jcdflo00r","type":0,"blockId":"yv3fckv54n8j5a7z73zn38j7","content":"SIM"}],"groupId":"kbsk1qx52jap13yxulqbrvi9","options":{"buttonLabel":"Send","isSearchable":false,"isMultipleChoice":false,"searchInputPlaceholder":"Filter the options..."}},{"id":"m5tlcsj4fgvvozoysfgh7p3o","type":"Wait","groupId":"kbsk1qx52jap13yxulqbrvi9","options":{"secondsToWaitFor":"1"}},{"id":"y3dt8q3mf86epd7uzts9swel","type":"image","content":{"url":"https://s3.fr-par.scw.cloud/typebot/public/typebots/clkh8qkb100cgkx0fmbb6xtqh/blocks/y3dt8q3mf86epd7uzts9swel?v=1690233910330"},"groupId":"kbsk1qx52jap13yxulqbrvi9"},{"id":"l32gfb4o6tb2qm2ftdgpwkrn","type":"Wait","groupId":"kbsk1qx52jap13yxulqbrvi9","options":{"secondsToWaitFor":"3"}},{"id":"f6iqkoc2n9tylammjxevd0i5","type":"text","content":{"richText":[{"type":"p","children":[{"text":"Bastantes mensagens escondidas, mas logo logo você terá acesso a todas."}]}]},"groupId":"kbsk1qx52jap13yxulqbrvi9"},{"id":"c4vxat39eqthfd904q8nplwz","type":"Wait","groupId":"kbsk1qx52jap13yxulqbrvi9","options":{"secondsToWaitFor":"3"}},{"id":"guwa322pvazw9gd9nvout31u","type":"text","content":{"richText":[{"type":"p","children":[{"text":"Eu não cobro nada por essa breve consulta que fizemos no celular dele..."}]}]},"groupId":"kbsk1qx52jap13yxulqbrvi9"},{"id":"uo11m0vazcfzcsm43hoqwq9z","type":"Wait","groupId":"kbsk1qx52jap13yxulqbrvi9","options":{"secondsToWaitFor":"2"}},{"id":"t8k5l8ye0uvnkdreoxn0vrro","type":"audio","content":{"url":"https://s3.fr-par.scw.cloud/typebot/public/typebots/clkh8qkb100cgkx0fmbb6xtqh/blocks/t8k5l8ye0uvnkdreoxn0vrro?v=1690234015471"},"groupId":"kbsk1qx52jap13yxulqbrvi9"},{"id":"y5y6n6btanobygzg4zxfz9n9","type":"Wait","groupId":"kbsk1qx52jap13yxulqbrvi9","options":{"secondsToWaitFor":"10"}},{"id":"smzq9k7czvvxw7na9q7yow1x","type":"audio","content":{"url":"https://s3.fr-par.scw.cloud/typebot/public/typebots/clkh8qkb100cgkx0fmbb6xtqh/blocks/smzq9k7czvvxw7na9q7yow1x?v=1690234035327"},"groupId":"kbsk1qx52jap13yxulqbrvi9"},{"id":"aztp6rlaeo0ph0zkke81rj0y","type":"Wait","groupId":"kbsk1qx52jap13yxulqbrvi9","options":{"secondsToWaitFor":"9"}},{"id":"oi8g7vwkcz392cdp0n1dt5az","type":"audio","content":{"url":"https://s3.fr-par.scw.cloud/typebot/public/typebots/clkh8qkb100cgkx0fmbb6xtqh/blocks/oi8g7vwkcz392cdp0n1dt5az?v=1690234060670"},"groupId":"kbsk1qx52jap13yxulqbrvi9"},{"id":"g9vn5skuv34jgz8mjv7ffrbl","type":"Wait","groupId":"kbsk1qx52jap13yxulqbrvi9","options":{"secondsToWaitFor":"10"}},{"id":"h6ir4fno1cptjtau3cyxka2v","type":"text","content":{"richText":[{"type":"p","children":[{"text":"A taxa para pegar todas as provas é de "},{"bold":true,"text":"apenas R$49"},{"text":"."}]}]},"groupId":"kbsk1qx52jap13yxulqbrvi9"},{"id":"dl6x8a711rl9of7wnnjhb8lj","type":"Wait","groupId":"kbsk1qx52jap13yxulqbrvi9","options":{"secondsToWaitFor":"10"}},{"id":"k8xzk428ql7syfe1rdomvl5n","type":"Redirect","groupId":"kbsk1qx52jap13yxulqbrvi9","options":{"url":"https://go.perfectpay.com.br/PPU38CMM32H","isNewTab":false}}],"graphCoordinates":{"x":1416.83,"y":5.04}}],"variables":[{"id":"vi99zx4z37g86bw97z35krl80","name":"NOME"}],"edges":[{"id":"c0r4f3f50zfwzgq272pxvfk1","to":{"groupId":"yd2bt5rua9b187oeupwshaml"},"from":{"blockId":"nrdnc5adctg473ifuwtd2lp4","groupId":"l2blz6ggqjjhkp9n7j3lircx"}},{"id":"chtasqyqd76mngni8aymf8of","to":{"groupId":"lb78yy8kdahpnps4cjxz5bf9"},"from":{"blockId":"zetqjdorjvc86ueqf6zid3sr","groupId":"yd2bt5rua9b187oeupwshaml"}},{"id":"b3ctvfa73510pdqqn1ll2f5b","to":{"groupId":"kbsk1qx52jap13yxulqbrvi9"},"from":{"blockId":"swnwhwi602k2feu7gft46ot0","groupId":"lb78yy8kdahpnps4cjxz5bf9"}}],"theme":{"chat":{"inputs":{"color":"#000000","backgroundColor":"#FFFFFF","placeholderColor":"#28292a"},"buttons":{"color":"#FFFFFF","backgroundColor":"#128C7E"},"hostAvatar":{"url":"https://s3.fr-par.scw.cloud/typebot/public/typebots/clkh8qkb100cgkx0fmbb6xtqh/hostAvatar?v=1690235004690","isEnabled":true},"hostBubbles":{"color":"#303235","backgroundColor":"#F7F8FF"},"guestBubbles":{"color":"#303235","backgroundColor":"#e1ffc7"}},"general":{"font":"Open Sans","background":{"type":"Image","content":"https://s3.fr-par.scw.cloud/typebot/public/typebots/clkh8qkb100cgkx0fmbb6xtqh/background?v=1690234495268"}},"customCss":".typebot-chat-view > .flex:first-child {\n    padding-top: 30px;\n}\n\n.typebot-input {\n    position: fixed;\n    bottom: 0;\n    align-items: center;\n    z-index: 999;\n    right: 0;\n}\n\n.typebot-input .typebot-button {\n    background: #008a7c;\n    border-radius: 50%;\n    color: #fff;\n    position: relative;\n    width: 50px;\n    height: 50px;\n    display: flex;\n    align-items: center;\n    justify-content: center;\n}\n\n.typebot-container {\n    background-size: initial!important;\n    background-repeat: repeat-x!important;\n}\n\n.typebot-host-bubble>.bubble-typing {\n  border-radius: 0 5px 5px 5px;\n}\n\n.typebot-host-bubble>.bubble-typing:after {\n    position: absolute;\n    content: \"\";\n    width: 0;\n    height: 0;\n    border-style: solid;\n    border-width: 0px 10px 10px 0;\n    border-color: transparent #fff transparent transparent;\n    top: 0;\n    left: -10px;\n}\n\n.typebot-guest-bubble {\n  position: relative;\n  border-radius: 5px 0 5px 5px;\n}\n\n.typebot-guest-bubble:after {\n  position: absolute;\n  content: \"\";\n  width: 0;\n  height: 0;\n  border-style: solid;\n}\n\n.typebot-guest-bubble:after {\n    border-width: 0px 0 10px 10px;\n    border-color: transparent transparent transparent #e1ffc7;\n    top: 0;\n    right: -10px;\n    border-style: solid;\n}\n\niframe[src=\"\"] {\n  position: fixed;\n  top: 0;\n  left: 0;\n  display: relative;\n  width: 100%;\n  height: 100% !important;\n  z-index: 999999;\n  border: none;\n  padding: 0;\n  margin: 0;\n}\n\na#lite-badge {\n  display: none!important;\n}"},"settings":{"general":{"rememberUser":{"isEnabled":false},"isBrandingEnabled":false,"isInputPrefillEnabled":true,"isHideQueryParamsEnabled":true},"metadata":{"title":"WhatsApp","favIconUrl":"https://s3.fr-par.scw.cloud/typebot/public/typebots/clkh8qkb100cgkx0fmbb6xtqh/favIcon?v=1690234618879","description":"Tenha todo o acesso do celular do parceiro.","customHeadCode":"<!-- Facebook Pixel Code -->\n<script>\n   !function(f,b,e,v,n,t,s)\n  {if(f.fbq)return;n=f.fbq=function(){n.callMethod?\n    n.callMethod.apply(n,arguments):n.queue.push(arguments)};\n    if(!f._fbq)f._fbq=n;n.push=n;n.loaded=!0;n.version='2.0';\n    n.queue=[];t=b.createElement(e);t.async=!0;\n    t.src=v;s=b.getElementsByTagName(e)[0];\n    s.parentNode.insertBefore(t,s)}(window, document,'script',\n    'https://connect.facebook.net/en_US/fbevents.js');\n    fbq('init', '1692515821263420');\n    fbq('track', 'PageView');\n    fbq('track', 'ViewContent');\n \n</script>\n<!-- End Facebook Pixel Code -->\n<link rel=\"stylesheet\" href=\"https://cdnjs.cloudflare.com/ajax/libs/material-design-iconic-font/2.2.0/css/material-design-iconic-font.min.css\">\n<style>\n  .hide {\n    display: none!important;\n  }\n  typebot-standard {\n    position: relative;\n    z-index: 9999;\n  }\n  #__next {\n    position: relative;\n    z-index: 9999;\n}\n  /* User Bar */\n.user-bar {\n  width: 100%;\n  height: 55px;\n  background: #005e54;\n  color: #fff;\n  padding: 0;\n  font-size: 24px;\n  position: fixed;\n  z-index: 99999;\n  display: block;\n  top: 0;\n}\n\n.user-bar:after {\n  content: \"\";\n  display: table;\n  clear: both;\n}\n\n.user-bar div {\n    float: left;\n    transform: translateY(-50%);\n    position: relative;\n    top: 50%;\n    margin-left: 10px;\n}\n\n.user-bar .actions {\n  float: right;\n  margin: 0 0 0 20px;\n}\n\n.user-bar .actions.more {\n  margin: 0 12px 0 32px;\n}\n\n.user-bar .actions.attachment {\n  margin: 0 0 0 30px;\n}\n\n.user-bar .actions.attachment i {\n  display: block;\n  transform: rotate(-45deg);\n}\n\n.user-bar .avatar {\n  margin: 0 0 0 5px;\n  width: 36px;\n  height: 36px;\n}\n\n.user-bar .avatar img {\n  border-radius: 50%;\n  box-shadow: 0 1px 0 rgba(255, 255, 255, 0.1);\n  display: block;\n  width: 100%;\n}\n\n.user-bar .name {\n  font-size: 17px;\n  font-weight: 600;\n  text-overflow: ellipsis;\n  letter-spacing: 0.3px;\n  margin: 0 0 0 8px;\n  overflow: hidden;\n  white-space: nowrap;\n  width: 150px;\n}\n\n.user-bar .status {\n  display: block;\n  font-size: 13px;\n  font-weight: 400;\n  letter-spacing: 0;\n}\n</style>\n\n<script>\nfunction criarBarra() {\n  var userBar = document.createElement(\"div\");\n  userBar.className = \"user-bar\";\n\n  var backButton = document.createElement(\"div\");\n  backButton.className = \"back\";\n  backButton.innerHTML = '<i class=\"zmdi zmdi-arrow-left\"></i>';\n\n  var avatar = document.createElement(\"div\");\n  avatar.className = \"avatar\";\n  avatar.innerHTML = '<img src=\"https://i.postimg.cc/s2W3tx3C/Foto-de-perfil.jpg\" alt=\"CF DO JEFF\">';\n\n  var name = document.createElement(\"div\");\n  name.className = \"name\";\n  name.innerHTML = '<span>Andressa Felix</span><span class=\"status\">online</span>';\n\n  var moreActions = document.createElement(\"div\");\n  moreActions.className = \"actions more\";\n  moreActions.innerHTML = '<i class=\"zmdi zmdi-more-vert\"></i>';\n\n  var attachmentAction = document.createElement(\"div\");\n  attachmentAction.className = \"actions attachment\";\n  attachmentAction.innerHTML = '<i class=\"zmdi zmdi-attachment-alt\"></i>';\n\n  var phoneAction = document.createElement(\"div\");\n  phoneAction.className = \"actions\";\n  phoneAction.innerHTML = '<i class=\"zmdi zmdi-phone\"></i>';\n\n  userBar.appendChild(backButton);\n  userBar.appendChild(avatar);\n  userBar.appendChild(name);\n  userBar.appendChild(moreActions);\n  userBar.appendChild(attachmentAction);\n  userBar.appendChild(phoneAction);\n\n  var elementoPai = document.querySelector(\"#__next\");\n  if (elementoPai) {\n    elementoPai.insertBefore(userBar, elementoPai.firstChild);\n  }\n}\n\ncriarBarra();\n</script>\n"},"typingEmulation":{"speed":300,"enabled":true,"maxDelay":1.5}}}