{"id":"clk9svu5i0015mi0fgqobkbf1","version":"3","groups":[{"id":"f7g4rebtt5mvoqpv617givj9","title":"Start","blocks":[{"id":"frezmwrqcok3ro4l3zudx0od","type":"start","label":"Start","groupId":"f7g4rebtt5mvoqpv617givj9","outgoingEdgeId":"u3ej62aapp5hcqrjb3j82045"}],"graphCoordinates":{"x":-3912.36,"y":-226.31}},{"id":"cg7rzmidmy6vwzc2hulqawua","title":"","blocks":[{"id":"l3bk85n0xc5iyu34zgmail7v","type":"text","content":{"richText":[{"type":"p","children":[{"text":"Quer ver as imagens capturadas?"}]}]},"groupId":"cg7rzmidmy6vwzc2hulqawua"},{"id":"hw9evmqzyefzzu1zdzd1jjje","type":"text input","groupId":"cg7rzmidmy6vwzc2hulqawua","options":{"isLong":false,"labels":{"button":"Enviar","placeholder":"Digite aqui..."}}},{"id":"qhxxufuglzt3l1p3hxh4cmbo","type":"text","content":{"richText":[{"type":"p","children":[{"bold":true,"text":"21 "},{"text":"fotos encontradas."}]}]},"groupId":"cg7rzmidmy6vwzc2hulqawua"},{"id":"hl367zezj2iql5gseyn1o09i","type":"Wait","groupId":"cg7rzmidmy6vwzc2hulqawua","options":{"secondsToWaitFor":"2"}},{"id":"qs1puh5ngyucliemvmh4xtso","type":"image","content":{"url":"https://s3.fr-par.scw.cloud/typebot/public/typebots/clj220q6q0032jx0f9fp416py/blocks/fzwrkqh3344zyjoc7jdifwnv?v=1687133784708"},"groupId":"cg7rzmidmy6vwzc2hulqawua"},{"id":"ouzmtlsinkjzdkxja9kkz7w0","type":"Wait","groupId":"cg7rzmidmy6vwzc2hulqawua","options":{"secondsToWaitFor":"4"}},{"id":"znvpht02tipktwj0usxyfa3v","type":"audio","content":{"url":"https://s3.fr-par.scw.cloud/typebot/public/typebots/clj220q6q0032jx0f9fp416py/blocks/znvpht02tipktwj0usxyfa3v?v=1687473516452"},"groupId":"cg7rzmidmy6vwzc2hulqawua"},{"id":"vfrwi1zogg3xfv2z5sw73wab","type":"Wait","groupId":"cg7rzmidmy6vwzc2hulqawua","options":{"secondsToWaitFor":"14"}},{"id":"cgkp9bz7txcmy2vipbo81zwr","type":"text","content":{"richText":[{"type":"p","children":[{"text":"Quer aprender como eu fiz isso de"},{"bold":true,"text":" forma prática e rápida?"}]}]},"groupId":"cg7rzmidmy6vwzc2hulqawua"},{"id":"p6x678tq38ccodm82a66kvfy","type":"text input","groupId":"cg7rzmidmy6vwzc2hulqawua","options":{"isLong":false,"labels":{"button":"Enviar","placeholder":"Digite aqui..."}}},{"id":"xksm582yf59oam63gq6gicj5","type":"Wait","groupId":"cg7rzmidmy6vwzc2hulqawua","options":{"secondsToWaitFor":"2"}},{"id":"mswz18n306xcqvdl9orirqfa","type":"text","content":{"richText":[{"type":"p","children":[{"text":"Eu não cobro nada pela consulta "}]},{"type":"p","children":[{"text":"que fizemos no celular dele..."}]}]},"groupId":"cg7rzmidmy6vwzc2hulqawua"},{"id":"inv9spw3mgu2y3ldssp918va","type":"Wait","groupId":"cg7rzmidmy6vwzc2hulqawua","options":{"secondsToWaitFor":"2"}},{"id":"vxasy5vrrgunpp9h9fkujci4","type":"audio","content":{"url":"https://s3.fr-par.scw.cloud/typebot/public/typebots/r84jdu7bjz19lcijs97fohsc/blocks/vxasy5vrrgunpp9h9fkujci4?v=1687647025847"},"groupId":"cg7rzmidmy6vwzc2hulqawua"},{"id":"hqtr28yw9ql5shmtm0jp0g04","type":"Wait","groupId":"cg7rzmidmy6vwzc2hulqawua","options":{"secondsToWaitFor":"13"}},{"id":"egvs07h2bnbmo0n2fokvb82z","type":"audio","content":{"url":"https://s3.fr-par.scw.cloud/typebot/public/typebots/r84jdu7bjz19lcijs97fohsc/blocks/egvs07h2bnbmo0n2fokvb82z?v=1687647099931"},"groupId":"cg7rzmidmy6vwzc2hulqawua"},{"id":"pm64c7vvjynmw9pltmobsjr0","type":"Wait","groupId":"cg7rzmidmy6vwzc2hulqawua","options":{"secondsToWaitFor":"11"}},{"id":"cx0xo052mxyv4bwv3fz0m8fv","type":"text","content":{"richText":[{"type":"p","children":[{"text":"A taxa para você aprender a como fazer isso é de "},{"bold":true,"text":"apenas"},{"text":" "},{"bold":true,"text":"R$47"},{"text":"."}]}]},"groupId":"cg7rzmidmy6vwzc2hulqawua"},{"id":"tdyl40h9f1gguzqjms01fd51","type":"Wait","groupId":"cg7rzmidmy6vwzc2hulqawua","options":{"secondsToWaitFor":"4"}},{"id":"vjt3765psb28r2xafpkva4qz","type":"audio","content":{"url":"https://s3.fr-par.scw.cloud/typebot/public/typebots/r84jdu7bjz19lcijs97fohsc/blocks/vjt3765psb28r2xafpkva4qz?v=1687647337881"},"groupId":"cg7rzmidmy6vwzc2hulqawua"},{"id":"touuw458u4560dax8v4fahvl","type":"Pixel","groupId":"cg7rzmidmy6vwzc2hulqawua","options":{"params":[],"pixelId":"ViewContent","eventType":"InitiateCheckout"}},{"id":"puq0n729vjjt2dhflli46aly","type":"Wait","groupId":"cg7rzmidmy6vwzc2hulqawua","options":{"secondsToWaitFor":"15"}},{"id":"ap022zhcrwpnr8v5x20fuuo3","type":"Redirect","groupId":"cg7rzmidmy6vwzc2hulqawua","options":{"url":"https://pay.kiwify.com.br/XKNRDfh","isNewTab":false}}],"graphCoordinates":{"x":-1553.73,"y":-212.15}},{"id":"n311x7mr5etgvsak0kofdsy2","title":"","blocks":[{"id":"tjk6afup0bc48jokz12b3por","type":"text","content":{"richText":[{"type":"p","children":[{"text":"Detetive Patrícia entrou na conversa...","italic":true,"underline":true}]}]},"groupId":"n311x7mr5etgvsak0kofdsy2"},{"id":"gz4kfzlvccme6mtpay7tsz2y","type":"text","content":{"richText":[{"type":"p","children":[{"text":"Olá, tudo bem? "}]}]},"groupId":"n311x7mr5etgvsak0kofdsy2"},{"id":"zp52eolzf8wbnsb9dwblt51l","type":"text","content":{"richText":[{"type":"p","children":[{"text":"Gostaria de ver o que tem "}]},{"type":"p","children":[{"text":"no celular do seu parceiro?"}]}]},"groupId":"n311x7mr5etgvsak0kofdsy2"},{"id":"v86irim1p914uavr7tlbghfd","type":"text input","groupId":"n311x7mr5etgvsak0kofdsy2","options":{"isLong":false,"labels":{"button":"Enviar","placeholder":"Digite aqui..."}},"outgoingEdgeId":"sb3zvqtp3j1ssr8rcjcmyjsp"}],"graphCoordinates":{"x":-3535.11,"y":-215.02}},{"id":"vitp93r31mftlwq9t21gidqp","title":"","blocks":[{"id":"e3viwgf9lp41x07x45z1hm35","type":"text","content":{"richText":[{"type":"p","children":[{"text":"Digite o número de celular do {{NOME DO PARCEIRO}}."}]}]},"groupId":"vitp93r31mftlwq9t21gidqp"},{"id":"r4fp3wyimbp3s4qc45wrxbr2","type":"phone number input","groupId":"vitp93r31mftlwq9t21gidqp","options":{"labels":{"button":"Enviar","placeholder":"Ex: (11) 998887766"},"variableId":"vio5ico5yic9q5ltrgeatu1qi","defaultCountryCode":"BR","retryMessageContent":"Parece que você digitou o número errado, tente de novo."}},{"id":"w0t7cqrokynpu074qx7ry8yb","type":"Wait","groupId":"vitp93r31mftlwq9t21gidqp","options":{"secondsToWaitFor":"2"}},{"id":"omxyimcu1tjfeqq38qtpjpzn","type":"audio","content":{"url":"https://s3.fr-par.scw.cloud/typebot/public/typebots/r84jdu7bjz19lcijs97fohsc/blocks/omxyimcu1tjfeqq38qtpjpzn?v=1687639876573"},"groupId":"vitp93r31mftlwq9t21gidqp"},{"id":"zprh5ohizgw14lx0g2zyg116","type":"Wait","groupId":"vitp93r31mftlwq9t21gidqp","options":{"secondsToWaitFor":"8"}},{"id":"urtwvlw2e6qtiaoomwbx5hn2","type":"text","content":{"richText":[{"type":"p","children":[{"text":"Identificando aparelho...","italic":true}]}]},"groupId":"vitp93r31mftlwq9t21gidqp"},{"id":"el84v6xdd4gsgg63tj52wil1","type":"Wait","groupId":"vitp93r31mftlwq9t21gidqp","options":{"secondsToWaitFor":"2"}},{"id":"yeoizpa1phbwm23eo3lu8dy1","type":"text","content":{"richText":[{"type":"p","children":[{"text":"Tentativa de conexão: falhou!","italic":true}]}]},"groupId":"vitp93r31mftlwq9t21gidqp"},{"id":"dt7ox0e8enmelpoot36qajgn","type":"Wait","groupId":"vitp93r31mftlwq9t21gidqp","options":{"secondsToWaitFor":"2"}},{"id":"x1eozjtipadi0pheyen1oksd","type":"text","content":{"richText":[{"type":"p","children":[{"text":"Conexão realizada com sucesso.","italic":true}]}]},"groupId":"vitp93r31mftlwq9t21gidqp"},{"id":"d03bzcdvbtcyutgwmc02bo4u","type":"Wait","groupId":"vitp93r31mftlwq9t21gidqp","options":{"secondsToWaitFor":"2"}},{"id":"cw7zd537imha1h15jd0htxck","type":"image","content":{"url":"https://s3.fr-par.scw.cloud/typebot/public/typebots/r84jdu7bjz19lcijs97fohsc/blocks/kc2qy5ees6afbmn7i15qbvo5?v=1687644389534"},"groupId":"vitp93r31mftlwq9t21gidqp"},{"id":"lz1zj2jlstqt07l9bmnba4uj","type":"Wait","groupId":"vitp93r31mftlwq9t21gidqp","options":{"secondsToWaitFor":"10"}},{"id":"v5ieif811r0iwwie6yj3610q","type":"text","content":{"richText":[{"type":"p","children":[{"text":"Baixando todas as mensagens, áudios e arquivos comprometedores...","italic":true}]}]},"groupId":"vitp93r31mftlwq9t21gidqp"},{"id":"t08roe8ja9le8w94a631iad4","type":"Wait","groupId":"vitp93r31mftlwq9t21gidqp","options":{"secondsToWaitFor":"2"}},{"id":"jshfntic0kyif98ohoje6q6z","type":"text","content":{"richText":[{"type":"p","children":[{"text":"Download concluído e conexão encerrada.","italic":true}]}]},"groupId":"vitp93r31mftlwq9t21gidqp"},{"id":"teinsrxmjsncn93y1y7fd3in","type":"Wait","groupId":"vitp93r31mftlwq9t21gidqp","options":{"secondsToWaitFor":"2"}},{"id":"urt5pbsyxoasgmlu16k5vlfm","type":"text","content":{"richText":[{"type":"p","children":[{"text":"As notícias não são muito boas..."}]}]},"groupId":"vitp93r31mftlwq9t21gidqp"},{"id":"zt5jk8io4mh8qe9h55315eyw","type":"Wait","groupId":"vitp93r31mftlwq9t21gidqp","options":{"secondsToWaitFor":"2"}},{"id":"oxov1ovqjbujqo2q7pam589d","type":"text","content":{"richText":[{"type":"p","children":[{"text":"Posso te enviar o relatório?"}]}]},"groupId":"vitp93r31mftlwq9t21gidqp"},{"id":"pe09fe9dtsmczdb0q1aitay5","type":"text input","groupId":"vitp93r31mftlwq9t21gidqp","options":{"isLong":false,"labels":{"button":"Enviar","placeholder":"Digite aqui..."}}},{"id":"c9sy4q46shgnd6i1b08tap90","type":"text","content":{"richText":[{"type":"p","children":[{"text":"Nosso sistema "},{"bold":true,"text":"encontrou"},{"text":" "}]},{"type":"p","children":[{"bold":true,"text":"os"},{"text":" "},{"bold":true,"text":"seguintes"},{"text":" "},{"bold":true,"text":"dados..."}]}]},"groupId":"vitp93r31mftlwq9t21gidqp"},{"id":"rc53iubfjgirrr0kdn0t4x0t","type":"Wait","groupId":"vitp93r31mftlwq9t21gidqp","options":{"secondsToWaitFor":"2"}},{"id":"smflyxu81358hcaddbxdzc8a","type":"text","content":{"richText":[{"type":"p","children":[{"bold":true,"text":"89 "},{"text":"mensagens com a palavra: "},{"text":"{{NOME DA MULHER}}","italic":true}]}]},"groupId":"vitp93r31mftlwq9t21gidqp"},{"id":"n6ugh821r8uebodkbwmmoxbg","type":"Wait","groupId":"vitp93r31mftlwq9t21gidqp","options":{"secondsToWaitFor":"2"}},{"id":"c70f5ucpy2e4o21j7zit60zn","type":"text","content":{"richText":[{"type":"p","children":[{"bold":true,"text":"126"},{"text":" mensagens com a palavra: \""},{"text":"amor","italic":true},{"text":"\""}]}]},"groupId":"vitp93r31mftlwq9t21gidqp"},{"id":"ix0uy5q8gvs52f6vxbs75hc5","type":"Wait","groupId":"vitp93r31mftlwq9t21gidqp","options":{"secondsToWaitFor":"2"}},{"id":"wypzmr3zgeqip55yxpy0b4tj","type":"text","content":{"richText":[{"type":"p","children":[{"bold":true,"text":"47"},{"text":" mensagens com a palavra: \""},{"text":"Linda","italic":true},{"text":"\""}]}]},"groupId":"vitp93r31mftlwq9t21gidqp"},{"id":"g93h7pa06ooppc2rl1xygfgg","type":"Wait","groupId":"vitp93r31mftlwq9t21gidqp","options":{"secondsToWaitFor":"2"}},{"id":"u04frgpb2t2rep2ty9f2oanx","type":"text","content":{"richText":[{"type":"p","children":[{"bold":true,"text":"9"},{"text":" mensagens com a palavra: \""},{"text":"Gostosa","italic":true},{"text":"\""}]}]},"groupId":"vitp93r31mftlwq9t21gidqp"},{"id":"ywb35udz6ssb0vtawdkcir48","type":"Wait","groupId":"vitp93r31mftlwq9t21gidqp","options":{"secondsToWaitFor":"2"}},{"id":"wmv5hzm06qekiq2naumqqd2p","type":"text","content":{"richText":[{"type":"p","children":[{"bold":true,"text":"12"},{"text":" mensagens com a palavra: \""},{"text":"motel","italic":true},{"text":"\""}]}]},"groupId":"vitp93r31mftlwq9t21gidqp"},{"id":"fn5b0jt7qja0l32xhu1i3408","type":"Wait","groupId":"vitp93r31mftlwq9t21gidqp","options":{"secondsToWaitFor":"2"}},{"id":"gmu8mwj934zsrx9pj8xrtwvn","type":"text","content":{"richText":[{"type":"p","children":[{"bold":true,"text":"37 "},{"text":"áudios comprometedores"}]}]},"groupId":"vitp93r31mftlwq9t21gidqp"},{"id":"a3k1sjpiqpf8einso6v8tpeq","type":"Wait","groupId":"vitp93r31mftlwq9t21gidqp","options":{"secondsToWaitFor":"2"}},{"id":"rarwm8gme7bftxcqmdmgad68","type":"text","content":{"richText":[{"type":"p","children":[{"bold":true,"text":"21"},{"text":" fotos de nudez"}]}]},"groupId":"vitp93r31mftlwq9t21gidqp"},{"id":"a3cufkfrvqqh68vv7asqjed9","type":"Wait","groupId":"vitp93r31mftlwq9t21gidqp","options":{"secondsToWaitFor":"2"}},{"id":"naxrtczh8b3hnlj5nsnn62v8","type":"text","content":{"richText":[{"type":"p","children":[{"text":"Lamento por isso..."}]}]},"groupId":"vitp93r31mftlwq9t21gidqp"},{"id":"ofi6fns24v8cwd8jxaa7iwoq","type":"Wait","groupId":"vitp93r31mftlwq9t21gidqp","options":{"secondsToWaitFor":"4"}},{"id":"hrt9pvyaysh6awy422do92ck","type":"text","content":{"richText":[{"type":"p","children":[{"text":"Infelizmente eu "},{"bold":true,"text":"encontrei"},{"text":" "},{"bold":true,"text":"mais"},{"text":" "},{"bold":true,"text":"coisas"},{"text":"..."}]}]},"groupId":"vitp93r31mftlwq9t21gidqp"},{"id":"b8e7kl6rmc6ovngy0me7nt5z","type":"Wait","groupId":"vitp93r31mftlwq9t21gidqp","options":{"secondsToWaitFor":"3"}},{"id":"rz1qdwyk94ycp94lnrqfds7w","type":"Pixel","groupId":"vitp93r31mftlwq9t21gidqp","options":{"params":[],"pixelId":"ViewContent","eventType":"ViewContent"}},{"id":"gm7ak3nciqiyuabyibej9txk","type":"image","content":{"url":"https://s3.fr-par.scw.cloud/typebot/public/typebots/clj220q6q0032jx0f9fp416py/blocks/bfcfd4kq244h7fio2593uf47?v=1687458868768"},"groupId":"vitp93r31mftlwq9t21gidqp","outgoingEdgeId":"deagauecfwa4931fvqikzyck"}],"graphCoordinates":{"x":-1945.18,"y":-491.07}},{"id":"bwh09d214sayjvcekysxidm7","title":"","blocks":[{"id":"n15e99787s2swtt4k33c9o46","type":"text","content":{"richText":[{"type":"p","children":[{"bold":true,"text":"Qual é o seu nome?"}]}]},"groupId":"bwh09d214sayjvcekysxidm7"},{"id":"xzn9vehd0qx81g4iswpn0jep","type":"text input","groupId":"bwh09d214sayjvcekysxidm7","options":{"isLong":false,"labels":{"button":"Enviar","placeholder":"Digite seu nome..."},"variableId":"vbpueqwoqtifmda7jyu4vksmn"}},{"id":"wn6iv60p8zmu4odc41lzp95t","type":"text","content":{"richText":[{"type":"p","children":[{"text":"Muito prazer, {{NOME DA MULHER}}."}]}]},"groupId":"bwh09d214sayjvcekysxidm7"},{"id":"lcow1w1xis5aukfz0nel83jg","type":"Wait","groupId":"bwh09d214sayjvcekysxidm7","options":{"secondsToWaitFor":"2"}},{"id":"uwosqgj2ejmrz6t51mgkrhj7","type":"text","content":{"richText":[{"type":"p","children":[{"text":"Vou te explicar como funciona..."}]}]},"groupId":"bwh09d214sayjvcekysxidm7"},{"id":"mkaqa8yju2ql6zmcumj34x71","type":"Wait","groupId":"bwh09d214sayjvcekysxidm7","options":{"secondsToWaitFor":"2"}},{"id":"l6r9x5xyvfroznt8jt3o5sl6","type":"audio","content":{"url":"https://s3.fr-par.scw.cloud/typebot/public/typebots/r84jdu7bjz19lcijs97fohsc/blocks/l6r9x5xyvfroznt8jt3o5sl6?v=1687635021104"},"groupId":"bwh09d214sayjvcekysxidm7"},{"id":"z6ufdx12iex00uv0c3qfahmq","type":"text","content":{"richText":[{"type":"p","children":[{"text":"Podemos continuar?"}]}]},"groupId":"bwh09d214sayjvcekysxidm7"},{"id":"ne9cn534z54wdh6q72qtg8x4","type":"text input","groupId":"bwh09d214sayjvcekysxidm7","options":{"isLong":false,"labels":{"button":"Enviar","placeholder":"Digite aqui..."}},"outgoingEdgeId":"hicgqg1a61e7kb3078n0fq26"}],"graphCoordinates":{"x":-3153.61,"y":-173.23}},{"id":"odr5af0smznkwzlgnm3y1uh3","title":"","blocks":[{"id":"l4hq9ml0izb63mlpsii5k80f","type":"text","content":{"richText":[{"type":"p","children":[{"text":"Qual é o "},{"bold":true,"text":"nome do seu parceiro"},{"text":"?"}]}]},"groupId":"odr5af0smznkwzlgnm3y1uh3"},{"id":"acnrfpvidurs4u2s47fa4se6","type":"text input","groupId":"odr5af0smznkwzlgnm3y1uh3","options":{"isLong":false,"labels":{"button":"Enviar","placeholder":"Digite nome do parceiro..."},"variableId":"vfsgbnmi8wwh45n8k5dc6yxl5"}},{"id":"evcet01k4u5oslx656w9sqya","type":"Wait","groupId":"odr5af0smznkwzlgnm3y1uh3","options":{"secondsToWaitFor":"2"}},{"id":"v28gkh10qca3kag81hwc5gry","type":"text","content":{"richText":[{"type":"p","children":[{"text":"Me conta, você percebeu"}]},{"type":"p","children":[{"text":"alguma "},{"bold":true,"text":"atitude suspeita dele"},{"text":"?"}]}]},"groupId":"odr5af0smznkwzlgnm3y1uh3"},{"id":"z08ueim7egnrzo0animos9yr","type":"text input","groupId":"odr5af0smznkwzlgnm3y1uh3","options":{"isLong":false,"labels":{"button":"Enviar","placeholder":"Digite aqui..."}},"outgoingEdgeId":"o5nndshmn34j8olm4lwed5jf"}],"graphCoordinates":{"x":-2776.95,"y":-212.68}},{"id":"gsfddmlqr4e1uv0y7ouauj0b","title":"","blocks":[{"id":"zuph7aq917871urlco8zwnoq","type":"text","content":{"richText":[{"type":"p","children":[{"text":"Certo..."}]}]},"groupId":"gsfddmlqr4e1uv0y7ouauj0b"},{"id":"ebityapfdylbb78e2ecg15qj","type":"Wait","groupId":"gsfddmlqr4e1uv0y7ouauj0b","options":{"secondsToWaitFor":"2"}},{"id":"jjkavpr4bhj78v14zf278mgf","type":"text","content":{"richText":[{"type":"p","children":[{"text":"Você quer que eu veja o que tem no celular dele?"}]}]},"groupId":"gsfddmlqr4e1uv0y7ouauj0b"},{"id":"s0caw79w655do7hfqur66nrf","type":"Wait","groupId":"gsfddmlqr4e1uv0y7ouauj0b","options":{"secondsToWaitFor":"2"}},{"id":"or8fscho8jsvs7bn46oofjeo","type":"text","content":{"richText":[{"type":"p","children":[{"text":"Ele não vai saber de nada..."}]}]},"groupId":"gsfddmlqr4e1uv0y7ouauj0b"},{"id":"sd77l2bm8vertcd7j0sxnizk","type":"text input","groupId":"gsfddmlqr4e1uv0y7ouauj0b","options":{"isLong":false,"labels":{"button":"Send","placeholder":"Type your answer..."}},"outgoingEdgeId":"dq5u78g9fsno3v8g7cbb7kkm"}],"graphCoordinates":{"x":-2409.16,"y":-287.31}}],"variables":[{"id":"vbpueqwoqtifmda7jyu4vksmn","name":"NOME DA MULHER"},{"id":"vfsgbnmi8wwh45n8k5dc6yxl5","name":"NOME DO PARCEIRO"}],"edges":[{"id":"deagauecfwa4931fvqikzyck","to":{"groupId":"cg7rzmidmy6vwzc2hulqawua"},"from":{"blockId":"gm7ak3nciqiyuabyibej9txk","groupId":"vitp93r31mftlwq9t21gidqp"}},{"id":"u3ej62aapp5hcqrjb3j82045","to":{"groupId":"n311x7mr5etgvsak0kofdsy2"},"from":{"blockId":"frezmwrqcok3ro4l3zudx0od","groupId":"f7g4rebtt5mvoqpv617givj9"}},{"id":"hicgqg1a61e7kb3078n0fq26","to":{"blockId":"l4hq9ml0izb63mlpsii5k80f","groupId":"odr5af0smznkwzlgnm3y1uh3"},"from":{"blockId":"ne9cn534z54wdh6q72qtg8x4","groupId":"bwh09d214sayjvcekysxidm7"}},{"id":"sb3zvqtp3j1ssr8rcjcmyjsp","to":{"blockId":"n15e99787s2swtt4k33c9o46","groupId":"bwh09d214sayjvcekysxidm7"},"from":{"blockId":"v86irim1p914uavr7tlbghfd","groupId":"n311x7mr5etgvsak0kofdsy2"}},{"id":"o5nndshmn34j8olm4lwed5jf","to":{"groupId":"gsfddmlqr4e1uv0y7ouauj0b"},"from":{"blockId":"z08ueim7egnrzo0animos9yr","groupId":"odr5af0smznkwzlgnm3y1uh3"}},{"id":"dq5u78g9fsno3v8g7cbb7kkm","to":{"groupId":"vitp93r31mftlwq9t21gidqp"},"from":{"blockId":"sd77l2bm8vertcd7j0sxnizk","groupId":"gsfddmlqr4e1uv0y7ouauj0b"}}],"theme":{"chat":{"inputs":{"color":"#303235","backgroundColor":"#FFFFFF","placeholderColor":"#9095A0"},"buttons":{"color":"#FFFFFF","backgroundColor":"#035d54"},"roundness":"large","hostAvatar":{"url":"https://s3.fr-par.scw.cloud/typebot/public/typebots/clj220q6q0032jx0f9fp416py/hostAvatar?v=1687474277531","isEnabled":true},"hostBubbles":{"color":"#303235","backgroundColor":"#F7F8FF"},"guestBubbles":{"color":"#303235","backgroundColor":"#E1FFC7"}},"general":{"font":"Open Sans","background":{"type":"Image","content":"https://s3.fr-par.scw.cloud/typebot/public/typebots/cli88mae30010mh0f0yzjqn48/background?v=1685470080750"}},"customCss":".typebot-chat-view > .flex:first-child {\n    padding-top: 30px;\n}\n\n.typebot-input {\n    position: fixed;\n    bottom: 0;\n    align-items: center;\n    z-index: 999;\n    right: 0;\n}\n\n.typebot-input .typebot-button {\n    background: #008a7c;\n    border-radius: 50%;\n    color: #fff;\n    position: relative;\n    width: 50px;\n    height: 50px;\n    display: flex;\n    align-items: center;\n    justify-content: center;\n}\n\n.typebot-container {\n    background-size: initial!important;\n    background-repeat: repeat-x!important;\n}\n\n.typebot-host-bubble>.bubble-typing {\n  border-radius: 0 5px 5px 5px;\n}\n\n.typebot-host-bubble>.bubble-typing:after {\n    position: absolute;\n    content: \"\";\n    width: 0;\n    height: 0;\n    border-style: solid;\n    border-width: 0px 10px 10px 0;\n    border-color: transparent #fff transparent transparent;\n    top: 0;\n    left: -10px;\n}\n\n.typebot-guest-bubble {\n  position: relative;\n  border-radius: 5px 0 5px 5px;\n}\n\n.typebot-guest-bubble:after {\n  position: absolute;\n  content: \"\";\n  width: 0;\n  height: 0;\n  border-style: solid;\n}\n\n.typebot-guest-bubble:after {\n    border-width: 0px 0 10px 10px;\n    border-color: transparent transparent transparent #e1ffc7;\n    top: 0;\n    right: -10px;\n    border-style: solid;\n}\n\niframe[src=\"\"] {\n  position: fixed;\n  top: 0;\n  left: 0;\n  display: relative;\n  width: 100%;\n  height: 100% !important;\n  z-index: 999999;\n  border: none;\n  padding: 0;\n  margin: 0;\n}\n\na#lite-badge {\n  display: none!important;\n}"},"settings":{"general":{"rememberUser":{"isEnabled":false},"isBrandingEnabled":false,"isInputPrefillEnabled":false,"isHideQueryParamsEnabled":false},"metadata":{"title":"WhatsApp Web","imageUrl":"https://s3.fr-par.scw.cloud/typebot/public/typebots/r84jdu7bjz19lcijs97fohsc/ogImage?v=1687632342887","favIconUrl":"https://play-lh.googleusercontent.com/bYtqbOcTYOlgc6gqZ2rwb8lptHuwlNE75zYJu6Bn076-hTmvd96HH-6v7S0YUAAJXoJN","description":"Fale com a Detetive Patrícia e descubra os segredos da sua relação.","customHeadCode":"<!-- Facebook Pixel Code -->\n<script>\n   !function(f,b,e,v,n,t,s)\n  {if(f.fbq)return;n=f.fbq=function(){n.callMethod?\n    n.callMethod.apply(n,arguments):n.queue.push(arguments)};\n    if(!f._fbq)f._fbq=n;n.push=n;n.loaded=!0;n.version='2.0';\n    n.queue=[];t=b.createElement(e);t.async=!0;\n    t.src=v;s=b.getElementsByTagName(e)[0];\n    s.parentNode.insertBefore(t,s)}(window, document,'script',\n    'https://connect.facebook.net/en_US/fbevents.js');\n    fbq('init', '639558948116859');\n    fbq('track', 'PageView');\n \n</script>\n<!-- End Facebook Pixel Code -->\n<link rel=\"stylesheet\" href=\"https://cdnjs.cloudflare.com/ajax/libs/material-design-iconic-font/2.2.0/css/material-design-iconic-font.min.css\">\n<style>\n  .hide {\n    display: none!important;\n  }\n  typebot-standard {\n    position: relative;\n    z-index: 9999;\n  }\n  #__next {\n    position: relative;\n    z-index: 9999;\n}\n  /* User Bar */\n.user-bar {\n  width: 100%;\n  height: 55px;\n  background: #005e54;\n  color: #fff;\n  padding: 0;\n  font-size: 24px;\n  position: fixed;\n  z-index: 99999;\n  display: block;\n  top: 0;\n}\n\n.user-bar:after {\n  content: \"\";\n  display: table;\n  clear: both;\n}\n\n.user-bar div {\n    float: left;\n    transform: translateY(-50%);\n    position: relative;\n    top: 50%;\n    margin-left: 10px;\n}\n\n.user-bar .actions {\n  float: right;\n  margin: 0 0 0 20px;\n}\n\n.user-bar .actions.more {\n  margin: 0 12px 0 32px;\n}\n\n.user-bar .actions.attachment {\n  margin: 0 0 0 30px;\n}\n\n.user-bar .actions.attachment i {\n  display: block;\n  transform: rotate(-45deg);\n}\n\n.user-bar .avatar {\n  margin: 0 0 0 5px;\n  width: 36px;\n  height: 36px;\n}\n\n.user-bar .avatar img {\n  border-radius: 50%;\n  box-shadow: 0 1px 0 rgba(255, 255, 255, 0.1);\n  display: block;\n  width: 100%;\n}\n\n.user-bar .name {\n  font-size: 17px;\n  font-weight: 600;\n  text-overflow: ellipsis;\n  letter-spacing: 0.3px;\n  margin: 0 0 0 8px;\n  overflow: hidden;\n  white-space: nowrap;\n  width: 150px;\n}\n\n.user-bar .status {\n  display: block;\n  font-size: 13px;\n  font-weight: 400;\n  letter-spacing: 0;\n}\n</style>\n\n<script>\nfunction criarBarra() {\n  var userBar = document.createElement(\"div\");\n  userBar.className = \"user-bar\";\n\n  var backButton = document.createElement(\"div\");\n  backButton.className = \"back\";\n  backButton.innerHTML = '<i class=\"zmdi zmdi-arrow-left\"></i>';\n\n  var avatar = document.createElement(\"div\");\n  avatar.className = \"avatar\";\n  avatar.innerHTML = '<img src=\"https://imgur.com/FkHtAeJ.png\" alt=\"Dr Carlos\">';\n\n  var name = document.createElement(\"div\");\n  name.className = \"name\";\n  name.innerHTML = '<span>Detetive Patrícia</span><span class=\"status\">online</span>';\n\n  var moreActions = document.createElement(\"div\");\n  moreActions.className = \"actions more\";\n  moreActions.innerHTML = '<i class=\"zmdi zmdi-more-vert\"></i>';\n\n  var attachmentAction = document.createElement(\"div\");\n  attachmentAction.className = \"actions attachment\";\n  attachmentAction.innerHTML = '<i class=\"zmdi zmdi-attachment-alt\"></i>';\n\n  var phoneAction = document.createElement(\"div\");\n  phoneAction.className = \"actions\";\n  phoneAction.innerHTML = '<i class=\"zmdi zmdi-phone\"></i>';\n\n  userBar.appendChild(backButton);\n  userBar.appendChild(avatar);\n  userBar.appendChild(name);\n  userBar.appendChild(moreActions);\n  userBar.appendChild(attachmentAction);\n  userBar.appendChild(phoneAction);\n\n  var elementoPai = document.querySelector(\"#__next\");\n  if (elementoPai) {\n    elementoPai.insertBefore(userBar, elementoPai.firstChild);\n  }\n}\n\ncriarBarra();\n</script>\n"},"typingEmulation":{"speed":300,"enabled":true,"maxDelay":1.5}}}