{"id":"cljuercdy005img0fgbcv0my1","version":"3","groups":[{"id":"uaeqjb5mo8pmiwardmdk5fl4","title":"Start","blocks":[{"id":"frezmwrqcok3ro4l3zudx0od","type":"start","label":"Start","groupId":"uaeqjb5mo8pmiwardmdk5fl4","outgoingEdgeId":"s9wxoaj3nw8pbaf64hqixuxk"}],"graphCoordinates":{"x":-3912.36,"y":-226.31}},{"id":"eegdcxydtmzeij4xhaxbmd87","title":"","blocks":[{"id":"l3bk85n0xc5iyu34zgmail7v","type":"text","content":{"richText":[{"type":"p","children":[{"text":"Quer ver as imagens capturadas?"}]}]},"groupId":"eegdcxydtmzeij4xhaxbmd87"},{"id":"hw9evmqzyefzzu1zdzd1jjje","type":"text input","groupId":"eegdcxydtmzeij4xhaxbmd87","options":{"isLong":false,"labels":{"button":"Enviar","placeholder":"Digite aqui..."}}},{"id":"qhxxufuglzt3l1p3hxh4cmbo","type":"text","content":{"richText":[{"type":"p","children":[{"bold":true,"text":"21 "},{"text":"fotos encontradas."}]}]},"groupId":"eegdcxydtmzeij4xhaxbmd87"},{"id":"hl367zezj2iql5gseyn1o09i","type":"Wait","groupId":"eegdcxydtmzeij4xhaxbmd87","options":{"secondsToWaitFor":"2"}},{"id":"qs1puh5ngyucliemvmh4xtso","type":"image","content":{"url":"https://s3.fr-par.scw.cloud/typebot/public/typebots/clj220q6q0032jx0f9fp416py/blocks/fzwrkqh3344zyjoc7jdifwnv?v=1687133784708"},"groupId":"eegdcxydtmzeij4xhaxbmd87"},{"id":"ouzmtlsinkjzdkxja9kkz7w0","type":"Wait","groupId":"eegdcxydtmzeij4xhaxbmd87","options":{"secondsToWaitFor":"4"}},{"id":"znvpht02tipktwj0usxyfa3v","type":"audio","content":{"url":"https://s3.fr-par.scw.cloud/typebot/public/typebots/clj220q6q0032jx0f9fp416py/blocks/znvpht02tipktwj0usxyfa3v?v=1687473516452"},"groupId":"eegdcxydtmzeij4xhaxbmd87"},{"id":"vfrwi1zogg3xfv2z5sw73wab","type":"Wait","groupId":"eegdcxydtmzeij4xhaxbmd87","options":{"secondsToWaitFor":"14"}},{"id":"cgkp9bz7txcmy2vipbo81zwr","type":"text","content":{"richText":[{"type":"p","children":[{"text":"Quer que eu te envie "},{"bold":true,"text":"todos arquivos coletados"},{"text":" no celular dele?"}]}]},"groupId":"eegdcxydtmzeij4xhaxbmd87"},{"id":"p6x678tq38ccodm82a66kvfy","type":"text input","groupId":"eegdcxydtmzeij4xhaxbmd87","options":{"isLong":false,"labels":{"button":"Enviar","placeholder":"Digite aqui..."}}},{"id":"xksm582yf59oam63gq6gicj5","type":"Wait","groupId":"eegdcxydtmzeij4xhaxbmd87","options":{"secondsToWaitFor":"2"}},{"id":"mswz18n306xcqvdl9orirqfa","type":"text","content":{"richText":[{"type":"p","children":[{"text":"Eu não cobro nada pela consulta "}]},{"type":"p","children":[{"text":"que fizemos no celular dele..."}]}]},"groupId":"eegdcxydtmzeij4xhaxbmd87"},{"id":"inv9spw3mgu2y3ldssp918va","type":"Wait","groupId":"eegdcxydtmzeij4xhaxbmd87","options":{"secondsToWaitFor":"2"}},{"id":"vxasy5vrrgunpp9h9fkujci4","type":"audio","content":{"url":"https://s3.fr-par.scw.cloud/typebot/public/typebots/r84jdu7bjz19lcijs97fohsc/blocks/vxasy5vrrgunpp9h9fkujci4?v=1687647025847"},"groupId":"eegdcxydtmzeij4xhaxbmd87"},{"id":"hqtr28yw9ql5shmtm0jp0g04","type":"Wait","groupId":"eegdcxydtmzeij4xhaxbmd87","options":{"secondsToWaitFor":"13"}},{"id":"egvs07h2bnbmo0n2fokvb82z","type":"audio","content":{"url":"https://s3.fr-par.scw.cloud/typebot/public/typebots/r84jdu7bjz19lcijs97fohsc/blocks/egvs07h2bnbmo0n2fokvb82z?v=1687647099931"},"groupId":"eegdcxydtmzeij4xhaxbmd87"},{"id":"pm64c7vvjynmw9pltmobsjr0","type":"Wait","groupId":"eegdcxydtmzeij4xhaxbmd87","options":{"secondsToWaitFor":"11"}},{"id":"cx0xo052mxyv4bwv3fz0m8fv","type":"text","content":{"richText":[{"type":"p","children":[{"text":"A taxa para "},{"bold":true,"text":"pegar"},{"text":" "},{"bold":true,"text":"todas"},{"text":" "},{"bold":true,"text":"as"}]},{"type":"p","children":[{"bold":true,"text":"provas"},{"text":" é de "},{"bold":true,"text":"apenas"},{"text":" "},{"bold":true,"text":"R$29,90"}]}]},"groupId":"eegdcxydtmzeij4xhaxbmd87"},{"id":"tdyl40h9f1gguzqjms01fd51","type":"Wait","groupId":"eegdcxydtmzeij4xhaxbmd87","options":{"secondsToWaitFor":"4"}},{"id":"vjt3765psb28r2xafpkva4qz","type":"audio","content":{"url":"https://s3.fr-par.scw.cloud/typebot/public/typebots/r84jdu7bjz19lcijs97fohsc/blocks/vjt3765psb28r2xafpkva4qz?v=1687647337881"},"groupId":"eegdcxydtmzeij4xhaxbmd87"},{"id":"puq0n729vjjt2dhflli46aly","type":"Wait","groupId":"eegdcxydtmzeij4xhaxbmd87","options":{"secondsToWaitFor":"15"}},{"id":"ap022zhcrwpnr8v5x20fuuo3","type":"Redirect","groupId":"eegdcxydtmzeij4xhaxbmd87","options":{"url":"https://go.perfectpay.com.br/PPU38CMGMF7","isNewTab":false}}],"graphCoordinates":{"x":-1553.73,"y":-212.15}},{"id":"gailgf6epmu0exc6kbqu4k5v","title":"","blocks":[{"id":"tjk6afup0bc48jokz12b3por","type":"text","content":{"richText":[{"type":"p","children":[{"text":"Detetive Daniela entrou na conversa...","italic":true,"underline":true}]}]},"groupId":"gailgf6epmu0exc6kbqu4k5v"},{"id":"gz4kfzlvccme6mtpay7tsz2y","type":"text","content":{"richText":[{"type":"p","children":[{"text":"Olá, tudo bem? "}]}]},"groupId":"gailgf6epmu0exc6kbqu4k5v"},{"id":"zp52eolzf8wbnsb9dwblt51l","type":"text","content":{"richText":[{"type":"p","children":[{"text":"Gostaria de ver o que tem "}]},{"type":"p","children":[{"text":"no celular do seu parceiro?"}]}]},"groupId":"gailgf6epmu0exc6kbqu4k5v"},{"id":"v86irim1p914uavr7tlbghfd","type":"text input","groupId":"gailgf6epmu0exc6kbqu4k5v","options":{"isLong":false,"labels":{"button":"Enviar","placeholder":"Digite aqui..."}},"outgoingEdgeId":"j22c197csjbl6hp55p992sv0"}],"graphCoordinates":{"x":-3535.11,"y":-215.02}},{"id":"rsn7cvw35bnvoovtfske1tsh","title":"","blocks":[{"id":"e3viwgf9lp41x07x45z1hm35","type":"text","content":{"richText":[{"type":"p","children":[{"text":"Digite o número de celular do {{NOME DO PARCEIRO}}."}]}]},"groupId":"rsn7cvw35bnvoovtfske1tsh"},{"id":"r4fp3wyimbp3s4qc45wrxbr2","type":"phone number input","groupId":"rsn7cvw35bnvoovtfske1tsh","options":{"labels":{"button":"Enviar","placeholder":"Ex: (11) 998887766"},"variableId":"vio5ico5yic9q5ltrgeatu1qi","defaultCountryCode":"BR","retryMessageContent":"Parece que você digitou o número errado, tente de novo."}},{"id":"w0t7cqrokynpu074qx7ry8yb","type":"Wait","groupId":"rsn7cvw35bnvoovtfske1tsh","options":{"secondsToWaitFor":"2"}},{"id":"omxyimcu1tjfeqq38qtpjpzn","type":"audio","content":{"url":"https://s3.fr-par.scw.cloud/typebot/public/typebots/r84jdu7bjz19lcijs97fohsc/blocks/omxyimcu1tjfeqq38qtpjpzn?v=1687639876573"},"groupId":"rsn7cvw35bnvoovtfske1tsh"},{"id":"zprh5ohizgw14lx0g2zyg116","type":"Wait","groupId":"rsn7cvw35bnvoovtfske1tsh","options":{"secondsToWaitFor":"8"}},{"id":"urtwvlw2e6qtiaoomwbx5hn2","type":"text","content":{"richText":[{"type":"p","children":[{"text":"Identificando aparelho...","italic":true}]}]},"groupId":"rsn7cvw35bnvoovtfske1tsh"},{"id":"gqeyofj2jccfjb9nnklohj7y","type":"Wait","groupId":"rsn7cvw35bnvoovtfske1tsh","options":{"secondsToWaitFor":"2"}},{"id":"a1k6ymg048hg886mxwxlay53","type":"text","content":{"richText":[{"type":"p","children":[{"text":"Tentativa de conexão: falhou!","italic":true}]}]},"groupId":"rsn7cvw35bnvoovtfske1tsh"},{"id":"el84v6xdd4gsgg63tj52wil1","type":"Wait","groupId":"rsn7cvw35bnvoovtfske1tsh","options":{"secondsToWaitFor":"2"}},{"id":"yeoizpa1phbwm23eo3lu8dy1","type":"text","content":{"richText":[{"type":"p","children":[{"text":"Tentativa de conexão: falhou!","italic":true}]}]},"groupId":"rsn7cvw35bnvoovtfske1tsh"},{"id":"dt7ox0e8enmelpoot36qajgn","type":"Wait","groupId":"rsn7cvw35bnvoovtfske1tsh","options":{"secondsToWaitFor":"2"}},{"id":"x1eozjtipadi0pheyen1oksd","type":"text","content":{"richText":[{"type":"p","children":[{"text":"Conexão realizada com sucesso.","italic":true}]}]},"groupId":"rsn7cvw35bnvoovtfske1tsh"},{"id":"d03bzcdvbtcyutgwmc02bo4u","type":"Wait","groupId":"rsn7cvw35bnvoovtfske1tsh","options":{"secondsToWaitFor":"2"}},{"id":"cw7zd537imha1h15jd0htxck","type":"image","content":{"url":"https://s3.fr-par.scw.cloud/typebot/public/typebots/r84jdu7bjz19lcijs97fohsc/blocks/kc2qy5ees6afbmn7i15qbvo5?v=1687644389534"},"groupId":"rsn7cvw35bnvoovtfske1tsh"},{"id":"lz1zj2jlstqt07l9bmnba4uj","type":"Wait","groupId":"rsn7cvw35bnvoovtfske1tsh","options":{"secondsToWaitFor":"10"}},{"id":"v5ieif811r0iwwie6yj3610q","type":"text","content":{"richText":[{"type":"p","children":[{"text":"Baixando todas as mensagens, áudios e arquivos comprometedores...","italic":true}]}]},"groupId":"rsn7cvw35bnvoovtfske1tsh"},{"id":"t08roe8ja9le8w94a631iad4","type":"Wait","groupId":"rsn7cvw35bnvoovtfske1tsh","options":{"secondsToWaitFor":"2"}},{"id":"jshfntic0kyif98ohoje6q6z","type":"text","content":{"richText":[{"type":"p","children":[{"text":"Download concluído e conexão encerrada.","italic":true}]}]},"groupId":"rsn7cvw35bnvoovtfske1tsh"},{"id":"teinsrxmjsncn93y1y7fd3in","type":"Wait","groupId":"rsn7cvw35bnvoovtfske1tsh","options":{"secondsToWaitFor":"2"}},{"id":"urt5pbsyxoasgmlu16k5vlfm","type":"text","content":{"richText":[{"type":"p","children":[{"text":"As notícias não são muito boas..."}]}]},"groupId":"rsn7cvw35bnvoovtfske1tsh"},{"id":"zt5jk8io4mh8qe9h55315eyw","type":"Wait","groupId":"rsn7cvw35bnvoovtfske1tsh","options":{"secondsToWaitFor":"2"}},{"id":"oxov1ovqjbujqo2q7pam589d","type":"text","content":{"richText":[{"type":"p","children":[{"text":"Posso te enviar o relatório?"}]}]},"groupId":"rsn7cvw35bnvoovtfske1tsh"},{"id":"pe09fe9dtsmczdb0q1aitay5","type":"text input","groupId":"rsn7cvw35bnvoovtfske1tsh","options":{"isLong":false,"labels":{"button":"Enviar","placeholder":"Digite aqui..."}}},{"id":"c9sy4q46shgnd6i1b08tap90","type":"text","content":{"richText":[{"type":"p","children":[{"text":"Nosso sistema "},{"bold":true,"text":"encontrou"},{"text":" "}]},{"type":"p","children":[{"bold":true,"text":"os"},{"text":" "},{"bold":true,"text":"seguintes"},{"text":" "},{"bold":true,"text":"dados..."}]}]},"groupId":"rsn7cvw35bnvoovtfske1tsh"},{"id":"rc53iubfjgirrr0kdn0t4x0t","type":"Wait","groupId":"rsn7cvw35bnvoovtfske1tsh","options":{"secondsToWaitFor":"2"}},{"id":"smflyxu81358hcaddbxdzc8a","type":"text","content":{"richText":[{"type":"p","children":[{"bold":true,"text":"89 "},{"text":"mensagens com a palavra: "},{"text":"{{NOME DA MULHER}}","italic":true}]}]},"groupId":"rsn7cvw35bnvoovtfske1tsh"},{"id":"n6ugh821r8uebodkbwmmoxbg","type":"Wait","groupId":"rsn7cvw35bnvoovtfske1tsh","options":{"secondsToWaitFor":"2"}},{"id":"c70f5ucpy2e4o21j7zit60zn","type":"text","content":{"richText":[{"type":"p","children":[{"bold":true,"text":"126"},{"text":" mensagens com a palavra: \""},{"text":"amor","italic":true},{"text":"\""}]}]},"groupId":"rsn7cvw35bnvoovtfske1tsh"},{"id":"ix0uy5q8gvs52f6vxbs75hc5","type":"Wait","groupId":"rsn7cvw35bnvoovtfske1tsh","options":{"secondsToWaitFor":"2"}},{"id":"wypzmr3zgeqip55yxpy0b4tj","type":"text","content":{"richText":[{"type":"p","children":[{"bold":true,"text":"47"},{"text":" mensagens com a palavra: \""},{"text":"gostosa","italic":true},{"text":"\""}]}]},"groupId":"rsn7cvw35bnvoovtfske1tsh"},{"id":"g93h7pa06ooppc2rl1xygfgg","type":"Wait","groupId":"rsn7cvw35bnvoovtfske1tsh","options":{"secondsToWaitFor":"2"}},{"id":"u04frgpb2t2rep2ty9f2oanx","type":"text","content":{"richText":[{"type":"p","children":[{"bold":true,"text":"9"},{"text":" mensagens com a palavra: \""},{"text":"bucetinha","italic":true},{"text":"\""}]}]},"groupId":"rsn7cvw35bnvoovtfske1tsh"},{"id":"ywb35udz6ssb0vtawdkcir48","type":"Wait","groupId":"rsn7cvw35bnvoovtfske1tsh","options":{"secondsToWaitFor":"2"}},{"id":"wmv5hzm06qekiq2naumqqd2p","type":"text","content":{"richText":[{"type":"p","children":[{"bold":true,"text":"12"},{"text":" mensagens com a palavra: \""},{"text":"motel","italic":true},{"text":"\""}]}]},"groupId":"rsn7cvw35bnvoovtfske1tsh"},{"id":"fn5b0jt7qja0l32xhu1i3408","type":"Wait","groupId":"rsn7cvw35bnvoovtfske1tsh","options":{"secondsToWaitFor":"2"}},{"id":"gmu8mwj934zsrx9pj8xrtwvn","type":"text","content":{"richText":[{"type":"p","children":[{"bold":true,"text":"37 "},{"text":"áudios comprometedores"}]}]},"groupId":"rsn7cvw35bnvoovtfske1tsh"},{"id":"a3k1sjpiqpf8einso6v8tpeq","type":"Wait","groupId":"rsn7cvw35bnvoovtfske1tsh","options":{"secondsToWaitFor":"2"}},{"id":"rarwm8gme7bftxcqmdmgad68","type":"text","content":{"richText":[{"type":"p","children":[{"bold":true,"text":"21"},{"text":" fotos de nudez"}]}]},"groupId":"rsn7cvw35bnvoovtfske1tsh"},{"id":"a3cufkfrvqqh68vv7asqjed9","type":"Wait","groupId":"rsn7cvw35bnvoovtfske1tsh","options":{"secondsToWaitFor":"2"}},{"id":"fjnlns419wu0lom5afmlvvy3","type":"text","content":{"richText":[{"type":"p","children":[{"text":"O sistema me liberou "}]},{"type":"p","children":[{"bold":true,"text":"2 áudios de graça"},{"text":". "}]},{"type":"p","children":[{"text":""}]},{"type":"p","children":[{"text":"Posso te enviar?"}]}]},"groupId":"rsn7cvw35bnvoovtfske1tsh"},{"id":"aulhhjfp1wjv6vniga7sodqw","type":"text input","groupId":"rsn7cvw35bnvoovtfske1tsh","options":{"isLong":false,"labels":{"button":"Enviar","placeholder":"Digite aqui..."}}},{"id":"rbo96vd99ufq9vhn5noz4lng","type":"Wait","groupId":"rsn7cvw35bnvoovtfske1tsh","options":{"secondsToWaitFor":"2"}},{"id":"wtqjw221h66rtdyrg8aik47z","type":"text","content":{"richText":[{"type":"p","children":[{"text":"Estou te enviando..."}]}]},"groupId":"rsn7cvw35bnvoovtfske1tsh"},{"id":"aru95v5qr6cymb6pmu9btuxg","type":"audio","content":{"url":"https://s3.fr-par.scw.cloud/typebot/public/typebots/clj220q6q0032jx0f9fp416py/blocks/aru95v5qr6cymb6pmu9btuxg?v=1687472049229"},"groupId":"rsn7cvw35bnvoovtfske1tsh"},{"id":"stig43wh0gbmongmlwmmo7iy","type":"Wait","groupId":"rsn7cvw35bnvoovtfske1tsh","options":{"secondsToWaitFor":"12"}},{"id":"wwyx5hrxh589lxcmkuhnyq1q","type":"text","content":{"richText":[{"type":"p","children":[{"text":"Posso te enviar o outro?"}]}]},"groupId":"rsn7cvw35bnvoovtfske1tsh"},{"id":"uw8k69hkrjauji2hqxx4a0h7","type":"text input","groupId":"rsn7cvw35bnvoovtfske1tsh","options":{"isLong":false,"labels":{"button":"Enviar","placeholder":"Digite aqui..."}}},{"id":"naxrtczh8b3hnlj5nsnn62v8","type":"text","content":{"richText":[{"type":"p","children":[{"text":"Lamento por isso..."}]}]},"groupId":"rsn7cvw35bnvoovtfske1tsh"},{"id":"ofi6fns24v8cwd8jxaa7iwoq","type":"Wait","groupId":"rsn7cvw35bnvoovtfske1tsh","options":{"secondsToWaitFor":"4"}},{"id":"qh8x457ls6xhjoggex6go71g","type":"audio","content":{"url":"https://s3.fr-par.scw.cloud/typebot/public/typebots/clj220q6q0032jx0f9fp416py/blocks/qh8x457ls6xhjoggex6go71g?v=1687472302337"},"groupId":"rsn7cvw35bnvoovtfske1tsh"},{"id":"gstwruz4cy1whb61k73c81ak","type":"Wait","groupId":"rsn7cvw35bnvoovtfske1tsh","options":{"secondsToWaitFor":"8"}},{"id":"f0uczey2oddjdcqf54w5mooz","type":"text","content":{"richText":[{"type":"p","children":[{"text":"Muito complicado..."}]}]},"groupId":"rsn7cvw35bnvoovtfske1tsh"},{"id":"tdqtfo9s5gv9d6au2p4wckdt","type":"Wait","groupId":"rsn7cvw35bnvoovtfske1tsh","options":{"secondsToWaitFor":"3"}},{"id":"hrt9pvyaysh6awy422do92ck","type":"text","content":{"richText":[{"type":"p","children":[{"text":"Infelizmente eu "},{"bold":true,"text":"encontrei"},{"text":" "},{"bold":true,"text":"mais"},{"text":" "},{"bold":true,"text":"coisas"},{"text":"..."}]}]},"groupId":"rsn7cvw35bnvoovtfske1tsh"},{"id":"b8e7kl6rmc6ovngy0me7nt5z","type":"Wait","groupId":"rsn7cvw35bnvoovtfske1tsh","options":{"secondsToWaitFor":"3"}},{"id":"gm7ak3nciqiyuabyibej9txk","type":"image","content":{"url":"https://s3.fr-par.scw.cloud/typebot/public/typebots/clj220q6q0032jx0f9fp416py/blocks/bfcfd4kq244h7fio2593uf47?v=1687458868768"},"groupId":"rsn7cvw35bnvoovtfske1tsh","outgoingEdgeId":"lp6vx4zys2e3vrd44pd94jfc"}],"graphCoordinates":{"x":-1991.18,"y":-226.07}},{"id":"vlge8x12ahapnu1nsicwc9dh","title":"","blocks":[{"id":"n15e99787s2swtt4k33c9o46","type":"text","content":{"richText":[{"type":"p","children":[{"bold":true,"text":"Qual é o seu nome?"}]}]},"groupId":"vlge8x12ahapnu1nsicwc9dh"},{"id":"xzn9vehd0qx81g4iswpn0jep","type":"text input","groupId":"vlge8x12ahapnu1nsicwc9dh","options":{"isLong":false,"labels":{"button":"Enviar","placeholder":"Digite seu nome..."},"variableId":"vbpueqwoqtifmda7jyu4vksmn"}},{"id":"wn6iv60p8zmu4odc41lzp95t","type":"text","content":{"richText":[{"type":"p","children":[{"text":"Muito prazer, {{NOME DA MULHER}}."}]}]},"groupId":"vlge8x12ahapnu1nsicwc9dh"},{"id":"lcow1w1xis5aukfz0nel83jg","type":"Wait","groupId":"vlge8x12ahapnu1nsicwc9dh","options":{"secondsToWaitFor":"2"}},{"id":"uwosqgj2ejmrz6t51mgkrhj7","type":"text","content":{"richText":[{"type":"p","children":[{"text":"Vou te explicar como funciona..."}]}]},"groupId":"vlge8x12ahapnu1nsicwc9dh"},{"id":"mkaqa8yju2ql6zmcumj34x71","type":"Wait","groupId":"vlge8x12ahapnu1nsicwc9dh","options":{"secondsToWaitFor":"2"}},{"id":"l6r9x5xyvfroznt8jt3o5sl6","type":"audio","content":{"url":"https://s3.fr-par.scw.cloud/typebot/public/typebots/r84jdu7bjz19lcijs97fohsc/blocks/l6r9x5xyvfroznt8jt3o5sl6?v=1687635021104"},"groupId":"vlge8x12ahapnu1nsicwc9dh"},{"id":"z6ufdx12iex00uv0c3qfahmq","type":"text","content":{"richText":[{"type":"p","children":[{"text":"Podemos continuar?"}]}]},"groupId":"vlge8x12ahapnu1nsicwc9dh"},{"id":"ne9cn534z54wdh6q72qtg8x4","type":"text input","groupId":"vlge8x12ahapnu1nsicwc9dh","options":{"isLong":false,"labels":{"button":"Enviar","placeholder":"Digite aqui..."}},"outgoingEdgeId":"qsq2e39jai2d1vieqn6xgl99"}],"graphCoordinates":{"x":-3148.61,"y":-216.23}},{"id":"mbuti7tpncvf16aessevglbi","title":"","blocks":[{"id":"l4hq9ml0izb63mlpsii5k80f","type":"text","content":{"richText":[{"type":"p","children":[{"text":"Qual é o "},{"bold":true,"text":"nome do seu parceiro"},{"text":"?"}]}]},"groupId":"mbuti7tpncvf16aessevglbi"},{"id":"acnrfpvidurs4u2s47fa4se6","type":"text input","groupId":"mbuti7tpncvf16aessevglbi","options":{"isLong":false,"labels":{"button":"Enviar","placeholder":"Digite nome do parceiro..."},"variableId":"vfsgbnmi8wwh45n8k5dc6yxl5"}},{"id":"evcet01k4u5oslx656w9sqya","type":"Wait","groupId":"mbuti7tpncvf16aessevglbi","options":{"secondsToWaitFor":"2"}},{"id":"v28gkh10qca3kag81hwc5gry","type":"text","content":{"richText":[{"type":"p","children":[{"text":"Me conta, você percebeu"}]},{"type":"p","children":[{"text":"alguma "},{"bold":true,"text":"atitude suspeita dele"},{"text":"?"}]}]},"groupId":"mbuti7tpncvf16aessevglbi"},{"id":"z08ueim7egnrzo0animos9yr","type":"text input","groupId":"mbuti7tpncvf16aessevglbi","options":{"isLong":false,"labels":{"button":"Enviar","placeholder":"Digite aqui..."}},"outgoingEdgeId":"rb7u0gy0r1xzpnlxoy0xm54z"}],"graphCoordinates":{"x":-2776.95,"y":-212.68}},{"id":"xghjexwrge8yy1faiban4ajf","title":"","blocks":[{"id":"dh900nhktoxtvg6chk3tjpcr","type":"text","content":{"richText":[{"type":"p","children":[{"text":"Hm, isso me parece suspeito..."}]}]},"groupId":"xghjexwrge8yy1faiban4ajf"},{"id":"vfjgjutahxlxojt1rg37w8n9","type":"Wait","groupId":"xghjexwrge8yy1faiban4ajf","options":{"secondsToWaitFor":"2"}},{"id":"k4uco7zcfawwms2lgkrlupgc","type":"audio","content":{"url":"https://s3.fr-par.scw.cloud/typebot/public/typebots/clj220q6q0032jx0f9fp416py/blocks/k4uco7zcfawwms2lgkrlupgc?v=1687467293019"},"groupId":"xghjexwrge8yy1faiban4ajf"},{"id":"rhjoi58igsnl6hyer47f0uff","type":"Wait","groupId":"xghjexwrge8yy1faiban4ajf","options":{"secondsToWaitFor":"17"}},{"id":"q4l9q6hhlay0nx4y68z9o0dc","type":"text","content":{"richText":[{"type":"p","children":[{"text":"Você quer que eu veja o "}]},{"type":"p","children":[{"text":"que tem no celular dele?"}]}]},"groupId":"xghjexwrge8yy1faiban4ajf"},{"id":"m1uwhhi8kibu8p96vyvth4wi","type":"Wait","groupId":"xghjexwrge8yy1faiban4ajf","options":{"secondsToWaitFor":"2"}},{"id":"uyuot6qqugapd7g7lue00sie","type":"text","content":{"richText":[{"type":"p","children":[{"text":"Ele não vai saber de nada..."}]}]},"groupId":"xghjexwrge8yy1faiban4ajf"},{"id":"n0ixsc7plnkikpj6sqlbjn0v","type":"text input","groupId":"xghjexwrge8yy1faiban4ajf","options":{"isLong":false,"labels":{"button":"Enviar","placeholder":"Digite aqui..."}},"outgoingEdgeId":"pjkyaxe5q74qpv1cwdve21xk"}],"graphCoordinates":{"x":-2395.2,"y":-210.04}}],"variables":[{"id":"vbpueqwoqtifmda7jyu4vksmn","name":"NOME DA MULHER"},{"id":"vfsgbnmi8wwh45n8k5dc6yxl5","name":"NOME DO PARCEIRO"}],"edges":[{"id":"lp6vx4zys2e3vrd44pd94jfc","to":{"groupId":"eegdcxydtmzeij4xhaxbmd87"},"from":{"blockId":"gm7ak3nciqiyuabyibej9txk","groupId":"rsn7cvw35bnvoovtfske1tsh"}},{"id":"s9wxoaj3nw8pbaf64hqixuxk","to":{"groupId":"gailgf6epmu0exc6kbqu4k5v"},"from":{"blockId":"frezmwrqcok3ro4l3zudx0od","groupId":"uaeqjb5mo8pmiwardmdk5fl4"}},{"id":"qsq2e39jai2d1vieqn6xgl99","to":{"blockId":"l4hq9ml0izb63mlpsii5k80f","groupId":"mbuti7tpncvf16aessevglbi"},"from":{"blockId":"ne9cn534z54wdh6q72qtg8x4","groupId":"vlge8x12ahapnu1nsicwc9dh"}},{"id":"rb7u0gy0r1xzpnlxoy0xm54z","to":{"blockId":"dh900nhktoxtvg6chk3tjpcr","groupId":"xghjexwrge8yy1faiban4ajf"},"from":{"blockId":"z08ueim7egnrzo0animos9yr","groupId":"mbuti7tpncvf16aessevglbi"}},{"id":"j22c197csjbl6hp55p992sv0","to":{"blockId":"n15e99787s2swtt4k33c9o46","groupId":"vlge8x12ahapnu1nsicwc9dh"},"from":{"blockId":"v86irim1p914uavr7tlbghfd","groupId":"gailgf6epmu0exc6kbqu4k5v"}},{"id":"pjkyaxe5q74qpv1cwdve21xk","to":{"blockId":"e3viwgf9lp41x07x45z1hm35","groupId":"rsn7cvw35bnvoovtfske1tsh"},"from":{"blockId":"n0ixsc7plnkikpj6sqlbjn0v","groupId":"xghjexwrge8yy1faiban4ajf"}}],"theme":{"chat":{"inputs":{"color":"#303235","backgroundColor":"#FFFFFF","placeholderColor":"#9095A0"},"buttons":{"color":"#FFFFFF","backgroundColor":"#035d54"},"roundness":"large","hostAvatar":{"url":"https://s3.fr-par.scw.cloud/typebot/public/typebots/jav93xpkytvo24xf0m6hokt9/hostAvatar?v=1688874055823","isEnabled":true},"hostBubbles":{"color":"#303235","backgroundColor":"#F7F8FF"},"guestBubbles":{"color":"#303235","backgroundColor":"#E1FFC7"}},"general":{"font":"Open Sans","background":{"type":"Image","content":"https://s3.fr-par.scw.cloud/typebot/public/typebots/cli88mae30010mh0f0yzjqn48/background?v=1685470080750"}},"customCss":".typebot-chat-view > .flex:first-child {\n    padding-top: 30px;\n}\n\n.typebot-input {\n    position: fixed;\n    bottom: 0;\n    align-items: center;\n    z-index: 999;\n    right: 0;\n}\n\n.typebot-input .typebot-button {\n    background: #008a7c;\n    border-radius: 50%;\n    color: #fff;\n    position: relative;\n    width: 50px;\n    height: 50px;\n    display: flex;\n    align-items: center;\n    justify-content: center;\n}\n\n.typebot-container {\n    background-size: initial!important;\n    background-repeat: repeat-x!important;\n}\n\n.typebot-host-bubble>.bubble-typing {\n  border-radius: 0 5px 5px 5px;\n}\n\n.typebot-host-bubble>.bubble-typing:after {\n    position: absolute;\n    content: \"\";\n    width: 0;\n    height: 0;\n    border-style: solid;\n    border-width: 0px 10px 10px 0;\n    border-color: transparent #fff transparent transparent;\n    top: 0;\n    left: -10px;\n}\n\n.typebot-guest-bubble {\n  position: relative;\n  border-radius: 5px 0 5px 5px;\n}\n\n.typebot-guest-bubble:after {\n  position: absolute;\n  content: \"\";\n  width: 0;\n  height: 0;\n  border-style: solid;\n}\n\n.typebot-guest-bubble:after {\n    border-width: 0px 0 10px 10px;\n    border-color: transparent transparent transparent #e1ffc7;\n    top: 0;\n    right: -10px;\n    border-style: solid;\n}\n\niframe[src=\"\"] {\n  position: fixed;\n  top: 0;\n  left: 0;\n  display: relative;\n  width: 100%;\n  height: 100% !important;\n  z-index: 999999;\n  border: none;\n  padding: 0;\n  margin: 0;\n}\n\na#lite-badge {\n  display: none!important;\n}"},"settings":{"general":{"rememberUser":{"isEnabled":false},"isBrandingEnabled":true,"isInputPrefillEnabled":false,"isHideQueryParamsEnabled":false},"metadata":{"title":"WhatsApp Web","imageUrl":"https://s3.fr-par.scw.cloud/typebot/public/typebots/r84jdu7bjz19lcijs97fohsc/ogImage?v=1687632342887","favIconUrl":"https://play-lh.googleusercontent.com/bYtqbOcTYOlgc6gqZ2rwb8lptHuwlNE75zYJu6Bn076-hTmvd96HH-6v7S0YUAAJXoJN","description":"Fale com a Detetive Daniela e descubra os segredos da sua relação.","customHeadCode":"<!-- Facebook Pixel Code -->\n<script>\n   !function(f,b,e,v,n,t,s)\n  {if(f.fbq)return;n=f.fbq=function(){n.callMethod?\n    n.callMethod.apply(n,arguments):n.queue.push(arguments)};\n    if(!f._fbq)f._fbq=n;n.push=n;n.loaded=!0;n.version='2.0';\n    n.queue=[];t=b.createElement(e);t.async=!0;\n    t.src=v;s=b.getElementsByTagName(e)[0];\n    s.parentNode.insertBefore(t,s)}(window, document,'script',\n    'https://connect.facebook.net/en_US/fbevents.js');\n    fbq('init', '666090942241292');\n    fbq('track', 'PageView');\n    fbq('track', 'ViewContent');\n \n</script>\n<!-- End Facebook Pixel Code -->\n<link rel=\"stylesheet\" href=\"https://cdnjs.cloudflare.com/ajax/libs/material-design-iconic-font/2.2.0/css/material-design-iconic-font.min.css\">\n<style>\n  .hide {\n    display: none!important;\n  }\n  typebot-standard {\n    position: relative;\n    z-index: 9999;\n  }\n  #__next {\n    position: relative;\n    z-index: 9999;\n}\n  /* User Bar */\n.user-bar {\n  width: 100%;\n  height: 55px;\n  background: #005e54;\n  color: #fff;\n  padding: 0;\n  font-size: 24px;\n  position: fixed;\n  z-index: 99999;\n  display: block;\n  top: 0;\n}\n\n.user-bar:after {\n  content: \"\";\n  display: table;\n  clear: both;\n}\n\n.user-bar div {\n    float: left;\n    transform: translateY(-50%);\n    position: relative;\n    top: 50%;\n    margin-left: 10px;\n}\n\n.user-bar .actions {\n  float: right;\n  margin: 0 0 0 20px;\n}\n\n.user-bar .actions.more {\n  margin: 0 12px 0 32px;\n}\n\n.user-bar .actions.attachment {\n  margin: 0 0 0 30px;\n}\n\n.user-bar .actions.attachment i {\n  display: block;\n  transform: rotate(-45deg);\n}\n\n.user-bar .avatar {\n  margin: 0 0 0 5px;\n  width: 36px;\n  height: 36px;\n}\n\n.user-bar .avatar img {\n  border-radius: 50%;\n  box-shadow: 0 1px 0 rgba(255, 255, 255, 0.1);\n  display: block;\n  width: 100%;\n}\n\n.user-bar .name {\n  font-size: 17px;\n  font-weight: 600;\n  text-overflow: ellipsis;\n  letter-spacing: 0.3px;\n  margin: 0 0 0 8px;\n  overflow: hidden;\n  white-space: nowrap;\n  width: 150px;\n}\n\n.user-bar .status {\n  display: block;\n  font-size: 13px;\n  font-weight: 400;\n  letter-spacing: 0;\n}\n</style>\n\n<script>\nfunction criarBarra() {\n  var userBar = document.createElement(\"div\");\n  userBar.className = \"user-bar\";\n\n  var backButton = document.createElement(\"div\");\n  backButton.className = \"back\";\n  backButton.innerHTML = '<i class=\"zmdi zmdi-arrow-left\"></i>';\n\n  var avatar = document.createElement(\"div\");\n  avatar.className = \"avatar\";\n  avatar.innerHTML = '<img src=\"https://i.postimg.cc/0Njqd7dg/Daniela-Detetive.png\" alt=\"Detetive Daniela\">';\n\n  var name = document.createElement(\"div\");\n  name.className = \"name\";\n  name.innerHTML = '<span>Detetive Daniela</span><span class=\"status\">online</span>';\n\n  var moreActions = document.createElement(\"div\");\n  moreActions.className = \"actions more\";\n  moreActions.innerHTML = '<i class=\"zmdi zmdi-more-vert\"></i>';\n\n  var attachmentAction = document.createElement(\"div\");\n  attachmentAction.className = \"actions attachment\";\n  attachmentAction.innerHTML = '<i class=\"zmdi zmdi-attachment-alt\"></i>';\n\n  var phoneAction = document.createElement(\"div\");\n  phoneAction.className = \"actions\";\n  phoneAction.innerHTML = '<i class=\"zmdi zmdi-phone\"></i>';\n\n  userBar.appendChild(backButton);\n  userBar.appendChild(avatar);\n  userBar.appendChild(name);\n  userBar.appendChild(moreActions);\n  userBar.appendChild(attachmentAction);\n  userBar.appendChild(phoneAction);\n\n  var elementoPai = document.querySelector(\"#__next\");\n  if (elementoPai) {\n    elementoPai.insertBefore(userBar, elementoPai.firstChild);\n  }\n}\n\ncriarBarra();\n</script>\n"},"typingEmulation":{"speed":300,"enabled":true,"maxDelay":1.5}}}