{"id":"clkhcey2i00baju0f2nivtdip","version":"3","groups":[{"id":"fe8n0r3afrviafynafc3bz8e","title":"Start","blocks":[{"id":"z8nzlhyo79ypk29a9ast0wn9","type":"start","label":"Start","groupId":"fe8n0r3afrviafynafc3bz8e","outgoingEdgeId":"hsvo479euet93hz6u3es5tqo"}],"graphCoordinates":{"x":-11,"y":-89}},{"id":"yggy816zbmsqvs2iwaunly3p","title":"Group #1","blocks":[{"id":"i0zct7oqeqt4rxlxfnb4abuv","type":"text","content":{"richText":[{"type":"p","children":[{"text":"Detetive Patrícia entrou na conversa...","underline":true},{"text":"\n"}]}]},"groupId":"yggy816zbmsqvs2iwaunly3p","outgoingEdgeId":"tc5cdyohg39lsyqnd23nymd4"}],"graphCoordinates":{"x":338,"y":-76}},{"id":"oct470ti4aerq389st2665re","title":"Group #1 copy","blocks":[{"id":"yzoffauspdydbahs0xciwe36","type":"text","content":{"richText":[{"type":"p","children":[{"text":"Olá, tudo bem?"}]}]},"groupId":"oct470ti4aerq389st2665re","outgoingEdgeId":"ck5rlefip3sius39o4q0y7a5"}],"graphCoordinates":{"x":858,"y":73.5}},{"id":"yj4nn9vry8if1haxe9wzpj0n","title":"Group #1 copy copy","blocks":[{"id":"fi3ttyh6c6xpwmx7vnprd8r1","type":"text","content":{"richText":[{"type":"p","children":[{"text":"Gostaria de ver o que tem no celular do seu parceiro?"}]}]},"groupId":"yj4nn9vry8if1haxe9wzpj0n","outgoingEdgeId":"lvn4n9ag1obfo9smqe1n4hdi"}],"graphCoordinates":{"x":345,"y":242}},{"id":"tmvtvppuj3ivp03d5og0kj3h","title":"Group #4","blocks":[{"id":"j4macwtgnv9jyhslhyoz35u6","type":"text input","groupId":"tmvtvppuj3ivp03d5og0kj3h","options":{"isLong":false,"labels":{"button":"Enviar","placeholder":"responda aqui.."}},"outgoingEdgeId":"y8zoqeze65jgpzrz59faq3sd"}],"graphCoordinates":{"x":411.5,"y":463.88}},{"id":"yaxumf3f2paefvuoqsn5clyt","title":"Group #5","blocks":[{"id":"unufhy50j0h2oghdl3dzcxt1","type":"Wait","groupId":"yaxumf3f2paefvuoqsn5clyt","options":{"secondsToWaitFor":"3"},"outgoingEdgeId":"vx5zowyfogla1z135oplmi9y"}],"graphCoordinates":{"x":699,"y":-84.87}},{"id":"xfgnc2zsaeuh7sc8sn88ztrv","title":"Group #6","blocks":[{"id":"l4xbglus8ls6jmwiaozvl7lc","type":"text","content":{"richText":[{"type":"p","children":[{"text":"Qual seu nome ?"}]}]},"groupId":"xfgnc2zsaeuh7sc8sn88ztrv","outgoingEdgeId":"sgjrefkr4xsu22a35ogvjwur"}],"graphCoordinates":{"x":814,"y":492.63}},{"id":"fzb1ije9y56ahbyt846ln662","title":"Group #7","blocks":[{"id":"b7pmhz74pmpl807e5fnkymr3","type":"text input","groupId":"fzb1ije9y56ahbyt846ln662","options":{"isLong":false,"labels":{"button":"Send","placeholder":"Type your answer..."},"variableId":"vt061pdhaowsl0lmqfw90458o"},"outgoingEdgeId":"tuxxp73k1couerz7eadl6b5c"}],"graphCoordinates":{"x":1030.25,"y":660.13}},{"id":"y1uru6h3opn7dinsjw2znq9h","title":"Group #8","blocks":[{"id":"fpdg9nw7d54o9t7303t9trus","type":"text","content":{"richText":[{"type":"p","children":[{"text":"Muito prazer {{nome}}!"}]}]},"groupId":"y1uru6h3opn7dinsjw2znq9h","outgoingEdgeId":"wya4w7zvlyllj2vyjmu5u79u"}],"graphCoordinates":{"x":1385.25,"y":571.38}},{"id":"srq5pwbroiyqpk7cplj73ohc","title":"Group #9","blocks":[{"id":"wq48i0s7ksp8ktakdqjcp0jy","type":"text","content":{"richText":[{"type":"p","children":[{"text":"\nVou te explicar como funciona..."}]}]},"groupId":"srq5pwbroiyqpk7cplj73ohc","outgoingEdgeId":"iow3d2aerelufcjpqpk7cxq5"}],"graphCoordinates":{"x":1626.5,"y":810.13}},{"id":"uk9y0z5c8qqtz8dvdcwtdi6o","title":"Group #10","blocks":[{"id":"ln8bt5jn0sefzmnaoet9zyfb","type":"audio","content":{"url":"https://s3.fr-par.scw.cloud/typebot/public/typebots/clkh9ojg1001qmm0fhla9cfnf/blocks/ln8bt5jn0sefzmnaoet9zyfb?v=1690228378670"},"groupId":"uk9y0z5c8qqtz8dvdcwtdi6o","outgoingEdgeId":"j1oumorqb6nx9me5cma9qv56"}],"graphCoordinates":{"x":1711.5,"y":1038.88}},{"id":"dlzn9cyp8iefb0mvcodg06xj","title":"Group #11","blocks":[{"id":"rq7u1vwvdcjkmfq437z3o3oi","type":"Wait","groupId":"dlzn9cyp8iefb0mvcodg06xj","options":{"secondsToWaitFor":"19"},"outgoingEdgeId":"zd9ex9udtnfegpsnra6hqb4u"}],"graphCoordinates":{"x":1839,"y":1262.63}},{"id":"zucnhvsthaqw3c4kxc2tx9zu","title":"Group #12","blocks":[{"id":"nef7fz4oiqqspgxtg23j0z3v","type":"text","content":{"richText":[{"type":"p","children":[{"text":"\nPodemos continuar?"}]}]},"groupId":"zucnhvsthaqw3c4kxc2tx9zu","outgoingEdgeId":"vnaiun9zg5ip13j0lduio4nm"}],"graphCoordinates":{"x":2070.25,"y":1468.88}},{"id":"dk1swu01ppz38m2d0kp2blrm","title":"Group #13","blocks":[{"id":"nd7h0f7u6995c7kmi6s64n1p","type":"text input","groupId":"dk1swu01ppz38m2d0kp2blrm","options":{"isLong":false,"labels":{"button":"Enviar","placeholder":"responda aqui.."}},"outgoingEdgeId":"mi6lri78do6tcu43yxspzsy6"}],"graphCoordinates":{"x":2392.75,"y":1610.12}},{"id":"tt5ktws32w5ft7csw63pswym","title":"Group #14","blocks":[{"id":"n71w38zws7uwdik77p00vc1z","type":"text","content":{"richText":[{"type":"p","children":[{"text":"Qual é o "},{"bold":true,"text":"nome do seu parceiro"},{"text":"?"}]}]},"groupId":"tt5ktws32w5ft7csw63pswym","outgoingEdgeId":"qfulkdlpp6tcc68sym778hyg"}],"graphCoordinates":{"x":2601.5,"y":1803.88}},{"id":"apjddqoqwra5552penbqch92","title":"Group #15","blocks":[{"id":"ekgk03pb6obw55y2ek4pp9kp","type":"text input","groupId":"apjddqoqwra5552penbqch92","options":{"isLong":false,"labels":{"button":"Enviar","placeholder":"responda aqui.."},"variableId":"vbgimkxt4na1fe086u5mp5v70"},"outgoingEdgeId":"las4tko5w3z6m7zi2pcvugwz"}],"graphCoordinates":{"x":2980.25,"y":1952.63}},{"id":"oyl97ghfvy31r0fpjuhfyo97","title":"Group #16","blocks":[{"id":"p1zttujoi0g5kgyt1fijjjda","type":"text","content":{"richText":[{"type":"p","children":[{"text":"Me conta, você percebeu alguma "},{"bold":true,"text":"atitude suspeita dele"},{"text":"?"}]}]},"groupId":"oyl97ghfvy31r0fpjuhfyo97","outgoingEdgeId":"px4n0nhpkl1513t0bywa26zm"}],"graphCoordinates":{"x":3266.5,"y":2138.87}},{"id":"gzihzire80ger1rjjfkly1kh","title":"Group #17","blocks":[{"id":"xe3s77ig9mftgd1jv0cgqxan","type":"text input","groupId":"gzihzire80ger1rjjfkly1kh","options":{"isLong":false,"labels":{"button":"Enviar","placeholder":"Type your answer..."}},"outgoingEdgeId":"y2wyrfs4ox22esj2js4asam6"}],"graphCoordinates":{"x":3627.75,"y":2365.12}},{"id":"adfrfyx8a4alyv17lpzm7mg0","title":"Group #18","blocks":[{"id":"xkiwhjxklq4slxjtm4z8kpxy","type":"text","content":{"richText":[{"type":"p","children":[{"text":"\nCerto..."}]}]},"groupId":"adfrfyx8a4alyv17lpzm7mg0","outgoingEdgeId":"m4mop709paynuydmo9qquafp"}],"graphCoordinates":{"x":3871.16,"y":2552.38}},{"id":"mg4c3shomfsu3ymsxi2z2cq7","title":"Group #19","blocks":[{"id":"ong19losjyc13kk28yogf4ll","type":"Wait","groupId":"mg4c3shomfsu3ymsxi2z2cq7","options":{"secondsToWaitFor":"4"},"outgoingEdgeId":"auflnw59sx0fma2gnwjvw6xj"}],"graphCoordinates":{"x":4190.25,"y":2703.29}},{"id":"aq7qe43yn5z9ghpwq6j7ewna","title":"Group #20","blocks":[{"id":"asefiwyj4iacpa1lch2djsdb","type":"text","content":{"richText":[{"type":"p","children":[{"text":"\nVocê quer que eu veja o que tem no celular dele?"}]}]},"groupId":"aq7qe43yn5z9ghpwq6j7ewna","outgoingEdgeId":"mj13jcebz9vzwbtghmokf3fr"}],"graphCoordinates":{"x":4445.7,"y":2860.56}},{"id":"ksdoyoiazhmv6dkrccdz7dt7","title":"Group #20 copy","blocks":[{"id":"vqd2f5qx8i0iipp5jqjlmfme","type":"text","content":{"richText":[{"type":"p","children":[{"text":"Ele não vai saber de nada...\n"}]}]},"groupId":"ksdoyoiazhmv6dkrccdz7dt7","outgoingEdgeId":"za8ug98v2qzrmcr9j48up3pw"}],"graphCoordinates":{"x":4675.7,"y":3063.29}},{"id":"o53z4byclbyy9qhulx92s5ai","title":"Group #22","blocks":[{"id":"ls13l4s1ene3oq3mgbz7r4ef","type":"text input","groupId":"o53z4byclbyy9qhulx92s5ai","options":{"isLong":false,"labels":{"button":"Enviar","placeholder":"responda aqui.."}},"outgoingEdgeId":"myl3jlljcvmvbddkwqcmr6w9"}],"graphCoordinates":{"x":5002.07,"y":3268.74}},{"id":"go4c4ovkwpccw8tfvj28828m","title":"Group #24","blocks":[{"id":"zzallfpyyx00qi2jnaco7rmk","type":"text","content":{"richText":[{"type":"p","children":[{"text":"\nDigite o número de celular do {{parceiro}}"}]}]},"groupId":"go4c4ovkwpccw8tfvj28828m","outgoingEdgeId":"al9wxxjcbuqrholhij1vn257"}],"graphCoordinates":{"x":5376.61,"y":3352.38}},{"id":"lurdspcu4nsnpp42gvjmvkt9","title":"Group #24","blocks":[{"id":"gvyrpxoqz3k0yvrn9bla81pu","type":"phone number input","groupId":"lurdspcu4nsnpp42gvjmvkt9","options":{"labels":{"button":"Enviar","placeholder":"Coloque o número certo"},"defaultCountryCode":"BR","retryMessageContent":"This phone number doesn't seem to be valid. Can you type it again?"},"outgoingEdgeId":"ymh9a67xi0c3nd97c9sbef8g"}],"graphCoordinates":{"x":5652.98,"y":3533.29}},{"id":"hcaueo0197ioj6gz9s69ty9g","title":"Group #25","blocks":[{"id":"t9lcd7mt9u298fro302nfrkt","type":"audio","content":{"url":"https://s3.fr-par.scw.cloud/typebot/public/typebots/clkh9ojg1001qmm0fhla9cfnf/blocks/t9lcd7mt9u298fro302nfrkt?v=1690229332830"},"groupId":"hcaueo0197ioj6gz9s69ty9g","outgoingEdgeId":"tk1nlfcickwv61mz3tbd1vhm"}],"graphCoordinates":{"x":5932.98,"y":3714.2}},{"id":"cacdg2n81yizh59qkge78qqg","title":"Group #26","blocks":[{"id":"nirr7s9y7sn15w1lmxcodwhu","type":"Wait","groupId":"cacdg2n81yizh59qkge78qqg","options":{"secondsToWaitFor":"5"},"outgoingEdgeId":"acd979hvctw6fpodalvqxqzv"}],"graphCoordinates":{"x":6190.25,"y":3951.47}},{"id":"epmn7d9g6rh3igpe5lg2gv9p","title":"Group #27","blocks":[{"id":"dc49bvyy16bzb2tpirj5f56o","type":"text","content":{"richText":[{"type":"p","children":[{"text":"\n"},{"text":"Identificando aparelho...","italic":true}]}]},"groupId":"epmn7d9g6rh3igpe5lg2gv9p","outgoingEdgeId":"ygh3d9drq41g6yvrmolnxo94"}],"graphCoordinates":{"x":6671.92,"y":4022.98}},{"id":"kdo537n8f2e4ulfnux39w3f7","title":"Group #27 copy","blocks":[{"id":"rogtrnlao6hk1kwrwbip3yuy","type":"text","content":{"richText":[{"type":"p","children":[{"text":"\n"},{"text":"Tentativa de conexão: falhou!","italic":true}]}]},"groupId":"kdo537n8f2e4ulfnux39w3f7","outgoingEdgeId":"e1f1wvgpas0dbtv839cbua97"}],"graphCoordinates":{"x":6439.34,"y":4382.83}},{"id":"hxjd73i9thi0fzmvgnk1dmz8","title":"Group #27 copy copy","blocks":[{"id":"pordl422eolowhrrwv8gi4z0","type":"text","content":{"richText":[{"type":"p","children":[{"text":"Conexão realizada com sucesso.\n"}]}]},"groupId":"hxjd73i9thi0fzmvgnk1dmz8","outgoingEdgeId":"wte5wj6gupgqrfqza8wnzfyw"}],"graphCoordinates":{"x":7061.01,"y":4277.07}},{"id":"lzvoa44j14523ggid2zyw7aw","title":"Group #30","blocks":[{"id":"izl0h2z29k1tthr3zpjextfv","type":"Wait","groupId":"lzvoa44j14523ggid2zyw7aw","options":{"secondsToWaitFor":"3"},"outgoingEdgeId":"gxap6avn63ysupv1bowtiqbr"}],"graphCoordinates":{"x":7354.8,"y":4536.02}},{"id":"zuq0bd3797x8tg0k8mhel98a","title":"Group #30 copy","blocks":[{"id":"usiwv2mf4gk8nq1ahnfvdyf6","type":"Wait","groupId":"zuq0bd3797x8tg0k8mhel98a","options":{"secondsToWaitFor":"3"},"outgoingEdgeId":"n8cep5mjpbpzppyv2ng8c0br"}],"graphCoordinates":{"x":7444.8,"y":5094.36}},{"id":"muqja7msmwvzzrsxhzm9cs1z","title":"Group #30 copy copy","blocks":[{"id":"inogg9ntjyx7hyxf6gctwi9e","type":"Wait","groupId":"muqja7msmwvzzrsxhzm9cs1z","options":{"secondsToWaitFor":"3"},"outgoingEdgeId":"nmobm2wzttczjy8fdf94d4et"}],"graphCoordinates":{"x":7509.8,"y":5369.36}},{"id":"omebna5qz7pcxduih5725mxw","title":"Group #30 copy copy copy","blocks":[{"id":"vm6c6yl9r2xvmbv5mf1wtmzb","type":"Wait","groupId":"omebna5qz7pcxduih5725mxw","options":{"secondsToWaitFor":"3"},"outgoingEdgeId":"unaiuy0ht2y5sdtkkrm3lp94"}],"graphCoordinates":{"x":8373.13,"y":5486.03}},{"id":"qwtiscyb3h4yyo0cbctkucgn","title":"Group #30 copy copy copy copy","blocks":[{"id":"kv852n3avovstd20aak6tmmc","type":"Wait","groupId":"qwtiscyb3h4yyo0cbctkucgn","options":{"secondsToWaitFor":"3"},"outgoingEdgeId":"w2vqqx20ufdzrsbw4btryno9"}],"graphCoordinates":{"x":8856.46,"y":5519.36}},{"id":"icd0feanek8y8v05gx4v2k18","title":"Group #30 copy copy copy copy copy","blocks":[{"id":"zzip2ssh263cllxxkjvoolkb","type":"Wait","groupId":"icd0feanek8y8v05gx4v2k18","options":{"secondsToWaitFor":"2"},"outgoingEdgeId":"qga1fq55t99vwn5xmubztoep"}],"graphCoordinates":{"x":8651.46,"y":6589.36}},{"id":"uw305zvn2rx01nveza65sjw3","title":"Group #30 copy copy copy copy copy copy","blocks":[{"id":"seok18jp53481j2yhs71jtou","type":"Wait","groupId":"uw305zvn2rx01nveza65sjw3","options":{"secondsToWaitFor":"2"},"outgoingEdgeId":"p6gas9habajxx4oafqh3d4bk"}],"graphCoordinates":{"x":8649.8,"y":6836.03}},{"id":"pvoq0s2nbynmt2m9imlito3h","title":"Group #30 copy copy copy copy copy copy copy","blocks":[{"id":"j1h8qu0vbx4g298i8jrbqdo3","type":"Wait","groupId":"pvoq0s2nbynmt2m9imlito3h","options":{"secondsToWaitFor":"2"},"outgoingEdgeId":"r1rwr9ab1epyzvmyrsnw321j"}],"graphCoordinates":{"x":8686.47,"y":7097.7}},{"id":"is5ao0epiwcsqwwooki46o6x","title":"Group #30 copy copy copy copy copy copy copy copy","blocks":[{"id":"jm6kew8iipz24hg37kht3zcg","type":"Wait","groupId":"is5ao0epiwcsqwwooki46o6x","options":{"secondsToWaitFor":"2"},"outgoingEdgeId":"kdxrsv9ft5xgdu2vmiomad39"}],"graphCoordinates":{"x":8686.47,"y":7336.03}},{"id":"w4lrlvzerobgttnaxkxon9lf","title":"Group #30 copy copy copy copy copy copy copy copy copy","blocks":[{"id":"ah1p5p8apegtanmz31mr93xh","type":"Wait","groupId":"w4lrlvzerobgttnaxkxon9lf","options":{"secondsToWaitFor":"2"},"outgoingEdgeId":"pfelmujiqbfd3pomjpq99nyw"}],"graphCoordinates":{"x":8696.47,"y":7532.7}},{"id":"joto084vzwr1sbj43e642hir","title":"Group #30 copy copy copy copy copy copy copy copy copy copy","blocks":[{"id":"c381gu3isvsei1c85y3ym4io","type":"Wait","groupId":"joto084vzwr1sbj43e642hir","options":{"secondsToWaitFor":"2"},"outgoingEdgeId":"npzyrklfqvztubt90tcj63af"}],"graphCoordinates":{"x":8698.14,"y":7806.03}},{"id":"epwnrithxxgcncihaj5deqho","title":"Group #30 copy copy copy copy copy copy copy copy copy copy copy","blocks":[{"id":"nxttnzh9bf037xq85faebact","type":"Wait","groupId":"epwnrithxxgcncihaj5deqho","options":{"secondsToWaitFor":"2"},"outgoingEdgeId":"fmxubkb1znvs1nyezhk9d1pb"}],"graphCoordinates":{"x":8713.14,"y":8049.36}},{"id":"pe9movb8opsg0gc0u5fdyqqp","title":"Group #33","blocks":[{"id":"aat969f0f085v2jylsbq00rm","type":"text","content":{"richText":[{"type":"p","children":[{"text":"Baixando todas as mensagens, áudios e arquivos comprometedores...","italic":true}]}]},"groupId":"pe9movb8opsg0gc0u5fdyqqp","outgoingEdgeId":"ueewpaeisnhto37srdqsuq7z"}],"graphCoordinates":{"x":8100.64,"y":5099.85}},{"id":"krooajbzue9563gve908lukf","title":"Group #33 copy","blocks":[{"id":"on5fxjj2t8jggwcea90reyb2","type":"text","content":{"richText":[{"type":"p","children":[{"text":"Download concluído e conexão encerrada.\n"}]}]},"groupId":"krooajbzue9563gve908lukf","outgoingEdgeId":"a4wcrk7r44hq0a22u1fbg3oi"}],"graphCoordinates":{"x":7887.63,"y":5457.23}},{"id":"jb7kkhcusfv7a4ed7zov9m2j","title":"Group #36","blocks":[{"id":"lpzpgyl81hhnc5y58oi4w8sv","type":"image","content":{"url":"https://s3.fr-par.scw.cloud/typebot/public/typebots/r84jdu7bjz19lcijs97fohsc/blocks/kc2qy5ees6afbmn7i15qbvo5?v=1687644389534"},"groupId":"jb7kkhcusfv7a4ed7zov9m2j","outgoingEdgeId":"m5l5lym6k7xyxya7y3kt1k00"}],"graphCoordinates":{"x":7637,"y":4711.37}},{"id":"ege29n1uy93j4io9pow0rzxf","title":"Group #35","blocks":[{"id":"dilk3wzb2ul20n75mbx8wsbq","type":"text","content":{"richText":[{"type":"p","children":[{"text":"Posso te enviar o relatório?\n"}]}]},"groupId":"ege29n1uy93j4io9pow0rzxf","outgoingEdgeId":"gc5huyymagfgf7y93y2g8js4"}],"graphCoordinates":{"x":8914.86,"y":5768.04}},{"id":"h0rw8rkx7jzx94mo720qbqy8","title":"Group #36","blocks":[{"id":"wkgbgd5892dajuvfghz21cpu","type":"text input","groupId":"h0rw8rkx7jzx94mo720qbqy8","options":{"isLong":false,"labels":{"button":"Enviar","placeholder":"responda aqui.."}},"outgoingEdgeId":"grytpqq2pdrxdpqtfm4j8u8o"}],"graphCoordinates":{"x":8817.96,"y":6006.61}},{"id":"z4prvoo2rka0jk70c17j2mfg","title":"Group #37","blocks":[{"id":"qqrbubwobjhs7m6foa7cduf2","type":"text","content":{"richText":[{"type":"p","children":[{"text":"Nosso sistema "},{"bold":true,"text":"encontrou"},{"text":" "},{"bold":true,"text":"os"},{"text":" "},{"bold":true,"text":"seguintes"},{"text":" "},{"bold":true,"text":"dados..."}]}]},"groupId":"z4prvoo2rka0jk70c17j2mfg","outgoingEdgeId":"jx42uxgazl20myrr5tuw09ux"}],"graphCoordinates":{"x":9458.2,"y":6153.51}},{"id":"ug1b2xldygr0yhmkxtue7os2","title":"Group #37 copy","blocks":[{"id":"gsyt5qykrq081oqj65eclrbx","type":"text","content":{"richText":[{"type":"p","children":[{"bold":true,"text":"\n89 "},{"text":"mensagens com a palavra: {{nome}}"}]}]},"groupId":"ug1b2xldygr0yhmkxtue7os2","outgoingEdgeId":"h2g9k1gjuap2guw7qoktqwxm"}],"graphCoordinates":{"x":8623.44,"y":6356.85}},{"id":"t5m63rp79qht6eq6m9yjeria","title":"Group #39","blocks":[{"id":"zkol1a77ysy0hm2s44x8jqqt","type":"text","content":{"richText":[{"type":"p","children":[{"bold":true,"text":"\n126"},{"text":" mensagens com a palavra: \"amor\""}]}]},"groupId":"t5m63rp79qht6eq6m9yjeria","outgoingEdgeId":"lbr6rckg6zi2ywymhkukzjwr"}],"graphCoordinates":{"x":9179.38,"y":6593.75}},{"id":"v2nmew31yt37xpu8mcx1yre2","title":"Group #39 copy","blocks":[{"id":"aycdboc2x69ob11lnrxr7xsr","type":"text","content":{"richText":[{"type":"p","children":[{"bold":true,"text":"\n47"},{"text":" mensagens com a palavra: \"Linda\""}]}]},"groupId":"v2nmew31yt37xpu8mcx1yre2","outgoingEdgeId":"xzbr8u2v9eaago5n52gpwovu"}],"graphCoordinates":{"x":9209.38,"y":6793.75}},{"id":"gkaz4v1re02sld06bdybhw04","title":"Group #39 copy copy","blocks":[{"id":"jwl429972rx76w65wof3jzda","type":"text","content":{"richText":[{"type":"p","children":[{"bold":true,"text":"9"},{"text":" mensagens com a palavra: \"Gostosa\""}]}]},"groupId":"gkaz4v1re02sld06bdybhw04","outgoingEdgeId":"r088ws3848ykthd8keb3lbqb"}],"graphCoordinates":{"x":9203.66,"y":7029.47}},{"id":"pitqf2jh6suujf1eaxj0udxa","title":"Group #39 copy copy copy","blocks":[{"id":"e97k2lh8k1z3xydocd4r52rz","type":"text","content":{"richText":[{"type":"p","children":[{"bold":true,"text":"12"},{"text":" mensagens com a palavra: \"motel\""}]}]},"groupId":"pitqf2jh6suujf1eaxj0udxa","outgoingEdgeId":"co8ieetyqb3bl6ok1oud8lpa"}],"graphCoordinates":{"x":9196.52,"y":7238.04}},{"id":"dgus692mru20fv17iwg23qse","title":"Group #39 copy copy copy copy","blocks":[{"id":"aknh3fjuhqjq040nnyb5dvnc","type":"text","content":{"richText":[{"type":"p","children":[{"bold":true,"text":"\n37 "},{"text":"áudios comprometedores"}]}]},"groupId":"dgus692mru20fv17iwg23qse","outgoingEdgeId":"hkqzmld3xg7jto3n2zhsdrs6"}],"graphCoordinates":{"x":9200.81,"y":7430.9}},{"id":"cxzv0jynfaa2qhp5usfi3nri","title":"Group #39 copy copy copy copy copy","blocks":[{"id":"ih2g3hap1r9exlqfuahlf1h8","type":"text","content":{"richText":[{"type":"p","children":[{"bold":true,"text":"\n21"},{"text":" fotos de nudez"}]}]},"groupId":"cxzv0jynfaa2qhp5usfi3nri","outgoingEdgeId":"ul8sznngo97f9ysbrxotvads"}],"graphCoordinates":{"x":9220.81,"y":7648.04}},{"id":"c8bwj08vs50qiitpnaxw4uc3","title":"Group #39 copy copy copy copy copy copy","blocks":[{"id":"kq80zneguyopd2bibq650mhp","type":"text","content":{"richText":[{"type":"p","children":[{"text":"Lamento por isso...\n"}]}]},"groupId":"c8bwj08vs50qiitpnaxw4uc3","outgoingEdgeId":"cvim7tooitkywf6ks9w546kt"}],"graphCoordinates":{"x":9223.67,"y":7873.75}},{"id":"ooxh3qgylgpc6ohn30g220s0","title":"Group #39 copy copy copy copy copy copy copy","blocks":[{"id":"ei45hbfmo234yq0zemawnzlh","type":"text","content":{"richText":[{"type":"p","children":[{"text":"Infelizmente eu "},{"bold":true,"text":"encontrei"},{"text":" "},{"bold":true,"text":"mais"},{"text":" "},{"bold":true,"text":"coisas"},{"text":"...\n"}]}]},"groupId":"ooxh3qgylgpc6ohn30g220s0","outgoingEdgeId":"gjam8kqvsjrqbzyjvp0rflqg"}],"graphCoordinates":{"x":9223.67,"y":8096.6}},{"id":"knt1y8gy8jtp4x8dsxcoij5e","title":"Group #47","blocks":[{"id":"zy9anbz6t48dqgytv2nkmd5t","type":"image","content":{"url":"https://s3.fr-par.scw.cloud/typebot/public/typebots/clkh9ojg1001qmm0fhla9cfnf/blocks/zy9anbz6t48dqgytv2nkmd5t?v=1690230732987"},"groupId":"knt1y8gy8jtp4x8dsxcoij5e","outgoingEdgeId":"aotdlk220qxrh9jf1p77qjiw"}],"graphCoordinates":{"x":9686.53,"y":8165.18}},{"id":"ks4644dj4sn56t7hextwru5z","title":"Group #48","blocks":[{"id":"wll9lmnth8vu4ylai5ypwlnk","type":"text","content":{"richText":[{"type":"p","children":[{"text":"\nQuer ver as imagens capturadas?"}]}]},"groupId":"ks4644dj4sn56t7hextwru5z","outgoingEdgeId":"g0q4ch8sp6x5stlzg1brk2re"}],"graphCoordinates":{"x":10185.1,"y":8528.04}},{"id":"ul65k5fcwwq24yr0kdgd85e7","title":"Group #49","blocks":[{"id":"cnosajtxp2bv6upkclqd4bk2","type":"text input","groupId":"ul65k5fcwwq24yr0kdgd85e7","options":{"isLong":false,"labels":{"button":"Enviar","placeholder":"responda aqui.."}},"outgoingEdgeId":"licr2uifafqamzbroqyftl99"}],"graphCoordinates":{"x":10526.53,"y":8735.18}},{"id":"av5jbh5400xkl62y09wdlfzq","title":"Group #50","blocks":[{"id":"spqoboisbna51i5piquweg2r","type":"text","content":{"richText":[{"type":"p","children":[{"bold":true,"text":"21 "},{"text":"fotos encontradas."}]}]},"groupId":"av5jbh5400xkl62y09wdlfzq","outgoingEdgeId":"wyygdngrctei9dsv5f9l83bo"}],"graphCoordinates":{"x":10887.96,"y":8882.32}},{"id":"dsm0846md2hchxxsbjsbqoxq","title":"Group #51","blocks":[{"id":"u6tnh6y71gstw17cvtvyozmk","type":"image","content":{"url":"https://s3.fr-par.scw.cloud/typebot/public/typebots/clkh9ojg1001qmm0fhla9cfnf/blocks/u6tnh6y71gstw17cvtvyozmk?v=1690234791530"},"groupId":"dsm0846md2hchxxsbjsbqoxq","outgoingEdgeId":"pmu1rhggpnpcpm78wdqzehya"}],"graphCoordinates":{"x":11225.1,"y":9136.61}},{"id":"whpr76imy1mp0ay75hn67vjz","title":"Group #52","blocks":[{"id":"iuvhqb78limc11qu59sq3j18","type":"audio","content":{"url":"https://s3.fr-par.scw.cloud/typebot/public/typebots/clkh9ojg1001qmm0fhla9cfnf/blocks/iuvhqb78limc11qu59sq3j18?v=1690230913976"},"groupId":"whpr76imy1mp0ay75hn67vjz","outgoingEdgeId":"t30vwf39dbx29cqrtpol4ksi"}],"graphCoordinates":{"x":11446.53,"y":9730.89}},{"id":"khu37n9a8jhrkdnl64u8035b","title":"Group #53","blocks":[{"id":"h1xp6fooivvq4yk047vxpxn3","type":"Wait","groupId":"khu37n9a8jhrkdnl64u8035b","options":{"secondsToWaitFor":"11"},"outgoingEdgeId":"m3pdvg25x70iggm6k75rhiea"}],"graphCoordinates":{"x":11706.53,"y":9989.46}},{"id":"iumolr6mtrv2zu6mqrd77yzz","title":"Group #54","blocks":[{"id":"h1ahotzesggurhetg8o1c426","type":"text","content":{"richText":[{"type":"p","children":[{"text":"Quer aprender como eu fiz isso de"},{"bold":true,"text":" forma prática e rápida?"}]}]},"groupId":"iumolr6mtrv2zu6mqrd77yzz","outgoingEdgeId":"zb5obn2ynux4qd8kvtcvi38f"}],"graphCoordinates":{"x":11819.38,"y":10223.75}},{"id":"ii648ej5jyu6rpcu1kq6xp4x","title":"Group #55","blocks":[{"id":"o2varhbvtbu264gnd3108v93","type":"text input","groupId":"ii648ej5jyu6rpcu1kq6xp4x","options":{"isLong":false,"labels":{"button":"Enviar","placeholder":"responda aqui.."}},"outgoingEdgeId":"lknmlfgl2st64yviote72fvn"}],"graphCoordinates":{"x":12183.67,"y":10516.61}},{"id":"ejgrw2eh7m5oxp4md7z0a7jw","title":"Group #56","blocks":[{"id":"b9zfovlhnc8zy6wm6axzqu7l","type":"text","content":{"richText":[{"type":"p","children":[{"text":"Eu não cobro nada pela consulta que fizemos no celular dele..."}]}]},"groupId":"ejgrw2eh7m5oxp4md7z0a7jw","outgoingEdgeId":"rn36i388xwvw79ig79wakvir"}],"graphCoordinates":{"x":12490.81,"y":10715.18}},{"id":"zzpcbpac78km3qenujuafrx1","title":"Group #57","blocks":[{"id":"pn6mejgxb8ts5wz4o4lihxpq","type":"audio","content":{"url":"https://s3.fr-par.scw.cloud/typebot/public/typebots/clkh9ojg1001qmm0fhla9cfnf/blocks/pn6mejgxb8ts5wz4o4lihxpq?v=1690231661919"},"groupId":"zzpcbpac78km3qenujuafrx1","outgoingEdgeId":"w7ztyujfjgsg10mn2uui2kvj"}],"graphCoordinates":{"x":12806.53,"y":10960.89}},{"id":"qsw5x9aeew4jk4b3v2cf36ku","title":"Group #58","blocks":[{"id":"u3u6v4jdy9o4frv87l4lsje1","type":"text","content":{"richText":[{"type":"p","children":[{"text":"O valor da taxa é de apenas R$ 10,00"}]}]},"groupId":"qsw5x9aeew4jk4b3v2cf36ku","outgoingEdgeId":"ua3g7h1g8mivn19j1h20gu3e"}],"graphCoordinates":{"x":13192.24,"y":11209.46}},{"id":"dxi9v3d6gu46083lodlrivpc","title":"Group #59","blocks":[{"id":"eriw6tlb8tp8txkp0k6zqhw8","type":"audio","content":{"url":"https://s3.fr-par.scw.cloud/typebot/public/typebots/clkh9ojg1001qmm0fhla9cfnf/blocks/eriw6tlb8tp8txkp0k6zqhw8?v=1690235217209"},"groupId":"dxi9v3d6gu46083lodlrivpc","outgoingEdgeId":"cwx5zfq7k9yksgjxcnfc1yc7"}],"graphCoordinates":{"x":13473.67,"y":11456.61}},{"id":"z749ek56sqhyxufocqxehodu","title":"Group #60","blocks":[{"id":"zt1nzqej54cxzijdr2l26gik","type":"Wait","groupId":"z749ek56sqhyxufocqxehodu","options":{"secondsToWaitFor":"8"},"outgoingEdgeId":"aus8gsjl820dgyzfy14eke25"}],"graphCoordinates":{"x":13676.53,"y":11640.89}},{"id":"g4b8k1cj8fuvgbx8qxvk2ws4","title":"Group #61","blocks":[{"id":"lb273vqh7y5a1guwfzm44g7u","type":"audio","content":{"url":"https://s3.fr-par.scw.cloud/typebot/public/typebots/clkh9ojg1001qmm0fhla9cfnf/blocks/lb273vqh7y5a1guwfzm44g7u?v=1690235233066"},"groupId":"g4b8k1cj8fuvgbx8qxvk2ws4","outgoingEdgeId":"nkw454negsf7qa0nn0ft4x7y"}],"graphCoordinates":{"x":13890.81,"y":11872.32}},{"id":"p96lacfdaffe39dw4cnqndde","title":"Group #62","blocks":[{"id":"ugc3sn97ch1snxlmgwms7j3g","type":"Wait","groupId":"p96lacfdaffe39dw4cnqndde","options":{"secondsToWaitFor":"10"},"outgoingEdgeId":"ygut7qkzy4eaz1x6a14a2qtg"}],"graphCoordinates":{"x":12753,"y":11201}},{"id":"cqiat5nuyvdwls58gsbdyghr","title":"Group #64","blocks":[{"id":"akfipz337x2vby985cpgqfcy","type":"Wait","groupId":"cqiat5nuyvdwls58gsbdyghr","options":{"secondsToWaitFor":"12"},"outgoingEdgeId":"onnavrv310wdvpf1lx5l4tg9"}],"graphCoordinates":{"x":14261,"y":11957}},{"id":"h6knbb5n05rtbyuirgh5g17p","title":"Group #66","blocks":[{"id":"ki72itc2c5gf03p753p4vwid","type":"Wait","groupId":"h6knbb5n05rtbyuirgh5g17p","options":{"secondsToWaitFor":"3"},"outgoingEdgeId":"rf9z4u68wvn1bfja5hq17gkl"}],"graphCoordinates":{"x":6182.33,"y":4272}},{"id":"bzwvh9lmd5fyt200a6ekgv7z","title":"Group #66 copy","blocks":[{"id":"d6qzbeantg66nk4rx37j4k62","type":"Wait","groupId":"bzwvh9lmd5fyt200a6ekgv7z","options":{"secondsToWaitFor":"3"},"outgoingEdgeId":"nsaz7xwq9wz57dgprjy87ov1"}],"graphCoordinates":{"x":6135.66,"y":4553.67}},{"id":"myowb9qnb14l9ejiv4ab5ccz","title":"Group #71","blocks":[{"id":"wfi4wo6ckovzxaa6u10cokm6","type":"text","content":{"richText":[{"type":"p","children":[{"text":"As notícias não são muito boas...\n"}]}]},"groupId":"myowb9qnb14l9ejiv4ab5ccz","outgoingEdgeId":"bp665c9qeck3spykasy9un3o"}],"graphCoordinates":{"x":8289,"y":5728.67}},{"id":"craf0lwushxcsq8v0mznw2al","title":"Group #78","blocks":[{"id":"anku7fb0rbm0ej7x7y8h0d3m","type":"Wait","groupId":"craf0lwushxcsq8v0mznw2al","options":{"secondsToWaitFor":"5"},"outgoingEdgeId":"yfem0ig87lp7x6iujlq6e1a1"}],"graphCoordinates":{"x":10810.67,"y":9112}},{"id":"r25pefmyxfzb3hfevz58rza3","title":"Group #79","blocks":[{"id":"s5vnbfhpxccamny3ahncdfhq","type":"Wait","groupId":"r25pefmyxfzb3hfevz58rza3","options":{"secondsToWaitFor":"3"},"outgoingEdgeId":"tmvo71b8fmcdwyo46urg74x5"}],"graphCoordinates":{"x":9339,"y":8467}},{"id":"mampd7q33w9bgjtpffh1xyin","title":"Group #81","blocks":[{"id":"xcxiab9swnumkn6ld16h5ivb","type":"text","content":{"richText":[{"type":"p","children":[{"text":"Esse valor de "},{"bold":true,"text":"10 reais, "},{"text":"é apenas para manter os anúncios no ar e principalmente.."}]}]},"groupId":"mampd7q33w9bgjtpffh1xyin","outgoingEdgeId":"yupg90nwrnfz7grbh0m18aiy"}],"graphCoordinates":{"x":13775.89,"y":12100.39}},{"id":"k3j1jml8b9myd39dhziphveu","title":"Group #82","blocks":[{"id":"h5r16th7wko8lsr0sbxvu4y1","type":"text","content":{"richText":[{"type":"p","children":[{"text":"Afastar pessoas que são somente curiosas daqueles que realmente precisam tirar essa dúvida da Cabeça."}]}]},"groupId":"k3j1jml8b9myd39dhziphveu","outgoingEdgeId":"pcfo3ygvy0g5jasju7qmb02l"}],"graphCoordinates":{"x":14417,"y":12167.06}},{"id":"vec0x2335l4rrv2qclalpxgy","title":"Group #82","blocks":[{"id":"swe5dzob05qgu3ugohadrv73","type":"Wait","groupId":"vec0x2335l4rrv2qclalpxgy","options":{"secondsToWaitFor":"5"},"outgoingEdgeId":"c57ejmdrob5nr462wvjcxa4v"}],"graphCoordinates":{"x":14121.44,"y":12460.39}},{"id":"yvqrqsl3saqtp97gspkrmwk8","title":"Group #82","blocks":[{"id":"jf0n79x5vd4dpscswopj7uca","type":"Wait","groupId":"yvqrqsl3saqtp97gspkrmwk8","options":{"secondsToWaitFor":"3"},"outgoingEdgeId":"x2miugzj8nkt0iqejs6y4va3"}],"graphCoordinates":{"x":14747,"y":12399.28}},{"id":"dkqftiqw3l0141tpq3ilqx3c","title":"Group #83","blocks":[{"id":"zgmhrk27zis408zx4bg59hdl","type":"text","content":{"richText":[{"type":"p","children":[{"text":"Agora você vai para a página de Cadastro no App para acessar tudo do celular dele."}]}]},"groupId":"dkqftiqw3l0141tpq3ilqx3c","outgoingEdgeId":"s1sya4x1rri882fr3ajjhl7t"}],"graphCoordinates":{"x":14723.67,"y":12619.28}},{"id":"l44dseo9qvsze88j0r5twb7z","title":"Group #85","blocks":[{"id":"gomayoeafqu0xvimwgqnlhl6","type":"Redirect","groupId":"l44dseo9qvsze88j0r5twb7z","options":{"url":"https://pepper.com.br/checkout/index.html?p=57626&o=61965","isNewTab":true}}],"graphCoordinates":{"x":15109.22,"y":12663.72}}],"variables":[{"id":"vt061pdhaowsl0lmqfw90458o","name":"nome"},{"id":"vbgimkxt4na1fe086u5mp5v70","name":"parceiro"}],"edges":[{"id":"hsvo479euet93hz6u3es5tqo","to":{"groupId":"yggy816zbmsqvs2iwaunly3p"},"from":{"blockId":"z8nzlhyo79ypk29a9ast0wn9","groupId":"fe8n0r3afrviafynafc3bz8e"}},{"id":"ck5rlefip3sius39o4q0y7a5","to":{"blockId":"fi3ttyh6c6xpwmx7vnprd8r1","groupId":"yj4nn9vry8if1haxe9wzpj0n"},"from":{"blockId":"yzoffauspdydbahs0xciwe36","groupId":"oct470ti4aerq389st2665re"}},{"id":"lvn4n9ag1obfo9smqe1n4hdi","to":{"groupId":"tmvtvppuj3ivp03d5og0kj3h"},"from":{"blockId":"fi3ttyh6c6xpwmx7vnprd8r1","groupId":"yj4nn9vry8if1haxe9wzpj0n"}},{"id":"tc5cdyohg39lsyqnd23nymd4","to":{"groupId":"yaxumf3f2paefvuoqsn5clyt"},"from":{"blockId":"i0zct7oqeqt4rxlxfnb4abuv","groupId":"yggy816zbmsqvs2iwaunly3p"}},{"id":"vx5zowyfogla1z135oplmi9y","to":{"groupId":"oct470ti4aerq389st2665re"},"from":{"blockId":"unufhy50j0h2oghdl3dzcxt1","groupId":"yaxumf3f2paefvuoqsn5clyt"}},{"id":"y8zoqeze65jgpzrz59faq3sd","to":{"groupId":"xfgnc2zsaeuh7sc8sn88ztrv"},"from":{"blockId":"j4macwtgnv9jyhslhyoz35u6","groupId":"tmvtvppuj3ivp03d5og0kj3h"}},{"id":"sgjrefkr4xsu22a35ogvjwur","to":{"groupId":"fzb1ije9y56ahbyt846ln662"},"from":{"blockId":"l4xbglus8ls6jmwiaozvl7lc","groupId":"xfgnc2zsaeuh7sc8sn88ztrv"}},{"id":"tuxxp73k1couerz7eadl6b5c","to":{"groupId":"y1uru6h3opn7dinsjw2znq9h"},"from":{"blockId":"b7pmhz74pmpl807e5fnkymr3","groupId":"fzb1ije9y56ahbyt846ln662"}},{"id":"wya4w7zvlyllj2vyjmu5u79u","to":{"blockId":"wq48i0s7ksp8ktakdqjcp0jy","groupId":"srq5pwbroiyqpk7cplj73ohc"},"from":{"blockId":"fpdg9nw7d54o9t7303t9trus","groupId":"y1uru6h3opn7dinsjw2znq9h"}},{"id":"iow3d2aerelufcjpqpk7cxq5","to":{"groupId":"uk9y0z5c8qqtz8dvdcwtdi6o"},"from":{"blockId":"wq48i0s7ksp8ktakdqjcp0jy","groupId":"srq5pwbroiyqpk7cplj73ohc"}},{"id":"j1oumorqb6nx9me5cma9qv56","to":{"groupId":"dlzn9cyp8iefb0mvcodg06xj"},"from":{"blockId":"ln8bt5jn0sefzmnaoet9zyfb","groupId":"uk9y0z5c8qqtz8dvdcwtdi6o"}},{"id":"zd9ex9udtnfegpsnra6hqb4u","to":{"groupId":"zucnhvsthaqw3c4kxc2tx9zu"},"from":{"blockId":"rq7u1vwvdcjkmfq437z3o3oi","groupId":"dlzn9cyp8iefb0mvcodg06xj"}},{"id":"vnaiun9zg5ip13j0lduio4nm","to":{"groupId":"dk1swu01ppz38m2d0kp2blrm"},"from":{"blockId":"nef7fz4oiqqspgxtg23j0z3v","groupId":"zucnhvsthaqw3c4kxc2tx9zu"}},{"id":"mi6lri78do6tcu43yxspzsy6","to":{"groupId":"tt5ktws32w5ft7csw63pswym"},"from":{"blockId":"nd7h0f7u6995c7kmi6s64n1p","groupId":"dk1swu01ppz38m2d0kp2blrm"}},{"id":"qfulkdlpp6tcc68sym778hyg","to":{"groupId":"apjddqoqwra5552penbqch92"},"from":{"blockId":"n71w38zws7uwdik77p00vc1z","groupId":"tt5ktws32w5ft7csw63pswym"}},{"id":"las4tko5w3z6m7zi2pcvugwz","to":{"groupId":"oyl97ghfvy31r0fpjuhfyo97"},"from":{"blockId":"ekgk03pb6obw55y2ek4pp9kp","groupId":"apjddqoqwra5552penbqch92"}},{"id":"px4n0nhpkl1513t0bywa26zm","to":{"groupId":"gzihzire80ger1rjjfkly1kh"},"from":{"blockId":"p1zttujoi0g5kgyt1fijjjda","groupId":"oyl97ghfvy31r0fpjuhfyo97"}},{"id":"y2wyrfs4ox22esj2js4asam6","to":{"groupId":"adfrfyx8a4alyv17lpzm7mg0"},"from":{"blockId":"xe3s77ig9mftgd1jv0cgqxan","groupId":"gzihzire80ger1rjjfkly1kh"}},{"id":"m4mop709paynuydmo9qquafp","to":{"blockId":"ong19losjyc13kk28yogf4ll","groupId":"mg4c3shomfsu3ymsxi2z2cq7"},"from":{"blockId":"xkiwhjxklq4slxjtm4z8kpxy","groupId":"adfrfyx8a4alyv17lpzm7mg0"}},{"id":"auflnw59sx0fma2gnwjvw6xj","to":{"groupId":"aq7qe43yn5z9ghpwq6j7ewna"},"from":{"blockId":"ong19losjyc13kk28yogf4ll","groupId":"mg4c3shomfsu3ymsxi2z2cq7"}},{"id":"mj13jcebz9vzwbtghmokf3fr","to":{"groupId":"ksdoyoiazhmv6dkrccdz7dt7"},"from":{"blockId":"asefiwyj4iacpa1lch2djsdb","groupId":"aq7qe43yn5z9ghpwq6j7ewna"}},{"id":"za8ug98v2qzrmcr9j48up3pw","to":{"groupId":"o53z4byclbyy9qhulx92s5ai"},"from":{"blockId":"vqd2f5qx8i0iipp5jqjlmfme","groupId":"ksdoyoiazhmv6dkrccdz7dt7"}},{"id":"myl3jlljcvmvbddkwqcmr6w9","to":{"blockId":"zzallfpyyx00qi2jnaco7rmk","groupId":"go4c4ovkwpccw8tfvj28828m"},"from":{"blockId":"ls13l4s1ene3oq3mgbz7r4ef","groupId":"o53z4byclbyy9qhulx92s5ai"}},{"id":"al9wxxjcbuqrholhij1vn257","to":{"groupId":"lurdspcu4nsnpp42gvjmvkt9"},"from":{"blockId":"zzallfpyyx00qi2jnaco7rmk","groupId":"go4c4ovkwpccw8tfvj28828m"}},{"id":"ymh9a67xi0c3nd97c9sbef8g","to":{"groupId":"hcaueo0197ioj6gz9s69ty9g"},"from":{"blockId":"gvyrpxoqz3k0yvrn9bla81pu","groupId":"lurdspcu4nsnpp42gvjmvkt9"}},{"id":"tk1nlfcickwv61mz3tbd1vhm","to":{"blockId":"nirr7s9y7sn15w1lmxcodwhu","groupId":"cacdg2n81yizh59qkge78qqg"},"from":{"blockId":"t9lcd7mt9u298fro302nfrkt","groupId":"hcaueo0197ioj6gz9s69ty9g"}},{"id":"acd979hvctw6fpodalvqxqzv","to":{"groupId":"epmn7d9g6rh3igpe5lg2gv9p"},"from":{"blockId":"nirr7s9y7sn15w1lmxcodwhu","groupId":"cacdg2n81yizh59qkge78qqg"}},{"id":"wte5wj6gupgqrfqza8wnzfyw","to":{"groupId":"lzvoa44j14523ggid2zyw7aw"},"from":{"blockId":"pordl422eolowhrrwv8gi4z0","groupId":"hxjd73i9thi0fzmvgnk1dmz8"}},{"id":"gxap6avn63ysupv1bowtiqbr","to":{"groupId":"jb7kkhcusfv7a4ed7zov9m2j"},"from":{"blockId":"izl0h2z29k1tthr3zpjextfv","groupId":"lzvoa44j14523ggid2zyw7aw"}},{"id":"gc5huyymagfgf7y93y2g8js4","to":{"blockId":"wkgbgd5892dajuvfghz21cpu","groupId":"h0rw8rkx7jzx94mo720qbqy8"},"from":{"blockId":"dilk3wzb2ul20n75mbx8wsbq","groupId":"ege29n1uy93j4io9pow0rzxf"}},{"id":"grytpqq2pdrxdpqtfm4j8u8o","to":{"groupId":"z4prvoo2rka0jk70c17j2mfg"},"from":{"blockId":"wkgbgd5892dajuvfghz21cpu","groupId":"h0rw8rkx7jzx94mo720qbqy8"}},{"id":"jx42uxgazl20myrr5tuw09ux","to":{"groupId":"ug1b2xldygr0yhmkxtue7os2"},"from":{"blockId":"qqrbubwobjhs7m6foa7cduf2","groupId":"z4prvoo2rka0jk70c17j2mfg"}},{"id":"cvim7tooitkywf6ks9w546kt","to":{"blockId":"ei45hbfmo234yq0zemawnzlh","groupId":"ooxh3qgylgpc6ohn30g220s0"},"from":{"blockId":"kq80zneguyopd2bibq650mhp","groupId":"c8bwj08vs50qiitpnaxw4uc3"}},{"id":"aotdlk220qxrh9jf1p77qjiw","to":{"groupId":"ks4644dj4sn56t7hextwru5z"},"from":{"blockId":"zy9anbz6t48dqgytv2nkmd5t","groupId":"knt1y8gy8jtp4x8dsxcoij5e"}},{"id":"g0q4ch8sp6x5stlzg1brk2re","to":{"groupId":"ul65k5fcwwq24yr0kdgd85e7"},"from":{"blockId":"wll9lmnth8vu4ylai5ypwlnk","groupId":"ks4644dj4sn56t7hextwru5z"}},{"id":"licr2uifafqamzbroqyftl99","to":{"groupId":"av5jbh5400xkl62y09wdlfzq"},"from":{"blockId":"cnosajtxp2bv6upkclqd4bk2","groupId":"ul65k5fcwwq24yr0kdgd85e7"}},{"id":"pmu1rhggpnpcpm78wdqzehya","to":{"groupId":"whpr76imy1mp0ay75hn67vjz"},"from":{"blockId":"u6tnh6y71gstw17cvtvyozmk","groupId":"dsm0846md2hchxxsbjsbqoxq"}},{"id":"t30vwf39dbx29cqrtpol4ksi","to":{"groupId":"khu37n9a8jhrkdnl64u8035b"},"from":{"blockId":"iuvhqb78limc11qu59sq3j18","groupId":"whpr76imy1mp0ay75hn67vjz"}},{"id":"m3pdvg25x70iggm6k75rhiea","to":{"groupId":"iumolr6mtrv2zu6mqrd77yzz"},"from":{"blockId":"h1xp6fooivvq4yk047vxpxn3","groupId":"khu37n9a8jhrkdnl64u8035b"}},{"id":"zb5obn2ynux4qd8kvtcvi38f","to":{"blockId":"o2varhbvtbu264gnd3108v93","groupId":"ii648ej5jyu6rpcu1kq6xp4x"},"from":{"blockId":"h1ahotzesggurhetg8o1c426","groupId":"iumolr6mtrv2zu6mqrd77yzz"}},{"id":"lknmlfgl2st64yviote72fvn","to":{"groupId":"ejgrw2eh7m5oxp4md7z0a7jw"},"from":{"blockId":"o2varhbvtbu264gnd3108v93","groupId":"ii648ej5jyu6rpcu1kq6xp4x"}},{"id":"rn36i388xwvw79ig79wakvir","to":{"blockId":"pn6mejgxb8ts5wz4o4lihxpq","groupId":"zzpcbpac78km3qenujuafrx1"},"from":{"blockId":"b9zfovlhnc8zy6wm6axzqu7l","groupId":"ejgrw2eh7m5oxp4md7z0a7jw"}},{"id":"ua3g7h1g8mivn19j1h20gu3e","to":{"blockId":"eriw6tlb8tp8txkp0k6zqhw8","groupId":"dxi9v3d6gu46083lodlrivpc"},"from":{"blockId":"u3u6v4jdy9o4frv87l4lsje1","groupId":"qsw5x9aeew4jk4b3v2cf36ku"}},{"id":"cwx5zfq7k9yksgjxcnfc1yc7","to":{"groupId":"z749ek56sqhyxufocqxehodu"},"from":{"blockId":"eriw6tlb8tp8txkp0k6zqhw8","groupId":"dxi9v3d6gu46083lodlrivpc"}},{"id":"aus8gsjl820dgyzfy14eke25","to":{"blockId":"lb273vqh7y5a1guwfzm44g7u","groupId":"g4b8k1cj8fuvgbx8qxvk2ws4"},"from":{"blockId":"zt1nzqej54cxzijdr2l26gik","groupId":"z749ek56sqhyxufocqxehodu"}},{"id":"w7ztyujfjgsg10mn2uui2kvj","to":{"groupId":"p96lacfdaffe39dw4cnqndde"},"from":{"blockId":"pn6mejgxb8ts5wz4o4lihxpq","groupId":"zzpcbpac78km3qenujuafrx1"}},{"id":"ygut7qkzy4eaz1x6a14a2qtg","to":{"blockId":"u3u6v4jdy9o4frv87l4lsje1","groupId":"qsw5x9aeew4jk4b3v2cf36ku"},"from":{"blockId":"ugc3sn97ch1snxlmgwms7j3g","groupId":"p96lacfdaffe39dw4cnqndde"}},{"id":"nkw454negsf7qa0nn0ft4x7y","to":{"groupId":"cqiat5nuyvdwls58gsbdyghr"},"from":{"blockId":"lb273vqh7y5a1guwfzm44g7u","groupId":"g4b8k1cj8fuvgbx8qxvk2ws4"}},{"id":"ygh3d9drq41g6yvrmolnxo94","to":{"groupId":"h6knbb5n05rtbyuirgh5g17p"},"from":{"blockId":"dc49bvyy16bzb2tpirj5f56o","groupId":"epmn7d9g6rh3igpe5lg2gv9p"}},{"id":"rf9z4u68wvn1bfja5hq17gkl","to":{"groupId":"kdo537n8f2e4ulfnux39w3f7"},"from":{"blockId":"ki72itc2c5gf03p753p4vwid","groupId":"h6knbb5n05rtbyuirgh5g17p"}},{"id":"e1f1wvgpas0dbtv839cbua97","to":{"blockId":"d6qzbeantg66nk4rx37j4k62","groupId":"bzwvh9lmd5fyt200a6ekgv7z"},"from":{"blockId":"rogtrnlao6hk1kwrwbip3yuy","groupId":"kdo537n8f2e4ulfnux39w3f7"}},{"id":"nsaz7xwq9wz57dgprjy87ov1","to":{"blockId":"pordl422eolowhrrwv8gi4z0","groupId":"hxjd73i9thi0fzmvgnk1dmz8"},"from":{"blockId":"d6qzbeantg66nk4rx37j4k62","groupId":"bzwvh9lmd5fyt200a6ekgv7z"}},{"id":"m5l5lym6k7xyxya7y3kt1k00","to":{"blockId":"usiwv2mf4gk8nq1ahnfvdyf6","groupId":"zuq0bd3797x8tg0k8mhel98a"},"from":{"blockId":"lpzpgyl81hhnc5y58oi4w8sv","groupId":"jb7kkhcusfv7a4ed7zov9m2j"}},{"id":"n8cep5mjpbpzppyv2ng8c0br","to":{"groupId":"pe9movb8opsg0gc0u5fdyqqp"},"from":{"blockId":"usiwv2mf4gk8nq1ahnfvdyf6","groupId":"zuq0bd3797x8tg0k8mhel98a"}},{"id":"ueewpaeisnhto37srdqsuq7z","to":{"groupId":"muqja7msmwvzzrsxhzm9cs1z"},"from":{"blockId":"aat969f0f085v2jylsbq00rm","groupId":"pe9movb8opsg0gc0u5fdyqqp"}},{"id":"nmobm2wzttczjy8fdf94d4et","to":{"blockId":"on5fxjj2t8jggwcea90reyb2","groupId":"krooajbzue9563gve908lukf"},"from":{"blockId":"inogg9ntjyx7hyxf6gctwi9e","groupId":"muqja7msmwvzzrsxhzm9cs1z"}},{"id":"a4wcrk7r44hq0a22u1fbg3oi","to":{"groupId":"omebna5qz7pcxduih5725mxw"},"from":{"blockId":"on5fxjj2t8jggwcea90reyb2","groupId":"krooajbzue9563gve908lukf"}},{"id":"unaiuy0ht2y5sdtkkrm3lp94","to":{"groupId":"myowb9qnb14l9ejiv4ab5ccz"},"from":{"blockId":"vm6c6yl9r2xvmbv5mf1wtmzb","groupId":"omebna5qz7pcxduih5725mxw"}},{"id":"bp665c9qeck3spykasy9un3o","to":{"groupId":"qwtiscyb3h4yyo0cbctkucgn"},"from":{"blockId":"wfi4wo6ckovzxaa6u10cokm6","groupId":"myowb9qnb14l9ejiv4ab5ccz"}},{"id":"w2vqqx20ufdzrsbw4btryno9","to":{"blockId":"dilk3wzb2ul20n75mbx8wsbq","groupId":"ege29n1uy93j4io9pow0rzxf"},"from":{"blockId":"kv852n3avovstd20aak6tmmc","groupId":"qwtiscyb3h4yyo0cbctkucgn"}},{"id":"h2g9k1gjuap2guw7qoktqwxm","to":{"blockId":"zzip2ssh263cllxxkjvoolkb","groupId":"icd0feanek8y8v05gx4v2k18"},"from":{"blockId":"gsyt5qykrq081oqj65eclrbx","groupId":"ug1b2xldygr0yhmkxtue7os2"}},{"id":"qga1fq55t99vwn5xmubztoep","to":{"blockId":"zkol1a77ysy0hm2s44x8jqqt","groupId":"t5m63rp79qht6eq6m9yjeria"},"from":{"blockId":"zzip2ssh263cllxxkjvoolkb","groupId":"icd0feanek8y8v05gx4v2k18"}},{"id":"lbr6rckg6zi2ywymhkukzjwr","to":{"groupId":"uw305zvn2rx01nveza65sjw3"},"from":{"blockId":"zkol1a77ysy0hm2s44x8jqqt","groupId":"t5m63rp79qht6eq6m9yjeria"}},{"id":"p6gas9habajxx4oafqh3d4bk","to":{"blockId":"aycdboc2x69ob11lnrxr7xsr","groupId":"v2nmew31yt37xpu8mcx1yre2"},"from":{"blockId":"seok18jp53481j2yhs71jtou","groupId":"uw305zvn2rx01nveza65sjw3"}},{"id":"xzbr8u2v9eaago5n52gpwovu","to":{"groupId":"pvoq0s2nbynmt2m9imlito3h"},"from":{"blockId":"aycdboc2x69ob11lnrxr7xsr","groupId":"v2nmew31yt37xpu8mcx1yre2"}},{"id":"r1rwr9ab1epyzvmyrsnw321j","to":{"groupId":"gkaz4v1re02sld06bdybhw04"},"from":{"blockId":"j1h8qu0vbx4g298i8jrbqdo3","groupId":"pvoq0s2nbynmt2m9imlito3h"}},{"id":"r088ws3848ykthd8keb3lbqb","to":{"groupId":"is5ao0epiwcsqwwooki46o6x"},"from":{"blockId":"jwl429972rx76w65wof3jzda","groupId":"gkaz4v1re02sld06bdybhw04"}},{"id":"kdxrsv9ft5xgdu2vmiomad39","to":{"blockId":"e97k2lh8k1z3xydocd4r52rz","groupId":"pitqf2jh6suujf1eaxj0udxa"},"from":{"blockId":"jm6kew8iipz24hg37kht3zcg","groupId":"is5ao0epiwcsqwwooki46o6x"}},{"id":"co8ieetyqb3bl6ok1oud8lpa","to":{"groupId":"w4lrlvzerobgttnaxkxon9lf"},"from":{"blockId":"e97k2lh8k1z3xydocd4r52rz","groupId":"pitqf2jh6suujf1eaxj0udxa"}},{"id":"pfelmujiqbfd3pomjpq99nyw","to":{"groupId":"dgus692mru20fv17iwg23qse"},"from":{"blockId":"ah1p5p8apegtanmz31mr93xh","groupId":"w4lrlvzerobgttnaxkxon9lf"}},{"id":"hkqzmld3xg7jto3n2zhsdrs6","to":{"groupId":"joto084vzwr1sbj43e642hir"},"from":{"blockId":"aknh3fjuhqjq040nnyb5dvnc","groupId":"dgus692mru20fv17iwg23qse"}},{"id":"npzyrklfqvztubt90tcj63af","to":{"blockId":"ih2g3hap1r9exlqfuahlf1h8","groupId":"cxzv0jynfaa2qhp5usfi3nri"},"from":{"blockId":"c381gu3isvsei1c85y3ym4io","groupId":"joto084vzwr1sbj43e642hir"}},{"id":"ul8sznngo97f9ysbrxotvads","to":{"groupId":"epwnrithxxgcncihaj5deqho"},"from":{"blockId":"ih2g3hap1r9exlqfuahlf1h8","groupId":"cxzv0jynfaa2qhp5usfi3nri"}},{"id":"fmxubkb1znvs1nyezhk9d1pb","to":{"groupId":"c8bwj08vs50qiitpnaxw4uc3"},"from":{"blockId":"nxttnzh9bf037xq85faebact","groupId":"epwnrithxxgcncihaj5deqho"}},{"id":"wyygdngrctei9dsv5f9l83bo","to":{"groupId":"craf0lwushxcsq8v0mznw2al"},"from":{"blockId":"spqoboisbna51i5piquweg2r","groupId":"av5jbh5400xkl62y09wdlfzq"}},{"id":"yfem0ig87lp7x6iujlq6e1a1","to":{"groupId":"dsm0846md2hchxxsbjsbqoxq"},"from":{"blockId":"anku7fb0rbm0ej7x7y8h0d3m","groupId":"craf0lwushxcsq8v0mznw2al"}},{"id":"gjam8kqvsjrqbzyjvp0rflqg","to":{"groupId":"r25pefmyxfzb3hfevz58rza3"},"from":{"blockId":"ei45hbfmo234yq0zemawnzlh","groupId":"ooxh3qgylgpc6ohn30g220s0"}},{"id":"tmvo71b8fmcdwyo46urg74x5","to":{"blockId":"zy9anbz6t48dqgytv2nkmd5t","groupId":"knt1y8gy8jtp4x8dsxcoij5e"},"from":{"blockId":"s5vnbfhpxccamny3ahncdfhq","groupId":"r25pefmyxfzb3hfevz58rza3"}},{"id":"onnavrv310wdvpf1lx5l4tg9","to":{"groupId":"mampd7q33w9bgjtpffh1xyin"},"from":{"blockId":"akfipz337x2vby985cpgqfcy","groupId":"cqiat5nuyvdwls58gsbdyghr"}},{"id":"yupg90nwrnfz7grbh0m18aiy","to":{"blockId":"swe5dzob05qgu3ugohadrv73","groupId":"vec0x2335l4rrv2qclalpxgy"},"from":{"blockId":"xcxiab9swnumkn6ld16h5ivb","groupId":"mampd7q33w9bgjtpffh1xyin"}},{"id":"c57ejmdrob5nr462wvjcxa4v","to":{"blockId":"h5r16th7wko8lsr0sbxvu4y1","groupId":"k3j1jml8b9myd39dhziphveu"},"from":{"blockId":"swe5dzob05qgu3ugohadrv73","groupId":"vec0x2335l4rrv2qclalpxgy"}},{"id":"pcfo3ygvy0g5jasju7qmb02l","to":{"groupId":"yvqrqsl3saqtp97gspkrmwk8"},"from":{"blockId":"h5r16th7wko8lsr0sbxvu4y1","groupId":"k3j1jml8b9myd39dhziphveu"}},{"id":"x2miugzj8nkt0iqejs6y4va3","to":{"groupId":"dkqftiqw3l0141tpq3ilqx3c"},"from":{"blockId":"jf0n79x5vd4dpscswopj7uca","groupId":"yvqrqsl3saqtp97gspkrmwk8"}},{"id":"s1sya4x1rri882fr3ajjhl7t","to":{"blockId":"gomayoeafqu0xvimwgqnlhl6","groupId":"l44dseo9qvsze88j0r5twb7z"},"from":{"blockId":"zgmhrk27zis408zx4bg59hdl","groupId":"dkqftiqw3l0141tpq3ilqx3c"}}],"theme":{"chat":{"inputs":{"color":"#303235","backgroundColor":"#FFFFFF","placeholderColor":"#9095A0"},"buttons":{"color":"#FFFFFF","backgroundColor":"#005225"},"hostAvatar":{"url":"https://s3.fr-par.scw.cloud/typebot/public/typebots/clkh9ojg1001qmm0fhla9cfnf/hostAvatar?v=1690227364739","isEnabled":true},"guestAvatar":{"url":"https://i.postimg.cc/VkJ6vJDT/wb.jpg","isEnabled":false},"hostBubbles":{"color":"#303235","backgroundColor":"#F7F8FF"},"guestBubbles":{"color":"#FFFFFF","backgroundColor":"#083a1f"}},"general":{"font":"Open Sans","background":{"type":"Image","content":"https://i.postimg.cc/g0gvpF7H/5556cf40-a6db-4086-bb41-9759c37e7cd2.jpg"}}},"settings":{"general":{"rememberUser":{"isEnabled":false},"isBrandingEnabled":true,"isInputPrefillEnabled":true,"isHideQueryParamsEnabled":true},"metadata":{"favIconUrl":"https://i.postimg.cc/VkJ6vJDT/wb.jpg","description":"Build beautiful conversational forms and embed them directly in your applications without a line of code. Triple your response rate and collect answers that has more value compared to a traditional form."},"typingEmulation":{"speed":300,"enabled":true,"maxDelay":1.5}}}