{"id":"clij8rrwn006zmd0fh23d1yxq","version":"3","groups":[{"id":"g6xr7cxqk6j9i2fw0h2eiago","title":"Start","blocks":[{"id":"clbk0lonb000908l701ns28kv","type":"start","label":"Start","groupId":"g6xr7cxqk6j9i2fw0h2eiago","outgoingEdgeId":"ie6af1uzg0jsqwpohnixth4l"}],"graphCoordinates":{"x":0.86,"y":93.66}},{"id":"w26sv3zpxwltdgaa3lzm6qiv","title":"Apresentação","blocks":[{"id":"clbk0mq9q000l356emf2f36fj","type":"text","content":{"richText":[{"type":"p","children":[{"text":"Olá! Nós somos o Studio Meraki Arquitetura e Design, trabalhamos com projetos corporativos, comerciais e residenciais. Executamos desde a etapa inicial de layout até gerenciamento e entrega de obra."}]}]},"groupId":"w26sv3zpxwltdgaa3lzm6qiv"},{"id":"clbk0upxx000n356eg6kkhmzn","type":"text","content":{"richText":[{"type":"p","children":[{"text":"Por favor, preencha todo o formulário. Entraremos contato o mais breve possível."}]}]},"groupId":"w26sv3zpxwltdgaa3lzm6qiv","outgoingEdgeId":"tui2gy7z3c9kmirbmwireo9t"}],"graphCoordinates":{"x":437,"y":103}},{"id":"hyiqkyrcqlbzc2xuej2bcolh","title":"Vamos Lá","blocks":[{"id":"clbk0z0ba000p356eska8yqde","type":"choice input","items":[{"id":"clbk0z0ba000q356e6z89oeso","type":0,"blockId":"clbk0z0ba000p356eska8yqde","content":"Toque para começar","outgoingEdgeId":"izr00jnpdkup4u8xdgrj5yuw"}],"groupId":"hyiqkyrcqlbzc2xuej2bcolh","options":{"buttonLabel":"Send","isMultipleChoice":false}}],"graphCoordinates":{"x":856,"y":105}},{"id":"don5zgohgdv05fcnkdw0imto","title":"Pedindo Nome","blocks":[{"id":"clbk16eil000x356ef46p5nft","type":"text","content":{"richText":[{"type":"p","children":[{"text":"Qual o seu nome?"}]}]},"groupId":"don5zgohgdv05fcnkdw0imto","outgoingEdgeId":"uhzjuv9j3s1chro8bg898j9r"}],"graphCoordinates":{"x":1288.43,"y":176.6}},{"id":"nqkxoiinzesjx69ijnln0048","title":"Nome","blocks":[{"id":"clbk16s0u0010356eml8xllcc","type":"text input","groupId":"nqkxoiinzesjx69ijnln0048","options":{"isLong":false,"labels":{"button":"Enviar","placeholder":"Digite Seu Nome"},"variableId":"vclbk1764g0012356e41p1jrmd"},"outgoingEdgeId":"njtelhc6z2292mm3nqmzhxks"}],"graphCoordinates":{"x":1669.86,"y":218.02}},{"id":"gol1c7ykxus2jnxfgfq22uv8","title":"Pedindo Email","blocks":[{"id":"clbk1a0lq0016356exqh350bi","type":"text","content":{"html":"<div>Qual o seu melhor email?</div>","richText":[{"type":"p","children":[{"text":"Qual o seu melhor email?"}]}],"plainText":"Qual o seu melhor email?"},"groupId":"gol1c7ykxus2jnxfgfq22uv8","outgoingEdgeId":"reiahtkdp36cruxezogpas8j"}],"graphCoordinates":{"x":3130.88,"y":234.97}},{"id":"z8o11lnss8qhnmilcxiqw45b","title":"Email","blocks":[{"id":"clbk1b080001a356enbql6ydj","type":"email input","groupId":"z8o11lnss8qhnmilcxiqw45b","options":{"labels":{"button":"Enviar","placeholder":"Digite seu Email"},"variableId":"vclbk1by25001c356etu4woeew","retryMessageContent":"Este email parece estar errado. Digite novamente"},"outgoingEdgeId":"abm61yve8edhou66jsk231qu"}],"graphCoordinates":{"x":3508,"y":237.77}},{"id":"l61r8122bxad5pqta9wpxfvb","title":"Pedindo Whatsapp","blocks":[{"id":"clbk1cm19001e356e4aekule8","type":"text","content":{"richText":[{"type":"p","children":[{"bold":true,"text":"Importante: "},{"text":"Para que a gente consiga entrar em contato."}]}]},"groupId":"l61r8122bxad5pqta9wpxfvb"},{"id":"clbk1e959001g356eoix4mgwp","type":"text","content":{"richText":[{"type":"p","children":[{"text":"Qual o seu Whatsapp?"}]}]},"groupId":"l61r8122bxad5pqta9wpxfvb","outgoingEdgeId":"j39vxi823mjnhmlf5efhvzop"}],"graphCoordinates":{"x":1999.28,"y":222.81}},{"id":"gf344yl9thk7osta6kzozgzf","title":"Whatsapp","blocks":[{"id":"clbk1em91001i356ecvct77vh","type":"phone number input","groupId":"gf344yl9thk7osta6kzozgzf","options":{"labels":{"button":"Enviar","placeholder":"Digite seu Whatsapp"},"variableId":"vclbk1gzv4001l356egriemesh","defaultCountryCode":"BR","retryMessageContent":"Este número parece estar errado. Por favor, verifique e digite novamente."},"outgoingEdgeId":"kr46gzpjn2u71fnockxt26nb"}],"graphCoordinates":{"x":2331.65,"y":296.67}},{"id":"vt1ajmljkk0nlpk47ygjn9pd","title":"Group #9","blocks":[{"id":"clbk1hwpi001n356e30a4mrou","type":"text","content":{"richText":[{"type":"p","children":[{"text":"Então, {{Nome}}. O número {{Telefone}} está correto? "},{"bold":true,"text":"(Um número errado pode atrasar nosso contato)"}]}]},"groupId":"vt1ajmljkk0nlpk47ygjn9pd","outgoingEdgeId":"dp82bmsowqarcsdknbg9fx5i"}],"graphCoordinates":{"x":2651.3,"y":240.31}},{"id":"xf7vv71vht2cgiofn8vuh9zs","title":"Group #10","blocks":[{"id":"clbk1kf47001q356e1gz8fghe","type":"choice input","items":[{"id":"clbk1kf47001r356ea80aoqy9","type":0,"blockId":"clbk1kf47001q356e1gz8fghe","content":"Sim","outgoingEdgeId":"k7tpmiy7gmwff1ew0ogtar5z"},{"id":"clbk1kpa5001s356efydz5jz3","type":0,"blockId":"clbk1kf47001q356e1gz8fghe","content":"Não","outgoingEdgeId":"xg4kgpurdpv9geh15t8i0oby"}],"groupId":"xf7vv71vht2cgiofn8vuh9zs","options":{"buttonLabel":"Send","isMultipleChoice":false}}],"graphCoordinates":{"x":2901.37,"y":-118.31}},{"id":"blxmz8j2u47r2ysm0xxphxwn","title":"Group #11","blocks":[{"id":"clbk1ny5r001w356ea5t3f73u","type":"text","content":{"richText":[{"type":"p","children":[{"text":"Maravilha! Qual o seu site? "}]}]},"groupId":"blxmz8j2u47r2ysm0xxphxwn"},{"id":"pgwk2tod3omur02s0bj90a62","type":"text","content":{"richText":[{"type":"p","children":[{"text":"Caso não tenha site, coloque aqui seu Instagram."}]}]},"groupId":"blxmz8j2u47r2ysm0xxphxwn"},{"id":"ja3mzkrpxjk7czwndubsztpm","type":"text input","groupId":"blxmz8j2u47r2ysm0xxphxwn","options":{"isLong":false,"labels":{"button":"Enviar","placeholder":"Digite seu site ou Instagram"},"variableId":"vdpap1wiudtjvhhsdm9xe20wz"},"outgoingEdgeId":"rtx2hxqw7086cbvjwr9sswft"}],"graphCoordinates":{"x":5397.75,"y":590.62}},{"id":"p1bhpf9vjxgtrb22m9smkvhr","title":"Group #11 copy","blocks":[{"id":"i7m8ntobwk3gcfsojnn47pe9","type":"text","content":{"richText":[{"type":"p","children":[{"text":"Você gostaria de compartilhar conosco seu instagram?"}]}]},"groupId":"p1bhpf9vjxgtrb22m9smkvhr"},{"id":"soatypjqgjcktbk4da0099ou","type":"choice input","items":[{"id":"qprp18b796wxma1tc9g26sij","type":0,"blockId":"soatypjqgjcktbk4da0099ou","content":"Sim","outgoingEdgeId":"db1obghachw4u9vopply0xgp"},{"id":"hnr1650artgmpwwgewoekqjr","type":0,"blockId":"soatypjqgjcktbk4da0099ou","content":"Não","outgoingEdgeId":"u33sidejc3brm3xr6haimlrg"}],"groupId":"p1bhpf9vjxgtrb22m9smkvhr","options":{"buttonLabel":"Send","isSearchable":false,"isMultipleChoice":false,"searchInputPlaceholder":"Filter the options..."}}],"graphCoordinates":{"x":5070.16,"y":-1071.39}},{"id":"fwmqg314apj58jk0uilz1ir6","title":"Group #13","blocks":[{"id":"clbk1te3q0025356eyublaeqf","type":"text","content":{"richText":[{"type":"p","children":[{"text":"{{Nome}}, qual dos nossos serviços você estaria interessado?"}]}]},"groupId":"fwmqg314apj58jk0uilz1ir6","outgoingEdgeId":"xmp4xyr8xyuwqdi3k19qbfz2"}],"graphCoordinates":{"x":4359.76,"y":175.36}},{"id":"gjletek7fsek2pn5tg9dxxow","title":"Serviços","blocks":[{"id":"clbk1uqmg0027356erbti8sho","type":"choice input","items":[{"id":"clbk1vlso0029356epy3ptp6w","type":0,"blockId":"clbk1uqmg0027356erbti8sho","content":"Projeto Residencial","outgoingEdgeId":"pd9v50sto7cvtfufrrqrgn9f"},{"id":"clbl27nbz002p356e6y52424s","type":0,"blockId":"clbk1uqmg0027356erbti8sho","content":"Projeto Corporativo","outgoingEdgeId":"px6eqom6fmrsg4b98hfpfo38"},{"id":"lpe5kua1tc1skpgdcja4thdg","type":0,"blockId":"clbk1uqmg0027356erbti8sho","content":"Projeto Comercial","outgoingEdgeId":"wafl6ioxv1vbsljr17ac7dfe"}],"groupId":"gjletek7fsek2pn5tg9dxxow","options":{"variableId":"vt0sh9g48tgqp3sjywa4lve0f","buttonLabel":"Send","isMultipleChoice":false}}],"graphCoordinates":{"x":4750.81,"y":241.26}},{"id":"q5h3spmljb4x8ia1hd7m7jzx","title":"Quanto você está disposto a investir na sua obra?","blocks":[{"id":"rye476mbwd9ivp7b1baus26x","type":"text","content":{"richText":[{"type":"p","children":[{"text":"Qual o seu planejamento de investimento para esta obra?"}]}]},"groupId":"q5h3spmljb4x8ia1hd7m7jzx"},{"id":"clbk2dtkw0034356eeab7zac8","type":"choice input","items":[{"id":"clbk2mcs5003o356erzlq4tl4","type":0,"blockId":"clbk2dtkw0034356eeab7zac8","content":"De R$80.000 a R$150.000","outgoingEdgeId":"ywecnos6bu7flkvf8syxfg8w"},{"id":"clbk2n4bs003p356ejha9uwsq","type":0,"blockId":"clbk2dtkw0034356eeab7zac8","content":"De R$150.000 a R$300.000","outgoingEdgeId":"on8k3vot0t5488gmn2ugjyna"},{"id":"clbk2nyiy003q356e5of63d5d","type":0,"blockId":"clbk2dtkw0034356eeab7zac8","content":"De R$300.000 a R$450.000","outgoingEdgeId":"g140ocgfit920oyol1h1kk84"},{"id":"clbk2omtt003r356ei3rbcws7","type":0,"blockId":"clbk2dtkw0034356eeab7zac8","content":"De R$450.000 a R$600.000","outgoingEdgeId":"zu82934svqctdunckanjzc5v"},{"id":"clbk2pkld003s356esnj22rrr","type":0,"blockId":"clbk2dtkw0034356eeab7zac8","content":"De R$600.00 a R$1.000.000","outgoingEdgeId":"f11m1th1kr84k7qd1h0vumvx"},{"id":"clbk2q6c2003t356etdrudarq","type":0,"blockId":"clbk2dtkw0034356eeab7zac8","content":"Acima de R$1.000.000","outgoingEdgeId":"dzeyqd0ut1nsgqpmqdvtj4aj"},{"id":"clbk2r8qi003v356eaqm90vmz","type":0,"blockId":"clbk2dtkw0034356eeab7zac8","content":"Não Estou Disposto a Investir Nada","outgoingEdgeId":"rkfdsdp4o6wk98nznebhkaid"},{"id":"cld0ioxwi0008356j70zhortz","type":0,"blockId":"clbk2dtkw0034356eeab7zac8","content":"Menos de R$80.000","outgoingEdgeId":"u5limuyih0hkfqfmvnp4e6kc"}],"groupId":"q5h3spmljb4x8ia1hd7m7jzx","options":{"variableId":"vclbk2fpu70038356eub3h27ej","buttonLabel":"Send","isMultipleChoice":false}}],"graphCoordinates":{"x":7229.43,"y":385.23}},{"id":"trmxfh023dahay1ju44ifbf3","title":"Investimento Total","blocks":[{"id":"vzyb09yhjzdxpqmj7ez588uh","type":"text","content":{"richText":[{"type":"p","children":[{"text":"Qual o seu planejamento de investimento para esta obra?"}]}]},"groupId":"trmxfh023dahay1ju44ifbf3"},{"id":"hj5t0txq5y2yo53qwme665u1","type":"choice input","items":[{"id":"w0z3p8rdh32kmn496cwy7652","type":0,"blockId":"hj5t0txq5y2yo53qwme665u1","content":"De R$100.000 a R$250.000","outgoingEdgeId":"eme3l3n5vr2lp3epin5lltka"},{"id":"dqxtq5mbnvhwcyhhercjwgau","type":0,"blockId":"hj5t0txq5y2yo53qwme665u1","content":"De R$250.000 a R$500.000","outgoingEdgeId":"acajw2vfzuwzh2dk7pbxh2ar"},{"id":"ncbvox00u8twlbkbkuztbkmx","type":0,"blockId":"hj5t0txq5y2yo53qwme665u1","content":"De R$500.000 a R$750.000","outgoingEdgeId":"zb5aqlc94861p2il3cio6e7m"},{"id":"kfp4l631aje7g6881ad1j7qo","type":0,"blockId":"hj5t0txq5y2yo53qwme665u1","content":"De R$750.000 a R$1.000.000","outgoingEdgeId":"ywt1w3qu5tfz3aozo4rdglqd"},{"id":"d7clz0cxdbuj9m4hhi9dnjnw","type":0,"blockId":"hj5t0txq5y2yo53qwme665u1","content":"Acima de R$1.000.000","outgoingEdgeId":"l4tjtu0huyqli5mysbzukhw8"},{"id":"q95fjzu59cht6seac7uvyfqe","type":0,"blockId":"hj5t0txq5y2yo53qwme665u1","content":"Menos de R$100.000","outgoingEdgeId":"nc5rxqwtka5i9euvslnd416b"},{"id":"vzc86ye4ctgcaxr1lumq4i30","type":0,"blockId":"hj5t0txq5y2yo53qwme665u1","content":"Não Estou Disposto a Investir Nada","outgoingEdgeId":"r0cpinrqpkh747o5d1jqy8nf"}],"groupId":"trmxfh023dahay1ju44ifbf3","options":{"variableId":"vclbk2fpu70038356eub3h27ej","buttonLabel":"Send","isMultipleChoice":false}}],"graphCoordinates":{"x":6510,"y":-1148.88}},{"id":"sf5r7rax9xjghsnvnw48xrlv","title":"Metragem","blocks":[{"id":"mintqx0i7jesuiaqolht7j0k","type":"text","content":{"richText":[{"type":"p","children":[{"text":"Nossas propostas têm como base a metragem e localização. Qual a metragem total da área onde deseja nossa atuação e onde está localizado o imóvel? "}]}]},"groupId":"sf5r7rax9xjghsnvnw48xrlv"},{"id":"x4607sw0a3xqlz1esiazas0r","type":"text input","groupId":"sf5r7rax9xjghsnvnw48xrlv","options":{"isLong":false,"labels":{"button":"Enviar","placeholder":"Digite a Metragem quadrada e Local"},"variableId":"vr9tv5djk17hwqwc5f2w363n8"},"outgoingEdgeId":"pmf8mao5ltip1tk2rgoyoesp"}],"graphCoordinates":{"x":5680.32,"y":-872.11}},{"id":"u9dj8emokv5dcxytezx8ijt2","title":"Metragem copy","blocks":[{"id":"hdmu1hhj0cuewsrux3zrnpq3","type":"text","content":{"richText":[{"type":"p","children":[{"text":"Maravilha! "}]}]},"groupId":"u9dj8emokv5dcxytezx8ijt2"},{"id":"xiv2pjz0objmik30d4ykwgym","type":"text","content":{"richText":[{"type":"p","children":[{"text":"Pode digitar logo abaixo:"}]}]},"groupId":"u9dj8emokv5dcxytezx8ijt2"},{"id":"pwl2esiwvazog05nvn1ur5fs","type":"text input","groupId":"u9dj8emokv5dcxytezx8ijt2","options":{"isLong":false,"labels":{"button":"Enviar","placeholder":"@instagram"},"variableId":"vclbk1p2gm0021356e7g1k593h"},"outgoingEdgeId":"h7migsqv0scs6ab6holtowhv"}],"graphCoordinates":{"x":5430.68,"y":-1242.63}},{"id":"cqfpte29r9gj0w6su51mques","title":"Metragem copy copy","blocks":[{"id":"pmm7jquxh9bspgsnpf6c2pmu","type":"text","content":{"richText":[{"type":"p","children":[{"text":"Sem problema!"}]}]},"groupId":"cqfpte29r9gj0w6su51mques","outgoingEdgeId":"ofdm5xewr5fb0bonbby2wajd"}],"graphCoordinates":{"x":5273.88,"y":-517.48}},{"id":"rrsnjdfw1bxo4j65gwqkmvhq","title":"Metragem Corporativo","blocks":[{"id":"tc8s2glt811n113d2oibcqxe","type":"text","content":{"richText":[{"type":"p","children":[{"text":"Nossas propostas têm como base a metragem e a localização. Qual a metragem total da área onde deseja a nossa atuação e onde está localizado o imóvel? "}]}]},"groupId":"rrsnjdfw1bxo4j65gwqkmvhq"},{"id":"d16xjcr10sd87si0wrpnzwp7","type":"text input","groupId":"rrsnjdfw1bxo4j65gwqkmvhq","options":{"isLong":false,"labels":{"button":"Enviar","placeholder":"Digite a metragem e o local"},"variableId":"vr9tv5djk17hwqwc5f2w363n8"},"outgoingEdgeId":"j0travyvv09x8iwa6mqiy54c"}],"graphCoordinates":{"x":5884.43,"y":590.23}},{"id":"ln7hxnurdqju5s9v8jyjldo8","title":"Buyer Jorney","blocks":[{"id":"clbk2wg820046356e2uh2e6na","type":"text","content":{"html":"<div>{{Nome}}, qual das opções abaixo melhor descreve o seu momento atual?</div>","richText":[{"type":"p","children":[{"text":"{{Nome}}, qual das opções abaixo melhor descreve o seu momento atual?"}]}],"plainText":"{{Nome}}, qual das opções abaixo melhor descreve o seu momento atual?"},"groupId":"ln7hxnurdqju5s9v8jyjldo8","outgoingEdgeId":"hgv0m349zvezx45jncoa8p5e"}],"graphCoordinates":{"x":8035.1,"y":856.06}},{"id":"mrv9i07kwkn0dch08fyo694j","title":"Buyer Jorney copy","blocks":[{"id":"i3x6nzqbd7fk7iqhklu2drx3","type":"text","content":{"html":"<div>{{Nome}}, qual das opções abaixo melhor descreve o seu momento atual?</div>","richText":[{"type":"p","children":[{"text":"{{Nome}}, qual das opções abaixo melhor descreve o seu momento atual?"}]}],"plainText":"{{Nome}}, qual das opções abaixo melhor descreve o seu momento atual?"},"groupId":"mrv9i07kwkn0dch08fyo694j","outgoingEdgeId":"bsua62ney798eue3kkyme6f3"}],"graphCoordinates":{"x":6880.46,"y":-1861.58}},{"id":"jiakgco8vw8jrg8otu0tfwdm","title":"Buyer Jorney","blocks":[{"id":"clbk2x6ax0049356eazosraqv","type":"choice input","items":[{"id":"clbk2x6ax004a356e51kfde6n","type":0,"blockId":"clbk2x6ax0049356eazosraqv","content":"Estou escolhendo uma empresa de arquitetura e gerenciamento de obra para contratar.","outgoingEdgeId":"mhswmy58zvvu3pfaqpbz0myo"},{"id":"clbk2xr6q004b356edn5tbdyn","type":0,"blockId":"clbk2x6ax0049356eazosraqv","content":"Estou pensando em reformar ou construir mas não sei direito quando e por onde começar.","outgoingEdgeId":"wkl7cvc36vwp7td056yqgd9m"},{"id":"clbk2y5zm004c356epcol05hr","type":0,"blockId":"clbk2x6ax0049356eazosraqv","content":"Estou apenas fazendo uma pesquisa  e pensando em me programar para o futuro breve.","outgoingEdgeId":"wglolq6ewes1q5qspx01562t"}],"groupId":"jiakgco8vw8jrg8otu0tfwdm","options":{"variableId":"vclbk2zk5t004g356e070mvbam","buttonLabel":"Send","isMultipleChoice":false}}],"graphCoordinates":{"x":8257.43,"y":-566.86}},{"id":"icf7907hhj9hpp4x457umi7h","title":"Buyer Jorney copy","blocks":[{"id":"v60kc0sgaaudiv6vwayy1vye","type":"choice input","items":[{"id":"sl9dbkh6fpqtqwjuwahw1d2c","type":0,"blockId":"v60kc0sgaaudiv6vwayy1vye","content":"Estou escolhendo uma empresa de arquitetura e gerenciamento de obra para contratar.","outgoingEdgeId":"a0kd9ixvvyzm3z6sd4ql8y72"},{"id":"ss4zvmzgoghlkwunug3chdz7","type":0,"blockId":"v60kc0sgaaudiv6vwayy1vye","content":"Estou pensando em reformar ou construir mas não sei direito quando e por onde começar.","outgoingEdgeId":"i3rx3di64pkwpzwtrpb9zl9l"},{"id":"r4aw6pcipjx2q66do5nbhhas","type":0,"blockId":"v60kc0sgaaudiv6vwayy1vye","content":"Estou apenas fazendo uma pesquisa  e pensando em me programar para um futuro breve.","outgoingEdgeId":"m34zc7z40jdnq6gfucfsh39j"}],"groupId":"icf7907hhj9hpp4x457umi7h","options":{"variableId":"vclbk2zk5t004g356e070mvbam","buttonLabel":"Send","isMultipleChoice":false}}],"graphCoordinates":{"x":7548.84,"y":-1934.04}},{"id":"x4ny165ke0z98c4ba99rc1wr","title":"Group #24","blocks":[{"id":"clbk362vl004n356epwv31bfb","type":"text","content":{"richText":[{"type":"p","children":[{"text":"{{Nome}}"}]}]},"groupId":"x4ny165ke0z98c4ba99rc1wr"},{"id":"clbk36xmn004o356ey50womgp","type":"text","content":{"richText":[{"type":"p","children":[{"text":"Reunindo as informações que foram passadas, infelizmente não conseguiremos te ajudar."}]}]},"groupId":"x4ny165ke0z98c4ba99rc1wr"},{"id":"clbk38bno004p356e051alemw","type":"text","content":{"richText":[{"type":"p","children":[{"text":"Talvez ainda não seja o momento certo para você realizar um projeto conosco."}]}]},"groupId":"x4ny165ke0z98c4ba99rc1wr"},{"id":"cld0j51d7000p356jnmbbl3oa","type":"text","content":{"richText":[{"type":"p","children":[{"text":"De qualquer forma, agradecemos muito pelo seu tempo e esperamos poder te atender em uma outra oportunidade."}]}]},"groupId":"x4ny165ke0z98c4ba99rc1wr"},{"id":"qp4pe2b15pqixwe3fmrm36dz","type":"Google Sheets","groupId":"x4ny165ke0z98c4ba99rc1wr","options":{"action":"Insert a row","sheetId":"1176992541","cellsToInsert":[{"id":"dc4p6m6zypf985mt4pn775td","value":"{{utm_term}}","column":"utm_term"},{"id":"ytno1rgsi1y5mwo5fu6ad38n","value":"{{Nome}}","column":"nome"},{"id":"m65cj1x0iiwq4e1pbm2o2q7a","value":"{{Email}}","column":"email"},{"id":"oypav957orbgu551scwrsmio","value":"{{Telefone}}","column":"Telefone (Whatsapp)"},{"id":"hrwq9iihm41zzzqjw5wdj59m","value":"{{utm_source}}","column":"utm_source"},{"id":"hr1juzvwdycbs0s0lrnxclds","value":"{{utm_campaign}}","column":"utm_campaign"},{"id":"wbaiaty4dhh5x3dsrjpgonhw","value":"{{utm_content}}","column":"utm_content"},{"id":"r834yjf8udeblo2rv63dqpkn","value":"{{utm_medium}}","column":"utm_medium"},{"id":"k464ey8a7mnep7p2tuaaducl","value":"{{data}}","column":"data"},{"id":"tlo54c8gcocjre2nsqy2to8z","value":"{{site}}{{Instagram}}","column":"site ou instagram"},{"id":"c630mf10u8if87p9mfxnovzr","value":"{{Buyer Jorney}}","column":"Momento do empresa"},{"id":"nkupxx8g7q4q84ijb6kqol8x","value":"{{Dispon.Investimento}}","column":"Disponibilidade Investimento"},{"id":"epequc8yeba0cl295dj0f8qa","value":"{{Metragem e Local}}","column":"Metragem"},{"id":"t2hk7c2603nc37jvubsh0nrc","value":"{{Gerenciamento de Obra}}","column":"Gerenciamento de obra"},{"id":"fxc0qyw0t1nookv713p3w2r6","value":"{{Serviços}}","column":"Serviços"},{"id":"q87c5onof14ivpmftj2yfc6s","value":"{{Confirmação de Investimento}}","column":"Confirmação de Investimento"}],"credentialsId":"clivto0s9000yla0f01qmkwi4","spreadsheetId":"1zmz-ShlhTUSG4wZCW8re7vyA43Dn0sQ0v8-eoxa3wXY"},"outgoingEdgeId":"cil1u1rznwexbs9d54dt8qrs"}],"graphCoordinates":{"x":7602.15,"y":2465.29}},{"id":"if2ek2v911899oujuayz1ln3","title":"Obrigado","blocks":[{"id":"lu5vqenx371eg7k1870t13jg","type":"text","content":{"richText":[{"type":"p","children":[{"text":"Parabéns pelo primeiro passo, {{Nome}}"}]}]},"groupId":"if2ek2v911899oujuayz1ln3"},{"id":"z5ztz5bxtrs81ff6wq8nqz14","type":"text","content":{"richText":[{"type":"p","children":[{"text":"Nossa equipe entrará em contato com você o mais breve possível. "}]},{"type":"p","children":[{"text":"Agora fique à vontade para conhecer um pouco dos nossos serviços."}]}]},"groupId":"if2ek2v911899oujuayz1ln3"},{"id":"h6gtq6j2ophkhpub9ps7dwuy","type":"Google Sheets","groupId":"if2ek2v911899oujuayz1ln3","options":{"action":"Insert a row","sheetId":"1176992541","cellsToInsert":[{"id":"dc4p6m6zypf985mt4pn775td","value":"{{utm_term}}","column":"utm_term"},{"id":"ytno1rgsi1y5mwo5fu6ad38n","value":"{{Nome}}","column":"nome"},{"id":"m65cj1x0iiwq4e1pbm2o2q7a","value":"{{Email}}","column":"email"},{"id":"oypav957orbgu551scwrsmio","value":"{{Telefone}}","column":"Telefone (Whatsapp)"},{"id":"hrwq9iihm41zzzqjw5wdj59m","value":"{{utm_source}}","column":"utm_source"},{"id":"hr1juzvwdycbs0s0lrnxclds","value":"{{utm_campaign}}","column":"utm_campaign"},{"id":"wbaiaty4dhh5x3dsrjpgonhw","value":"{{utm_content}}","column":"utm_content"},{"id":"r834yjf8udeblo2rv63dqpkn","value":"{{utm_medium}}","column":"utm_medium"},{"id":"k464ey8a7mnep7p2tuaaducl","value":"{{data}}","column":"data"},{"id":"tlo54c8gcocjre2nsqy2to8z","value":"{{site}}{{Instagram}}","column":"site ou instagram"},{"id":"c630mf10u8if87p9mfxnovzr","value":"{{Buyer Jorney}}","column":"Momento do empresa"},{"id":"nkupxx8g7q4q84ijb6kqol8x","value":"{{Dispon.Investimento}}","column":"Disponibilidade Investimento"},{"id":"epequc8yeba0cl295dj0f8qa","value":"{{Metragem e Local}}","column":"Metragem"},{"id":"t2hk7c2603nc37jvubsh0nrc","value":"{{Gerenciamento de Obra}}","column":"Gerenciamento de obra"},{"id":"fxc0qyw0t1nookv713p3w2r6","value":"{{Serviços}}","column":"Serviços"},{"id":"q87c5onof14ivpmftj2yfc6s","value":"{{Confirmação de Investimento}}","column":"Confirmação de Investimento"}],"credentialsId":"clivto0s9000yla0f01qmkwi4","spreadsheetId":"1zmz-ShlhTUSG4wZCW8re7vyA43Dn0sQ0v8-eoxa3wXY"}},{"id":"hfnwq8ezcjm7g1wialp2lctm","type":"Wait","groupId":"if2ek2v911899oujuayz1ln3","options":{"secondsToWaitFor":"3,0"},"outgoingEdgeId":"v1coxvbeoj0jgidtdjxlq9ye"}],"graphCoordinates":{"x":8777.54,"y":-325.98}},{"id":"lkhbwqbyag3v3frziwpbq4ec","title":"Obrigado copy","blocks":[{"id":"pfcmj6drsgwsqn4mujl55d30","type":"text","content":{"richText":[{"type":"p","children":[{"text":"Parabéns pelo primeiro passo, {{Nome}}"}]}]},"groupId":"lkhbwqbyag3v3frziwpbq4ec"},{"id":"bmxiidghzcpbsblsse0r5656","type":"text","content":{"richText":[{"type":"p","children":[{"text":"Nossa equipe entrará em contato com você o mais breve possível. "}]},{"type":"p","children":[{"text":"Agora fique à vontade para conhecer um pouco dos nossos serviços."}]}]},"groupId":"lkhbwqbyag3v3frziwpbq4ec"},{"id":"av5tokmd18f1opf742jqqvk2","type":"Google Sheets","groupId":"lkhbwqbyag3v3frziwpbq4ec","options":{"action":"Insert a row","sheetId":"50723035","cellsToInsert":[{"id":"dc4p6m6zypf985mt4pn775td","value":"{{utm_term}}","column":"utm_term"},{"id":"ytno1rgsi1y5mwo5fu6ad38n","value":"{{Nome}}","column":"nome"},{"id":"m65cj1x0iiwq4e1pbm2o2q7a","value":"{{Email}}","column":"email"},{"id":"oypav957orbgu551scwrsmio","value":"{{Telefone}}","column":"Telefone (Whatsapp)"},{"id":"hrwq9iihm41zzzqjw5wdj59m","value":"{{utm_source}}","column":"utm_source"},{"id":"hr1juzvwdycbs0s0lrnxclds","value":"{{utm_campaign}}","column":"utm_campaign"},{"id":"wbaiaty4dhh5x3dsrjpgonhw","value":"{{utm_content}}","column":"utm_content"},{"id":"r834yjf8udeblo2rv63dqpkn","value":"{{utm_medium}}","column":"utm_medium"},{"id":"k464ey8a7mnep7p2tuaaducl","value":"{{data}}","column":"data"},{"id":"tlo54c8gcocjre2nsqy2to8z","value":"{{site}}{{Instagram}}","column":"site ou instagram"},{"id":"c630mf10u8if87p9mfxnovzr","value":"{{Buyer Jorney}}","column":"Momento do empresa"},{"id":"nkupxx8g7q4q84ijb6kqol8x","value":"{{Dispon.Investimento}}","column":"Disponibilidade Investimento"},{"id":"epequc8yeba0cl295dj0f8qa","value":"{{Metragem e Local}}","column":"Metragem"},{"id":"t2hk7c2603nc37jvubsh0nrc","value":"{{Gerenciamento de Obra}}","column":"Gerenciamento de obra"},{"id":"fxc0qyw0t1nookv713p3w2r6","value":"{{Serviços}}","column":"Serviços"},{"id":"q87c5onof14ivpmftj2yfc6s","value":"{{Confirmação de Investimento}}","column":"Confirmação de Investimento"}],"credentialsId":"clivto0s9000yla0f01qmkwi4","spreadsheetId":"1zmz-ShlhTUSG4wZCW8re7vyA43Dn0sQ0v8-eoxa3wXY"}},{"id":"gn7l4t4ln9a8gvihskdlnuvd","type":"Wait","groupId":"lkhbwqbyag3v3frziwpbq4ec","options":{"secondsToWaitFor":"3,0"},"outgoingEdgeId":"e4jhkpiygej32968ql9bwx42"}],"graphCoordinates":{"x":8116.1,"y":-1946.48}},{"id":"yegz3rnwhw28ktegwnv2zdb3","title":"Group #21","blocks":[{"id":"clcalt7hl000g356j3095igrh","type":"Set variable","groupId":"yegz3rnwhw28ktegwnv2zdb3","options":{"type":"Custom","variableId":"vclcaltzov000h356jl744lc8i","mapListItemParams":{"baseItemVariableId":"vlr24kcnsvl5ghh9wzth3o0sp"},"expressionToEvaluate":"{{utm_campaign}}"}},{"id":"clcalv4kw000k356jn5d7i2qr","type":"Set variable","groupId":"yegz3rnwhw28ktegwnv2zdb3","options":{"variableId":"vclcalvi5e000l356jf39aqysd","expressionToEvaluate":"{{utm_medium}}"}},{"id":"clcalvnt6000m356jd9yr78ox","type":"Set variable","groupId":"yegz3rnwhw28ktegwnv2zdb3","options":{"variableId":"vclcalvys4000o356juq0uzlb8","expressionToEvaluate":"{{utm_source}}"}},{"id":"clcalvqgs000n356jdcyfywzr","type":"Set variable","groupId":"yegz3rnwhw28ktegwnv2zdb3","options":{"variableId":"vclcalwa3y000p356jsujofdso","expressionToEvaluate":"{{utm_content}}"}},{"id":"aljtprjy4b2jer9vbd9ul8wf","type":"Set variable","groupId":"yegz3rnwhw28ktegwnv2zdb3","options":{"type":"Custom","variableId":"vlr24kcnsvl5ghh9wzth3o0sp","expressionToEvaluate":"{{utm_term}}"}},{"id":"jfjhururbdypltfo1x4xsi7p","type":"Set variable","groupId":"yegz3rnwhw28ktegwnv2zdb3","options":{"type":"Today","variableId":"vu596nriejyeimkl6gv42220q","expressionToEvaluate":"{{data}}"},"outgoingEdgeId":"vtrvze2qy4soanpr6x2tqqkq"}],"graphCoordinates":{"x":3710.95,"y":-386.21}},{"id":"nnz36ezk3tuawllsond9umdu","title":"Confirmando o Investimento","blocks":[{"id":"cld0iqxcb000c356jb3tlf8z4","type":"text","content":{"html":"<div>{{Nome}}.</div>","richText":[{"type":"p","children":[{"text":"{{Nome}}."}]}],"plainText":"{{Nome}}."},"groupId":"nnz36ezk3tuawllsond9umdu"},{"id":"cld0iramx000d356jebt0gsyg","type":"text","content":{"richText":[{"type":"p","children":[{"text":"Nossos clientes hoje investem a partir de "},{"bold":true,"text":"R$3.500/m² considerando obra e projeto."}]}]},"groupId":"nnz36ezk3tuawllsond9umdu"},{"id":"cld0isrkb000e356j1c8b6gg2","type":"text","content":{"richText":[{"type":"p","children":[{"text":"Caso você se identifique com os nossos projetos, você consideraria esse valor no seu orçamento ou está fora da sua realidade neste momento?"}]}]},"groupId":"nnz36ezk3tuawllsond9umdu","outgoingEdgeId":"u42ydakshm5i8yagi97zf3a2"}],"graphCoordinates":{"x":7866.83,"y":1379.05}},{"id":"u4o3mo9u7qbo89wqdxs2x4ep","title":"Confirmação Investimento Projeto","blocks":[{"id":"ptobeqtv31an2vru94fvnmvx","type":"text","content":{"richText":[{"type":"p","children":[{"text":"{{Nome}}."}]}]},"groupId":"u4o3mo9u7qbo89wqdxs2x4ep"},{"id":"x5illvvl2nsyo2ger94dawxo","type":"text","content":{"richText":[{"type":"p","children":[{"text":"Nossos clientes hoje investem a partir de "},{"bold":true,"text":"R$3.800,00 em nossos projetos."}]}]},"groupId":"u4o3mo9u7qbo89wqdxs2x4ep"},{"id":"i88lptsjvkt20ngnpujs6f0l","type":"text","content":{"richText":[{"type":"p","children":[{"text":"Caso você se identifique com os nossos serviços, você consideraria esse valor no seu orçamento ou está fora da sua realidade neste momento?"}]}]},"groupId":"u4o3mo9u7qbo89wqdxs2x4ep","outgoingEdgeId":"yrd0fvnyjmenc7zvq9fyyque"}],"graphCoordinates":{"x":6486.87,"y":-50.39}},{"id":"advkru3auytlhsghf9n9omnt","title":"Confirmação Investimento Projeto","blocks":[{"id":"x5bfbe11q9e0ysqlb32eqbn1","type":"text","content":{"richText":[{"type":"p","children":[{"text":"{{Nome}}."}]}]},"groupId":"advkru3auytlhsghf9n9omnt"},{"id":"byofpha8f6dcunz7amtmqa00","type":"text","content":{"richText":[{"type":"p","children":[{"text":"Nossos clientes hoje investem à partir de "},{"bold":true,"text":"R$4.000,00 em nossos projetos."}]}]},"groupId":"advkru3auytlhsghf9n9omnt"},{"id":"hqskz797f5teot84jj87vtpa","type":"text","content":{"richText":[{"type":"p","children":[{"text":"Caso você se identifique com os nossos serviços, você consideraria esse valor no seu orçamento ou está fora da sua realidade neste momento?"}]}]},"groupId":"advkru3auytlhsghf9n9omnt","outgoingEdgeId":"lrhppbyyltw89y8o1zaoh9ik"}],"graphCoordinates":{"x":6771.02,"y":1304.56}},{"id":"yr56634dh7r2npmdqylmrfs5","title":"Confirmação Investimento Total","blocks":[{"id":"r4p42s0uafs0sc8mva1fnzfk","type":"text","content":{"richText":[{"type":"p","children":[{"text":"{{Nome}}."}]}]},"groupId":"yr56634dh7r2npmdqylmrfs5"},{"id":"klfz7c5kruzwvup2drkc953p","type":"text","content":{"richText":[{"type":"p","children":[{"text":"Nossos clientes hoje investem à partir de "},{"bold":true,"text":"R$5.000/m² considerando obra e projeto."}]}]},"groupId":"yr56634dh7r2npmdqylmrfs5"},{"id":"rrc0wfuqyeoyagucq2uaakhk","type":"text","content":{"richText":[{"type":"p","children":[{"text":"Caso você se identifique com os nossos serviços, você consideraria esse valor no seu orçamento ou está fora da sua realidade neste momento?"}]}]},"groupId":"yr56634dh7r2npmdqylmrfs5","outgoingEdgeId":"d33qiz0f8vumpunx4331stm4"}],"graphCoordinates":{"x":7296.76,"y":-713.26}},{"id":"jgliuvc1ikwi35uv7ns9int8","title":"Confirmando o Gerenciamento de Obra","blocks":[{"id":"t589ghirg6a46cajw1tje82l","type":"text","content":{"richText":[{"type":"p","children":[{"text":"{{Nome}}."}]}]},"groupId":"jgliuvc1ikwi35uv7ns9int8"},{"id":"s25mnho5ys7nb1qnovz0ko3d","type":"text","content":{"richText":[{"type":"p","children":[{"text":"Além da elaboração do projeto, nós também realizamos o gerenciamento completo da obra. Você precisa desse serviço também?"}]}]},"groupId":"jgliuvc1ikwi35uv7ns9int8"},{"id":"tinzyi3mx9uccxn8q6yc0ix0","type":"choice input","items":[{"id":"vph983dwlz7y2u9clunnx5p0","type":0,"blockId":"tinzyi3mx9uccxn8q6yc0ix0","content":"Sim","outgoingEdgeId":"osvloxnb22xumkdvx674plp9"},{"id":"jq4x7n1m0ske75qqg2dbfzhm","type":0,"blockId":"tinzyi3mx9uccxn8q6yc0ix0","content":"Não","outgoingEdgeId":"grfo06zbqx1tdekm1dqw6f3n"}],"groupId":"jgliuvc1ikwi35uv7ns9int8","options":{"variableId":"vcfkeyrzqqi15lkkz05kzqb4o","buttonLabel":"Send","isSearchable":false,"isMultipleChoice":false,"searchInputPlaceholder":"Filter the options..."}}],"graphCoordinates":{"x":6077.27,"y":-1037.51}},{"id":"ut34uutkda7r3k6opry8n23z","title":"Gerenciamento de Obra","blocks":[{"id":"purkifqqsc2zeys0gvmeq1o3","type":"text","content":{"richText":[{"type":"p","children":[{"text":"{{Nome}}."}]}]},"groupId":"ut34uutkda7r3k6opry8n23z"},{"id":"olol870l6u3ogntu8887lka8","type":"text","content":{"richText":[{"type":"p","children":[{"text":"Além da elaboração do projeto, nós também realizamos o gerenciamento completo da obra. Você precisa desse serviço também?"}]}]},"groupId":"ut34uutkda7r3k6opry8n23z"},{"id":"b0qloj6siu82y4xffq0rda8t","type":"choice input","items":[{"id":"pc3dfwdy1m8ci9fnvw7ycorv","type":0,"blockId":"b0qloj6siu82y4xffq0rda8t","content":"Sim","outgoingEdgeId":"nkzukqabk31k6u7it5kem0uo"},{"id":"vncpj5tocqnwy1zgnoq2z9nn","type":0,"blockId":"b0qloj6siu82y4xffq0rda8t","content":"Não","outgoingEdgeId":"dcr3bjbzbucaqzntj7e8wmg1"}],"groupId":"ut34uutkda7r3k6opry8n23z","options":{"variableId":"vcfkeyrzqqi15lkkz05kzqb4o","buttonLabel":"Send","isSearchable":false,"isMultipleChoice":false,"searchInputPlaceholder":"Filter the options..."}}],"graphCoordinates":{"x":6763.02,"y":725.56}},{"id":"a67o7msg1ylf1dcibxxgs9a8","title":"Group #23","blocks":[{"id":"cld0j82u6000x356j45un5e7d","type":"Redirect","groupId":"a67o7msg1ylf1dcibxxgs9a8","options":{"url":"https://studiomeraki.com.br/projetos/","isNewTab":false}}],"graphCoordinates":{"x":8411.28,"y":2491.56}},{"id":"hu4nrdapiqaslnnb47fy201h","title":"Group #24","blocks":[{"id":"cld0ixpej000f356jyfki2s0o","type":"choice input","items":[{"id":"cld0ixpej000g356jcw3l5h3f","type":0,"blockId":"cld0ixpej000f356jyfki2s0o","content":"Avaliando o projeto inicial poderia considerar este valor sim!","outgoingEdgeId":"t001hlb6b93c5ccwn9t2n9bc"},{"id":"cld0izn6k000j356jzjjsajt8","type":0,"blockId":"cld0ixpej000f356jyfki2s0o","content":"No momento, este valor está fora da minha realidade","outgoingEdgeId":"opd56wtvs42w78t2mlt86jbq"}],"groupId":"hu4nrdapiqaslnnb47fy201h","options":{"variableId":"vynriqkwelr1jhk67f72kbliq","buttonLabel":"Send","isMultipleChoice":false}}],"graphCoordinates":{"x":7119.57,"y":1887.75}},{"id":"mmwr79dmosbup6hf96posz98","title":"Group #24 copy","blocks":[{"id":"yz93xebgexv0yhxkuq7j4mo8","type":"choice input","items":[{"id":"fzybga0ohl00xqxf5krjei98","type":0,"blockId":"yz93xebgexv0yhxkuq7j4mo8","content":"Avaliando o projeto inicial poderia considerar este valor sim!","outgoingEdgeId":"ps0wlrlgn2i07t2zg5sw6x7y"},{"id":"h5vz1iq97fftb23abudrp7wj","type":0,"blockId":"yz93xebgexv0yhxkuq7j4mo8","content":"No momento, este valor está fora da minha realidade.","outgoingEdgeId":"dnk8zzphftxqxaft10wkv03f"}],"groupId":"mmwr79dmosbup6hf96posz98","options":{"variableId":"vynriqkwelr1jhk67f72kbliq","buttonLabel":"Send","isMultipleChoice":false}}],"graphCoordinates":{"x":7724.77,"y":-1046.32}},{"id":"hsfhgx10e33xk890wy5tv8ph","title":"Group #25","blocks":[{"id":"cld0j7m2b000t356jmywlfwvd","type":"choice input","items":[{"id":"cld0j7m2b000u356jg7b2wdcn","type":0,"blockId":"cld0j7m2b000t356jmywlfwvd","content":"Fique à vontade para conhecer alguns de nossos projetos.","outgoingEdgeId":"nvwla3midn9q1aanshcrumcv"}],"groupId":"hsfhgx10e33xk890wy5tv8ph","options":{"buttonLabel":"Send","isMultipleChoice":false}}],"graphCoordinates":{"x":8019.3,"y":2485.27}},{"id":"vxmjh3ph9mz2popa0l7muax4","title":"Group #26","blocks":[{"id":"u3109biwxsraqhlicowogmtg","type":"Google Sheets","groupId":"vxmjh3ph9mz2popa0l7muax4","options":{"action":"Insert a row","sheetId":"0","cellsToInsert":[{"id":"dc4p6m6zypf985mt4pn775td","value":"{{utm_term}}","column":"utm_term"},{"id":"ytno1rgsi1y5mwo5fu6ad38n","value":"{{Nome}}","column":"nome"},{"id":"m65cj1x0iiwq4e1pbm2o2q7a","value":"{{Email}}","column":"email"},{"id":"oypav957orbgu551scwrsmio","value":"{{Telefone}}","column":"Telefone (Whatsapp)"},{"id":"hrwq9iihm41zzzqjw5wdj59m","value":"{{utm_source}}","column":"utm_source"},{"id":"hr1juzvwdycbs0s0lrnxclds","value":"{{utm_campaign}}","column":"utm_campaign"},{"id":"wbaiaty4dhh5x3dsrjpgonhw","value":"{{utm_content}}","column":"utm_content"},{"id":"r834yjf8udeblo2rv63dqpkn","value":"{{utm_medium}}","column":"utm_medium"},{"id":"k464ey8a7mnep7p2tuaaducl","value":"{{data}}","column":"data"}],"credentialsId":"clivto0s9000yla0f01qmkwi4","spreadsheetId":"1zmz-ShlhTUSG4wZCW8re7vyA43Dn0sQ0v8-eoxa3wXY"},"outgoingEdgeId":"d2u8zqv2ndyvw27nvi5396am"}],"graphCoordinates":{"x":4082.33,"y":-40.96}},{"id":"b5wc8i2oizvacicgqragn1b5","title":"Group #27","blocks":[{"id":"se1mpb4aczoudlj6rg56jv4k","type":"Email","groupId":"b5wc8i2oizvacicgqragn1b5","options":{"cc":["marlon.fidelis@gmail.com"],"replyTo":"","recipients":["paula@studiomeraki.com.br","nathessia@studiomeraki.com.br","tatiane@studiomeraki.com.br"],"isCustomBody":false,"credentialsId":"default"}},{"id":"clbk3pl7n0052356eo60y2c5q","type":"Redirect","groupId":"b5wc8i2oizvacicgqragn1b5","options":{"url":"https://studiomeraki.com.br/projetos/","isNewTab":false}}],"graphCoordinates":{"x":9173.55,"y":-446.18}}],"variables":[{"id":"vclbk1764g0012356e41p1jrmd","name":"Nome"},{"id":"vclbk1by25001c356etu4woeew","name":"Email"},{"id":"vclbk1gzv4001l356egriemesh","name":"Telefone"},{"id":"vclbk1p2gm0021356e7g1k593h","name":"Instagram"},{"id":"vclbk2fpu70038356eub3h27ej","name":"Dispon.Investimento"},{"id":"vclbk2zk5t004g356e070mvbam","name":"Buyer Jorney"},{"id":"vclcaltzov000h356jl744lc8i","name":"utm_campaign"},{"id":"vclcalvi5e000l356jf39aqysd","name":"utm_medium"},{"id":"vclcalvys4000o356juq0uzlb8","name":"utm_source"},{"id":"vclcalwa3y000p356jsujofdso","name":"utm_content"},{"id":"vdpap1wiudtjvhhsdm9xe20wz","name":"site"},{"id":"vlr24kcnsvl5ghh9wzth3o0sp","name":"utm_term"},{"id":"vu596nriejyeimkl6gv42220q","name":"data"},{"id":"vt0sh9g48tgqp3sjywa4lve0f","name":"Serviços"},{"id":"vr9tv5djk17hwqwc5f2w363n8","name":"Metragem e Local"},{"id":"vcfkeyrzqqi15lkkz05kzqb4o","name":"Gerenciamento de Obra"},{"id":"vynriqkwelr1jhk67f72kbliq","name":"Confirmação de Investimento"}],"edges":[{"id":"izr00jnpdkup4u8xdgrj5yuw","to":{"groupId":"don5zgohgdv05fcnkdw0imto"},"from":{"itemId":"clbk0z0ba000q356e6z89oeso","blockId":"clbk0z0ba000p356eska8yqde","groupId":"hyiqkyrcqlbzc2xuej2bcolh"}},{"id":"j39vxi823mjnhmlf5efhvzop","to":{"groupId":"gf344yl9thk7osta6kzozgzf"},"from":{"blockId":"clbk1e959001g356eoix4mgwp","groupId":"l61r8122bxad5pqta9wpxfvb"}},{"id":"kr46gzpjn2u71fnockxt26nb","to":{"groupId":"vt1ajmljkk0nlpk47ygjn9pd"},"from":{"blockId":"clbk1em91001i356ecvct77vh","groupId":"gf344yl9thk7osta6kzozgzf"}},{"id":"dp82bmsowqarcsdknbg9fx5i","to":{"groupId":"xf7vv71vht2cgiofn8vuh9zs"},"from":{"blockId":"clbk1hwpi001n356e30a4mrou","groupId":"vt1ajmljkk0nlpk47ygjn9pd"}},{"id":"xg4kgpurdpv9geh15t8i0oby","to":{"groupId":"l61r8122bxad5pqta9wpxfvb"},"from":{"itemId":"clbk1kpa5001s356efydz5jz3","blockId":"clbk1kf47001q356e1gz8fghe","groupId":"xf7vv71vht2cgiofn8vuh9zs"}},{"id":"xmp4xyr8xyuwqdi3k19qbfz2","to":{"groupId":"gjletek7fsek2pn5tg9dxxow"},"from":{"blockId":"clbk1te3q0025356eyublaeqf","groupId":"fwmqg314apj58jk0uilz1ir6"}},{"id":"hgv0m349zvezx45jncoa8p5e","to":{"groupId":"jiakgco8vw8jrg8otu0tfwdm"},"from":{"blockId":"clbk2wg820046356e2uh2e6na","groupId":"ln7hxnurdqju5s9v8jyjldo8"}},{"id":"on8k3vot0t5488gmn2ugjyna","to":{"groupId":"ln7hxnurdqju5s9v8jyjldo8"},"from":{"itemId":"clbk2n4bs003p356ejha9uwsq","blockId":"clbk2dtkw0034356eeab7zac8","groupId":"q5h3spmljb4x8ia1hd7m7jzx"}},{"id":"g140ocgfit920oyol1h1kk84","to":{"groupId":"ln7hxnurdqju5s9v8jyjldo8"},"from":{"itemId":"clbk2nyiy003q356e5of63d5d","blockId":"clbk2dtkw0034356eeab7zac8","groupId":"q5h3spmljb4x8ia1hd7m7jzx"}},{"id":"zu82934svqctdunckanjzc5v","to":{"groupId":"ln7hxnurdqju5s9v8jyjldo8"},"from":{"itemId":"clbk2omtt003r356ei3rbcws7","blockId":"clbk2dtkw0034356eeab7zac8","groupId":"q5h3spmljb4x8ia1hd7m7jzx"}},{"id":"f11m1th1kr84k7qd1h0vumvx","to":{"groupId":"ln7hxnurdqju5s9v8jyjldo8"},"from":{"itemId":"clbk2pkld003s356esnj22rrr","blockId":"clbk2dtkw0034356eeab7zac8","groupId":"q5h3spmljb4x8ia1hd7m7jzx"}},{"id":"dzeyqd0ut1nsgqpmqdvtj4aj","to":{"groupId":"ln7hxnurdqju5s9v8jyjldo8"},"from":{"itemId":"clbk2q6c2003t356etdrudarq","blockId":"clbk2dtkw0034356eeab7zac8","groupId":"q5h3spmljb4x8ia1hd7m7jzx"}},{"id":"wkl7cvc36vwp7td056yqgd9m","to":{"groupId":"if2ek2v911899oujuayz1ln3"},"from":{"itemId":"clbk2xr6q004b356edn5tbdyn","blockId":"clbk2x6ax0049356eazosraqv","groupId":"jiakgco8vw8jrg8otu0tfwdm"}},{"id":"wglolq6ewes1q5qspx01562t","to":{"groupId":"if2ek2v911899oujuayz1ln3"},"from":{"itemId":"clbk2y5zm004c356epcol05hr","blockId":"clbk2x6ax0049356eazosraqv","groupId":"jiakgco8vw8jrg8otu0tfwdm"}},{"id":"rkfdsdp4o6wk98nznebhkaid","to":{"groupId":"x4ny165ke0z98c4ba99rc1wr"},"from":{"itemId":"clbk2r8qi003v356eaqm90vmz","blockId":"clbk2dtkw0034356eeab7zac8","groupId":"q5h3spmljb4x8ia1hd7m7jzx"}},{"id":"mhswmy58zvvu3pfaqpbz0myo","to":{"groupId":"if2ek2v911899oujuayz1ln3"},"from":{"itemId":"clbk2x6ax004a356e51kfde6n","blockId":"clbk2x6ax0049356eazosraqv","groupId":"jiakgco8vw8jrg8otu0tfwdm"}},{"id":"uhzjuv9j3s1chro8bg898j9r","to":{"groupId":"nqkxoiinzesjx69ijnln0048"},"from":{"blockId":"clbk16eil000x356ef46p5nft","groupId":"don5zgohgdv05fcnkdw0imto"}},{"id":"u5limuyih0hkfqfmvnp4e6kc","to":{"groupId":"nnz36ezk3tuawllsond9umdu"},"from":{"itemId":"cld0ioxwi0008356j70zhortz","blockId":"clbk2dtkw0034356eeab7zac8","groupId":"q5h3spmljb4x8ia1hd7m7jzx"}},{"id":"nvwla3midn9q1aanshcrumcv","to":{"groupId":"a67o7msg1ylf1dcibxxgs9a8"},"from":{"itemId":"cld0j7m2b000u356jg7b2wdcn","blockId":"cld0j7m2b000t356jmywlfwvd","groupId":"hsfhgx10e33xk890wy5tv8ph"}},{"id":"opd56wtvs42w78t2mlt86jbq","to":{"groupId":"x4ny165ke0z98c4ba99rc1wr"},"from":{"itemId":"cld0izn6k000j356jzjjsajt8","blockId":"cld0ixpej000f356jyfki2s0o","groupId":"hu4nrdapiqaslnnb47fy201h"}},{"id":"njtelhc6z2292mm3nqmzhxks","to":{"blockId":"clbk1cm19001e356e4aekule8","groupId":"l61r8122bxad5pqta9wpxfvb"},"from":{"blockId":"clbk16s0u0010356eml8xllcc","groupId":"nqkxoiinzesjx69ijnln0048"}},{"id":"u42ydakshm5i8yagi97zf3a2","to":{"groupId":"hu4nrdapiqaslnnb47fy201h"},"from":{"blockId":"cld0isrkb000e356j1c8b6gg2","groupId":"nnz36ezk3tuawllsond9umdu"}},{"id":"t001hlb6b93c5ccwn9t2n9bc","to":{"blockId":"clbk2wg820046356e2uh2e6na","groupId":"ln7hxnurdqju5s9v8jyjldo8"},"from":{"itemId":"cld0ixpej000g356jcw3l5h3f","blockId":"cld0ixpej000f356jyfki2s0o","groupId":"hu4nrdapiqaslnnb47fy201h"}},{"id":"ie6af1uzg0jsqwpohnixth4l","to":{"groupId":"w26sv3zpxwltdgaa3lzm6qiv"},"from":{"blockId":"clbk0lonb000908l701ns28kv","groupId":"g6xr7cxqk6j9i2fw0h2eiago"}},{"id":"abm61yve8edhou66jsk231qu","to":{"groupId":"yegz3rnwhw28ktegwnv2zdb3"},"from":{"blockId":"clbk1b080001a356enbql6ydj","groupId":"z8o11lnss8qhnmilcxiqw45b"}},{"id":"vtrvze2qy4soanpr6x2tqqkq","to":{"groupId":"vxmjh3ph9mz2popa0l7muax4"},"from":{"blockId":"jfjhururbdypltfo1x4xsi7p","groupId":"yegz3rnwhw28ktegwnv2zdb3"}},{"id":"v1coxvbeoj0jgidtdjxlq9ye","to":{"groupId":"b5wc8i2oizvacicgqragn1b5"},"from":{"blockId":"hfnwq8ezcjm7g1wialp2lctm","groupId":"if2ek2v911899oujuayz1ln3"}},{"id":"tui2gy7z3c9kmirbmwireo9t","to":{"groupId":"hyiqkyrcqlbzc2xuej2bcolh"},"from":{"blockId":"clbk0upxx000n356eg6kkhmzn","groupId":"w26sv3zpxwltdgaa3lzm6qiv"}},{"id":"k7tpmiy7gmwff1ew0ogtar5z","to":{"groupId":"gol1c7ykxus2jnxfgfq22uv8"},"from":{"itemId":"clbk1kf47001r356ea80aoqy9","blockId":"clbk1kf47001q356e1gz8fghe","groupId":"xf7vv71vht2cgiofn8vuh9zs"}},{"id":"reiahtkdp36cruxezogpas8j","to":{"groupId":"z8o11lnss8qhnmilcxiqw45b"},"from":{"blockId":"clbk1a0lq0016356exqh350bi","groupId":"gol1c7ykxus2jnxfgfq22uv8"}},{"id":"dnk8zzphftxqxaft10wkv03f","to":{"groupId":"x4ny165ke0z98c4ba99rc1wr"},"from":{"itemId":"h5vz1iq97fftb23abudrp7wj","blockId":"yz93xebgexv0yhxkuq7j4mo8","groupId":"mmwr79dmosbup6hf96posz98"}},{"id":"osvloxnb22xumkdvx674plp9","to":{"groupId":"trmxfh023dahay1ju44ifbf3"},"from":{"itemId":"vph983dwlz7y2u9clunnx5p0","blockId":"tinzyi3mx9uccxn8q6yc0ix0","groupId":"jgliuvc1ikwi35uv7ns9int8"}},{"id":"grfo06zbqx1tdekm1dqw6f3n","to":{"groupId":"u4o3mo9u7qbo89wqdxs2x4ep"},"from":{"itemId":"jq4x7n1m0ske75qqg2dbfzhm","blockId":"tinzyi3mx9uccxn8q6yc0ix0","groupId":"jgliuvc1ikwi35uv7ns9int8"}},{"id":"acajw2vfzuwzh2dk7pbxh2ar","to":{"groupId":"mrv9i07kwkn0dch08fyo694j"},"from":{"itemId":"dqxtq5mbnvhwcyhhercjwgau","blockId":"hj5t0txq5y2yo53qwme665u1","groupId":"trmxfh023dahay1ju44ifbf3"}},{"id":"zb5aqlc94861p2il3cio6e7m","to":{"groupId":"mrv9i07kwkn0dch08fyo694j"},"from":{"itemId":"ncbvox00u8twlbkbkuztbkmx","blockId":"hj5t0txq5y2yo53qwme665u1","groupId":"trmxfh023dahay1ju44ifbf3"}},{"id":"ywt1w3qu5tfz3aozo4rdglqd","to":{"groupId":"mrv9i07kwkn0dch08fyo694j"},"from":{"itemId":"kfp4l631aje7g6881ad1j7qo","blockId":"hj5t0txq5y2yo53qwme665u1","groupId":"trmxfh023dahay1ju44ifbf3"}},{"id":"l4tjtu0huyqli5mysbzukhw8","to":{"groupId":"mrv9i07kwkn0dch08fyo694j"},"from":{"itemId":"d7clz0cxdbuj9m4hhi9dnjnw","blockId":"hj5t0txq5y2yo53qwme665u1","groupId":"trmxfh023dahay1ju44ifbf3"}},{"id":"bsua62ney798eue3kkyme6f3","to":{"groupId":"icf7907hhj9hpp4x457umi7h"},"from":{"blockId":"i3x6nzqbd7fk7iqhklu2drx3","groupId":"mrv9i07kwkn0dch08fyo694j"}},{"id":"pmf8mao5ltip1tk2rgoyoesp","to":{"groupId":"jgliuvc1ikwi35uv7ns9int8"},"from":{"blockId":"x4607sw0a3xqlz1esiazas0r","groupId":"sf5r7rax9xjghsnvnw48xrlv"}},{"id":"a0kd9ixvvyzm3z6sd4ql8y72","to":{"groupId":"lkhbwqbyag3v3frziwpbq4ec"},"from":{"itemId":"sl9dbkh6fpqtqwjuwahw1d2c","blockId":"v60kc0sgaaudiv6vwayy1vye","groupId":"icf7907hhj9hpp4x457umi7h"}},{"id":"i3rx3di64pkwpzwtrpb9zl9l","to":{"blockId":"pfcmj6drsgwsqn4mujl55d30","groupId":"lkhbwqbyag3v3frziwpbq4ec"},"from":{"itemId":"ss4zvmzgoghlkwunug3chdz7","blockId":"v60kc0sgaaudiv6vwayy1vye","groupId":"icf7907hhj9hpp4x457umi7h"}},{"id":"m34zc7z40jdnq6gfucfsh39j","to":{"groupId":"lkhbwqbyag3v3frziwpbq4ec"},"from":{"itemId":"r4aw6pcipjx2q66do5nbhhas","blockId":"v60kc0sgaaudiv6vwayy1vye","groupId":"icf7907hhj9hpp4x457umi7h"}},{"id":"e4jhkpiygej32968ql9bwx42","to":{"groupId":"b5wc8i2oizvacicgqragn1b5"},"from":{"blockId":"gn7l4t4ln9a8gvihskdlnuvd","groupId":"lkhbwqbyag3v3frziwpbq4ec"}},{"id":"pd9v50sto7cvtfufrrqrgn9f","to":{"groupId":"p1bhpf9vjxgtrb22m9smkvhr"},"from":{"itemId":"clbk1vlso0029356epy3ptp6w","blockId":"clbk1uqmg0027356erbti8sho","groupId":"gjletek7fsek2pn5tg9dxxow"}},{"id":"d2u8zqv2ndyvw27nvi5396am","to":{"groupId":"fwmqg314apj58jk0uilz1ir6"},"from":{"blockId":"u3109biwxsraqhlicowogmtg","groupId":"vxmjh3ph9mz2popa0l7muax4"}},{"id":"px6eqom6fmrsg4b98hfpfo38","to":{"groupId":"blxmz8j2u47r2ysm0xxphxwn"},"from":{"itemId":"clbl27nbz002p356e6y52424s","blockId":"clbk1uqmg0027356erbti8sho","groupId":"gjletek7fsek2pn5tg9dxxow"}},{"id":"wafl6ioxv1vbsljr17ac7dfe","to":{"groupId":"blxmz8j2u47r2ysm0xxphxwn"},"from":{"itemId":"lpe5kua1tc1skpgdcja4thdg","blockId":"clbk1uqmg0027356erbti8sho","groupId":"gjletek7fsek2pn5tg9dxxow"}},{"id":"rtx2hxqw7086cbvjwr9sswft","to":{"groupId":"rrsnjdfw1bxo4j65gwqkmvhq"},"from":{"blockId":"ja3mzkrpxjk7czwndubsztpm","groupId":"blxmz8j2u47r2ysm0xxphxwn"}},{"id":"j0travyvv09x8iwa6mqiy54c","to":{"groupId":"ut34uutkda7r3k6opry8n23z"},"from":{"blockId":"d16xjcr10sd87si0wrpnzwp7","groupId":"rrsnjdfw1bxo4j65gwqkmvhq"}},{"id":"ywecnos6bu7flkvf8syxfg8w","to":{"groupId":"ln7hxnurdqju5s9v8jyjldo8"},"from":{"itemId":"clbk2mcs5003o356erzlq4tl4","blockId":"clbk2dtkw0034356eeab7zac8","groupId":"q5h3spmljb4x8ia1hd7m7jzx"}},{"id":"yrd0fvnyjmenc7zvq9fyyque","to":{"groupId":"mmwr79dmosbup6hf96posz98"},"from":{"blockId":"i88lptsjvkt20ngnpujs6f0l","groupId":"u4o3mo9u7qbo89wqdxs2x4ep"}},{"id":"nkzukqabk31k6u7it5kem0uo","to":{"groupId":"q5h3spmljb4x8ia1hd7m7jzx"},"from":{"itemId":"pc3dfwdy1m8ci9fnvw7ycorv","blockId":"b0qloj6siu82y4xffq0rda8t","groupId":"ut34uutkda7r3k6opry8n23z"}},{"id":"db1obghachw4u9vopply0xgp","to":{"groupId":"u9dj8emokv5dcxytezx8ijt2"},"from":{"itemId":"qprp18b796wxma1tc9g26sij","blockId":"soatypjqgjcktbk4da0099ou","groupId":"p1bhpf9vjxgtrb22m9smkvhr"}},{"id":"ofdm5xewr5fb0bonbby2wajd","to":{"groupId":"sf5r7rax9xjghsnvnw48xrlv"},"from":{"blockId":"pmm7jquxh9bspgsnpf6c2pmu","groupId":"cqfpte29r9gj0w6su51mques"}},{"id":"u33sidejc3brm3xr6haimlrg","to":{"groupId":"cqfpte29r9gj0w6su51mques"},"from":{"itemId":"hnr1650artgmpwwgewoekqjr","blockId":"soatypjqgjcktbk4da0099ou","groupId":"p1bhpf9vjxgtrb22m9smkvhr"}},{"id":"eme3l3n5vr2lp3epin5lltka","to":{"groupId":"yr56634dh7r2npmdqylmrfs5"},"from":{"itemId":"w0z3p8rdh32kmn496cwy7652","blockId":"hj5t0txq5y2yo53qwme665u1","groupId":"trmxfh023dahay1ju44ifbf3"}},{"id":"dcr3bjbzbucaqzntj7e8wmg1","to":{"blockId":"byofpha8f6dcunz7amtmqa00","groupId":"advkru3auytlhsghf9n9omnt"},"from":{"itemId":"vncpj5tocqnwy1zgnoq2z9nn","blockId":"b0qloj6siu82y4xffq0rda8t","groupId":"ut34uutkda7r3k6opry8n23z"}},{"id":"d33qiz0f8vumpunx4331stm4","to":{"groupId":"mmwr79dmosbup6hf96posz98"},"from":{"blockId":"rrc0wfuqyeoyagucq2uaakhk","groupId":"yr56634dh7r2npmdqylmrfs5"}},{"id":"lrhppbyyltw89y8o1zaoh9ik","to":{"groupId":"hu4nrdapiqaslnnb47fy201h"},"from":{"blockId":"hqskz797f5teot84jj87vtpa","groupId":"advkru3auytlhsghf9n9omnt"}},{"id":"h7migsqv0scs6ab6holtowhv","to":{"groupId":"sf5r7rax9xjghsnvnw48xrlv"},"from":{"blockId":"pwl2esiwvazog05nvn1ur5fs","groupId":"u9dj8emokv5dcxytezx8ijt2"}},{"id":"nc5rxqwtka5i9euvslnd416b","to":{"blockId":"r4p42s0uafs0sc8mva1fnzfk","groupId":"yr56634dh7r2npmdqylmrfs5"},"from":{"itemId":"q95fjzu59cht6seac7uvyfqe","blockId":"hj5t0txq5y2yo53qwme665u1","groupId":"trmxfh023dahay1ju44ifbf3"}},{"id":"ps0wlrlgn2i07t2zg5sw6x7y","to":{"blockId":"i3x6nzqbd7fk7iqhklu2drx3","groupId":"mrv9i07kwkn0dch08fyo694j"},"from":{"itemId":"fzybga0ohl00xqxf5krjei98","blockId":"yz93xebgexv0yhxkuq7j4mo8","groupId":"mmwr79dmosbup6hf96posz98"}},{"id":"r0cpinrqpkh747o5d1jqy8nf","to":{"groupId":"yr56634dh7r2npmdqylmrfs5"},"from":{"itemId":"vzc86ye4ctgcaxr1lumq4i30","blockId":"hj5t0txq5y2yo53qwme665u1","groupId":"trmxfh023dahay1ju44ifbf3"}},{"id":"cil1u1rznwexbs9d54dt8qrs","to":{"groupId":"hsfhgx10e33xk890wy5tv8ph"},"from":{"blockId":"qp4pe2b15pqixwe3fmrm36dz","groupId":"x4ny165ke0z98c4ba99rc1wr"}}],"theme":{"chat":{"inputs":{"color":"#303235","backgroundColor":"#FFFFFF","placeholderColor":"#9095A0"},"buttons":{"color":"#FFFFFF","backgroundColor":"#D09C46"},"hostAvatar":{"url":"https://s3.fr-par.scw.cloud/typebot/public/typebots/v15np6ycnoakcxckjcuhurvi/hostAvatar?v=1686754754985","isEnabled":true},"guestAvatar":{"isEnabled":false},"hostBubbles":{"color":"#303235","backgroundColor":"#F7F8FF"},"guestBubbles":{"color":"#FFFFFF","backgroundColor":"#FF8E21"}},"general":{"font":"Open Sans","background":{"type":"None"}}},"settings":{"general":{"isBrandingEnabled":true,"isInputPrefillEnabled":true,"isResultSavingEnabled":true,"isHideQueryParamsEnabled":true,"isNewResultOnRefreshEnabled":false},"metadata":{"title":" STUDIO MERAKI - FORMULÁRIO","favIconUrl":"https://s3.fr-par.scw.cloud/typebot/public/typebots/v15np6ycnoakcxckjcuhurvi/favIcon?v=1686754828637","description":"Build beautiful conversational forms and embed them directly in your applications without a line of code. Triple your response rate and collect answers that has more value compared to a traditional form.","googleTagManagerId":"GTM-T8QDB3Q"},"typingEmulation":{"speed":750,"enabled":true,"maxDelay":1.5}}}