{"id":"clk93ksn8003xjf0fzi9f0o71","version":"3","groups":[{"id":"h3kjyvqsk8knfisb252mhac5","title":"Start","blocks":[{"id":"cx5iel8jxfo4caorf8rnjiw0","type":"start","label":"Start","groupId":"h3kjyvqsk8knfisb252mhac5","outgoingEdgeId":"dgw0eqbstv1ss39jtqimycdz"}],"graphCoordinates":{"x":-1804.43,"y":-11.61}},{"id":"a4lwrw1h8867rwcxmw0531ef","title":"","blocks":[{"id":"kl16bf94mpvm7ux0w9yhaksc","type":"text","content":{"richText":[{"type":"p","children":[{"bold":true,"text":"[VOCÊ"},{"text":" "},{"bold":true,"text":"FOI"},{"text":" "},{"bold":true,"text":"SELECIONADO]"}]},{"type":"p","children":[{"bold":true,"text":""}]},{"type":"p","children":[{"text":"ESSA "},{"bold":true,"text":"CONSULTA É","underline":true},{"text":" ","underline":true},{"bold":true,"text":"GRATUITA","underline":true},{"text":"!"}]}]},"groupId":"a4lwrw1h8867rwcxmw0531ef"},{"id":"ojoiuqw11ol7mluihnpdkffy","type":"text","content":{"richText":[{"type":"p","children":[{"text":"Olá, meu nome é Dra. Cris..."}]}]},"groupId":"a4lwrw1h8867rwcxmw0531ef"},{"id":"h9jhpsm5w83cfrwtlqtvsd38","type":"Wait","groupId":"a4lwrw1h8867rwcxmw0531ef","options":{"secondsToWaitFor":"2"}},{"id":"qgabe8bc82icxs4d0qnrazvx","type":"text","content":{"richText":[{"type":"p","children":[{"text":"Gostaria de "},{"bold":true,"text":"participar"},{"text":" do meu "}]},{"type":"p","children":[{"bold":true,"text":"programa GRATUITO"},{"text":" para diabetes?"}]}]},"groupId":"a4lwrw1h8867rwcxmw0531ef"},{"id":"c8zvdcs07rxg9q2yckyprsyn","type":"choice input","items":[{"id":"cigszfogy5e8w000i07vu0rl","type":0,"blockId":"c8zvdcs07rxg9q2yckyprsyn","content":"SIM! EU QUERO."}],"groupId":"a4lwrw1h8867rwcxmw0531ef","options":{"buttonLabel":"Send","isSearchable":false,"isMultipleChoice":false,"searchInputPlaceholder":"Filter the options..."},"outgoingEdgeId":"af8t7fx2r29b145zogl9tk3f"}],"graphCoordinates":{"x":-1434.92,"y":23.22}},{"id":"q9ym7hgtyg3nbsfrq13b13wu","title":"","blocks":[{"id":"p72v7j6oia4oy91v9dwbeind","type":"text","content":{"richText":[{"type":"p","children":[{"text":"Você já experimentou diferentes tipo de tratamentos ou terapias para controlar sua diabetes?"}]}]},"groupId":"q9ym7hgtyg3nbsfrq13b13wu"},{"id":"fzfumyw7ixn08k4jnwnxssas","type":"Wait","groupId":"q9ym7hgtyg3nbsfrq13b13wu","options":{"secondsToWaitFor":"3"}},{"id":"ucld9xw6dcr0s9wb7rwjhu9o","type":"choice input","items":[{"id":"zp55dpg8xsxiq0ylkssqu2x2","type":0,"blockId":"ucld9xw6dcr0s9wb7rwjhu9o","content":"SIM","outgoingEdgeId":"t42zfrh397sf9iqvwzax875x"},{"id":"tu8y7x7xftbqo181ctpnwx11","type":0,"blockId":"ucld9xw6dcr0s9wb7rwjhu9o","content":"NÃO","outgoingEdgeId":"z0t1mptgzp1vgi238cp0ge9l"}],"groupId":"q9ym7hgtyg3nbsfrq13b13wu","options":{"buttonLabel":"Send","isSearchable":false,"isMultipleChoice":false,"searchInputPlaceholder":"Filter the options..."}},{"id":"vgyoupn4kv28dml2xjn8kbu6","type":"text","content":{"richText":[{"type":"p","children":[{"text":"Você segue algum plano alimentar específico ou restrições alimentares para controlar sua glicemia?"}]}]},"groupId":"q9ym7hgtyg3nbsfrq13b13wu"},{"id":"soq034hseex1l320lv9ho5mn","type":"choice input","items":[{"id":"t6dgxpp1zot98r2vp0pwjpby","type":0,"blockId":"soq034hseex1l320lv9ho5mn","content":"SIM","outgoingEdgeId":"pgn50tdmxdz2gjti7g5vzszg"},{"id":"mkjh2g4vrzxccc91sltouktk","type":0,"blockId":"soq034hseex1l320lv9ho5mn","content":"NÃO","outgoingEdgeId":"xtbpboghvjt9wpcv678x8in9"}],"groupId":"q9ym7hgtyg3nbsfrq13b13wu","options":{"buttonLabel":"Send","isSearchable":false,"isMultipleChoice":false,"searchInputPlaceholder":"Filter the options..."}},{"id":"bsl60icdy7uvdnhz53bvpuf4","type":"text","content":{"richText":[{"type":"p","children":[{"text":"Você pratica alguma atividade física regularmente?"}]}]},"groupId":"q9ym7hgtyg3nbsfrq13b13wu"},{"id":"k0ukbxtmp0itu1ohr1f2eq4g","type":"choice input","items":[{"id":"wgczb33lfjwf3ozqmmyin1hj","type":0,"blockId":"k0ukbxtmp0itu1ohr1f2eq4g","content":"SIM","outgoingEdgeId":"ahexlgjil7hopdio5nhm251m"},{"id":"zuy4r620xthhgs8v71m6big7","type":0,"blockId":"k0ukbxtmp0itu1ohr1f2eq4g","content":"NÃO","outgoingEdgeId":"dhsf9ud8do92kzmb6ybpu850"}],"groupId":"q9ym7hgtyg3nbsfrq13b13wu","options":{"buttonLabel":"Send","isSearchable":false,"isMultipleChoice":false,"searchInputPlaceholder":"Filter the options..."}},{"id":"orfpwdo8rdxzkurzxrso4sqz","type":"text","content":{"richText":[{"type":"p","children":[{"text":"Você toma algum tipo de medicamento? Se sim Qual?"}]}]},"groupId":"q9ym7hgtyg3nbsfrq13b13wu"},{"id":"t8v36h3a7pxxghvj22rb7btm","type":"choice input","items":[{"id":"hxrj7d772c0nd4lxypwhpwzw","type":0,"blockId":"t8v36h3a7pxxghvj22rb7btm","content":"Gilage","outgoingEdgeId":"ocr9vml3fp390mp535rtsvhd"},{"id":"oab3jt6yzq259uv7r3oxydd9","type":0,"blockId":"t8v36h3a7pxxghvj22rb7btm","content":"Insulina","outgoingEdgeId":"s4cqkyv1b6sfm5816k06hs8f"},{"id":"j9scww8uu29pquskavlutdma","type":0,"blockId":"t8v36h3a7pxxghvj22rb7btm","content":"Metformina","outgoingEdgeId":"r260080kixv6rj673p06whas"},{"id":"ywj5gddrvoegojo62yb88qzl","type":0,"blockId":"t8v36h3a7pxxghvj22rb7btm","content":"Outros","outgoingEdgeId":"qddvdd2gxp5jg7powqi7nqg4"}],"groupId":"q9ym7hgtyg3nbsfrq13b13wu","options":{"buttonLabel":"Send","isSearchable":false,"isMultipleChoice":false,"searchInputPlaceholder":"Filter the options..."}},{"id":"kdb3xbjz09kfijqjgcqmbjwl","type":"Wait","groupId":"q9ym7hgtyg3nbsfrq13b13wu","options":{"secondsToWaitFor":"2"}},{"id":"a4w6p0w2lkolak2d8207d4dz","type":"audio","content":{"url":"https://s3.fr-par.scw.cloud/typebot/public/typebots/hsxemxdu5ndn1hb061e26khx/blocks/a4w6p0w2lkolak2d8207d4dz?v=1689730422527"},"groupId":"q9ym7hgtyg3nbsfrq13b13wu"},{"id":"pjsl92sakaqpui8jhdz96m7i","type":"Wait","groupId":"q9ym7hgtyg3nbsfrq13b13wu","options":{"secondsToWaitFor":"8"}},{"id":"e2asg2azntrcteg526ga8tyr","type":"text","content":{"richText":[{"type":"p","children":[{"text":"Seu caso é muito parecido com alguns de nossos pacientes."}]}]},"groupId":"q9ym7hgtyg3nbsfrq13b13wu"},{"id":"xswgty0yszwe3tqq3qmps2er","type":"Wait","groupId":"q9ym7hgtyg3nbsfrq13b13wu","options":{"secondsToWaitFor":"3"}},{"id":"bf0j5gqeq8g3kr8igbcgtnu6","type":"text","content":{"richText":[{"type":"p","children":[{"text":"Deseja saber sobre o tratamento?"}]}]},"groupId":"q9ym7hgtyg3nbsfrq13b13wu"},{"id":"j8yanty9jyfdfrg56fmu74xr","type":"choice input","items":[{"id":"xzqsrbdas1ud19kxzj2pce6f","type":0,"blockId":"j8yanty9jyfdfrg56fmu74xr","content":"SIM, QUERO SABER MAIS"}],"groupId":"q9ym7hgtyg3nbsfrq13b13wu","options":{"buttonLabel":"Send","isSearchable":false,"isMultipleChoice":false,"searchInputPlaceholder":"Filter the options..."},"outgoingEdgeId":"b43ku0zguhgtdg8km5fvsn42"}],"graphCoordinates":{"x":-644.02,"y":24.34}},{"id":"mytztpgvnxzg28a1maaqkxlg","title":"","blocks":[{"id":"tn2zoescgbr0qrouqo56920u","type":"Wait","groupId":"mytztpgvnxzg28a1maaqkxlg","options":{"secondsToWaitFor":"3"}},{"id":"qxhdyp7zce3in4k4hozn96ij","type":"text","content":{"richText":[{"type":"p","children":[{"text":"Perfeito, Vou te explicar "},{"bold":true,"text":"como"},{"text":" "},{"bold":true,"text":"funciona"},{"text":"..."}]}]},"groupId":"mytztpgvnxzg28a1maaqkxlg"},{"id":"vcnn5alg1mn3r1q8t1b39v6c","type":"audio","content":{"url":"https://s3.fr-par.scw.cloud/typebot/public/typebots/hsxemxdu5ndn1hb061e26khx/blocks/vcnn5alg1mn3r1q8t1b39v6c?v=1689735807150"},"groupId":"mytztpgvnxzg28a1maaqkxlg"},{"id":"ud1b4rjos3d0czl174bwar60","type":"Wait","groupId":"mytztpgvnxzg28a1maaqkxlg","options":{"secondsToWaitFor":"18"}},{"id":"e1ui70yrm052bym7097lcyqs","type":"text","content":{"richText":[{"type":"p","children":[{"text":"Selecione abaixo qual problema está sentindo.","italic":true,"underline":true}]}]},"groupId":"mytztpgvnxzg28a1maaqkxlg"},{"id":"pegs79id0lh41n9wfjjnjms8","type":"choice input","items":[{"id":"t2x7mccjy0k1wbjnwmrwiukq","type":0,"blockId":"pegs79id0lh41n9wfjjnjms8","content":"✅ Complicações cardiovasculares","outgoingEdgeId":"t9503bh3t01g0l0ui0rdt08f"},{"id":"auolc3inuml3j4boylpt8hws","type":0,"blockId":"pegs79id0lh41n9wfjjnjms8","content":"✅ Hiperglicemia","outgoingEdgeId":"vik2c1db5fsyqyxe3t3pyjn9"},{"id":"wmz54xibu8h1u1nijtzrdgx8","type":0,"blockId":"pegs79id0lh41n9wfjjnjms8","content":"✅ Restrições alimentares","outgoingEdgeId":"qokbk19cymo4nyf8le0k151o"},{"id":"qccngti5cr768ir5b3vrlt2a","type":0,"blockId":"pegs79id0lh41n9wfjjnjms8","content":"✅ Autogerenciamento"},{"id":"rwa3dg9nx0ovvkml3zj2sxm9","type":0,"blockId":"pegs79id0lh41n9wfjjnjms8","content":"✅ Impacto emocional","outgoingEdgeId":"dak4lub54hvaw2jpdwln7jv6"},{"id":"lzxse06e27bp7ofkhf45avj2","type":0,"blockId":"pegs79id0lh41n9wfjjnjms8","content":"✅ Controle da glicemia","outgoingEdgeId":"mrxdcle3ru1tqmagi6nm2hm9"},{"id":"eygw49tidsvhq3hkdw1ran7b","type":0,"blockId":"pegs79id0lh41n9wfjjnjms8","content":"✅ Outros","outgoingEdgeId":"j60lkenpxrs5jd3n4itungkf"}],"groupId":"mytztpgvnxzg28a1maaqkxlg","options":{"buttonLabel":"Send","isSearchable":false,"isMultipleChoice":false,"searchInputPlaceholder":"Filter the options..."}},{"id":"zuj4gmsdnjkrlf64kmw0et4r","type":"text","content":{"richText":[{"type":"p","children":[{"text":"Qual tipo de diabétes você tem? É do tipo 1 ou do tipo 2?"}]}]},"groupId":"mytztpgvnxzg28a1maaqkxlg"},{"id":"lc50tyrihzi0znpeeu82m59e","type":"choice input","items":[{"id":"ynk284wlc3nccuz8nqvel6i4","type":0,"blockId":"lc50tyrihzi0znpeeu82m59e","content":"Tipo 1","outgoingEdgeId":"uwlm9ktg2bmxkc05puf77flx"},{"id":"tnvvaz0sj9d8glt7kwjjd9km","type":0,"blockId":"lc50tyrihzi0znpeeu82m59e","content":"Tipo 2","outgoingEdgeId":"wn6jwf92t6g2767nsz091ezz"}],"groupId":"mytztpgvnxzg28a1maaqkxlg","options":{"buttonLabel":"Send","isSearchable":false,"isMultipleChoice":false,"searchInputPlaceholder":"Filter the options..."}},{"id":"phmj8y3u593rlkroo8s15v5n","type":"text","content":{"richText":[{"type":"p","children":[{"text":"Qual seu nome?"}]}]},"groupId":"mytztpgvnxzg28a1maaqkxlg"},{"id":"uge0n5z1pxxs4c0deyk47v7j","type":"text input","groupId":"mytztpgvnxzg28a1maaqkxlg","options":{"isLong":false,"labels":{"button":"Enviar","placeholder":"Escreva seu nome aqui"},"variableId":"vprp91gkcj6ooz2wteh9qrvjn"}},{"id":"urfjkd58u1h1qt8rx8etsdv0","type":"Wait","groupId":"mytztpgvnxzg28a1maaqkxlg","options":{"secondsToWaitFor":"2"}},{"id":"ikvekq4pocajbl0vrpi4j4ur","type":"text","content":{"richText":[{"type":"p","children":[{"text":"Qual a sua faixa etária da sua idade?"}]}]},"groupId":"mytztpgvnxzg28a1maaqkxlg"},{"id":"iqy8yyd5l48br247hfxlp3u4","type":"choice input","items":[{"id":"ir3tfuocwrzmd1oht77gsgl5","type":0,"blockId":"iqy8yyd5l48br247hfxlp3u4","content":"+ de 50 anos","outgoingEdgeId":"l6go7lfjd3xwm64n0cz8gdui"},{"id":"clg3w5jt42veo7yf2cbes4py","type":0,"blockId":"iqy8yyd5l48br247hfxlp3u4","content":"- de 50 anos","outgoingEdgeId":"du4wyxu3wrb6yczwabyt7eah"}],"groupId":"mytztpgvnxzg28a1maaqkxlg","options":{"buttonLabel":"Send","isSearchable":false,"isMultipleChoice":false,"searchInputPlaceholder":"Filter the options..."}},{"id":"h08mdvasimtc3wwg7l8bz7b2","type":"Wait","groupId":"mytztpgvnxzg28a1maaqkxlg","options":{"secondsToWaitFor":"3"}},{"id":"u3unyo8l1u82xnsckwnspjy9","type":"text","content":{"richText":[{"type":"p","children":[{"text":"{{NOME}}"}]}]},"groupId":"mytztpgvnxzg28a1maaqkxlg","outgoingEdgeId":"gk30u9vw6bo9v7fewemegtat"}],"graphCoordinates":{"x":-1034.51,"y":22.07}},{"id":"t2esfu48j06avkb28xgdb58v","title":"Group #8","blocks":[{"id":"yeqmmmyu0nwtgk79yx6bzvkl","type":"text","content":{"richText":[{"type":"p","children":[{"text":"{{NOME}}, Nossa paciente Iris, deixou um depoimento e gostaria de compartilhar com você."}]},{"type":"p","children":[{"text":""}]},{"type":"p","children":[{"text":"CLIQUE NO VÍDEO PARA INICIA-LO","italic":true,"underline":true}]}]},"groupId":"t2esfu48j06avkb28xgdb58v"},{"id":"dq2297x0dwi2sseu6nhyethm","type":"embed","content":{"url":"https://scripts.converteai.net/e3cbbbad-dd43-4719-a98f-f9d2b8ec163b/players/64b73ecde891af000a1d89a5/embed.html","height":400},"groupId":"t2esfu48j06avkb28xgdb58v"},{"id":"fgecryyv57ftv37w091m7yrd","type":"Wait","groupId":"t2esfu48j06avkb28xgdb58v","options":{"secondsToWaitFor":"36"}},{"id":"cdtmo9461kmx5xhyc9il1e28","type":"audio","content":{"url":"https://s3.fr-par.scw.cloud/typebot/public/typebots/hsxemxdu5ndn1hb061e26khx/blocks/cdtmo9461kmx5xhyc9il1e28?v=1689731710363"},"groupId":"t2esfu48j06avkb28xgdb58v"},{"id":"fg95qgjm9vgdh6ih0akuy3i1","type":"Wait","groupId":"t2esfu48j06avkb28xgdb58v","options":{"secondsToWaitFor":"24"}},{"id":"r4goxt2ipw3t5reu24wqa97v","type":"audio","content":{"url":"https://s3.fr-par.scw.cloud/typebot/public/typebots/hsxemxdu5ndn1hb061e26khx/blocks/r4goxt2ipw3t5reu24wqa97v?v=1689732319308"},"groupId":"t2esfu48j06avkb28xgdb58v"},{"id":"su5rrq01a46n7qptgsroqnj1","type":"Wait","groupId":"t2esfu48j06avkb28xgdb58v","options":{"secondsToWaitFor":"9"}},{"id":"el95cgiexswufd8y5adt53m3","type":"audio","content":{"url":"https://s3.fr-par.scw.cloud/typebot/public/typebots/hsxemxdu5ndn1hb061e26khx/blocks/el95cgiexswufd8y5adt53m3?v=1689732728423"},"groupId":"t2esfu48j06avkb28xgdb58v"},{"id":"y7atsue0fauwro7a9esnxz6w","type":"Wait","groupId":"t2esfu48j06avkb28xgdb58v","options":{"secondsToWaitFor":"15"}},{"id":"jm0l3gonarxc5cplrhj33tiu","type":"text","content":{"richText":[{"type":"p","children":[{"text":"Benefícios do insulgotas, tomando apenas 20 gotas diárias."}]},{"type":"p","children":[{"text":""}]},{"type":"p","children":[{"text":"✅ "},{"bold":true,"text":"Aumento do desejo sexual."}]},{"type":"p","children":[{"text":"✅"},{"bold":true,"text":" Liberdade total da insulina."}]},{"type":"p","children":[{"text":"✅ "},{"bold":true,"text":"Controle absoluto da glicemia."}]},{"type":"p","children":[{"text":"✅ "},{"bold":true,"text":"Redução do risco de hipoglicemia ou hiperglicemia."}]},{"type":"p","children":[{"text":"✅ "},{"bold":true,"text":"Alimentação sem limitações."}]},{"type":"p","children":[{"text":"✅ "},{"bold":true,"text":"Maior energia e vitalidade."}]},{"type":"p","children":[{"text":""}]},{"type":"p","children":[{"text":""}]}]},"groupId":"t2esfu48j06avkb28xgdb58v"},{"id":"jtex1y7gql16xcwkn620b9sh","type":"Wait","groupId":"t2esfu48j06avkb28xgdb58v","options":{"secondsToWaitFor":"10"}},{"id":"v6bded9fiqw2b2algrr0v12z","type":"text","content":{"richText":[{"type":"p","children":[{"bold":true,"text":"[IMPORTANTE] - Para garantir o funcionamento do nosso medicamento, você tem 90 dias para pedir reembolso, caso não veja resultado."}]}]},"groupId":"t2esfu48j06avkb28xgdb58v"},{"id":"qpuc781navee1y63pgzw9m8d","type":"image","content":{"url":"https://s3.fr-par.scw.cloud/typebot/public/typebots/hsxemxdu5ndn1hb061e26khx/blocks/qpuc781navee1y63pgzw9m8d?v=1689733111796"},"groupId":"t2esfu48j06avkb28xgdb58v"},{"id":"qlzpncdli50qn183tmygy5zl","type":"text","content":{"richText":[{"type":"p","children":[{"bold":true,"text":"{{NOME}}, Você"},{"text":" "},{"bold":true,"text":"ficaria"},{"text":" "},{"bold":true,"text":"feliz"},{"text":" com esses resultados?"}]}]},"groupId":"t2esfu48j06avkb28xgdb58v"},{"id":"i8lastwquh3k2mqyk8yh5ff5","type":"choice input","items":[{"id":"lswqvnrhwgom3j60ruc45hz3","type":0,"blockId":"i8lastwquh3k2mqyk8yh5ff5","content":"SIM, EU QUERO O MEDICAMENTO.","outgoingEdgeId":"crcuh34xcp7qegekpsub2uzm"}],"groupId":"t2esfu48j06avkb28xgdb58v","options":{"buttonLabel":"Send","isSearchable":false,"isMultipleChoice":false,"searchInputPlaceholder":"Filter the options..."}}],"graphCoordinates":{"x":-273.7,"y":31.72}},{"id":"rj36an7ysmzjnh13dn0uhlvb","title":"Group #6","blocks":[{"id":"os7umjp74ghz1187zmvqkjns","type":"text","content":{"richText":[{"type":"p","children":[{"text":"Vou te explicar como fazer para garantir o insulgotas."}]}]},"groupId":"rj36an7ysmzjnh13dn0uhlvb"},{"id":"abnqb4x663nvg30i4nf3oyr8","type":"Wait","groupId":"rj36an7ysmzjnh13dn0uhlvb","options":{"secondsToWaitFor":"2"}},{"id":"n0970gdno29oy4rgzrya9z7e","type":"audio","content":{"url":"https://s3.fr-par.scw.cloud/typebot/public/typebots/hsxemxdu5ndn1hb061e26khx/blocks/n0970gdno29oy4rgzrya9z7e?v=1689733628193"},"groupId":"rj36an7ysmzjnh13dn0uhlvb"},{"id":"nkum428j4n0shri40siemz7z","type":"Wait","groupId":"rj36an7ysmzjnh13dn0uhlvb","options":{"secondsToWaitFor":"10"}},{"id":"itp0250dqvxycrbzt2g1dcm3","type":"audio","content":{"url":"https://s3.fr-par.scw.cloud/typebot/public/typebots/hsxemxdu5ndn1hb061e26khx/blocks/itp0250dqvxycrbzt2g1dcm3?v=1689735027960"},"groupId":"rj36an7ysmzjnh13dn0uhlvb"},{"id":"piv163lyorlqqd9et4ko1mvo","type":"Wait","groupId":"rj36an7ysmzjnh13dn0uhlvb","options":{"secondsToWaitFor":"12"}},{"id":"xw7yka0qlei8y3d0jfo6sdbw","type":"image","content":{"url":"https://s3.fr-par.scw.cloud/typebot/public/typebots/hsxemxdu5ndn1hb061e26khx/blocks/xw7yka0qlei8y3d0jfo6sdbw?v=1689735086482","clickLink":{"url":"https://ev.braip.com/campanhas/cpa/camove9g8"}},"groupId":"rj36an7ysmzjnh13dn0uhlvb"},{"id":"srmik633ft4yocsrj56719xb","type":"image","content":{"url":"https://s3.fr-par.scw.cloud/typebot/public/typebots/hsxemxdu5ndn1hb061e26khx/blocks/srmik633ft4yocsrj56719xb?v=1689735188134","clickLink":{"url":"https://ev.braip.com/campanhas/cpa/camove908"}},"groupId":"rj36an7ysmzjnh13dn0uhlvb"},{"id":"b7a5onpzaxyf6znf6tiitk31","type":"image","content":{"url":"https://s3.fr-par.scw.cloud/typebot/public/typebots/hsxemxdu5ndn1hb061e26khx/blocks/b7a5onpzaxyf6znf6tiitk31?v=1689735367793","clickLink":{"url":"https://ev.braip.com/campanhas/cpa/camdd0jxe"}},"groupId":"rj36an7ysmzjnh13dn0uhlvb"},{"id":"tufm2eas8hquqid59r8c5mj9","type":"image","content":{"url":"https://s3.fr-par.scw.cloud/typebot/public/typebots/hsxemxdu5ndn1hb061e26khx/blocks/tufm2eas8hquqid59r8c5mj9?v=1689735490377","clickLink":{"url":"https://ev.braip.com/campanhas/cpa/cam670e4e"}},"groupId":"rj36an7ysmzjnh13dn0uhlvb"}],"graphCoordinates":{"x":71.97,"y":26.32}}],"variables":[{"id":"vprp91gkcj6ooz2wteh9qrvjn","name":"NOME"},{"id":"vpel0viottucscnen8zdlejaf","name":"IDADE"}],"edges":[{"id":"af8t7fx2r29b145zogl9tk3f","to":{"blockId":"qxhdyp7zce3in4k4hozn96ij","groupId":"mytztpgvnxzg28a1maaqkxlg"},"from":{"blockId":"c8zvdcs07rxg9q2yckyprsyn","groupId":"a4lwrw1h8867rwcxmw0531ef"}},{"id":"dgw0eqbstv1ss39jtqimycdz","to":{"blockId":"kl16bf94mpvm7ux0w9yhaksc","groupId":"a4lwrw1h8867rwcxmw0531ef"},"from":{"blockId":"cx5iel8jxfo4caorf8rnjiw0","groupId":"h3kjyvqsk8knfisb252mhac5"}},{"id":"t9503bh3t01g0l0ui0rdt08f","to":{"blockId":"zuj4gmsdnjkrlf64kmw0et4r","groupId":"mytztpgvnxzg28a1maaqkxlg"},"from":{"itemId":"t2x7mccjy0k1wbjnwmrwiukq","blockId":"pegs79id0lh41n9wfjjnjms8","groupId":"mytztpgvnxzg28a1maaqkxlg"}},{"id":"vik2c1db5fsyqyxe3t3pyjn9","to":{"blockId":"zuj4gmsdnjkrlf64kmw0et4r","groupId":"mytztpgvnxzg28a1maaqkxlg"},"from":{"itemId":"auolc3inuml3j4boylpt8hws","blockId":"pegs79id0lh41n9wfjjnjms8","groupId":"mytztpgvnxzg28a1maaqkxlg"}},{"id":"qokbk19cymo4nyf8le0k151o","to":{"blockId":"zuj4gmsdnjkrlf64kmw0et4r","groupId":"mytztpgvnxzg28a1maaqkxlg"},"from":{"itemId":"wmz54xibu8h1u1nijtzrdgx8","blockId":"pegs79id0lh41n9wfjjnjms8","groupId":"mytztpgvnxzg28a1maaqkxlg"}},{"id":"dak4lub54hvaw2jpdwln7jv6","to":{"blockId":"zuj4gmsdnjkrlf64kmw0et4r","groupId":"mytztpgvnxzg28a1maaqkxlg"},"from":{"itemId":"rwa3dg9nx0ovvkml3zj2sxm9","blockId":"pegs79id0lh41n9wfjjnjms8","groupId":"mytztpgvnxzg28a1maaqkxlg"}},{"id":"mrxdcle3ru1tqmagi6nm2hm9","to":{"blockId":"zuj4gmsdnjkrlf64kmw0et4r","groupId":"mytztpgvnxzg28a1maaqkxlg"},"from":{"itemId":"lzxse06e27bp7ofkhf45avj2","blockId":"pegs79id0lh41n9wfjjnjms8","groupId":"mytztpgvnxzg28a1maaqkxlg"}},{"id":"l6go7lfjd3xwm64n0cz8gdui","to":{"blockId":"h08mdvasimtc3wwg7l8bz7b2","groupId":"mytztpgvnxzg28a1maaqkxlg"},"from":{"itemId":"ir3tfuocwrzmd1oht77gsgl5","blockId":"iqy8yyd5l48br247hfxlp3u4","groupId":"mytztpgvnxzg28a1maaqkxlg"}},{"id":"du4wyxu3wrb6yczwabyt7eah","to":{"blockId":"h08mdvasimtc3wwg7l8bz7b2","groupId":"mytztpgvnxzg28a1maaqkxlg"},"from":{"itemId":"clg3w5jt42veo7yf2cbes4py","blockId":"iqy8yyd5l48br247hfxlp3u4","groupId":"mytztpgvnxzg28a1maaqkxlg"}},{"id":"uwlm9ktg2bmxkc05puf77flx","to":{"blockId":"phmj8y3u593rlkroo8s15v5n","groupId":"mytztpgvnxzg28a1maaqkxlg"},"from":{"itemId":"ynk284wlc3nccuz8nqvel6i4","blockId":"lc50tyrihzi0znpeeu82m59e","groupId":"mytztpgvnxzg28a1maaqkxlg"}},{"id":"wn6jwf92t6g2767nsz091ezz","to":{"blockId":"phmj8y3u593rlkroo8s15v5n","groupId":"mytztpgvnxzg28a1maaqkxlg"},"from":{"itemId":"tnvvaz0sj9d8glt7kwjjd9km","blockId":"lc50tyrihzi0znpeeu82m59e","groupId":"mytztpgvnxzg28a1maaqkxlg"}},{"id":"gk30u9vw6bo9v7fewemegtat","to":{"blockId":"p72v7j6oia4oy91v9dwbeind","groupId":"q9ym7hgtyg3nbsfrq13b13wu"},"from":{"blockId":"u3unyo8l1u82xnsckwnspjy9","groupId":"mytztpgvnxzg28a1maaqkxlg"}},{"id":"pgn50tdmxdz2gjti7g5vzszg","to":{"blockId":"bsl60icdy7uvdnhz53bvpuf4","groupId":"q9ym7hgtyg3nbsfrq13b13wu"},"from":{"itemId":"t6dgxpp1zot98r2vp0pwjpby","blockId":"soq034hseex1l320lv9ho5mn","groupId":"q9ym7hgtyg3nbsfrq13b13wu"}},{"id":"xtbpboghvjt9wpcv678x8in9","to":{"blockId":"bsl60icdy7uvdnhz53bvpuf4","groupId":"q9ym7hgtyg3nbsfrq13b13wu"},"from":{"itemId":"mkjh2g4vrzxccc91sltouktk","blockId":"soq034hseex1l320lv9ho5mn","groupId":"q9ym7hgtyg3nbsfrq13b13wu"}},{"id":"t42zfrh397sf9iqvwzax875x","to":{"blockId":"vgyoupn4kv28dml2xjn8kbu6","groupId":"q9ym7hgtyg3nbsfrq13b13wu"},"from":{"itemId":"zp55dpg8xsxiq0ylkssqu2x2","blockId":"ucld9xw6dcr0s9wb7rwjhu9o","groupId":"q9ym7hgtyg3nbsfrq13b13wu"}},{"id":"z0t1mptgzp1vgi238cp0ge9l","to":{"blockId":"vgyoupn4kv28dml2xjn8kbu6","groupId":"q9ym7hgtyg3nbsfrq13b13wu"},"from":{"itemId":"tu8y7x7xftbqo181ctpnwx11","blockId":"ucld9xw6dcr0s9wb7rwjhu9o","groupId":"q9ym7hgtyg3nbsfrq13b13wu"}},{"id":"ahexlgjil7hopdio5nhm251m","to":{"blockId":"orfpwdo8rdxzkurzxrso4sqz","groupId":"q9ym7hgtyg3nbsfrq13b13wu"},"from":{"itemId":"wgczb33lfjwf3ozqmmyin1hj","blockId":"k0ukbxtmp0itu1ohr1f2eq4g","groupId":"q9ym7hgtyg3nbsfrq13b13wu"}},{"id":"dhsf9ud8do92kzmb6ybpu850","to":{"blockId":"orfpwdo8rdxzkurzxrso4sqz","groupId":"q9ym7hgtyg3nbsfrq13b13wu"},"from":{"itemId":"zuy4r620xthhgs8v71m6big7","blockId":"k0ukbxtmp0itu1ohr1f2eq4g","groupId":"q9ym7hgtyg3nbsfrq13b13wu"}},{"id":"ocr9vml3fp390mp535rtsvhd","to":{"blockId":"a4w6p0w2lkolak2d8207d4dz","groupId":"q9ym7hgtyg3nbsfrq13b13wu"},"from":{"itemId":"hxrj7d772c0nd4lxypwhpwzw","blockId":"t8v36h3a7pxxghvj22rb7btm","groupId":"q9ym7hgtyg3nbsfrq13b13wu"}},{"id":"s4cqkyv1b6sfm5816k06hs8f","to":{"blockId":"a4w6p0w2lkolak2d8207d4dz","groupId":"q9ym7hgtyg3nbsfrq13b13wu"},"from":{"itemId":"oab3jt6yzq259uv7r3oxydd9","blockId":"t8v36h3a7pxxghvj22rb7btm","groupId":"q9ym7hgtyg3nbsfrq13b13wu"}},{"id":"r260080kixv6rj673p06whas","to":{"blockId":"a4w6p0w2lkolak2d8207d4dz","groupId":"q9ym7hgtyg3nbsfrq13b13wu"},"from":{"itemId":"j9scww8uu29pquskavlutdma","blockId":"t8v36h3a7pxxghvj22rb7btm","groupId":"q9ym7hgtyg3nbsfrq13b13wu"}},{"id":"qddvdd2gxp5jg7powqi7nqg4","to":{"blockId":"a4w6p0w2lkolak2d8207d4dz","groupId":"q9ym7hgtyg3nbsfrq13b13wu"},"from":{"itemId":"ywj5gddrvoegojo62yb88qzl","blockId":"t8v36h3a7pxxghvj22rb7btm","groupId":"q9ym7hgtyg3nbsfrq13b13wu"}},{"id":"b43ku0zguhgtdg8km5fvsn42","to":{"groupId":"t2esfu48j06avkb28xgdb58v"},"from":{"blockId":"j8yanty9jyfdfrg56fmu74xr","groupId":"q9ym7hgtyg3nbsfrq13b13wu"}},{"id":"crcuh34xcp7qegekpsub2uzm","to":{"groupId":"rj36an7ysmzjnh13dn0uhlvb"},"from":{"itemId":"lswqvnrhwgom3j60ruc45hz3","blockId":"i8lastwquh3k2mqyk8yh5ff5","groupId":"t2esfu48j06avkb28xgdb58v"}},{"id":"j60lkenpxrs5jd3n4itungkf","to":{"blockId":"zuj4gmsdnjkrlf64kmw0et4r","groupId":"mytztpgvnxzg28a1maaqkxlg"},"from":{"itemId":"eygw49tidsvhq3hkdw1ran7b","blockId":"pegs79id0lh41n9wfjjnjms8","groupId":"mytztpgvnxzg28a1maaqkxlg"}}],"theme":{"chat":{"inputs":{"color":"#000000","backgroundColor":"#FFFFFF","placeholderColor":"#28292a"},"buttons":{"color":"#FFFFFF","backgroundColor":"#128C7E"},"roundness":"medium","hostAvatar":{"url":"https://s3.fr-par.scw.cloud/typebot/public/typebots/hsxemxdu5ndn1hb061e26khx/hostAvatar?v=1689738119919","isEnabled":true},"guestAvatar":{"url":"https://s3.fr-par.scw.cloud/typebot/public/typebots/cli88mae30010mh0f0yzjqn48/guestAvatar?v=1685330799682","isEnabled":false},"hostBubbles":{"color":"#303235","backgroundColor":"#FFFFFF"},"guestBubbles":{"color":"#303235","backgroundColor":"#e1ffc7"}},"general":{"font":"Open Sans","background":{"type":"Image","content":"https://s3.fr-par.scw.cloud/typebot/public/typebots/cli88mae30010mh0f0yzjqn48/background?v=1685470080750"}},"customCss":".typebot-chat-view > .flex:first-child {\n    padding-top: 30px;\n}\n\n.typebot-input {\n    position: fixed;\n    bottom: 0;\n    align-items: center;\n    z-index: 999;\n    right: 0;\n}\n\n.typebot-input .typebot-button {\n    background: #008a7c;\n    border-radius: 50%;\n    color: #fff;\n    position: relative;\n    width: 50px;\n    height: 50px;\n    display: flex;\n    align-items: center;\n    justify-content: center;\n}\n\n.typebot-container {\n    background-size: initial!important;\n    background-repeat: repeat-x!important;\n}\n\n.typebot-host-bubble>.bubble-typing {\n  border-radius: 0 5px 5px 5px;\n}\n\n.typebot-host-bubble>.bubble-typing:after {\n    position: absolute;\n    content: \"\";\n    width: 0;\n    height: 0;\n    border-style: solid;\n    border-width: 0px 10px 10px 0;\n    border-color: transparent #fff transparent transparent;\n    top: 0;\n    left: -10px;\n}\n\n.typebot-guest-bubble {\n  position: relative;\n  border-radius: 5px 0 5px 5px;\n}\n\n.typebot-guest-bubble:after {\n  position: absolute;\n  content: \"\";\n  width: 0;\n  height: 0;\n  border-style: solid;\n}\n\n.typebot-guest-bubble:after {\n    border-width: 0px 0 10px 10px;\n    border-color: transparent transparent transparent #e1ffc7;\n    top: 0;\n    right: -10px;\n    border-style: solid;\n}\n\niframe[src=\"\"] {\n  position: fixed;\n  top: 0;\n  left: 0;\n  display: relative;\n  width: 100%;\n  height: 100% !important;\n  z-index: 999999;\n  border: none;\n  padding: 0;\n  margin: 0;\n}\n\na#lite-badge {\n  display: none!important;\n}"},"settings":{"general":{"rememberUser":{"isEnabled":false},"isBrandingEnabled":false,"isInputPrefillEnabled":false,"isHideQueryParamsEnabled":false},"metadata":{"title":"WhatsApp Web","imageUrl":"https://images.unsplash.com/photo-1611077544170-be90a2f68add?crop=entropy&cs=tinysrgb&fit=max&fm=jpg&ixid=M3w0MjU2MDR8MHwxfHNlYXJjaHwyN3x8d2VpZ2h0JTIwbG9zc3xlbnwwfDB8fHwxNjg2MjAzMzA4fDA&ixlib=rb-4.0.3&q=80&w=1080","favIconUrl":"https://s3.fr-par.scw.cloud/typebot/public/typebots/hsxemxdu5ndn1hb061e26khx/favIcon?v=1689738198510","description":"Faça agora sua consulta com Dra. Cristina no WhatsApp.","customHeadCode":"<!-- Facebook Pixel Code -->\n<script>\n   !function(f,b,e,v,n,t,s)\n  {if(f.fbq)return;n=f.fbq=function(){n.callMethod?\n    n.callMethod.apply(n,arguments):n.queue.push(arguments)};\n    if(!f._fbq)f._fbq=n;n.push=n;n.loaded=!0;n.version='2.0';\n    n.queue=[];t=b.createElement(e);t.async=!0;\n    t.src=v;s=b.getElementsByTagName(e)[0];\n    s.parentNode.insertBefore(t,s)}(window, document,'script',\n    'https://connect.facebook.net/en_US/fbevents.js');\n    fbq('init', 'SEUPIXELAQUI');\n    fbq('track', 'PageView');\n    fbq('track', 'ViewContent');\n \n</script>\n<!-- End Facebook Pixel Code -->\n<link rel=\"stylesheet\" href=\"https://cdnjs.cloudflare.com/ajax/libs/material-design-iconic-font/2.2.0/css/material-design-iconic-font.min.css\">\n<style>\n  .hide {\n    display: none!important;\n  }\n  typebot-standard {\n    position: relative;\n    z-index: 9999;\n  }\n  #__next {\n    position: relative;\n    z-index: 9999;\n}\n  /* User Bar */\n.user-bar {\n  width: 100%;\n  height: 55px;\n  background: #005e54;\n  color: #fff;\n  padding: 0;\n  font-size: 24px;\n  position: fixed;\n  z-index: 99999;\n  display: block;\n  top: 0;\n}\n\n.user-bar:after {\n  content: \"\";\n  display: table;\n  clear: both;\n}\n\n.user-bar div {\n    float: left;\n    transform: translateY(-50%);\n    position: relative;\n    top: 50%;\n    margin-left: 10px;\n}\n\n.user-bar .actions {\n  float: right;\n  margin: 0 0 0 20px;\n}\n\n.user-bar .actions.more {\n  margin: 0 12px 0 32px;\n}\n\n.user-bar .actions.attachment {\n  margin: 0 0 0 30px;\n}\n\n.user-bar .actions.attachment i {\n  display: block;\n  transform: rotate(-45deg);\n}\n\n.user-bar .avatar {\n  margin: 0 0 0 5px;\n  width: 36px;\n  height: 36px;\n}\n\n.user-bar .avatar img {\n  border-radius: 50%;\n  box-shadow: 0 1px 0 rgba(255, 255, 255, 0.1);\n  display: block;\n  width: 100%;\n}\n\n.user-bar .name {\n  font-size: 17px;\n  font-weight: 600;\n  text-overflow: ellipsis;\n  letter-spacing: 0.3px;\n  margin: 0 0 0 8px;\n  overflow: hidden;\n  white-space: nowrap;\n  width: 150px;\n}\n\n.user-bar .status {\n  display: block;\n  font-size: 13px;\n  font-weight: 400;\n  letter-spacing: 0;\n}\n</style>\n\n<script>\nfunction criarBarra() {\n  var userBar = document.createElement(\"div\");\n  userBar.className = \"user-bar\";\n\n  var backButton = document.createElement(\"div\");\n  backButton.className = \"back\";\n  backButton.innerHTML = '<i class=\"zmdi zmdi-arrow-left\"></i>';\n\n  var avatar = document.createElement(\"div\");\n  avatar.className = \"avatar\";\n  avatar.innerHTML = '<img src=\"https://i.postimg.cc/9FBX43FG/foto-unica.png\" alt=\"CF DO JEFF\">';\n\n  var name = document.createElement(\"div\");\n  name.className = \"name\";\n  name.innerHTML = '<span>Dra. Cristina</span><span class=\"status\">online</span>';\n\n  var moreActions = document.createElement(\"div\");\n  moreActions.className = \"actions more\";\n  moreActions.innerHTML = '<i class=\"zmdi zmdi-more-vert\"></i>';\n\n  var attachmentAction = document.createElement(\"div\");\n  attachmentAction.className = \"actions attachment\";\n  attachmentAction.innerHTML = '<i class=\"zmdi zmdi-attachment-alt\"></i>';\n\n  var phoneAction = document.createElement(\"div\");\n  phoneAction.className = \"actions\";\n  phoneAction.innerHTML = '<i class=\"zmdi zmdi-phone\"></i>';\n\n  userBar.appendChild(backButton);\n  userBar.appendChild(avatar);\n  userBar.appendChild(name);\n  userBar.appendChild(moreActions);\n  userBar.appendChild(attachmentAction);\n  userBar.appendChild(phoneAction);\n\n  var elementoPai = document.querySelector(\"#__next\");\n  if (elementoPai) {\n    elementoPai.insertBefore(userBar, elementoPai.firstChild);\n  }\n}\n\ncriarBarra();\n</script>\n"},"typingEmulation":{"speed":300,"enabled":true,"maxDelay":1.5}}}