{"id":"clk9l6fa0000hle0fj5wdnqhi","version":"3","groups":[{"id":"o5hzs9ryk1ruimz2ue52lbxc","title":"Start","blocks":[{"id":"clbk0lonb000908l701ns28kv","type":"start","label":"Start","groupId":"o5hzs9ryk1ruimz2ue52lbxc","outgoingEdgeId":"ou37xbnh7ejgpr1jr02e9yqk"}],"graphCoordinates":{"x":0.86,"y":93.66}},{"id":"nwhwpavlm1y908vizostochc","title":"Apresentação","blocks":[{"id":"clbk0mq9q000l356emf2f36fj","type":"text","content":{"richText":[{"type":"p","children":[{"text":"Seja bem vindo(a) ao processo de aplicação para o diagnóstico estratégico, onde vamos te mostrar o método "},{"bold":true,"text":"Aceleração Imobiliária® "},{"text":"que gera leads prontos para visitar e comprar."}]}]},"groupId":"nwhwpavlm1y908vizostochc"},{"id":"clbk0upxx000n356eg6kkhmzn","type":"text","content":{"richText":[{"type":"p","children":[{"text":"\nEsta é uma sessão gratuita exclusivamente para "},{"bold":true,"text":"DONOS DE IMOBILIÁRIAS.  "},{"text":"Aplique apenas se for o seu caso"}]}]},"groupId":"nwhwpavlm1y908vizostochc"},{"id":"clbk11nxi000t356ezqe62m91","type":"text","content":{"richText":[{"type":"p","children":[{"bold":true,"text":"IMPORTANTE: "},{"text":"A aplicação através deste formulário não garante a sua vaga. Vou analisar cuidadosamente as aplicações e aceitar a apenas quem tem capacidade máxima de tirar valor dessa sessão estratégica gratuita."}]}]},"groupId":"nwhwpavlm1y908vizostochc","outgoingEdgeId":"qzdsqhzimq1obleu7apdiih6"}],"graphCoordinates":{"x":438.67,"y":101.33}},{"id":"mz6h0yjuotgygxrry3eh62yg","title":"Vamos Lá","blocks":[{"id":"clbk0z0ba000p356eska8yqde","type":"choice input","items":[{"id":"clbk0z0ba000q356e6z89oeso","type":0,"blockId":"clbk0z0ba000p356eska8yqde","content":"Toque para começar","outgoingEdgeId":"ho26ikkh1n53x8sdrsl0xlzs"}],"groupId":"mz6h0yjuotgygxrry3eh62yg","options":{"buttonLabel":"Send","isMultipleChoice":false}}],"graphCoordinates":{"x":856,"y":105}},{"id":"exq11h6u9k3vk3evkmof8a13","title":"Pedindo Nome","blocks":[{"id":"clbk16eil000x356ef46p5nft","type":"text","content":{"html":"<div>Qual o seu nome?</div>","richText":[{"type":"p","children":[{"text":"Qual o seu nome?"}]}],"plainText":"Qual o seu nome?"},"groupId":"exq11h6u9k3vk3evkmof8a13","outgoingEdgeId":"tndifrzcan52bcpv6n6gy20b"}],"graphCoordinates":{"x":1288.43,"y":176.6}},{"id":"h113xb2ffmj1ismsfd1zpiu4","title":"Nome","blocks":[{"id":"clbk16s0u0010356eml8xllcc","type":"text input","groupId":"h113xb2ffmj1ismsfd1zpiu4","options":{"isLong":false,"labels":{"button":"Enviar","placeholder":"Digite Seu Nome"},"variableId":"vclbk1764g0012356e41p1jrmd"},"outgoingEdgeId":"sak1ue7mam7rlqbguwwlhjge"}],"graphCoordinates":{"x":1669.86,"y":218.02}},{"id":"z3rxhp00laoraqshu5ylcjft","title":"Pedindo Email","blocks":[{"id":"clbk1a0lq0016356exqh350bi","type":"text","content":{"html":"<div>Qual o seu melhor email?</div>","richText":[{"type":"p","children":[{"text":"Qual o seu melhor email?"}]}],"plainText":"Qual o seu melhor email?"},"groupId":"z3rxhp00laoraqshu5ylcjft"},{"id":"clbk1a7380017356ed8c7de1f","type":"text","content":{"html":"<div>(Só lembrando que vou mandar o link da sessão por lá)</div>","richText":[{"type":"p","children":[{"text":"(Só lembrando que vou mandar o link da sessão por lá)"}]}],"plainText":"(Só lembrando que vou mandar o link da sessão por lá)"},"groupId":"z3rxhp00laoraqshu5ylcjft","outgoingEdgeId":"t4aajeqg5bfj21ert4rowev5"}],"graphCoordinates":{"x":3130.88,"y":234.97}},{"id":"al8k4o1clntkdru80ukb69th","title":"Email","blocks":[{"id":"clbk1b080001a356enbql6ydj","type":"email input","groupId":"al8k4o1clntkdru80ukb69th","options":{"labels":{"button":"Enviar","placeholder":"Digite seu Email"},"variableId":"vclbk1by25001c356etu4woeew","retryMessageContent":"Este email parece estar errado. Digite novamente"},"outgoingEdgeId":"jjlansalrpivaxfo7d9j0eih"}],"graphCoordinates":{"x":3508,"y":237.77}},{"id":"pfcxh9gldcoldwnpki7u5fog","title":"Pedindo Whatsapp","blocks":[{"id":"clbk1cm19001e356e4aekule8","type":"text","content":{"html":"<div><span class=\"slate-bold\">Importante: </span>Para que eu consiga entrar em contato pra te avisar sobre sua aprovação.</div>","richText":[{"type":"p","children":[{"bold":true,"text":"Importante: "},{"text":"Para que eu consiga entrar em contato pra te avisar sobre sua aprovação."}]}],"plainText":"Importante: Para que eu consiga entrar em contato pra te avisar sobre sua aprovação."},"groupId":"pfcxh9gldcoldwnpki7u5fog"},{"id":"clbk1e959001g356eoix4mgwp","type":"text","content":{"html":"<div>Qual o seu Whatsapp?</div>","richText":[{"type":"p","children":[{"text":"Qual o seu Whatsapp?"}]}],"plainText":"Qual o seu Whatsapp?"},"groupId":"pfcxh9gldcoldwnpki7u5fog","outgoingEdgeId":"v1noe2wj5xivkxk4wphpz0g5"}],"graphCoordinates":{"x":1999.28,"y":222.81}},{"id":"prmuxn1akn1dtr14ojv4xfe1","title":"Whatsapp","blocks":[{"id":"clbk1em91001i356ecvct77vh","type":"phone number input","groupId":"prmuxn1akn1dtr14ojv4xfe1","options":{"labels":{"button":"Enviar","placeholder":"Digite seu Whatsapp"},"variableId":"vclbk1gzv4001l356egriemesh","defaultCountryCode":"BR","retryMessageContent":"Este número parece estar errado. Por favor, verifique e digite novamente."},"outgoingEdgeId":"mwel4k56phmhd4dydufrd24m"}],"graphCoordinates":{"x":2331.65,"y":296.67}},{"id":"ykpu5oce515h1id6yyc0mo43","title":"Group #9","blocks":[{"id":"clbk1hwpi001n356e30a4mrou","type":"text","content":{"html":"<div>Então, {{Nome}}. O número {{Telefone}} está correto? <span class=\"slate-bold\">(Um número errado pode fazer você perder sua vaga)</span></div>","richText":[{"type":"p","children":[{"text":"Então, {{Nome}}. O número {{Telefone}} está correto? "},{"bold":true,"text":"(Um número errado pode fazer você perder sua vaga)"}]}],"plainText":"Então, {{Nome}}. O número {{Telefone}} está correto? (Um número errado pode fazer você perder sua vaga)"},"groupId":"ykpu5oce515h1id6yyc0mo43","outgoingEdgeId":"sflqpho4ejjnglal31bqe43n"}],"graphCoordinates":{"x":2651.3,"y":240.31}},{"id":"l3509epy7pquzcfwsc3juvu4","title":"Group #10","blocks":[{"id":"clbk1kf47001q356e1gz8fghe","type":"choice input","items":[{"id":"clbk1kf47001r356ea80aoqy9","type":0,"blockId":"clbk1kf47001q356e1gz8fghe","content":"Sim","outgoingEdgeId":"rhujsq6504o6xo26gwsioz5i"},{"id":"clbk1kpa5001s356efydz5jz3","type":0,"blockId":"clbk1kf47001q356e1gz8fghe","content":"Não","outgoingEdgeId":"x2rn6gd3dfwune8vyx5a4449"}],"groupId":"l3509epy7pquzcfwsc3juvu4","options":{"buttonLabel":"Send","isMultipleChoice":false}}],"graphCoordinates":{"x":2901.37,"y":-118.31}},{"id":"cd7q6f5s8z7pr7sdyxf9ofdc","title":"Group #11","blocks":[{"id":"clbk1ny5r001w356ea5t3f73u","type":"text","content":{"html":"<div>Maravilha! Qual o seu site? </div>","richText":[{"type":"p","children":[{"text":"Maravilha! Qual o seu site? "}]}],"plainText":"Maravilha! Qual o seu site? "},"groupId":"cd7q6f5s8z7pr7sdyxf9ofdc"},{"id":"pgwk2tod3omur02s0bj90a62","type":"text","content":{"html":"<div>Caso não tiver site, coloque aqui seu Instagram.</div>","richText":[{"type":"p","children":[{"text":"Caso não tiver site, coloque aqui seu Instagram."}]}],"plainText":"Caso não tiver site, coloque aqui seu Instagram."},"groupId":"cd7q6f5s8z7pr7sdyxf9ofdc","outgoingEdgeId":"g4owsoyfdxdgkgb3wlz96iwm"}],"graphCoordinates":{"x":3912.75,"y":252.29}},{"id":"uogrp35aj4np69a1e7roiakl","title":"Group #12","blocks":[{"id":"clbk1oi1a001z356eamhoiu7i","type":"text input","groupId":"uogrp35aj4np69a1e7roiakl","options":{"isLong":false,"labels":{"button":"Enviar","placeholder":"Digite o @ do Instagram"},"variableId":"vdpap1wiudtjvhhsdm9xe20wz"},"outgoingEdgeId":"ynxfrx7h7cvbrhqszokwfkyv"}],"graphCoordinates":{"x":4293.57,"y":249.45}},{"id":"s6i30povd8ekun77jayodtws","title":"Group #13","blocks":[{"id":"clbk1sy9i0023356e08lcr4ic","type":"text","content":{"html":"<div>Show!</div>","richText":[{"type":"p","children":[{"text":"Show!"}]}],"plainText":"Show!"},"groupId":"s6i30povd8ekun77jayodtws"},{"id":"clbk1te3q0025356eyublaeqf","type":"text","content":{"richText":[{"type":"p","children":[{"text":"{{Nome}}, Me diz uma coisa. . .  Em qual etapa você está atualmente? Qual seu VGV "},{"bold":true,"text":"MENSAL MÉDIO"},{"text":" (considerando até este mês)?"}]}]},"groupId":"s6i30povd8ekun77jayodtws","outgoingEdgeId":"vox7o5ywtcm7sgpip69c7vn7"}],"graphCoordinates":{"x":5544.75,"y":349.53}},{"id":"knwdivqagjjrjfytlw5q5fp6","title":"Group #13 copy","blocks":[{"id":"z9a17a6tnpanypuh2262cdxj","type":"text","content":{"richText":[{"type":"p","children":[{"text":"{{Nome}}, Até aqui tudo ótimo c…Para eu entender mais sobre você, qual seu cargo?"}]}]},"groupId":"knwdivqagjjrjfytlw5q5fp6","outgoingEdgeId":"db7pnwyrlwl81gcc96h04eng"}],"graphCoordinates":{"x":4673.09,"y":207.86}},{"id":"u1a40nqo0ld1ca1zx5jp5yyb","title":"Faturamento Mensal","blocks":[{"id":"clbk1uqmg0027356erbti8sho","type":"choice input","items":[{"id":"clbk1vlso0029356epy3ptp6w","type":0,"blockId":"clbk1uqmg0027356erbti8sho","content":"De 50 a 100 Mil","outgoingEdgeId":"cvopvr3i9ukxikbfvqvmfxq8"},{"id":"clbk1w686002a356eed54jmxu","type":0,"blockId":"clbk1uqmg0027356erbti8sho","content":"De 75 a 100 Mil","outgoingEdgeId":"b7fzqcoshu1vciuqdjfh340g"},{"id":"clbk1xqzc002b356exdzff34f","type":0,"blockId":"clbk1uqmg0027356erbti8sho","content":"De 100 a 150 Mil","outgoingEdgeId":"i86f7t8626r8umr739l7yeie"},{"id":"clbk1z80w002e356evn0czn20","type":0,"blockId":"clbk1uqmg0027356erbti8sho","content":"De 300 a 500 Mil","outgoingEdgeId":"tgbpclb2xy52hxxie55brync"},{"id":"clbk1zfuf002f356ecypjcmn6","type":0,"blockId":"clbk1uqmg0027356erbti8sho","content":"De 500 a 1 Milhão","outgoingEdgeId":"njuhritc067btat54l7celo8"},{"id":"fzn23f6xnjc6jp96k81i8c8h","type":0,"blockId":"clbk1uqmg0027356erbti8sho","content":"De 1 Milhão a 5 Milhões","outgoingEdgeId":"z50px46op58a3hx0xwq5lhk1"},{"id":"zgx5eh4i4lxiu34ozmhuzvmx","type":0,"blockId":"clbk1uqmg0027356erbti8sho","content":"+10 Milhões","outgoingEdgeId":"pxggfwx98h53a6sykawqzkzb"}],"groupId":"u1a40nqo0ld1ca1zx5jp5yyb","options":{"buttonLabel":"Send","isMultipleChoice":false}}],"graphCoordinates":{"x":5546.65,"y":-685.41}},{"id":"fuitqejtfxkaa4uh4a40gl0g","title":"Cargo","blocks":[{"id":"vw7hglenkui03xrs3g29nwjx","type":"choice input","items":[{"id":"l4jvx5llubke2usw49q598o0","type":0,"blockId":"vw7hglenkui03xrs3g29nwjx","content":"Corretor","outgoingEdgeId":"kfmkrmg4zy4iut68icvyt5sc"},{"id":"jxvzd240g9723ewowgt2uv0m","type":0,"blockId":"vw7hglenkui03xrs3g29nwjx","content":"Gerente","outgoingEdgeId":"pcj3v0n53u7eewt13wizryr4"},{"id":"osp5nuqwrdrci6rl40j4i0tx","type":0,"blockId":"vw7hglenkui03xrs3g29nwjx","content":"Dono de imobiliária","outgoingEdgeId":"b79tryjyy78ndqd2gwlsv89c"},{"id":"trgacjyy9gmnxin54zke1r1o","type":0,"blockId":"vw7hglenkui03xrs3g29nwjx","content":"Dono de incorporadora","outgoingEdgeId":"ubcflfs6jsy1j5cxmv053hxe"}],"groupId":"fuitqejtfxkaa4uh4a40gl0g","options":{"buttonLabel":"Send","isMultipleChoice":false},"outgoingEdgeId":"msovl1beta9e4alme6taoxfj"}],"graphCoordinates":{"x":5024.98,"y":267.92}},{"id":"o6hpo6ieh85raygskjm7uwuv","title":"Group #17","blocks":[{"id":"clbk2b63q002u356e8t0rpbl6","type":"text","content":{"richText":[{"type":"p","children":[{"text":"\nSe você tivesse acesso a "},{"bold":true,"text":"estratégia perfeita"},{"text":" para aumentar o "},{"bold":true,"text":"VGV "},{"text":"da sua "},{"bold":true,"text":"imobiliária"},{"text":", quanto estaria disposto a investir por mês?"}]}]},"groupId":"o6hpo6ieh85raygskjm7uwuv","outgoingEdgeId":"s0unzp7wz6kpypnqmq8u8z1l"}],"graphCoordinates":{"x":6058.33,"y":310.63}},{"id":"ipad41d9asrpkp5e8fihor1f","title":"Disponibilidade Investimento","blocks":[{"id":"clbk2dtkw0034356eeab7zac8","type":"choice input","items":[{"id":"clbk2nyiy003q356e5of63d5d","type":0,"blockId":"clbk2dtkw0034356eeab7zac8","content":"De R$2.500 a R$3.000","outgoingEdgeId":"mnhprr76etvncbipnqhbgo0h"},{"id":"clbk2omtt003r356ei3rbcws7","type":0,"blockId":"clbk2dtkw0034356eeab7zac8","content":"De R$3.000 a R$5.000","outgoingEdgeId":"jd0hbgrsvpd95yuvq4q8kg0x"},{"id":"clbk2pkld003s356esnj22rrr","type":0,"blockId":"clbk2dtkw0034356eeab7zac8","content":"De R$5.000 a R$10.000","outgoingEdgeId":"tv9wxg8fbf78k8g8xl1ivhoj"},{"id":"clbk2qvq9003u356ew6vi4ha9","type":0,"blockId":"clbk2dtkw0034356eeab7zac8","content":"Acima de R$10.000","outgoingEdgeId":"wwzg8btmbl5pa42j6t1aaz6d"},{"id":"clbk2r8qi003v356eaqm90vmz","type":0,"blockId":"clbk2dtkw0034356eeab7zac8","content":"Não Estou Disposto a Investir Nada","outgoingEdgeId":"iwsbadx28a48a3754be7xsfd"},{"id":"cld0ioxwi0008356j70zhortz","type":0,"blockId":"clbk2dtkw0034356eeab7zac8","content":"Menos de R$2.500","outgoingEdgeId":"te5o8k0sz0kvp3injenozpik"}],"groupId":"ipad41d9asrpkp5e8fihor1f","options":{"buttonLabel":"Send","isMultipleChoice":false}}],"graphCoordinates":{"x":6466.22,"y":311.89}},{"id":"raivot024x32i9o7pw0c456r","title":"Buyer Jorney","blocks":[{"id":"clbk2wg820046356e2uh2e6na","type":"text","content":{"html":"<div>{{Nome}}, qual das opções abaixo melhor descreve o seu momento atual?</div>","richText":[{"type":"p","children":[{"text":"{{Nome}}, qual das opções abaixo melhor descreve o seu momento atual?"}]}],"plainText":"{{Nome}}, qual das opções abaixo melhor descreve o seu momento atual?"},"groupId":"raivot024x32i9o7pw0c456r","outgoingEdgeId":"npw4s970qy8dm0mlk9z2ne6g"}],"graphCoordinates":{"x":7448.13,"y":425.99}},{"id":"xes69xuhnclkf3k3zq4tx8gf","title":"Buyer Jorney","blocks":[{"id":"clbk2x6ax0049356eazosraqv","type":"choice input","items":[{"id":"clbk2x6ax004a356e51kfde6n","type":0,"blockId":"clbk2x6ax0049356eazosraqv","content":"Ouvi falar que o marketing digital pode ajudar minha empresa","outgoingEdgeId":"xno9ntkypqp72ta1a5q9iekq"},{"id":"clbk2xr6q004b356edn5tbdyn","type":0,"blockId":"clbk2x6ax0049356eazosraqv","content":"Acredito que o marketing digital é bom para a minha empresa, mas preciso saber mais","outgoingEdgeId":"aohg2wsy4evginxg7br43hs8"},{"id":"clbk2y5zm004c356epcol05hr","type":0,"blockId":"clbk2x6ax0049356eazosraqv","content":"Estou escolhendo uma empresa de marketing digital para contratar","outgoingEdgeId":"em35l9nzzfufcuxr087nfz0m"}],"groupId":"xes69xuhnclkf3k3zq4tx8gf","options":{"buttonLabel":"Send","isMultipleChoice":false}}],"graphCoordinates":{"x":7901.61,"y":436.05}},{"id":"q0t1lv9brwd1q5jy59yiugz0","title":"Group #24","blocks":[{"id":"clbk362vl004n356epwv31bfb","type":"text","content":{"html":"<div>Olha, {{Nome}}</div>","richText":[{"type":"p","children":[{"text":"Olha, {{Nome}}"}]}],"plainText":"Olha, {{Nome}}"},"groupId":"q0t1lv9brwd1q5jy59yiugz0"},{"id":"clbk36xmn004o356ey50womgp","type":"text","content":{"html":"<div>Reunindo as informações que foram passadas, infelizmente não conseguimos te ajudar na sessão estratégica</div>","richText":[{"type":"p","children":[{"text":"Reunindo as informações que foram passadas, infelizmente não conseguimos te ajudar na sessão estratégica"}]}],"plainText":"Reunindo as informações que foram passadas, infelizmente não conseguimos te ajudar na sessão estratégica"},"groupId":"q0t1lv9brwd1q5jy59yiugz0"},{"id":"clbk38bno004p356e051alemw","type":"text","content":{"richText":[{"type":"p","children":[{"text":"E esse não é o momento certo para você ter um "},{"bold":true,"text":" Aceleração imobiliária®"}]}]},"groupId":"q0t1lv9brwd1q5jy59yiugz0"},{"id":"cld0j51d7000p356jnmbbl3oa","type":"text","content":{"html":"<div>De qualquer forma, agradecemos muito pelo seu tempo e te parabenizamos pela vontade de poder expandir seu negócio</div>","richText":[{"type":"p","children":[{"text":"De qualquer forma, agradecemos muito pelo seu tempo e te parabenizamos pela vontade de poder expandir seu negócio"}]}],"plainText":"De qualquer forma, agradecemos muito pelo seu tempo e te parabenizamos pela vontade de poder expandir seu negócio"},"groupId":"q0t1lv9brwd1q5jy59yiugz0","outgoingEdgeId":"wtiivf8uy8q8l2slvj586qc8"}],"graphCoordinates":{"x":7336.93,"y":2773.26}},{"id":"xm2flb3kmw7v23zponwwtw4a","title":"Obrigado","blocks":[{"id":"clbk3pl7n0052356eo60y2c5q","type":"Redirect","groupId":"xm2flb3kmw7v23zponwwtw4a","options":{"url":"https://vlogdigital.pages.net.br/obrigado","isNewTab":true}}],"graphCoordinates":{"x":9706,"y":1069.97}},{"id":"qq8kmacbaacm39oyg1qex9vs","title":"Group #21","blocks":[{"id":"clcalt7hl000g356j3095igrh","type":"Set variable","groupId":"qq8kmacbaacm39oyg1qex9vs","options":{"variableId":"vclcaltzov000h356jl744lc8i"}},{"id":"clcalv4kw000k356jn5d7i2qr","type":"Set variable","groupId":"qq8kmacbaacm39oyg1qex9vs","options":{"variableId":"vclcalvi5e000l356jf39aqysd"}},{"id":"clcalvnt6000m356jd9yr78ox","type":"Set variable","groupId":"qq8kmacbaacm39oyg1qex9vs","options":{"variableId":"vclcalvys4000o356juq0uzlb8"}},{"id":"clcalvqgs000n356jdcyfywzr","type":"Set variable","groupId":"qq8kmacbaacm39oyg1qex9vs","options":{"variableId":"vclcalwa3y000p356jsujofdso"}}],"graphCoordinates":{"x":93.67,"y":288}},{"id":"udlk2j2c7ovndv88tl7vgbxg","title":"Confirmando o Investimento","blocks":[{"id":"cld0iqxcb000c356jb3tlf8z4","type":"text","content":{"html":"<div>{{Nome}}.</div>","richText":[{"type":"p","children":[{"text":"{{Nome}}."}]}],"plainText":"{{Nome}}."},"groupId":"udlk2j2c7ovndv88tl7vgbxg"},{"id":"cld0iramx000d356jebt0gsyg","type":"text","content":{"richText":[{"type":"p","children":[{"text":"Veja bem, hoje nossos clientes investem em média"},{"bold":true,"text":" R$3.000/mês"},{"text":" pelos nossos serviços + investimentos nos anúncios (indicamos iniciar  no mínimo "},{"bold":true,"text":"R$2.000,00"},{"text":")"}]}]},"groupId":"udlk2j2c7ovndv88tl7vgbxg"},{"id":"cld0isrkb000e356j1c8b6gg2","type":"text","content":{"richText":[{"type":"p","children":[{"text":"Caso você tenha "},{"bold":true,"text":"real "},{"text":"interesse no "},{"bold":true,"text":"Aceleração imobiliária®"},{"text":" onde faremos a aplicação para gerar "},{"bold":true,"text":"Leads qualificados prontos para visitar e comprar"},{"text":", você conseguiria encaixar esse valor no seu orçamento ou está fora da sua realidade neste momento?"}]}]},"groupId":"udlk2j2c7ovndv88tl7vgbxg","outgoingEdgeId":"mrhhf9ic7forcf95i4u5ifhk"}],"graphCoordinates":{"x":7464.69,"y":1863.89}},{"id":"lckvny0n2uam3is209puveri","title":"Group #23","blocks":[{"id":"cld0j82u6000x356j45un5e7d","type":"Redirect","groupId":"lckvny0n2uam3is209puveri","options":{"url":"https://vlogdigital.com.br/","isNewTab":true}}],"graphCoordinates":{"x":8521.32,"y":3035.09}},{"id":"xt8bcw8n7x4vo71oi8b3nnlk","title":"Group #24","blocks":[{"id":"cld0ixpej000f356jyfki2s0o","type":"choice input","items":[{"id":"cld0ixpej000g356jcw3l5h3f","type":0,"blockId":"cld0ixpej000f356jyfki2s0o","content":"Se eu gostar posso encaixar no meu financeiro","outgoingEdgeId":"qx3wqctpe11fqldzsbeyiusd"},{"id":"cld0izn6k000j356jzjjsajt8","type":0,"blockId":"cld0ixpej000f356jyfki2s0o","content":"No momento, este valor está fora da minha realidade","outgoingEdgeId":"dmmnnawuzahn3th0u26dmozm"}],"groupId":"xt8bcw8n7x4vo71oi8b3nnlk","options":{"buttonLabel":"Send","isMultipleChoice":false}}],"graphCoordinates":{"x":8042.75,"y":2295.38}},{"id":"y3cb71sqmf9qh5hhymf62pqr","title":"Group #25","blocks":[{"id":"cld0j7m2b000t356jmywlfwvd","type":"choice input","items":[{"id":"cld0j7m2b000u356jg7b2wdcn","type":0,"blockId":"cld0j7m2b000t356jmywlfwvd","content":"👉Clique Aqui para sair🏃‍♂","outgoingEdgeId":"ybk1e7hifxew5shpte5gh0v3"}],"groupId":"y3cb71sqmf9qh5hhymf62pqr","options":{"buttonLabel":"Send","isMultipleChoice":false}}],"graphCoordinates":{"x":8089.58,"y":2980.03}},{"id":"a05pk2kaljin6dtpq36ojgx3","title":"Group #28","blocks":[{"id":"dq6d4im9nzu354mr2akhcif2","type":"text","content":{"richText":[{"type":"p","children":[{"text":"Concluímos a primeira etapa e, baseado na suas respostas, anunciamos que você foi "},{"bold":true,"text":"SELECIONADO "},{"text":"para sessão estratégica com nosso time! Parabéns! 🥳\n"}]}]},"groupId":"a05pk2kaljin6dtpq36ojgx3"},{"id":"nnn8e577zah2ccl80yuhtnpv","type":"image","content":{"url":"https://media1.giphy.com/media/1jY41jR11D3xhZxGUv/giphy-downsized.gif?cid=fe3852a3txgu3o0vi68i13gdcjp9ja6ylovrtnwmbyglr1a5&ep=v1_gifs_search&rid=giphy-downsized.gif&ct=g"},"groupId":"a05pk2kaljin6dtpq36ojgx3"},{"id":"mfadf880hjc27mb5gnh7df89","type":"text","content":{"richText":[{"type":"p","children":[{"text":"Bem, agora preciso que você  PRESTE BASTANTE ATENÇÃO NOS PRÓXIMOS PASSOS:"},{"bold":true,"text":"POIS NÃO ACEITAMOS REAGENDAMENTOS!"}]}]},"groupId":"a05pk2kaljin6dtpq36ojgx3"},{"id":"fqpftmgl6xjer67q5e1wx6ig","type":"text","content":{"richText":[{"type":"p","children":[{"text":"1) Nosso time entrará em contato por ligação e/ou WhatsApp para estarmos validando algumas informações sobre sua aplicação e agendando sua Sessão Estratégica."}]}]},"groupId":"a05pk2kaljin6dtpq36ojgx3"},{"id":"eug51fh8wf617tr5mprs7vb0","type":"text","content":{"richText":[{"type":"p","children":[{"text":"\n2) Entraremos em contato pelo número "},{"bold":true,"text":"+55 (11) 98299-8484 "},{"text":"(Caso você tenha algum problema com o agendamento, peço que entre em contato com nosso time pelo instagram relatando algum erro no @vlogdigital "},{"bold":true,"text":"TOQUE NO BOTÃO PARA SAIR E NOS VEMOS EM BREVE, OBRIGADO!"}]}]},"groupId":"a05pk2kaljin6dtpq36ojgx3","outgoingEdgeId":"jd3xi65oudindg5035p2jhwd"}],"graphCoordinates":{"x":8523.86,"y":488.33}},{"id":"kpf3f31yny9iqk8bdamrh30a","title":"Group #29","blocks":[{"id":"s524hzhbau4aenhfvu2w04wv","type":"choice input","items":[{"id":"esadrcqzaetl97k9jqj1txq2","type":0,"blockId":"s524hzhbau4aenhfvu2w04wv","content":"Clique Aqui","outgoingEdgeId":"swukq8fvbika50vrjq7nxs8h"}],"groupId":"kpf3f31yny9iqk8bdamrh30a","options":{"buttonLabel":"Send","isSearchable":false,"isMultipleChoice":false,"searchInputPlaceholder":"Filter the options..."}}],"graphCoordinates":{"x":9254.19,"y":1101.16}},{"id":"nels2czt3h34tx5qr21gc95v","title":"Group #31","blocks":[{"id":"ph05zck279shaop8eqh98cpq","type":"Webhook","groupId":"nels2czt3h34tx5qr21gc95v","options":{"isCustomBody":false,"isAdvancedConfig":false,"variablesForTest":[],"responseVariableMapping":[]},"webhookId":"i9i3lxiiqze7viewzi3ga1fk","outgoingEdgeId":"hy2vk0xlpfduwilwvf2s77ln"}],"graphCoordinates":{"x":7710.53,"y":3100.99}},{"id":"nozlk4rrofnon0wbo5ndirod","title":"Group #31","blocks":[{"id":"z12750c9xzecocsbeab5x3qr","type":"Webhook","groupId":"nozlk4rrofnon0wbo5ndirod","options":{"isCustomBody":false,"isAdvancedConfig":false,"variablesForTest":[],"responseVariableMapping":[]},"webhookId":"cxn0w186bbyo21qg8tmjnhs3","outgoingEdgeId":"origvo87z6qh7i5asfk7hbfh"}],"graphCoordinates":{"x":8909.693333333335,"y":1152.16}}],"variables":[{"id":"vclbk1764g0012356e41p1jrmd","name":"Nome"},{"id":"vclbk1by25001c356etu4woeew","name":"Email"},{"id":"vclbk1gzv4001l356egriemesh","name":"Telefone"},{"id":"vclbk1p2gm0021356e7g1k593h","name":"Instagram"},{"id":"vclbk2fpu70038356eub3h27ej","name":"Dispon.Investimento"},{"id":"vclbk2gx8m003a356ef9agegf9","name":"Faturamento Mensal"},{"id":"vclbk2zk5t004g356e070mvbam","name":"Buyer Jorney"},{"id":"vclbk30tlb004k356e2p48812g","name":"Solution Selection"},{"id":"vclcaltzov000h356jl744lc8i","name":"utm_campaign"},{"id":"vclcalvi5e000l356jf39aqysd","name":"utm_medium"},{"id":"vclcalvys4000o356juq0uzlb8","name":"utm_source"},{"id":"vclcalwa3y000p356jsujofdso","name":"utm_content"},{"id":"vdpap1wiudtjvhhsdm9xe20wz","name":"site"}],"edges":[{"id":"ou37xbnh7ejgpr1jr02e9yqk","to":{"groupId":"nwhwpavlm1y908vizostochc"},"from":{"blockId":"clbk0lonb000908l701ns28kv","groupId":"o5hzs9ryk1ruimz2ue52lbxc"}},{"id":"qzdsqhzimq1obleu7apdiih6","to":{"groupId":"mz6h0yjuotgygxrry3eh62yg"},"from":{"blockId":"clbk11nxi000t356ezqe62m91","groupId":"nwhwpavlm1y908vizostochc"}},{"id":"ho26ikkh1n53x8sdrsl0xlzs","to":{"groupId":"exq11h6u9k3vk3evkmof8a13"},"from":{"itemId":"clbk0z0ba000q356e6z89oeso","blockId":"clbk0z0ba000p356eska8yqde","groupId":"mz6h0yjuotgygxrry3eh62yg"}},{"id":"t4aajeqg5bfj21ert4rowev5","to":{"groupId":"al8k4o1clntkdru80ukb69th"},"from":{"blockId":"clbk1a7380017356ed8c7de1f","groupId":"z3rxhp00laoraqshu5ylcjft"}},{"id":"v1noe2wj5xivkxk4wphpz0g5","to":{"groupId":"prmuxn1akn1dtr14ojv4xfe1"},"from":{"blockId":"clbk1e959001g356eoix4mgwp","groupId":"pfcxh9gldcoldwnpki7u5fog"}},{"id":"mwel4k56phmhd4dydufrd24m","to":{"groupId":"ykpu5oce515h1id6yyc0mo43"},"from":{"blockId":"clbk1em91001i356ecvct77vh","groupId":"prmuxn1akn1dtr14ojv4xfe1"}},{"id":"sflqpho4ejjnglal31bqe43n","to":{"groupId":"l3509epy7pquzcfwsc3juvu4"},"from":{"blockId":"clbk1hwpi001n356e30a4mrou","groupId":"ykpu5oce515h1id6yyc0mo43"}},{"id":"x2rn6gd3dfwune8vyx5a4449","to":{"groupId":"pfcxh9gldcoldwnpki7u5fog"},"from":{"itemId":"clbk1kpa5001s356efydz5jz3","blockId":"clbk1kf47001q356e1gz8fghe","groupId":"l3509epy7pquzcfwsc3juvu4"}},{"id":"vox7o5ywtcm7sgpip69c7vn7","to":{"groupId":"u1a40nqo0ld1ca1zx5jp5yyb"},"from":{"blockId":"clbk1te3q0025356eyublaeqf","groupId":"s6i30povd8ekun77jayodtws"}},{"id":"s0unzp7wz6kpypnqmq8u8z1l","to":{"groupId":"ipad41d9asrpkp5e8fihor1f"},"from":{"blockId":"clbk2b63q002u356e8t0rpbl6","groupId":"o6hpo6ieh85raygskjm7uwuv"}},{"id":"npw4s970qy8dm0mlk9z2ne6g","to":{"groupId":"xes69xuhnclkf3k3zq4tx8gf"},"from":{"blockId":"clbk2wg820046356e2uh2e6na","groupId":"raivot024x32i9o7pw0c456r"}},{"id":"cvopvr3i9ukxikbfvqvmfxq8","to":{"groupId":"o6hpo6ieh85raygskjm7uwuv"},"from":{"itemId":"clbk1vlso0029356epy3ptp6w","blockId":"clbk1uqmg0027356erbti8sho","groupId":"u1a40nqo0ld1ca1zx5jp5yyb"}},{"id":"b7fzqcoshu1vciuqdjfh340g","to":{"groupId":"o6hpo6ieh85raygskjm7uwuv"},"from":{"itemId":"clbk1w686002a356eed54jmxu","blockId":"clbk1uqmg0027356erbti8sho","groupId":"u1a40nqo0ld1ca1zx5jp5yyb"}},{"id":"i86f7t8626r8umr739l7yeie","to":{"groupId":"o6hpo6ieh85raygskjm7uwuv"},"from":{"itemId":"clbk1xqzc002b356exdzff34f","blockId":"clbk1uqmg0027356erbti8sho","groupId":"u1a40nqo0ld1ca1zx5jp5yyb"}},{"id":"tgbpclb2xy52hxxie55brync","to":{"blockId":"clbk2b63q002u356e8t0rpbl6","groupId":"o6hpo6ieh85raygskjm7uwuv"},"from":{"itemId":"clbk1z80w002e356evn0czn20","blockId":"clbk1uqmg0027356erbti8sho","groupId":"u1a40nqo0ld1ca1zx5jp5yyb"}},{"id":"njuhritc067btat54l7celo8","to":{"groupId":"o6hpo6ieh85raygskjm7uwuv"},"from":{"itemId":"clbk1zfuf002f356ecypjcmn6","blockId":"clbk1uqmg0027356erbti8sho","groupId":"u1a40nqo0ld1ca1zx5jp5yyb"}},{"id":"mnhprr76etvncbipnqhbgo0h","to":{"groupId":"raivot024x32i9o7pw0c456r"},"from":{"itemId":"clbk2nyiy003q356e5of63d5d","blockId":"clbk2dtkw0034356eeab7zac8","groupId":"ipad41d9asrpkp5e8fihor1f"}},{"id":"jd0hbgrsvpd95yuvq4q8kg0x","to":{"groupId":"raivot024x32i9o7pw0c456r"},"from":{"itemId":"clbk2omtt003r356ei3rbcws7","blockId":"clbk2dtkw0034356eeab7zac8","groupId":"ipad41d9asrpkp5e8fihor1f"}},{"id":"tv9wxg8fbf78k8g8xl1ivhoj","to":{"groupId":"raivot024x32i9o7pw0c456r"},"from":{"itemId":"clbk2pkld003s356esnj22rrr","blockId":"clbk2dtkw0034356eeab7zac8","groupId":"ipad41d9asrpkp5e8fihor1f"}},{"id":"wwzg8btmbl5pa42j6t1aaz6d","to":{"groupId":"raivot024x32i9o7pw0c456r"},"from":{"itemId":"clbk2qvq9003u356ew6vi4ha9","blockId":"clbk2dtkw0034356eeab7zac8","groupId":"ipad41d9asrpkp5e8fihor1f"}},{"id":"iwsbadx28a48a3754be7xsfd","to":{"groupId":"q0t1lv9brwd1q5jy59yiugz0"},"from":{"itemId":"clbk2r8qi003v356eaqm90vmz","blockId":"clbk2dtkw0034356eeab7zac8","groupId":"ipad41d9asrpkp5e8fihor1f"}},{"id":"tndifrzcan52bcpv6n6gy20b","to":{"groupId":"h113xb2ffmj1ismsfd1zpiu4"},"from":{"blockId":"clbk16eil000x356ef46p5nft","groupId":"exq11h6u9k3vk3evkmof8a13"}},{"id":"te5o8k0sz0kvp3injenozpik","to":{"groupId":"udlk2j2c7ovndv88tl7vgbxg"},"from":{"itemId":"cld0ioxwi0008356j70zhortz","blockId":"clbk2dtkw0034356eeab7zac8","groupId":"ipad41d9asrpkp5e8fihor1f"}},{"id":"ybk1e7hifxew5shpte5gh0v3","to":{"groupId":"lckvny0n2uam3is209puveri"},"from":{"itemId":"cld0j7m2b000u356jg7b2wdcn","blockId":"cld0j7m2b000t356jmywlfwvd","groupId":"y3cb71sqmf9qh5hhymf62pqr"}},{"id":"dmmnnawuzahn3th0u26dmozm","to":{"groupId":"q0t1lv9brwd1q5jy59yiugz0"},"from":{"itemId":"cld0izn6k000j356jzjjsajt8","blockId":"cld0ixpej000f356jyfki2s0o","groupId":"xt8bcw8n7x4vo71oi8b3nnlk"}},{"id":"sak1ue7mam7rlqbguwwlhjge","to":{"blockId":"clbk1cm19001e356e4aekule8","groupId":"pfcxh9gldcoldwnpki7u5fog"},"from":{"blockId":"clbk16s0u0010356eml8xllcc","groupId":"h113xb2ffmj1ismsfd1zpiu4"}},{"id":"rhujsq6504o6xo26gwsioz5i","to":{"blockId":"clbk1a7380017356ed8c7de1f","groupId":"z3rxhp00laoraqshu5ylcjft"},"from":{"itemId":"clbk1kf47001r356ea80aoqy9","blockId":"clbk1kf47001q356e1gz8fghe","groupId":"l3509epy7pquzcfwsc3juvu4"}},{"id":"jjlansalrpivaxfo7d9j0eih","to":{"groupId":"cd7q6f5s8z7pr7sdyxf9ofdc"},"from":{"blockId":"clbk1b080001a356enbql6ydj","groupId":"al8k4o1clntkdru80ukb69th"}},{"id":"g4owsoyfdxdgkgb3wlz96iwm","to":{"groupId":"uogrp35aj4np69a1e7roiakl"},"from":{"blockId":"pgwk2tod3omur02s0bj90a62","groupId":"cd7q6f5s8z7pr7sdyxf9ofdc"}},{"id":"mrhhf9ic7forcf95i4u5ifhk","to":{"groupId":"xt8bcw8n7x4vo71oi8b3nnlk"},"from":{"blockId":"cld0isrkb000e356j1c8b6gg2","groupId":"udlk2j2c7ovndv88tl7vgbxg"}},{"id":"ynxfrx7h7cvbrhqszokwfkyv","to":{"groupId":"knwdivqagjjrjfytlw5q5fp6"},"from":{"blockId":"clbk1oi1a001z356eamhoiu7i","groupId":"uogrp35aj4np69a1e7roiakl"}},{"id":"db7pnwyrlwl81gcc96h04eng","to":{"groupId":"fuitqejtfxkaa4uh4a40gl0g"},"from":{"blockId":"z9a17a6tnpanypuh2262cdxj","groupId":"knwdivqagjjrjfytlw5q5fp6"}},{"id":"kfmkrmg4zy4iut68icvyt5sc","to":{"groupId":"s6i30povd8ekun77jayodtws"},"from":{"itemId":"l4jvx5llubke2usw49q598o0","blockId":"vw7hglenkui03xrs3g29nwjx","groupId":"fuitqejtfxkaa4uh4a40gl0g"}},{"id":"b79tryjyy78ndqd2gwlsv89c","to":{"groupId":"s6i30povd8ekun77jayodtws"},"from":{"itemId":"osp5nuqwrdrci6rl40j4i0tx","blockId":"vw7hglenkui03xrs3g29nwjx","groupId":"fuitqejtfxkaa4uh4a40gl0g"}},{"id":"pcj3v0n53u7eewt13wizryr4","to":{"groupId":"s6i30povd8ekun77jayodtws"},"from":{"itemId":"jxvzd240g9723ewowgt2uv0m","blockId":"vw7hglenkui03xrs3g29nwjx","groupId":"fuitqejtfxkaa4uh4a40gl0g"}},{"id":"ubcflfs6jsy1j5cxmv053hxe","to":{"groupId":"s6i30povd8ekun77jayodtws"},"from":{"itemId":"trgacjyy9gmnxin54zke1r1o","blockId":"vw7hglenkui03xrs3g29nwjx","groupId":"fuitqejtfxkaa4uh4a40gl0g"}},{"id":"msovl1beta9e4alme6taoxfj","to":{"groupId":"s6i30povd8ekun77jayodtws"},"from":{"blockId":"vw7hglenkui03xrs3g29nwjx","groupId":"fuitqejtfxkaa4uh4a40gl0g"}},{"id":"pxggfwx98h53a6sykawqzkzb","to":{"groupId":"o6hpo6ieh85raygskjm7uwuv"},"from":{"itemId":"zgx5eh4i4lxiu34ozmhuzvmx","blockId":"clbk1uqmg0027356erbti8sho","groupId":"u1a40nqo0ld1ca1zx5jp5yyb"}},{"id":"z50px46op58a3hx0xwq5lhk1","to":{"groupId":"o6hpo6ieh85raygskjm7uwuv"},"from":{"itemId":"fzn23f6xnjc6jp96k81i8c8h","blockId":"clbk1uqmg0027356erbti8sho","groupId":"u1a40nqo0ld1ca1zx5jp5yyb"}},{"id":"qx3wqctpe11fqldzsbeyiusd","to":{"groupId":"a05pk2kaljin6dtpq36ojgx3"},"from":{"itemId":"cld0ixpej000g356jcw3l5h3f","blockId":"cld0ixpej000f356jyfki2s0o","groupId":"xt8bcw8n7x4vo71oi8b3nnlk"}},{"id":"xno9ntkypqp72ta1a5q9iekq","to":{"groupId":"a05pk2kaljin6dtpq36ojgx3"},"from":{"itemId":"clbk2x6ax004a356e51kfde6n","blockId":"clbk2x6ax0049356eazosraqv","groupId":"xes69xuhnclkf3k3zq4tx8gf"}},{"id":"aohg2wsy4evginxg7br43hs8","to":{"groupId":"a05pk2kaljin6dtpq36ojgx3"},"from":{"itemId":"clbk2xr6q004b356edn5tbdyn","blockId":"clbk2x6ax0049356eazosraqv","groupId":"xes69xuhnclkf3k3zq4tx8gf"}},{"id":"em35l9nzzfufcuxr087nfz0m","to":{"groupId":"a05pk2kaljin6dtpq36ojgx3"},"from":{"itemId":"clbk2y5zm004c356epcol05hr","blockId":"clbk2x6ax0049356eazosraqv","groupId":"xes69xuhnclkf3k3zq4tx8gf"}},{"id":"swukq8fvbika50vrjq7nxs8h","to":{"groupId":"xm2flb3kmw7v23zponwwtw4a"},"from":{"itemId":"esadrcqzaetl97k9jqj1txq2","blockId":"s524hzhbau4aenhfvu2w04wv","groupId":"kpf3f31yny9iqk8bdamrh30a"}},{"id":"wtiivf8uy8q8l2slvj586qc8","to":{"groupId":"nels2czt3h34tx5qr21gc95v"},"from":{"blockId":"cld0j51d7000p356jnmbbl3oa","groupId":"q0t1lv9brwd1q5jy59yiugz0"}},{"id":"hy2vk0xlpfduwilwvf2s77ln","to":{"groupId":"y3cb71sqmf9qh5hhymf62pqr"},"from":{"blockId":"ph05zck279shaop8eqh98cpq","groupId":"nels2czt3h34tx5qr21gc95v"}},{"id":"jd3xi65oudindg5035p2jhwd","to":{"groupId":"nozlk4rrofnon0wbo5ndirod"},"from":{"blockId":"eug51fh8wf617tr5mprs7vb0","groupId":"a05pk2kaljin6dtpq36ojgx3"}},{"id":"origvo87z6qh7i5asfk7hbfh","to":{"groupId":"kpf3f31yny9iqk8bdamrh30a"},"from":{"blockId":"z12750c9xzecocsbeab5x3qr","groupId":"nozlk4rrofnon0wbo5ndirod"}}],"theme":{"chat":{"inputs":{"color":"#303235","backgroundColor":"#FFFFFF","placeholderColor":"#9095A0"},"buttons":{"color":"#FFFFFF","backgroundColor":"#0042DA"},"roundness":"none","hostAvatar":{"url":"https://s3.fr-par.scw.cloud/typebot/public/typebots/wxekjtto9p2ytp5apft0eohl/hostAvatar?v=1689010093780","isEnabled":true},"hostBubbles":{"color":"#303235","backgroundColor":"#F7F8FF"},"guestBubbles":{"color":"#000000","backgroundColor":"#00ff59"}},"general":{"font":" ","background":{"type":"None"}}},"settings":{"general":{"isBrandingEnabled":true,"isInputPrefillEnabled":true,"isResultSavingEnabled":true,"isHideQueryParamsEnabled":true,"isNewResultOnRefreshEnabled":false},"metadata":{"description":"Build beautiful conversational forms and embed them directly in your applications without a line of code. Triple your response rate and collect answers that has more value compared to a traditional form."},"typingEmulation":{"speed":750,"enabled":true,"maxDelay":1.5}}}