{"id":"cljf4vuz1000cme0fcekjeggo","version":"3","groups":[{"id":"cqqwu0xkj9qyj1babpeshahq","title":"Start","blocks":[{"id":"fix62gv5ctt2wi9euhpp0ql4","type":"start","label":"Start","groupId":"cqqwu0xkj9qyj1babpeshahq","outgoingEdgeId":"l9xtspl2xu3jidl3btejl96j"}],"graphCoordinates":{"x":-372.44,"y":-18.66}},{"id":"mhqk734w2oynldzn34weyvt3","title":"E-mail","blocks":[{"id":"un49vzmda7lrz0dxebzvoj1l","type":"text","content":{"html":"<div>Qual seu melhor email?</div>","richText":[{"type":"p","children":[{"text":"Qual seu melhor email?"}]}],"plainText":"Qual seu melhor email?"},"groupId":"mhqk734w2oynldzn34weyvt3"},{"id":"t3kx05y5lh3zyk8ntrqd2hzx","type":"text","content":{"html":"<div>(Só lembrando que vou mandar o link da sessão por lá)</div>","richText":[{"type":"p","children":[{"text":"(Só lembrando que vou mandar o link da sessão por lá)"}]}],"plainText":"(Só lembrando que vou mandar o link da sessão por lá)"},"groupId":"mhqk734w2oynldzn34weyvt3"},{"id":"sepcvinfp64vxw2rlqhgl5er","type":"email input","groupId":"mhqk734w2oynldzn34weyvt3","options":{"labels":{"button":"Send","placeholder":"Type your email..."},"variableId":"vcg5ju799m81gsmj0nsgkhi6e","retryMessageContent":"This email doesn't seem to be valid. Can you type it again?"},"outgoingEdgeId":"sm59lg73smclxh801be0x4k6"}],"graphCoordinates":{"x":696.68,"y":-10.5}},{"id":"yottmqk48hmaszrf8jda55ul","title":"nome","blocks":[{"id":"qr0if2trll6j7u8c7mg67gso","type":"text","content":{"richText":[{"type":"p","children":[{"text":"Que ÓTIMO!!"}]},{"type":"p","children":[{"text":""}]},{"type":"p","children":[{"text":"Qual seu nome?"}]}]},"groupId":"yottmqk48hmaszrf8jda55ul"},{"id":"u72wj4gc47wictnmvv7txfpv","type":"text input","groupId":"yottmqk48hmaszrf8jda55ul","options":{"isLong":false,"labels":{"button":"Enviar","placeholder":"Seu nome e sobrenome"},"variableId":"vss43gyxmrii45na5a580qkvi"},"outgoingEdgeId":"uoj53kangvj9fy9qyuu83mbe"}],"graphCoordinates":{"x":343.78,"y":-17.62}},{"id":"k1m1jh6xzbrntg0lebjspk7n","title":"Inicio","blocks":[{"id":"sz3h22c7ye7sev615ue0lwq8","type":"text","content":{"richText":[{"type":"p","children":[{"text":"Bem vindo, ao processo de aplicação para a sua sessão estratégica gratuita, onde iremos desenhar seu Método Imobiliária Lucrativa para você receber "},{"bold":true,"text":"APENAS "},{"text":"leads "},{"bold":true,"text":"QUALIFICADOS e aumentar seu VGV."}]}]},"groupId":"k1m1jh6xzbrntg0lebjspk7n"},{"id":"w73a9t9es9od3gi4p13sj82q","type":"text","content":{"richText":[{"type":"p","children":[{"text":"Esta é uma Consultoria "},{"bold":true,"text":"EXCLUSIVA "},{"text":"para\nDonos (as) de Imobiliárias e Incorporadoras que deseja "},{"bold":true,"text":"aumentar as vendas. "},{"text":"Aplique apenas se for seu caso!"}]}]},"groupId":"k1m1jh6xzbrntg0lebjspk7n"},{"id":"nm7t1llvxemuxsoq0ljw9ig2","type":"text","content":{"richText":[{"type":"p","children":[{"bold":true,"text":"IMPORTANTE: "},{"text":"A aplicação através deste formulário "},{"bold":true,"text":"não"},{"text":" garante a sua vaga. Vou analisar cuidadosamente as aplicações e aceitar apenas quem tem capacidade máxima de tirar valor dessa sessão estratégica gratuita."}]}]},"groupId":"k1m1jh6xzbrntg0lebjspk7n"},{"id":"wrve04c4d3jgi3xbr9kxpnye","type":"text","content":{"richText":[{"type":"p","children":[{"text":"leva uns 2 minutos, ok?"}]}]},"groupId":"k1m1jh6xzbrntg0lebjspk7n"},{"id":"dtd2hyl3gemz248dpqjxcfam","type":"choice input","items":[{"id":"xk9y22ctlvigw0trhxa1lz9i","type":0,"blockId":"dtd2hyl3gemz248dpqjxcfam","content":"Vamos lá...","outgoingEdgeId":"oeleevgxb3ifzh3byzp5niws"}],"groupId":"k1m1jh6xzbrntg0lebjspk7n","options":{"buttonLabel":"Send","isMultipleChoice":false}}],"graphCoordinates":{"x":-11.94,"y":-16.48}},{"id":"h4k3mcrc7z5fj9vdrn34fs5z","title":"Telefone","blocks":[{"id":"pdp1bq3iuyu2snvizg2m2ay1","type":"text","content":{"html":"<div>Qual seu <span class=\"slate-italic\"><span class=\"slate-bold\">numero de Whatsapp?</span></span></div>","richText":[{"type":"p","children":[{"text":"Qual seu "},{"bold":true,"text":"numero de Whatsapp?","italic":true}]}],"plainText":"Qual seu numero de Whatsapp?"},"groupId":"h4k3mcrc7z5fj9vdrn34fs5z"},{"id":"fla0m6u631pc4drvfgd2swbh","type":"text","content":{"html":"<div><span class=\"slate-bold\">Importante: </span>Para que eu consiga entrar em contato pra te avisar sobre sua aprovação.</div>","richText":[{"type":"p","children":[{"bold":true,"text":"Importante: "},{"text":"Para que eu consiga entrar em contato pra te avisar sobre sua aprovação."}]}],"plainText":"Importante: Para que eu consiga entrar em contato pra te avisar sobre sua aprovação."},"groupId":"h4k3mcrc7z5fj9vdrn34fs5z"},{"id":"wely67yzlecd306zwi518bem","type":"phone number input","groupId":"h4k3mcrc7z5fj9vdrn34fs5z","options":{"labels":{"button":"Enviar","placeholder":"Qual seu whatsapp?"},"variableId":"vbappc5178sp5ddd7o5ubsuqk","defaultCountryCode":"BR","retryMessageContent":"Então, felipe. O número +5519988765543 está correto? (Um número errado pode fazer você perder sua vaga)"},"outgoingEdgeId":"pcpzkmhk4426oohmz5xp8r5m"}],"graphCoordinates":{"x":1109.17,"y":3.57}},{"id":"yr4qu7by6dy9lxypojyvr21w","title":"Instagram","blocks":[{"id":"gkb1zv2cgfqgxpqqnau0yzro","type":"text","content":{"html":"<div>Maravilha! </div>","richText":[{"type":"p","children":[{"text":"Maravilha! "}]}],"plainText":"Maravilha! "},"groupId":"yr4qu7by6dy9lxypojyvr21w"},{"id":"evyg2axnowdd29vb5i3fd5mq","type":"text","content":{"html":"<div>Coloque o link do seu site...</div>","richText":[{"type":"p","children":[{"text":"Coloque o link do seu site..."}]}],"plainText":"Coloque o link do seu site..."},"groupId":"yr4qu7by6dy9lxypojyvr21w"},{"id":"isowvj1mexbwzgl0jr117sxk","type":"text","content":{"richText":[{"type":"p","children":[{"text":"(se não tiver, coloque o @ do instagram EMPRESARIAL)","italic":true}]}]},"groupId":"yr4qu7by6dy9lxypojyvr21w"},{"id":"q33o5pf7npra5bg7bp8y9blc","type":"text input","groupId":"yr4qu7by6dy9lxypojyvr21w","options":{"isLong":false,"labels":{"button":"Enviar","placeholder":"Seu @ do instagram ou site"},"variableId":"vr90s26dsezbbmmoahxx856qz"},"outgoingEdgeId":"d1od421bjjjkqi1zwp21db46"}],"graphCoordinates":{"x":1572.77,"y":3.35}},{"id":"ni8g1jgacopa8xpwb5zshrle","title":"Qual seu VGV?","blocks":[{"id":"l4zcwz4cznxnw07rp8z3vxc4","type":"text","content":{"html":"<div>Show!</div>","richText":[{"type":"p","children":[{"text":"Show!"}]}],"plainText":"Show!"},"groupId":"ni8g1jgacopa8xpwb5zshrle"},{"id":"kzdlzexe21r125xlehzq2pk6","type":"text","content":{"richText":[{"type":"p","children":[{"text":"{{Nome}}, qual o "},{"bold":true,"text":"VGV mensal"},{"text":" que você tem feito em "},{"bold":true,"text":"média "},{"text":"nos ultimos 6 meses?"}]}]},"groupId":"ni8g1jgacopa8xpwb5zshrle"},{"id":"surursqjrs1yvurrf44iwd36","type":"choice input","items":[{"id":"da7eu25scojxdultdvxc468z","type":0,"blockId":"surursqjrs1yvurrf44iwd36","content":"Não estou vendendo"},{"id":"xqnu29cp59vlb1cde51mew44","type":0,"blockId":"surursqjrs1yvurrf44iwd36","content":"Até 100 mil "},{"id":"ynhup9gehcxe1sa26eywkv13","type":0,"blockId":"surursqjrs1yvurrf44iwd36","content":"101 à 500 mil "},{"id":"ddgr0ea3xv6m1xp14y9axxnw","type":0,"blockId":"surursqjrs1yvurrf44iwd36","content":"501 à 1 Milhão"},{"id":"ruiaz717iphxid2dij4uvl2d","type":0,"blockId":"surursqjrs1yvurrf44iwd36","content":"1,1 Milhão à 5 milhões"},{"id":"oei9c2z8eaoxs19fzvzophw1","type":0,"blockId":"surursqjrs1yvurrf44iwd36","content":"5 Milhão à 10 milhões"},{"id":"jb1dipqj4j6wcu4jlzcrms7e","type":0,"blockId":"surursqjrs1yvurrf44iwd36","content":"10 Milhões"}],"groupId":"ni8g1jgacopa8xpwb5zshrle","options":{"buttonLabel":"Send","isSearchable":false,"isMultipleChoice":false,"searchInputPlaceholder":"Filter the options..."},"outgoingEdgeId":"a40e3qx3k2anrjfxl7ikn4ux"}],"graphCoordinates":{"x":2529.72,"y":-15.08}},{"id":"fob4ffmyhh0gakvbh8octa58","title":"Quanto investiria","blocks":[{"id":"mxfz8mu1an0t3ov4ekqo29m3","type":"text","content":{"richText":[{"type":"p","children":[{"text":"Maravilha!"}]}]},"groupId":"fob4ffmyhh0gakvbh8octa58"},{"id":"vj08zamqh6ww3z5h4nrmnqdw","type":"text","content":{"richText":[{"type":"p","children":[{"text":"Estamos terminando, fique tranquilo! \nSe você tivesse acesso a estratégia perfeita para "},{"bold":true,"text":"aumentar "},{"text":"o faturamento do seu negócio, quanto estaria disposto a investir por mês?"}]}]},"groupId":"fob4ffmyhh0gakvbh8octa58"},{"id":"e571fh9jgkqfv03506pfzdw0","type":"choice input","items":[{"id":"pzs8clkp93pagxxbyp0sormm","type":0,"blockId":"e571fh9jgkqfv03506pfzdw0","content":"De R$ 2.000 a R$ 2.999 ","outgoingEdgeId":"nllkkvyoc4zq4u82gb8sdmp7"},{"id":"isaaa8h245qk5tu002oxk2qa","type":0,"blockId":"e571fh9jgkqfv03506pfzdw0","content":"De R$ 3.000 a R$ 3.999 ","outgoingEdgeId":"eppunvnudi6qi4b58wha08nj"},{"id":"v1nr67v14rhyj7c5l7aikere","type":0,"blockId":"e571fh9jgkqfv03506pfzdw0","content":"De R$ 1.000 a R$ 1.999 ","outgoingEdgeId":"z94jyf4ao9cb37epny2yhebo"},{"id":"xpq4nxq39zt2sof1fk2mbyx3","type":0,"blockId":"e571fh9jgkqfv03506pfzdw0","content":"De R$ 4.000 a R$ 5.999 ","outgoingEdgeId":"hf4gng47k0np7lov4cdeylov"},{"id":"qbdjlxsbe3rzs1435ox0tb7p","type":0,"blockId":"e571fh9jgkqfv03506pfzdw0","content":"De R$ 6.000 a R$ 10.999 ","outgoingEdgeId":"j6bbjbi8zidiv6dx9av5fb4f"},{"id":"xrz64a488d6fag7d0vurf6jq","type":0,"blockId":"e571fh9jgkqfv03506pfzdw0","content":"De R$ 11.000 a R$ 15.999 ","outgoingEdgeId":"ddr6ldsrftumnbxkd38fl8o2"},{"id":"c79wekjysxi95b4yyc3rt67n","type":0,"blockId":"e571fh9jgkqfv03506pfzdw0","content":"Não estou disposto a investir nada","outgoingEdgeId":"za7pu2jhoqloou0dnqa0q7pv"},{"id":"je32oq0brvnxf7fgq28fx5ia","type":0,"blockId":"e571fh9jgkqfv03506pfzdw0","content":"Menos de mil reais","outgoingEdgeId":"ejw0fku3royww57xcm2or9a4"}],"groupId":"fob4ffmyhh0gakvbh8octa58","options":{"buttonLabel":"Send","isMultipleChoice":false}}],"graphCoordinates":{"x":3296.26,"y":-25.45}},{"id":"za6zhdlma31lc2es6k2taf2b","title":"Momento da empresa","blocks":[{"id":"b53slkalj73xzeqalj55axd2","type":"text","content":{"html":"<div>{{Nome}}, qual das opções abaixo melhor descreve o seu momento atual?</div>","richText":[{"type":"p","children":[{"text":"{{Nome}}, qual das opções abaixo melhor descreve o seu momento atual?\n"}]}],"plainText":"{{Nome}}, qual das opções abaixo melhor descreve o seu momento atual?"},"groupId":"za6zhdlma31lc2es6k2taf2b"},{"id":"tgz76pcskdqdwcv7clake0ua","type":"choice input","items":[{"id":"k3m051g8yrsj013n7bnesaf2","type":0,"blockId":"tgz76pcskdqdwcv7clake0ua","content":"Ouvi falar que o campanhas de marketing podem ajudar a minha empresa"},{"id":"max0be43wnvgaiiw0cncf7lt","type":0,"blockId":"tgz76pcskdqdwcv7clake0ua","content":"Acredito que o marketing é bom para a minha empresa, mas preciso saber mais..."},{"id":"m0ljmfp8kg6sqa0tsd4jktmo","type":0,"blockId":"tgz76pcskdqdwcv7clake0ua","content":"Estou escolhendo uma empresa de marketing para contratar"}],"groupId":"za6zhdlma31lc2es6k2taf2b","options":{"buttonLabel":"Send","isMultipleChoice":false},"outgoingEdgeId":"d4hg3suh4mgxuqwyapa5xxts"}],"graphCoordinates":{"x":3831.72,"y":-31.98}},{"id":"ean3tcac5aw25jlgu2rknm1b","title":"não temos vagas","blocks":[{"id":"hwah9o6szmxcmuod9t3w6bvk","type":"text","content":{"html":"<div>Ok {{Nome}}</div>","richText":[{"type":"p","children":[{"text":"Ok {{Nome}}"}]}],"plainText":"Ok {{Nome}}"},"groupId":"ean3tcac5aw25jlgu2rknm1b"},{"id":"fx8xym8llqfhbenn6rjwnx96","type":"text","content":{"html":"<div>Seu perfil mostra que você ainda consegue crescer <span class=\"slate-bold\">MUITO </span>sem precisar de nossa ajuda...</div>","richText":[{"type":"p","children":[{"text":"Seu perfil mostra que você ainda consegue crescer "},{"bold":true,"text":"MUITO "},{"text":"sem precisar de nossa ajuda..."}]}],"plainText":"Seu perfil mostra que você ainda consegue crescer MUITO sem precisar de nossa ajuda..."},"groupId":"ean3tcac5aw25jlgu2rknm1b"},{"id":"bpo4a6erf3nrxv57ryfvjrot","type":"text","content":{"richText":[{"type":"p","children":[{"text":"Mas para isso, você "},{"bold":true,"text":"NECESSITA de DIRECIONAMENTO "},{"text":"estratégico e isso nós podemos te oferecer!"}]},{"type":"p","children":[{"text":""}]},{"type":"p","children":[{"text":"me siga no instagram "}]},{"type":"p","children":[{"text":""}]},{"type":"p","children":[{"text":""},{"url":"https://www.instagram.com/femartins.1/","type":"a","children":[{"text":"https://www.instagram.com/femartins.1/"}]},{"text":""}]}]},"groupId":"ean3tcac5aw25jlgu2rknm1b"},{"id":"cb2nb56i4ow76s0d1uken1xf","type":"Redirect","groupId":"ean3tcac5aw25jlgu2rknm1b","options":{"url":"https://www.instagram.com/femartins.1/","isNewTab":false}}],"graphCoordinates":{"x":4269.94,"y":2062.77}},{"id":"dcq7qhk0s6q3kp4gs3vnp4nj","title":"redirecionamento...","blocks":[{"id":"ka8ybosx41dshi7c67qermao","type":"Webhook","groupId":"dcq7qhk0s6q3kp4gs3vnp4nj","options":{"isCustomBody":false,"isAdvancedConfig":false,"variablesForTest":[],"responseVariableMapping":[]},"webhookId":"x75vgzlkdb3fub14rbrne1el"},{"id":"qhpct2ypdnf8kfh038m19e2v","type":"Webhook","groupId":"dcq7qhk0s6q3kp4gs3vnp4nj","options":{"isCustomBody":false,"isAdvancedConfig":false,"variablesForTest":[],"responseVariableMapping":[]},"webhookId":"dfm2qdc4lrxe4ll2crpy94s2"},{"id":"pc37vaycsma11e2ej9fr3uvc","type":"text","content":{"html":"<div>{{Nome}}, temos boas noticias!</div>","richText":[{"type":"p","children":[{"text":"{{Nome}}, temos boas noticias!"}]}],"plainText":"{{Nome}}, temos boas noticias!"},"groupId":"dcq7qhk0s6q3kp4gs3vnp4nj"},{"id":"fnktng36124ftqqw4r5mmxpo","type":"text","content":{"html":"<div>Você foi aceito! ✅</div><div></div><div>{{Nome}}, a <span class=\"slate-bold\">Sessão estratégica</span> vai te ajudar muito a clarear seus processo como um todo.</div><div></div><div><span class=\"slate-italic\"><span class=\"slate-bold\">🔴 Então preste atenção 🔴</span></span></div>","richText":[{"type":"p","children":[{"text":"Você foi aceito! ✅"}]},{"type":"p","children":[{"text":""}]},{"type":"p","children":[{"text":"{{Nome}}, a "},{"bold":true,"text":"Sessão estratégica"},{"text":" vai te ajudar muito a clarear seus processo como um todo."}]},{"type":"p","children":[{"text":""}]},{"type":"p","children":[{"bold":true,"text":"🔴 Então preste atenção 🔴","italic":true}]}],"plainText":"Você foi aceito! ✅\n\n{{Nome}}, a Sessão estratégica vai te ajudar muito a clarear seus processo como um todo.\n\n🔴 Então preste atenção 🔴"},"groupId":"dcq7qhk0s6q3kp4gs3vnp4nj"},{"id":"ix815440z9dckldx3fr1w3e2","type":"text","content":{"richText":[{"type":"p","children":[{"text":"iremos te chamar em poucos instantes"}]},{"type":"p","children":[{"text":""}]},{"type":"p","children":[{"bold":true,"text":"_ fique atento ao whatsapp_","italic":true}]}]},"groupId":"dcq7qhk0s6q3kp4gs3vnp4nj"},{"id":"sgcqrvtje9qocx3512xdl7sn","type":"text","content":{"richText":[{"type":"p","children":[{"text":"Todavia"}]},{"type":"p","children":[{"text":""}]},{"type":"p","children":[{"text":"Basta ","italic":true},{"bold":true,"text":"esperar ","italic":true},{"text":"que te encaminharemos para a página de para você receber instruções de como será a consultoria...","italic":true}]}]},"groupId":"dcq7qhk0s6q3kp4gs3vnp4nj"},{"id":"v3buibyan93u2qoqn3p0qt6m","type":"text","content":{"richText":[{"type":"p","children":[{"text":"Lembrando: "},{"bold":true,"text":"uma vez escolhido um horário, não aceitaremos reagendamento.","italic":true}]}]},"groupId":"dcq7qhk0s6q3kp4gs3vnp4nj"},{"id":"tjgruh7lqlr6gsvo0sg1pfd6","type":"Wait","groupId":"dcq7qhk0s6q3kp4gs3vnp4nj","options":{"secondsToWaitFor":"5"}},{"id":"d3ecsncqjhwf6cjxsol0y2ec","type":"Redirect","groupId":"dcq7qhk0s6q3kp4gs3vnp4nj","options":{"url":"https://lotwel.com.br/obrigado-imobiliaria/","isNewTab":false}}],"graphCoordinates":{"x":4755.85,"y":7.78}},{"id":"wcb3xe8tekjb8vu0kywf14j9","title":"confirmou que deseja saber mais","blocks":[{"id":"hzgrbq4dvqdwafzxmqreansb","type":"text","content":{"richText":[{"type":"p","children":[{"text":"certo! vou te para a página onde mostro tudo oque eu passo nesse treinamento completo"}]}]},"groupId":"wcb3xe8tekjb8vu0kywf14j9"},{"id":"cftrofwdxj0hhsfbrw31v74n","type":"text","content":{"richText":[{"type":"p","children":[{"text":"mas antes você precisa saber que o treinamento não é de graça!"}]},{"type":"p","children":[{"text":""}]},{"type":"p","children":[{"text":"ainda sim quer saber mais?"}]}]},"groupId":"wcb3xe8tekjb8vu0kywf14j9"},{"id":"pyxedz541l2jnklqnx48ldk0","type":"choice input","items":[{"id":"w88bbiq1b2t7lymn3ylppnb2","type":0,"blockId":"pyxedz541l2jnklqnx48ldk0","content":"Sim, quero!"}],"groupId":"wcb3xe8tekjb8vu0kywf14j9","options":{"buttonLabel":"Send","isMultipleChoice":false},"outgoingEdgeId":"cbsdgsyhmd08y7tj2u5ftlq6"}],"graphCoordinates":{"x":4772.45,"y":2590.06}},{"id":"i41hkvc4o6h5r6brdcscdd1q","title":"respondeu não","blocks":[{"id":"szszm4vlymacsxz3cvbifi8a","type":"text","content":{"html":"<div>Entendo {{Nome}}... Mas se você chegou até aqui, sinal que está procurando melhorar sempre, continue assim!</div>","richText":[{"type":"p","children":[{"text":"Entendo {{Nome}}... Mas se você chegou até aqui, sinal que está procurando melhorar sempre, continue assim!"}]}],"plainText":"Entendo {{Nome}}... Mas se você chegou até aqui, sinal que está procurando melhorar sempre, continue assim!"},"groupId":"i41hkvc4o6h5r6brdcscdd1q"},{"id":"p8h7trdzvf49lo3e391d75fw","type":"text","content":{"html":"<div>desejamos sucesso a você!</div>","richText":[{"type":"p","children":[{"text":"desejamos sucesso a você!"}]}],"plainText":"desejamos sucesso a você!"},"groupId":"i41hkvc4o6h5r6brdcscdd1q"},{"id":"b04wikhpmv8amkiavohtk2z5","type":"text","content":{"html":"<div>Enquanto isso, acesse meu canal no youtube, muito conteúdo bom lá.</div>","richText":[{"type":"p","children":[{"text":"Enquanto isso, acesse meu canal no youtube, muito conteúdo bom lá."}]}],"plainText":"Enquanto isso, acesse meu canal no youtube, muito conteúdo bom lá."},"groupId":"i41hkvc4o6h5r6brdcscdd1q"},{"id":"bz7wvkgtaqw7b1tt9wopq2po","type":"text","content":{"html":"<div>vou te redirecionar para lá</div><div><span class=\"slate-italic\"><span class=\"slate-bold\"></span></span></div><div><span class=\"slate-italic\"><span class=\"slate-bold\">aguarde 3,2,1...</span></span></div>","richText":[{"type":"p","children":[{"text":"vou te redirecionar para lá"}]},{"type":"p","children":[{"bold":true,"text":"","italic":true}]},{"type":"p","children":[{"bold":true,"text":"aguarde 3,2,1...","italic":true}]}],"plainText":"vou te redirecionar para lá\n\naguarde 3,2,1..."},"groupId":"i41hkvc4o6h5r6brdcscdd1q"},{"id":"etaub7cj0qubuoax1s25669a","type":"Wait","groupId":"i41hkvc4o6h5r6brdcscdd1q","options":{"secondsToWaitFor":"4"}},{"id":"oiyngj5uu0y6zuke180xtamm","type":"Redirect","groupId":"i41hkvc4o6h5r6brdcscdd1q","options":{"url":"https://www.youtube.com/channel/UCjWTjHEbgugJieS_5Zk6dmQ","isNewTab":false}}],"graphCoordinates":{"x":4778.37,"y":3195.55}},{"id":"bwu2tae4dd82m0raejvzz6ge","title":"Redirect Mentoring","blocks":[{"id":"f85x0ahdx8bexrtvuqb8krrl","type":"text","content":{"html":"<div>certo! </div>","richText":[{"type":"p","children":[{"text":"certo! "}]}],"plainText":"certo! "},"groupId":"bwu2tae4dd82m0raejvzz6ge"},{"id":"nhmbb248dgikivy6m42sg6y8","type":"text","content":{"richText":[{"type":"p","children":[{"text":"{{Nome}} você está sendo redirecionado para a página!"}]},{"type":"p","children":[{"text":""}]},{"type":"p","children":[{"text":"é hora de saber se você realmente está comprometido com o seu negócio ou não... "}]}]},"groupId":"bwu2tae4dd82m0raejvzz6ge"},{"id":"sjwlo1ac3cdb5bornrdc5web","type":"text","content":{"html":"<div>Você está a um passo de faturar mais na sua empresa...</div>","richText":[{"type":"p","children":[{"text":"Você está a um passo de faturar mais na sua empresa..."}]}],"plainText":"Você está a um passo de faturar mais na sua empresa..."},"groupId":"bwu2tae4dd82m0raejvzz6ge"},{"id":"uvx95v9dv6z5g5kjd86kuu6k","type":"text","content":{"html":"<div><span class=\"slate-underline\"><span class=\"slate-italic\">__ você está sendo redirecionado, aguarde __</span></span></div>","richText":[{"type":"p","children":[{"text":"__ você está sendo redirecionado, aguarde __","italic":true,"underline":true}]}],"plainText":"__ você está sendo redirecionado, aguarde __"},"groupId":"bwu2tae4dd82m0raejvzz6ge"},{"id":"irom4knb8jvra268v7c2s07i","type":"Wait","groupId":"bwu2tae4dd82m0raejvzz6ge","options":{"secondsToWaitFor":"7"}},{"id":"ptz1a51anfe5b18xyf7k76cj","type":"Redirect","groupId":"bwu2tae4dd82m0raejvzz6ge","options":{"url":"https://lotwel.com.br/form-1/","isNewTab":false}}],"graphCoordinates":{"x":5292.89,"y":2600.89}},{"id":"qgzcpba9wqjs70fathga9oxp","title":"pergunta de convencimento #1","blocks":[{"id":"m6t41r984x05az23ok62nlr6","type":"text","content":{"richText":[{"type":"p","children":[{"text":"{{Nome}} Caso eu receba mais aplicações porque eu deveria te escolher?"}]}]},"groupId":"qgzcpba9wqjs70fathga9oxp"},{"id":"oc4e15haklt7yampjihni8tb","type":"text input","groupId":"qgzcpba9wqjs70fathga9oxp","options":{"isLong":false,"labels":{"button":"Send","placeholder":"Type your answer..."}},"outgoingEdgeId":"bvd5tp0nu4cvyea9875yochk"}],"graphCoordinates":{"x":4251.12,"y":1350.56}},{"id":"qvtbs8atjw73yol0orm38mi6","title":"pergunta de convencimento #2","blocks":[{"id":"rnm8tg0jkep224cqlomsbxhm","type":"text","content":{"richText":[{"type":"p","children":[{"text":"{{Nome}} Por que você acredita que essa metoria é a oportunidade ideal para você e seu negócio?"}]}]},"groupId":"qvtbs8atjw73yol0orm38mi6"},{"id":"hq0q59wsxergpxwmaus1e4jw","type":"text input","groupId":"qvtbs8atjw73yol0orm38mi6","options":{"isLong":false,"labels":{"button":"Send","placeholder":"Type your answer..."}},"outgoingEdgeId":"ybfo4i4qrtd27x2z0n1q33lm"}],"graphCoordinates":{"x":4269.56,"y":1696.44}},{"id":"owc69k3sm6173705p8lvbrml","title":"pergunta final","blocks":[{"id":"adyk2cwo7zf8wcvu8omeukax","type":"text","content":{"richText":[{"type":"p","children":[{"text":"{{Nome}} ao final da consultoria "},{"bold":true,"text":"poderemos "},{"text":"te fazer uma proposta de parceria comercial."}]}]},"groupId":"owc69k3sm6173705p8lvbrml"},{"id":"na5rn80j91mbhnkkcv5g3md9","type":"text","content":{"richText":[{"type":"p","children":[{"text":"Nossos clientes pagam"},{"bold":true,"text":" R$ 3 mil/mês"},{"text":" em média para levarmos de 100 a 200 clientes qualificados para sua imobiliária."}]}]},"groupId":"owc69k3sm6173705p8lvbrml"},{"id":"yjgmhbm6obxtzbkkul83pxdm","type":"text","content":{"richText":[{"type":"p","children":[{"text":"se a nossa forma de trabalhar fizer sentido, você estaria disposto a fazer este investimento?"}]}]},"groupId":"owc69k3sm6173705p8lvbrml"},{"id":"c4ydo1bluh5vyqkissscqbai","type":"choice input","items":[{"id":"kb5hfq727vkmqcq66386k6pb","type":0,"blockId":"c4ydo1bluh5vyqkissscqbai","content":"sim","outgoingEdgeId":"f0bw11z1n6v3almp2zsf4g17"},{"id":"ynt7g2wyf2hu02xbi5gc4jkr","type":0,"blockId":"c4ydo1bluh5vyqkissscqbai","content":"não","outgoingEdgeId":"pdjp9bhysm28ypse14b65ye7"}],"groupId":"owc69k3sm6173705p8lvbrml","options":{"buttonLabel":"Send","isSearchable":false,"isMultipleChoice":false,"searchInputPlaceholder":"Filter the options..."}}],"graphCoordinates":{"x":5088.34,"y":1280.57}},{"id":"t8l9go1sz0u2niqirv7a7dqh","title":"Cargo","blocks":[{"id":"jp99ocyhgvkbmoqd6efynaz5","type":"text","content":{"richText":[{"type":"p","children":[{"text":"Até aqui tudo ótimo {{Nome}}…Para eu entender mais sobre você, qual seu cargo?\n"}]}]},"groupId":"t8l9go1sz0u2niqirv7a7dqh"},{"id":"tcz66ld1suya5r5rlv7oegv9","type":"choice input","items":[{"id":"qcf4agx7gydp4jv5oczt4ck1","type":0,"blockId":"tcz66ld1suya5r5rlv7oegv9","content":"Corretor","outgoingEdgeId":"ckyb5ay7lux86xazgh9fqx0g"},{"id":"gl7v1pgw14etdn6brxu71t16","type":0,"blockId":"tcz66ld1suya5r5rlv7oegv9","content":"Gerente ","outgoingEdgeId":"ay822xgmxawi3e242vxq9gg3"},{"id":"gskjrbljb884mz964hdos3ba","type":0,"blockId":"tcz66ld1suya5r5rlv7oegv9","content":"Dono do Imobiliária","outgoingEdgeId":"c0e3ziktua6venoxeroaqs3r"},{"id":"k173207i1tsbzy5572k8f38y","type":0,"blockId":"tcz66ld1suya5r5rlv7oegv9","content":"Dono de Incorporadora","outgoingEdgeId":"ygskbb3hptebcvl4lm0znk7o"}],"groupId":"t8l9go1sz0u2niqirv7a7dqh","options":{"buttonLabel":"Send","isSearchable":false,"isMultipleChoice":false,"searchInputPlaceholder":"Filter the options..."}}],"graphCoordinates":{"x":2110.97,"y":-6.29}},{"id":"jwhl0biy6aa8ovz4ab5ii8s9","title":"Fonte atual de captação","blocks":[{"id":"uz53eefv616kwisq92gfbie1","type":"text","content":{"richText":[{"type":"p","children":[{"text":"{{Nome}}, me conta mais sobre qual a sua principal fonte de aquisição de clientes na empresa?\n"}]}]},"groupId":"jwhl0biy6aa8ovz4ab5ii8s9"},{"id":"xn8rth363g8wetmholoo7fwp","type":"choice input","items":[{"id":"tyceegu046hv1vd4oyw2b0dc","type":0,"blockId":"xn8rth363g8wetmholoo7fwp","content":"Indicação"},{"id":"yd0jpmjpht1swjlmuu1ut4nk","type":0,"blockId":"xn8rth363g8wetmholoo7fwp","content":"Portais"},{"id":"m3i33at1zlb6n4gvv62hk55m","type":0,"blockId":"xn8rth363g8wetmholoo7fwp","content":"Tráfego pago"}],"groupId":"jwhl0biy6aa8ovz4ab5ii8s9","options":{"buttonLabel":"Send","isSearchable":false,"isMultipleChoice":false,"searchInputPlaceholder":"Filter the options..."},"outgoingEdgeId":"wi1xfvrn5wvg15magrn4matf"}],"graphCoordinates":{"x":2906.17,"y":-17.64}}],"variables":[{"id":"vss43gyxmrii45na5a580qkvi","name":"Nome"},{"id":"vcg5ju799m81gsmj0nsgkhi6e","name":"email"},{"id":"vbappc5178sp5ddd7o5ubsuqk","name":"whatsapp"},{"id":"vr90s26dsezbbmmoahxx856qz","name":"site/insta"},{"id":"vzksld2sypi3h0tmz14jek3vx","name":"utm_source"}],"edges":[{"id":"oeleevgxb3ifzh3byzp5niws","to":{"groupId":"yottmqk48hmaszrf8jda55ul"},"from":{"itemId":"xk9y22ctlvigw0trhxa1lz9i","blockId":"dtd2hyl3gemz248dpqjxcfam","groupId":"k1m1jh6xzbrntg0lebjspk7n"}},{"id":"l9xtspl2xu3jidl3btejl96j","to":{"groupId":"k1m1jh6xzbrntg0lebjspk7n"},"from":{"blockId":"fix62gv5ctt2wi9euhpp0ql4","groupId":"cqqwu0xkj9qyj1babpeshahq"}},{"id":"uoj53kangvj9fy9qyuu83mbe","to":{"groupId":"mhqk734w2oynldzn34weyvt3"},"from":{"blockId":"u72wj4gc47wictnmvv7txfpv","groupId":"yottmqk48hmaszrf8jda55ul"}},{"id":"sm59lg73smclxh801be0x4k6","to":{"groupId":"h4k3mcrc7z5fj9vdrn34fs5z"},"from":{"blockId":"sepcvinfp64vxw2rlqhgl5er","groupId":"mhqk734w2oynldzn34weyvt3"}},{"id":"pcpzkmhk4426oohmz5xp8r5m","to":{"groupId":"yr4qu7by6dy9lxypojyvr21w"},"from":{"blockId":"wely67yzlecd306zwi518bem","groupId":"h4k3mcrc7z5fj9vdrn34fs5z"}},{"id":"wnzorkeknya49mes9gmsc075","to":{"groupId":"fob4ffmyhh0gakvbh8octa58"},"from":{"itemId":"mblj96bj6wmyvi9gasy66zjh","blockId":"solzb5p2izce0e36ocnj8oma","groupId":"ni8g1jgacopa8xpwb5zshrle"}},{"id":"tguhkl8awzx0dnekdft1wlhp","to":{"groupId":"fob4ffmyhh0gakvbh8octa58"},"from":{"itemId":"tw8mgou1w6bmjjzxz71f0d3w","blockId":"solzb5p2izce0e36ocnj8oma","groupId":"ni8g1jgacopa8xpwb5zshrle"}},{"id":"jnvzr34kncnt3zcalff1x14e","to":{"groupId":"fob4ffmyhh0gakvbh8octa58"},"from":{"itemId":"sgo5xfrunti0t5rltrz02z7w","blockId":"solzb5p2izce0e36ocnj8oma","groupId":"ni8g1jgacopa8xpwb5zshrle"}},{"id":"pl9mxcsju4ass6158u3we8ya","to":{"groupId":"fob4ffmyhh0gakvbh8octa58"},"from":{"itemId":"sjquigx0s5t7vhkv7ihebxi2","blockId":"solzb5p2izce0e36ocnj8oma","groupId":"ni8g1jgacopa8xpwb5zshrle"}},{"id":"abwlxbv9w1fc7zmf4kutey0p","to":{"groupId":"ean3tcac5aw25jlgu2rknm1b"},"from":{"itemId":"j97zdrmulk4zsq48vpwh88h5","blockId":"solzb5p2izce0e36ocnj8oma","groupId":"ni8g1jgacopa8xpwb5zshrle"}},{"id":"d4hg3suh4mgxuqwyapa5xxts","to":{"groupId":"dcq7qhk0s6q3kp4gs3vnp4nj"},"from":{"blockId":"tgz76pcskdqdwcv7clake0ua","groupId":"za6zhdlma31lc2es6k2taf2b"}},{"id":"cbsdgsyhmd08y7tj2u5ftlq6","to":{"groupId":"bwu2tae4dd82m0raejvzz6ge"},"from":{"blockId":"pyxedz541l2jnklqnx48ldk0","groupId":"wcb3xe8tekjb8vu0kywf14j9"}},{"id":"nuyq0fk9dpycfr0uei2r2c33","to":{"groupId":"fob4ffmyhh0gakvbh8octa58"},"from":{"itemId":"gkvfxugktvnp19ynth2fcr6o","blockId":"solzb5p2izce0e36ocnj8oma","groupId":"ni8g1jgacopa8xpwb5zshrle"}},{"id":"za7pu2jhoqloou0dnqa0q7pv","to":{"groupId":"ean3tcac5aw25jlgu2rknm1b"},"from":{"itemId":"c79wekjysxi95b4yyc3rt67n","blockId":"e571fh9jgkqfv03506pfzdw0","groupId":"fob4ffmyhh0gakvbh8octa58"}},{"id":"ejw0fku3royww57xcm2or9a4","to":{"groupId":"qgzcpba9wqjs70fathga9oxp"},"from":{"itemId":"je32oq0brvnxf7fgq28fx5ia","blockId":"e571fh9jgkqfv03506pfzdw0","groupId":"fob4ffmyhh0gakvbh8octa58"}},{"id":"bvd5tp0nu4cvyea9875yochk","to":{"groupId":"qvtbs8atjw73yol0orm38mi6"},"from":{"blockId":"oc4e15haklt7yampjihni8tb","groupId":"qgzcpba9wqjs70fathga9oxp"}},{"id":"ybfo4i4qrtd27x2z0n1q33lm","to":{"groupId":"owc69k3sm6173705p8lvbrml"},"from":{"blockId":"hq0q59wsxergpxwmaus1e4jw","groupId":"qvtbs8atjw73yol0orm38mi6"}},{"id":"f0bw11z1n6v3almp2zsf4g17","to":{"groupId":"za6zhdlma31lc2es6k2taf2b"},"from":{"itemId":"kb5hfq727vkmqcq66386k6pb","blockId":"c4ydo1bluh5vyqkissscqbai","groupId":"owc69k3sm6173705p8lvbrml"}},{"id":"pdjp9bhysm28ypse14b65ye7","to":{"groupId":"ean3tcac5aw25jlgu2rknm1b"},"from":{"itemId":"ynt7g2wyf2hu02xbi5gc4jkr","blockId":"c4ydo1bluh5vyqkissscqbai","groupId":"owc69k3sm6173705p8lvbrml"}},{"id":"d1od421bjjjkqi1zwp21db46","to":{"groupId":"t8l9go1sz0u2niqirv7a7dqh"},"from":{"blockId":"q33o5pf7npra5bg7bp8y9blc","groupId":"yr4qu7by6dy9lxypojyvr21w"}},{"id":"nllkkvyoc4zq4u82gb8sdmp7","to":{"groupId":"za6zhdlma31lc2es6k2taf2b"},"from":{"itemId":"pzs8clkp93pagxxbyp0sormm","blockId":"e571fh9jgkqfv03506pfzdw0","groupId":"fob4ffmyhh0gakvbh8octa58"}},{"id":"eppunvnudi6qi4b58wha08nj","to":{"groupId":"za6zhdlma31lc2es6k2taf2b"},"from":{"itemId":"isaaa8h245qk5tu002oxk2qa","blockId":"e571fh9jgkqfv03506pfzdw0","groupId":"fob4ffmyhh0gakvbh8octa58"}},{"id":"z94jyf4ao9cb37epny2yhebo","to":{"groupId":"za6zhdlma31lc2es6k2taf2b"},"from":{"itemId":"v1nr67v14rhyj7c5l7aikere","blockId":"e571fh9jgkqfv03506pfzdw0","groupId":"fob4ffmyhh0gakvbh8octa58"}},{"id":"hf4gng47k0np7lov4cdeylov","to":{"groupId":"za6zhdlma31lc2es6k2taf2b"},"from":{"itemId":"xpq4nxq39zt2sof1fk2mbyx3","blockId":"e571fh9jgkqfv03506pfzdw0","groupId":"fob4ffmyhh0gakvbh8octa58"}},{"id":"j6bbjbi8zidiv6dx9av5fb4f","to":{"groupId":"za6zhdlma31lc2es6k2taf2b"},"from":{"itemId":"qbdjlxsbe3rzs1435ox0tb7p","blockId":"e571fh9jgkqfv03506pfzdw0","groupId":"fob4ffmyhh0gakvbh8octa58"}},{"id":"ddr6ldsrftumnbxkd38fl8o2","to":{"groupId":"za6zhdlma31lc2es6k2taf2b"},"from":{"itemId":"xrz64a488d6fag7d0vurf6jq","blockId":"e571fh9jgkqfv03506pfzdw0","groupId":"fob4ffmyhh0gakvbh8octa58"}},{"id":"c0e3ziktua6venoxeroaqs3r","to":{"groupId":"ni8g1jgacopa8xpwb5zshrle"},"from":{"itemId":"gskjrbljb884mz964hdos3ba","blockId":"tcz66ld1suya5r5rlv7oegv9","groupId":"t8l9go1sz0u2niqirv7a7dqh"}},{"id":"ygskbb3hptebcvl4lm0znk7o","to":{"groupId":"ni8g1jgacopa8xpwb5zshrle"},"from":{"itemId":"k173207i1tsbzy5572k8f38y","blockId":"tcz66ld1suya5r5rlv7oegv9","groupId":"t8l9go1sz0u2niqirv7a7dqh"}},{"id":"a40e3qx3k2anrjfxl7ikn4ux","to":{"groupId":"jwhl0biy6aa8ovz4ab5ii8s9"},"from":{"blockId":"surursqjrs1yvurrf44iwd36","groupId":"ni8g1jgacopa8xpwb5zshrle"}},{"id":"wi1xfvrn5wvg15magrn4matf","to":{"groupId":"fob4ffmyhh0gakvbh8octa58"},"from":{"blockId":"xn8rth363g8wetmholoo7fwp","groupId":"jwhl0biy6aa8ovz4ab5ii8s9"}},{"id":"ay822xgmxawi3e242vxq9gg3","to":{"groupId":"ni8g1jgacopa8xpwb5zshrle"},"from":{"itemId":"gl7v1pgw14etdn6brxu71t16","blockId":"tcz66ld1suya5r5rlv7oegv9","groupId":"t8l9go1sz0u2niqirv7a7dqh"}},{"id":"ckyb5ay7lux86xazgh9fqx0g","to":{"groupId":"ni8g1jgacopa8xpwb5zshrle"},"from":{"itemId":"qcf4agx7gydp4jv5oczt4ck1","blockId":"tcz66ld1suya5r5rlv7oegv9","groupId":"t8l9go1sz0u2niqirv7a7dqh"}}],"theme":{"chat":{"inputs":{"color":"#303235","backgroundColor":"#FFFFFF","placeholderColor":"#9095A0"},"buttons":{"color":"#FFFFFF","backgroundColor":"#0042DA"},"hostAvatar":{"url":"https://s3.fr-par.scw.cloud/typebot/public/typebots/cleqam7gi0001l308rnqivhuy/hostAvatar?v=1677776243421","isEnabled":true},"guestAvatar":{"url":"https://s3.fr-par.scw.cloud/typebot/public/typebots/cleqam7gi0001l308rnqivhuy/guestAvatar?v=1677776387643","isEnabled":true},"hostBubbles":{"color":"#303235","backgroundColor":"#F7F8FF"},"guestBubbles":{"color":"#FFFFFF","backgroundColor":"#FF8E21"}},"general":{"font":"Open Sans","background":{"type":"Color","content":"#182722"}}},"settings":{"general":{"isBrandingEnabled":true,"isInputPrefillEnabled":false,"isResultSavingEnabled":true,"isHideQueryParamsEnabled":true,"isNewResultOnRefreshEnabled":false},"metadata":{"title":"Typebot Móveis Planejados","favIconUrl":"https://s3.fr-par.scw.cloud/typebot/public/typebots/cleqam7gi0001l308rnqivhuy/favIcon?v=1677776473412","description":"Build beautiful conversational forms and embed them directly in your applications without a line of code. Triple your response rate and collect answers that has more value compared to a traditional form.","customHeadCode":"<!-- Meta Pixel Code -->\n<script>\n  !function(f,b,e,v,n,t,s)\n  {if(f.fbq)return;n=f.fbq=function(){n.callMethod?\n  n.callMethod.apply(n,arguments):n.queue.push(arguments)};\n  if(!f._fbq)f._fbq=n;n.push=n;n.loaded=!0;n.version='2.0';\n  n.queue=[];t=b.createElement(e);t.async=!0;\n  t.src=v;s=b.getElementsByTagName(e)[0];\n  s.parentNode.insertBefore(t,s)}(window, document,'script',\n  'https://connect.facebook.net/en_US/fbevents.js');\n  fbq('init', '1314926356066028');\n  fbq('track', 'ViewContent');\n</script>\n<noscript><img height=\"1\" width=\"1\" style=\"display:none\"\n  src=\"https://www.facebook.com/tr?id=1314926356066028&ev=PageView&noscript=1\"\n/></noscript>\n<!-- End Meta Pixel Code -->"},"typingEmulation":{"speed":300,"enabled":true,"maxDelay":1.5}}}