{"id":"clfx6o6tq001ijk084ztr2m9m","version":"3","groups":[{"id":"y70pxkgmz6x0huiec5ou9ev6","title":"Start","blocks":[{"id":"clbk0lonb000908l701ns28kv","type":"start","label":"Start","groupId":"y70pxkgmz6x0huiec5ou9ev6","outgoingEdgeId":"llhwrcmfevtczce2ayry1ge6"}],"graphCoordinates":{"x":-22.48,"y":123.66}},{"id":"lv6y2lcrgfoh0hn0jr3ukyhh","title":"Apresentação","blocks":[{"id":"clbk0mq9q000l356emf2f36fj","type":"text","content":{"richText":[{"type":"p","children":[{"text":"Bem vindo ao processo de aplicação para sua Consultoria Gratuita, onde vamos desenhar seu "},{"bold":true,"text":"Sistema de Visitas"},{"text":" para que consiga "},{"bold":true,"text":"fechar 2-10 Negócios de médio/alto padrão"},{"text":" por mês..."}]}]},"groupId":"lv6y2lcrgfoh0hn0jr3ukyhh"},{"id":"clbk0upxx000n356eg6kkhmzn","type":"text","content":{"richText":[{"type":"p","children":[{"text":"Esta é uma consultoria "},{"bold":true,"text":"EXCLUSIVA"},{"text":" "},{"bold":true,"text":"para Donos(as) de Imobiliárias e Incorporadoras"},{"text":" Aplique apenas se for o seu caso."}]}]},"groupId":"lv6y2lcrgfoh0hn0jr3ukyhh"},{"id":"clbk11nxi000t356ezqe62m91","type":"text","content":{"html":"<div><span class=\"slate-bold\">IMPORTANTE: </span>A aplicação através deste formulário não garante uma vaga. Vamos analisar cuidadosamente as aplicações e aceitar apenas quem tem capacidade de tirar o máximo valor desta sessão estratégica.</div>","richText":[{"type":"p","children":[{"bold":true,"text":"IMPORTANTE: "},{"text":"A aplicação através deste formulário não garante uma vaga. Vamos analisar cuidadosamente as aplicações e aceitar apenas quem tem capacidade de tirar o máximo valor desta sessão estratégica."}]}],"plainText":"IMPORTANTE: A aplicação através deste formulário não garante uma vaga. Vamos analisar cuidadosamente as aplicações e aceitar apenas quem tem capacidade de tirar o máximo valor desta sessão estratégica."},"groupId":"lv6y2lcrgfoh0hn0jr3ukyhh","outgoingEdgeId":"pbgcd7urw1kfh2bokx1clwdo"}],"graphCoordinates":{"x":437,"y":103}},{"id":"umhkxyb41o0jtwqbnxg9pm3q","title":"Vamos Lá","blocks":[{"id":"clbk0z0ba000p356eska8yqde","type":"choice input","items":[{"id":"clbk0z0ba000q356e6z89oeso","type":0,"blockId":"clbk0z0ba000p356eska8yqde","content":"Toque para começar","outgoingEdgeId":"dy4icjxhtj2trls413kyfgg2"}],"groupId":"umhkxyb41o0jtwqbnxg9pm3q","options":{"buttonLabel":"Send","isMultipleChoice":false}}],"graphCoordinates":{"x":856,"y":105}},{"id":"oyon0j3f8lx12dmg4z4unaia","title":"Pedindo Nome","blocks":[{"id":"clbk16eil000x356ef46p5nft","type":"text","content":{"html":"<div>Qual o seu nome?</div>","richText":[{"type":"p","children":[{"text":"Qual o seu nome?"}]}],"plainText":"Qual o seu nome?"},"groupId":"oyon0j3f8lx12dmg4z4unaia","outgoingEdgeId":"zivth78vvil239lozfzyob97"}],"graphCoordinates":{"x":1288.43,"y":176.6}},{"id":"nv0g1uc34i3wtoc43va4jil2","title":"Nome","blocks":[{"id":"clbk16s0u0010356eml8xllcc","type":"text input","groupId":"nv0g1uc34i3wtoc43va4jil2","options":{"isLong":false,"labels":{"button":"Enviar","placeholder":"Digite Seu Nome"},"variableId":"vclbk1764g0012356e41p1jrmd"},"outgoingEdgeId":"eydgsbq6pap5pdle8rqdj04d"}],"graphCoordinates":{"x":1669.86,"y":218.02}},{"id":"ygtvc25cjd25991qw5vs9meu","title":"Pedindo Email","blocks":[{"id":"clbk1a7380017356ed8c7de1f","type":"text","content":{"html":"<div>(Só lembrando que vou mandar o link da sessão por lá)</div>","richText":[{"type":"p","children":[{"text":"(Só lembrando que vou mandar o link da sessão por lá)"}]}],"plainText":"(Só lembrando que vou mandar o link da sessão por lá)"},"groupId":"ygtvc25cjd25991qw5vs9meu"},{"id":"clbk1a0lq0016356exqh350bi","type":"text","content":{"html":"<div>Qual o seu melhor email?</div>","richText":[{"type":"p","children":[{"text":"Qual o seu melhor email?"}]}],"plainText":"Qual o seu melhor email?"},"groupId":"ygtvc25cjd25991qw5vs9meu","outgoingEdgeId":"x3661wh6f7aggj9pmnci704u"}],"graphCoordinates":{"x":3412.88,"y":-47.53}},{"id":"cbx18jf8e3c3lvz47f68omzw","title":"Email","blocks":[{"id":"clbk1b080001a356enbql6ydj","type":"email input","groupId":"cbx18jf8e3c3lvz47f68omzw","options":{"labels":{"button":"Enviar","placeholder":"Digite seu Email"},"variableId":"vclbk1by25001c356etu4woeew","retryMessageContent":"Este email parece estar errado. Digite novamente"},"outgoingEdgeId":"d0fmt5veqe6kx6ov8mrre0wt"}],"graphCoordinates":{"x":2925.66,"y":510.27}},{"id":"ypf3b62tlczmj98g1d0wmxkp","title":"Pedindo Whatsapp","blocks":[{"id":"clbk1cm19001e356e4aekule8","type":"text","content":{"html":"<div><span class=\"slate-bold\">Importante: </span>Para que eu consiga entrar em contato pra te avisar sobre sua aprovação.</div>","richText":[{"type":"p","children":[{"bold":true,"text":"Importante: "},{"text":"Para que eu consiga entrar em contato pra te avisar sobre sua aprovação."}]}],"plainText":"Importante: Para que eu consiga entrar em contato pra te avisar sobre sua aprovação."},"groupId":"ypf3b62tlczmj98g1d0wmxkp"},{"id":"clbk1e959001g356eoix4mgwp","type":"text","content":{"html":"<div>Qual número você mais utiliza? (WhatsApp e Ligação)</div>","richText":[{"type":"p","children":[{"text":"Qual número você mais utiliza? (WhatsApp e Ligação)"}]}],"plainText":"Qual número você mais utiliza? (WhatsApp e Ligação)"},"groupId":"ypf3b62tlczmj98g1d0wmxkp","outgoingEdgeId":"zoa9rrrbd0f4eejy7tu78t3v"}],"graphCoordinates":{"x":1999.28,"y":222.81}},{"id":"d5ogj9n0i6ylk0hnyh4c1uz4","title":"Whatsapp","blocks":[{"id":"clbk1em91001i356ecvct77vh","type":"phone number input","groupId":"d5ogj9n0i6ylk0hnyh4c1uz4","options":{"labels":{"button":"Enviar","placeholder":"Digite seu Whatsapp"},"variableId":"vclbk1gzv4001l356egriemesh","defaultCountryCode":"BR","retryMessageContent":"Este número parece estar errado. Por favor, verifique e digite novamente."},"outgoingEdgeId":"icz2e00zzi293834ufv1817f"}],"graphCoordinates":{"x":2321.65,"y":310.67}},{"id":"kbc7iwpjto8kb2z771ub52ud","title":"Group #9","blocks":[{"id":"clbk1hwpi001n356e30a4mrou","type":"text","content":{"html":"<div>Então, {{Nome}}. O número {{Telefone}} está correto? <span class=\"slate-bold\">(Um número errado pode fazer você perder sua vaga)</span></div>","richText":[{"type":"p","children":[{"text":"Então, {{Nome}}. O número {{Telefone}} está correto? "},{"bold":true,"text":"(Um número errado pode fazer você perder sua vaga)"}]}],"plainText":"Então, {{Nome}}. O número {{Telefone}} está correto? (Um número errado pode fazer você perder sua vaga)"},"groupId":"kbc7iwpjto8kb2z771ub52ud","outgoingEdgeId":"l2h3fnx27i2tn3ptfknscv3q"}],"graphCoordinates":{"x":2651.3,"y":240.31}},{"id":"lj739al40c7tevcc7qyvos1v","title":"Group #10","blocks":[{"id":"clbk1kf47001q356e1gz8fghe","type":"choice input","items":[{"id":"clbk1kf47001r356ea80aoqy9","type":0,"blockId":"clbk1kf47001q356e1gz8fghe","content":"Sim","outgoingEdgeId":"s1sz4j0imlqb5cxqwj96afw2"},{"id":"clbk1kpa5001s356efydz5jz3","type":0,"blockId":"clbk1kf47001q356e1gz8fghe","content":"Não","outgoingEdgeId":"m90n84bao98su57n9l1hdd0h"}],"groupId":"lj739al40c7tevcc7qyvos1v","options":{"buttonLabel":"Send","isMultipleChoice":false}}],"graphCoordinates":{"x":2901.37,"y":-118.31}},{"id":"pg9cr9pgiwelx7ax4ksworph","title":"Group #11","blocks":[{"id":"clbk1ny5r001w356ea5t3f73u","type":"text","content":{"richText":[{"type":"p","children":[{"text":"Show {{Nome}} para que consigamos saber um pouquinho mais sobre você e sua empresa, vou precisar do "},{"bold":true,"text":"@ do seu instagram ou site"},{"text":". Se incomoda em me passar?"}]}]},"groupId":"pg9cr9pgiwelx7ax4ksworph","outgoingEdgeId":"nabab7m2o3iiybpbg55awrvk"}],"graphCoordinates":{"x":3958.08,"y":367.62}},{"id":"llbpnis5dkwdn0wjnbye1lmj","title":"Group #12","blocks":[{"id":"clbk1oi1a001z356eamhoiu7i","type":"text input","groupId":"llbpnis5dkwdn0wjnbye1lmj","options":{"isLong":false,"labels":{"button":"Enviar","placeholder":"@ ou www"},"variableId":"vdpap1wiudtjvhhsdm9xe20wz"},"outgoingEdgeId":"plidy6kbpoktjlc3ft8qv3be"}],"graphCoordinates":{"x":4344.9,"y":267.45}},{"id":"gvcjtrwa5l2hjlzyodi0rms8","title":"Group #13","blocks":[{"id":"clbk1sy9i0023356e08lcr4ic","type":"text","content":{"html":"<div>Show!</div>","richText":[{"type":"p","children":[{"text":"Show!"}]}],"plainText":"Show!"},"groupId":"gvcjtrwa5l2hjlzyodi0rms8"},{"id":"clbk1te3q0025356eyublaeqf","type":"text","content":{"richText":[{"type":"p","children":[{"text":"{{Nome}}, em qual etapa você está atualmente? Qual seu "},{"bold":true,"text":"VGV MENSAL MÉDIO"},{"text":" (considerando até este mês)?"}]}]},"groupId":"gvcjtrwa5l2hjlzyodi0rms8","outgoingEdgeId":"cp3oy9guzu3fgnx6oxmx7af5"}],"graphCoordinates":{"x":4802.09,"y":246.19}},{"id":"ecl2xo2erkdtkp3nuncyypdi","title":" Agora…Em qual etapa você está atualmente? Qual seu VGV MENSAL MÉDIO (considerando até este mês)?","blocks":[{"id":"clbk1uqmg0027356erbti8sho","type":"choice input","items":[{"id":"clbk202fz002g356eqput25md","type":0,"blockId":"clbk1uqmg0027356erbti8sho","content":"não estou vendendo","outgoingEdgeId":"ftbj9mynsd7qajf8zap0dhki"},{"id":"e1z31hw1w0xbctuvhuw6rhd6","type":0,"blockId":"clbk1uqmg0027356erbti8sho","content":"até 100 Mil","outgoingEdgeId":"lrqs2g8jexw11uvxudmgp8m1"},{"id":"clbl27nbz002p356e6y52424s","type":0,"blockId":"clbk1uqmg0027356erbti8sho","content":"101 Mil a 500 Mil","outgoingEdgeId":"n0f8d6m5wemo5nxfh57mkgfg"},{"id":"clbk1vlso0029356epy3ptp6w","type":0,"blockId":"clbk1uqmg0027356erbti8sho","content":"501 Mil a 750 Mil","outgoingEdgeId":"rgakvx7ywvk1gpi0std7bfvw"},{"id":"scwpcc13fw6pt3jepvhpsye0","type":0,"blockId":"clbk1uqmg0027356erbti8sho","content":"750 Mil a 1 MM","outgoingEdgeId":"kcpi6ykr8rirr38hud8chl3h"},{"id":"clbk1w686002a356eed54jmxu","type":0,"blockId":"clbk1uqmg0027356erbti8sho","content":"1.1MM a 5 Milhões","outgoingEdgeId":"z4u55bw5vq583uzfmweuiwni"},{"id":"clbk1y0xj002c356e9eubpi30","type":0,"blockId":"clbk1uqmg0027356erbti8sho","content":"5MM a 10 Milhões","outgoingEdgeId":"eybdaijyvz0z0lynuqvrfoep"},{"id":"clbk1yn77002d356etjjcnnre","type":0,"blockId":"clbk1uqmg0027356erbti8sho","content":"+10 Milhões","outgoingEdgeId":"yey55wi6i4bniagdan0n1sem"}],"groupId":"ecl2xo2erkdtkp3nuncyypdi","options":{"variableId":"vclbk2gx8m003a356ef9agegf9","buttonLabel":"Send","isMultipleChoice":false}}],"graphCoordinates":{"x":5275.98,"y":173.26}},{"id":"xet40s879x62fd3mnupoh3rj","title":"Group #17","blocks":[{"id":"clbk2b63q002u356e8t0rpbl6","type":"text","content":{"richText":[{"type":"p","children":[{"text":"Se você tivesse acesso a estratégia perfeita para aumentar o número de visitas e leads qualificados, quanto estaria disposto a investir por mês?"}]}]},"groupId":"xet40s879x62fd3mnupoh3rj","outgoingEdgeId":"x8utjn02mindn83383z6n49l"}],"graphCoordinates":{"x":6005,"y":788.3}},{"id":"p8svs9prb1t4ghkn5lq4mx5w","title":"Disponibilidade Investimento","blocks":[{"id":"clbk2dtkw0034356eeab7zac8","type":"choice input","items":[{"id":"clbk2mcs5003o356erzlq4tl4","type":0,"blockId":"clbk2dtkw0034356eeab7zac8","content":"De R$1.500 a R$1.999","outgoingEdgeId":"wah4nsgneooyy952hlt2hejz"},{"id":"clbk2n4bs003p356ejha9uwsq","type":0,"blockId":"clbk2dtkw0034356eeab7zac8","content":"De R$2.000 a R$2.600","outgoingEdgeId":"on9tpalr58f2tyjivicuej0p"},{"id":"clbk2nyiy003q356e5of63d5d","type":0,"blockId":"clbk2dtkw0034356eeab7zac8","content":"De R$2.600 a R$4.000","outgoingEdgeId":"vn5b1rrmnzpfc6bxntgeg90x"},{"id":"clbk2omtt003r356ei3rbcws7","type":0,"blockId":"clbk2dtkw0034356eeab7zac8","content":"De R$4.100 a R$6.000","outgoingEdgeId":"f5hl1ry52oh173fn50w57gen"},{"id":"clbk2pkld003s356esnj22rrr","type":0,"blockId":"clbk2dtkw0034356eeab7zac8","content":"De R$6.100 a R$10.000","outgoingEdgeId":"ryzbn04y878yi9q9ssgn8z4m"},{"id":"clbk2q6c2003t356etdrudarq","type":0,"blockId":"clbk2dtkw0034356eeab7zac8","content":"Acima de R$10.000","outgoingEdgeId":"r2n7npka1b8g8662favhexm7"},{"id":"clbk2r8qi003v356eaqm90vmz","type":0,"blockId":"clbk2dtkw0034356eeab7zac8","content":"Não Estou Disposto a Investir Nada","outgoingEdgeId":"lb1rs3hwcpd80y36l7ci00qt"},{"id":"cld0ioxwi0008356j70zhortz","type":0,"blockId":"clbk2dtkw0034356eeab7zac8","content":"Menos de R$1.500","outgoingEdgeId":"z9yyu47240j7d6b49xnqfgrt"},{"id":"y5044upt6aie4efdrwbzfqxo","type":0,"blockId":"clbk2dtkw0034356eeab7zac8","content":"De R$500 - 1.000","outgoingEdgeId":"v5ymr0hmpcwwn4m3xzs9p6b3"}],"groupId":"p8svs9prb1t4ghkn5lq4mx5w","options":{"variableId":"vclbk2fpu70038356eub3h27ej","buttonLabel":"Send","isMultipleChoice":false}}],"graphCoordinates":{"x":6601.22,"y":399.39}},{"id":"t5ebatsmh0y9gz574ga163iy","title":"Buyer Jorney","blocks":[{"id":"clbk2wg820046356e2uh2e6na","type":"text","content":{"richText":[{"type":"p","children":[{"text":"{{Nome}}, Concluímos a primeira etapa e, baseado nas suas respostas anunciamos que você foi "},{"bold":true,"text":"APROVADO"},{"text":" para Consultoria Gratuita com nosso time! Parabéns! 🥳"}]}]},"groupId":"t5ebatsmh0y9gz574ga163iy"},{"id":"i55s4ujaixntou4zyaegs7v8","type":"image","content":{"url":"https://media1.giphy.com/media/CyoQdbc7FHqqTpkSPI/giphy-downsized.gif?cid=fe3852a3diqh43i51wsvnt5gongbit578olarnvhkc18amwg&ep=v1_gifs_search&rid=giphy-downsized.gif&ct=g"},"groupId":"t5ebatsmh0y9gz574ga163iy"},{"id":"hl2xmc1zjpwn03j0dvzkurxl","type":"text","content":{"richText":[{"type":"p","children":[{"text":"Bom agora preciso que PRESTE BASTANTE ATENÇÃO NOS PRÓXIMOS PASSOS: "},{"bold":true,"text":"POIS NÃO ACEITAMOS REAGENDAMENTOS"}]}]},"groupId":"t5ebatsmh0y9gz574ga163iy"},{"id":"kip38rkrtau2syq1sc4oglws","type":"text","content":{"richText":[{"type":"p","children":[{"text":"1° Clique no botão para "},{"bold":true,"text":"Agendar um Dia e Horário!"}]}]},"groupId":"t5ebatsmh0y9gz574ga163iy","outgoingEdgeId":"jqs0ourbuj5fi9u8q5jbuxs8"}],"graphCoordinates":{"x":8145.29,"y":609.5}},{"id":"doerbjr23ci1r644g0dgdxwl","title":"Buyer Jorney copy","blocks":[{"id":"gt6us49lxg9z1zknf8hsmcvl","type":"text","content":{"richText":[{"type":"p","children":[{"text":"Se ao final da ligação, mostrarmos uma maneira de "},{"bold":true,"text":"fechar 2 Negócios por semana"},{"text":", em quanto tempo você seguirá em frente?"}]}]},"groupId":"doerbjr23ci1r644g0dgdxwl"},{"id":"muw975r2df5fvem74lyoh2qk","type":"choice input","items":[{"id":"ozvjexa8oyrmhw8eeqxnp4rz","type":0,"blockId":"muw975r2df5fvem74lyoh2qk","content":"Agora mesmo!"},{"id":"lvoi2eclr8xdlpebti6oxk4t","type":0,"blockId":"muw975r2df5fvem74lyoh2qk","content":"Daqui algumas semanas"},{"id":"sm0wwgb1h3t5k1uu1ejg7fli","type":0,"blockId":"muw975r2df5fvem74lyoh2qk","content":"Daqui alguns meses"}],"groupId":"doerbjr23ci1r644g0dgdxwl","options":{"buttonLabel":"Send","isSearchable":false,"isMultipleChoice":false,"searchInputPlaceholder":"Filter the options..."}}],"graphCoordinates":{"x":7608.29,"y":812.5}},{"id":"dz2q35m1p26snopm8ny0k2s8","title":"Buyer Jorney copy","blocks":[{"id":"v34unm3bqlr0rh3743b6rftt","type":"text","content":{"html":"<div>{{Nome}}, estamos terminando, fique comigo!</div>","richText":[{"type":"p","children":[{"text":"{{Nome}}, estamos terminando, fique comigo!"}]}],"plainText":"{{Nome}}, estamos terminando, fique comigo!"},"groupId":"dz2q35m1p26snopm8ny0k2s8"},{"id":"evu6hskcs7ijn4e3a0n1cj36","type":"text","content":{"html":"<div>Qual das opções abaixo melhor descreve o seu momento atual?</div>","richText":[{"type":"p","children":[{"text":"Qual das opções abaixo melhor descreve o seu momento atual?"}]}],"plainText":"Qual das opções abaixo melhor descreve o seu momento atual?"},"groupId":"dz2q35m1p26snopm8ny0k2s8"}],"graphCoordinates":{"x":8080.62,"y":223.5}},{"id":"xveu3f95w1wnajnho4bcl8rj","title":"Group #24","blocks":[{"id":"clbk362vl004n356epwv31bfb","type":"text","content":{"html":"<div>Olha, {{Nome}}</div>","richText":[{"type":"p","children":[{"text":"Olha, {{Nome}}"}]}],"plainText":"Olha, {{Nome}}"},"groupId":"xveu3f95w1wnajnho4bcl8rj"},{"id":"clbk36xmn004o356ey50womgp","type":"text","content":{"richText":[{"type":"p","children":[{"text":"Reunindo as informações que foram passadas, infelizmente não conseguimos te ajudar nessa Consultoria Gratuita"}]}]},"groupId":"xveu3f95w1wnajnho4bcl8rj"},{"id":"clbk38bno004p356e051alemw","type":"text","content":{"richText":[{"type":"p","children":[{"text":"Porém consigo te ajudar de outra forma: Copie e cole uma Estratégia de Marketing Imobiliário para "},{"bold":true,"text":"conseguir 1-2 vendas extras por mês "},{"text":"implementando em 14 dias"}]}]},"groupId":"xveu3f95w1wnajnho4bcl8rj"},{"id":"cld0j51d7000p356jnmbbl3oa","type":"text","content":{"richText":[{"type":"p","children":[{"text":"Clique no botão para assitir ao vídeo da Estratégia!"}]}]},"groupId":"xveu3f95w1wnajnho4bcl8rj"},{"id":"cld0j7m2b000t356jmywlfwvd","type":"choice input","items":[{"id":"cld0j7m2b000u356jg7b2wdcn","type":0,"blockId":"cld0j7m2b000t356jmywlfwvd","content":"Ver Estratégia Secreta","outgoingEdgeId":"x5f0rqzwi4037rz5j2s2tbc2"}],"groupId":"xveu3f95w1wnajnho4bcl8rj","options":{"buttonLabel":"Send","isMultipleChoice":false}}],"graphCoordinates":{"x":7116.93,"y":2399.93}},{"id":"w6f1sotj6h9xpkjg61tbxd15","title":"Group #24 copy","blocks":[{"id":"cc5fd6t96c85y029ocrsqslz","type":"text","content":{"html":"<div>Olha, {{Nome}}</div>","richText":[{"type":"p","children":[{"text":"Olha, {{Nome}}"}]}],"plainText":"Olha, {{Nome}}"},"groupId":"w6f1sotj6h9xpkjg61tbxd15"},{"id":"q8d1wjwjfq1f2mk9bluh9wpf","type":"text","content":{"richText":[{"type":"p","children":[{"text":"Essa Call é somente para Donos (as) de Imobiliárias ou Gerentes..."}]}]},"groupId":"w6f1sotj6h9xpkjg61tbxd15"},{"id":"pwsj73p4pxm4o8044exrji8b","type":"text","content":{"richText":[{"type":"p","children":[{"text":"Porém consigo te ajudar de outra forma: Copie e cole uma Estratégia de Marketing Imobiliário para "},{"bold":true,"text":"conseguir 1-2 vendas extras por mês "},{"text":"implementando em 14 dias"}]}]},"groupId":"w6f1sotj6h9xpkjg61tbxd15"},{"id":"bjan8khrhqk1c11d0q9yd1di","type":"text","content":{"richText":[{"type":"p","children":[{"text":"Clique no botão para assitir ao vídeo da Estratégia!"}]}]},"groupId":"w6f1sotj6h9xpkjg61tbxd15"},{"id":"ig8mqwd7kwv48t2kkjnmusk3","type":"choice input","items":[{"id":"en3zdlrai21apropl9z3a68p","type":0,"blockId":"ig8mqwd7kwv48t2kkjnmusk3","content":"Ver Estratégia Secreta"}],"groupId":"w6f1sotj6h9xpkjg61tbxd15","options":{"buttonLabel":"Send","isSearchable":false,"isMultipleChoice":false}}],"graphCoordinates":{"x":4545.26,"y":1373.25}},{"id":"y73zctdb6nio38nnqitmpi9s","title":"Obrigado","blocks":[{"id":"urp411dhs01m47i39zpe8xpv","type":"choice input","items":[{"id":"q9qqzbwayrc7p2dsdqc2z0ws","type":0,"blockId":"urp411dhs01m47i39zpe8xpv","content":">> Concluir minha Inscrição"}],"groupId":"y73zctdb6nio38nnqitmpi9s","options":{"buttonLabel":"Send","isSearchable":false,"isMultipleChoice":false,"searchInputPlaceholder":"Filter the options..."}},{"id":"clbk3pl7n0052356eo60y2c5q","type":"Redirect","groupId":"y73zctdb6nio38nnqitmpi9s","options":{"url":"https://digitalmoonbr.com/mentoria-50k/https://digitalmoonbr.com/mentoria-50k/https://digitalmoonbr.com/mentoria-50k/","isNewTab":false}}],"graphCoordinates":{"x":9382.66,"y":1413.29}},{"id":"wh9525igbybikigbco1dzpgi","title":"Group #21","blocks":[{"id":"clcalt7hl000g356j3095igrh","type":"Set variable","groupId":"wh9525igbybikigbco1dzpgi","options":{"isCode":false,"variableId":"vclcaltzov000h356jl744lc8i"}},{"id":"clcalv4kw000k356jn5d7i2qr","type":"Set variable","groupId":"wh9525igbybikigbco1dzpgi","options":{"variableId":"vclcalvi5e000l356jf39aqysd"}},{"id":"clcalvnt6000m356jd9yr78ox","type":"Set variable","groupId":"wh9525igbybikigbco1dzpgi","options":{"variableId":"vclcalvys4000o356juq0uzlb8"}},{"id":"clcalvqgs000n356jdcyfywzr","type":"Set variable","groupId":"wh9525igbybikigbco1dzpgi","options":{"variableId":"vclcalwa3y000p356jsujofdso"}}],"graphCoordinates":{"x":-209.67,"y":370.67}},{"id":"x7brecuzz85a0ollmq5g0tj8","title":"Confirmando o Investimento","blocks":[{"id":"cld0iqxcb000c356jb3tlf8z4","type":"text","content":{"html":"<div>{{Nome}}.</div>","richText":[{"type":"p","children":[{"text":"{{Nome}}."}]}],"plainText":"{{Nome}}."},"groupId":"x7brecuzz85a0ollmq5g0tj8"},{"id":"cld0iramx000d356jebt0gsyg","type":"text","content":{"richText":[{"type":"p","children":[{"text":"Nossos clientes hoje investem a partir de R$3.000/mês pelos nossos serviços + investimentos nos anúncios (indicamos iniciar no mínimo R$1.000,00)"}]}]},"groupId":"x7brecuzz85a0ollmq5g0tj8"},{"id":"cld0isrkb000e356j1c8b6gg2","type":"text","content":{"html":"<div>Caso você se identifique com o <span class=\"slate-bold\">Sistema de Visitas Garantidas</span> que vamos implementar para te ajudar a <span class=\"slate-bold\">Fechar de 2-10 Negócios por mês</span> você consideraria esse valor no seu orçamento ou está fora da sua realidade neste momento?</div>","richText":[{"type":"p","children":[{"text":"Caso você se identifique com o "},{"bold":true,"text":"Sistema de Visitas Garantidas"},{"text":" que vamos implementar para te ajudar a "},{"bold":true,"text":"Fechar de 2-10 Negócios por mês"},{"text":" você consideraria esse valor no seu orçamento ou está fora da sua realidade neste momento?"}]}],"plainText":"Caso você se identifique com o Sistema de Visitas Garantidas que vamos implementar para te ajudar a Fechar de 2-10 Negócios por mês você consideraria esse valor no seu orçamento ou está fora da sua realidade neste momento?"},"groupId":"x7brecuzz85a0ollmq5g0tj8","outgoingEdgeId":"hg7fc7q82ftksrl601evwimf"}],"graphCoordinates":{"x":7488.69,"y":1651.89}},{"id":"wlpqir5nfbjy7xk8wsgzfz8x","title":"Tem dinheiro pra investir?","blocks":[{"id":"cld0ixpej000f356jyfki2s0o","type":"choice input","items":[{"id":"cld0ixpej000g356jcw3l5h3f","type":0,"blockId":"cld0ixpej000f356jyfki2s0o","content":"Se eu gostar posso encaixar no meu financeiro","outgoingEdgeId":"q5fzn6y4fnr6rfjm4xtqlmst"},{"id":"cld0izn6k000j356jzjjsajt8","type":0,"blockId":"cld0ixpej000f356jyfki2s0o","content":"No momento, este valor está fora da minha realidade","outgoingEdgeId":"rfe9c9hekjwuqzfmybw2d0zo"}],"groupId":"wlpqir5nfbjy7xk8wsgzfz8x","options":{"buttonLabel":"Send","isMultipleChoice":false}}],"graphCoordinates":{"x":7909.42,"y":2187.38}},{"id":"u4v6qj0ubb4u0mgn1o8wit1m","title":"Group #25","blocks":[{"id":"cld0j82u6000x356j45un5e7d","type":"Redirect","groupId":"u4v6qj0ubb4u0mgn1o8wit1m","options":{"url":"https://digitalmoonbr.com/mentoria-50k/","isNewTab":false}}],"graphCoordinates":{"x":8175.24,"y":3216.69}},{"id":"noypq4vxoeckh6ujrvykcryz","title":"Group #25 copy","blocks":[{"id":"a1nfvrwgcicb7dv6135mw9l3","type":"Redirect","groupId":"noypq4vxoeckh6ujrvykcryz","options":{"url":"https://digitalmoonbr.com/mentoria-50k/","isNewTab":false}}],"graphCoordinates":{"x":4179.58,"y":1946.69}},{"id":"qnknb5x8s2ysnlbovq1mnzc2","title":"Make","blocks":[{"id":"o7eaaf4b8fa3xewzq6gxcuk7","type":"Webhook","groupId":"qnknb5x8s2ysnlbovq1mnzc2","options":{"isCustomBody":false,"isAdvancedConfig":true,"variablesForTest":[],"responseVariableMapping":[]},"webhookId":"dpkx6qnf5eokizv741e8idal","outgoingEdgeId":"yjpjlx4ppi3vvqrdl1cgrh54"}],"graphCoordinates":{"x":8487.7,"y":1011.66}},{"id":"ozqm3uqanwbrb9m872o10tr4","title":"Group #26 copy","blocks":[{"id":"n0qzl522y39ty6g245hy593l","type":"Webhook","groupId":"ozqm3uqanwbrb9m872o10tr4","options":{"isCustomBody":false,"isAdvancedConfig":true,"variablesForTest":[],"responseVariableMapping":[]},"webhookId":"nqtywykuy4fjyq22x6hbsdso"}],"graphCoordinates":{"x":9248.52,"y":1766.66}},{"id":"awjp63xdnjczcaynauu0x79t","title":"Webhook Optin","blocks":[{"id":"od6imxd2r8f9bbyovs3k2wx9","type":"Webhook","groupId":"awjp63xdnjczcaynauu0x79t","options":{"isCustomBody":false,"isAdvancedConfig":false,"variablesForTest":[],"responseVariableMapping":[]},"webhookId":"n72ei2fpmnnljbf7exrkjbg0","outgoingEdgeId":"aahx6yr86papqcg0b1tocdoi"}],"graphCoordinates":{"x":2990.52,"y":735.32}},{"id":"eu755jpbclmtcv8gmxe83p8k","title":"Webhook Optin n8n","blocks":[{"id":"q1dc7rlq8wgx53kc0ttnknh6","type":"Webhook","groupId":"eu755jpbclmtcv8gmxe83p8k","options":{"isCustomBody":false,"isAdvancedConfig":false,"variablesForTest":[],"responseVariableMapping":[]},"webhookId":"eiv06t3a7zz6gi0vv5z29am9"}],"graphCoordinates":{"x":2403.69,"y":874.99}},{"id":"x27p53mbo850fptgomsosa4j","title":"Group #29","blocks":[{"id":"ljhc70ley4xxp88jfkzuktpp","type":"text","content":{"richText":[{"type":"p","children":[{"text":"Ok {{Nome}} e em qual desses você se encaixa?"}]}]},"groupId":"x27p53mbo850fptgomsosa4j"},{"id":"tj82edzl8zhnu59bpp7lcdfr","type":"choice input","items":[{"id":"xolxbg56eec9nv38i1lenrwg","type":0,"blockId":"tj82edzl8zhnu59bpp7lcdfr","content":"Dono de Imobiliária","outgoingEdgeId":"n6v8g6k5wncko8r03n4f3rm9"},{"id":"qogmc6luapiaa7qgefpfchl5","type":0,"blockId":"tj82edzl8zhnu59bpp7lcdfr","content":"Gerente","outgoingEdgeId":"kk3c5osz87a1c4db6fr0c61x"},{"id":"spplnjbpujvboixjzz1959kz","type":0,"blockId":"tj82edzl8zhnu59bpp7lcdfr","content":"Corretor","outgoingEdgeId":"xnwdu4x3ng5zyuyz7jyye1gk"},{"id":"vb6888u5bmayxmgwd12ip4kn","type":0,"blockId":"tj82edzl8zhnu59bpp7lcdfr","content":"Dono de Incorporadora","outgoingEdgeId":"t03zn6bihswxvsmctb407skl"}],"groupId":"x27p53mbo850fptgomsosa4j","options":{"buttonLabel":"Send","isSearchable":false,"isMultipleChoice":false}}],"graphCoordinates":{"x":3523.52,"y":426.99}},{"id":"i92eud5aero91z2xvsfmp00s","title":"Lead (Corretor)","blocks":[{"id":"zmywvckby476yqgt0z0c864l","type":"Webhook","groupId":"i92eud5aero91z2xvsfmp00s","options":{"isCustomBody":false,"isAdvancedConfig":false,"variablesForTest":[],"responseVariableMapping":[]},"webhookId":"rvphlq4g85apsaxewk5u4952","outgoingEdgeId":"lrk2a6ew80qytb9xucy25no9"}],"graphCoordinates":{"x":3850.52,"y":975.99}},{"id":"t18j12xxnrywp7qd7s294k9u","title":"Lead (Corretor) copy","blocks":[{"id":"cvat84mdvyo6ygcmgds3dnoe","type":"Webhook","groupId":"t18j12xxnrywp7qd7s294k9u","options":{"isCustomBody":false,"isAdvancedConfig":false,"variablesForTest":[],"responseVariableMapping":[]},"webhookId":"licdves7daijsulyzix4758y","outgoingEdgeId":"a0g1gbxoz62t61kmnebtnh3z"}],"graphCoordinates":{"x":7735.53,"y":3258.99}},{"id":"ln5d7lnnzqml2uhxhclk6z2b","title":"Group #34","blocks":[{"id":"lwvp3zi4ksp6tovmsvkl6vkg","type":"rating input","groupId":"ln5d7lnnzqml2uhxhclk6z2b","options":{"labels":{"button":"Enviar"},"length":10,"buttonType":"Numbers","customIcon":{"isEnabled":false}}}],"graphCoordinates":{"x":8763.36,"y":1908.82}},{"id":"zl0u37njq123btd9x5k8ull8","title":"Se Faturar Acima de 1MM","blocks":[{"id":"tzej8f3jo0xz1cb487n8btvq","type":"Condition","items":[{"id":"che497kq9zcgbszm3yo7rayr","type":1,"blockId":"tzej8f3jo0xz1cb487n8btvq","content":{"comparisons":[{"id":"yl0o0l73a7kuswax8oeewpyv","value":"Milhões","variableId":"vclbk2gx8m003a356ef9agegf9","comparisonOperator":"Contains"},{"id":"ba3mlsgvs6u0gc31rarm7856","value":"750 Mil a 1 MM","variableId":"vclbk2gx8m003a356ef9agegf9","comparisonOperator":"Contains"},{"id":"zbgnnwxgjycdazd6io9sot29","value":"De R$1.500 a R$1.999","variableId":"vclbk2fpu70038356eub3h27ej","comparisonOperator":"Does not contain"},{"id":"kd9vlrahytyf0ay60a4uwdhv","value":"nada","variableId":"vclbk2fpu70038356eub3h27ej"},{"id":"d2ybulobff5t9jp17vyweayb","value":"Menos de R$1.500","variableId":"vclbk2fpu70038356eub3h27ej","comparisonOperator":"Does not contain"},{"id":"gvgeyp3v7nh2e2547n1by9yp","value":"De R$500 - 1.000","variableId":"vclbk2fpu70038356eub3h27ej","comparisonOperator":"Does not contain"}],"logicalOperator":"OR"},"outgoingEdgeId":"atv55bbsi4cymumk6z093dbc"},{"id":"ux9ilz3clbigl47gnku1lev5","type":1,"blockId":"tzej8f3jo0xz1cb487n8btvq","content":{"comparisons":[],"logicalOperator":"AND"}}],"groupId":"zl0u37njq123btd9x5k8ull8","outgoingEdgeId":"k1w480jfuyu9t4rx59hjtole"}],"graphCoordinates":{"x":8925.19,"y":929.16}},{"id":"jeqkomivsl5znkhiy2wbzjni","title":"Agendamento da Call","blocks":[{"id":"mmp40d62po2qgtl73ciz4zvp","type":"choice input","items":[{"id":"qxxdjjx5qnbema3wtvqgmj53","type":0,"blockId":"mmp40d62po2qgtl73ciz4zvp","content":">> Agendar minha Consultoria <<"}],"groupId":"jeqkomivsl5znkhiy2wbzjni","options":{"buttonLabel":"Send","isSearchable":false,"isMultipleChoice":false,"searchInputPlaceholder":"Filter the options..."}},{"id":"a4rnisrlbo5qbluhpiz7erni","type":"Redirect","groupId":"jeqkomivsl5znkhiy2wbzjni","options":{"url":"https://cal.com/digital-moon/30min","isNewTab":false}}],"graphCoordinates":{"x":9408.85,"y":879.83}}],"variables":[{"id":"vclbk1764g0012356e41p1jrmd","name":"Nome"},{"id":"vclbk1by25001c356etu4woeew","name":"Email"},{"id":"vclbk1gzv4001l356egriemesh","name":"Telefone"},{"id":"vclbk1p2gm0021356e7g1k593h","name":"Instagram"},{"id":"vclbk2fpu70038356eub3h27ej","name":"Dispon.Investimento"},{"id":"vclbk2gx8m003a356ef9agegf9","name":"Faturamento Mensal"},{"id":"vclbk2zk5t004g356e070mvbam","name":"Buyer Jorney"},{"id":"vclbk30tlb004k356e2p48812g","name":"Solution Selection"},{"id":"vclcaltzov000h356jl744lc8i","name":"utm_campaign"},{"id":"vclcalvi5e000l356jf39aqysd","name":"utm_medium"},{"id":"vclcalvys4000o356juq0uzlb8","name":"utm_source"},{"id":"vclcalwa3y000p356jsujofdso","name":"utm_content"},{"id":"vdpap1wiudtjvhhsdm9xe20wz","name":"site"}],"edges":[{"id":"llhwrcmfevtczce2ayry1ge6","to":{"groupId":"lv6y2lcrgfoh0hn0jr3ukyhh"},"from":{"blockId":"clbk0lonb000908l701ns28kv","groupId":"y70pxkgmz6x0huiec5ou9ev6"}},{"id":"pbgcd7urw1kfh2bokx1clwdo","to":{"groupId":"umhkxyb41o0jtwqbnxg9pm3q"},"from":{"blockId":"clbk11nxi000t356ezqe62m91","groupId":"lv6y2lcrgfoh0hn0jr3ukyhh"}},{"id":"dy4icjxhtj2trls413kyfgg2","to":{"groupId":"oyon0j3f8lx12dmg4z4unaia"},"from":{"itemId":"clbk0z0ba000q356e6z89oeso","blockId":"clbk0z0ba000p356eska8yqde","groupId":"umhkxyb41o0jtwqbnxg9pm3q"}},{"id":"zoa9rrrbd0f4eejy7tu78t3v","to":{"groupId":"d5ogj9n0i6ylk0hnyh4c1uz4"},"from":{"blockId":"clbk1e959001g356eoix4mgwp","groupId":"ypf3b62tlczmj98g1d0wmxkp"}},{"id":"icz2e00zzi293834ufv1817f","to":{"groupId":"kbc7iwpjto8kb2z771ub52ud"},"from":{"blockId":"clbk1em91001i356ecvct77vh","groupId":"d5ogj9n0i6ylk0hnyh4c1uz4"}},{"id":"l2h3fnx27i2tn3ptfknscv3q","to":{"groupId":"lj739al40c7tevcc7qyvos1v"},"from":{"blockId":"clbk1hwpi001n356e30a4mrou","groupId":"kbc7iwpjto8kb2z771ub52ud"}},{"id":"m90n84bao98su57n9l1hdd0h","to":{"groupId":"ypf3b62tlczmj98g1d0wmxkp"},"from":{"itemId":"clbk1kpa5001s356efydz5jz3","blockId":"clbk1kf47001q356e1gz8fghe","groupId":"lj739al40c7tevcc7qyvos1v"}},{"id":"cp3oy9guzu3fgnx6oxmx7af5","to":{"groupId":"ecl2xo2erkdtkp3nuncyypdi"},"from":{"blockId":"clbk1te3q0025356eyublaeqf","groupId":"gvcjtrwa5l2hjlzyodi0rms8"}},{"id":"x8utjn02mindn83383z6n49l","to":{"groupId":"p8svs9prb1t4ghkn5lq4mx5w"},"from":{"blockId":"clbk2b63q002u356e8t0rpbl6","groupId":"xet40s879x62fd3mnupoh3rj"}},{"id":"rgakvx7ywvk1gpi0std7bfvw","to":{"groupId":"xet40s879x62fd3mnupoh3rj"},"from":{"itemId":"clbk1vlso0029356epy3ptp6w","blockId":"clbk1uqmg0027356erbti8sho","groupId":"ecl2xo2erkdtkp3nuncyypdi"}},{"id":"z4u55bw5vq583uzfmweuiwni","to":{"groupId":"xet40s879x62fd3mnupoh3rj"},"from":{"itemId":"clbk1w686002a356eed54jmxu","blockId":"clbk1uqmg0027356erbti8sho","groupId":"ecl2xo2erkdtkp3nuncyypdi"}},{"id":"mxsg8h8yui98z13bt9xp0swu","to":{"groupId":"xet40s879x62fd3mnupoh3rj"},"from":{"itemId":"clbk1xqzc002b356exdzff34f","blockId":"clbk1uqmg0027356erbti8sho","groupId":"ecl2xo2erkdtkp3nuncyypdi"}},{"id":"eybdaijyvz0z0lynuqvrfoep","to":{"groupId":"xet40s879x62fd3mnupoh3rj"},"from":{"itemId":"clbk1y0xj002c356e9eubpi30","blockId":"clbk1uqmg0027356erbti8sho","groupId":"ecl2xo2erkdtkp3nuncyypdi"}},{"id":"yey55wi6i4bniagdan0n1sem","to":{"groupId":"xet40s879x62fd3mnupoh3rj"},"from":{"itemId":"clbk1yn77002d356etjjcnnre","blockId":"clbk1uqmg0027356erbti8sho","groupId":"ecl2xo2erkdtkp3nuncyypdi"}},{"id":"f5hl1ry52oh173fn50w57gen","to":{"groupId":"t5ebatsmh0y9gz574ga163iy"},"from":{"itemId":"clbk2omtt003r356ei3rbcws7","blockId":"clbk2dtkw0034356eeab7zac8","groupId":"p8svs9prb1t4ghkn5lq4mx5w"}},{"id":"ryzbn04y878yi9q9ssgn8z4m","to":{"groupId":"t5ebatsmh0y9gz574ga163iy"},"from":{"itemId":"clbk2pkld003s356esnj22rrr","blockId":"clbk2dtkw0034356eeab7zac8","groupId":"p8svs9prb1t4ghkn5lq4mx5w"}},{"id":"r2n7npka1b8g8662favhexm7","to":{"groupId":"t5ebatsmh0y9gz574ga163iy"},"from":{"itemId":"clbk2q6c2003t356etdrudarq","blockId":"clbk2dtkw0034356eeab7zac8","groupId":"p8svs9prb1t4ghkn5lq4mx5w"}},{"id":"lb1rs3hwcpd80y36l7ci00qt","to":{"groupId":"xveu3f95w1wnajnho4bcl8rj"},"from":{"itemId":"clbk2r8qi003v356eaqm90vmz","blockId":"clbk2dtkw0034356eeab7zac8","groupId":"p8svs9prb1t4ghkn5lq4mx5w"}},{"id":"n0f8d6m5wemo5nxfh57mkgfg","to":{"groupId":"xet40s879x62fd3mnupoh3rj"},"from":{"itemId":"clbl27nbz002p356e6y52424s","blockId":"clbk1uqmg0027356erbti8sho","groupId":"ecl2xo2erkdtkp3nuncyypdi"}},{"id":"zivth78vvil239lozfzyob97","to":{"groupId":"nv0g1uc34i3wtoc43va4jil2"},"from":{"blockId":"clbk16eil000x356ef46p5nft","groupId":"oyon0j3f8lx12dmg4z4unaia"}},{"id":"z9yyu47240j7d6b49xnqfgrt","to":{"groupId":"x7brecuzz85a0ollmq5g0tj8"},"from":{"itemId":"cld0ioxwi0008356j70zhortz","blockId":"clbk2dtkw0034356eeab7zac8","groupId":"p8svs9prb1t4ghkn5lq4mx5w"}},{"id":"wah4nsgneooyy952hlt2hejz","to":{"groupId":"x7brecuzz85a0ollmq5g0tj8"},"from":{"itemId":"clbk2mcs5003o356erzlq4tl4","blockId":"clbk2dtkw0034356eeab7zac8","groupId":"p8svs9prb1t4ghkn5lq4mx5w"}},{"id":"rfe9c9hekjwuqzfmybw2d0zo","to":{"groupId":"xveu3f95w1wnajnho4bcl8rj"},"from":{"itemId":"cld0izn6k000j356jzjjsajt8","blockId":"cld0ixpej000f356jyfki2s0o","groupId":"wlpqir5nfbjy7xk8wsgzfz8x"}},{"id":"eydgsbq6pap5pdle8rqdj04d","to":{"blockId":"clbk1cm19001e356e4aekule8","groupId":"ypf3b62tlczmj98g1d0wmxkp"},"from":{"blockId":"clbk16s0u0010356eml8xllcc","groupId":"nv0g1uc34i3wtoc43va4jil2"}},{"id":"hg7fc7q82ftksrl601evwimf","to":{"groupId":"wlpqir5nfbjy7xk8wsgzfz8x"},"from":{"blockId":"cld0isrkb000e356j1c8b6gg2","groupId":"x7brecuzz85a0ollmq5g0tj8"}},{"id":"q5fzn6y4fnr6rfjm4xtqlmst","to":{"blockId":"clbk2wg820046356e2uh2e6na","groupId":"t5ebatsmh0y9gz574ga163iy"},"from":{"itemId":"cld0ixpej000g356jcw3l5h3f","blockId":"cld0ixpej000f356jyfki2s0o","groupId":"wlpqir5nfbjy7xk8wsgzfz8x"}},{"id":"s1sz4j0imlqb5cxqwj96afw2","to":{"groupId":"ygtvc25cjd25991qw5vs9meu"},"from":{"itemId":"clbk1kf47001r356ea80aoqy9","blockId":"clbk1kf47001q356e1gz8fghe","groupId":"lj739al40c7tevcc7qyvos1v"}},{"id":"nabab7m2o3iiybpbg55awrvk","to":{"groupId":"llbpnis5dkwdn0wjnbye1lmj"},"from":{"blockId":"clbk1ny5r001w356ea5t3f73u","groupId":"pg9cr9pgiwelx7ax4ksworph"}},{"id":"n6v8g6k5wncko8r03n4f3rm9","to":{"groupId":"pg9cr9pgiwelx7ax4ksworph"},"from":{"itemId":"xolxbg56eec9nv38i1lenrwg","blockId":"tj82edzl8zhnu59bpp7lcdfr","groupId":"x27p53mbo850fptgomsosa4j"}},{"id":"kk3c5osz87a1c4db6fr0c61x","to":{"groupId":"pg9cr9pgiwelx7ax4ksworph"},"from":{"itemId":"qogmc6luapiaa7qgefpfchl5","blockId":"tj82edzl8zhnu59bpp7lcdfr","groupId":"x27p53mbo850fptgomsosa4j"}},{"id":"plidy6kbpoktjlc3ft8qv3be","to":{"groupId":"gvcjtrwa5l2hjlzyodi0rms8"},"from":{"blockId":"clbk1oi1a001z356eamhoiu7i","groupId":"llbpnis5dkwdn0wjnbye1lmj"}},{"id":"a0g1gbxoz62t61kmnebtnh3z","to":{"groupId":"u4v6qj0ubb4u0mgn1o8wit1m"},"from":{"blockId":"cvat84mdvyo6ygcmgds3dnoe","groupId":"t18j12xxnrywp7qd7s294k9u"}},{"id":"xnwdu4x3ng5zyuyz7jyye1gk","to":{"groupId":"i92eud5aero91z2xvsfmp00s"},"from":{"itemId":"spplnjbpujvboixjzz1959kz","blockId":"tj82edzl8zhnu59bpp7lcdfr","groupId":"x27p53mbo850fptgomsosa4j"}},{"id":"v5ymr0hmpcwwn4m3xzs9p6b3","to":{"groupId":"x7brecuzz85a0ollmq5g0tj8"},"from":{"itemId":"y5044upt6aie4efdrwbzfqxo","blockId":"clbk2dtkw0034356eeab7zac8","groupId":"p8svs9prb1t4ghkn5lq4mx5w"}},{"id":"x3661wh6f7aggj9pmnci704u","to":{"groupId":"cbx18jf8e3c3lvz47f68omzw"},"from":{"blockId":"clbk1a0lq0016356exqh350bi","groupId":"ygtvc25cjd25991qw5vs9meu"}},{"id":"yjpjlx4ppi3vvqrdl1cgrh54","to":{"groupId":"zl0u37njq123btd9x5k8ull8"},"from":{"blockId":"o7eaaf4b8fa3xewzq6gxcuk7","groupId":"qnknb5x8s2ysnlbovq1mnzc2"}},{"id":"k1w480jfuyu9t4rx59hjtole","to":{"groupId":"y73zctdb6nio38nnqitmpi9s"},"from":{"blockId":"tzej8f3jo0xz1cb487n8btvq","groupId":"zl0u37njq123btd9x5k8ull8"}},{"id":"atv55bbsi4cymumk6z093dbc","to":{"groupId":"jeqkomivsl5znkhiy2wbzjni"},"from":{"itemId":"che497kq9zcgbszm3yo7rayr","blockId":"tzej8f3jo0xz1cb487n8btvq","groupId":"zl0u37njq123btd9x5k8ull8"}},{"id":"kcpi6ykr8rirr38hud8chl3h","to":{"groupId":"xet40s879x62fd3mnupoh3rj"},"from":{"itemId":"scwpcc13fw6pt3jepvhpsye0","blockId":"clbk1uqmg0027356erbti8sho","groupId":"ecl2xo2erkdtkp3nuncyypdi"}},{"id":"on9tpalr58f2tyjivicuej0p","to":{"groupId":"x7brecuzz85a0ollmq5g0tj8"},"from":{"itemId":"clbk2n4bs003p356ejha9uwsq","blockId":"clbk2dtkw0034356eeab7zac8","groupId":"p8svs9prb1t4ghkn5lq4mx5w"}},{"id":"vn5b1rrmnzpfc6bxntgeg90x","to":{"groupId":"x7brecuzz85a0ollmq5g0tj8"},"from":{"itemId":"clbk2nyiy003q356e5of63d5d","blockId":"clbk2dtkw0034356eeab7zac8","groupId":"p8svs9prb1t4ghkn5lq4mx5w"}},{"id":"d0fmt5veqe6kx6ov8mrre0wt","to":{"groupId":"awjp63xdnjczcaynauu0x79t"},"from":{"blockId":"clbk1b080001a356enbql6ydj","groupId":"cbx18jf8e3c3lvz47f68omzw"}},{"id":"aahx6yr86papqcg0b1tocdoi","to":{"groupId":"x27p53mbo850fptgomsosa4j"},"from":{"blockId":"od6imxd2r8f9bbyovs3k2wx9","groupId":"awjp63xdnjczcaynauu0x79t"}},{"id":"jqs0ourbuj5fi9u8q5jbuxs8","to":{"groupId":"qnknb5x8s2ysnlbovq1mnzc2"},"from":{"blockId":"kip38rkrtau2syq1sc4oglws","groupId":"t5ebatsmh0y9gz574ga163iy"}},{"id":"t03zn6bihswxvsmctb407skl","to":{"groupId":"pg9cr9pgiwelx7ax4ksworph"},"from":{"itemId":"vb6888u5bmayxmgwd12ip4kn","blockId":"tj82edzl8zhnu59bpp7lcdfr","groupId":"x27p53mbo850fptgomsosa4j"}},{"id":"ftbj9mynsd7qajf8zap0dhki","to":{"groupId":"xet40s879x62fd3mnupoh3rj"},"from":{"itemId":"clbk202fz002g356eqput25md","blockId":"clbk1uqmg0027356erbti8sho","groupId":"ecl2xo2erkdtkp3nuncyypdi"}},{"id":"lrqs2g8jexw11uvxudmgp8m1","to":{"groupId":"xet40s879x62fd3mnupoh3rj"},"from":{"itemId":"e1z31hw1w0xbctuvhuw6rhd6","blockId":"clbk1uqmg0027356erbti8sho","groupId":"ecl2xo2erkdtkp3nuncyypdi"}},{"id":"x5f0rqzwi4037rz5j2s2tbc2","to":{"groupId":"t18j12xxnrywp7qd7s294k9u"},"from":{"itemId":"cld0j7m2b000u356jg7b2wdcn","blockId":"cld0j7m2b000t356jmywlfwvd","groupId":"xveu3f95w1wnajnho4bcl8rj"}},{"id":"lrk2a6ew80qytb9xucy25no9","to":{"groupId":"w6f1sotj6h9xpkjg61tbxd15"},"from":{"blockId":"zmywvckby476yqgt0z0c864l","groupId":"i92eud5aero91z2xvsfmp00s"}}],"theme":{"chat":{"inputs":{"color":"#303235","backgroundColor":"#FFFFFF","placeholderColor":"#9095A0"},"buttons":{"color":"#0d0d0d","backgroundColor":"#03d0ce"},"roundness":"medium","hostAvatar":{"url":"https://s3.fr-par.scw.cloud/typebot/public/typebots/eh76k8eeci9wfgngp5qbzg0a/hostAvatar?v=1680306041541","isEnabled":true},"guestAvatar":{"isEnabled":false},"hostBubbles":{"color":"#303235","backgroundColor":"#F7F8FF"},"guestBubbles":{"color":"#FFFFFF","backgroundColor":"#FF8E21"}},"general":{"font":"Open Sans","background":{"type":"Color","content":"#131313"}}},"settings":{"general":{"isBrandingEnabled":true,"isInputPrefillEnabled":true,"isResultSavingEnabled":true,"isHideQueryParamsEnabled":true,"isNewResultOnRefreshEnabled":false},"metadata":{"description":"Build beautiful conversational forms and embed them directly in your applications without a line of code. Triple your response rate and collect answers that has more value compared to a traditional form."},"typingEmulation":{"speed":750,"enabled":true,"maxDelay":1.5}}}