{"version":"4","id":"tbwsevht3dcmf4jka47wwrs5","name":"leticia","groups":[{"id":"yhao14fxlkzykf41vlusf4lh","title":"Start","graphCoordinates":{"x":-586.8,"y":-728},"blocks":[{"id":"hzzhwjq3ponhegrvr1emzssz","groupId":"yhao14fxlkzykf41vlusf4lh","outgoingEdgeId":"y72fmd8ojv6rzlu7abvnu6fn","type":"start","label":"Start"}]},{"id":"w110e9cfkjl0l4r3eqx28472","title":"Group #1","graphCoordinates":{"x":366,"y":-370.2},"blocks":[{"id":"vs93ukef4m3d2uqi7zf6cmtu","groupId":"w110e9cfkjl0l4r3eqx28472","type":"Wait","options":{"secondsToWaitFor":"3"}},{"id":"v5f4yqrd5t97sbjslyhm7gul","groupId":"w110e9cfkjl0l4r3eqx28472","outgoingEdgeId":"tv3g0h9ccv80iriuqnj1ibuz","type":"text","content":{"richText":[{"type":"p","children":[{"text":"Oi amor, qual o seu nome?"}]}]}}]},{"id":"b1z5x5db42ccwpwd3zjqsjyp","title":"Group #2","graphCoordinates":{"x":719.2,"y":-194.4},"blocks":[{"id":"emm8cyoyxmjyc79b44qivtim","groupId":"b1z5x5db42ccwpwd3zjqsjyp","type":"Wait","options":{"secondsToWaitFor":"2"}},{"id":"z2t9jyazut0cci8ahe3h6gmu","groupId":"b1z5x5db42ccwpwd3zjqsjyp","outgoingEdgeId":"h2u54vfd3q2778acrondv7q3","type":"text input","options":{"labels":{"placeholder":"Nome","button":"Send"},"variableId":"vi100urtfqq0ghjjlcmjxmm2h","isLong":false}}]},{"id":"czq5dboqpvrfq6gmku2x2vqn","title":"Group #4 copy","graphCoordinates":{"x":2472.53,"y":558.66},"blocks":[{"id":"unsknt3ab9sngax38v9l5kav","groupId":"czq5dboqpvrfq6gmku2x2vqn","outgoingEdgeId":"wjd9ew8j1xqoyxcq0iiqkpev","type":"text","content":{"richText":[{"type":"p","children":[{"text":"Eu já sei pra que veio, então nem vou ficar de enrolação com você... 😈"}]}]}}]},{"id":"tdo3w6hj8nlqttd4tevokhsk","title":"Group #5","graphCoordinates":{"x":1778.65,"y":268.58},"blocks":[{"id":"ub4db9pgb9ascn8aed9b8zu9","groupId":"tdo3w6hj8nlqttd4tevokhsk","outgoingEdgeId":"assytqnnk1gvzpt1rfmyn56u","type":"text","content":{"richText":[{"type":"p","children":[{"text":"Muito prazer...😊"}]}]}}]},{"id":"ln7iycqz6wq4dr3wmlzcy3dv","title":"Group #7","graphCoordinates":{"x":3587.42,"y":1475.99},"blocks":[{"id":"i74fipz19lj77kgijbs3ziu1","groupId":"ln7iycqz6wq4dr3wmlzcy3dv","outgoingEdgeId":"hcy04khyn5w15vpkwvik0l4u","type":"text","content":{"richText":[{"type":"p","children":[{"text":"Gostou amor?\n"}]}]}}]},{"id":"xisup1gv2v9vl5wy2i5spl47","title":"Group #7","graphCoordinates":{"x":3920.46,"y":1694.65},"blocks":[{"id":"lodd8ijykkr2ausq12wfbqw3","groupId":"xisup1gv2v9vl5wy2i5spl47","type":"choice input","items":[{"id":"b35oa03kfv823gzamlbdy5iv","blockId":"lodd8ijykkr2ausq12wfbqw3","outgoingEdgeId":"ge88f8g1s3fablcvzlv8nack","type":0,"content":"Amei"},{"id":"thka1zat979drs6c4fl5nc1t","blockId":"lodd8ijykkr2ausq12wfbqw3","outgoingEdgeId":"jcrve98w2rjtyb358rx6isof","type":0,"content":"Quero mais"}],"options":{"isMultipleChoice":false,"buttonLabel":"Send","isSearchable":false,"searchInputPlaceholder":"Filter the options..."}}]},{"id":"jyrahspw7y1ao8st6bz0kz10","title":"Group #8","graphCoordinates":{"x":4304.46,"y":2054.06},"blocks":[{"id":"ijam3e765wzyoo0tlu1wpdq6","groupId":"jyrahspw7y1ao8st6bz0kz10","outgoingEdgeId":"sgaaciq58ku5skndef115nhz","type":"image","content":{"url":"https://s3.fr-par.scw.cloud/typebot/public/typebots/clkulo3a40030mj0ff1acwusp/blocks/ijam3e765wzyoo0tlu1wpdq6?v=1691056859093"}}]},{"id":"cq8e6qg611dpe4b9gid6gjkp","title":"Group #9","graphCoordinates":{"x":4916.91,"y":2827.39},"blocks":[{"id":"pb4zf9ozdblqjf5kfdzmtknx","groupId":"cq8e6qg611dpe4b9gid6gjkp","outgoingEdgeId":"hdunz2xz3es1svr128q0w21u","type":"text","content":{"richText":[{"type":"p","children":[{"text":"Diz que ficou de pau duro? 😋 \n"}]}]}}]},{"id":"ps8ue8jruek9rww4stevm04a","title":"Group #10","graphCoordinates":{"x":5333.2,"y":3011.98},"blocks":[{"id":"h8mwnf6pufiqoxy9q2s2kw13","groupId":"ps8ue8jruek9rww4stevm04a","type":"choice input","items":[{"id":"ozz30cfsisjzvixcu4bene1a","blockId":"h8mwnf6pufiqoxy9q2s2kw13","outgoingEdgeId":"dblw06gt0ubf52mdc4vytxo8","type":0,"content":"Fiquei"},{"id":"gabp61x1nnekussgnp2aboz0","blockId":"h8mwnf6pufiqoxy9q2s2kw13","outgoingEdgeId":"st48sg94ni6j19og0cor3dhg","type":0,"content":"to quase"},{"id":"bwfq5ntko3bqsbxmsztmn0vy","blockId":"h8mwnf6pufiqoxy9q2s2kw13","outgoingEdgeId":"vjfgwsormhz53nvmv704ys8a","type":0,"content":"Ainda Não"}],"options":{"isMultipleChoice":false,"buttonLabel":"Send","isSearchable":false,"searchInputPlaceholder":"Filter the options..."}}]},{"id":"f88icyes8broguztl7o6lacc","title":"Group #12","graphCoordinates":{"x":6198.98,"y":3730.2},"blocks":[{"id":"sdchv3k4buts1rde962paiwd","groupId":"f88icyes8broguztl7o6lacc","outgoingEdgeId":"xsa5j30a4s1l87f1tpj5gt42","type":"text","content":{"richText":[{"type":"p","children":[{"text":"Quer ver uma fotinha da minha bucetinha?"}]}]}}]},{"id":"qtue9e66d6tq3k3lcckbbec1","title":"Group #13","graphCoordinates":{"x":1483.15,"y":83.2},"blocks":[{"id":"pj6noeh5uk7shqdbwweq83v4","groupId":"qtue9e66d6tq3k3lcckbbec1","outgoingEdgeId":"zdafcdyakgp656igh9kx5pwu","type":"audio","content":{"url":"https://s3.fr-par.scw.cloud/typebot/public/typebots/clkulo3a40030mj0ff1acwusp/blocks/pj6noeh5uk7shqdbwweq83v4?v=1691042347810"}}]},{"id":"d975zwwc1xzfovpjc82igb3z","title":"Group #14","graphCoordinates":{"x":2819.17,"y":748.26},"blocks":[{"id":"cs5pwytxv6v9yead7g5g57lx","groupId":"d975zwwc1xzfovpjc82igb3z","outgoingEdgeId":"b4g335u1kgs1xwyeaesw9h77","type":"Wait","options":{"secondsToWaitFor":"5"}}]},{"id":"bb4r43dcxh6ui1w1dtv5ri9y","title":"Group #14 copy","graphCoordinates":{"x":2123.17,"y":391.97},"blocks":[{"id":"jrsoxuapuvdhqcn4i2g2j1no","groupId":"bb4r43dcxh6ui1w1dtv5ri9y","outgoingEdgeId":"m9ojhq84apapvw1attj1tppf","type":"Wait","options":{"secondsToWaitFor":"5"}}]},{"id":"fd4sj5l5ghow89xq238hnbek","title":"Group #15","graphCoordinates":{"x":5873.09,"y":3419.37},"blocks":[{"id":"zww17aiaqkdz4z5da1z3wqhw","groupId":"fd4sj5l5ghow89xq238hnbek","outgoingEdgeId":"wh4thw2k4wn87mp3p92gosol","type":"Wait","options":{"secondsToWaitFor":"5"}}]},{"id":"zqaqxx66p1l9ql3gpf4r4vxo","title":"Group #16","graphCoordinates":{"x":4611.46,"y":2533.45},"blocks":[{"id":"fzl9bx3zp0ueh9as1w8nr3pr","groupId":"zqaqxx66p1l9ql3gpf4r4vxo","outgoingEdgeId":"qd6gpg6kmqjkhtb4g5p0tf7b","type":"Wait","options":{"secondsToWaitFor":"2"}}]},{"id":"gwtruljg8x9s5hfbq3ze822s","title":"Group #17","graphCoordinates":{"x":1061.53,"y":66.48},"blocks":[{"id":"u3vfvca46jnt121648n18o83","groupId":"gwtruljg8x9s5hfbq3ze822s","outgoingEdgeId":"eihd408lpn9nwnnolryx0g39","type":"Wait","options":{"secondsToWaitFor":"4"}}]},{"id":"pb8iarvil4iyki5iiq27snbk","title":"Group #21","graphCoordinates":{"x":7057.4,"y":4261.2},"blocks":[{"id":"b0gglest659ntqdace8z4yxt","groupId":"pb8iarvil4iyki5iiq27snbk","type":"image","content":{"url":"https://s3.fr-par.scw.cloud/typebot/public/typebots/clkulo3a40030mj0ff1acwusp/blocks/b0gglest659ntqdace8z4yxt?v=1691057117892"}},{"id":"knpk536kz06ehrlaypi63be6","groupId":"pb8iarvil4iyki5iiq27snbk","type":"Wait","options":{"secondsToWaitFor":"4"}},{"id":"ab27btlc8emlwmvb105jlfzj","groupId":"pb8iarvil4iyki5iiq27snbk","type":"text","content":{"richText":[{"type":"p","children":[{"text":"Ops! rsrsrs 🤭🤭\n"}]}]}},{"id":"so9283285jliprj8naagh5rh","groupId":"pb8iarvil4iyki5iiq27snbk","type":"text","content":{"richText":[{"type":"p","children":[{"text":"Vamos com calma amor\n"}]}]}},{"id":"q03pscf4mn9c40drl2smus5j","groupId":"pb8iarvil4iyki5iiq27snbk","type":"Wait","options":{"secondsToWaitFor":"4"}},{"id":"xdma1bfhtzjd92ct7m1wv305","groupId":"pb8iarvil4iyki5iiq27snbk","type":"text","content":{"richText":[{"type":"p","children":[{"text":"Não posso te mostrar tudo por aqui 🥺\n"}]}]}},{"id":"u81f2s06mbb8fu9f6jz7h54i","groupId":"pb8iarvil4iyki5iiq27snbk","type":"image","content":{"url":"https://i.postimg.cc/SsrvrCk4/yw9xmq77ow96kamgca0ya59w.png"}},{"id":"r5s9nouvfpecq49yet8a8rg1","groupId":"pb8iarvil4iyki5iiq27snbk","type":"text","content":{"richText":[{"type":"p","children":[{"text":"Você Quer ver todos os meus videos e fotos bem gostosos?\n"}]}]}},{"id":"wskwh7ziirv4501wmb9ue0lb","groupId":"pb8iarvil4iyki5iiq27snbk","outgoingEdgeId":"v2j550kq6577xtqj72lbkcw3","type":"text","content":{"richText":[{"type":"p","children":[{"text":"Ou até mesmo uma video chamada? rs"}]}]}}]},{"id":"yi6dezenf5zqhd6h2ehv6bld","title":"Group #20","graphCoordinates":{"x":7528.8,"y":5511.2},"blocks":[{"id":"fj630lm0pb50s13rfr4aq595","groupId":"yi6dezenf5zqhd6h2ehv6bld","type":"choice input","items":[{"id":"xhsq98jw2kq6e0obuhgiiejg","blockId":"fj630lm0pb50s13rfr4aq595","outgoingEdgeId":"ncrt27p0y5trpeqss06vyhef","type":0,"content":"Quero 🔥"}],"options":{"isMultipleChoice":false,"buttonLabel":"Send","isSearchable":false,"searchInputPlaceholder":"Filter the options..."}}]},{"id":"j7m9maqv461zythkfggcl54o","title":"Group #22","graphCoordinates":{"x":3112.6,"y":1040.6},"blocks":[{"id":"yrk8sa59h2ghynje7l0q7gv1","groupId":"j7m9maqv461zythkfggcl54o","outgoingEdgeId":"optkzkgss8iz3b3avmixy113","type":"image","content":{"url":"https://s3.fr-par.scw.cloud/typebot/public/typebots/clkulo3a40030mj0ff1acwusp/blocks/yrk8sa59h2ghynje7l0q7gv1?v=1691056874532"}}]},{"id":"xii5ol8bo9fko5a9trhjbozp","title":"Group #21","graphCoordinates":{"x":7954.34,"y":5846.53},"blocks":[{"id":"px6i4dyqcn61jusymz42j1st","groupId":"xii5ol8bo9fko5a9trhjbozp","type":"text","content":{"richText":[{"type":"p","children":[{"text":"Que tal adquirir um dos meus pacotes fechados? é parecido com OnlyFans só que e bem mais baratinho"}]}]}},{"id":"nk3ev7ap4n1w3jswx66uztsd","groupId":"xii5ol8bo9fko5a9trhjbozp","type":"audio","content":{"url":"https://s3.fr-par.scw.cloud/typebot/public/typebots/mh3dr894xnaavnwyvkp982t2/blocks/nk3ev7ap4n1w3jswx66uztsd?v=1691058310193"}},{"id":"ysaqh0pqw3xauf8rqv5iwmqm","groupId":"xii5ol8bo9fko5a9trhjbozp","type":"Wait","options":{"secondsToWaitFor":"12"}},{"id":"hyw90n766l93408om6znzb5g","groupId":"xii5ol8bo9fko5a9trhjbozp","type":"text","content":{"richText":[{"type":"p","children":[{"text":"\nAssim você me ajuda a pagar minha faculdade e eu te ajudo a relaxar bem gostoso rsrs "}]}]}},{"id":"x65r9lmtwgd1t3kj45d4g0qd","groupId":"xii5ol8bo9fko5a9trhjbozp","outgoingEdgeId":"bl14hv4slhmr9b5qb9lbkzl3","type":"text","content":{"richText":[{"type":"p","children":[{"text":"Se você clicar em SIM! Eu te envio outra surpresa! 🤭🎬"}]}]}}]},{"id":"fdypq5ltl0b1f4r271f5ew7a","title":"Group #23","graphCoordinates":{"x":8368.89,"y":6464.33},"blocks":[{"id":"wiwhnfm97tft4iusppen9hv3","groupId":"fdypq5ltl0b1f4r271f5ew7a","type":"choice input","items":[{"id":"mr88msg1sr9aagg5j5y67pel","blockId":"wiwhnfm97tft4iusppen9hv3","outgoingEdgeId":"qk6uwalcoaq3mbl4c8jck1fp","type":0,"content":"Sim"}],"options":{"isMultipleChoice":false,"buttonLabel":"Send","isSearchable":false,"searchInputPlaceholder":"Filter the options..."}}]},{"id":"dbk2tlisal4ne4a18z5sio3i","title":"Group #24","graphCoordinates":{"x":8688.88,"y":6726.54},"blocks":[{"id":"fl1zhmwc4lwlz2vhglza69rl","groupId":"dbk2tlisal4ne4a18z5sio3i","type":"text","content":{"richText":[{"type":"p","children":[{"text":"Amor, vou te mandar meus pacotes 👇"}]}]}},{"id":"kzfx7e5owtigf7jyy1batk5y","groupId":"dbk2tlisal4ne4a18z5sio3i","type":"text","content":{"richText":[{"type":"p","children":[{"bold":true,"text":"Pack Solo"}]},{"type":"p","children":[{"bold":true,"text":"🌶️ 10 Fotos safadinhas"}]},{"type":"p","children":[{"bold":true,"text":"🌶️ 03 Videos deliciosos"}]},{"type":"p","children":[{"bold":true,"text":"🌶️1 Conto erotico"}]},{"type":"p","children":[{"bold":true,"text":" Apenas R$ 9,00"}]}]}},{"id":"w18uumqd2id2wuojih5kgaiy","groupId":"dbk2tlisal4ne4a18z5sio3i","type":"text","content":{"richText":[{"type":"p","children":[{"bold":true,"text":" Pack Ouro"}]},{"type":"p","children":[{"bold":true,"text":"🌶️ 25 Fotos safadinhas"}]},{"type":"p","children":[{"bold":true,"text":"🌶️ 8 Videos deliciosos"}]},{"type":"p","children":[{"bold":true,"text":"🌶️1 Conto erotico"}]},{"type":"p","children":[{"bold":true,"text":"🌶️ Close Friends no Insta"}]},{"type":"p","children":[{"bold":true,"text":"Apenas R$ 29,00"}]},{"type":"p","children":[{"bold":true,"text":""}]}]}},{"id":"aryhd3wez75aemo48ggksqzm","groupId":"dbk2tlisal4ne4a18z5sio3i","outgoingEdgeId":"xm50ylcg9bn4brkizhkkz4bj","type":"text","content":{"richText":[{"type":"p","children":[{"text":"Não perde mais tempo e vem gozar juntinho cmg... Qual você mais gostou amor? 😋"}]}]}}]},{"id":"devs3cwu7t3c4u18ejob4bck","title":"Group #24","graphCoordinates":{"x":9260.11,"y":7482.09},"blocks":[{"id":"vf54k4tivfnpp959hvzzgx7w","groupId":"devs3cwu7t3c4u18ejob4bck","type":"choice input","items":[{"id":"tt80wpki2itefhys6rqw2hhh","blockId":"vf54k4tivfnpp959hvzzgx7w","outgoingEdgeId":"xe1keroqu2pk8osum0cu0nyj","type":0,"content":"Pacote Solo"},{"id":"n5ba9hfp0sbvqo0iv3e8z8xr","blockId":"vf54k4tivfnpp959hvzzgx7w","outgoingEdgeId":"o509j2a5pejnmp9odsnjyxuh","type":0,"content":"Pacote Ouro"}],"options":{"isMultipleChoice":false,"buttonLabel":"Send","isSearchable":false,"searchInputPlaceholder":"Filter the options..."}}]},{"id":"qm868y8n5iwykmktfh0rf6vk","title":"Group #26","graphCoordinates":{"x":9833.67,"y":7712.32},"blocks":[{"id":"pec1oiq3w2uqxumanam03gb2","groupId":"qm868y8n5iwykmktfh0rf6vk","type":"text","content":{"richText":[{"type":"p","children":[{"text":"aaah, e não precisa se preocupar! "}]}]}},{"id":"eyzrv89kk8b9m8bhjlkeemc3","groupId":"qm868y8n5iwykmktfh0rf6vk","type":"text","content":{"richText":[{"type":"p","children":[{"text":"No comprovante do pix ou cartão fica escrito \"Suco Detóx\""}]}]}},{"id":"y9uxzh0i1x62b2hjhzwyq6dm","groupId":"qm868y8n5iwykmktfh0rf6vk","type":"text","content":{"richText":[{"type":"p","children":[{"text":"Pra ser mais seguro e discreto 😊"}]}]}},{"id":"jar6vsg6vuureaaddxsml6kp","groupId":"qm868y8n5iwykmktfh0rf6vk","outgoingEdgeId":"ewsro4ibmcn41av0q522figo","type":"text","content":{"richText":[{"type":"p","children":[{"text":"o acesso chega pra você no mesmo segundo por e-mail!"}]}]}}]},{"id":"z6d7mmsz5w9qfbcz8cugfvuy","title":"Group #26 copy","graphCoordinates":{"x":9359,"y":7916.32},"blocks":[{"id":"bthqmdjca0xeg9awc6mplxhk","groupId":"z6d7mmsz5w9qfbcz8cugfvuy","type":"text","content":{"richText":[{"type":"p","children":[{"text":"aaah, e não precisa se preocupar! "}]}]}},{"id":"qzau5t87jf2s7xgwbi3zuytt","groupId":"z6d7mmsz5w9qfbcz8cugfvuy","type":"text","content":{"richText":[{"type":"p","children":[{"text":"No comprovante do pix ou cartão fica escrito \"Suco Detóx\""}]}]}},{"id":"cqxan3jz1xaf17vym91nr7jj","groupId":"z6d7mmsz5w9qfbcz8cugfvuy","type":"text","content":{"richText":[{"type":"p","children":[{"text":"Pra ser mais seguro e discreto 😊"}]}]}},{"id":"ax5xhe4g6q4w64skkeji8tb6","groupId":"z6d7mmsz5w9qfbcz8cugfvuy","outgoingEdgeId":"rplsvo7ijnqc9uxfsrxu3vv1","type":"text","content":{"richText":[{"type":"p","children":[{"text":"o acesso chega pra você no mesmo segundo por e-mail!"}]}]}}]},{"id":"z5lwuhhcw3v1i1ui069szulj","title":"Group #26","graphCoordinates":{"x":10086.55,"y":8313.2},"blocks":[{"id":"ie4tmlfvta4nr9mquk53o50i","groupId":"z5lwuhhcw3v1i1ui069szulj","type":"choice input","items":[{"id":"r0905wji5egwg7dmskb8u1mb","blockId":"ie4tmlfvta4nr9mquk53o50i","outgoingEdgeId":"rjcqax59z2f9uveodc7hriof","type":0,"content":"Acessar"}],"options":{"isMultipleChoice":false,"buttonLabel":"Send","isSearchable":false,"searchInputPlaceholder":"Filter the options..."}}]},{"id":"ayaiyl0bk9oadkdsvc89qopm","title":"Group #26 copy","graphCoordinates":{"x":9607.44,"y":8516.31},"blocks":[{"id":"bbx91vbfux3eax7rkw4d2w0o","groupId":"ayaiyl0bk9oadkdsvc89qopm","type":"choice input","items":[{"id":"nmbtewvshw1ykt4a60h4yytx","blockId":"bbx91vbfux3eax7rkw4d2w0o","outgoingEdgeId":"uolwsctqa0timin09ig07cm9","type":0,"content":"Acessar"}],"options":{"isMultipleChoice":false,"buttonLabel":"Send","isSearchable":false,"searchInputPlaceholder":"Filter the options..."}}]},{"id":"x94t4pfv9f4mt4qm0is8eoc1","title":"9 reais","graphCoordinates":{"x":10538.33,"y":8656.76},"blocks":[{"id":"j8ya7oyxhutitt16fqyaj4ok","groupId":"x94t4pfv9f4mt4qm0is8eoc1","type":"Redirect","options":{"url":"https://pepper.com.br/checkout/index.html?p=62000&o=67213{{acessou checkout}}{{acessou checkout}}","isNewTab":true}}]},{"id":"sspcelfa451qz8xdzrkoiy7u","title":"Group #30","graphCoordinates":{"x":9940.33,"y":8856.09},"blocks":[{"id":"emliccz5wxbgc3qeoed3yohv","groupId":"sspcelfa451qz8xdzrkoiy7u","type":"Redirect","options":{"url":"https://pepper.com.br/checkout/index.html?p=62205&o=67452","isNewTab":false}}]},{"id":"q2jw1jy8ocgy5m5qy22jdk1m","title":"Group #30","graphCoordinates":{"x":6608.6,"y":3989.6},"blocks":[{"id":"tteatd2adpxglf6kcs1rumzp","groupId":"q2jw1jy8ocgy5m5qy22jdk1m","type":"choice input","items":[{"id":"bi0gmih15m2iovo6kagoi1jj","blockId":"tteatd2adpxglf6kcs1rumzp","outgoingEdgeId":"nswbc1yg0q15y7krh34jcbeg","type":0,"content":"Sim"}],"options":{"isMultipleChoice":false,"buttonLabel":"Send","isSearchable":false,"searchInputPlaceholder":"Filter the options..."}}]},{"id":"micr23c3cjqpn272cujp8s0w","title":"Group #31","graphCoordinates":{"x":-112.4,"y":-535.4},"blocks":[{"id":"bn35r5mrbwn83hcvs3aotmme","groupId":"micr23c3cjqpn272cujp8s0w","outgoingEdgeId":"ambts7fsioxtqgdn55ycq1y2","type":"text","content":{"richText":[{"type":"p","children":[{"text":"leticia está online..."}]}]}}]}],"edges":[{"id":"tv3g0h9ccv80iriuqnj1ibuz","from":{"groupId":"w110e9cfkjl0l4r3eqx28472","blockId":"v5f4yqrd5t97sbjslyhm7gul"},"to":{"groupId":"b1z5x5db42ccwpwd3zjqsjyp","blockId":"z2t9jyazut0cci8ahe3h6gmu"}},{"id":"optkzkgss8iz3b3avmixy113","from":{"groupId":"j7m9maqv461zythkfggcl54o","blockId":"yrk8sa59h2ghynje7l0q7gv1"},"to":{"groupId":"ln7iycqz6wq4dr3wmlzcy3dv"}},{"id":"hcy04khyn5w15vpkwvik0l4u","from":{"groupId":"ln7iycqz6wq4dr3wmlzcy3dv","blockId":"i74fipz19lj77kgijbs3ziu1"},"to":{"groupId":"xisup1gv2v9vl5wy2i5spl47","blockId":"lodd8ijykkr2ausq12wfbqw3"}},{"id":"jcrve98w2rjtyb358rx6isof","from":{"groupId":"xisup1gv2v9vl5wy2i5spl47","blockId":"lodd8ijykkr2ausq12wfbqw3","itemId":"thka1zat979drs6c4fl5nc1t"},"to":{"groupId":"jyrahspw7y1ao8st6bz0kz10"}},{"id":"ge88f8g1s3fablcvzlv8nack","from":{"groupId":"xisup1gv2v9vl5wy2i5spl47","blockId":"lodd8ijykkr2ausq12wfbqw3","itemId":"b35oa03kfv823gzamlbdy5iv"},"to":{"groupId":"jyrahspw7y1ao8st6bz0kz10"}},{"id":"hdunz2xz3es1svr128q0w21u","from":{"groupId":"cq8e6qg611dpe4b9gid6gjkp","blockId":"pb4zf9ozdblqjf5kfdzmtknx"},"to":{"groupId":"ps8ue8jruek9rww4stevm04a"}},{"id":"zdafcdyakgp656igh9kx5pwu","from":{"groupId":"qtue9e66d6tq3k3lcckbbec1","blockId":"pj6noeh5uk7shqdbwweq83v4"},"to":{"groupId":"tdo3w6hj8nlqttd4tevokhsk"}},{"id":"vjfgwsormhz53nvmv704ys8a","from":{"groupId":"ps8ue8jruek9rww4stevm04a","blockId":"h8mwnf6pufiqoxy9q2s2kw13","itemId":"bwfq5ntko3bqsbxmsztmn0vy"},"to":{"groupId":"fd4sj5l5ghow89xq238hnbek"}},{"id":"st48sg94ni6j19og0cor3dhg","from":{"groupId":"ps8ue8jruek9rww4stevm04a","blockId":"h8mwnf6pufiqoxy9q2s2kw13","itemId":"gabp61x1nnekussgnp2aboz0"},"to":{"groupId":"fd4sj5l5ghow89xq238hnbek"}},{"id":"dblw06gt0ubf52mdc4vytxo8","from":{"groupId":"ps8ue8jruek9rww4stevm04a","blockId":"h8mwnf6pufiqoxy9q2s2kw13","itemId":"ozz30cfsisjzvixcu4bene1a"},"to":{"groupId":"fd4sj5l5ghow89xq238hnbek"}},{"id":"wh4thw2k4wn87mp3p92gosol","from":{"groupId":"fd4sj5l5ghow89xq238hnbek","blockId":"zww17aiaqkdz4z5da1z3wqhw"},"to":{"groupId":"f88icyes8broguztl7o6lacc","blockId":"sdchv3k4buts1rde962paiwd"}},{"id":"sgaaciq58ku5skndef115nhz","from":{"groupId":"jyrahspw7y1ao8st6bz0kz10","blockId":"ijam3e765wzyoo0tlu1wpdq6"},"to":{"groupId":"zqaqxx66p1l9ql3gpf4r4vxo"}},{"id":"qd6gpg6kmqjkhtb4g5p0tf7b","from":{"groupId":"zqaqxx66p1l9ql3gpf4r4vxo","blockId":"fzl9bx3zp0ueh9as1w8nr3pr"},"to":{"groupId":"cq8e6qg611dpe4b9gid6gjkp","blockId":"pb4zf9ozdblqjf5kfdzmtknx"}},{"id":"wjd9ew8j1xqoyxcq0iiqkpev","from":{"groupId":"czq5dboqpvrfq6gmku2x2vqn","blockId":"unsknt3ab9sngax38v9l5kav"},"to":{"groupId":"d975zwwc1xzfovpjc82igb3z"}},{"id":"eihd408lpn9nwnnolryx0g39","from":{"groupId":"gwtruljg8x9s5hfbq3ze822s","blockId":"u3vfvca46jnt121648n18o83"},"to":{"groupId":"qtue9e66d6tq3k3lcckbbec1"}},{"id":"assytqnnk1gvzpt1rfmyn56u","from":{"groupId":"tdo3w6hj8nlqttd4tevokhsk","blockId":"ub4db9pgb9ascn8aed9b8zu9"},"to":{"groupId":"bb4r43dcxh6ui1w1dtv5ri9y","blockId":"jrsoxuapuvdhqcn4i2g2j1no"}},{"id":"m9ojhq84apapvw1attj1tppf","from":{"groupId":"bb4r43dcxh6ui1w1dtv5ri9y","blockId":"jrsoxuapuvdhqcn4i2g2j1no"},"to":{"groupId":"czq5dboqpvrfq6gmku2x2vqn"}},{"id":"h2u54vfd3q2778acrondv7q3","from":{"groupId":"b1z5x5db42ccwpwd3zjqsjyp","blockId":"z2t9jyazut0cci8ahe3h6gmu"},"to":{"groupId":"gwtruljg8x9s5hfbq3ze822s"}},{"id":"v2j550kq6577xtqj72lbkcw3","from":{"groupId":"pb8iarvil4iyki5iiq27snbk","blockId":"wskwh7ziirv4501wmb9ue0lb"},"to":{"groupId":"yi6dezenf5zqhd6h2ehv6bld"}},{"id":"b4g335u1kgs1xwyeaesw9h77","from":{"groupId":"d975zwwc1xzfovpjc82igb3z","blockId":"cs5pwytxv6v9yead7g5g57lx"},"to":{"groupId":"j7m9maqv461zythkfggcl54o"}},{"id":"ncrt27p0y5trpeqss06vyhef","from":{"groupId":"yi6dezenf5zqhd6h2ehv6bld","blockId":"fj630lm0pb50s13rfr4aq595","itemId":"xhsq98jw2kq6e0obuhgiiejg"},"to":{"groupId":"xii5ol8bo9fko5a9trhjbozp"}},{"id":"bl14hv4slhmr9b5qb9lbkzl3","from":{"groupId":"xii5ol8bo9fko5a9trhjbozp","blockId":"x65r9lmtwgd1t3kj45d4g0qd"},"to":{"groupId":"fdypq5ltl0b1f4r271f5ew7a","blockId":"wiwhnfm97tft4iusppen9hv3"}},{"id":"qk6uwalcoaq3mbl4c8jck1fp","from":{"groupId":"fdypq5ltl0b1f4r271f5ew7a","blockId":"wiwhnfm97tft4iusppen9hv3","itemId":"mr88msg1sr9aagg5j5y67pel"},"to":{"groupId":"dbk2tlisal4ne4a18z5sio3i"}},{"id":"xm50ylcg9bn4brkizhkkz4bj","from":{"groupId":"dbk2tlisal4ne4a18z5sio3i","blockId":"aryhd3wez75aemo48ggksqzm"},"to":{"groupId":"devs3cwu7t3c4u18ejob4bck"}},{"id":"xe1keroqu2pk8osum0cu0nyj","from":{"groupId":"devs3cwu7t3c4u18ejob4bck","blockId":"vf54k4tivfnpp959hvzzgx7w","itemId":"tt80wpki2itefhys6rqw2hhh"},"to":{"groupId":"qm868y8n5iwykmktfh0rf6vk"}},{"id":"ewsro4ibmcn41av0q522figo","from":{"groupId":"qm868y8n5iwykmktfh0rf6vk","blockId":"jar6vsg6vuureaaddxsml6kp"},"to":{"groupId":"z5lwuhhcw3v1i1ui069szulj"}},{"id":"rjcqax59z2f9uveodc7hriof","from":{"groupId":"z5lwuhhcw3v1i1ui069szulj","blockId":"ie4tmlfvta4nr9mquk53o50i","itemId":"r0905wji5egwg7dmskb8u1mb"},"to":{"groupId":"x94t4pfv9f4mt4qm0is8eoc1"}},{"id":"o509j2a5pejnmp9odsnjyxuh","from":{"groupId":"devs3cwu7t3c4u18ejob4bck","blockId":"vf54k4tivfnpp959hvzzgx7w","itemId":"n5ba9hfp0sbvqo0iv3e8z8xr"},"to":{"groupId":"z6d7mmsz5w9qfbcz8cugfvuy"}},{"id":"rplsvo7ijnqc9uxfsrxu3vv1","from":{"groupId":"z6d7mmsz5w9qfbcz8cugfvuy","blockId":"ax5xhe4g6q4w64skkeji8tb6"},"to":{"groupId":"ayaiyl0bk9oadkdsvc89qopm"}},{"id":"uolwsctqa0timin09ig07cm9","from":{"groupId":"ayaiyl0bk9oadkdsvc89qopm","blockId":"bbx91vbfux3eax7rkw4d2w0o","itemId":"nmbtewvshw1ykt4a60h4yytx"},"to":{"groupId":"sspcelfa451qz8xdzrkoiy7u"}},{"id":"xsa5j30a4s1l87f1tpj5gt42","from":{"groupId":"f88icyes8broguztl7o6lacc","blockId":"sdchv3k4buts1rde962paiwd"},"to":{"groupId":"q2jw1jy8ocgy5m5qy22jdk1m","blockId":"tteatd2adpxglf6kcs1rumzp"}},{"id":"nswbc1yg0q15y7krh34jcbeg","from":{"groupId":"q2jw1jy8ocgy5m5qy22jdk1m","blockId":"tteatd2adpxglf6kcs1rumzp","itemId":"bi0gmih15m2iovo6kagoi1jj"},"to":{"groupId":"pb8iarvil4iyki5iiq27snbk"}},{"id":"ambts7fsioxtqgdn55ycq1y2","from":{"groupId":"micr23c3cjqpn272cujp8s0w","blockId":"bn35r5mrbwn83hcvs3aotmme"},"to":{"groupId":"w110e9cfkjl0l4r3eqx28472"}},{"id":"y72fmd8ojv6rzlu7abvnu6fn","from":{"groupId":"yhao14fxlkzykf41vlusf4lh","blockId":"hzzhwjq3ponhegrvr1emzssz"},"to":{"groupId":"micr23c3cjqpn272cujp8s0w"}}],"variables":[{"id":"vi100urtfqq0ghjjlcmjxmm2h","name":"Nome"},{"id":"vyvbxdv9nd1z9ps63lh9kv3g9","name":"Fundo de Funil"},{"id":"vc9u54cwyz1hjv5lx5altr1ey","name":"acessou checkout"}],"theme":{"general":{"font":"Inter","background":{"type":"Image","content":"https://s3.fr-par.scw.cloud/typebot/public/typebots/clkulo3a40030mj0ff1acwusp/background?v=1691054743664"}},"chat":{"hostAvatar":{"isEnabled":true,"url":"https://s3.fr-par.scw.cloud/typebot/public/typebots/clkulo3a40030mj0ff1acwusp/hostAvatar?v=1691053292412"},"guestAvatar":{"isEnabled":false},"hostBubbles":{"backgroundColor":"#F7F8FF","color":"#303235"},"guestBubbles":{"backgroundColor":"#F7F8FF","color":"#303235"},"buttons":{"backgroundColor":"#0d9488","color":"#FFFFFF"},"inputs":{"backgroundColor":"#FFFFFF","color":"#303235","placeholderColor":"#9095A0"}},"customCss":"body {\n    margin: 0;\n    overflow: hidden;\n    font-family: -apple-system,BlinkMacSystemFont,Segoe UI,Roboto,Helvetica,Arial,sans-serif,Apple"},"selectedThemeTemplateId":null,"settings":{"general":{"isBrandingEnabled":true,"isInputPrefillEnabled":true,"isHideQueryParamsEnabled":true,"rememberUser":{"isEnabled":true}},"typingEmulation":{"enabled":true,"speed":300,"maxDelay":2},"metadata":{"title":"Whatsapp Web","description":"Whatsapp Web com Leticia","imageUrl":"https://s3.fr-par.scw.cloud/typebot/public/typebots/clkulo3a40030mj0ff1acwusp/ogImage?v=1691054384983","favIconUrl":"https://s3.fr-par.scw.cloud/typebot/public/typebots/clkulo3a40030mj0ff1acwusp/favIcon?v=1691054369792","customHeadCode":"<!-- Meta Pixel Code -->\n<script>\n!function(f,b,e,v,n,t,s)\n{if(f.fbq)return;n=f.fbq=function(){n.callMethod?\nn.callMethod.apply(n,arguments):n.queue.push(arguments)};\nif(!f._fbq)f._fbq=n;n.push=n;n.loaded=!0;n.version='2.0';\nn.queue=[];t=b.createElement(e);t.async=!0;\nt.src=v;s=b.getElementsByTagName(e)[0];\ns.parentNode.insertBefore(t,s)}(window, document,'script',\n'https://connect.facebook.net/en_US/fbevents.js');\nfbq('init', '1110254806600779');\nfbq('track', 'PageView');\n</script>\n<noscript><img height=\"1\" width=\"1\" style=\"display:none\"\nsrc=\"https://www.facebook.com/tr?id=1110254806600779&ev=PageView&noscript=1\"\n/></noscript>\n<!-- End Meta Pixel Code -->"}},"createdAt":"2023-08-06T02:21:36.397Z","updatedAt":"2023-08-06T02:22:40.490Z","icon":null,"folderId":null,"publicId":"undefined-copy-47wwrs5","customDomain":null,"workspaceId":"clkst4ff0006emh0gj36h5mig","resultsTablePreferences":null,"isArchived":false,"isClosed":false,"whatsAppPhoneNumberId":null}