{"id":"clkibbt5t001mlh0fjs2lzbvc","version":"3","groups":[{"id":"dlfnuazqa5f13a322wvydtfz","title":"Start","blocks":[{"id":"kuoqoky28uph7p3v9cpylzcy","type":"start","label":"Start","groupId":"dlfnuazqa5f13a322wvydtfz","outgoingEdgeId":"re5zply0htjeoc6l9rq5bj3u"}],"graphCoordinates":{"x":-2366.39,"y":-285.57}},{"id":"g4yg4pc8e1g76wv5kn1namv8","title":"Group #1","blocks":[{"id":"w3qc749xclw7xq5z7o5cknq0","type":"text","content":{"richText":[{"type":"p","children":[{"bold":true,"text":"Bem-vinda "},{"text":"ao nosso consultório virtual."}]},{"type":"p","children":[{"text":""}]},{"type":"p","children":[{"text":"Dr. Bianca entrou na conversa...","italic":true,"underline":true}]}]},"groupId":"g4yg4pc8e1g76wv5kn1namv8"},{"id":"crm8opdp52oobyqw6a7gdx6g","type":"Wait","groupId":"g4yg4pc8e1g76wv5kn1namv8","options":{"secondsToWaitFor":"2"}},{"id":"o64n1bgevnak4kpf23a0r0hh","type":"text","content":{"richText":[{"type":"p","children":[{"text":"Essa é uma "},{"bold":true,"text":"avaliação GRATUITA!"}]}]},"groupId":"g4yg4pc8e1g76wv5kn1namv8"},{"id":"xjhv2joxnbz2fjzus9b56hce","type":"Wait","groupId":"g4yg4pc8e1g76wv5kn1namv8","options":{"secondsToWaitFor":"2"}},{"id":"j683wxb3dyk9r0r0r9vfqjls","type":"text","content":{"richText":[{"type":"p","children":[{"text":"Podemos começar?"}]}]},"groupId":"g4yg4pc8e1g76wv5kn1namv8"},{"id":"i2ynt4si5ypk61ychttd7unj","type":"choice input","items":[{"id":"h8czy7ocnhk04e9vgcwucm98","type":0,"blockId":"i2ynt4si5ypk61ychttd7unj","content":"Sim, estou pronta!","outgoingEdgeId":"n6421hvmifpxbca7vgzll14l"}],"groupId":"g4yg4pc8e1g76wv5kn1namv8","options":{"buttonLabel":"Send","isSearchable":false,"isMultipleChoice":false,"searchInputPlaceholder":"Filter the options..."}}],"graphCoordinates":{"x":-1557.64,"y":-249.18}},{"id":"jseuzgt2hdiu4q7igvtr9g5j","title":"Group #2.0","blocks":[{"id":"q1ze3f1zqlxghebs5yj10tho","type":"Wait","groupId":"jseuzgt2hdiu4q7igvtr9g5j","options":{"secondsToWaitFor":"2"}},{"id":"qp7qovbrthbkkcqb37e243xb","type":"text","content":{"richText":[{"type":"p","children":[{"text":"Já atendemos mais de 2 mil pacientes com o "},{"bold":true,"text":"seu tipo de MELASMA"},{"text":", e os resultados são surpreendentes... Veja só esse caso da Vera..."}]}]},"groupId":"jseuzgt2hdiu4q7igvtr9g5j"},{"id":"mqwpa9c3shzdvbb2bwyqjmhc","type":"Wait","groupId":"jseuzgt2hdiu4q7igvtr9g5j","options":{"secondsToWaitFor":"2"},"outgoingEdgeId":"lkevm3d7qi22p5eawsp53ttp"}],"graphCoordinates":{"x":194.22,"y":-102.05}},{"id":"qqoemlsw26ex5l4o6ywz4yv7","title":"Group #2.0 copy","blocks":[{"id":"zanmjq9o2wdje17uwbrwqqcm","type":"Wait","groupId":"qqoemlsw26ex5l4o6ywz4yv7","options":{"secondsToWaitFor":"2"}},{"id":"z9z3ytn7d1zmlgzjvdr5su5d","type":"text","content":{"richText":[{"type":"p","children":[{"text":"Já atendemos mais de 2 mil pacientes com o "},{"bold":true,"text":"seu tipo de MELASMA"},{"text":", e os resultados são surpreendentes... Veja só esse caso da Joana..."}]}]},"groupId":"qqoemlsw26ex5l4o6ywz4yv7"},{"id":"wn5yvwzk2tc7ugfho7wl591e","type":"Wait","groupId":"qqoemlsw26ex5l4o6ywz4yv7","options":{"secondsToWaitFor":"2"},"outgoingEdgeId":"kpqipvhk4a17t00kp8mr5dyv"}],"graphCoordinates":{"x":185.06,"y":297.12}},{"id":"onq28brf8hvtvru8kkpnlce4","title":"Group #2.0 copy copy","blocks":[{"id":"ctchrxer1zlznbokhltlxqos","type":"Wait","groupId":"onq28brf8hvtvru8kkpnlce4","options":{"secondsToWaitFor":"2"}},{"id":"cv8u0ikoqgy87cfn0jnfd5xt","type":"text","content":{"richText":[{"type":"p","children":[{"text":"Já atendemos mais de 2 mil pacientes com o "},{"bold":true,"text":"seu tipo de MELASMA"},{"text":", e os resultados são surpreendentes... Veja só esse caso da Emilia..."}]}]},"groupId":"onq28brf8hvtvru8kkpnlce4"},{"id":"k16plk6kzlm62xv5cbh4ouc8","type":"Wait","groupId":"onq28brf8hvtvru8kkpnlce4","options":{"secondsToWaitFor":"2"},"outgoingEdgeId":"x96vh9och0lfewl0ak4x2x7a"}],"graphCoordinates":{"x":195.89,"y":737.96}},{"id":"qlbzp9v08nqbfup4qc15issn","title":"Melasma Claro","blocks":[{"id":"i7q1s44vrn7j3bwlgfivv99t","type":"image","content":{"url":"https://s3.fr-par.scw.cloud/typebot/public/typebots/qjumlfytnqgm5y35ewxfehg5/blocks/i7q1s44vrn7j3bwlgfivv99t?v=1690220185245"},"groupId":"qlbzp9v08nqbfup4qc15issn","outgoingEdgeId":"ixvqtdthrktk382h7nzy3rwt"}],"graphCoordinates":{"x":660.28,"y":-99.9}},{"id":"wtxdq2zt25egj1m0fx0cjk42","title":"Melasma escuro","blocks":[{"id":"useqb0378c94f3eahy38j8hc","type":"image","content":{"url":"https://s3.fr-par.scw.cloud/typebot/public/typebots/qjumlfytnqgm5y35ewxfehg5/blocks/useqb0378c94f3eahy38j8hc?v=1690220216064"},"groupId":"wtxdq2zt25egj1m0fx0cjk42","outgoingEdgeId":"xq496ewb2v0ud2vgjoosyt5r"}],"graphCoordinates":{"x":663.61,"y":312.61}},{"id":"kzo8g1z2yy6ix2m884fsxtyk","title":"Melasma muito escuro","blocks":[{"id":"jqrboq2km67bcz1hsi4bnzhf","type":"image","content":{"url":"https://s3.fr-par.scw.cloud/typebot/public/typebots/qjumlfytnqgm5y35ewxfehg5/blocks/jqrboq2km67bcz1hsi4bnzhf?v=1690220392432"},"groupId":"kzo8g1z2yy6ix2m884fsxtyk","outgoingEdgeId":"rfvo6x2hapkm7csqna5lzl0f"}],"graphCoordinates":{"x":659.44,"y":734.27}},{"id":"xmlw56dgpk1me1dsyh13r2dv","title":"3e durante 21 dias eu e minha equipe ed","blocks":[{"id":"t99xpu6b5lqky7lcaoft9iqd","type":"Wait","groupId":"xmlw56dgpk1me1dsyh13r2dv","options":{"secondsToWaitFor":"3"}},{"id":"lv7a3usl1w8dlhk8q6v43p1u","type":"audio","content":{"url":"https://s3.fr-par.scw.cloud/typebot/public/typebots/qjumlfytnqgm5y35ewxfehg5/blocks/lv7a3usl1w8dlhk8q6v43p1u?v=1690374035687"},"groupId":"xmlw56dgpk1me1dsyh13r2dv"},{"id":"rovkc0b5f6hv9bkox6todwp2","type":"Wait","groupId":"xmlw56dgpk1me1dsyh13r2dv","options":{"secondsToWaitFor":"6"}},{"id":"wl22sdhhr013ccie5us2w4xo","type":"text","content":{"richText":[{"type":"p","children":[{"text":"Você gostaria de participar do nosso desafio "},{"bold":true,"text":"GRATUITO"},{"text":"  de "},{"bold":true,"text":"21 dias"},{"text":" para "},{"bold":true,"text":"eliminar o MELASMA  para sempre?"}]}]},"groupId":"xmlw56dgpk1me1dsyh13r2dv"},{"id":"sc4qaetwgxpp6strc8050h9v","type":"text input","groupId":"xmlw56dgpk1me1dsyh13r2dv","options":{"isLong":false,"labels":{"button":"Enviar","placeholder":"Digite aqui..."}},"outgoingEdgeId":"scgdmnqu86gzvppat9w256cs"}],"graphCoordinates":{"x":1238.61,"y":438.61}},{"id":"xgtiywaebdfqo0p2t6pf3fg3","title":"Group #9 copy","blocks":[{"id":"chmtpic3d07e1uh7axnz3mg4","type":"Wait","groupId":"xgtiywaebdfqo0p2t6pf3fg3","options":{"secondsToWaitFor":"2"}},{"id":"pvalygoa39uj19bh1gtxh3ja","type":"text","content":{"richText":[{"type":"p","children":[{"text":"Parábens pela escolha Olha esse "},{"bold":true,"text":"resultado em 20 dias"},{"text":" da Carolina.😍"}]},{"type":"p","children":[{"text":""}]},{"type":"p","children":[{"text":"Queremos te dar resultados igual ou melhor que o dela..."}]}]},"groupId":"xgtiywaebdfqo0p2t6pf3fg3"},{"id":"xi92ll3ns84vxntafjgmxxe0","type":"Wait","groupId":"xgtiywaebdfqo0p2t6pf3fg3","options":{"secondsToWaitFor":"2"}},{"id":"bb95l1s90sszq5q99z10mpwa","type":"image","content":{"url":"https://s3.fr-par.scw.cloud/typebot/public/typebots/qjumlfytnqgm5y35ewxfehg5/blocks/bb95l1s90sszq5q99z10mpwa?v=1690286017953"},"groupId":"xgtiywaebdfqo0p2t6pf3fg3"},{"id":"nd7h0e4pxvqnc80nc70ame0j","type":"Wait","groupId":"xgtiywaebdfqo0p2t6pf3fg3","options":{"secondsToWaitFor":"4"},"outgoingEdgeId":"z5lxilizcbdvtga19qrx464j"}],"graphCoordinates":{"x":1710.28,"y":435.28}},{"id":"vd2j60jrhtll3c24fa40oc75","title":"4Voce tera acesso ao protocolo da babosa ed","blocks":[{"id":"ez49zli0xhqgw96fmu4nfkb3","type":"text","content":{"richText":[{"type":"p","children":[{"text":"O seu vai ficar assim se seguir tudo que eu te passar, hoje o nosso tratamento no consultório não sai por menos de R$ 1.500 Reais"}]}]},"groupId":"vd2j60jrhtll3c24fa40oc75"},{"id":"ew7tteo0edej6g1yoyib2f36","type":"Wait","groupId":"vd2j60jrhtll3c24fa40oc75","options":{"secondsToWaitFor":"3"}},{"id":"ypcl3ql9md2w93jr9t1p5rdi","type":"text","content":{"richText":[{"type":"p","children":[{"text":"Mas o nosso desafio "},{"bold":true,"text":"ONLINE GRATUITO"},{"text":" têm a intenção de ajudar o maximo de pessoas possivel a se curar desse problema, com ele você vai ter..."}]}]},"groupId":"vd2j60jrhtll3c24fa40oc75"},{"id":"i17q3ukls7h72y8zs5kbeq50","type":"Wait","groupId":"vd2j60jrhtll3c24fa40oc75","options":{"secondsToWaitFor":"4"}},{"id":"zm00mfb2znnfrgoufitvmcta","type":"audio","content":{"url":"https://s3.fr-par.scw.cloud/typebot/public/typebots/qjumlfytnqgm5y35ewxfehg5/blocks/zm00mfb2znnfrgoufitvmcta?v=1690492221443"},"groupId":"vd2j60jrhtll3c24fa40oc75"},{"id":"s3r26zc73idwuc8e5th0hu6l","type":"Wait","groupId":"vd2j60jrhtll3c24fa40oc75","options":{"secondsToWaitFor":"10"},"outgoingEdgeId":"tvx8800eoeg0uzo3o2ksypiu"}],"graphCoordinates":{"x":2094.12,"y":430.43}},{"id":"x7ieuj379h6b564wxxy5p645","title":"QUAL SEU MELASMA","blocks":[{"id":"konwcjenefsbf1zyyyn0fsr2","type":"Wait","groupId":"x7ieuj379h6b564wxxy5p645","options":{"secondsToWaitFor":"5"}},{"id":"jnyokgim624yi4wtroyvqvuf","type":"picture choice input","items":[{"id":"g2rzpjfh3r78uhrv777huduk","type":3,"title":"MELASMA BEM CLARO","blockId":"jnyokgim624yi4wtroyvqvuf","pictureSrc":"https://s3.fr-par.scw.cloud/typebot/public/typebots/qjumlfytnqgm5y35ewxfehg5/blocks/jnyokgim624yi4wtroyvqvuf/items/g2rzpjfh3r78uhrv777huduk?v=1690219365720","description":"","outgoingEdgeId":"vm2c1goamc3k8uwa88hv7tw2","displayCondition":{"isEnabled":false}},{"id":"kqwuagcrxiyvpahaepgveapl","type":3,"title":"MELASMA ESCURO","blockId":"jnyokgim624yi4wtroyvqvuf","pictureSrc":"https://s3.fr-par.scw.cloud/typebot/public/typebots/qjumlfytnqgm5y35ewxfehg5/blocks/jnyokgim624yi4wtroyvqvuf/items/kqwuagcrxiyvpahaepgveapl?v=1690219424674","description":"","outgoingEdgeId":"qiz73ooogld3iql8jhh5glsa"},{"id":"yjqig4nol3g06xi9fuz4rocc","type":3,"title":"MESMA MUITO ESCURO","blockId":"jnyokgim624yi4wtroyvqvuf","pictureSrc":"https://s3.fr-par.scw.cloud/typebot/public/typebots/qjumlfytnqgm5y35ewxfehg5/blocks/jnyokgim624yi4wtroyvqvuf/items/yjqig4nol3g06xi9fuz4rocc?v=1690219471411","description":"","outgoingEdgeId":"u32hlek67nckg6x3nxvm5ryf"}],"groupId":"x7ieuj379h6b564wxxy5p645","options":{"buttonLabel":"Send","searchInputPlaceholder":"Filter the options..."}}],"graphCoordinates":{"x":-257.72,"y":-77.57}},{"id":"yiqsz8f2jk7tuaaomagcz995","title":"Group #13","blocks":[{"id":"l399x8lu9mjgwhv672n0176s","type":"Wait","groupId":"yiqsz8f2jk7tuaaomagcz995","options":{"secondsToWaitFor":"4"}},{"id":"u1duxst5na6f94hxjuco9xuj","type":"text","content":{"richText":[{"type":"p","children":[{"text":"É isso que você gostaria ?"}]}]},"groupId":"yiqsz8f2jk7tuaaomagcz995"},{"id":"n4s9l526vqfu5sqvwgatjq0u","type":"choice input","items":[{"id":"y3tedf6gb5rsy9byde075jid","type":0,"blockId":"n4s9l526vqfu5sqvwgatjq0u","content":"✅ Sim eu quero ","outgoingEdgeId":"fdf582yd4wbp6y64wuerwluo"}],"groupId":"yiqsz8f2jk7tuaaomagcz995","options":{"buttonLabel":"Send","isSearchable":false,"isMultipleChoice":false,"searchInputPlaceholder":"Filter the options..."}}],"graphCoordinates":{"x":2939.28,"y":431.43}},{"id":"xusknhmwgg75hacv2lyqmhci","title":"Group #14","blocks":[{"id":"u9arhelchhdkrfwtr4bg2h7s","type":"Pixel","groupId":"xusknhmwgg75hacv2lyqmhci","options":{"params":[],"pixelId":"778006827442695","eventType":"Contact"},"outgoingEdgeId":"fja31ggj6z6ta3hcbd066iae"}],"graphCoordinates":{"x":-1209.72,"y":-499.56}},{"id":"l9azzmdleoe4rzae49p9ik58","title":"6o desafio é gratuito ed","blocks":[{"id":"wo3jwo6ajbxxpecsaf85sfuy","type":"audio","content":{"url":"https://s3.fr-par.scw.cloud/typebot/public/typebots/qjumlfytnqgm5y35ewxfehg5/blocks/wo3jwo6ajbxxpecsaf85sfuy?v=1690374240282"},"groupId":"l9azzmdleoe4rzae49p9ik58","outgoingEdgeId":"djox404k671ejl3iz6n9jifu"}],"graphCoordinates":{"x":3336.94,"y":449.77}},{"id":"i79w5o89jlvlq27tddrzhtbm","title":"1Bem-vinda ed","blocks":[{"id":"pm6uk8d1e9vmwmwigzsghl5v","type":"Wait","groupId":"i79w5o89jlvlq27tddrzhtbm","options":{"secondsToWaitFor":"2"}},{"id":"n430lqmrm3otfayf696oohgf","type":"audio","content":{"url":"https://s3.fr-par.scw.cloud/typebot/public/typebots/qjumlfytnqgm5y35ewxfehg5/blocks/n430lqmrm3otfayf696oohgf?v=1690372746037"},"groupId":"i79w5o89jlvlq27tddrzhtbm"},{"id":"urdyan3cf0uxe6pmf5q85hc4","type":"Wait","groupId":"i79w5o89jlvlq27tddrzhtbm","options":{"secondsToWaitFor":"5"}},{"id":"cxy126dadosyv6g6h9vxs6bn","type":"image","content":{"url":"https://s3.fr-par.scw.cloud/typebot/public/typebots/qjumlfytnqgm5y35ewxfehg5/blocks/cxy126dadosyv6g6h9vxs6bn?v=1690224148853"},"groupId":"i79w5o89jlvlq27tddrzhtbm","outgoingEdgeId":"c2oyjvvcny39bfou0blz5psm"}],"graphCoordinates":{"x":-1169.39,"y":-120.57}},{"id":"sda9g2q4eqj1mdwd05yo5i5o","title":"2Qual-melasma-parece-o-seu ed","blocks":[{"id":"wmqp7ov242l6knythbum3l9x","type":"Wait","groupId":"sda9g2q4eqj1mdwd05yo5i5o","options":{"secondsToWaitFor":"8"}},{"id":"tfgyl46sqeutog9h7bcbjiq5","type":"audio","content":{"url":"https://s3.fr-par.scw.cloud/typebot/public/typebots/qjumlfytnqgm5y35ewxfehg5/blocks/tfgyl46sqeutog9h7bcbjiq5?v=1690372889042"},"groupId":"sda9g2q4eqj1mdwd05yo5i5o","outgoingEdgeId":"i7lelfzh2ydjivhntga1s11p"}],"graphCoordinates":{"x":-741.06,"y":-78.9}},{"id":"xncx2tm10dfbfiyb09gk4h2j","title":"5nunca mais gastar dinheiro com nada ed","blocks":[{"id":"y8iqe9ie4ah5v6a3unsedfnn","type":"audio","content":{"url":"https://s3.fr-par.scw.cloud/typebot/public/typebots/qjumlfytnqgm5y35ewxfehg5/blocks/y8iqe9ie4ah5v6a3unsedfnn?v=1690374145342"},"groupId":"xncx2tm10dfbfiyb09gk4h2j"},{"id":"rc0fcjtoki6jhgz46zejwbhu","type":"Wait","groupId":"xncx2tm10dfbfiyb09gk4h2j","options":{"secondsToWaitFor":"10"}},{"id":"grylnadcuzzstf205s1ix1cr","type":"text","content":{"richText":[{"type":"p","children":[{"text":"E tem muito mais benefícios...🤩"}]}]},"groupId":"xncx2tm10dfbfiyb09gk4h2j"},{"id":"brmmz3zofrhpfb0mqppalfww","type":"text","content":{"richText":[{"type":"p","children":[{"text":"❤️Aumento da autoestima"}]},{"type":"p","children":[{"text":"❤️Aspecto rejuvenescido"}]},{"type":"p","children":[{"text":"❤️Menos necessidade de maquiagem"}]},{"type":"p","children":[{"text":"❤️Proteção contra o envelhecimento precoce"}]},{"type":"p","children":[{"text":"❤️Melhor absorção de produtos de cuidados com a pele"}]},{"type":"p","children":[{"text":"❤️Melhora na aplicação do protetor solar"}]},{"type":"p","children":[{"text":"❤️Menos irritação"}]},{"type":"p","children":[{"text":"❤️Confiança em eventos ao ar livre"}]},{"type":"p","children":[{"text":""}]}]},"groupId":"xncx2tm10dfbfiyb09gk4h2j","outgoingEdgeId":"nktgog363dgk5ipvuoojhydf"}],"graphCoordinates":{"x":2520.61,"y":432.77}},{"id":"t8rn25a0idthwu6kreuxrt81","title":"11estou deixando seu link ed","blocks":[{"id":"igczamcjmwp049fcfq5p881z","type":"Wait","groupId":"t8rn25a0idthwu6kreuxrt81","options":{"secondsToWaitFor":"11"}},{"id":"qo46w68afg5toqwpj2kbxcez","type":"text","content":{"richText":[{"type":"p","children":[{"text":"Pode ser um depoimento escrito mesmo !!"}]}]},"groupId":"t8rn25a0idthwu6kreuxrt81"},{"id":"kze7kjg780g0ntz8elgvlivd","type":"Wait","groupId":"t8rn25a0idthwu6kreuxrt81","options":{"secondsToWaitFor":"4"}},{"id":"paoz2uuvppa67auu2k422n90","type":"audio","content":{"url":"https://s3.fr-par.scw.cloud/typebot/public/typebots/qjumlfytnqgm5y35ewxfehg5/blocks/paoz2uuvppa67auu2k422n90?v=1690374436580"},"groupId":"t8rn25a0idthwu6kreuxrt81","outgoingEdgeId":"h968omhvn5hr2khedqb7bt3e"}],"graphCoordinates":{"x":5372.27,"y":464.44}},{"id":"hqnb48zoso5gec63y1h5j5so","title":"10devolvo o dinheiro ed","blocks":[{"id":"wlhrmblido9twj6nigti2v6o","type":"Wait","groupId":"hqnb48zoso5gec63y1h5j5so","options":{"secondsToWaitFor":"11"}},{"id":"taw6ctts8yzdlrdm9wprpqxk","type":"audio","content":{"url":"https://s3.fr-par.scw.cloud/typebot/public/typebots/qjumlfytnqgm5y35ewxfehg5/blocks/taw6ctts8yzdlrdm9wprpqxk?v=1690374400147"},"groupId":"hqnb48zoso5gec63y1h5j5so","outgoingEdgeId":"n8o3udrby4x723gmwdx4gnu8"}],"graphCoordinates":{"x":4953.94,"y":474.42}},{"id":"nfvv4zed9c5ivb2jco9k55zg","title":"9as pessoas não tinham comprometimento ed","blocks":[{"id":"mi9o4jmx0slpm2d0v439zpa5","type":"Wait","groupId":"nfvv4zed9c5ivb2jco9k55zg","options":{"secondsToWaitFor":"8"}},{"id":"yan773u1qrsfubu8q4l5um42","type":"audio","content":{"url":"https://s3.fr-par.scw.cloud/typebot/public/typebots/qjumlfytnqgm5y35ewxfehg5/blocks/yan773u1qrsfubu8q4l5um42?v=1690374360081"},"groupId":"nfvv4zed9c5ivb2jco9k55zg","outgoingEdgeId":"iiae9ui9vle2omfiwmu4v4qj"}],"graphCoordinates":{"x":4548.94,"y":481.1}},{"id":"iwqgdjdexbz4j5whcjl8o31e","title":"8pequena taxa de adesão ed","blocks":[{"id":"qb7nvdfaxm8415dxve2eb2rk","type":"Wait","groupId":"iwqgdjdexbz4j5whcjl8o31e","options":{"secondsToWaitFor":"6"}},{"id":"tutni0cefn4pzklcwjky0phk","type":"audio","content":{"url":"https://s3.fr-par.scw.cloud/typebot/public/typebots/qjumlfytnqgm5y35ewxfehg5/blocks/tutni0cefn4pzklcwjky0phk?v=1690374324301"},"groupId":"iwqgdjdexbz4j5whcjl8o31e","outgoingEdgeId":"kbnfcpxxk1p6vemz6w9fww0u"}],"graphCoordinates":{"x":4110.62,"y":464.43}},{"id":"mnolgdr1l542jye3ey7khd89","title":"7mas é muitoconcorrido ed","blocks":[{"id":"fgnyndddwy0onnpwwjw4z7r6","type":"Wait","groupId":"mnolgdr1l542jye3ey7khd89","options":{"secondsToWaitFor":"5"}},{"id":"aos6h916aqescda20t050ub7","type":"audio","content":{"url":"https://s3.fr-par.scw.cloud/typebot/public/typebots/qjumlfytnqgm5y35ewxfehg5/blocks/aos6h916aqescda20t050ub7?v=1690374274852"},"groupId":"mnolgdr1l542jye3ey7khd89","outgoingEdgeId":"xdm3jhiqp8nn23qnx0y4db2g"}],"graphCoordinates":{"x":3725.61,"y":472.77}},{"id":"q1ev086mur8ns0dsjx1zoepy","title":"Group #23","blocks":[{"id":"fafc4izgkxkpm4sg4dkuhgpb","type":"text","content":{"richText":[{"type":"p","children":[{"bold":true,"text":"Total de Vagas 30"}]},{"type":"p","children":[{"text":"Vagas restantes 2...","italic":true,"underline":true}]}]},"groupId":"q1ev086mur8ns0dsjx1zoepy"},{"id":"fxfkylbntet1xpfeei0ijzyp","type":"choice input","items":[{"id":"abor55kvc2msi170ikdb0qyv","type":0,"blockId":"fxfkylbntet1xpfeei0ijzyp","content":"🎁CLICK E GARANTA 1 VAGA","outgoingEdgeId":"thxpc349nnjt2eylny2ort60"}],"groupId":"q1ev086mur8ns0dsjx1zoepy","options":{"buttonLabel":"Send","isSearchable":false,"isMultipleChoice":false,"searchInputPlaceholder":"Filter the options..."}}],"graphCoordinates":{"x":5823.94,"y":482.77}},{"id":"qxs16jdefqs5zu69c0jmfzw9","title":"Group #24","blocks":[{"id":"oaqmcuphcih32pwivwyz077p","type":"Redirect","groupId":"qxs16jdefqs5zu69c0jmfzw9","options":{"url":"https://go.perfectpay.com.br/PPU38CMMEE8","isNewTab":false},"outgoingEdgeId":"ppcnd53dpp0nr1ct39ton4ga"}],"graphCoordinates":{"x":6222.28,"y":476.1}},{"id":"z661za15y2js51qrln6qkztd","title":"Group #25","blocks":[{"id":"gnzbb3votj6dawrfm282iflr","type":"Pixel","groupId":"z661za15y2js51qrln6qkztd","options":{"params":[],"pixelId":"778006827442695","eventType":"InitiateCheckout"}}],"graphCoordinates":{"x":6571.61,"y":506.43}}],"variables":[],"edges":[{"id":"vm2c1goamc3k8uwa88hv7tw2","to":{"groupId":"jseuzgt2hdiu4q7igvtr9g5j"},"from":{"itemId":"g2rzpjfh3r78uhrv777huduk","blockId":"jnyokgim624yi4wtroyvqvuf","groupId":"x7ieuj379h6b564wxxy5p645"}},{"id":"u32hlek67nckg6x3nxvm5ryf","to":{"groupId":"onq28brf8hvtvru8kkpnlce4"},"from":{"itemId":"yjqig4nol3g06xi9fuz4rocc","blockId":"jnyokgim624yi4wtroyvqvuf","groupId":"x7ieuj379h6b564wxxy5p645"}},{"id":"qiz73ooogld3iql8jhh5glsa","to":{"groupId":"qqoemlsw26ex5l4o6ywz4yv7"},"from":{"itemId":"kqwuagcrxiyvpahaepgveapl","blockId":"jnyokgim624yi4wtroyvqvuf","groupId":"x7ieuj379h6b564wxxy5p645"}},{"id":"lkevm3d7qi22p5eawsp53ttp","to":{"groupId":"qlbzp9v08nqbfup4qc15issn"},"from":{"blockId":"mqwpa9c3shzdvbb2bwyqjmhc","groupId":"jseuzgt2hdiu4q7igvtr9g5j"}},{"id":"kpqipvhk4a17t00kp8mr5dyv","to":{"groupId":"wtxdq2zt25egj1m0fx0cjk42"},"from":{"blockId":"wn5yvwzk2tc7ugfho7wl591e","groupId":"qqoemlsw26ex5l4o6ywz4yv7"}},{"id":"x96vh9och0lfewl0ak4x2x7a","to":{"groupId":"kzo8g1z2yy6ix2m884fsxtyk"},"from":{"blockId":"k16plk6kzlm62xv5cbh4ouc8","groupId":"onq28brf8hvtvru8kkpnlce4"}},{"id":"xq496ewb2v0ud2vgjoosyt5r","to":{"groupId":"xmlw56dgpk1me1dsyh13r2dv"},"from":{"blockId":"useqb0378c94f3eahy38j8hc","groupId":"wtxdq2zt25egj1m0fx0cjk42"}},{"id":"ixvqtdthrktk382h7nzy3rwt","to":{"groupId":"xmlw56dgpk1me1dsyh13r2dv"},"from":{"blockId":"i7q1s44vrn7j3bwlgfivv99t","groupId":"qlbzp9v08nqbfup4qc15issn"}},{"id":"rfvo6x2hapkm7csqna5lzl0f","to":{"groupId":"xmlw56dgpk1me1dsyh13r2dv"},"from":{"blockId":"jqrboq2km67bcz1hsi4bnzhf","groupId":"kzo8g1z2yy6ix2m884fsxtyk"}},{"id":"scgdmnqu86gzvppat9w256cs","to":{"groupId":"xgtiywaebdfqo0p2t6pf3fg3"},"from":{"blockId":"sc4qaetwgxpp6strc8050h9v","groupId":"xmlw56dgpk1me1dsyh13r2dv"}},{"id":"nktgog363dgk5ipvuoojhydf","to":{"groupId":"yiqsz8f2jk7tuaaomagcz995"},"from":{"blockId":"brmmz3zofrhpfb0mqppalfww","groupId":"xncx2tm10dfbfiyb09gk4h2j"}},{"id":"i7lelfzh2ydjivhntga1s11p","to":{"groupId":"x7ieuj379h6b564wxxy5p645"},"from":{"blockId":"tfgyl46sqeutog9h7bcbjiq5","groupId":"sda9g2q4eqj1mdwd05yo5i5o"}},{"id":"fdf582yd4wbp6y64wuerwluo","to":{"groupId":"l9azzmdleoe4rzae49p9ik58"},"from":{"itemId":"y3tedf6gb5rsy9byde075jid","blockId":"n4s9l526vqfu5sqvwgatjq0u","groupId":"yiqsz8f2jk7tuaaomagcz995"}},{"id":"c2oyjvvcny39bfou0blz5psm","to":{"groupId":"sda9g2q4eqj1mdwd05yo5i5o"},"from":{"blockId":"cxy126dadosyv6g6h9vxs6bn","groupId":"i79w5o89jlvlq27tddrzhtbm"}},{"id":"tvx8800eoeg0uzo3o2ksypiu","to":{"groupId":"xncx2tm10dfbfiyb09gk4h2j"},"from":{"blockId":"s3r26zc73idwuc8e5th0hu6l","groupId":"vd2j60jrhtll3c24fa40oc75"}},{"id":"djox404k671ejl3iz6n9jifu","to":{"groupId":"mnolgdr1l542jye3ey7khd89"},"from":{"blockId":"wo3jwo6ajbxxpecsaf85sfuy","groupId":"l9azzmdleoe4rzae49p9ik58"}},{"id":"xdm3jhiqp8nn23qnx0y4db2g","to":{"groupId":"iwqgdjdexbz4j5whcjl8o31e"},"from":{"blockId":"aos6h916aqescda20t050ub7","groupId":"mnolgdr1l542jye3ey7khd89"}},{"id":"kbnfcpxxk1p6vemz6w9fww0u","to":{"groupId":"nfvv4zed9c5ivb2jco9k55zg"},"from":{"blockId":"tutni0cefn4pzklcwjky0phk","groupId":"iwqgdjdexbz4j5whcjl8o31e"}},{"id":"iiae9ui9vle2omfiwmu4v4qj","to":{"groupId":"hqnb48zoso5gec63y1h5j5so"},"from":{"blockId":"yan773u1qrsfubu8q4l5um42","groupId":"nfvv4zed9c5ivb2jco9k55zg"}},{"id":"n8o3udrby4x723gmwdx4gnu8","to":{"groupId":"t8rn25a0idthwu6kreuxrt81"},"from":{"blockId":"taw6ctts8yzdlrdm9wprpqxk","groupId":"hqnb48zoso5gec63y1h5j5so"}},{"id":"h968omhvn5hr2khedqb7bt3e","to":{"groupId":"q1ev086mur8ns0dsjx1zoepy"},"from":{"blockId":"paoz2uuvppa67auu2k422n90","groupId":"t8rn25a0idthwu6kreuxrt81"}},{"id":"thxpc349nnjt2eylny2ort60","to":{"groupId":"qxs16jdefqs5zu69c0jmfzw9"},"from":{"itemId":"abor55kvc2msi170ikdb0qyv","blockId":"fxfkylbntet1xpfeei0ijzyp","groupId":"q1ev086mur8ns0dsjx1zoepy"}},{"id":"z5lxilizcbdvtga19qrx464j","to":{"groupId":"vd2j60jrhtll3c24fa40oc75"},"from":{"blockId":"nd7h0e4pxvqnc80nc70ame0j","groupId":"xgtiywaebdfqo0p2t6pf3fg3"}},{"id":"ppcnd53dpp0nr1ct39ton4ga","to":{"groupId":"z661za15y2js51qrln6qkztd"},"from":{"blockId":"oaqmcuphcih32pwivwyz077p","groupId":"qxs16jdefqs5zu69c0jmfzw9"}},{"id":"n6421hvmifpxbca7vgzll14l","to":{"groupId":"xusknhmwgg75hacv2lyqmhci"},"from":{"itemId":"h8czy7ocnhk04e9vgcwucm98","blockId":"i2ynt4si5ypk61ychttd7unj","groupId":"g4yg4pc8e1g76wv5kn1namv8"}},{"id":"re5zply0htjeoc6l9rq5bj3u","to":{"groupId":"g4yg4pc8e1g76wv5kn1namv8"},"from":{"blockId":"kuoqoky28uph7p3v9cpylzcy","groupId":"dlfnuazqa5f13a322wvydtfz"}},{"id":"fja31ggj6z6ta3hcbd066iae","to":{"groupId":"i79w5o89jlvlq27tddrzhtbm"},"from":{"blockId":"u9arhelchhdkrfwtr4bg2h7s","groupId":"xusknhmwgg75hacv2lyqmhci"}}],"theme":{"chat":{"inputs":{"color":"#000000","backgroundColor":"#FFFFFF","placeholderColor":"#28292a"},"buttons":{"color":"#FFFFFF","backgroundColor":"#128C7E"},"roundness":"large","hostAvatar":{"url":"https://s3.fr-par.scw.cloud/typebot/public/typebots/qjumlfytnqgm5y35ewxfehg5/hostAvatar?v=1690291148122","isEnabled":true},"guestAvatar":{"url":"https://s3.fr-par.scw.cloud/typebot/public/typebots/cli88mae30010mh0f0yzjqn48/guestAvatar?v=1685330799682","isEnabled":false},"hostBubbles":{"color":"#303235","backgroundColor":"#FFFFFF"},"guestBubbles":{"color":"#303235","backgroundColor":"#e1ffc7"}},"general":{"font":"Open Sans","background":{"type":"Image","content":"https://s3.fr-par.scw.cloud/typebot/public/typebots/cli88mae30010mh0f0yzjqn48/background?v=1685470080750"}},"customCss":".typebot-chat-view > .flex:first-child {\n    padding-top: 30px;\n}\n\n.typebot-input {\n    position: fixed;\n    bottom: 0;\n    align-items: center;\n    z-index: 999;\n    right: 0;\n}\n\n.typebot-input .typebot-button {\n    background: #008a7c;\n    border-radius: 50%;\n    color: #fff;\n    position: relative;\n    width: 50px;\n    height: 50px;\n    display: flex;\n    align-items: center;\n    justify-content: center;\n}\n\n.typebot-container {\n    background-size: initial!important;\n    background-repeat: repeat-x!important;\n}\n\n.typebot-host-bubble>.bubble-typing {\n  border-radius: 0 5px 5px 5px;\n}\n\n.typebot-host-bubble>.bubble-typing:after {\n    position: absolute;\n    content: \"\";\n    width: 0;\n    height: 0;\n    border-style: solid;\n    border-width: 0px 10px 10px 0;\n    border-color: transparent #fff transparent transparent;\n    top: 0;\n    left: -10px;\n}\n\n.typebot-guest-bubble {\n  position: relative;\n  border-radius: 5px 0 5px 5px;\n}\n\n.typebot-guest-bubble:after {\n  position: absolute;\n  content: \"\";\n  width: 0;\n  height: 0;\n  border-style: solid;\n}\n\n.typebot-guest-bubble:after {\n    border-width: 0px 0 10px 10px;\n    border-color: transparent transparent transparent #e1ffc7;\n    top: 0;\n    right: -10px;\n    border-style: solid;\n}\n\niframe[src=\"\"] {\n  position: fixed;\n  top: 0;\n  left: 0;\n  display: relative;\n  width: 100%;\n  height: 100% !important;\n  z-index: 999999;\n  border: none;\n  padding: 0;\n  margin: 0;\n}\n\na#lite-badge {\n  display: none!important;\n}"},"settings":{"general":{"rememberUser":{"isEnabled":false},"isBrandingEnabled":false,"isInputPrefillEnabled":false,"isHideQueryParamsEnabled":false},"metadata":{"title":"WhatsApp","imageUrl":"https://images.unsplash.com/photo-1611077544170-be90a2f68add?crop=entropy&cs=tinysrgb&fit=max&fm=jpg&ixid=M3w0MjU2MDR8MHwxfHNlYXJjaHwyN3x8d2VpZ2h0JTIwbG9zc3xlbnwwfDB8fHwxNjg2MjAzMzA4fDA&ixlib=rb-4.0.3&q=80&w=1080","favIconUrl":"https://s3.fr-par.scw.cloud/typebot/public/typebots/qjumlfytnqgm5y35ewxfehg5/favIcon?v=1690290772288","description":"Eliminando o Melasma de mais de 2 mil pessoas","customHeadCode":"</script>\n<!-- End Facebook Pixel Code -->\n<link rel=\"stylesheet\" href=\"https://cdnjs.cloudflare.com/ajax/libs/material-design-iconic-font/2.2.0/css/material-design-iconic-font.min.css\">\n<style>\n  .hide {\n    display: none!important;\n  }\n  typebot-standard {\n    position: relative;\n    z-index: 9999;\n  }\n  #__next {\n    position: relative;\n    z-index: 9999;\n}\n  /* User Bar */\n.user-bar {\n  width: 100%;\n  height: 55px;\n  background: #005e54;\n  color: #fff;\n  padding: 0;\n  font-size: 24px;\n  position: fixed;\n  z-index: 99999;\n  display: block;\n  top: 0;\n}\n\n.user-bar:after {\n  content: \"\";\n  display: table;\n  clear: both;\n}\n\n.user-bar div {\n    float: left;\n    transform: translateY(-50%);\n    position: relative;\n    top: 50%;\n    margin-left: 10px;\n}\n\n.user-bar .actions {\n  float: right;\n  margin: 0 0 0 20px;\n}\n\n.user-bar .actions.more {\n  margin: 0 12px 0 32px;\n}\n\n.user-bar .actions.attachment {\n  margin: 0 0 0 30px;\n}\n\n.user-bar .actions.attachment i {\n  display: block;\n  transform: rotate(-45deg);\n}\n\n.user-bar .avatar {\n  margin: 0 0 0 5px;\n  width: 36px;\n  height: 36px;\n}\n\n.user-bar .avatar img {\n  border-radius: 50%;\n  box-shadow: 0 1px 0 rgba(255, 255, 255, 0.1);\n  display: block;\n  width: 100%;\n}\n\n.user-bar .name {\n  font-size: 17px;\n  font-weight: 600;\n  text-overflow: ellipsis;\n  letter-spacing: 0.3px;\n  margin: 0 0 0 8px;\n  overflow: hidden;\n  white-space: nowrap;\n  width: 150px;\n}\n\n.user-bar .status {\n  display: block;\n  font-size: 13px;\n  font-weight: 400;\n  letter-spacing: 0;\n}\n</style>\n\n<script>\nfunction criarBarra() {\n  var userBar = document.createElement(\"div\");\n  userBar.className = \"user-bar\";\n\n  var backButton = document.createElement(\"div\");\n  backButton.className = \"back\";\n  backButton.innerHTML = '<i class=\"zmdi zmdi-arrow-left\"></i>';\n\n  var avatar = document.createElement(\"div\");\n  avatar.className = \"avatar\";\n  avatar.innerHTML = '<img src=\"https://i.postimg.cc/65n7x7nT/SAUDE-Foto-de-perfil-para-Instagram.png\" alt=\"Clinica Alpha Man\">';\n\n  var name = document.createElement(\"div\");\n  name.className = \"name\";\n  name.innerHTML = '<span>Dra. Bianca</span><span class=\"status\">online</span>';\n\n  var moreActions = document.createElement(\"div\");\n  moreActions.className = \"actions more\";\n  moreActions.innerHTML = '<i class=\"zmdi zmdi-more-vert\"></i>';\n\n  var attachmentAction = document.createElement(\"div\");\n  attachmentAction.className = \"actions attachment\";\n  attachmentAction.innerHTML = '<i class=\"zmdi zmdi-attachment-alt\"></i>';\n\n  var phoneAction = document.createElement(\"div\");\n  phoneAction.className = \"actions\";\n  phoneAction.innerHTML = '<i class=\"zmdi zmdi-phone\"></i>';\n\n  userBar.appendChild(backButton);\n  userBar.appendChild(avatar);\n  userBar.appendChild(name);\n  userBar.appendChild(moreActions);\n  userBar.appendChild(attachmentAction);\n  userBar.appendChild(phoneAction);\n\n  var elementoPai = document.querySelector(\"#__next\");\n  if (elementoPai) {\n    elementoPai.insertBefore(userBar, elementoPai.firstChild);\n  }\n}\n\ncriarBarra();\n</script>\n"},"typingEmulation":{"speed":300,"enabled":true,"maxDelay":1.5}}}