{"id":"clka01d13000kjm0f0ozmlmn4","version":"3","groups":[{"id":"hip9jxdxe9cpqhy6p9jejhz8","title":"Start","blocks":[{"id":"ctl04unbf0bo7ct3sg5reoun","type":"start","label":"Start","groupId":"hip9jxdxe9cpqhy6p9jejhz8","outgoingEdgeId":"d2g1mwzz2ie307uz75o82lyf"}],"graphCoordinates":{"x":0,"y":0}},{"id":"p3bkmdp0750wuxtifa6rff16","title":"Group #1","blocks":[{"id":"pwwoxywjtsouhdq0i9p687zg","type":"text","content":{"richText":[{"type":"p","children":[{"text":"\n"},{"text":"Andresinha entrou na conversa...","italic":true,"underline":true}]}]},"groupId":"p3bkmdp0750wuxtifa6rff16"},{"id":"de2lc10bjfct17ver795q9d1","type":"text","content":{"richText":[{"type":"p","children":[{"text":"oiii oie meu amor,tudo bem? 😍"}]}]},"groupId":"p3bkmdp0750wuxtifa6rff16"},{"id":"u2bp5saqkesolp1irdsgom1x","type":"text","content":{"richText":[{"type":"p","children":[{"text":"É vc que quer "},{"bold":true,"text":"me ver peladinha? ","underline":true},{"bold":true,"text":"🔞🍑"}]}]},"groupId":"p3bkmdp0750wuxtifa6rff16","outgoingEdgeId":"av3jp9ds4eidqi7z0pu93h5d"}],"graphCoordinates":{"x":-9,"y":193}},{"id":"lenop6v032tgcmr02zsnsid8","title":"Group #2","blocks":[{"id":"z8v9dhi3j3ugbt3ckd3eb99l","type":"choice input","items":[{"id":"fl1rcy3ssb71r27w32jabxyj","type":0,"blockId":"z8v9dhi3j3ugbt3ckd3eb99l","content":"Sim","outgoingEdgeId":"od0jpty0ymsyp7ac87bup9an"}],"groupId":"lenop6v032tgcmr02zsnsid8","options":{"buttonLabel":"Send","isSearchable":false,"isMultipleChoice":false,"searchInputPlaceholder":"Filter the options..."}}],"graphCoordinates":{"x":-4.98,"y":560.81}},{"id":"kpfzphqaugekk2vd7impjbuz","title":"Group #3","blocks":[{"id":"pvada8iod50ax2t6u19hcbfb","type":"text","content":{"richText":[{"type":"p","children":[{"bold":true,"text":"Mais antes amor me fala seu nome "},{"text":", pra eu salvar aqui 💦💦"}]}]},"groupId":"kpfzphqaugekk2vd7impjbuz","outgoingEdgeId":"ln3ekyylpvstc7j8wp8989rb"}],"graphCoordinates":{"x":-5,"y":824.66}},{"id":"akf9ehhc0dvn2rw881j5udrg","title":"Group #4","blocks":[{"id":"htditm3jx23r0263ren2ch64","type":"text input","groupId":"akf9ehhc0dvn2rw881j5udrg","options":{"isLong":false,"labels":{"button":"Enviar","placeholder":"Digite seu nome..."},"variableId":"vxu2lgmsvv73qkmhwsmpjyt32"}},{"id":"ntu3lm356fcms41o7ocj41aa","type":"text","content":{"richText":[{"type":"p","children":[{"text":"\nMuito prazer, {{nome}},meu amor 😍"}]}]},"groupId":"akf9ehhc0dvn2rw881j5udrg","outgoingEdgeId":"fkpn15yaimf7jyya2dgk3u22"}],"graphCoordinates":{"x":-3.51,"y":1050.15}},{"id":"wvjzixfhbnsue7vb2lfr1ltt","title":"Group #6","blocks":[{"id":"ddbbhfq5j8h247v1tvbbsyes","type":"text","content":{"richText":[{"type":"p","children":[{"text":"Amorsinho, vou te mandar um áudio pra você ouvir minha vozinha bem safada, tá?"}]}]},"groupId":"wvjzixfhbnsue7vb2lfr1ltt"},{"id":"e2uh4sta9phi8z0ltoowl849","type":"audio","content":{"url":"https://s3.fr-par.scw.cloud/typebot/public/typebots/clk9pbvrh000tjy0f83etni7w/blocks/e2uh4sta9phi8z0ltoowl849?v=1689771635643"},"groupId":"wvjzixfhbnsue7vb2lfr1ltt","outgoingEdgeId":"e1qnjqmr2ysgckumzxojv6hr"}],"graphCoordinates":{"x":-1.81,"y":1293.33}},{"id":"pdh13xj6j17pi8ht2m6gftgt","title":"Group #8","blocks":[{"id":"fc1bwsfik98cikm7h5dwx5ow","type":"text","content":{"richText":[{"type":"p","children":[{"bold":true,"text":"opps, mandei sem querer..."}]}]},"groupId":"pdh13xj6j17pi8ht2m6gftgt","outgoingEdgeId":"v13eby8pngwp5pbiph7y4d1i"}],"graphCoordinates":{"x":-7.13,"y":2134.71}},{"id":"ucp254qry2gtx1foe2q30yiy","title":"Group #10","blocks":[{"id":"y60s6v9u0czq5yjfktvbxu4v","type":"text","content":{"richText":[{"type":"p","children":[{"text":"amorr, eu tenho meus conteúdos, mas preciso saber como você quer para te enviar. "},{"bold":true,"text":"❤️"},{"text":" "},{"bold":true,"text":"Só escolher e clicar aqui embaixo..."},{"text":"\n"}]}]},"groupId":"ucp254qry2gtx1foe2q30yiy","outgoingEdgeId":"sui3s8dca5ssr9oi891vetg0"}],"graphCoordinates":{"x":-10.25,"y":2319.2}},{"id":"h63w1bjprqs4dmkch515v30d","title":"Group #10","blocks":[{"id":"bph8jy55hq0kos9bd8m5xd9f","type":"choice input","items":[{"id":"vcgb90mtiijzmngup3nk9msi","type":0,"blockId":"bph8jy55hq0kos9bd8m5xd9f","content":"dando o cuzinho 🍑💦","outgoingEdgeId":"brajr4td26sp5fez4cw2jwh1"},{"id":"en1uvsvnf1o7v23khekl0elx","type":0,"blockId":"bph8jy55hq0kos9bd8m5xd9f","content":"bucetinha 🍓💦","outgoingEdgeId":"tl8uud3j740va4otah7xmnvc"},{"id":"lwnx7mx8tvz0fr66te9rsj78","type":0,"blockId":"bph8jy55hq0kos9bd8m5xd9f","content":"mamando 💦💦","outgoingEdgeId":"zi9g62dqfxsl6o9ogncc275h"}],"groupId":"h63w1bjprqs4dmkch515v30d","options":{"buttonLabel":"Send","isSearchable":false,"isMultipleChoice":false,"searchInputPlaceholder":"Filter the options..."}}],"graphCoordinates":{"x":-5.81,"y":2590.6}},{"id":"rl6qj8zur3169h24ck82f6a7","title":"Group #11","blocks":[{"id":"uivyjzekmz59ymbydpbfxsin","type":"text","content":{"richText":[{"type":"p","children":[{"text":"Que delicia meu amor, rsrs!  🔥"}]}]},"groupId":"rl6qj8zur3169h24ck82f6a7"},{"id":"naee7kycgeyah4yjoesnqvc3","type":"text","content":{"richText":[{"type":"p","children":[{"text":"Vou separar aqui para você meu vídeos do jeitinho que você pediu vidaa 🍑💦💦"}]}]},"groupId":"rl6qj8zur3169h24ck82f6a7"},{"id":"m12vixiitb0fn2wlwxwt1ntl","type":"text","content":{"richText":[{"type":"p","children":[{"text":"vou te enviar seu safado..."}]}]},"groupId":"rl6qj8zur3169h24ck82f6a7"},{"id":"e36e15di3dbak1e8hvwt8qnq","type":"text","content":{"richText":[{"type":"p","children":[{"text":"Tentativa de envio: falhou!\n","italic":true}]}]},"groupId":"rl6qj8zur3169h24ck82f6a7"},{"id":"yn4jqe9su3kgogb0sj6y1714","type":"text","content":{"richText":[{"type":"p","children":[{"text":"Tentativa de envio: falhou!","italic":true}]}]},"groupId":"rl6qj8zur3169h24ck82f6a7"},{"id":"lhvkuo1m4kszytvlj2qvrhwr","type":"text","content":{"richText":[{"type":"p","children":[{"text":"ai meuu que odiooo 😡"}]}]},"groupId":"rl6qj8zur3169h24ck82f6a7"},{"id":"x38gxiuruej2f4ivwsly0rpt","type":"text","content":{"richText":[{"type":"p","children":[{"text":"vou tentar de novooo..\n"}]}]},"groupId":"rl6qj8zur3169h24ck82f6a7"},{"id":"c4yg797j0eohe8efvvmddizb","type":"text","content":{"richText":[{"type":"p","children":[{"text":"Tentativa de envio: falhou!","italic":true}]}]},"groupId":"rl6qj8zur3169h24ck82f6a7"},{"id":"kgrsc1pcq26frqpnem0nr7ju","type":"text","content":{"richText":[{"type":"p","children":[{"bold":true,"text":"Separei tudo isso do jeitinho que você gostas, mais não to conseguindo enviar por aqui 🥺"},{"text":"\n"}]}]},"groupId":"rl6qj8zur3169h24ck82f6a7","outgoingEdgeId":"zwrbh9onoir9xv2hp8w7qfrj"}],"graphCoordinates":{"x":388.27,"y":2584.68}},{"id":"vqqiikn3tygo868yk7sdse6t","title":"Group #12","blocks":[{"id":"no2zz0alxvogyhnkwaimpmad","type":"image","content":{"url":"https://s3.fr-par.scw.cloud/typebot/public/typebots/clk9pbvrh000tjy0f83etni7w/blocks/no2zz0alxvogyhnkwaimpmad?v=1689773166898"},"groupId":"vqqiikn3tygo868yk7sdse6t"},{"id":"kdvz9wfazxrbw1s1wqqzst7i","type":"text","content":{"richText":[{"type":"p","children":[{"bold":true,"text":"muitos videos também amor 🍆💦"}]}]},"groupId":"vqqiikn3tygo868yk7sdse6t","outgoingEdgeId":"gwqsk05sb4qeqppdhbrktzu8"}],"graphCoordinates":{"x":384.65,"y":3387.2}},{"id":"iabb5e7bxo1l72jpq3gxzyeh","title":"Group #13","blocks":[{"id":"bvxla4e00db1gkljwq787ld0","type":"text","content":{"richText":[{"type":"p","children":[{"text":"ai amor eu tentei enviar mais aqui não cabe todas as fotos, vou colocar em outra plataforma que "},{"bold":true,"text":"caiba tudo..."}]}]},"groupId":"iabb5e7bxo1l72jpq3gxzyeh"},{"id":"g5yciox9tkvpbyrklj1ithco","type":"text","content":{"richText":[{"type":"p","children":[{"text":"eles combram uma"},{"bold":true,"text":" taxinha de 10 reais"},{"text":" só🥺"}]}]},"groupId":"iabb5e7bxo1l72jpq3gxzyeh","outgoingEdgeId":"s6hl77i94q9s7ikzj5wlsd6b"}],"graphCoordinates":{"x":388.02,"y":3717.28}},{"id":"esbe6qqybgb8wc18rriu8llx","title":"Group #15","blocks":[{"id":"yi2dye1mbrsja1fxnj6uelmj","type":"text","content":{"richText":[{"type":"p","children":[{"bold":true,"text":"\nAmor pelo imprevisto vou te dar um bonûs ta bom, vou      deixar pra você                        "},{"text":"✔️245 Fotos peladinha e me exibindo🔥✔️45 Videos bem safados - transando, Fazendo boquete, dupla penetração, me masturbando 🤤✔️10 Videos com minha irmãzinha 😈"},{"bold":true,"text":"Somente HOJE:"},{"text":"✅ 1 Video Bônus EXCLUSIVO: Gozando bem gostoso e falando seu nome 🔥✅ Atualização semanal do conteúdo"}]}]},"groupId":"esbe6qqybgb8wc18rriu8llx"},{"id":"fgbasf1ljy7wb5naq2x9bwi6","type":"text","content":{"richText":[{"type":"p","children":[{"bold":true,"text":"pode ser amor ????"}]}]},"groupId":"esbe6qqybgb8wc18rriu8llx","outgoingEdgeId":"s56g0i8bbklde1tnd9ff3do5"}],"graphCoordinates":{"x":403.72,"y":4090.02}},{"id":"ssk8yjwm51nwkmb4ki1u8mvg","title":"Group #13","blocks":[{"id":"g1kepauh23uul1hhwzbo57an","type":"choice input","items":[{"id":"c2wxxdczlvpgfgqed4fioran","type":0,"blockId":"g1kepauh23uul1hhwzbo57an","content":"SIM,quero te ver peladinha logo 💦🍑","outgoingEdgeId":"opxsb7g4snkj2ghoajvab8qc"},{"id":"ethcltp60v9lxn75q7ovrnvu","type":0,"blockId":"g1kepauh23uul1hhwzbo57an","content":"to na duvida, bb","outgoingEdgeId":"y8ucxfjyux53lc2mkpg1lvs6"}],"groupId":"ssk8yjwm51nwkmb4ki1u8mvg","options":{"buttonLabel":"Send","isSearchable":false,"isMultipleChoice":false,"searchInputPlaceholder":"Filter the options..."}}],"graphCoordinates":{"x":399.27,"y":4695.66}},{"id":"w9skwrisnyug3r55y2k445ca","title":"Group #14","blocks":[{"id":"ezxkpjlkqermoa0ionkixorb","type":"text","content":{"richText":[{"type":"p","children":[{"text":"Poxa bb, ainda na duvida sobre mim 🥺?!"}]}]},"groupId":"w9skwrisnyug3r55y2k445ca"},{"id":"p6j5ds7hdpov41jkrss8g1c3","type":"audio","content":{"url":"https://s3.fr-par.scw.cloud/typebot/public/typebots/clk9pbvrh000tjy0f83etni7w/blocks/p6j5ds7hdpov41jkrss8g1c3?v=1689787595172"},"groupId":"w9skwrisnyug3r55y2k445ca"},{"id":"xp6skvgntcxc26k4b0noio6r","type":"image","content":{"url":"https://s3.fr-par.scw.cloud/typebot/public/typebots/clk9pbvrh000tjy0f83etni7w/blocks/xp6skvgntcxc26k4b0noio6r?v=1689787637709"},"groupId":"w9skwrisnyug3r55y2k445ca"},{"id":"fxhqa5lqcv4tza0qeqelqice","type":"text","content":{"richText":[{"type":"p","children":[{"text":"esse ai superou todas as suas expectativas comigo amor 💦"}]}]},"groupId":"w9skwrisnyug3r55y2k445ca"},{"id":"sx107vf4y6m4bp0yo6xlzvhv","type":"image","content":{"url":"https://s3.fr-par.scw.cloud/typebot/public/typebots/clk9pbvrh000tjy0f83etni7w/blocks/sx107vf4y6m4bp0yo6xlzvhv?v=1689787699723"},"groupId":"w9skwrisnyug3r55y2k445ca"},{"id":"cdn804akwznb1v5xnl6cyqx1","type":"text","content":{"richText":[{"type":"p","children":[{"text":"amor pode ter certeza que você vai amar ver essa ruivinha peladinha 🔥❤️‍🔥"}]}]},"groupId":"w9skwrisnyug3r55y2k445ca"},{"id":"dvdh8k06n7rwz778ugkhdld0","type":"text","content":{"richText":[{"type":"p","children":[{"text":"\nTenho inúmeros prints aqui. "}]},{"type":"p","children":[{"text":""}]},{"type":"p","children":[{"text":"Você quer ver mais, ou quer "}]},{"type":"p","children":[{"text":"continuar nossa conversa, bb?"}]}]},"groupId":"w9skwrisnyug3r55y2k445ca","outgoingEdgeId":"clcmv0muu0310j6nxiqq79rc"}],"graphCoordinates":{"x":794.2,"y":4865.64}},{"id":"a6n3mxkltrg656z34rxp0hme","title":"Group #15","blocks":[{"id":"txjto0m434y4zvmie2tn4uic","type":"image","content":{"url":"https://s3.fr-par.scw.cloud/typebot/public/typebots/clk9pbvrh000tjy0f83etni7w/blocks/txjto0m434y4zvmie2tn4uic?v=1690293003300"},"groupId":"a6n3mxkltrg656z34rxp0hme","outgoingEdgeId":"qxf4nzsgeouzednnkhg2mtrv"}],"graphCoordinates":{"x":5,"y":1607.2}},{"id":"wcx7osdvvk3biuzc0yiwbzv7","title":"Group #16","blocks":[{"id":"x3np1iw785lk873bhkbeddxa","type":"choice input","items":[{"id":"gvbscgb8i4am5uw7shklc36c","type":0,"blockId":"x3np1iw785lk873bhkbeddxa","content":"vamos continuar nossa comversa...😍","outgoingEdgeId":"oeskift1q7u83g1anw9gxv19"},{"id":"nyvo40kmw6xqs6a43v26teft","type":0,"blockId":"x3np1iw785lk873bhkbeddxa","content":"quero ver mais um print...🥺","outgoingEdgeId":"pzm2ao50ft70bnrzf2n4hqyu"}],"groupId":"wcx7osdvvk3biuzc0yiwbzv7","options":{"buttonLabel":"Send","isSearchable":false,"isMultipleChoice":false,"searchInputPlaceholder":"Filter the options..."}}],"graphCoordinates":{"x":1132,"y":6405.6}},{"id":"pbfx86ar98da13nljz6wq4d9","title":"Group #18","blocks":[{"id":"ponuoxcvulw2id4jb0nobdr4","type":"text","content":{"richText":[{"type":"p","children":[{"text":"Tem de outro aqui que adorou minha ppk rosinha 🔥"}]}]},"groupId":"pbfx86ar98da13nljz6wq4d9"},{"id":"t3xl5r5y35cb6lmvxwx4zb2m","type":"image","content":{"url":"https://s3.fr-par.scw.cloud/typebot/public/typebots/clk9pbvrh000tjy0f83etni7w/blocks/t3xl5r5y35cb6lmvxwx4zb2m?v=1689946140800"},"groupId":"pbfx86ar98da13nljz6wq4d9"},{"id":"vwplpsee5km0baj7tnd1qw18","type":"audio","content":{"url":"https://s3.fr-par.scw.cloud/typebot/public/typebots/clk9pbvrh000tjy0f83etni7w/blocks/vwplpsee5km0baj7tnd1qw18?v=1689946191562"},"groupId":"pbfx86ar98da13nljz6wq4d9"},{"id":"wpaogv0ivxvaecj6yh7z2g4k","type":"choice input","items":[{"id":"giks7h08n807gdn771mq9vuu","type":0,"blockId":"wpaogv0ivxvaecj6yh7z2g4k","content":"Quero","outgoingEdgeId":"y92px32iolcsi64wrxv44rf2"}],"groupId":"pbfx86ar98da13nljz6wq4d9","options":{"buttonLabel":"Send","isSearchable":false,"isMultipleChoice":false,"searchInputPlaceholder":"Filter the options..."}}],"graphCoordinates":{"x":1493.4,"y":6621.2}},{"id":"k75wdeoju6tbixpsdgaygc8k","title":"Group #19","blocks":[{"id":"c66znjypy748q6i7duqb4o4f","type":"text","content":{"richText":[{"type":"p","children":[{"text":"Assim que eu gosto amor, você é bem decidido! ❤️🔥"}]}]},"groupId":"k75wdeoju6tbixpsdgaygc8k","outgoingEdgeId":"ukk5jrkden959o517cy1pdas"}],"graphCoordinates":{"x":1861.6,"y":7500.4}},{"id":"zu9ylm5m6rocdhohnekyok8j","title":"Group #19","blocks":[{"id":"taczadrcmv1v2p35j80wqx0x","type":"audio","content":{"url":"https://s3.fr-par.scw.cloud/typebot/public/typebots/clk9pbvrh000tjy0f83etni7w/blocks/taczadrcmv1v2p35j80wqx0x?v=1689946497231"},"groupId":"zu9ylm5m6rocdhohnekyok8j","outgoingEdgeId":"rdda1ie090l2mlg4j8er7ipy"}],"graphCoordinates":{"x":1507.4,"y":6374.4}},{"id":"gyzd25bwgzfcxzxvq2cgd0v0","title":"Group #20","blocks":[{"id":"mbx2wre9sxnqfrktgaderi71","type":"choice input","items":[{"id":"pwgf89zhoxa29q8tpcj8c4s1","type":0,"blockId":"mbx2wre9sxnqfrktgaderi71","content":"Quero 🔥❤️‍🔥","outgoingEdgeId":"idk8qqqx6jf8pw639ijt7xt6"}],"groupId":"gyzd25bwgzfcxzxvq2cgd0v0","options":{"buttonLabel":"Send","isSearchable":false,"isMultipleChoice":false,"searchInputPlaceholder":"Filter the options..."}}],"graphCoordinates":{"x":1855.8,"y":6359.2}},{"id":"uvx4k05235ol851bxmmcagso","title":"Group #21","blocks":[{"id":"whevqux4qm8ouz4wdfbsh31x","type":"text","content":{"richText":[{"type":"p","children":[{"text":"Assim que eu gosto amor, você é bem decidido! ❤️🔥"}]}]},"groupId":"uvx4k05235ol851bxmmcagso","outgoingEdgeId":"et3ifpnb0wwfuknizspts489"}],"graphCoordinates":{"x":1901.8,"y":6737.33}},{"id":"p5ed3k5scq1t2z9ib3a6x74l","title":"Group #21 copy","blocks":[{"id":"z7l0clmt8xck9dxr120efkgw","type":"text","content":{"richText":[{"type":"p","children":[{"text":"Assim que eu gosto amor, você é bem decidido! ❤️🔥"}]}]},"groupId":"p5ed3k5scq1t2z9ib3a6x74l","outgoingEdgeId":"skb1kyfs1p8mee80i1mh00i6"}],"graphCoordinates":{"x":796.46,"y":4652.01}},{"id":"x1a0lcu5qsfzoofel1ufkhts","title":"Group #23","blocks":[{"id":"t4ft1deyhftd70pb6694h5wj","type":"text","content":{"richText":[{"type":"p","children":[{"text":"Eu vou te enviar a página de pagamento totalmente segura e assim que efetuar o pagamento, você já vai receber tudo pelo e-mail, tá amor? 😍💓"}]}]},"groupId":"x1a0lcu5qsfzoofel1ufkhts"},{"id":"ab961lqmvdgy53torkcko5qp","type":"Redirect","groupId":"x1a0lcu5qsfzoofel1ufkhts","options":{"url":"https://lastlink.com/p/CB090A355/checkout-payment","isNewTab":false}}],"graphCoordinates":{"x":1883.26,"y":7003.6}},{"id":"tt9ee2aa5ugvqq45rjgf03fm","title":"Group #23 copy","blocks":[{"id":"btoavcvz320mv2fgwcgr1c76","type":"text","content":{"richText":[{"type":"p","children":[{"text":"Eu vou te enviar a página de pagamento totalmente segura e assim que efetuar o pagamento, você já vai receber tudo pelo e-mail, tá amor? 😍💓"}]}]},"groupId":"tt9ee2aa5ugvqq45rjgf03fm"},{"id":"vsinwwwsj5kmkur7e5cc9bz3","type":"Redirect","groupId":"tt9ee2aa5ugvqq45rjgf03fm","options":{"url":"https://lastlink.com/p/CB090A355/checkout-payment","isNewTab":false}}],"graphCoordinates":{"x":1247.27,"y":4536.93}},{"id":"hi7gfoxzj659zsqryoenw9lw","title":"Group #23","blocks":[{"id":"nrhuser6lrhbydheq96tqoax","type":"text","content":{"richText":[{"type":"p","children":[{"text":"Eu vou te enviar a página de pagamento totalmente segura e assim que efetuar o pagamento, você já vai receber tudo pelo e-mail, tá amor? 😍💓"}]}]},"groupId":"hi7gfoxzj659zsqryoenw9lw"},{"id":"zaoa6w5ojk4h2bgz37s97h8t","type":"Redirect","groupId":"hi7gfoxzj659zsqryoenw9lw","options":{"url":"https://lastlink.com/p/CB090A355/checkout-payment","isNewTab":false}}],"graphCoordinates":{"x":2247.33,"y":7469.4}}],"variables":[{"id":"vxu2lgmsvv73qkmhwsmpjyt32","name":"nome"}],"edges":[{"id":"d2g1mwzz2ie307uz75o82lyf","to":{"blockId":"pwwoxywjtsouhdq0i9p687zg","groupId":"p3bkmdp0750wuxtifa6rff16"},"from":{"blockId":"ctl04unbf0bo7ct3sg5reoun","groupId":"hip9jxdxe9cpqhy6p9jejhz8"}},{"id":"av3jp9ds4eidqi7z0pu93h5d","to":{"blockId":"z8v9dhi3j3ugbt3ckd3eb99l","groupId":"lenop6v032tgcmr02zsnsid8"},"from":{"blockId":"u2bp5saqkesolp1irdsgom1x","groupId":"p3bkmdp0750wuxtifa6rff16"}},{"id":"od0jpty0ymsyp7ac87bup9an","to":{"groupId":"kpfzphqaugekk2vd7impjbuz"},"from":{"itemId":"fl1rcy3ssb71r27w32jabxyj","blockId":"z8v9dhi3j3ugbt3ckd3eb99l","groupId":"lenop6v032tgcmr02zsnsid8"}},{"id":"ln3ekyylpvstc7j8wp8989rb","to":{"blockId":"htditm3jx23r0263ren2ch64","groupId":"akf9ehhc0dvn2rw881j5udrg"},"from":{"blockId":"pvada8iod50ax2t6u19hcbfb","groupId":"kpfzphqaugekk2vd7impjbuz"}},{"id":"fkpn15yaimf7jyya2dgk3u22","to":{"blockId":"ddbbhfq5j8h247v1tvbbsyes","groupId":"wvjzixfhbnsue7vb2lfr1ltt"},"from":{"blockId":"ntu3lm356fcms41o7ocj41aa","groupId":"akf9ehhc0dvn2rw881j5udrg"}},{"id":"v13eby8pngwp5pbiph7y4d1i","to":{"blockId":"y60s6v9u0czq5yjfktvbxu4v","groupId":"ucp254qry2gtx1foe2q30yiy"},"from":{"blockId":"fc1bwsfik98cikm7h5dwx5ow","groupId":"pdh13xj6j17pi8ht2m6gftgt"}},{"id":"sui3s8dca5ssr9oi891vetg0","to":{"groupId":"h63w1bjprqs4dmkch515v30d"},"from":{"blockId":"y60s6v9u0czq5yjfktvbxu4v","groupId":"ucp254qry2gtx1foe2q30yiy"}},{"id":"brajr4td26sp5fez4cw2jwh1","to":{"groupId":"rl6qj8zur3169h24ck82f6a7"},"from":{"itemId":"vcgb90mtiijzmngup3nk9msi","blockId":"bph8jy55hq0kos9bd8m5xd9f","groupId":"h63w1bjprqs4dmkch515v30d"}},{"id":"zwrbh9onoir9xv2hp8w7qfrj","to":{"groupId":"vqqiikn3tygo868yk7sdse6t"},"from":{"blockId":"kgrsc1pcq26frqpnem0nr7ju","groupId":"rl6qj8zur3169h24ck82f6a7"}},{"id":"gwqsk05sb4qeqppdhbrktzu8","to":{"blockId":"bvxla4e00db1gkljwq787ld0","groupId":"iabb5e7bxo1l72jpq3gxzyeh"},"from":{"blockId":"kdvz9wfazxrbw1s1wqqzst7i","groupId":"vqqiikn3tygo868yk7sdse6t"}},{"id":"s6hl77i94q9s7ikzj5wlsd6b","to":{"blockId":"yi2dye1mbrsja1fxnj6uelmj","groupId":"esbe6qqybgb8wc18rriu8llx"},"from":{"blockId":"g5yciox9tkvpbyrklj1ithco","groupId":"iabb5e7bxo1l72jpq3gxzyeh"}},{"id":"tl8uud3j740va4otah7xmnvc","to":{"blockId":"naee7kycgeyah4yjoesnqvc3","groupId":"rl6qj8zur3169h24ck82f6a7"},"from":{"itemId":"en1uvsvnf1o7v23khekl0elx","blockId":"bph8jy55hq0kos9bd8m5xd9f","groupId":"h63w1bjprqs4dmkch515v30d"}},{"id":"zi9g62dqfxsl6o9ogncc275h","to":{"blockId":"uivyjzekmz59ymbydpbfxsin","groupId":"rl6qj8zur3169h24ck82f6a7"},"from":{"itemId":"lwnx7mx8tvz0fr66te9rsj78","blockId":"bph8jy55hq0kos9bd8m5xd9f","groupId":"h63w1bjprqs4dmkch515v30d"}},{"id":"y8ucxfjyux53lc2mkpg1lvs6","to":{"groupId":"w9skwrisnyug3r55y2k445ca"},"from":{"itemId":"ethcltp60v9lxn75q7ovrnvu","blockId":"g1kepauh23uul1hhwzbo57an","groupId":"ssk8yjwm51nwkmb4ki1u8mvg"}},{"id":"e1qnjqmr2ysgckumzxojv6hr","to":{"groupId":"a6n3mxkltrg656z34rxp0hme"},"from":{"blockId":"e2uh4sta9phi8z0ltoowl849","groupId":"wvjzixfhbnsue7vb2lfr1ltt"}},{"id":"qxf4nzsgeouzednnkhg2mtrv","to":{"groupId":"pdh13xj6j17pi8ht2m6gftgt"},"from":{"blockId":"txjto0m434y4zvmie2tn4uic","groupId":"a6n3mxkltrg656z34rxp0hme"}},{"id":"clcmv0muu0310j6nxiqq79rc","to":{"blockId":"x3np1iw785lk873bhkbeddxa","groupId":"wcx7osdvvk3biuzc0yiwbzv7"},"from":{"blockId":"dvdh8k06n7rwz778ugkhdld0","groupId":"w9skwrisnyug3r55y2k445ca"}},{"id":"pzm2ao50ft70bnrzf2n4hqyu","to":{"groupId":"pbfx86ar98da13nljz6wq4d9"},"from":{"itemId":"nyvo40kmw6xqs6a43v26teft","blockId":"x3np1iw785lk873bhkbeddxa","groupId":"wcx7osdvvk3biuzc0yiwbzv7"}},{"id":"y92px32iolcsi64wrxv44rf2","to":{"blockId":"c66znjypy748q6i7duqb4o4f","groupId":"k75wdeoju6tbixpsdgaygc8k"},"from":{"itemId":"giks7h08n807gdn771mq9vuu","blockId":"wpaogv0ivxvaecj6yh7z2g4k","groupId":"pbfx86ar98da13nljz6wq4d9"}},{"id":"oeskift1q7u83g1anw9gxv19","to":{"groupId":"zu9ylm5m6rocdhohnekyok8j"},"from":{"itemId":"gvbscgb8i4am5uw7shklc36c","blockId":"x3np1iw785lk873bhkbeddxa","groupId":"wcx7osdvvk3biuzc0yiwbzv7"}},{"id":"rdda1ie090l2mlg4j8er7ipy","to":{"blockId":"mbx2wre9sxnqfrktgaderi71","groupId":"gyzd25bwgzfcxzxvq2cgd0v0"},"from":{"blockId":"taczadrcmv1v2p35j80wqx0x","groupId":"zu9ylm5m6rocdhohnekyok8j"}},{"id":"idk8qqqx6jf8pw639ijt7xt6","to":{"blockId":"whevqux4qm8ouz4wdfbsh31x","groupId":"uvx4k05235ol851bxmmcagso"},"from":{"itemId":"pwgf89zhoxa29q8tpcj8c4s1","blockId":"mbx2wre9sxnqfrktgaderi71","groupId":"gyzd25bwgzfcxzxvq2cgd0v0"}},{"id":"et3ifpnb0wwfuknizspts489","to":{"groupId":"x1a0lcu5qsfzoofel1ufkhts"},"from":{"blockId":"whevqux4qm8ouz4wdfbsh31x","groupId":"uvx4k05235ol851bxmmcagso"}},{"id":"ukk5jrkden959o517cy1pdas","to":{"groupId":"hi7gfoxzj659zsqryoenw9lw"},"from":{"blockId":"c66znjypy748q6i7duqb4o4f","groupId":"k75wdeoju6tbixpsdgaygc8k"}},{"id":"opxsb7g4snkj2ghoajvab8qc","to":{"blockId":"z7l0clmt8xck9dxr120efkgw","groupId":"p5ed3k5scq1t2z9ib3a6x74l"},"from":{"itemId":"c2wxxdczlvpgfgqed4fioran","blockId":"g1kepauh23uul1hhwzbo57an","groupId":"ssk8yjwm51nwkmb4ki1u8mvg"}},{"id":"skb1kyfs1p8mee80i1mh00i6","to":{"blockId":"btoavcvz320mv2fgwcgr1c76","groupId":"tt9ee2aa5ugvqq45rjgf03fm"},"from":{"blockId":"z7l0clmt8xck9dxr120efkgw","groupId":"p5ed3k5scq1t2z9ib3a6x74l"}},{"id":"s56g0i8bbklde1tnd9ff3do5","to":{"groupId":"ssk8yjwm51nwkmb4ki1u8mvg"},"from":{"blockId":"fgbasf1ljy7wb5naq2x9bwi6","groupId":"esbe6qqybgb8wc18rriu8llx"}}],"theme":{"chat":{"inputs":{"color":"#303235","backgroundColor":"#FFFFFF","placeholderColor":"#9095A0"},"buttons":{"color":"#FFFFFF","backgroundColor":"#0d9488"},"roundness":"large","hostAvatar":{"url":"https://s3.fr-par.scw.cloud/typebot/public/typebots/clk9pbvrh000tjy0f83etni7w/hostAvatar?v=1690292977131","isEnabled":true},"guestAvatar":{"isEnabled":false},"hostBubbles":{"color":"#303235","backgroundColor":"#F7F8FF"},"guestBubbles":{"color":"#303235","backgroundColor":"#F7F8FF"}},"general":{"font":"Inter","background":{"type":"Image","content":"https://s3.fr-par.scw.cloud/typebot/public/typebots/clk9pbvrh000tjy0f83etni7w/background?v=1689947792978"}},"customCss":".user-bar {\n    width: 100%;\n    height: 55px;\n    background: #005e54;\n    color: #fff;\n    padding: 0;\n    font-size: 24px;\n    position: fixed;\n    z-index: 99999;\n    display: block;\n    top: 0;\n}"},"settings":{"general":{"rememberUser":{"isEnabled":false},"isBrandingEnabled":true,"isInputPrefillEnabled":true,"isHideQueryParamsEnabled":true},"metadata":{"title":"Andresinha","imageUrl":"https://images.unsplash.com/photo-1688413708929-8b2d281803df?crop=entropy&cs=tinysrgb&fit=max&fm=jpg&ixid=M3w0MjU2MDR8MHwxfHJhbmRvbXx8fHx8fHx8fDE2ODk5NTI2MzV8&ixlib=rb-4.0.3&q=80&w=1080","favIconUrl":"https://s3.fr-par.scw.cloud/typebot/public/typebots/clk9pbvrh000tjy0f83etni7w/favIcon?v=1689952624111","description":"","customHeadCode":"<div class=\"user-bar\" bis_skin_checked=\"1\">\n    <div class=\"back\" bis_skin_checked=\"1\"><i class=\"zmdi zmdi-arrow-left\"></i></div>\n    <div class=\"avatar\" bis_skin_checked=\"1\"><img src=\"https://i.postimg.cc/g0rRWcXv/download-6.png\" alt=\"Dr Carlos\"></div>\n    <div class=\"name\" bis_skin_checked=\"1\"><span>Bianca</span><span class=\"status\">online</span></div>\n    <div class=\"actions more\" bis_skin_checked=\"1\"><i class=\"zmdi zmdi-more-vert\"></i></div>\n    <div class=\"actions attachment\" bis_skin_checked=\"1\"><i class=\"zmdi zmdi-attachment-alt\"></i></div>\n    <div class=\"actions\" bis_skin_checked=\"1\"><i class=\"zmdi zmdi-phone\"></i></div>\n</div>\n"},"typingEmulation":{"speed":90,"enabled":true,"maxDelay":10}}}