{"version":"5","id":"cllho0cnq000cl10fwcu66u71","name":"Biazinha ","groups":[{"id":"di538rqnb6wbpcx53k4yqtb4","title":"Start","graphCoordinates":{"x":-2343.83,"y":51.99},"blocks":[{"id":"cx5iel8jxfo4caorf8rnjiw0","groupId":"di538rqnb6wbpcx53k4yqtb4","outgoingEdgeId":"z8cdjkl7lwkb7jo30vuf10td","type":"start","label":"Start"}]},{"id":"lgoa1ft4v7dof8ct7r9bpq0c","title":"Group #1","graphCoordinates":{"x":-1929.63,"y":-90.61},"blocks":[{"id":"q293b3lsei9cq5u5qbk2x93z","groupId":"lgoa1ft4v7dof8ct7r9bpq0c","type":"audio","content":{"url":"https://naturaisgosty.com/wp-content/uploads/2023/08/Biazinha-audio-1.mp3"}},{"id":"al99eav7q0m1ab0axwo3f56n","groupId":"lgoa1ft4v7dof8ct7r9bpq0c","type":"Wait","options":{"secondsToWaitFor":"7"}},{"id":"lu7chlhd0zmboru3jp4sm6vx","groupId":"lgoa1ft4v7dof8ct7r9bpq0c","type":"text input","options":{"labels":{"placeholder":"NOME ","button":"Enviar"},"variableId":"vd4u53d53iiinm28nkjl4a92l","isLong":false}},{"id":"qhwc0oltcqvvjgq510oet8c3","groupId":"lgoa1ft4v7dof8ct7r9bpq0c","type":"text","content":{"richText":[{"type":"p","children":[{"bold":true,"text":"{{1}}"},{"text":"eu preciso conversar com vc! "}]},{"type":"p","children":[{"text":"mas tem que ser sem roupa rs🙊"}]}]}},{"id":"p0zpzr6n51ttyipxp5wk0j6d","groupId":"lgoa1ft4v7dof8ct7r9bpq0c","type":"Wait","options":{"secondsToWaitFor":"2"}},{"id":"d03zsuwsrspv9r5aldd8mzee","groupId":"lgoa1ft4v7dof8ct7r9bpq0c","type":"text","content":{"richText":[{"type":"p","children":[{"text":"Brincadeiras a parte, eu vou te contar uma coisa ta bom?"}]}]}},{"id":"ezj2chrk21h6pn1fqq5pwrts","groupId":"lgoa1ft4v7dof8ct7r9bpq0c","type":"Wait","options":{"secondsToWaitFor":"6"}},{"id":"bup8q5x8lpjoph0n96ud67e3","groupId":"lgoa1ft4v7dof8ct7r9bpq0c","type":"text","content":{"richText":[{"type":"p","children":[{"text":"Lembra que eu te disse que meu futuro estava em suas mãos 😓"}]}]}},{"id":"sgaxoks3ebj5myxgoods6t36","groupId":"lgoa1ft4v7dof8ct7r9bpq0c","type":"Wait","options":{"secondsToWaitFor":"2"}},{"id":"hwvl25cmk4zqlfdqghrsr450","groupId":"lgoa1ft4v7dof8ct7r9bpq0c","type":"choice input","items":[{"id":"w2aj60el2rocabm2olymog17","blockId":"hwvl25cmk4zqlfdqghrsr450","type":0,"content":"Sim lembro!"}],"options":{"isMultipleChoice":false,"buttonLabel":"Send","isSearchable":false,"searchInputPlaceholder":"Filter the options..."}},{"id":"nhhg4wizeuu9f0jmiho4dwtt","groupId":"lgoa1ft4v7dof8ct7r9bpq0c","type":"Wait","options":{"secondsToWaitFor":"10"}},{"id":"xbzf5mk2pgafgoduhjejo8w6","groupId":"lgoa1ft4v7dof8ct7r9bpq0c","type":"audio","content":{"url":"https://naturaisgosty.com/wp-content/uploads/2023/08/Biazinha-audio-2.mp3"}},{"id":"jl1vln6i4eay51s6ikxrfbye","groupId":"lgoa1ft4v7dof8ct7r9bpq0c","outgoingEdgeId":"xxx7s7djkdtfl2hss3289rfh","type":"Wait","options":{"secondsToWaitFor":"31"}}]},{"id":"utfs5snx9wbuaxpthwusgnj2","title":"Group #2","graphCoordinates":{"x":-1573.1,"y":-94.54},"blocks":[{"id":"og0i60jvojhgrpb264rin2cv","groupId":"utfs5snx9wbuaxpthwusgnj2","type":"text","content":{"richText":[{"type":"p","children":[{"bold":true,"text":"Posso te mostrar uma coisa ?"}]}]}},{"id":"jjojjmjgzhz8f9jkrasjxddr","groupId":"utfs5snx9wbuaxpthwusgnj2","type":"choice input","items":[{"id":"i7camtsqkfrv4d8zrq6c643s","blockId":"jjojjmjgzhz8f9jkrasjxddr","type":0,"content":"Sim pode!!"}],"options":{"isMultipleChoice":false,"buttonLabel":"Send","isSearchable":false,"searchInputPlaceholder":"Filter the options..."}},{"id":"l0y3lvq1hrw1om7242pws80k","groupId":"utfs5snx9wbuaxpthwusgnj2","type":"Wait","options":{"secondsToWaitFor":"5"}},{"id":"a04co7zrptqhmpj8uv5b1w5s","groupId":"utfs5snx9wbuaxpthwusgnj2","type":"image","content":{"url":"https://naturaisgosty.com/wp-content/uploads/2023/08/Biazinha-image-1.jpg"}},{"id":"fdt2hl9ny68fy8ktm9pgpyzd","groupId":"utfs5snx9wbuaxpthwusgnj2","type":"Wait","options":{"secondsToWaitFor":"10"}},{"id":"ytse3rqw1bsk5nw31qkyls82","groupId":"utfs5snx9wbuaxpthwusgnj2","type":"text","content":{"richText":[{"type":"p","children":[{"bold":true,"text":"Gostou amor?"},{"text":"🙈"}]}]}},{"id":"lgg2k7n7rq1mqy26gr6lmvjx","groupId":"utfs5snx9wbuaxpthwusgnj2","type":"choice input","items":[{"id":"pkobowkbltfem99wg76luke2","blockId":"lgg2k7n7rq1mqy26gr6lmvjx","type":0,"content":"Amei linda😍"}],"options":{"isMultipleChoice":false,"buttonLabel":"Send","isSearchable":false,"searchInputPlaceholder":"Filter the options..."}},{"id":"d18583i3eku5x2bbw23nd4gr","groupId":"utfs5snx9wbuaxpthwusgnj2","type":"text","content":{"richText":[{"type":"p","children":[{"text":"🫣😈"}]}]}},{"id":"v2abr5n50xobu9v00kal4th3","groupId":"utfs5snx9wbuaxpthwusgnj2","type":"Wait","options":{"secondsToWaitFor":"2"}},{"id":"sf8l6sunutrqu2qmcm58sbnh","groupId":"utfs5snx9wbuaxpthwusgnj2","type":"text","content":{"richText":[{"type":"p","children":[{"bold":true,"text":"Se eu estivesse peladinha assim pra vc toda molhadinha e louca de tesão, o que vc faria comigo?"}]}]}},{"id":"aef1hduhzmnxzlicfqix0k71","groupId":"utfs5snx9wbuaxpthwusgnj2","type":"Wait","options":{"secondsToWaitFor":"2"}},{"id":"nxzuitxfawhtwqdjsndhuz0w","groupId":"utfs5snx9wbuaxpthwusgnj2","type":"choice input","items":[{"id":"jrs0tbqvvq2t52ecf02kxffx","blockId":"nxzuitxfawhtwqdjsndhuz0w","type":0,"content":"te chuparia todinha😝"},{"id":"f9szeu3381d1857glaesav7q","type":0,"content":"gozaria na sua cara💧"},{"id":"vj9vsa2urxg6wqbyug9u37uz","type":0,"content":"Te comeria sem camisinha🍌🍌"}],"options":{"isMultipleChoice":false,"buttonLabel":"Send","isSearchable":false,"searchInputPlaceholder":"Filter the options..."}},{"id":"mqqfhy8pggvlamvohp3aet7j","groupId":"utfs5snx9wbuaxpthwusgnj2","type":"text","content":{"richText":[{"type":"p","children":[{"text":"Que delicia amor🤤"}]}]}},{"id":"dj89n4st03tmrjat1zt9jsme","groupId":"utfs5snx9wbuaxpthwusgnj2","type":"text","content":{"richText":[{"type":"p","children":[{"text":"Vou mandar mais um Presentinho pra vc🙊"}]}]}},{"id":"sdd3576ybxbfasytbf6x2tmg","groupId":"utfs5snx9wbuaxpthwusgnj2","type":"choice input","items":[{"id":"ym3y63fckorvpwsvwardv3jg","blockId":"sdd3576ybxbfasytbf6x2tmg","type":0,"content":"Quero ver 🙊"}],"options":{"isMultipleChoice":false,"buttonLabel":"Send","isSearchable":false,"searchInputPlaceholder":"Filter the options..."}},{"id":"km3alfwwfie45e9lah42g8mw","groupId":"utfs5snx9wbuaxpthwusgnj2","type":"image","content":{"url":"https://naturaisgosty.com/wp-content/uploads/2023/08/Biazinha-imagem-2.jpg"}},{"id":"mno0j5ywzx8yh0jxtqamntmt","groupId":"utfs5snx9wbuaxpthwusgnj2","type":"text","content":{"richText":[{"type":"p","children":[{"text":"Imagina eu de 4 assim🤤 e vc colocando a minha calsinha de lado, "}]},{"type":"p","children":[{"text":"ja penso que delicia que seria?😋😋"}]}]}},{"id":"s4uh88p8ijswxl8u9zazmx0p","groupId":"utfs5snx9wbuaxpthwusgnj2","outgoingEdgeId":"ozcss850p45tzpomlq78g1sq","type":"text","content":{"richText":[{"type":"p","children":[{"bold":true,"text":"Gostou dessa BB?"}]}]}}]},{"id":"oj2gxpvxm8frl4trd5l1429g","title":"Group #3","graphCoordinates":{"x":-1157.96,"y":-93.21},"blocks":[{"id":"wzj963m7uaykvz9fokv51lir","groupId":"oj2gxpvxm8frl4trd5l1429g","type":"choice input","items":[{"id":"eddciclxw8tnxat8pidpj0q0","blockId":"wzj963m7uaykvz9fokv51lir","type":0,"content":"Amei quero mais 😍"}],"options":{"isMultipleChoice":false,"buttonLabel":"Send","isSearchable":false,"searchInputPlaceholder":"Filter the options..."}},{"id":"tsbj4euxpacq6zgqjh1i6lki","groupId":"oj2gxpvxm8frl4trd5l1429g","type":"audio","content":{"url":"https://naturaisgosty.com/wp-content/uploads/2023/08/Biazinhamaudio-3.mp3"}},{"id":"jah17dc85vw0zmizx60jke1u","groupId":"oj2gxpvxm8frl4trd5l1429g","type":"Wait","options":{"secondsToWaitFor":"7"}},{"id":"lyjrvjndgl17vkjrbh3ugi9j","groupId":"oj2gxpvxm8frl4trd5l1429g","type":"text","content":{"richText":[{"type":"p","children":[{"text":"Mas antes vou te  mandar algo, pra vc bater uma punheta bem gostosa pensando em mim "}]}]}},{"id":"w50cwwjq7rtd5mwssfj4ozxq","groupId":"oj2gxpvxm8frl4trd5l1429g","type":"Wait","options":{"secondsToWaitFor":"5"}},{"id":"w2gqj2ek0i9um2ekt54iluod","groupId":"oj2gxpvxm8frl4trd5l1429g","type":"image","content":{"url":"https://naturaisgosty.com/wp-content/uploads/2023/08/Biazinha-imagem-3.jpg"}},{"id":"n2o5p2wv7j8h2zfc6i2trowm","groupId":"oj2gxpvxm8frl4trd5l1429g","type":"Wait","options":{"secondsToWaitFor":"5"}},{"id":"o4j8aso64cqv216fnolg9zzg","groupId":"oj2gxpvxm8frl4trd5l1429g","type":"image","content":{"url":"https://naturaisgosty.com/wp-content/uploads/2023/08/Biazinha-imagem4.jpg"}},{"id":"x2qoom8ylqoxs0hphv9wf06g","groupId":"oj2gxpvxm8frl4trd5l1429g","type":"text","content":{"richText":[{"type":"p","children":[{"text":"Agora que eu ja te dei uns presentinhos, quero que vc me de um presentinho também"}]}]}},{"id":"c3y8l84auol1x76p1gw33cbb","groupId":"oj2gxpvxm8frl4trd5l1429g","type":"Wait","options":{"secondsToWaitFor":"12"}},{"id":"ap9ei4y81qytaydax058opeq","groupId":"oj2gxpvxm8frl4trd5l1429g","type":"audio","content":{"url":"https://naturaisgosty.com/wp-content/uploads/2023/08/Biazinha-audio-4.mp3"}},{"id":"in3k38fepg9k12x3qj60bywi","groupId":"oj2gxpvxm8frl4trd5l1429g","type":"Wait","options":{"secondsToWaitFor":"17"}},{"id":"nj83rnvw81wv3s5kle4exu3q","groupId":"oj2gxpvxm8frl4trd5l1429g","type":"audio","content":{"url":"https://naturaisgosty.com/wp-content/uploads/2023/08/Biazinha-audio-5.mp3"}},{"id":"vmqe7h9srhf8wkp0ufmeqzcb","groupId":"oj2gxpvxm8frl4trd5l1429g","type":"Wait","options":{"secondsToWaitFor":"37"}},{"id":"qxw5kcfw9vzm0z1vn58q2myb","groupId":"oj2gxpvxm8frl4trd5l1429g","type":"text","content":{"richText":[{"type":"p","children":[{"bold":true,"text":"Vc quer me ver peladinha pra vc gemendo muito gostoso, e de quebra ainda me ajudar?😍"}]}]}},{"id":"o9o57a4537r4fjzeznyf54ll","groupId":"oj2gxpvxm8frl4trd5l1429g","type":"choice input","items":[{"id":"nkuddmjznhxzzyfvul7umtwv","blockId":"o9o57a4537r4fjzeznyf54ll","type":0,"content":"Quero linda!!"}],"options":{"isMultipleChoice":false,"buttonLabel":"Send","isSearchable":false,"searchInputPlaceholder":"Filter the options..."}},{"id":"fzgo4yuv8znefpv9cmr2vftj","groupId":"oj2gxpvxm8frl4trd5l1429g","type":"text","content":{"richText":[{"type":"p","children":[{"text":"aaah😍 obg , agora é só clicar no botão abaixo vc será direcionado para uma plataforma 100% segura, para acessar os meus conteudos"}]}]}},{"id":"srj9h4fpsn2ginf1h1apuylj","groupId":"oj2gxpvxm8frl4trd5l1429g","type":"Wait","options":{"secondsToWaitFor":"15"}},{"id":"zvnkt1kmclvzz5yegyd41e2b","groupId":"oj2gxpvxm8frl4trd5l1429g","type":"text","content":{"richText":[{"type":"p","children":[{"text":"Se vc ja gostou das amostras que eu te mandei, espera só pra ver o que te aguarda🙈"}]}]}},{"id":"qwn64lerpsyrb8vatdjylqsq","groupId":"oj2gxpvxm8frl4trd5l1429g","type":"Wait","options":{"secondsToWaitFor":"10"}},{"id":"zofrykwslznz3ud9kvkd3vsa","groupId":"oj2gxpvxm8frl4trd5l1429g","type":"text","content":{"richText":[{"type":"p","children":[{"bold":true,"text":"Te vejo do outro lado amor"},{"text":"😍"}]}]}},{"id":"bdj8ttc6ob3j41sknc1kiu2k","groupId":"oj2gxpvxm8frl4trd5l1429g","type":"choice input","items":[{"id":"msajxawcngrlcils2ieznqwd","blockId":"bdj8ttc6ob3j41sknc1kiu2k","outgoingEdgeId":"h3zjcd6lc512etiu3exa1v84","type":0,"content":"Clique aqui"}],"options":{"isMultipleChoice":false,"buttonLabel":"Send","isSearchable":false,"searchInputPlaceholder":"Filter the options..."}},{"id":"ysjaa7t2436grq786pzs13dt","groupId":"oj2gxpvxm8frl4trd5l1429g","type":"Wait","options":{"secondsToWaitFor":"15"}},{"id":"cbitpcoo9cxlci7ymww210jw","groupId":"oj2gxpvxm8frl4trd5l1429g","type":"Redirect","options":{"url":"https://lastlink.com/p/C868CCB1D/checkout-payment/","isNewTab":false}}]},{"id":"iypfpm2b0f9vgfont9ladzsq","title":"Group #4","graphCoordinates":{"x":-821.83,"y":2068.99},"blocks":[{"id":"b9uquataguon4bfxcyemk9xh","groupId":"iypfpm2b0f9vgfont9ladzsq","type":"Redirect","options":{"url":"https://lastlink.com/p/C868CCB1D/checkout-payment/","isNewTab":false}}]}],"edges":[{"id":"z8cdjkl7lwkb7jo30vuf10td","from":{"groupId":"di538rqnb6wbpcx53k4yqtb4","blockId":"cx5iel8jxfo4caorf8rnjiw0"},"to":{"groupId":"lgoa1ft4v7dof8ct7r9bpq0c"}},{"id":"ozcss850p45tzpomlq78g1sq","from":{"groupId":"utfs5snx9wbuaxpthwusgnj2","blockId":"s4uh88p8ijswxl8u9zazmx0p"},"to":{"groupId":"oj2gxpvxm8frl4trd5l1429g"}},{"id":"xxx7s7djkdtfl2hss3289rfh","from":{"groupId":"lgoa1ft4v7dof8ct7r9bpq0c","blockId":"jl1vln6i4eay51s6ikxrfbye"},"to":{"groupId":"utfs5snx9wbuaxpthwusgnj2","blockId":"og0i60jvojhgrpb264rin2cv"}},{"id":"h3zjcd6lc512etiu3exa1v84","from":{"groupId":"oj2gxpvxm8frl4trd5l1429g","blockId":"bdj8ttc6ob3j41sknc1kiu2k","itemId":"msajxawcngrlcils2ieznqwd"},"to":{"groupId":"iypfpm2b0f9vgfont9ladzsq"}}],"variables":[{"id":"vd4u53d53iiinm28nkjl4a92l","name":"1"}],"theme":{"general":{"font":"Open Sans","background":{"type":"Image","content":"https://s3.fr-par.scw.cloud/typebot/public/typebots/cli88mae30010mh0f0yzjqn48/background?v=1685470080750"}},"chat":{"hostAvatar":{"isEnabled":true,"url":"https://i.postimg.cc/zvNCCz8L/checkout-Biazinha-2.jpg"},"guestAvatar":{"isEnabled":false,"url":"https://s3.fr-par.scw.cloud/typebot/public/typebots/cli88mae30010mh0f0yzjqn48/guestAvatar?v=1685330799682"},"hostBubbles":{"backgroundColor":"#FFFFFF","color":"#303235"},"guestBubbles":{"backgroundColor":"#e1ffc7","color":"#303235"},"buttons":{"backgroundColor":"#128C7E","color":"#FFFFFF"},"inputs":{"backgroundColor":"#FFFFFF","color":"#000000","placeholderColor":"#28292a"},"roundness":"medium"},"customCss":".typebot-chat-view > .flex:first-child {\n    padding-top: 30px;\n}\n\n.typebot-input {\n    position: fixed;\n    bottom: 0;\n    align-items: center;\n    z-index: 999;\n    right: 0;\n}\n\n.typebot-input .typebot-button {\n    background: #008a7c;\n    border-radius: 50%;\n    color: #fff;\n    position: relative;\n    width: 50px;\n    height: 50px;\n    display: flex;\n    align-items: center;\n    justify-content: center;\n}\n\n.typebot-container {\n    background-size: initial!important;\n    background-repeat: repeat-x!important;\n}\n\n.typebot-host-bubble>.bubble-typing {\n  border-radius: 0 5px 5px 5px;\n}\n\n.typebot-host-bubble>.bubble-typing:after {\n    position: absolute;\n    content: \"\";\n    width: 0;\n    height: 0;\n    border-style: solid;\n    border-width: 0px 10px 10px 0;\n    border-color: transparent #fff transparent transparent;\n    top: 0;\n    left: -10px;\n}\n\n.typebot-guest-bubble {\n  position: relative;\n  border-radius: 5px 0 5px 5px;\n}\n\n.typebot-guest-bubble:after {\n  position: absolute;\n  content: \"\";\n  width: 0;\n  height: 0;\n  border-style: solid;\n}\n\n.typebot-guest-bubble:after {\n    border-width: 0px 0 10px 10px;\n    border-color: transparent transparent transparent #e1ffc7;\n    top: 0;\n    right: -10px;\n    border-style: solid;\n}\n\niframe[src=\"\"] {\n  position: fixed;\n  top: 0;\n  left: 0;\n  display: relative;\n  width: 100%;\n  height: 100% !important;\n  z-index: 999999;\n  border: none;\n  padding: 0;\n  margin: 0;\n}\n\na#lite-badge {\n  display: none!important;\n}"},"selectedThemeTemplateId":null,"settings":{"general":{"isBrandingEnabled":false,"isInputPrefillEnabled":false,"isHideQueryParamsEnabled":false,"rememberUser":{"isEnabled":false}},"typingEmulation":{"enabled":true,"speed":300,"maxDelay":1.5},"metadata":{"title":"WhatsApp Web","description":"Bianca Gomes quer conversar com você!","imageUrl":"https://s3.fr-par.scw.cloud/typebot/public/typebots/mpx2cejn3v2yybieh00aexv2/ogImage?v=1689183595413","favIconUrl":"https://s3.fr-par.scw.cloud/typebot/public/typebots/mpx2cejn3v2yybieh00aexv2/favIcon?v=1689183570977","customHeadCode":"<!-- Facebook Pixel Code -->\n<script>\n   !function(f,b,e,v,n,t,s)\n  {if(f.fbq)return;n=f.fbq=function(){n.callMethod?\n    n.callMethod.apply(n,arguments):n.queue.push(arguments)};\n    if(!f._fbq)f._fbq=n;n.push=n;n.loaded=!0;n.version='2.0';\n    n.queue=[];t=b.createElement(e);t.async=!0;\n    t.src=v;s=b.getElementsByTagName(e)[0];\n    s.parentNode.insertBefore(t,s)}(window, document,'script',\n    'https://connect.facebook.net/en_US/fbevents.js');\n    fbq('init', 'SEUPIXELAQUI');\n    fbq('track', 'PageView');\n    fbq('track', 'ViewContent');\n \n</script>\n<!-- End Facebook Pixel Code -->\n<link rel=\"stylesheet\" href=\"https://cdnjs.cloudflare.com/ajax/libs/material-design-iconic-font/2.2.0/css/material-design-iconic-font.min.css\">\n<style>\n  .hide {\n    display: none!important;\n  }\n  typebot-standard {\n    position: relative;\n    z-index: 9999;\n  }\n  #__next {\n    position: relative;\n    z-index: 9999;\n}\n  /* User Bar */\n.user-bar {\n  width: 100%;\n  height: 55px;\n  background: #005e54;\n  color: #fff;\n  padding: 0;\n  font-size: 24px;\n  position: fixed;\n  z-index: 99999;\n  display: block;\n  top: 0;\n}\n\n.user-bar:after {\n  content: \"\";\n  display: table;\n  clear: both;\n}\n\n.user-bar div {\n    float: left;\n    transform: translateY(-50%);\n    position: relative;\n    top: 50%;\n    margin-left: 10px;\n}\n\n.user-bar .actions {\n  float: right;\n  margin: 0 0 0 20px;\n}\n\n.user-bar .actions.more {\n  margin: 0 12px 0 32px;\n}\n\n.user-bar .actions.attachment {\n  margin: 0 0 0 30px;\n}\n\n.user-bar .actions.attachment i {\n  display: block;\n  transform: rotate(-45deg);\n}\n\n.user-bar .avatar {\n  margin: 0 0 0 5px;\n  width: 36px;\n  height: 36px;\n}\n\n.user-bar .avatar img {\n  border-radius: 50%;\n  box-shadow: 0 1px 0 rgba(255, 255, 255, 0.1);\n  display: block;\n  width: 100%;\n}\n\n.user-bar .name {\n  font-size: 17px;\n  font-weight: 600;\n  text-overflow: ellipsis;\n  letter-spacing: 0.3px;\n  margin: 0 0 0 8px;\n  overflow: hidden;\n  white-space: nowrap;\n  width: 150px;\n}\n\n.user-bar .status {\n  display: block;\n  font-size: 13px;\n  font-weight: 400;\n  letter-spacing: 0;\n}\n</style>\n\n<script>\nfunction criarBarra() {\n  var userBar = document.createElement(\"div\");\n  userBar.className = \"user-bar\";\n\n  var backButton = document.createElement(\"div\");\n  backButton.className = \"back\";\n  backButton.innerHTML = '<i class=\"zmdi zmdi-arrow-left\"></i>';\n\n  var avatar = document.createElement(\"div\");\n  avatar.className = \"avatar\";\n  avatar.innerHTML = '<img src=\"https://i.postimg.cc/zvNCCz8L/checkout-Biazinha-2.jpg\" alt=\"Belzinha😈https://naturaisgosty.com/wp-content/uploads/2023/08/Captura_de_tela_2023-08-19_181813-removebg-preview.png\">';\n\n  var name = document.createElement(\"div\");\n  name.className = \"name\";\n  name.innerHTML = '<span>Belzinha😈</span><span class=\"status\">online</span>';\n\n  var moreActions = document.createElement(\"div\");\n  moreActions.className = \"actions more\";\n  moreActions.innerHTML = '<i class=\"zmdi zmdi-more-vert\"></i>';\n\n  var attachmentAction = document.createElement(\"div\");\n  attachmentAction.className = \"actions attachment\";\n  attachmentAction.innerHTML = '<i class=\"zmdi zmdi-attachment-alt\"></i>';\n\n  var phoneAction = document.createElement(\"div\");\n  phoneAction.className = \"actions\";\n  phoneAction.innerHTML = '<i class=\"zmdi zmdi-phone\"></i>';\n\n  userBar.appendChild(backButton);\n  userBar.appendChild(avatar);\n  userBar.appendChild(name);\n  userBar.appendChild(moreActions);\n  userBar.appendChild(attachmentAction);\n  userBar.appendChild(phoneAction);\n\n  var elementoPai = document.querySelector(\"#__next\");\n  if (elementoPai) {\n    elementoPai.insertBefore(userBar, elementoPai.firstChild);\n  }\n}\n\ncriarBarra();\n</script>\n"}},"createdAt":"2023-08-19T06:55:27.254Z","updatedAt":"2023-08-22T02:10:27.611Z","icon":null,"folderId":null,"publicId":"area","customDomain":null,"workspaceId":"clldtuij000bymk0fp0jcnfrl","resultsTablePreferences":{"columnsOrder":["select","date","lu7chlhd0zmboru3jp4sm6vx","hwvl25cmk4zqlfdqghrsr450","jjojjmjgzhz8f9jkrasjxddr","lgg2k7n7rq1mqy26gr6lmvjx","nxzuitxfawhtwqdjsndhuz0w","sdd3576ybxbfasytbf6x2tmg","wzj963m7uaykvz9fokv51lir","o9o57a4537r4fjzeznyf54ll","bdj8ttc6ob3j41sknc1kiu2k","logs"],"columnsVisibility":{"bdj8ttc6ob3j41sknc1kiu2k":true,"o9o57a4537r4fjzeznyf54ll":true},"columnsWidth":{}},"isArchived":false,"isClosed":false}