{"id":"clk75hkka009dkt0fhky0zism","version":"3","groups":[{"id":"vetfu7al6nvml5dszup0t8lg","title":"Start","blocks":[{"id":"cx5iel8jxfo4caorf8rnjiw0","type":"start","label":"Start","groupId":"vetfu7al6nvml5dszup0t8lg","outgoingEdgeId":"p1zo41h4lw8hhwlz09tkoged"}],"graphCoordinates":{"x":-1863.43,"y":180.39}},{"id":"x74stp97vg3dr9qk80kw43ag","title":"Group #2","blocks":[{"id":"jcjxek4t2qfk6pw7adfnkjir","type":"text","content":{"richText":[{"type":"p","children":[{"text":"Bianca Gomes entrou na conversa...","italic":true,"underline":true}]}]},"groupId":"x74stp97vg3dr9qk80kw43ag"},{"id":"vvvvcyk6e726slkxchnz071g","type":"Wait","groupId":"x74stp97vg3dr9qk80kw43ag","options":{"secondsToWaitFor":"2"}},{"id":"j5c33lfr0uokpszey7bs6mcz","type":"audio","content":{"url":"https://s3.fr-par.scw.cloud/typebot/public/typebots/p8c6bbosuobuf873f6ot99nf/blocks/j5c33lfr0uokpszey7bs6mcz?v=1689614569765"},"groupId":"x74stp97vg3dr9qk80kw43ag"},{"id":"qt7xdwjy4ajupksj9v4j6nuc","type":"Wait","groupId":"x74stp97vg3dr9qk80kw43ag","options":{"secondsToWaitFor":"5"}},{"id":"dmcfgu8589e6e20fgjnv3enu","type":"choice input","items":[{"id":"ercia52c4qxc8p64l672nwpq","type":0,"blockId":"dmcfgu8589e6e20fgjnv3enu","content":"Siiim 😈"}],"groupId":"x74stp97vg3dr9qk80kw43ag","options":{"buttonLabel":"Send","isSearchable":false,"isMultipleChoice":false,"searchInputPlaceholder":"Filter the options..."}},{"id":"w469pci5n3691g5e7p6xbkb7","type":"Wait","groupId":"x74stp97vg3dr9qk80kw43ag","options":{"secondsToWaitFor":"1"}},{"id":"js2fjmihdtpgdvbren49l9xg","type":"text","content":{"richText":[{"type":"p","children":[{"text":"Ahhh safadinho 🥰"}]}]},"groupId":"x74stp97vg3dr9qk80kw43ag"},{"id":"yt78mq24rha0kn6ydrvsrge4","type":"Wait","groupId":"x74stp97vg3dr9qk80kw43ag","options":{"secondsToWaitFor":"2"}},{"id":"dquwdr87btu4evsnaka49c62","type":"audio","content":{"url":"https://s3.fr-par.scw.cloud/typebot/public/typebots/p8c6bbosuobuf873f6ot99nf/blocks/dquwdr87btu4evsnaka49c62?v=1689614724028"},"groupId":"x74stp97vg3dr9qk80kw43ag"},{"id":"yz53sojxr88uiogonhcdqb1s","type":"Wait","groupId":"x74stp97vg3dr9qk80kw43ag","options":{"secondsToWaitFor":"17"}},{"id":"o9pmw1tie2922bt4isvpqj10","type":"text","content":{"richText":[{"type":"p","children":[{"text":"Está sozinho ai? posso te mandar seu presentinho? 🔥🎁\n"}]}]},"groupId":"x74stp97vg3dr9qk80kw43ag"},{"id":"wo82lkjy7e4al90uom96r7lh","type":"Wait","groupId":"x74stp97vg3dr9qk80kw43ag","options":{"secondsToWaitFor":"2"}},{"id":"qdkgswlunq05nchd5kxkmg2v","type":"choice input","items":[{"id":"hj7n9p7w16ily5oq1f5aaj8h","type":0,"blockId":"qdkgswlunq05nchd5kxkmg2v","content":"Pode sim, estou sozinho 😈"}],"groupId":"x74stp97vg3dr9qk80kw43ag","options":{"buttonLabel":"Send","isSearchable":false,"isMultipleChoice":false,"searchInputPlaceholder":"Filter the options..."}},{"id":"frdk8wro557vpbexqwphuh0l","type":"Wait","groupId":"x74stp97vg3dr9qk80kw43ag","options":{"secondsToWaitFor":"3"}},{"id":"brnt1xydwxolijdc4w9v6v4b","type":"text","content":{"richText":[{"type":"p","children":[{"text":"Espera ai bb, vou tirar... Mas não compartilha em grupo hein.."}]}]},"groupId":"x74stp97vg3dr9qk80kw43ag"},{"id":"rh7aobla4ucsunzr61ixf3o6","type":"Wait","groupId":"x74stp97vg3dr9qk80kw43ag","options":{"secondsToWaitFor":"4"}},{"id":"ok0g9u33o6bbqol7x3ysnes6","type":"image","content":{"url":"https://s3.fr-par.scw.cloud/typebot/public/typebots/p8c6bbosuobuf873f6ot99nf/blocks/ok0g9u33o6bbqol7x3ysnes6?v=1690246711638"},"groupId":"x74stp97vg3dr9qk80kw43ag"},{"id":"epb5yxnofum4xtisjoc6bt44","type":"Wait","groupId":"x74stp97vg3dr9qk80kw43ag","options":{"secondsToWaitFor":"2"}},{"id":"cjk206600ggfs4l9kq46z9dk","type":"text","content":{"richText":[{"type":"p","children":[{"text":"Gostou de mim? 😍"}]}]},"groupId":"x74stp97vg3dr9qk80kw43ag"},{"id":"kf4suncvy99pekgxlrjdj0mc","type":"text input","groupId":"x74stp97vg3dr9qk80kw43ag","options":{"isLong":false,"labels":{"button":"Send","placeholder":"Type your answer..."}}},{"id":"qarifthiwv72m2aojn8s74cd","type":"Wait","groupId":"x74stp97vg3dr9qk80kw43ag","options":{"secondsToWaitFor":"2"}},{"id":"mg3qy5lqtbqxxqp7jorl657v","type":"text","content":{"richText":[{"type":"p","children":[{"text":"Vou te manda um video, como quer me ver? Fazendo strip ou dando? 😈"}]}]},"groupId":"x74stp97vg3dr9qk80kw43ag"},{"id":"pfe3ej7gk9p8cbb66rrnnucj","type":"choice input","items":[{"id":"yfabj4iuszc3zreay0efv2o2","type":0,"blockId":"pfe3ej7gk9p8cbb66rrnnucj","content":"Strip","outgoingEdgeId":"gk73scl2xg8htab17t8b7gd9"},{"id":"qyzbiuwdzo7yvbkhxe0dg533","type":0,"blockId":"pfe3ej7gk9p8cbb66rrnnucj","content":"Dando","outgoingEdgeId":"fjkstbo39aty31fx04wndfrb"}],"groupId":"x74stp97vg3dr9qk80kw43ag","options":{"buttonLabel":"Send","isSearchable":false,"isMultipleChoice":false,"searchInputPlaceholder":"Filter the options..."},"outgoingEdgeId":"edb47lua2ocei2t2om6vmou2"}],"graphCoordinates":{"x":-1399.43,"y":28.39}},{"id":"j4yperszmjv03dvizni737g2","title":"masturbano","blocks":[{"id":"j5m1wg6416vbi1347hyf6kjd","type":"Wait","groupId":"j4yperszmjv03dvizni737g2","options":{"secondsToWaitFor":"1"}},{"id":"we65y0z50iwbw4mdvoffv8i2","type":"text","content":{"richText":[{"type":"p","children":[{"text":" Vou te mandar 😈 safado"}]}]},"groupId":"j4yperszmjv03dvizni737g2"},{"id":"vo7x665w9mr1q28z5o9tpevn","type":"Wait","groupId":"j4yperszmjv03dvizni737g2","options":{"secondsToWaitFor":"2"}},{"id":"m4ypjs0dazpanio9ck8sth79","type":"embed","content":{"url":"https://player-vz-682aebb8-184.tv.pandavideo.com.br/embed/?v=5ec144fa-7a05-48da-a1fb-d3a68b52a970","height":400},"groupId":"j4yperszmjv03dvizni737g2"},{"id":"aesi3djdc6977ib6mitoychc","type":"Wait","groupId":"j4yperszmjv03dvizni737g2","options":{"secondsToWaitFor":"5"}},{"id":"vhi1r3urpbb9z4a46v272180","type":"text","content":{"richText":[{"type":"p","children":[{"text":"ficou com vontade de me comer?\n"}]}]},"groupId":"j4yperszmjv03dvizni737g2"},{"id":"cmtlg4g78idcptqcndye8ddy","type":"Wait","groupId":"j4yperszmjv03dvizni737g2","options":{"secondsToWaitFor":"1"},"outgoingEdgeId":"nw6mfuk6xeeo7qelkkvw5ih7"}],"graphCoordinates":{"x":-333.43,"y":1802.39}},{"id":"u5h4003kdt0g1dmz1usoyf6a","title":"dano","blocks":[{"id":"hdgr825otdl6vsq1zczb22mf","type":"Wait","groupId":"u5h4003kdt0g1dmz1usoyf6a","options":{"secondsToWaitFor":"1"}},{"id":"l1zq6xe4hjbnaw4vnun4rbsz","type":"text","content":{"richText":[{"type":"p","children":[{"text":" Vou te mandar 😈 safado"}]}]},"groupId":"u5h4003kdt0g1dmz1usoyf6a"},{"id":"eidn5vl8f7j1jdn6reg0eu1k","type":"Wait","groupId":"u5h4003kdt0g1dmz1usoyf6a","options":{"secondsToWaitFor":"2"}},{"id":"wfdldccn914khvf0wt3mv4fz","type":"embed","content":{"url":"https://player-vz-682aebb8-184.tv.pandavideo.com.br/embed/?v=102ad926-a8bb-45a7-8207-d3ae4f75b106","height":400},"groupId":"u5h4003kdt0g1dmz1usoyf6a"},{"id":"oxf4ijfvidr2ngznjjljq3im","type":"Wait","groupId":"u5h4003kdt0g1dmz1usoyf6a","options":{"secondsToWaitFor":"5"}},{"id":"c6j97553emcdga7woy4jc1g5","type":"text","content":{"richText":[{"type":"p","children":[{"text":"ficou com vontade de me comer?\n"}]}]},"groupId":"u5h4003kdt0g1dmz1usoyf6a"},{"id":"qoji6rp7pc2ml61710omo2l4","type":"Wait","groupId":"u5h4003kdt0g1dmz1usoyf6a","options":{"secondsToWaitFor":"1"}},{"id":"jn9r1p9qrkrq4lup4362013d","type":"choice input","items":[{"id":"kokv3dmj73op10a1hhqz5j4c","type":0,"blockId":"jn9r1p9qrkrq4lup4362013d","content":"Muitaaaa"},{"id":"tusdi8ypx2rq2slvuqfibq4h","type":0,"blockId":"jn9r1p9qrkrq4lup4362013d","content":"Quero ver mais!!"}],"groupId":"u5h4003kdt0g1dmz1usoyf6a","options":{"buttonLabel":"Send","isSearchable":false,"isMultipleChoice":false,"searchInputPlaceholder":"Filter the options..."}},{"id":"l4p1dkrsqjeusmhpjpbonb3x","type":"Wait","groupId":"u5h4003kdt0g1dmz1usoyf6a","options":{"secondsToWaitFor":"3"}},{"id":"cdthupolx3rgw9mah1ndvqcu","type":"text","content":{"richText":[{"type":"p","children":[{"text":"se você puder cuidar de mim com 15 reais para "},{"bold":true,"text":"ajudar a pagar minha faculdade"},{"text":", eu te mando muitas fotinhas e videos, e "},{"bold":true,"text":"te dou meu numero particular e todo dia no whatsapp te envio fotinhas e videos pra você pensar em mim além de ligações de vídeo exclusivas só pra você."}]}]},"groupId":"u5h4003kdt0g1dmz1usoyf6a"},{"id":"v2s346an4xs1fggrznhsvw7i","type":"Wait","groupId":"u5h4003kdt0g1dmz1usoyf6a","options":{"secondsToWaitFor":"4"}},{"id":"g47s4fkprhusez6lcm51580z","type":"text","content":{"richText":[{"type":"p","children":[{"text":"Tambem tem mais de um video de 10 minutos de eu peladinha gostosa para voce ver!!!😈🥵🥰🥰"}]}]},"groupId":"u5h4003kdt0g1dmz1usoyf6a"},{"id":"probp1nzjjuk4yymx3scy86f","type":"Wait","groupId":"u5h4003kdt0g1dmz1usoyf6a","options":{"secondsToWaitFor":"3"}},{"id":"bf6zcl9f8mn75lyb0rks4s0g","type":"text","content":{"richText":[{"type":"p","children":[{"text":"Tem muitaaaas para você, mostrando a pepeka, brincanco com vibrador, mostrando a bucetinha escondida na academia, certeza que vai gostar 🤩"}]}]},"groupId":"u5h4003kdt0g1dmz1usoyf6a"},{"id":"ovq2f4ph5m6el6kqxqpzn9vn","type":"image","content":{"url":"https://s3.fr-par.scw.cloud/typebot/public/typebots/p8c6bbosuobuf873f6ot99nf/blocks/ovq2f4ph5m6el6kqxqpzn9vn?v=1690249584237"},"groupId":"u5h4003kdt0g1dmz1usoyf6a"},{"id":"gnutd61hnja386gt63h57gx9","type":"Wait","groupId":"u5h4003kdt0g1dmz1usoyf6a","options":{"secondsToWaitFor":"3"}},{"id":"lpwflozqs8ykzyqedpk9jziq","type":"text","content":{"richText":[{"type":"p","children":[{"text":"Amor, vou te mandar um depoimento de outro cliente que comprou meus vídeos e fotos pelada 🥰😘"}]}]},"groupId":"u5h4003kdt0g1dmz1usoyf6a"},{"id":"un0wdkpko6o4ubx52vuli982","type":"Wait","groupId":"u5h4003kdt0g1dmz1usoyf6a","options":{"secondsToWaitFor":"2"}},{"id":"sdq5rj9u03qn1gp5pfssb3ow","type":"image","content":{"url":"https://s3.fr-par.scw.cloud/typebot/public/typebots/p8c6bbosuobuf873f6ot99nf/blocks/sdq5rj9u03qn1gp5pfssb3ow?v=1690250657505"},"groupId":"u5h4003kdt0g1dmz1usoyf6a"},{"id":"izvjb7cm43essod2irr7whql","type":"Wait","groupId":"u5h4003kdt0g1dmz1usoyf6a","options":{"secondsToWaitFor":"4"}},{"id":"kgerjansi8ncb8hd5ydj717x","type":"choice input","items":[{"id":"lu3cv8ii4rrsue3ityfid8r3","type":0,"blockId":"kgerjansi8ncb8hd5ydj717x","content":"👉CLIQUE aqui meu bem para ajudar minha faculdade"}],"groupId":"u5h4003kdt0g1dmz1usoyf6a","options":{"buttonLabel":"Send","isSearchable":false,"isMultipleChoice":false,"searchInputPlaceholder":"Filter the options..."}},{"id":"pt8nuidp7bzc583t0ixvmh9d","type":"audio","content":{"url":"https://s3.fr-par.scw.cloud/typebot/public/typebots/p8c6bbosuobuf873f6ot99nf/blocks/mxb1d87tmqgcpzxnmaob379t?v=1689615399907"},"groupId":"u5h4003kdt0g1dmz1usoyf6a"},{"id":"gfrnl3wudw0bu0vk242fgxji","type":"Wait","groupId":"u5h4003kdt0g1dmz1usoyf6a","options":{"secondsToWaitFor":"11"}},{"id":"sq889sxrqmiizw4g5v5wldsb","type":"text","content":{"richText":[{"type":"p","children":[{"text":"e não se preocupe em ser descoberto, na fatura do cartão ou no pix vem escrito com compra de supermercado, assim mantemos em "},{"bold":true,"text":"segredo"},{"text":" 🤭"}]}]},"groupId":"u5h4003kdt0g1dmz1usoyf6a"},{"id":"xf0jrbfkbehj1kgb66crf6i1","type":"Wait","groupId":"u5h4003kdt0g1dmz1usoyf6a","options":{"secondsToWaitFor":"5"}},{"id":"d7p6up5q5102vsap64ekdvk0","type":"text","content":{"richText":[{"type":"p","children":[{"text":"por conta disso o pix sera o copia e cola, um codigo grande, que é so copiar ele ( o codigo completo) e fazer a transferencia por copia e cola, amor😍😘"}]}]},"groupId":"u5h4003kdt0g1dmz1usoyf6a"},{"id":"ulkxfnrmjl0zs9zsjup8bqst","type":"Wait","groupId":"u5h4003kdt0g1dmz1usoyf6a","options":{"secondsToWaitFor":"3"}},{"id":"h8njgjpneqk8mqu0hptu93is","type":"text","content":{"richText":[{"type":"p","children":[{"text":"Amor meu banco esta com problema vou conseguir gerar só o pix na hora, mas vou te passar meu whatssap se você realmente quiser minhas fotinhas peladinha, me manda mensagem la que eu mando o numero do pix... Mas por favor respeito porque estou fazendo isso só pra conseguir pagar minha faculdade 😍🥰"}]}]},"groupId":"u5h4003kdt0g1dmz1usoyf6a"},{"id":"p7fvsbmohlk1c3cmpghgytsq","type":"choice input","items":[{"id":"vasmky4o8yohvaf8gshjt0fk","type":0,"blockId":"p7fvsbmohlk1c3cmpghgytsq","content":"Clique para falar comigo no whats😈!!"}],"groupId":"u5h4003kdt0g1dmz1usoyf6a","options":{"buttonLabel":"Send","isSearchable":false,"isMultipleChoice":false,"searchInputPlaceholder":"Filter the options..."}},{"id":"fh0o7mb6fr6h5d7vyc7dcbdo","type":"Redirect","groupId":"u5h4003kdt0g1dmz1usoyf6a","options":{"url":"https://api.whatsapp.com/send?phone=5519989834135&text=Ol%C3%A1,%20vim%20minha%20linda,%20qual%20%C3%A9%20o%20c%C3%B3digo%20do%20pix%20por%20favor?%20","isNewTab":false}}],"graphCoordinates":{"x":-931.77,"y":2208.39}}],"variables":[],"edges":[{"id":"p1zo41h4lw8hhwlz09tkoged","to":{"blockId":"jcjxek4t2qfk6pw7adfnkjir","groupId":"x74stp97vg3dr9qk80kw43ag"},"from":{"blockId":"cx5iel8jxfo4caorf8rnjiw0","groupId":"vetfu7al6nvml5dszup0t8lg"}},{"id":"gk73scl2xg8htab17t8b7gd9","to":{"blockId":"j5m1wg6416vbi1347hyf6kjd","groupId":"j4yperszmjv03dvizni737g2"},"from":{"itemId":"yfabj4iuszc3zreay0efv2o2","blockId":"pfe3ej7gk9p8cbb66rrnnucj","groupId":"x74stp97vg3dr9qk80kw43ag"}},{"id":"zc35gs82rhmohheuw2kiin07","to":{"blockId":"hdgr825otdl6vsq1zczb22mf","groupId":"u5h4003kdt0g1dmz1usoyf6a"},"from":{"itemId":"mqossk6xdtn8os9rz0hnwedq","blockId":"pfe3ej7gk9p8cbb66rrnnucj","groupId":"x74stp97vg3dr9qk80kw43ag"}},{"id":"edb47lua2ocei2t2om6vmou2","to":{"blockId":"pfe3ej7gk9p8cbb66rrnnucj","groupId":"x74stp97vg3dr9qk80kw43ag"},"from":{"blockId":"pfe3ej7gk9p8cbb66rrnnucj","groupId":"x74stp97vg3dr9qk80kw43ag"}},{"id":"fjkstbo39aty31fx04wndfrb","to":{"groupId":"u5h4003kdt0g1dmz1usoyf6a"},"from":{"itemId":"qyzbiuwdzo7yvbkhxe0dg533","blockId":"pfe3ej7gk9p8cbb66rrnnucj","groupId":"x74stp97vg3dr9qk80kw43ag"}},{"id":"nw6mfuk6xeeo7qelkkvw5ih7","to":{"blockId":"jn9r1p9qrkrq4lup4362013d","groupId":"u5h4003kdt0g1dmz1usoyf6a"},"from":{"blockId":"cmtlg4g78idcptqcndye8ddy","groupId":"j4yperszmjv03dvizni737g2"}}],"theme":{"chat":{"inputs":{"color":"#000000","backgroundColor":"#FFFFFF","placeholderColor":"#28292a"},"buttons":{"color":"#FFFFFF","backgroundColor":"#128C7E"},"roundness":"medium","hostAvatar":{"url":"https://cdn.discordapp.com/attachments/717415059663487076/1133198529565831228/Captura_de_tela_2023-07-24_213337.png","isEnabled":true},"guestAvatar":{"url":"https://s3.fr-par.scw.cloud/typebot/public/typebots/cli88mae30010mh0f0yzjqn48/guestAvatar?v=1685330799682","isEnabled":false},"hostBubbles":{"color":"#303235","backgroundColor":"#FFFFFF"},"guestBubbles":{"color":"#303235","backgroundColor":"#e1ffc7"}},"general":{"font":"Open Sans","background":{"type":"Image","content":"https://s3.fr-par.scw.cloud/typebot/public/typebots/cli88mae30010mh0f0yzjqn48/background?v=1685470080750"}},"customCss":".typebot-chat-view > .flex:first-child {\n    padding-top: 30px;\n}\n\n.typebot-input {\n    position: fixed;\n    bottom: 0;\n    align-items: center;\n    z-index: 999;\n    right: 0;\n}\n\n.typebot-input .typebot-button {\n    background: #008a7c;\n    border-radius: 50%;\n    color: #fff;\n    position: relative;\n    width: 50px;\n    height: 50px;\n    display: flex;\n    align-items: center;\n    justify-content: center;\n}\n\n.typebot-container {\n    background-size: initial!important;\n    background-repeat: repeat-x!important;\n}\n\n.typebot-host-bubble>.bubble-typing {\n  border-radius: 0 5px 5px 5px;\n}\n\n.typebot-host-bubble>.bubble-typing:after {\n    position: absolute;\n    content: \"\";\n    width: 0;\n    height: 0;\n    border-style: solid;\n    border-width: 0px 10px 10px 0;\n    border-color: transparent #fff transparent transparent;\n    top: 0;\n    left: -10px;\n}\n\n.typebot-guest-bubble {\n  position: relative;\n  border-radius: 5px 0 5px 5px;\n}\n\n.typebot-guest-bubble:after {\n  position: absolute;\n  content: \"\";\n  width: 0;\n  height: 0;\n  border-style: solid;\n}\n\n.typebot-guest-bubble:after {\n    border-width: 0px 0 10px 10px;\n    border-color: transparent transparent transparent #e1ffc7;\n    top: 0;\n    right: -10px;\n    border-style: solid;\n}\n\niframe[src=\"\"] {\n  position: fixed;\n  top: 0;\n  left: 0;\n  display: relative;\n  width: 100%;\n  height: 100% !important;\n  z-index: 999999;\n  border: none;\n  padding: 0;\n  margin: 0;\n}\n\na#lite-badge {\n  display: none!important;\n}"},"settings":{"general":{"rememberUser":{"isEnabled":false},"isBrandingEnabled":true,"isInputPrefillEnabled":false,"isHideQueryParamsEnabled":false},"metadata":{"title":"WhatsApp Web","imageUrl":"https://s3.fr-par.scw.cloud/typebot/public/typebots/mpx2cejn3v2yybieh00aexv2/ogImage?v=1689183595413","favIconUrl":"https://s3.fr-par.scw.cloud/typebot/public/typebots/mpx2cejn3v2yybieh00aexv2/favIcon?v=1689183570977","description":"Sabrina Diniz quer conversar com você!","customHeadCode":"<!-- Facebook Pixel Code -->\n<script>\n   !function(f,b,e,v,n,t,s)\n  {if(f.fbq)return;n=f.fbq=function(){n.callMethod?\n    n.callMethod.apply(n,arguments):n.queue.push(arguments)};\n    if(!f._fbq)f._fbq=n;n.push=n;n.loaded=!0;n.version='2.0';\n    n.queue=[];t=b.createElement(e);t.async=!0;\n    t.src=v;s=b.getElementsByTagName(e)[0];\n    s.parentNode.insertBefore(t,s)}(window, document,'script',\n    'https://connect.facebook.net/en_US/fbevents.js');\n    fbq('init', 'SEUPIXELAQUI');\n    fbq('track', 'PageView');\n    fbq('track', 'ViewContent');\n \n</script>\n<!-- End Facebook Pixel Code -->\n<link rel=\"stylesheet\" href=\"https://cdnjs.cloudflare.com/ajax/libs/material-design-iconic-font/2.2.0/css/material-design-iconic-font.min.css\">\n<style>\n  .hide {\n    display: none!important;\n  }\n  typebot-standard {\n    position: relative;\n    z-index: 9999;\n  }\n  #__next {\n    position: relative;\n    z-index: 9999;\n}\n  /* User Bar */\n.user-bar {\n  width: 100%;\n  height: 55px;\n  background: #005e54;\n  color: #fff;\n  padding: 0;\n  font-size: 24px;\n  position: fixed;\n  z-index: 99999;\n  display: block;\n  top: 0;\n}\n\n.user-bar:after {\n  content: \"\";\n  display: table;\n  clear: both;\n}\n\n.user-bar div {\n    float: left;\n    transform: translateY(-50%);\n    position: relative;\n    top: 50%;\n    margin-left: 10px;\n}\n\n.user-bar .actions {\n  float: right;\n  margin: 0 0 0 20px;\n}\n\n.user-bar .actions.more {\n  margin: 0 12px 0 32px;\n}\n\n.user-bar .actions.attachment {\n  margin: 0 0 0 30px;\n}\n\n.user-bar .actions.attachment i {\n  display: block;\n  transform: rotate(-45deg);\n}\n\n.user-bar .avatar {\n  margin: 0 0 0 5px;\n  width: 36px;\n  height: 36px;\n}\n\n.user-bar .avatar img {\n  border-radius: 50%;\n  box-shadow: 0 1px 0 rgba(255, 255, 255, 0.1);\n  display: block;\n  width: 100%;\n}\n\n.user-bar .name {\n  font-size: 17px;\n  font-weight: 600;\n  text-overflow: ellipsis;\n  letter-spacing: 0.3px;\n  margin: 0 0 0 8px;\n  overflow: hidden;\n  white-space: nowrap;\n  width: 150px;\n}\n\n.user-bar .status {\n  display: block;\n  font-size: 13px;\n  font-weight: 400;\n  letter-spacing: 0;\n}\n</style>\n\n<script>\nfunction criarBarra() {\n  var userBar = document.createElement(\"div\");\n  userBar.className = \"user-bar\";\n\n  var backButton = document.createElement(\"div\");\n  backButton.className = \"back\";\n  backButton.innerHTML = '<i class=\"zmdi zmdi-arrow-left\"></i>';\n\n  var avatar = document.createElement(\"div\");\n  avatar.className = \"avatar\";\n  avatar.innerHTML = '<img src=\"https://cdn.discordapp.com/attachments/717415059663487076/1133198529565831228/Captura_de_tela_2023-07-24_213337.png\" alt=\"CF DO JEFF\">';\n\n  var name = document.createElement(\"div\");\n  name.className = \"name\";\n  name.innerHTML = '<span>Bianca Gomes</span><span class=\"status\">online</span>';\n\n  var moreActions = document.createElement(\"div\");\n  moreActions.className = \"actions more\";\n  moreActions.innerHTML = '<i class=\"zmdi zmdi-more-vert\"></i>';\n\n  var attachmentAction = document.createElement(\"div\");\n  attachmentAction.className = \"actions attachment\";\n  attachmentAction.innerHTML = '<i class=\"zmdi zmdi-attachment-alt\"></i>';\n\n  var phoneAction = document.createElement(\"div\");\n  phoneAction.className = \"actions\";\n  phoneAction.innerHTML = '<i class=\"zmdi zmdi-phone\"></i>';\n\n  userBar.appendChild(backButton);\n  userBar.appendChild(avatar);\n  userBar.appendChild(name);\n  userBar.appendChild(moreActions);\n  userBar.appendChild(attachmentAction);\n  userBar.appendChild(phoneAction);\n\n  var elementoPai = document.querySelector(\"#__next\");\n  if (elementoPai) {\n    elementoPai.insertBefore(userBar, elementoPai.firstChild);\n  }\n}\n\ncriarBarra();\n</script>\n"},"typingEmulation":{"speed":300,"enabled":true,"maxDelay":1.5}}}