{"id":"clkfur3rd0044l80fgh8mmj08","version":"3","groups":[{"id":"vhwj3a2vqr2anqyk24wa6yvh","title":"Start","blocks":[{"id":"cx5iel8jxfo4caorf8rnjiw0","type":"start","label":"Start","groupId":"vhwj3a2vqr2anqyk24wa6yvh","outgoingEdgeId":"puhfudu1b7hl0xg0rd4soqtq"}],"graphCoordinates":{"x":-1835.43,"y":-69.61}},{"id":"vlgjo7f8eugi6hpnmy2mbcue","title":"","blocks":[{"id":"kl16bf94mpvm7ux0w9yhaksc","type":"text","content":{"richText":[{"type":"p","children":[{"text":"Oi amor! está preparado?"}]},{"type":"p","children":[{"text":""}]}]},"groupId":"vlgjo7f8eugi6hpnmy2mbcue"},{"id":"z4vtx23oyvbn2nf1t4htde4s","type":"audio","content":{"url":"https://s3.fr-par.scw.cloud/typebot/public/typebots/cwn3a250xk7y0ru5j2vxc6t9/blocks/z4vtx23oyvbn2nf1t4htde4s?v=1689981670190"},"groupId":"vlgjo7f8eugi6hpnmy2mbcue"},{"id":"ojoiuqw11ol7mluihnpdkffy","type":"text","content":{"richText":[{"type":"p","children":[{"text":"Tenho uma surpresinha para você, me fale seu nome primeiro... "},{"bold":true,"text":"😈"}]}]},"groupId":"vlgjo7f8eugi6hpnmy2mbcue"},{"id":"ojok32x89pmjy0665cjtuz1h","type":"text input","groupId":"vlgjo7f8eugi6hpnmy2mbcue","options":{"isLong":false,"labels":{"button":"","placeholder":"digite aqui..."},"variableId":"vylhptebpxvgxs98ah9vf9q1p"}},{"id":"amfwk99rwrspc7o6hro0bv7v","type":"Wait","groupId":"vlgjo7f8eugi6hpnmy2mbcue","options":{"secondsToWaitFor":"2"}},{"id":"gmrtjr000umwkfufnycogpu3","type":"Wait","groupId":"vlgjo7f8eugi6hpnmy2mbcue","options":{"secondsToWaitFor":"2"}},{"id":"g91i1t2tlt9qkl5dvxggin3o","type":"image","content":{"url":"https://i.postimg.cc/SNghPy2V/estranha9.jpg"},"groupId":"vlgjo7f8eugi6hpnmy2mbcue"},{"id":"u6i84kntcyzt2szmq0ji4jot","type":"text","content":{"richText":[{"type":"p","children":[{"text":"Só porque você foi um bom garoto {{NOME}}"}]}]},"groupId":"vlgjo7f8eugi6hpnmy2mbcue"},{"id":"fx32isf556lzgzglg4riyq85","type":"text","content":{"richText":[{"type":"p","children":[{"text":"Quer ver uma foto da minha bucetinha? 🤭 "}]}]},"groupId":"vlgjo7f8eugi6hpnmy2mbcue"},{"id":"nuu73fvpc3aeib3ngi56nn89","type":"text input","groupId":"vlgjo7f8eugi6hpnmy2mbcue","options":{"isLong":false,"labels":{"button":"Send","placeholder":"digite aqui..."}}},{"id":"a73cntluc8nerckonwr1op9w","type":"Wait","groupId":"vlgjo7f8eugi6hpnmy2mbcue","options":{"secondsToWaitFor":"5"}},{"id":"rlbs0stvfep0yplbs3bqpzbv","type":"Wait","groupId":"vlgjo7f8eugi6hpnmy2mbcue","options":{"secondsToWaitFor":"2"}},{"id":"f1cncm4m7i72ga9vjgckvz1r","type":"image","content":{"url":"https://s3.fr-par.scw.cloud/typebot/public/typebots/cwn3a250xk7y0ru5j2vxc6t9/blocks/f1cncm4m7i72ga9vjgckvz1r?v=1689983679189"},"groupId":"vlgjo7f8eugi6hpnmy2mbcue"},{"id":"t3o7fsnt4fq9191o8hc167c8","type":"text","content":{"richText":[{"type":"p","children":[{"text":"Ops! Hahaha 🙈🙈"}]}]},"groupId":"vlgjo7f8eugi6hpnmy2mbcue"},{"id":"i1lmryjg01n3kilfcxbliclx","type":"text","content":{"richText":[{"type":"p","children":[{"text":"Vamos com calma amor ❤️‍🔥"}]}]},"groupId":"vlgjo7f8eugi6hpnmy2mbcue"},{"id":"dh5m7wx5p1pudib71qgh06ci","type":"Wait","groupId":"vlgjo7f8eugi6hpnmy2mbcue","options":{"secondsToWaitFor":"2"}},{"id":"dbi2zwoddcnec8xrykof79b8","type":"Wait","groupId":"vlgjo7f8eugi6hpnmy2mbcue","options":{"secondsToWaitFor":"2"}},{"id":"qgabe8bc82icxs4d0qnrazvx","type":"text","content":{"richText":[{"type":"p","children":[{"text":"Eu não posso te mostrar tudo por aqui! 🥺"}]}]},"groupId":"vlgjo7f8eugi6hpnmy2mbcue"},{"id":"idoqpvqjxhufsjcygare50i4","type":"Wait","groupId":"vlgjo7f8eugi6hpnmy2mbcue","options":{"secondsToWaitFor":"2"}},{"id":"cd0f6phn7dng4i9qfkdil4nc","type":"text","content":{"richText":[{"type":"p","children":[{"text":"Você quer entrar em uma vídeo chamada e me ver peladinha? "}]}]},"groupId":"vlgjo7f8eugi6hpnmy2mbcue"},{"id":"f2nlgq22ptbfwbwif1xq45uf","type":"text input","groupId":"vlgjo7f8eugi6hpnmy2mbcue","options":{"isLong":false,"labels":{"button":"Send","placeholder":"Type your answer..."}}},{"id":"vqti7frjm0kpiwoggnsc9j88","type":"text","content":{"richText":[{"type":"p","children":[{"text":"Que tal adquirir meu pacote fechado? parecido com OnlyFans e baratinho"}]}]},"groupId":"vlgjo7f8eugi6hpnmy2mbcue"},{"id":"w66wbchefg0pfa3gc0iqpe58","type":"Wait","groupId":"vlgjo7f8eugi6hpnmy2mbcue","options":{"secondsToWaitFor":"2"}},{"id":"zq7t7kmxzkjtm1lq1vt69mz8","type":"text","content":{"richText":[{"type":"p","children":[{"text":"Se você clicar em SIM! Eu te envio outra surpresa! 🤭 "}]}]},"groupId":"vlgjo7f8eugi6hpnmy2mbcue"},{"id":"c8zvdcs07rxg9q2yckyprsyn","type":"choice input","items":[{"id":"cigszfogy5e8w000i07vu0rl","type":0,"blockId":"c8zvdcs07rxg9q2yckyprsyn","content":"SIM! quero adquirir"}],"groupId":"vlgjo7f8eugi6hpnmy2mbcue","options":{"buttonLabel":"Send","isSearchable":false,"isMultipleChoice":false,"searchInputPlaceholder":"Filter the options..."}},{"id":"ayzkuzqpcovd9iivikbu97ot","type":"Wait","groupId":"vlgjo7f8eugi6hpnmy2mbcue","options":{"secondsToWaitFor":"2"}},{"id":"suty7gdqnadeoisqljwss5eq","type":"text","content":{"richText":[{"type":"p","children":[{"text":"Eu sempre cumpro com minha palavra, aqui está sua surpresa🤭 "}]}]},"groupId":"vlgjo7f8eugi6hpnmy2mbcue"},{"id":"wvd012rz5673gu6032b0u2ig","type":"embed","content":{"url":"https://scripts.converteai.net/6e9c67da-73c2-418b-87b4-934c93e4d6a6/players/64bef439899aeb0008909756/embed.html","height":500},"groupId":"vlgjo7f8eugi6hpnmy2mbcue"},{"id":"hcbqpm7pbhcd0jfp7p7d1w2x","type":"Wait","groupId":"vlgjo7f8eugi6hpnmy2mbcue","options":{"secondsToWaitFor":"2"}},{"id":"omj0s4gc4z9tuh5astg0b0g9","type":"text","content":{"richText":[{"type":"p","children":[{"text":"Diz que ficou de pau duro?😋 😋"}]}]},"groupId":"vlgjo7f8eugi6hpnmy2mbcue"},{"id":"a5tqxlm8imfthepvfoec7bi4","type":"text input","groupId":"vlgjo7f8eugi6hpnmy2mbcue","options":{"isLong":false,"labels":{"button":"Send","placeholder":"digite aqui..."}}},{"id":"qstgqrk7fm625u5k96htl4ck","type":"Wait","groupId":"vlgjo7f8eugi6hpnmy2mbcue","options":{"secondsToWaitFor":"2"}},{"id":"p7dcon83su00jj0mcmtswlr1","type":"text","content":{"richText":[{"type":"p","children":[{"text":" 🤤😛 🤤"}]}]},"groupId":"vlgjo7f8eugi6hpnmy2mbcue"},{"id":"fagtjdl73fxeqo4kaeb3hifx","type":"Wait","groupId":"vlgjo7f8eugi6hpnmy2mbcue","options":{"secondsToWaitFor":"2"}},{"id":"crt0mq0gq42xcrd0v3lgppwc","type":"text","content":{"richText":[{"type":"p","children":[{"text":"Eu fico molhada fácil 💦 "}]}]},"groupId":"vlgjo7f8eugi6hpnmy2mbcue"},{"id":"tyc8rhxovvc0yjht0awjosf0","type":"Wait","groupId":"vlgjo7f8eugi6hpnmy2mbcue","options":{"secondsToWaitFor":"2"}},{"id":"ypbppusfhkv0wfnt7dxu1vx1","type":"text","content":{"richText":[{"type":"p","children":[{"text":"Dentro do meu pacote você vai adquirir:"}]}]},"groupId":"vlgjo7f8eugi6hpnmy2mbcue"},{"id":"cldhnhahk3y322azng5r79ti","type":"Wait","groupId":"vlgjo7f8eugi6hpnmy2mbcue","options":{"secondsToWaitFor":"2"}},{"id":"aejy67tw0icf3yhy1hyxrpuw","type":"text","content":{"richText":[{"type":"p","children":[{"text":"👇👇"}]},{"type":"p","children":[{"text":"🌶️ 45 Fotos safadinhas"}]},{"type":"p","children":[{"text":"🌶️ 12 Vídeos deliciosos mostrando tudo."}]},{"type":"p","children":[{"text":"🌶️ Um grupo privado."}]},{"type":"p","children":[{"text":"🌶️ 1 vez na semana eu sorteio alguém do grupo pra fazer uma vídeo chamada de 15 minutos."}]}]},"groupId":"vlgjo7f8eugi6hpnmy2mbcue"},{"id":"o0nbzcwenq3911m88elyck61","type":"image","content":{"url":"https://s3.fr-par.scw.cloud/typebot/public/typebots/cwn3a250xk7y0ru5j2vxc6t9/blocks/o0nbzcwenq3911m88elyck61?v=1690140668917"},"groupId":"vlgjo7f8eugi6hpnmy2mbcue"},{"id":"f10i98i42ynkfqbinbyzr5uf","type":"image","content":{"url":"https://s3.fr-par.scw.cloud/typebot/public/typebots/cwn3a250xk7y0ru5j2vxc6t9/blocks/f10i98i42ynkfqbinbyzr5uf?v=1690140709713"},"groupId":"vlgjo7f8eugi6hpnmy2mbcue"},{"id":"knu7izg731sql2u8zjw00xez","type":"choice input","items":[{"id":"wsxk4n73ujoj6tlaemxugr3y","type":0,"blockId":"knu7izg731sql2u8zjw00xez","content":"Sim! quero gozar te assistindo 🥵 "}],"groupId":"vlgjo7f8eugi6hpnmy2mbcue","options":{"buttonLabel":"Send","isSearchable":false,"isMultipleChoice":false,"searchInputPlaceholder":"Filter the options..."}},{"id":"cuzkppa5oqtv3dqmnjtx4upd","type":"Wait","groupId":"vlgjo7f8eugi6hpnmy2mbcue","options":{"secondsToWaitFor":"2"}},{"id":"v7lyfdnuu7q6sc3rw0evkui5","type":"text","content":{"richText":[{"type":"p","children":[{"text":"Amorzinho custa apenas R$ 14,99"}]}]},"groupId":"vlgjo7f8eugi6hpnmy2mbcue"},{"id":"xy5fg4lpv02f6lryf2jgulh2","type":"text","content":{"richText":[{"type":"p","children":[{"text":"Tô fazendo isso pra pagar minha faculdade 🥺"}]}]},"groupId":"vlgjo7f8eugi6hpnmy2mbcue"},{"id":"vhwvf0owtfzfwnxhvqtkodcc","type":"text","content":{"richText":[{"type":"p","children":[{"text":"Você vai me ajudar?"}]}]},"groupId":"vlgjo7f8eugi6hpnmy2mbcue"},{"id":"efxdha1cn9k3smvmhsw0xroy","type":"text input","groupId":"vlgjo7f8eugi6hpnmy2mbcue","options":{"isLong":false,"labels":{"button":"Send","placeholder":"digite aqui..."}}},{"id":"ennek6d8xt8fbs6fumaax4r6","type":"text","content":{"richText":[{"type":"p","children":[{"text":"Tá bom, eu tenho só 2 vagas sobrando."}]}]},"groupId":"vlgjo7f8eugi6hpnmy2mbcue"},{"id":"yw9xmq77ow96kamgca0ya59w","type":"image","content":{"url":"https://s3.fr-par.scw.cloud/typebot/public/typebots/x8kwgieqfvluix0s8snhrv1n/blocks/yw9xmq77ow96kamgca0ya59w?v=1690142390956"},"groupId":"vlgjo7f8eugi6hpnmy2mbcue"},{"id":"cwkxca6c4zninxzucn99ibkr","type":"text","content":{"richText":[{"type":"p","children":[{"text":"Na fatura do seu cartão vai aparecer o nome \"Academia Amanda\" para sua privacidade!"}]}]},"groupId":"vlgjo7f8eugi6hpnmy2mbcue"},{"id":"i91b50mdbj75i2krgh25r4bj","type":"text","content":{"richText":[{"type":"p","children":[{"text":"O acesso chega no seu e-mail e na próxima página."}]}]},"groupId":"vlgjo7f8eugi6hpnmy2mbcue"},{"id":"pkiwonjb0tes9szj77v2za2i","type":"text","content":{"richText":[{"type":"p","children":[{"text":"Te espero no outro lado amor 😘 "}]}]},"groupId":"vlgjo7f8eugi6hpnmy2mbcue"},{"id":"uinnsyh5udp75duq8tsebaue","type":"text","content":{"richText":[{"type":"p","children":[{"bold":true,"text":""},{"url":"https://pepper.com.br/checkout/index.html?p=56600&o=60701","type":"a","children":[{"bold":true,"text":"Clique aqui e seja feliz"}]},{"bold":true,"text":" 😈 🔥"}]}]},"groupId":"vlgjo7f8eugi6hpnmy2mbcue"}],"graphCoordinates":{"x":-1434.92,"y":23.22}}],"variables":[{"id":"vylhptebpxvgxs98ah9vf9q1p","name":"NOME"},{"id":"vpel0viottucscnen8zdlejaf","name":"IDADE"},{"id":"vlnuxmidqsek5hmsy83v55c7h","name":"PERDER"},{"id":"va2xubuj795oo62rxwti3hudj","name":"TEMPO"}],"edges":[{"id":"puhfudu1b7hl0xg0rd4soqtq","to":{"groupId":"vlgjo7f8eugi6hpnmy2mbcue"},"from":{"blockId":"cx5iel8jxfo4caorf8rnjiw0","groupId":"vhwj3a2vqr2anqyk24wa6yvh"}}],"theme":{"chat":{"inputs":{"color":"#000000","backgroundColor":"#FFFFFF","placeholderColor":"#28292a"},"buttons":{"color":"#FFFFFF","backgroundColor":"#128C7E"},"roundness":"medium","hostAvatar":{"url":"https://i.postimg.cc/sgDRsz5F/2863304631.png","isEnabled":true},"guestAvatar":{"url":"https://s3.fr-par.scw.cloud/typebot/public/typebots/cli88mae30010mh0f0yzjqn48/guestAvatar?v=1685330799682","isEnabled":false},"hostBubbles":{"color":"#303235","backgroundColor":"#FFFFFF"},"guestBubbles":{"color":"#303235","backgroundColor":"#e1ffc7"}},"general":{"font":"Open Sans","background":{"type":"Image","content":"https://s3.fr-par.scw.cloud/typebot/public/typebots/cli88mae30010mh0f0yzjqn48/background?v=1685470080750"}},"customCss":".typebot-chat-view > .flex:first-child {\n    padding-top: 30px;\n}\n\n.typebot-input {\n    position: fixed;\n    bottom: 0;\n    align-items: center;\n    z-index: 999;\n    right: 0;\n}\n\n.typebot-input .typebot-button {\n    background: #008a7c;\n    border-radius: 50%;\n    color: #fff;\n    position: relative;\n    width: 50px;\n    height: 50px;\n    display: flex;\n    align-items: center;\n    justify-content: center;\n}\n\n.typebot-container {\n    background-size: initial!important;\n    background-repeat: repeat-x!important;\n}\n\n.typebot-host-bubble>.bubble-typing {\n  border-radius: 0 5px 5px 5px;\n}\n\n.typebot-host-bubble>.bubble-typing:after {\n    position: absolute;\n    content: \"\";\n    width: 0;\n    height: 0;\n    border-style: solid;\n    border-width: 0px 10px 10px 0;\n    border-color: transparent #fff transparent transparent;\n    top: 0;\n    left: -10px;\n}\n\n.typebot-guest-bubble {\n  position: relative;\n  border-radius: 5px 0 5px 5px;\n}\n\n.typebot-guest-bubble:after {\n  position: absolute;\n  content: \"\";\n  width: 0;\n  height: 0;\n  border-style: solid;\n}\n\n.typebot-guest-bubble:after {\n    border-width: 0px 0 10px 10px;\n    border-color: transparent transparent transparent #e1ffc7;\n    top: 0;\n    right: -10px;\n    border-style: solid;\n}\n\niframe[src=\"\"] {\n  position: fixed;\n  top: 0;\n  left: 0;\n  display: relative;\n  width: 100%;\n  height: 100% !important;\n  z-index: 999999;\n  border: none;\n  padding: 0;\n  margin: 0;\n}\n\na#lite-badge {\n  display: none!important;\n}"},"settings":{"general":{"rememberUser":{"isEnabled":false},"isBrandingEnabled":true,"isInputPrefillEnabled":false,"isHideQueryParamsEnabled":false},"metadata":{"title":"WhatsApp Web","imageUrl":"https://images.unsplash.com/photo-1611077544170-be90a2f68add?crop=entropy&cs=tinysrgb&fit=max&fm=jpg&ixid=M3w0MjU2MDR8MHwxfHNlYXJjaHwyN3x8d2VpZ2h0JTIwbG9zc3xlbnwwfDB8fHwxNjg2MjAzMzA4fDA&ixlib=rb-4.0.3&q=80&w=1080","favIconUrl":"https://s3.fr-par.scw.cloud/typebot/public/typebots/fwlzp9t2f2xjx6o1ru5u4i4z/favIcon?v=1686203350295","description":"Faça agora sua consulta com Dra. Lara no WhatsApp.","customHeadCode":"<!-- Facebook Pixel Code -->\n<script>\n   !function(f,b,e,v,n,t,s)\n  {if(f.fbq)return;n=f.fbq=function(){n.callMethod?\n    n.callMethod.apply(n,arguments):n.queue.push(arguments)};\n    if(!f._fbq)f._fbq=n;n.push=n;n.loaded=!0;n.version='2.0';\n    n.queue=[];t=b.createElement(e);t.async=!0;\n    t.src=v;s=b.getElementsByTagName(e)[0];\n    s.parentNode.insertBefore(t,s)}(window, document,'script',\n    'https://connect.facebook.net/en_US/fbevents.js');\n    fbq('init', '1728905177555738');\n    fbq('track', 'PageView');\n    fbq('track', 'ViewContent');\n \n</script>\n<!-- End Facebook Pixel Code -->\n<link rel=\"stylesheet\" href=\"https://cdnjs.cloudflare.com/ajax/libs/material-design-iconic-font/2.2.0/css/material-design-iconic-font.min.css\">\n<style>\n  .hide {\n    display: none!important;\n  }\n  typebot-standard {\n    position: relative;\n    z-index: 9999;\n  }\n  #__next {\n    position: relative;\n    z-index: 9999;\n}\n  /* User Bar */\n.user-bar {\n  width: 100%;\n  height: 55px;\n  background: #005e54;\n  color: #fff;\n  padding: 0;\n  font-size: 24px;\n  position: fixed;\n  z-index: 99999;\n  display: block;\n  top: 0;\n}\n\n.user-bar:after {\n  content: \"\";\n  display: table;\n  clear: both;\n}\n\n.user-bar div {\n    float: left;\n    transform: translateY(-50%);\n    position: relative;\n    top: 50%;\n    margin-left: 10px;\n}\n\n.user-bar .actions {\n  float: right;\n  margin: 0 0 0 20px;\n}\n\n.user-bar .actions.more {\n  margin: 0 12px 0 32px;\n}\n\n.user-bar .actions.attachment {\n  margin: 0 0 0 30px;\n}\n\n.user-bar .actions.attachment i {\n  display: block;\n  transform: rotate(-45deg);\n}\n\n.user-bar .avatar {\n  margin: 0 0 0 5px;\n  width: 36px;\n  height: 36px;\n}\n\n.user-bar .avatar img {\n  border-radius: 50%;\n  box-shadow: 0 1px 0 rgba(255, 255, 255, 0.1);\n  display: block;\n  width: 100%;\n}\n\n.user-bar .name {\n  font-size: 17px;\n  font-weight: 600;\n  text-overflow: ellipsis;\n  letter-spacing: 0.3px;\n  margin: 0 0 0 8px;\n  overflow: hidden;\n  white-space: nowrap;\n  width: 150px;\n}\n\n.user-bar .status {\n  display: block;\n  font-size: 13px;\n  font-weight: 400;\n  letter-spacing: 0;\n}\n</style>\n\n<script>\nfunction criarBarra() {\n  var userBar = document.createElement(\"div\");\n  userBar.className = \"user-bar\";\n\n  var backButton = document.createElement(\"div\");\n  backButton.className = \"back\";\n  backButton.innerHTML = '<i class=\"zmdi zmdi-arrow-left\"></i>';\n\n  var avatar = document.createElement(\"div\");\n  avatar.className = \"avatar\";\n  avatar.innerHTML = '<img src=\"https://i.postimg.cc/sgDRsz5F/2863304631.png\" alt=\"Amanda fogo\">';\n\n  var name = document.createElement(\"div\");\n  name.className = \"name\";\n  name.innerHTML = '<span>Amanda fogo</span><span class=\"status\">online</span>';\n\n  var moreActions = document.createElement(\"div\");\n  moreActions.className = \"actions more\";\n  moreActions.innerHTML = '<i class=\"zmdi zmdi-more-vert\"></i>';\n\n  var attachmentAction = document.createElement(\"div\");\n  attachmentAction.className = \"actions attachment\";\n  attachmentAction.innerHTML = '<i class=\"zmdi zmdi-attachment-alt\"></i>';\n\n  var phoneAction = document.createElement(\"div\");\n  phoneAction.className = \"actions\";\n  phoneAction.innerHTML = '<i class=\"zmdi zmdi-phone\"></i>';\n\n  userBar.appendChild(backButton);\n  userBar.appendChild(avatar);\n  userBar.appendChild(name);\n  userBar.appendChild(moreActions);\n  userBar.appendChild(attachmentAction);\n  userBar.appendChild(phoneAction);\n\n  var elementoPai = document.querySelector(\"#__next\");\n  if (elementoPai) {\n    elementoPai.insertBefore(userBar, elementoPai.firstChild);\n  }\n}\n\ncriarBarra();\n</script>\n"},"typingEmulation":{"speed":300,"enabled":true,"maxDelay":1.5}}}