{"id":"clkghhblp000imj0f3a9m00tz","version":"3","groups":[{"id":"nppiiovdn9hg2z8izij8b5ow","title":"Start","blocks":[{"id":"iar9iny8ck425696sxwooloz","type":"start","label":"Start","groupId":"nppiiovdn9hg2z8izij8b5ow","outgoingEdgeId":"tnvwmqxzchf93vgxtdr9pcnk"}],"graphCoordinates":{"x":0,"y":0}},{"id":"ss59uainrdp7p3b0fhv13dcw","title":"Group #1","blocks":[{"id":"jmc9wlotiywz7fsu08xr84hg","type":"audio","content":{"url":"https://s3.fr-par.scw.cloud/typebot/public/typebots/clkg9ykgd004xl40fz8nneuut/blocks/jmc9wlotiywz7fsu08xr84hg?v=1690167352970"},"groupId":"ss59uainrdp7p3b0fhv13dcw"},{"id":"tuges0wr83g7iokb3houpn3c","type":"Wait","groupId":"ss59uainrdp7p3b0fhv13dcw","options":{"secondsToWaitFor":"7"}},{"id":"xrruq4c9kpg109nt0jfcr32e","type":"text input","groupId":"ss59uainrdp7p3b0fhv13dcw","options":{"isLong":false,"labels":{"button":"Send","placeholder":"Type your answer..."}}},{"id":"nihvdwe65kb6doj8uktqaswy","type":"audio","content":{"url":"https://s3.fr-par.scw.cloud/typebot/public/typebots/clkg9ykgd004xl40fz8nneuut/blocks/nihvdwe65kb6doj8uktqaswy?v=1690169809202"},"groupId":"ss59uainrdp7p3b0fhv13dcw"},{"id":"k55sucd2hixtyig0irp1zo8a","type":"Wait","groupId":"ss59uainrdp7p3b0fhv13dcw","options":{"secondsToWaitFor":"37"}},{"id":"fomjihh55srg52hwzhelci9b","type":"text","content":{"richText":[{"type":"p","children":[{"text":"Fica aqui comigo, por que até o final dessa conversa eu prometo que  vou te deixar de"},{"bold":true,"text":" pau duro "},{"text":"\n"}]}]},"groupId":"ss59uainrdp7p3b0fhv13dcw"},{"id":"m8hcaxleoctysk93psf2nk4v","type":"Wait","groupId":"ss59uainrdp7p3b0fhv13dcw","options":{"secondsToWaitFor":"3"}},{"id":"ndr03gwgx84r5jwtughg7kuv","type":"text","content":{"richText":[{"type":"p","children":[{"text":"Posso te enviar uma fotinho minha?"}]}]},"groupId":"ss59uainrdp7p3b0fhv13dcw"},{"id":"t3h1rr0l4dh5cajwmmnmz5ww","type":"choice input","items":[{"id":"eqar53lhqjndv2t702evexds","type":0,"blockId":"t3h1rr0l4dh5cajwmmnmz5ww","content":"SIM, PODE🔥","outgoingEdgeId":"bid7w6rb6f047vs4u3f16s19"}],"groupId":"ss59uainrdp7p3b0fhv13dcw","options":{"buttonLabel":"Send","isSearchable":false,"isMultipleChoice":false,"searchInputPlaceholder":"Filter the options..."}}],"graphCoordinates":{"x":838,"y":44}},{"id":"w7y1wtnf4kx0vnynpey2i18c","title":"Group #5","blocks":[{"id":"luj2wskrn5syssvdxcvqyzkt","type":"text","content":{"richText":[{"type":"p","children":[{"text":"Oie amor, que bom ter você aqui 😘\n"}]}]},"groupId":"w7y1wtnf4kx0vnynpey2i18c"},{"id":"uc1szy6fzt3mgtz54sf5r7np","type":"Wait","groupId":"w7y1wtnf4kx0vnynpey2i18c","options":{"secondsToWaitFor":"2"},"outgoingEdgeId":"q6wvg6ezhnazlin1kv54m5ms"}],"graphCoordinates":{"x":439,"y":-1.67}},{"id":"ymide2wruhkx8vbh89tnz8uw","title":"Group #7","blocks":[{"id":"ft5t07k3cc6py89c2u1uddul","type":"text","content":{"richText":[{"type":"p","children":[{"text":""}]}]},"groupId":"ymide2wruhkx8vbh89tnz8uw"}],"graphCoordinates":{"x":792.95,"y":-4926.21}},{"id":"cp06e841ejawqqo0ws93tljj","title":"Group #7","blocks":[{"id":"umroa54gnf1749pb3glwmff6","type":"text","content":{"richText":[{"type":"p","children":[{"text":"Estou te enviando agora, espera um pouquinho Amor! 🥰\n"}]}]},"groupId":"cp06e841ejawqqo0ws93tljj"},{"id":"t2aebgeb7lsuena7s70355qo","type":"Wait","groupId":"cp06e841ejawqqo0ws93tljj","options":{"secondsToWaitFor":"3"}},{"id":"g94tnevlg2q6bm5d70fv5ivl","type":"image","content":{"url":"https://s3.fr-par.scw.cloud/typebot/public/typebots/clkg9ykgd004xl40fz8nneuut/blocks/g94tnevlg2q6bm5d70fv5ivl?v=1690266507947"},"groupId":"cp06e841ejawqqo0ws93tljj"},{"id":"szucsi1laf8rswicv4sdhvg8","type":"Wait","groupId":"cp06e841ejawqqo0ws93tljj","options":{"secondsToWaitFor":"3"}},{"id":"jwuh3hybmouf8hyubyn8iyt1","type":"text","content":{"richText":[{"type":"p","children":[{"text":"To chupando uma bala, mas poderia ser vc…\n"}]}]},"groupId":"cp06e841ejawqqo0ws93tljj"},{"id":"n8xe2onanjxtt1u4v07v7xi6","type":"Wait","groupId":"cp06e841ejawqqo0ws93tljj","options":{"secondsToWaitFor":"2"}},{"id":"gjjhsfuac2c8qe96swbgkdbp","type":"text","content":{"richText":[{"type":"p","children":[{"text":"Mas me conta, oque você faria comigo? \n"}]}]},"groupId":"cp06e841ejawqqo0ws93tljj"},{"id":"s9d47qwr4h9z8fw7ebkzxhoz","type":"choice input","items":[{"id":"stuzlpjfnwmeiri7txct23fs","type":0,"blockId":"s9d47qwr4h9z8fw7ebkzxhoz","content":"Te chuparia todinha","outgoingEdgeId":"wfgsgmd6xum172sjileku4la"},{"id":"tt6vub7mbc2kgc2ftn9fzkcs","type":0,"blockId":"s9d47qwr4h9z8fw7ebkzxhoz","content":"Gozaria no seu cuzinho","outgoingEdgeId":"meyi155wkf2tetm80l5eu2ld"},{"id":"kmobai2h0zc1971au0nnlpff","type":0,"blockId":"s9d47qwr4h9z8fw7ebkzxhoz","content":"Te comeria sem camisinha","outgoingEdgeId":"ophsqt3zpydavawv88cx4mvl"}],"groupId":"cp06e841ejawqqo0ws93tljj","options":{"buttonLabel":"Send","isSearchable":false,"isMultipleChoice":false,"searchInputPlaceholder":"Filter the options..."}}],"graphCoordinates":{"x":1257,"y":707.33}},{"id":"oo4fjkxwod0akn076piwkfnd","title":"Group #8","blocks":[{"id":"p7hjvuslhnrr4lvuca7cj7ma","type":"text","content":{"richText":[{"type":"p","children":[{"text":"rsrsrs seu safadinho! 😍🌶️\n"}]}]},"groupId":"oo4fjkxwod0akn076piwkfnd"},{"id":"tvuymt6ac9esdfetjcjig22e","type":"Wait","groupId":"oo4fjkxwod0akn076piwkfnd","options":{"secondsToWaitFor":"1"}},{"id":"nem2ms9jtwqkg6c1ruug7dmw","type":"text","content":{"richText":[{"type":"p","children":[{"text":"Eu tenho outras fotos e vídeos especiais para você !!!\n"}]}]},"groupId":"oo4fjkxwod0akn076piwkfnd"},{"id":"v09zy4vejelkti6rlc1c928b","type":"Wait","groupId":"oo4fjkxwod0akn076piwkfnd","options":{"secondsToWaitFor":"2"}},{"id":"et1bkyfev4zi34v6t9jkfq7u","type":"text","content":{"richText":[{"type":"p","children":[{"text":"Quero que você veja todos os meus vídeos e fotos peladinha e goze bem gostoso me vendo!😍\n"}]}]},"groupId":"oo4fjkxwod0akn076piwkfnd"},{"id":"pr9sv1f7nto5f2ikrzdaw3f9","type":"Wait","groupId":"oo4fjkxwod0akn076piwkfnd","options":{"secondsToWaitFor":"2"}},{"id":"bj7kurcptq5bkv653htnlwrd","type":"text","content":{"richText":[{"type":"p","children":[{"text":"Você que ver? 🤗\n"}]}]},"groupId":"oo4fjkxwod0akn076piwkfnd"},{"id":"i3u7qlft5tcbaehr9rdxhdfm","type":"choice input","items":[{"id":"tesnhghkvfl5tp38p2mj53ms","type":0,"blockId":"i3u7qlft5tcbaehr9rdxhdfm","content":"SIM, QUERO! 🔥","outgoingEdgeId":"h0y2zdvj3ur5zui8tm9y5l6n"}],"groupId":"oo4fjkxwod0akn076piwkfnd","options":{"buttonLabel":"Send","isSearchable":false,"isMultipleChoice":false,"searchInputPlaceholder":"Filter the options..."}}],"graphCoordinates":{"x":1735,"y":1386}},{"id":"zsihuilvcg6snrtiz0d68grk","title":"Group #8","blocks":[{"id":"fggy0nm54obkxibfjfoyqvq6","type":"text","content":{"richText":[{"type":"p","children":[{"text":"\nMas primeiro, ve se voce acha minha bucetinha bonita, vou enviar uma foto agora para você de presente 😈"}]}]},"groupId":"zsihuilvcg6snrtiz0d68grk"},{"id":"f266u1k1dipantj2pglzx20c","type":"Wait","groupId":"zsihuilvcg6snrtiz0d68grk","options":{"secondsToWaitFor":"2"}},{"id":"vcc39t1hknjvjyifcli15fq6","type":"image","content":{"url":"https://s3.fr-par.scw.cloud/typebot/public/typebots/clkg9ykgd004xl40fz8nneuut/blocks/vcc39t1hknjvjyifcli15fq6?v=1690266063178"},"groupId":"zsihuilvcg6snrtiz0d68grk"},{"id":"hzny1b7awkby7v0zgzboodvn","type":"Wait","groupId":"zsihuilvcg6snrtiz0d68grk","options":{"secondsToWaitFor":"3"}},{"id":"t6qu6lvnxledeze5avtf5rrf","type":"audio","content":{"url":"https://s3.fr-par.scw.cloud/typebot/public/typebots/clkg9ykgd004xl40fz8nneuut/blocks/t6qu6lvnxledeze5avtf5rrf?v=1690171852997"},"groupId":"zsihuilvcg6snrtiz0d68grk"},{"id":"n83v01q6dplud4w5v7017855","type":"choice input","items":[{"id":"couutvnqxwbkirv18loky1ut","type":0,"blockId":"n83v01q6dplud4w5v7017855","content":"GOSTEI! QUERO MAIS 🔥 ","outgoingEdgeId":"ma5yvlfomk1xjixygyazxegq"}],"groupId":"zsihuilvcg6snrtiz0d68grk","options":{"buttonLabel":"Send","isSearchable":false,"isMultipleChoice":false,"searchInputPlaceholder":"Filter the options..."}}],"graphCoordinates":{"x":2212.88,"y":1997.92}},{"id":"u275l9v07znbylarjqanwuck","title":"Group #9","blocks":[{"id":"dep16clr7npmv0gplvm7nguy","type":"audio","content":{"url":"https://s3.fr-par.scw.cloud/typebot/public/typebots/clkg9ykgd004xl40fz8nneuut/blocks/dep16clr7npmv0gplvm7nguy?v=1690171912910"},"groupId":"u275l9v07znbylarjqanwuck"},{"id":"oz2d0i31fbgbcs3fjdudfvr7","type":"Wait","groupId":"u275l9v07znbylarjqanwuck","options":{"secondsToWaitFor":"14"}},{"id":"qjs3bp7y0ockfrpkeds7zk76","type":"text","content":{"richText":[{"type":"p","children":[{"text":"vou te enviar mais uma fotinho minhas antes...\n"}]}]},"groupId":"u275l9v07znbylarjqanwuck"},{"id":"bg5vknx4dk3a1fy66ljdk7qt","type":"Wait","groupId":"u275l9v07znbylarjqanwuck","options":{"secondsToWaitFor":"2"}},{"id":"xflr0wk64hd5u0kajjfd64rg","type":"text","content":{"richText":[{"type":"p","children":[{"text":"essa que vou enviar agora e para você lembrar de mim na hora que tiver "},{"bold":true,"text":"batendo uma bem gostoso"},{"text":" com os vídeos que irei te enviar depois..."}]}]},"groupId":"u275l9v07znbylarjqanwuck"},{"id":"b5l5fwvuz8hgzifb0mks3uyn","type":"Wait","groupId":"u275l9v07znbylarjqanwuck","options":{"secondsToWaitFor":"4"}},{"id":"w90tl5qk87dhtc7zu94hpc8r","type":"text","content":{"richText":[{"type":"p","children":[{"text":"Tá bom, meu amor? ❤️🔥\n"}]}]},"groupId":"u275l9v07znbylarjqanwuck"},{"id":"qyq07588eoyv0xlgob8b7ihn","type":"Wait","groupId":"u275l9v07znbylarjqanwuck","options":{"secondsToWaitFor":"1"}},{"id":"mdvydkv2angu0aqwmo9ubhy0","type":"choice input","items":[{"id":"j4rdbq9soqjdp3gbghqwdmhm","type":0,"blockId":"mdvydkv2angu0aqwmo9ubhy0","content":"TA BOM, DELÍCIA 🌶️","outgoingEdgeId":"m390s9arjw41nufm25q7uijn"}],"groupId":"u275l9v07znbylarjqanwuck","options":{"buttonLabel":"Send","isSearchable":false,"isMultipleChoice":false,"searchInputPlaceholder":"Filter the options..."}}],"graphCoordinates":{"x":2732.4,"y":2752.59}},{"id":"e6ahmpy7qjnph0de5zl5qpco","title":"Group #10","blocks":[{"id":"l4ivf4yafpy08l5rz5zr9l54","type":"text","content":{"richText":[{"type":"p","children":[{"text":"rs, vou manda só um segundo\n"}]}]},"groupId":"e6ahmpy7qjnph0de5zl5qpco"},{"id":"s7pqh0kfhlooq7mfnou4q26a","type":"Wait","groupId":"e6ahmpy7qjnph0de5zl5qpco","options":{"secondsToWaitFor":"2"}},{"id":"j22uvq05mr9v168odr8qhdau","type":"image","content":{"url":"https://s3.fr-par.scw.cloud/typebot/public/typebots/clkg9ykgd004xl40fz8nneuut/blocks/j22uvq05mr9v168odr8qhdau?v=1690172436717"},"groupId":"e6ahmpy7qjnph0de5zl5qpco"},{"id":"d1fchp21zji4gzgw8uycckk5","type":"Wait","groupId":"e6ahmpy7qjnph0de5zl5qpco","options":{"secondsToWaitFor":"2"}},{"id":"jf1ryinovy1upwnmy3uncznd","type":"text","content":{"richText":[{"type":"p","children":[{"text":"Você acredita em amor à primeira vista ou devo passar por aqui mais uma vez? kkkk\n"}]}]},"groupId":"e6ahmpy7qjnph0de5zl5qpco"},{"id":"mzjclpplapciw7bhb2zfjzdk","type":"choice input","items":[{"id":"jzo2dmvxmrqqtnfid6jwhroh","type":0,"blockId":"mzjclpplapciw7bhb2zfjzdk","content":"ACREDITOO KKKKK","outgoingEdgeId":"u6ioa6wx64gfb462i0gueqiq"}],"groupId":"e6ahmpy7qjnph0de5zl5qpco","options":{"buttonLabel":"Send","isSearchable":false,"isMultipleChoice":false,"searchInputPlaceholder":"Filter the options..."}}],"graphCoordinates":{"x":3183.02,"y":3496.66}},{"id":"k1u7u92vnfm77ydrhervrzsp","title":"Group #11","blocks":[{"id":"parxxwsiltgmo8tyefyxslst","type":"text","content":{"richText":[{"type":"p","children":[{"text":"Ultima fotinha agora...\n"}]}]},"groupId":"k1u7u92vnfm77ydrhervrzsp"},{"id":"yih3jx6gadlrblz26yeyhsnm","type":"Wait","groupId":"k1u7u92vnfm77ydrhervrzsp","options":{"secondsToWaitFor":"1"}},{"id":"yhnxwo92pnd28vmklq836sjz","type":"image","content":{"url":"https://s3.fr-par.scw.cloud/typebot/public/typebots/clkg9ykgd004xl40fz8nneuut/blocks/yhnxwo92pnd28vmklq836sjz?v=1690173155176"},"groupId":"k1u7u92vnfm77ydrhervrzsp"},{"id":"sqxcdrvypagppe4rd5gsyd9k","type":"Wait","groupId":"k1u7u92vnfm77ydrhervrzsp","options":{"secondsToWaitFor":"1"},"outgoingEdgeId":"ivyxuu4ngc9lyk9gfy3490s5"}],"graphCoordinates":{"x":3668.41,"y":4243.06}},{"id":"gdznl9fntv6vpted9k4yd6oz","title":"Group #12","blocks":[{"id":"ebd26n75cx5vnw7qmlnmw1vs","type":"text","content":{"richText":[{"type":"p","children":[{"text":"ta gostando amor?\n"}]}]},"groupId":"gdznl9fntv6vpted9k4yd6oz"},{"id":"m8odupys3qw8jempton8y17y","type":"choice input","items":[{"id":"nkwdvnqcg5k893r4k67gf9vz","type":0,"blockId":"m8odupys3qw8jempton8y17y","content":"SIM, QUERO MAIS!","outgoingEdgeId":"t7jis6og63gx7v0ve91il4zz"}],"groupId":"gdznl9fntv6vpted9k4yd6oz","options":{"buttonLabel":"Send","isSearchable":false,"isMultipleChoice":false,"searchInputPlaceholder":"Filter the options..."}}],"graphCoordinates":{"x":4105.11,"y":4661.69}},{"id":"a9hrx00g2uzxr006mo5wb2bo","title":"Group #13","blocks":[{"id":"gi62idhnugjwkdwinbk4jyks","type":"text","content":{"richText":[{"type":"p","children":[{"text":"\nAgora que eu já dei para você estes presentinhos, eu quero que você me de um presentinho também..."}]}]},"groupId":"a9hrx00g2uzxr006mo5wb2bo"},{"id":"h9e7vhi4m0vjrtrp0wwvn9nc","type":"Wait","groupId":"a9hrx00g2uzxr006mo5wb2bo","options":{"secondsToWaitFor":"3"}},{"id":"bggwb32tpaauixzvkqsw1ssw","type":"text","content":{"richText":[{"type":"p","children":[{"text":"Como falei no áudio, eu preciso terminar minha faculdade de Odontologia, e eu queria que você me ajudasse... 🥺❤️\n"}]}]},"groupId":"a9hrx00g2uzxr006mo5wb2bo"},{"id":"htemj931kvau9a8376r5pmw2","type":"Wait","groupId":"a9hrx00g2uzxr006mo5wb2bo","options":{"secondsToWaitFor":"3"}},{"id":"j82zw2zl0mtk4wb0imhb1wme","type":"text","content":{"richText":[{"type":"p","children":[{"text":"Eu consegui uma parceria com algumas plataformas tipo OnlyFans e Privacy, você conhece?\n"}]}]},"groupId":"a9hrx00g2uzxr006mo5wb2bo"},{"id":"f3fkzfxvoq3lpu9zx118qrtz","type":"Wait","groupId":"a9hrx00g2uzxr006mo5wb2bo","options":{"secondsToWaitFor":"2"}},{"id":"afwizy7o56139wp8ns63bd5s","type":"choice input","items":[{"id":"t3bqflyby386uizenjzydt16","type":0,"blockId":"afwizy7o56139wp8ns63bd5s","content":"SIM, CONHEÇO","outgoingEdgeId":"a12rcraf9s7r3ic7xm94j9qf"}],"groupId":"a9hrx00g2uzxr006mo5wb2bo","options":{"buttonLabel":"Send","isSearchable":false,"isMultipleChoice":false,"searchInputPlaceholder":"Filter the options..."}}],"graphCoordinates":{"x":4654.48,"y":4778.51}},{"id":"m6p250o4rk1jvnjt8ktnwz50","title":"Group #14","blocks":[{"id":"qfblpemztenij2ids92p3yl7","type":"text","content":{"richText":[{"type":"p","children":[{"text":"Sabe quanto eu cobro por mês no meu only fans? \n"}]}]},"groupId":"m6p250o4rk1jvnjt8ktnwz50"},{"id":"q6u8wzb002yebyg5cq05tbce","type":"Wait","groupId":"m6p250o4rk1jvnjt8ktnwz50","options":{"secondsToWaitFor":"2"}},{"id":"l7v3okxo27vn5zyfmz035wo9","type":"text","content":{"richText":[{"type":"p","children":[{"text":"R$50,00 , mas por você ter ficado comigo até agora, quero te dar um super desconto!"}]}]},"groupId":"m6p250o4rk1jvnjt8ktnwz50"},{"id":"iidwq3zffzuhwc5zx2gvybez","type":"Wait","groupId":"m6p250o4rk1jvnjt8ktnwz50","options":{"secondsToWaitFor":"3"}},{"id":"gl3dattnufzx2xlb6znfuxoq","type":"text","content":{"richText":[{"type":"p","children":[{"text":"Antes, quero te falar que você pode ficar "},{"bold":true,"text":"tranquilo"},{"text":", pois o que vai aparecer na fatura do seu cartão é “compra online”"}]}]},"groupId":"m6p250o4rk1jvnjt8ktnwz50"},{"id":"xl1kqstoqfl0yqlvo8bh6wto","type":"Wait","groupId":"m6p250o4rk1jvnjt8ktnwz50","options":{"secondsToWaitFor":"3"}},{"id":"weomw8j87bgais731vpxtm5n","type":"text","content":{"richText":[{"type":"p","children":[{"text":"Já vou te falar o super desconto que eu vou te dar, mas primeiro quero te falar todo o conteúdo que você terá acesso"}]}]},"groupId":"m6p250o4rk1jvnjt8ktnwz50"},{"id":"ofppxv11h39h2q5iezufpvyz","type":"Wait","groupId":"m6p250o4rk1jvnjt8ktnwz50","options":{"secondsToWaitFor":"4"}},{"id":"lwyw2ene0l03ynm0jdh2e2q2","type":"text","content":{"richText":[{"type":"p","children":[{"bold":true,"text":"Vídeos e fotos 4 vezes por semana:"}]}]},"groupId":"m6p250o4rk1jvnjt8ktnwz50"},{"id":"in2fbsqdkvnjmwnwqlvnnkgm","type":"Wait","groupId":"m6p250o4rk1jvnjt8ktnwz50","options":{"secondsToWaitFor":"2"}},{"id":"ftf9h9fndhtfbyj7kyuspxgg","type":"text","content":{"richText":[{"type":"p","children":[{"text":"Eu batendo siririca\n"}]}]},"groupId":"m6p250o4rk1jvnjt8ktnwz50"},{"id":"tssp932dl4xw5vhfmik3lysi","type":"text","content":{"richText":[{"type":"p","children":[{"text":"Eu batendo siririca para minha amiguinha\n"}]}]},"groupId":"m6p250o4rk1jvnjt8ktnwz50"},{"id":"n6tqvr87s5ajagck2uct0eni","type":"text","content":{"richText":[{"type":"p","children":[{"text":"Eu fazendo garganta profunda bem molhada\n"}]}]},"groupId":"m6p250o4rk1jvnjt8ktnwz50"},{"id":"ufuahqfenpixwm63vo20t4s6","type":"text","content":{"richText":[{"type":"p","children":[{"text":"Eu tomando leitinho\n"}]}]},"groupId":"m6p250o4rk1jvnjt8ktnwz50"},{"id":"qw9s2ad9dpef0e72m01c079v","type":"text","content":{"richText":[{"type":"p","children":[{"text":"Eu dando o cuzinho\n"}]}]},"groupId":"m6p250o4rk1jvnjt8ktnwz50"},{"id":"tluhp12j51k1lzk0mf29ttuf","type":"text","content":{"richText":[{"type":"p","children":[{"text":"Eu fazendo 69 nova com amiguinha\n"}]}]},"groupId":"m6p250o4rk1jvnjt8ktnwz50"},{"id":"nn9q4dk50ggz9vcv7y1gasyp","type":"Wait","groupId":"m6p250o4rk1jvnjt8ktnwz50","options":{"secondsToWaitFor":"5"}},{"id":"bm1i7bxtxqmn3cg238b481pj","type":"text","content":{"richText":[{"type":"p","children":[{"text":"1 vez por semana eu escolho 10 assinantes para fazer ligação e mandar fotinhos exclusivos, mas caso você não for sorteado, lá dentro da plataforma  você pode pagar por isso\n"}]}]},"groupId":"m6p250o4rk1jvnjt8ktnwz50"},{"id":"d7a584jz1ujukn07pmjzosgt","type":"Wait","groupId":"m6p250o4rk1jvnjt8ktnwz50","options":{"secondsToWaitFor":"7"}},{"id":"wh3cl9sw59mqdmcg4uo0sngs","type":"text","content":{"richText":[{"type":"p","children":[{"text":"Tudo isso que eu falei não é nem a metade do conteúdo que você vai encontrar lá...\n"}]}]},"groupId":"m6p250o4rk1jvnjt8ktnwz50"},{"id":"ydzraa9ldhyxm363addkwjcn","type":"Wait","groupId":"m6p250o4rk1jvnjt8ktnwz50","options":{"secondsToWaitFor":"3"}},{"id":"v094jjumm65hx74h31kmae6a","type":"text","content":{"richText":[{"type":"p","children":[{"text":"e o preço que você vai pagar não é nem a metade, que seria R$25, que podemos concordar que seria super barato para poder ter acesso a todo o conteúdo de uma novinha siliconada e safada"}]}]},"groupId":"m6p250o4rk1jvnjt8ktnwz50"},{"id":"fj63huwi8q6caec12dxu59kt","type":"Wait","groupId":"m6p250o4rk1jvnjt8ktnwz50","options":{"secondsToWaitFor":"8"}},{"id":"a2h3ez1yqcbaiesuf53rucaj","type":"audio","content":{"url":"https://s3.fr-par.scw.cloud/typebot/public/typebots/clkg9ykgd004xl40fz8nneuut/blocks/a2h3ez1yqcbaiesuf53rucaj?v=1690178879027"},"groupId":"m6p250o4rk1jvnjt8ktnwz50"},{"id":"x3hqi5h8dhxc6oy2k8yu9fga","type":"Wait","groupId":"m6p250o4rk1jvnjt8ktnwz50","options":{"secondsToWaitFor":"9"}},{"id":"smsfz9ger461uwmmp7k61m9g","type":"audio","content":{"url":"https://s3.fr-par.scw.cloud/typebot/public/typebots/clkg9ykgd004xl40fz8nneuut/blocks/smsfz9ger461uwmmp7k61m9g?v=1690179382892"},"groupId":"m6p250o4rk1jvnjt8ktnwz50"},{"id":"o5sc8afs0jqix2xaoop8svcy","type":"Wait","groupId":"m6p250o4rk1jvnjt8ktnwz50","options":{"secondsToWaitFor":"10"}},{"id":"zzclsl3wmgo1wz9s4q61ubk1","type":"audio","content":{"url":"https://s3.fr-par.scw.cloud/typebot/public/typebots/clkg9ykgd004xl40fz8nneuut/blocks/zzclsl3wmgo1wz9s4q61ubk1?v=1690179470342"},"groupId":"m6p250o4rk1jvnjt8ktnwz50"},{"id":"kqtlwlhz9mnxf0wyy20obx58","type":"Wait","groupId":"m6p250o4rk1jvnjt8ktnwz50","options":{"secondsToWaitFor":"12"},"outgoingEdgeId":"lr8i5xu09e38aai3f0rw0mjv"}],"graphCoordinates":{"x":5034.17,"y":5287.17}},{"id":"j7ddw8jhvyixdlmaczp94t5o","title":"Group #17","blocks":[{"id":"s582h9lifkiwonrg02dum9cy","type":"text","content":{"richText":[{"type":"p","children":[{"text":"então se você vai querer ver vídeos e fotos de mim peladinha todo dia basta aguardar alguns segundos"}]}]},"groupId":"j7ddw8jhvyixdlmaczp94t5o","outgoingEdgeId":"moh6itv5cmmrny53l6rwwf3u"}],"graphCoordinates":{"x":5195.31,"y":8047.61}},{"id":"zutwto66kz04ghr8e97ao3xu","title":"Group #15","blocks":[{"id":"j0qkqpqvjd3fnocflfpzgz5f","type":"Redirect","groupId":"zutwto66kz04ghr8e97ao3xu","options":{"url":"https://checkout.mycheckout.com.br/checkout/64bf63eb64253b0d6392d73b","isNewTab":false}}],"graphCoordinates":{"x":5719.17188334435,"y":8111.554667904627}},{"id":"s159zczx858mn41hyrt34zdj","title":"Group #16","blocks":[{"id":"jd9anl7wkiq2f23ksz0uyj3o","type":"Wait","groupId":"s159zczx858mn41hyrt34zdj","options":{"secondsToWaitFor":"3"},"outgoingEdgeId":"wz9weli0w3xv95rq3lt2yobe"}],"graphCoordinates":{"x":5594.341845990468,"y":8400.408173234913}}],"variables":[],"edges":[{"id":"q6wvg6ezhnazlin1kv54m5ms","to":{"blockId":"jmc9wlotiywz7fsu08xr84hg","groupId":"ss59uainrdp7p3b0fhv13dcw"},"from":{"blockId":"uc1szy6fzt3mgtz54sf5r7np","groupId":"w7y1wtnf4kx0vnynpey2i18c"}},{"id":"bid7w6rb6f047vs4u3f16s19","to":{"groupId":"cp06e841ejawqqo0ws93tljj"},"from":{"itemId":"eqar53lhqjndv2t702evexds","blockId":"t3h1rr0l4dh5cajwmmnmz5ww","groupId":"ss59uainrdp7p3b0fhv13dcw"}},{"id":"ophsqt3zpydavawv88cx4mvl","to":{"groupId":"oo4fjkxwod0akn076piwkfnd"},"from":{"itemId":"kmobai2h0zc1971au0nnlpff","blockId":"s9d47qwr4h9z8fw7ebkzxhoz","groupId":"cp06e841ejawqqo0ws93tljj"}},{"id":"meyi155wkf2tetm80l5eu2ld","to":{"groupId":"oo4fjkxwod0akn076piwkfnd"},"from":{"itemId":"tt6vub7mbc2kgc2ftn9fzkcs","blockId":"s9d47qwr4h9z8fw7ebkzxhoz","groupId":"cp06e841ejawqqo0ws93tljj"}},{"id":"wfgsgmd6xum172sjileku4la","to":{"groupId":"oo4fjkxwod0akn076piwkfnd"},"from":{"itemId":"stuzlpjfnwmeiri7txct23fs","blockId":"s9d47qwr4h9z8fw7ebkzxhoz","groupId":"cp06e841ejawqqo0ws93tljj"}},{"id":"h0y2zdvj3ur5zui8tm9y5l6n","to":{"groupId":"zsihuilvcg6snrtiz0d68grk"},"from":{"itemId":"tesnhghkvfl5tp38p2mj53ms","blockId":"i3u7qlft5tcbaehr9rdxhdfm","groupId":"oo4fjkxwod0akn076piwkfnd"}},{"id":"ma5yvlfomk1xjixygyazxegq","to":{"groupId":"u275l9v07znbylarjqanwuck"},"from":{"itemId":"couutvnqxwbkirv18loky1ut","blockId":"n83v01q6dplud4w5v7017855","groupId":"zsihuilvcg6snrtiz0d68grk"}},{"id":"m390s9arjw41nufm25q7uijn","to":{"groupId":"e6ahmpy7qjnph0de5zl5qpco"},"from":{"itemId":"j4rdbq9soqjdp3gbghqwdmhm","blockId":"mdvydkv2angu0aqwmo9ubhy0","groupId":"u275l9v07znbylarjqanwuck"}},{"id":"u6ioa6wx64gfb462i0gueqiq","to":{"groupId":"k1u7u92vnfm77ydrhervrzsp"},"from":{"itemId":"jzo2dmvxmrqqtnfid6jwhroh","blockId":"mzjclpplapciw7bhb2zfjzdk","groupId":"e6ahmpy7qjnph0de5zl5qpco"}},{"id":"ivyxuu4ngc9lyk9gfy3490s5","to":{"groupId":"gdznl9fntv6vpted9k4yd6oz"},"from":{"blockId":"sqxcdrvypagppe4rd5gsyd9k","groupId":"k1u7u92vnfm77ydrhervrzsp"}},{"id":"t7jis6og63gx7v0ve91il4zz","to":{"groupId":"a9hrx00g2uzxr006mo5wb2bo"},"from":{"itemId":"nkwdvnqcg5k893r4k67gf9vz","blockId":"m8odupys3qw8jempton8y17y","groupId":"gdznl9fntv6vpted9k4yd6oz"}},{"id":"a12rcraf9s7r3ic7xm94j9qf","to":{"groupId":"m6p250o4rk1jvnjt8ktnwz50"},"from":{"itemId":"t3bqflyby386uizenjzydt16","blockId":"afwizy7o56139wp8ns63bd5s","groupId":"a9hrx00g2uzxr006mo5wb2bo"}},{"id":"tnvwmqxzchf93vgxtdr9pcnk","to":{"blockId":"luj2wskrn5syssvdxcvqyzkt","groupId":"w7y1wtnf4kx0vnynpey2i18c"},"from":{"blockId":"iar9iny8ck425696sxwooloz","groupId":"nppiiovdn9hg2z8izij8b5ow"}},{"id":"lr8i5xu09e38aai3f0rw0mjv","to":{"groupId":"j7ddw8jhvyixdlmaczp94t5o"},"from":{"blockId":"kqtlwlhz9mnxf0wyy20obx58","groupId":"m6p250o4rk1jvnjt8ktnwz50"}},{"id":"moh6itv5cmmrny53l6rwwf3u","to":{"groupId":"s159zczx858mn41hyrt34zdj"},"from":{"blockId":"s582h9lifkiwonrg02dum9cy","groupId":"j7ddw8jhvyixdlmaczp94t5o"}},{"id":"wz9weli0w3xv95rq3lt2yobe","to":{"groupId":"zutwto66kz04ghr8e97ao3xu"},"from":{"blockId":"jd9anl7wkiq2f23ksz0uyj3o","groupId":"s159zczx858mn41hyrt34zdj"}}],"theme":{"chat":{"inputs":{"color":"#303235","backgroundColor":"#FFFFFF","placeholderColor":"#9095A0"},"buttons":{"color":"#FFFFFF","backgroundColor":"#0042DA"},"roundness":"medium","hostAvatar":{"url":"https://s3.fr-par.scw.cloud/typebot/public/typebots/clkg9ykgd004xl40fz8nneuut/hostAvatar?v=1690231577662","isEnabled":true},"guestAvatar":{"isEnabled":false},"hostBubbles":{"color":"#303235","backgroundColor":"#F7F8FF"},"guestBubbles":{"color":"#FFFFFF","backgroundColor":"#FF8E21"}},"general":{"font":"Open Sans","background":{"type":"Color","content":"#ffffff"}}},"settings":{"general":{"rememberUser":{"isEnabled":false},"isBrandingEnabled":true,"isInputPrefillEnabled":true,"isHideQueryParamsEnabled":true},"metadata":{"description":"Build beautiful conversational forms and embed them directly in your applications without a line of code. Triple your response rate and collect answers that has more value compared to a traditional form."},"typingEmulation":{"speed":300,"enabled":true,"maxDelay":1.5}}}