{"id":"clk52pmol000rml0fewd0t3lu","version":"3","groups":[{"id":"ye8wa321k0sbozp79ekkzcru","title":"Start","blocks":[{"id":"cx5iel8jxfo4caorf8rnjiw0","type":"start","label":"Start","groupId":"ye8wa321k0sbozp79ekkzcru","outgoingEdgeId":"gxrvt8ny0xlqp64yx9dh825n"}],"graphCoordinates":{"x":-1803.7,"y":-11.61}},{"id":"qwno8mw9sa2r6c8wvf2ipn7r","title":"Inicio","blocks":[{"id":"melycl45dnvb9xas57spgs80","type":"Wait","groupId":"qwno8mw9sa2r6c8wvf2ipn7r","options":{"secondsToWaitFor":"4"}},{"id":"kl16bf94mpvm7ux0w9yhaksc","type":"text","content":{"richText":[{"type":"p","children":[{"text":"Marcelle está online...","italic":true,"underline":true}]}]},"groupId":"qwno8mw9sa2r6c8wvf2ipn7r"},{"id":"dflpdsygncmsoswu7fytgmku","type":"Wait","groupId":"qwno8mw9sa2r6c8wvf2ipn7r","options":{"secondsToWaitFor":"4"}},{"id":"ojoiuqw11ol7mluihnpdkffy","type":"text","content":{"richText":[{"type":"p","children":[{"text":"Oi amor, qual o seu nome?"}]}]},"groupId":"qwno8mw9sa2r6c8wvf2ipn7r"},{"id":"ozcywun6pe2f8pd6tlbj7qkj","type":"Wait","groupId":"qwno8mw9sa2r6c8wvf2ipn7r","options":{"secondsToWaitFor":"1"}},{"id":"jti1nep1oh1b7eakiaour52z","type":"text input","groupId":"qwno8mw9sa2r6c8wvf2ipn7r","options":{"isLong":false,"labels":{"button":"Enviar","placeholder":"Mensagem..."},"variableId":"vprp91gkcj6ooz2wteh9qrvjn"}},{"id":"xnhep7dqyl1ezip90q6y4pz2","type":"Wait","groupId":"qwno8mw9sa2r6c8wvf2ipn7r","options":{"secondsToWaitFor":"3"}},{"id":"pnct3p62edrpya4euy6ahfh4","type":"text","content":{"richText":[{"type":"p","children":[{"text":"Muito prazer... 😊"}]}]},"groupId":"qwno8mw9sa2r6c8wvf2ipn7r"},{"id":"i9eirrptu0ot83jj1d4kzppm","type":"Wait","groupId":"qwno8mw9sa2r6c8wvf2ipn7r","options":{"secondsToWaitFor":"3"}},{"id":"js7rp4x5l6q1cmu41o8fadn3","type":"text","content":{"richText":[{"type":"p","children":[{"text":"Eu já sei pra que veio, então nem vou ficar de enrolação com você... 😈"}]}]},"groupId":"qwno8mw9sa2r6c8wvf2ipn7r"},{"id":"afqbdb19ppszygjz49iqncy7","type":"Wait","groupId":"qwno8mw9sa2r6c8wvf2ipn7r","options":{"secondsToWaitFor":"4"}},{"id":"ys4og6thyhescz95jemz5ia5","type":"image","content":{"url":"https://s3.fr-par.scw.cloud/typebot/public/typebots/ni6q06d0tv7p96abwdf9j73f/blocks/ys4og6thyhescz95jemz5ia5?v=1689500127178"},"groupId":"qwno8mw9sa2r6c8wvf2ipn7r"},{"id":"h9jhpsm5w83cfrwtlqtvsd38","type":"Wait","groupId":"qwno8mw9sa2r6c8wvf2ipn7r","options":{"secondsToWaitFor":"3"}},{"id":"gg69mpq5k8ja04un2ji12a3q","type":"text","content":{"richText":[{"type":"p","children":[{"text":"Gostou amor?"}]}]},"groupId":"qwno8mw9sa2r6c8wvf2ipn7r"},{"id":"r7oj0p00qfy7k98nesaid2x4","type":"Wait","groupId":"qwno8mw9sa2r6c8wvf2ipn7r","options":{"secondsToWaitFor":"1"}},{"id":"wfmwqxnt0p3p0onxut01rdwu","type":"choice input","items":[{"id":"zr565rsn80y7fxsulci0qjrv","type":0,"blockId":"wfmwqxnt0p3p0onxut01rdwu","content":"Amei 🥰","outgoingEdgeId":"r5w8iw5xa8rreryxr71p332l"},{"id":"rglo4ixkfwejugps2e8kyawv","type":0,"blockId":"wfmwqxnt0p3p0onxut01rdwu","content":"Quero mais 🥵","outgoingEdgeId":"a9q1b9s8zaebpjfj6wltzzmc"}],"groupId":"qwno8mw9sa2r6c8wvf2ipn7r","options":{"buttonLabel":"Send","isSearchable":false,"isMultipleChoice":false,"searchInputPlaceholder":"Filter the options..."}},{"id":"mujdpsbs9zyxyuxyz7r033yp","type":"Wait","groupId":"qwno8mw9sa2r6c8wvf2ipn7r","options":{"secondsToWaitFor":"3"}},{"id":"h3hx5bja7afadfym005ln3x1","type":"image","content":{"url":"https://i.postimg.cc/5ydK5crS/2487550190.png"},"groupId":"qwno8mw9sa2r6c8wvf2ipn7r"},{"id":"quj2tj8satdfnbuip9e5a0tz","type":"Wait","groupId":"qwno8mw9sa2r6c8wvf2ipn7r","options":{"secondsToWaitFor":"5"}},{"id":"r4o844u8n3mgnvbm4itoneq7","type":"text","content":{"richText":[{"type":"p","children":[{"text":"Diz que ficou de pau duro? 😋 "}]}]},"groupId":"qwno8mw9sa2r6c8wvf2ipn7r"},{"id":"s9qsi9dqkzrt5oxcvs0r13f8","type":"Wait","groupId":"qwno8mw9sa2r6c8wvf2ipn7r","options":{"secondsToWaitFor":"1"}},{"id":"fjliyywouiuds3h217ywlybf","type":"choice input","items":[{"id":"xlrxhsa8bc2nvwgp82k6esue","type":0,"blockId":"fjliyywouiuds3h217ywlybf","content":"Fiquei 🥵","outgoingEdgeId":"jqg1k5xv0gz5xo9r03maipz8"},{"id":"gxtxcmwzcw7djw1e56ttycbl","type":0,"blockId":"fjliyywouiuds3h217ywlybf","content":"Tô quase 🫢","outgoingEdgeId":"xnjj0i7dmu83d4q8pii44tgr"},{"id":"jb5qnxwavmqsbmyepl1qohdm","type":0,"blockId":"fjliyywouiuds3h217ywlybf","content":"Ainda não 😢","outgoingEdgeId":"hk3tcgxs5scegn4fudu74o17"}],"groupId":"qwno8mw9sa2r6c8wvf2ipn7r","options":{"buttonLabel":"Send","isSearchable":false,"isMultipleChoice":false,"searchInputPlaceholder":"Filter the options..."}},{"id":"cabr0pfz48d3qibp70xhn00h","type":"Wait","groupId":"qwno8mw9sa2r6c8wvf2ipn7r","options":{"secondsToWaitFor":"3"}},{"id":"swe7vfg8yadmxiwkmwqjc83q","type":"embed","content":{"url":"https://ocorreafelipe.github.io/audios/Audio-mol%2001/type%20m/m%2003.html","height":90},"groupId":"qwno8mw9sa2r6c8wvf2ipn7r"},{"id":"khszg7qa1tnz6gh7imbe2rb4","type":"Wait","groupId":"qwno8mw9sa2r6c8wvf2ipn7r","options":{"secondsToWaitFor":"11"}},{"id":"wj1jfyz0ufq0r360utxgtfjg","type":"text","content":{"richText":[{"type":"p","children":[{"text":"Quer ver uma foto da minha bucetinha? 🤭"}]}]},"groupId":"qwno8mw9sa2r6c8wvf2ipn7r"},{"id":"n18pfxq1v0phdu42sphvrn0m","type":"Wait","groupId":"qwno8mw9sa2r6c8wvf2ipn7r","options":{"secondsToWaitFor":"1"}},{"id":"lhwb6kduqgysdoco9xcc9nec","type":"choice input","items":[{"id":"j4y87qzm3cthne38ruk66wv4","type":0,"blockId":"lhwb6kduqgysdoco9xcc9nec","content":"Quero muito 🔥","outgoingEdgeId":"dnhjrh8pp7jmlf2pb3b64zgn"}],"groupId":"qwno8mw9sa2r6c8wvf2ipn7r","options":{"buttonLabel":"Send","isSearchable":false,"isMultipleChoice":false,"searchInputPlaceholder":"Filter the options..."}},{"id":"a0cktvxp4xslp1le4wpl43cd","type":"Wait","groupId":"qwno8mw9sa2r6c8wvf2ipn7r","options":{"secondsToWaitFor":"3"}},{"id":"e7zfj9l3uqi7kgzuh47vgjyh","type":"image","content":{"url":"https://i.postimg.cc/YC8D7XNc/2666491594.jpg"},"groupId":"qwno8mw9sa2r6c8wvf2ipn7r"},{"id":"dbi2zwoddcnec8xrykof79b8","type":"Wait","groupId":"qwno8mw9sa2r6c8wvf2ipn7r","options":{"secondsToWaitFor":"3"}},{"id":"hy6a5rjexbe7q9ccnv0tvrtm","type":"text","content":{"richText":[{"type":"p","children":[{"text":"Ops! rsrsrs 🤭🤭"}]}]},"groupId":"qwno8mw9sa2r6c8wvf2ipn7r"},{"id":"q0l7oav6s8ig1yk27tddqcah","type":"Wait","groupId":"qwno8mw9sa2r6c8wvf2ipn7r","options":{"secondsToWaitFor":"2"}},{"id":"h100v0om2jn6akoh7yd0oaq1","type":"text","content":{"richText":[{"type":"p","children":[{"text":"Vamos com calma amor"}]}]},"groupId":"qwno8mw9sa2r6c8wvf2ipn7r"},{"id":"xsvihs86lh3yowoactgn1pas","type":"Wait","groupId":"qwno8mw9sa2r6c8wvf2ipn7r","options":{"secondsToWaitFor":"2"}},{"id":"s3ucvk4f8cy6r974qu9e175b","type":"text","content":{"richText":[{"type":"p","children":[{"text":"Não posso te mostrar tudo por aqui 🥺"}]}]},"groupId":"qwno8mw9sa2r6c8wvf2ipn7r"},{"id":"mt0ikeuvaq2lul8nnj0btr2p","type":"Wait","groupId":"qwno8mw9sa2r6c8wvf2ipn7r","options":{"secondsToWaitFor":"4"}},{"id":"jzh57g3ttttisl1fh4e6ut6i","type":"image","content":{"url":"https://i.postimg.cc/SsrvrCk4/yw9xmq77ow96kamgca0ya59w.png"},"groupId":"qwno8mw9sa2r6c8wvf2ipn7r"},{"id":"v6ws53xlc0gow0iaezqqbxzz","type":"Wait","groupId":"qwno8mw9sa2r6c8wvf2ipn7r","options":{"secondsToWaitFor":"5"}},{"id":"zwq9rzppuhie1sxmf5s0axj3","type":"text","content":{"richText":[{"type":"p","children":[{"text":"Quer ver todos os meus videos e fotos me tocando bem gostoso?"}]}]},"groupId":"qwno8mw9sa2r6c8wvf2ipn7r"},{"id":"ky94aqttew5q6vq50bbduxv2","type":"Wait","groupId":"qwno8mw9sa2r6c8wvf2ipn7r","options":{"secondsToWaitFor":"4"}},{"id":"nsmjzruudi5xktoxkhl1rhc8","type":"text","content":{"richText":[{"type":"p","children":[{"text":"Ou até mesmo marcar um video chamada? rs"}]}]},"groupId":"qwno8mw9sa2r6c8wvf2ipn7r"},{"id":"ect8po7eqqw9abuiqx1xrkxh","type":"Wait","groupId":"qwno8mw9sa2r6c8wvf2ipn7r","options":{"secondsToWaitFor":"2"}},{"id":"wujvywelx5qymk5qxaks8rfw","type":"image","content":{"url":"https://i.postimg.cc/5t249kZ8/o0nbzcwenq3911m88elyck61.png"},"groupId":"qwno8mw9sa2r6c8wvf2ipn7r"},{"id":"lpxpp3jvxs75z9mmza2ieaet","type":"Wait","groupId":"qwno8mw9sa2r6c8wvf2ipn7r","options":{"secondsToWaitFor":"1"}},{"id":"injpxut31qef38yhzxfad4g1","type":"choice input","items":[{"id":"aqziq30speipub7p9bahv4cv","type":0,"blockId":"injpxut31qef38yhzxfad4g1","content":"Claro que sim 🔥","outgoingEdgeId":"wi723z7f6nbhm4zbgc9qeqs9"}],"groupId":"qwno8mw9sa2r6c8wvf2ipn7r","options":{"buttonLabel":"Send","isSearchable":false,"isMultipleChoice":false,"searchInputPlaceholder":"Filter the options..."}},{"id":"ggf2zpl190gg2nd2p7h8c4tn","type":"Wait","groupId":"qwno8mw9sa2r6c8wvf2ipn7r","options":{"secondsToWaitFor":"3"}},{"id":"ocf8qe58hj16vpl1kfsrdk9b","type":"embed","content":{"url":"https://ocorreafelipe.github.io/audios/Audio-mol%2001/template-audio-1","height":90},"groupId":"qwno8mw9sa2r6c8wvf2ipn7r"},{"id":"tjwm5rcekds3uykzug5f0kq3","type":"Wait","groupId":"qwno8mw9sa2r6c8wvf2ipn7r","options":{"secondsToWaitFor":"15"}},{"id":"c5hhb8e8eqedvrfd2rz92xdi","type":"text","content":{"richText":[{"type":"p","children":[{"text":"Que tal adquirir um dos meus pacotes fechados? é parecido com OnlyFans e baratinho"}]}]},"groupId":"qwno8mw9sa2r6c8wvf2ipn7r"},{"id":"nxzyluvl2lztexn4eg2guvhs","type":"Wait","groupId":"qwno8mw9sa2r6c8wvf2ipn7r","options":{"secondsToWaitFor":"3"}},{"id":"va3o67628oafpuvg9cbzt9pl","type":"text","content":{"richText":[{"type":"p","children":[{"text":"Assim você me ajuda a pagar minha faculdade e eu te ajudo a relaxar rsrs"}]}]},"groupId":"qwno8mw9sa2r6c8wvf2ipn7r"},{"id":"iihfjoy4v7apwlv4lm0jzxxt","type":"Wait","groupId":"qwno8mw9sa2r6c8wvf2ipn7r","options":{"secondsToWaitFor":"2"}},{"id":"xqgnmjqkunsfzb6zvgo4nri6","type":"text","content":{"richText":[{"type":"p","children":[{"text":"Se você clicar em SIM! Eu te envio outra surpresa! 🤭🎬"}]}]},"groupId":"qwno8mw9sa2r6c8wvf2ipn7r"},{"id":"co5b6cyggewmb3dzdwoglolg","type":"Wait","groupId":"qwno8mw9sa2r6c8wvf2ipn7r","options":{"secondsToWaitFor":"1"}},{"id":"a1y0o8qaz7jxurmgxcseebt8","type":"choice input","items":[{"id":"vl85qxvv9cy3k56gf4q09vjw","type":0,"blockId":"a1y0o8qaz7jxurmgxcseebt8","content":"SIM! Quero adquirir","outgoingEdgeId":"m7716d0ljfw75gw35rug5h6u"}],"groupId":"qwno8mw9sa2r6c8wvf2ipn7r","options":{"buttonLabel":"Send","isSearchable":false,"isMultipleChoice":false,"searchInputPlaceholder":"Filter the options..."}},{"id":"kdnlxsmi5lzsrgmqbtd3hmu7","type":"Wait","groupId":"qwno8mw9sa2r6c8wvf2ipn7r","options":{"secondsToWaitFor":"4"}},{"id":"i7qqnucpgsxqyase7fwjxnw8","type":"text","content":{"richText":[{"type":"p","children":[{"text":"Ai bb.... 🤭"}]}]},"groupId":"qwno8mw9sa2r6c8wvf2ipn7r"},{"id":"d9nfxuf1dwumvom75nbmt2hx","type":"Wait","groupId":"qwno8mw9sa2r6c8wvf2ipn7r","options":{"secondsToWaitFor":"2"}},{"id":"mqzhdvd8dlcjvtoai27jyawv","type":"embed","content":{"url":"https://scripts.converteai.net/e5dfc7ee-5814-491b-bcf2-ddebcdfa50bb/players/64b5cd32e891af000a1d7e19/embed.html","height":550},"groupId":"qwno8mw9sa2r6c8wvf2ipn7r"},{"id":"bmkxuc649hx30mfhblxz3niy","type":"Wait","groupId":"qwno8mw9sa2r6c8wvf2ipn7r","options":{"secondsToWaitFor":"9"}},{"id":"pltpph1fotgqf9m5hu8pyju7","type":"text","content":{"richText":[{"type":"p","children":[{"text":"Amor, vou te mandar meus pacotes 👇"}]}]},"groupId":"qwno8mw9sa2r6c8wvf2ipn7r"},{"id":"znkalvg569nj2xgkqdglq0n6","type":"Wait","groupId":"qwno8mw9sa2r6c8wvf2ipn7r","options":{"secondsToWaitFor":"3"}},{"id":"vuopjegusuf4g0b1ka9cc86q","type":"text","content":{"richText":[{"type":"p","children":[{"bold":true,"text":"Pack Prata"}]},{"type":"p","children":[{"text":""}]},{"type":"p","children":[{"text":"🌶️"},{"bold":true,"text":" "},{"text":"30 Fotos safadinhas"}]},{"type":"p","children":[{"text":"🌶️ 06 Videos deliciosos"}]},{"type":"p","children":[{"text":"🔞 02 Videos Bônus "}]},{"type":"p","children":[{"text":""}]},{"type":"p","children":[{"bold":true,"text":"Apenas R$ 17,90"}]}]},"groupId":"qwno8mw9sa2r6c8wvf2ipn7r"},{"id":"bjmm5l29ahkkod2po1td8z35","type":"Wait","groupId":"qwno8mw9sa2r6c8wvf2ipn7r","options":{"secondsToWaitFor":"3"}},{"id":"d3oujqcg7ekrhkx40enfhraa","type":"text","content":{"richText":[{"type":"p","children":[{"bold":true,"text":"Pack Ouro"}]},{"type":"p","children":[{"text":""}]},{"type":"p","children":[{"text":"🌶️ 65 Fotos safadinhas"},{"bold":true,"text":" "}]},{"type":"p","children":[{"text":"🌶️ 14 Videos deliciosos"}]},{"type":"p","children":[{"text":"🔞 04 Videos Bônus "}]},{"type":"p","children":[{"text":"🔞 Close Friends no Insta"}]},{"type":"p","children":[{"text":""}]},{"type":"p","children":[{"bold":true,"text":"Apenas R$ 29,90"}]}]},"groupId":"qwno8mw9sa2r6c8wvf2ipn7r"},{"id":"tc0yz64tkxo1jz7p1tskc0tx","type":"Wait","groupId":"qwno8mw9sa2r6c8wvf2ipn7r","options":{"secondsToWaitFor":"4"}},{"id":"xwgs3kq66kae1dbhy6c8k8nm","type":"text","content":{"richText":[{"type":"p","children":[{"text":"Não perde mais tempo e vem gozar juntinho cmg... Qual você prefere amor? 😋"}]}]},"groupId":"qwno8mw9sa2r6c8wvf2ipn7r"},{"id":"btf5rufrwdzljmbn9yq3l585","type":"Wait","groupId":"qwno8mw9sa2r6c8wvf2ipn7r","options":{"secondsToWaitFor":"1"}},{"id":"c5nr7g8ggqfyldlwg3yto5yt","type":"choice input","items":[{"id":"ws7xl53ew6pzszsnbft74628","type":0,"blockId":"c5nr7g8ggqfyldlwg3yto5yt","content":"🔞 Pack Prata: R$ 17,90","outgoingEdgeId":"dc9slitryfm95ohe2shtdgol"},{"id":"rvd0gr5rg05d6pcbt93b5jkm","type":0,"blockId":"c5nr7g8ggqfyldlwg3yto5yt","content":"🔞 Pack Ouro: R$ 29,90","outgoingEdgeId":"ba8m9iobq2k9n41n1fezm07h"}],"groupId":"qwno8mw9sa2r6c8wvf2ipn7r","options":{"buttonLabel":"Send","isSearchable":false,"isMultipleChoice":false,"searchInputPlaceholder":"Filter the options..."}}],"graphCoordinates":{"x":-1431.36,"y":22.33}},{"id":"hg3es2u5jvlazdbpdhukrpff","title":"Prata","blocks":[{"id":"ce0sb8v17yyfng1scubkt4i2","type":"Wait","groupId":"hg3es2u5jvlazdbpdhukrpff","options":{"secondsToWaitFor":"3"}},{"id":"uslfpeek6znodkliqcvkwkrg","type":"text","content":{"richText":[{"type":"p","children":[{"text":"Ah... e não precisa se preocupar amor"}]}]},"groupId":"hg3es2u5jvlazdbpdhukrpff"},{"id":"murt24dzy8u7kzvxnc4grftr","type":"Wait","groupId":"hg3es2u5jvlazdbpdhukrpff","options":{"secondsToWaitFor":"2"}},{"id":"rm8ofc6oalk8fua03tpx08rv","type":"text","content":{"richText":[{"type":"p","children":[{"text":"No comprovante do pix ou cartão fica escrito \"Suco Detóx\""}]}]},"groupId":"hg3es2u5jvlazdbpdhukrpff"},{"id":"ozveblcpp4j246opypij3x7z","type":"Wait","groupId":"hg3es2u5jvlazdbpdhukrpff","options":{"secondsToWaitFor":"3"}},{"id":"o84dfpasqo01jnpvnj7kyu6r","type":"text","content":{"richText":[{"type":"p","children":[{"text":"Pra ser mais seguro e discreto 😊"}]}]},"groupId":"hg3es2u5jvlazdbpdhukrpff"},{"id":"d30ccttmctgl3xtf18gb3exb","type":"Wait","groupId":"hg3es2u5jvlazdbpdhukrpff","options":{"secondsToWaitFor":"2"}},{"id":"egzt0l0byksyhy9z1gldlm74","type":"text","content":{"richText":[{"type":"p","children":[{"text":"O acesso é imediato e chega no seu email e na próxima pagina, te espero la amor 💓"}]}]},"groupId":"hg3es2u5jvlazdbpdhukrpff"},{"id":"fcqo8sitmqshubqeahzgl1xc","type":"Wait","groupId":"hg3es2u5jvlazdbpdhukrpff","options":{"secondsToWaitFor":"1"}},{"id":"wuz102jyl7b2y61d7l9zfp67","type":"choice input","items":[{"id":"i1ga4y8ja7qtei0fq72i7ev5","type":0,"blockId":"wuz102jyl7b2y61d7l9zfp67","content":"🔞 Adquirir Pack Prata","outgoingEdgeId":"c490dh96zhts3iqg82jmhejk"}],"groupId":"hg3es2u5jvlazdbpdhukrpff","options":{"buttonLabel":"Send","isSearchable":false,"isMultipleChoice":false,"searchInputPlaceholder":"Filter the options..."}},{"id":"o8gl8r3ixkbn787frjwxhy6t","type":"Redirect","groupId":"hg3es2u5jvlazdbpdhukrpff","options":{"url":"https://pepper.com.br/checkout/index.html?p=55392&o=59124","isNewTab":false}}],"graphCoordinates":{"x":-1048.36,"y":6479.85}},{"id":"bs5lmv63fwa8brap5yj893ut","title":"Ouro","blocks":[{"id":"ng1hn3ow1ac6by9m5gwpbssv","type":"Wait","groupId":"bs5lmv63fwa8brap5yj893ut","options":{"secondsToWaitFor":"3"}},{"id":"fyzxarqtmjuq35ib2xh5iopv","type":"text","content":{"richText":[{"type":"p","children":[{"text":"Ah... e não precisa se preocupar amor"}]}]},"groupId":"bs5lmv63fwa8brap5yj893ut"},{"id":"ayz7lu4rbl81s85f06w2g78z","type":"Wait","groupId":"bs5lmv63fwa8brap5yj893ut","options":{"secondsToWaitFor":"2"}},{"id":"dery7zoyd8x57dgudgpjhoyz","type":"text","content":{"richText":[{"type":"p","children":[{"text":"No comprovante do pix ou cartão fica escrito \"Suco Detóx\""}]}]},"groupId":"bs5lmv63fwa8brap5yj893ut"},{"id":"uje28a79sbwie37ox6v1lnnj","type":"Wait","groupId":"bs5lmv63fwa8brap5yj893ut","options":{"secondsToWaitFor":"3"}},{"id":"kyjacdfe42rfw6aq0by49z9p","type":"text","content":{"richText":[{"type":"p","children":[{"text":"Pra ser mais seguro e discreto 😊"}]}]},"groupId":"bs5lmv63fwa8brap5yj893ut"},{"id":"mg29de5687bpuaah8544cf1o","type":"Wait","groupId":"bs5lmv63fwa8brap5yj893ut","options":{"secondsToWaitFor":"2"}},{"id":"ufcwjmkbp3lemjb6jumscqmg","type":"text","content":{"richText":[{"type":"p","children":[{"text":"O acesso é imediato e chega no seu email e na próxima pagina, te espero la amor 💓"}]}]},"groupId":"bs5lmv63fwa8brap5yj893ut"},{"id":"buir3wldh8z3mkmkq1owa7rv","type":"Wait","groupId":"bs5lmv63fwa8brap5yj893ut","options":{"secondsToWaitFor":"1"}},{"id":"d9ao9cvkv23vzxrr9dwcmol0","type":"choice input","items":[{"id":"lmymgh06qa2uyxpjqf5y8rpy","type":0,"blockId":"d9ao9cvkv23vzxrr9dwcmol0","content":"🔞 Adquirir Pack Ouro","outgoingEdgeId":"h95pzsco5m7tz9bqwr8leyzy"}],"groupId":"bs5lmv63fwa8brap5yj893ut","options":{"buttonLabel":"Send","isSearchable":false,"isMultipleChoice":false,"searchInputPlaceholder":"Filter the options..."}},{"id":"f8hqvs2d34bn3oxkcl5lmng2","type":"Redirect","groupId":"bs5lmv63fwa8brap5yj893ut","options":{"url":"https://pepper.com.br/checkout/index.html?p=55392&o=59120","isNewTab":false}}],"graphCoordinates":{"x":-675.91,"y":6501.61}}],"variables":[{"id":"vprp91gkcj6ooz2wteh9qrvjn","name":"NOME"},{"id":"vylhptebpxvgxs98ah9vf9q1p","name":"PESO"},{"id":"vpel0viottucscnen8zdlejaf","name":"IDADE"},{"id":"vlnuxmidqsek5hmsy83v55c7h","name":"PERDER"},{"id":"va2xubuj795oo62rxwti3hudj","name":"TEMPO"}],"edges":[{"id":"gxrvt8ny0xlqp64yx9dh825n","to":{"blockId":"kl16bf94mpvm7ux0w9yhaksc","groupId":"qwno8mw9sa2r6c8wvf2ipn7r"},"from":{"blockId":"cx5iel8jxfo4caorf8rnjiw0","groupId":"ye8wa321k0sbozp79ekkzcru"}},{"id":"r5w8iw5xa8rreryxr71p332l","to":{"blockId":"mujdpsbs9zyxyuxyz7r033yp","groupId":"qwno8mw9sa2r6c8wvf2ipn7r"},"from":{"itemId":"zr565rsn80y7fxsulci0qjrv","blockId":"wfmwqxnt0p3p0onxut01rdwu","groupId":"qwno8mw9sa2r6c8wvf2ipn7r"}},{"id":"a9q1b9s8zaebpjfj6wltzzmc","to":{"blockId":"mujdpsbs9zyxyuxyz7r033yp","groupId":"qwno8mw9sa2r6c8wvf2ipn7r"},"from":{"itemId":"rglo4ixkfwejugps2e8kyawv","blockId":"wfmwqxnt0p3p0onxut01rdwu","groupId":"qwno8mw9sa2r6c8wvf2ipn7r"}},{"id":"dnhjrh8pp7jmlf2pb3b64zgn","to":{"blockId":"a0cktvxp4xslp1le4wpl43cd","groupId":"qwno8mw9sa2r6c8wvf2ipn7r"},"from":{"itemId":"j4y87qzm3cthne38ruk66wv4","blockId":"lhwb6kduqgysdoco9xcc9nec","groupId":"qwno8mw9sa2r6c8wvf2ipn7r"}},{"id":"hk3tcgxs5scegn4fudu74o17","to":{"blockId":"cabr0pfz48d3qibp70xhn00h","groupId":"qwno8mw9sa2r6c8wvf2ipn7r"},"from":{"itemId":"jb5qnxwavmqsbmyepl1qohdm","blockId":"fjliyywouiuds3h217ywlybf","groupId":"qwno8mw9sa2r6c8wvf2ipn7r"}},{"id":"jqg1k5xv0gz5xo9r03maipz8","to":{"blockId":"cabr0pfz48d3qibp70xhn00h","groupId":"qwno8mw9sa2r6c8wvf2ipn7r"},"from":{"itemId":"xlrxhsa8bc2nvwgp82k6esue","blockId":"fjliyywouiuds3h217ywlybf","groupId":"qwno8mw9sa2r6c8wvf2ipn7r"}},{"id":"m7716d0ljfw75gw35rug5h6u","to":{"blockId":"kdnlxsmi5lzsrgmqbtd3hmu7","groupId":"qwno8mw9sa2r6c8wvf2ipn7r"},"from":{"itemId":"vl85qxvv9cy3k56gf4q09vjw","blockId":"a1y0o8qaz7jxurmgxcseebt8","groupId":"qwno8mw9sa2r6c8wvf2ipn7r"}},{"id":"wi723z7f6nbhm4zbgc9qeqs9","to":{"blockId":"ggf2zpl190gg2nd2p7h8c4tn","groupId":"qwno8mw9sa2r6c8wvf2ipn7r"},"from":{"itemId":"aqziq30speipub7p9bahv4cv","blockId":"injpxut31qef38yhzxfad4g1","groupId":"qwno8mw9sa2r6c8wvf2ipn7r"}},{"id":"xnjj0i7dmu83d4q8pii44tgr","to":{"blockId":"cabr0pfz48d3qibp70xhn00h","groupId":"qwno8mw9sa2r6c8wvf2ipn7r"},"from":{"itemId":"gxtxcmwzcw7djw1e56ttycbl","blockId":"fjliyywouiuds3h217ywlybf","groupId":"qwno8mw9sa2r6c8wvf2ipn7r"}},{"id":"c490dh96zhts3iqg82jmhejk","to":{"blockId":"o8gl8r3ixkbn787frjwxhy6t","groupId":"hg3es2u5jvlazdbpdhukrpff"},"from":{"itemId":"i1ga4y8ja7qtei0fq72i7ev5","blockId":"wuz102jyl7b2y61d7l9zfp67","groupId":"hg3es2u5jvlazdbpdhukrpff"}},{"id":"h95pzsco5m7tz9bqwr8leyzy","to":{"blockId":"f8hqvs2d34bn3oxkcl5lmng2","groupId":"bs5lmv63fwa8brap5yj893ut"},"from":{"itemId":"lmymgh06qa2uyxpjqf5y8rpy","blockId":"d9ao9cvkv23vzxrr9dwcmol0","groupId":"bs5lmv63fwa8brap5yj893ut"}},{"id":"ba8m9iobq2k9n41n1fezm07h","to":{"blockId":"ng1hn3ow1ac6by9m5gwpbssv","groupId":"bs5lmv63fwa8brap5yj893ut"},"from":{"itemId":"rvd0gr5rg05d6pcbt93b5jkm","blockId":"c5nr7g8ggqfyldlwg3yto5yt","groupId":"qwno8mw9sa2r6c8wvf2ipn7r"}},{"id":"dc9slitryfm95ohe2shtdgol","to":{"blockId":"ce0sb8v17yyfng1scubkt4i2","groupId":"hg3es2u5jvlazdbpdhukrpff"},"from":{"itemId":"ws7xl53ew6pzszsnbft74628","blockId":"c5nr7g8ggqfyldlwg3yto5yt","groupId":"qwno8mw9sa2r6c8wvf2ipn7r"}}],"theme":{"chat":{"inputs":{"color":"#000000","backgroundColor":"#FFFFFF","placeholderColor":"#28292a"},"buttons":{"color":"#FFFFFF","backgroundColor":"#128C7E"},"roundness":"medium","hostAvatar":{"url":"https://i.postimg.cc/sgDRsz5F/2863304631.png","isEnabled":true},"guestAvatar":{"url":"https://s3.fr-par.scw.cloud/typebot/public/typebots/cli88mae30010mh0f0yzjqn48/guestAvatar?v=1685330799682","isEnabled":false},"hostBubbles":{"color":"#303235","backgroundColor":"#FFFFFF"},"guestBubbles":{"color":"#303235","backgroundColor":"#e1ffc7"}},"general":{"font":"Open Sans","background":{"type":"Image","content":"https://s3.fr-par.scw.cloud/typebot/public/typebots/cli88mae30010mh0f0yzjqn48/background?v=1685470080750"}},"customCss":".typebot-chat-view > .flex:first-child {\n    padding-top: 30px;\n}\n\n.typebot-input {\n    position: fixed;\n    bottom: 0;\n    align-items: center;\n    z-index: 999;\n    right: 0;\n}\n\n.typebot-input .typebot-button {\n    background: #008a7c;\n    border-radius: 50%;\n    color: #fff;\n    position: relative;\n    width: 50px;\n    height: 50px;\n    display: flex;\n    align-items: center;\n    justify-content: center;\n}\n\n.typebot-container {\n    background-size: initial!important;\n    background-repeat: repeat-x!important;\n}\n\n.typebot-host-bubble>.bubble-typing {\n  border-radius: 0 5px 5px 5px;\n}\n\n.typebot-host-bubble>.bubble-typing:after {\n    position: absolute;\n    content: \"\";\n    width: 0;\n    height: 0;\n    border-style: solid;\n    border-width: 0px 10px 10px 0;\n    border-color: transparent #fff transparent transparent;\n    top: 0;\n    left: -10px;\n}\n\n.typebot-guest-bubble {\n  position: relative;\n  border-radius: 5px 0 5px 5px;\n}\n\n.typebot-guest-bubble:after {\n  position: absolute;\n  content: \"\";\n  width: 0;\n  height: 0;\n  border-style: solid;\n}\n\n.typebot-guest-bubble:after {\n    border-width: 0px 0 10px 10px;\n    border-color: transparent transparent transparent #e1ffc7;\n    top: 0;\n    right: -10px;\n    border-style: solid;\n}\n\niframe[src=\"\"] {\n  position: fixed;\n  top: 0;\n  left: 0;\n  display: relative;\n  width: 100%;\n  height: 100% !important;\n  z-index: 999999;\n  border: none;\n  padding: 0;\n  margin: 0;\n}\n\na#lite-badge {\n  display: none!important;\n}\n\n.w-full {\nwidth: auto;\n}\n"},"settings":{"general":{"rememberUser":{"isEnabled":false},"isBrandingEnabled":true,"isInputPrefillEnabled":true,"isHideQueryParamsEnabled":true},"metadata":{"title":"Whatsapp Web","imageUrl":"https://s3.fr-par.scw.cloud/typebot/public/typebots/ni6q06d0tv7p96abwdf9j73f/ogImage?v=1689490858721","favIconUrl":"https://s3.fr-par.scw.cloud/typebot/public/typebots/ni6q06d0tv7p96abwdf9j73f/favIcon?v=1689472138511","description":"Fale agora comigo no WhatsApp e receba conteúdos exclusivos.","customHeadCode":"<!-- Facebook Pixel Code -->\n<script>\n   !function(f,b,e,v,n,t,s)\n  {if(f.fbq)return;n=f.fbq=function(){n.callMethod?\n    n.callMethod.apply(n,arguments):n.queue.push(arguments)};\n    if(!f._fbq)f._fbq=n;n.push=n;n.loaded=!0;n.version='2.0';\n    n.queue=[];t=b.createElement(e);t.async=!0;\n    t.src=v;s=b.getElementsByTagName(e)[0];\n    s.parentNode.insertBefore(t,s)}(window, document,'script',\n    'https://connect.facebook.net/en_US/fbevents.js');\n    fbq('init', '290902536764102');\n    fbq('track', 'PageView');\n    fbq('track', 'ViewContent');\n \n</script>\n<!-- End Facebook Pixel Code -->\n<link rel=\"stylesheet\" href=\"https://cdnjs.cloudflare.com/ajax/libs/material-design-iconic-font/2.2.0/css/material-design-iconic-font.min.css\">\n<style>\n  .hide {\n    display: none!important;\n  }\n  typebot-standard {\n    position: relative;\n    z-index: 9999;\n  }\n  #__next {\n    position: relative;\n    z-index: 9999;\n}\n  /* User Bar */\n.user-bar {\n  width: 100%;\n  height: 55px;\n  background: #005e54;\n  color: #fff;\n  padding: 0;\n  font-size: 24px;\n  position: fixed;\n  z-index: 99999;\n  display: block;\n  top: 0;\n}\n\n.user-bar:after {\n  content: \"\";\n  display: table;\n  clear: both;\n}\n\n.user-bar div {\n    float: left;\n    transform: translateY(-50%);\n    position: relative;\n    top: 50%;\n    margin-left: 10px;\n}\n\n.user-bar .actions {\n  float: right;\n  margin: 0 0 0 20px;\n}\n\n.user-bar .actions.more {\n  margin: 0 12px 0 32px;\n}\n\n.user-bar .actions.attachment {\n  margin: 0 0 0 30px;\n}\n\n.user-bar .actions.attachment i {\n  display: block;\n  transform: rotate(-45deg);\n}\n\n.user-bar .avatar {\n  margin: 0 0 0 5px;\n  width: 36px;\n  height: 36px;\n}\n\n.user-bar .avatar img {\n  border-radius: 50%;\n  box-shadow: 0 1px 0 rgba(255, 255, 255, 0.1);\n  display: block;\n  width: 100%;\n}\n\n.user-bar .name {\n  font-size: 17px;\n  font-weight: 600;\n  text-overflow: ellipsis;\n  letter-spacing: 0.3px;\n  margin: 0 0 0 8px;\n  overflow: hidden;\n  white-space: nowrap;\n  width: 150px;\n}\n\n.user-bar .status {\n  display: block;\n  font-size: 13px;\n  font-weight: 400;\n  letter-spacing: 0;\n}\n</style>\n\n<script>\nfunction criarBarra() {\n  var userBar = document.createElement(\"div\");\n  userBar.className = \"user-bar\";\n\n  var backButton = document.createElement(\"div\");\n  backButton.className = \"back\";\n  backButton.innerHTML = '<i class=\"zmdi zmdi-arrow-left\"></i>';\n\n  var avatar = document.createElement(\"div\");\n  avatar.className = \"avatar\";\n  avatar.innerHTML = '<img src=https://i.postimg.cc/sgDRsz5F/2863304631.png\"\" alt=\"Marcelle\">';\n\n  var name = document.createElement(\"div\");\n  name.className = \"name\";\n  name.innerHTML = '<span>Marcelle</span><span class=\"status\">online</span>';\n\n  var moreActions = document.createElement(\"div\");\n  moreActions.className = \"actions more\";\n  moreActions.innerHTML = '<i class=\"zmdi zmdi-more-vert\"></i>';\n\n  var attachmentAction = document.createElement(\"div\");\n  attachmentAction.className = \"actions attachment\";\n  attachmentAction.innerHTML = '<i class=\"zmdi zmdi-attachment-alt\"></i>';\n\n  var phoneAction = document.createElement(\"div\");\n  phoneAction.className = \"actions\";\n  phoneAction.innerHTML = '<i class=\"zmdi zmdi-phone\"></i>';\n\n  userBar.appendChild(backButton);\n  userBar.appendChild(avatar);\n  userBar.appendChild(name);\n  userBar.appendChild(moreActions);\n  userBar.appendChild(attachmentAction);\n  userBar.appendChild(phoneAction);\n\n  var elementoPai = document.querySelector(\"#__next\");\n  if (elementoPai) {\n    elementoPai.insertBefore(userBar, elementoPai.firstChild);\n  }\n}\n\ncriarBarra();\n</script>\n"},"typingEmulation":{"speed":300,"enabled":true,"maxDelay":1.5}}}