{"id":"clksv9ltg0011l40fysyc6trm","version":"3","groups":[{"id":"po4mydw05f98ppyuiixsvyxz","title":"Start","blocks":[{"id":"cx5iel8jxfo4caorf8rnjiw0","type":"start","label":"Start","groupId":"po4mydw05f98ppyuiixsvyxz","outgoingEdgeId":"qv240vtauib5f28o2gi7k33k"}],"graphCoordinates":{"x":-1804.43,"y":-11.61}},{"id":"jyen6p5a1xy3xpm5mvvkk0hz","title":"","blocks":[{"id":"kl16bf94mpvm7ux0w9yhaksc","type":"text","content":{"richText":[{"type":"p","children":[{"bold":true,"text":"[CUIDE DA SUA SAÚDE INTIMA]"}]},{"type":"p","children":[{"text":"Olá, meu nome é "},{"bold":true,"text":"Dra. Regina"},{"text":", e tenho uma "},{"bold":true,"text":"consulta gratuita","underline":true},{"text":" que vai te "},{"bold":true,"text":"surpreender"},{"text":"!"}]}]},"groupId":"jyen6p5a1xy3xpm5mvvkk0hz"},{"id":"ojoiuqw11ol7mluihnpdkffy","type":"text","content":{"richText":[{"type":"p","children":[{"text":"Mas antes te tudo preciso saber se você sofre com "},{"bold":true,"text":"CANDIDÍASE"},{"text":"!"}]}]},"groupId":"jyen6p5a1xy3xpm5mvvkk0hz"},{"id":"c8zvdcs07rxg9q2yckyprsyn","type":"choice input","items":[{"id":"cigszfogy5e8w000i07vu0rl","type":0,"blockId":"c8zvdcs07rxg9q2yckyprsyn","content":"Infelizmente!"},{"id":"gjj4jihg7hsdf9n42l2voqck","type":0,"blockId":"c8zvdcs07rxg9q2yckyprsyn","content":"Sim"}],"groupId":"jyen6p5a1xy3xpm5mvvkk0hz","options":{"buttonLabel":"Send","isSearchable":false,"isMultipleChoice":false,"searchInputPlaceholder":"Filter the options..."},"outgoingEdgeId":"qncsbub9ecrcr4lc6c5oriud"}],"graphCoordinates":{"x":-1434.92,"y":23.22}},{"id":"t3jf1lb1a9omkipet3l2ybjm","title":"","blocks":[{"id":"p72v7j6oia4oy91v9dwbeind","type":"text","content":{"richText":[{"type":"p","children":[{"text":"Certo {{NOME}}, vamos lá..."}]}]},"groupId":"t3jf1lb1a9omkipet3l2ybjm"},{"id":"fzfumyw7ixn08k4jnwnxssas","type":"Wait","groupId":"t3jf1lb1a9omkipet3l2ybjm","options":{"secondsToWaitFor":"3"}},{"id":"b67yqw5t665wip4u448klheu","type":"audio","content":{"url":"https://s3.fr-par.scw.cloud/typebot/public/typebots/t59yr0won138rjn5311yp9p5/blocks/b67yqw5t665wip4u448klheu?v=1690924647204"},"groupId":"t3jf1lb1a9omkipet3l2ybjm"},{"id":"si65qhn04wstsw96emlqyi8v","type":"Wait","groupId":"t3jf1lb1a9omkipet3l2ybjm","options":{"secondsToWaitFor":"5"}},{"id":"ee4xxfbpqwkhiffvv3r74xh5","type":"choice input","items":[{"id":"snbrnyidw9clevx1iquwsuj6","type":0,"blockId":"ee4xxfbpqwkhiffvv3r74xh5","content":"🔴 Coceira intensa","outgoingEdgeId":"s6jl69ri2rvb8rsc0gx8tsqs"},{"id":"l9frpsii04vrimokxoix0w1y","type":0,"blockId":"ee4xxfbpqwkhiffvv3r74xh5","content":" 🔴 Corrimento vaginal","outgoingEdgeId":"xid6mynz0kryw58zasr41bj7"},{"id":"apdi9s2cjmoa9pa9e9obt48n","type":0,"blockId":"ee4xxfbpqwkhiffvv3r74xh5","content":" 🔴 Dor na relação sexual","outgoingEdgeId":"r7ltx37yg94t2kwjv2xvzsso"},{"id":"ubvwfgily6v46axv4g0ef62w","type":0,"blockId":"ee4xxfbpqwkhiffvv3r74xh5","content":"🔴 Queimação ao urinar","outgoingEdgeId":"avxoptvjiy8ejmhpyoj41bxe"},{"id":"gvt2ya87xgoa0gzgonxcv3wx","type":0,"blockId":"ee4xxfbpqwkhiffvv3r74xh5","content":" 🔴 Desconforto na barriga","outgoingEdgeId":"v6iaypk2ii9r5va5gwxp3hbl"},{"id":"z8ar7ejhlpgg1wdcsij46vbw","type":0,"blockId":"ee4xxfbpqwkhiffvv3r74xh5","content":"🔴 Cheiro forte","outgoingEdgeId":"hnprwxzmurdomasuledwjg14"},{"id":"yqo8x8ied93b3fwh98ozhour","type":0,"blockId":"ee4xxfbpqwkhiffvv3r74xh5","content":"🔴 Todos acima!","outgoingEdgeId":"wvqk72kp82p428273ont05n6"}],"groupId":"t3jf1lb1a9omkipet3l2ybjm","options":{"buttonLabel":"Send","isSearchable":false,"isMultipleChoice":false,"searchInputPlaceholder":"Filter the options..."}}],"graphCoordinates":{"x":-644.02,"y":24.34}},{"id":"aqnerkihi0hikxtrdpgxforo","title":"","blocks":[{"id":"rinfkzogcniwugfbtr0ka0wl","type":"audio","content":{"url":"https://s3.fr-par.scw.cloud/typebot/public/typebots/t59yr0won138rjn5311yp9p5/blocks/rinfkzogcniwugfbtr0ka0wl?v=1690925833844"},"groupId":"aqnerkihi0hikxtrdpgxforo"},{"id":"jbj26sw7lywmwjpxx5dq8rby","type":"Wait","groupId":"aqnerkihi0hikxtrdpgxforo","options":{"secondsToWaitFor":"13"}},{"id":"c3r3edruvz8rqgattvr8508t","type":"choice input","items":[{"id":"m3j9rwd1ahygb5xhbmnwrgc3","type":0,"blockId":"c3r3edruvz8rqgattvr8508t","content":"Menos de 1 ano","outgoingEdgeId":"t7w7qmoie83211xqm16dyn8d"},{"id":"iq1hzs59t52snuxerenunptp","type":0,"blockId":"c3r3edruvz8rqgattvr8508t","content":" 1 a 2 anos","outgoingEdgeId":"moaspx41hdcnppyo1eg2ukcd"},{"id":"coly6vb7lv8cyj5jmq16sxaa","type":0,"blockId":"c3r3edruvz8rqgattvr8508t","content":" 2 a 3 anos","outgoingEdgeId":"bmcwxysulx3pmfwi5txmdfc8"},{"id":"c0ztwh0j6b35nb69sctn41br","type":0,"blockId":"c3r3edruvz8rqgattvr8508t","content":" 3 a 4 anos","outgoingEdgeId":"tjjemt30x6axfa6lt4pmumh8"},{"id":"vc0dut4006a2zd1plgb2bofo","type":0,"blockId":"c3r3edruvz8rqgattvr8508t","content":" 4 a 5 anos","outgoingEdgeId":"g450c7tc0tmcxrukvobbt9e5"},{"id":"yuo8wdk45an2k99w45kmgm8f","type":0,"blockId":"c3r3edruvz8rqgattvr8508t","content":"Mais de 5 anos","outgoingEdgeId":"myiytv3r24xzoxfg1z2urlc8"}],"groupId":"aqnerkihi0hikxtrdpgxforo","options":{"buttonLabel":"Send","isSearchable":false,"isMultipleChoice":false,"searchInputPlaceholder":"Filter the options..."}}],"graphCoordinates":{"x":-248.82,"y":24.24}},{"id":"z2uh9felk3exgycbkhsqwpqx","title":"","blocks":[{"id":"nagbcw3jkh0qfwi9ixzkf9u2","type":"audio","content":{"url":"https://s3.fr-par.scw.cloud/typebot/public/typebots/t59yr0won138rjn5311yp9p5/blocks/nagbcw3jkh0qfwi9ixzkf9u2?v=1690926327814"},"groupId":"z2uh9felk3exgycbkhsqwpqx"},{"id":"hlmvj6as1sn6ofemd56y8qo9","type":"Wait","groupId":"z2uh9felk3exgycbkhsqwpqx","options":{"secondsToWaitFor":"7"}},{"id":"k2f8w0qcjjrpk4zgtgbttutg","type":"audio","content":{"url":"https://s3.fr-par.scw.cloud/typebot/public/typebots/t59yr0won138rjn5311yp9p5/blocks/k2f8w0qcjjrpk4zgtgbttutg?v=1690926398539"},"groupId":"z2uh9felk3exgycbkhsqwpqx"},{"id":"qkt66sx11y2fkes1akko7lwh","type":"Wait","groupId":"z2uh9felk3exgycbkhsqwpqx","options":{"secondsToWaitFor":"10"}},{"id":"k4efu3ihuewkgqrltk4yq7w2","type":"text","content":{"richText":[{"type":"p","children":[{"text":"Deseja conhecer esse "},{"bold":true,"text":"método da pasta?"}]}]},"groupId":"z2uh9felk3exgycbkhsqwpqx"},{"id":"n77t51ddgnxzlotk2k2jd2ox","type":"Wait","groupId":"z2uh9felk3exgycbkhsqwpqx","options":{"secondsToWaitFor":"2"}},{"id":"ksowcbx72l551ivc7q7w3zk5","type":"choice input","items":[{"id":"jdsas9np961u54ch4447ecp3","type":0,"blockId":"ksowcbx72l551ivc7q7w3zk5","content":"SIM","outgoingEdgeId":"h0o2t8ec3uyyyq6ldd36ar3g"},{"id":"matbpzdau74qab6ebhuibb2h","type":0,"blockId":"ksowcbx72l551ivc7q7w3zk5","content":"CLARO","outgoingEdgeId":"t3z6wkeep67p2rc2jtog5y38"}],"groupId":"z2uh9felk3exgycbkhsqwpqx","options":{"buttonLabel":"Send","isSearchable":false,"isMultipleChoice":false,"searchInputPlaceholder":"Filter the options..."},"outgoingEdgeId":"us1p3p6i406sgp10vtuev54q"}],"graphCoordinates":{"x":120.55,"y":23.93}},{"id":"hb4hdc5ijukp4tg8tjl5hmuj","title":"","blocks":[{"id":"qxhdyp7zce3in4k4hozn96ij","type":"text","content":{"richText":[{"type":"p","children":[{"text":"Entendi, vamos tratar isso "},{"bold":true,"text":"agora "},{"text":"mesmo.\n"}]}]},"groupId":"hb4hdc5ijukp4tg8tjl5hmuj"},{"id":"cj2utiad8xipr6ereknkuwsu","type":"text","content":{"richText":[{"type":"p","children":[{"text":"Antes de tudo, preciso me apresentar!\n"}]}]},"groupId":"hb4hdc5ijukp4tg8tjl5hmuj"},{"id":"tn2zoescgbr0qrouqo56920u","type":"Wait","groupId":"hb4hdc5ijukp4tg8tjl5hmuj","options":{"secondsToWaitFor":"2"}},{"id":"wrgpw3nfpozjrnpet5dmlq30","type":"audio","content":{"url":"https://s3.fr-par.scw.cloud/typebot/public/typebots/t59yr0won138rjn5311yp9p5/blocks/wrgpw3nfpozjrnpet5dmlq30?v=1690924182345"},"groupId":"hb4hdc5ijukp4tg8tjl5hmuj"},{"id":"b0lxbg1t34d6udocyaqqzarz","type":"Wait","groupId":"hb4hdc5ijukp4tg8tjl5hmuj","options":{"secondsToWaitFor":"5"}},{"id":"vcnn5alg1mn3r1q8t1b39v6c","type":"audio","content":{"url":"https://s3.fr-par.scw.cloud/typebot/public/typebots/t59yr0won138rjn5311yp9p5/blocks/vcnn5alg1mn3r1q8t1b39v6c?v=1690924073570"},"groupId":"hb4hdc5ijukp4tg8tjl5hmuj"},{"id":"urfjkd58u1h1qt8rx8etsdv0","type":"Wait","groupId":"hb4hdc5ijukp4tg8tjl5hmuj","options":{"secondsToWaitFor":"16"}},{"id":"rskcp1k8gcwmqg4xym0gwhfg","type":"image","content":{"url":"https://s3.fr-par.scw.cloud/typebot/public/typebots/t59yr0won138rjn5311yp9p5/blocks/rskcp1k8gcwmqg4xym0gwhfg?v=1690924345410"},"groupId":"hb4hdc5ijukp4tg8tjl5hmuj"},{"id":"h1j9r3ix9c5n0c7odrdxbvl8","type":"text","content":{"richText":[{"type":"p","children":[{"text":"\nPara continuar a"},{"bold":true,"text":" "},{"text":"consulta","underline":true},{"bold":true,"text":", digite "},{"bold":true,"text":"apenas ","underline":true},{"bold":true,"text":"o seu nome a seguir! "}]}]},"groupId":"hb4hdc5ijukp4tg8tjl5hmuj"},{"id":"pftp3s36rd6dygtiq95zn73k","type":"text input","groupId":"hb4hdc5ijukp4tg8tjl5hmuj","options":{"isLong":false,"labels":{"button":"Enviar","placeholder":"Digite aqui..."},"variableId":"vprp91gkcj6ooz2wteh9qrvjn"},"outgoingEdgeId":"qm2vsdvzdy4ldoppsgqsmfbo"}],"graphCoordinates":{"x":-1034.51,"y":22.07}},{"id":"d1v1jtzqsmrcdn3qoewveeh3","title":"","blocks":[{"id":"l8pk4gsg6qoohui94i3x3ns4","type":"text","content":{"richText":[{"type":"p","children":[{"text":"Vou te explicar como funciona..."}]}]},"groupId":"d1v1jtzqsmrcdn3qoewveeh3"},{"id":"kkjllqn4mmi6bv0ov759b7ff","type":"Wait","groupId":"d1v1jtzqsmrcdn3qoewveeh3","options":{"secondsToWaitFor":"3"}},{"id":"kjbfh67z9jjtngekezooid1p","type":"audio","content":{"url":"https://s3.fr-par.scw.cloud/typebot/public/typebots/t59yr0won138rjn5311yp9p5/blocks/kjbfh67z9jjtngekezooid1p?v=1690926790762"},"groupId":"d1v1jtzqsmrcdn3qoewveeh3"},{"id":"od1zom0te9g5sonhv7zsz72e","type":"Wait","groupId":"d1v1jtzqsmrcdn3qoewveeh3","options":{"secondsToWaitFor":"6"}},{"id":"m7fdycmddpjjt9fvoh510vr8","type":"audio","content":{"url":"https://s3.fr-par.scw.cloud/typebot/public/typebots/t59yr0won138rjn5311yp9p5/blocks/m7fdycmddpjjt9fvoh510vr8?v=1690926890693"},"groupId":"d1v1jtzqsmrcdn3qoewveeh3"},{"id":"gn1jx5x2gpcmz5j1e0lcfc7a","type":"Wait","groupId":"d1v1jtzqsmrcdn3qoewveeh3","options":{"secondsToWaitFor":"9"}},{"id":"tz3xluurjoq5csx9cnue2430","type":"audio","content":{"url":"https://s3.fr-par.scw.cloud/typebot/public/typebots/t59yr0won138rjn5311yp9p5/blocks/tz3xluurjoq5csx9cnue2430?v=1690927047413"},"groupId":"d1v1jtzqsmrcdn3qoewveeh3"},{"id":"b5vjefb4ktfxy7uk2v5fvwje","type":"Wait","groupId":"d1v1jtzqsmrcdn3qoewveeh3","options":{"secondsToWaitFor":"12"}},{"id":"lm6882bsbnzo8tjoru33is9k","type":"audio","content":{"url":"https://s3.fr-par.scw.cloud/typebot/public/typebots/t59yr0won138rjn5311yp9p5/blocks/lm6882bsbnzo8tjoru33is9k?v=1690927209443"},"groupId":"d1v1jtzqsmrcdn3qoewveeh3"},{"id":"o6puth19ig31g2fzydnoxnr7","type":"Wait","groupId":"d1v1jtzqsmrcdn3qoewveeh3","options":{"secondsToWaitFor":"9"}},{"id":"mxkpmsr1hhiub1g08r3jrh12","type":"audio","content":{"url":"https://s3.fr-par.scw.cloud/typebot/public/typebots/t59yr0won138rjn5311yp9p5/blocks/mxkpmsr1hhiub1g08r3jrh12?v=1690927292190"},"groupId":"d1v1jtzqsmrcdn3qoewveeh3"},{"id":"j1y8qct2jstwv04m8yezfgbx","type":"Wait","groupId":"d1v1jtzqsmrcdn3qoewveeh3","options":{"secondsToWaitFor":"4"}},{"id":"frpqupsq3aumjtltfb9r00i7","type":"text","content":{"richText":[{"type":"p","children":[{"bold":true,"text":"{{NOME}}, você está disposta a dar o seu melhor para superar essa doença?"},{"text":"\n"}]}]},"groupId":"d1v1jtzqsmrcdn3qoewveeh3"},{"id":"aujh82q444mam4a0v7hcubcr","type":"choice input","items":[{"id":"u2k9onofyxrx611jrsktbzwa","type":0,"blockId":"aujh82q444mam4a0v7hcubcr","content":"Farei tudo.","outgoingEdgeId":"dy3dtfux86sf2afm3noqz488"},{"id":"kcdc8loauali2gr58s7t8nrv","type":0,"blockId":"aujh82q444mam4a0v7hcubcr","content":"Dou 100%.","outgoingEdgeId":"vdmlts6oxz6obzzvhuhh7n36"},{"id":"jks89i7diaxgexy7zmp2urgo","type":0,"blockId":"aujh82q444mam4a0v7hcubcr","content":" Total dedicação.","outgoingEdgeId":"c2xf5xy8pvgg85nabco8obui"},{"id":"taxg9qjqtm13d3o7jbibaau6","type":0,"blockId":"aujh82q444mam4a0v7hcubcr","content":" Faço o que for preciso.","outgoingEdgeId":"p2picfxv1a3ioxalgyr6vorl"}],"groupId":"d1v1jtzqsmrcdn3qoewveeh3","options":{"buttonLabel":"Send","isSearchable":false,"isMultipleChoice":false,"searchInputPlaceholder":"Filter the options..."}}],"graphCoordinates":{"x":569.68,"y":21}},{"id":"hwopygwwb2d40f8ehdubir1q","title":"Group #7","blocks":[{"id":"ro3rllenm4nkko9tx93q3qbo","type":"text","content":{"richText":[{"type":"p","children":[{"text":"Maravilha {{NOME}}, com sua dedicação, você terá resultados igual a Michele.\n"}]}]},"groupId":"hwopygwwb2d40f8ehdubir1q"},{"id":"fixrevt2t53260z5mcxmkaff","type":"video","content":{"id":"850733974","url":"https://vimeo.com/850733974?share=copy","type":"vimeo"},"groupId":"hwopygwwb2d40f8ehdubir1q"},{"id":"xr53qknbqfu700yyn9b6sxpz","type":"text","content":{"richText":[{"type":"p","children":[{"text":"A Viviane também adorou nosso método...\n"}]}]},"groupId":"hwopygwwb2d40f8ehdubir1q"},{"id":"nv3dabpelhvr3z3d098n5rfj","type":"video","content":{"id":"850739023","url":"https://vimeo.com/850739023?share=copy","type":"vimeo"},"groupId":"hwopygwwb2d40f8ehdubir1q"},{"id":"roqrq9lfin1pmkxfpkf32okn","type":"audio","content":{"url":"https://s3.fr-par.scw.cloud/typebot/public/typebots/t59yr0won138rjn5311yp9p5/blocks/roqrq9lfin1pmkxfpkf32okn?v=1690931104670"},"groupId":"hwopygwwb2d40f8ehdubir1q"},{"id":"q8w749r9runo1n6dd3o0shn9","type":"Wait","groupId":"hwopygwwb2d40f8ehdubir1q","options":{"secondsToWaitFor":"4"}},{"id":"rmwfkwvzd6lnbt2rxtvjkh73","type":"text","content":{"richText":[{"type":"p","children":[{"text":"Agora me diga...\n"}]}]},"groupId":"hwopygwwb2d40f8ehdubir1q"},{"id":"r04xl86dx4axbjl833ucafvf","type":"text","content":{"richText":[{"type":"p","children":[{"text":"Você gostaria de "},{"bold":true,"text":"participar doPrograma Candidíase Nunca Mais?"}]}]},"groupId":"hwopygwwb2d40f8ehdubir1q"},{"id":"y81o81jz5raboy5kcuun6ioq","type":"choice input","items":[{"id":"r4i7r8vm08595it03dv3dzhu","type":0,"blockId":"y81o81jz5raboy5kcuun6ioq","content":"CLIQUE AQUI PARA PARTICIPAR"}],"groupId":"hwopygwwb2d40f8ehdubir1q","options":{"buttonLabel":"Send","isSearchable":false,"isMultipleChoice":false,"searchInputPlaceholder":"Filter the options..."}},{"id":"fwsgxe2nadvhen29ftf48s6f","type":"Redirect","groupId":"hwopygwwb2d40f8ehdubir1q","options":{"url":"https://pay.kiwify.com.br/aDitkNV","isNewTab":false}}],"graphCoordinates":{"x":1116.51,"y":28.06}}],"variables":[{"id":"vprp91gkcj6ooz2wteh9qrvjn","name":"NOME"},{"id":"vylhptebpxvgxs98ah9vf9q1p","name":"PESO"},{"id":"vpel0viottucscnen8zdlejaf","name":"IDADE"},{"id":"vlnuxmidqsek5hmsy83v55c7h","name":"PERDER"},{"id":"va2xubuj795oo62rxwti3hudj","name":"TEMPO"}],"edges":[{"id":"qm2vsdvzdy4ldoppsgqsmfbo","to":{"blockId":"p72v7j6oia4oy91v9dwbeind","groupId":"t3jf1lb1a9omkipet3l2ybjm"},"from":{"blockId":"pftp3s36rd6dygtiq95zn73k","groupId":"hb4hdc5ijukp4tg8tjl5hmuj"}},{"id":"qncsbub9ecrcr4lc6c5oriud","to":{"blockId":"qxhdyp7zce3in4k4hozn96ij","groupId":"hb4hdc5ijukp4tg8tjl5hmuj"},"from":{"blockId":"c8zvdcs07rxg9q2yckyprsyn","groupId":"jyen6p5a1xy3xpm5mvvkk0hz"}},{"id":"qv240vtauib5f28o2gi7k33k","to":{"blockId":"kl16bf94mpvm7ux0w9yhaksc","groupId":"jyen6p5a1xy3xpm5mvvkk0hz"},"from":{"blockId":"cx5iel8jxfo4caorf8rnjiw0","groupId":"po4mydw05f98ppyuiixsvyxz"}},{"id":"us1p3p6i406sgp10vtuev54q","to":{"blockId":"l8pk4gsg6qoohui94i3x3ns4","groupId":"d1v1jtzqsmrcdn3qoewveeh3"},"from":{"blockId":"ksowcbx72l551ivc7q7w3zk5","groupId":"z2uh9felk3exgycbkhsqwpqx"}},{"id":"s6jl69ri2rvb8rsc0gx8tsqs","to":{"groupId":"aqnerkihi0hikxtrdpgxforo"},"from":{"itemId":"snbrnyidw9clevx1iquwsuj6","blockId":"ee4xxfbpqwkhiffvv3r74xh5","groupId":"t3jf1lb1a9omkipet3l2ybjm"}},{"id":"r7ltx37yg94t2kwjv2xvzsso","to":{"groupId":"aqnerkihi0hikxtrdpgxforo"},"from":{"itemId":"apdi9s2cjmoa9pa9e9obt48n","blockId":"ee4xxfbpqwkhiffvv3r74xh5","groupId":"t3jf1lb1a9omkipet3l2ybjm"}},{"id":"xid6mynz0kryw58zasr41bj7","to":{"groupId":"aqnerkihi0hikxtrdpgxforo"},"from":{"itemId":"l9frpsii04vrimokxoix0w1y","blockId":"ee4xxfbpqwkhiffvv3r74xh5","groupId":"t3jf1lb1a9omkipet3l2ybjm"}},{"id":"avxoptvjiy8ejmhpyoj41bxe","to":{"groupId":"aqnerkihi0hikxtrdpgxforo"},"from":{"itemId":"ubvwfgily6v46axv4g0ef62w","blockId":"ee4xxfbpqwkhiffvv3r74xh5","groupId":"t3jf1lb1a9omkipet3l2ybjm"}},{"id":"v6iaypk2ii9r5va5gwxp3hbl","to":{"groupId":"aqnerkihi0hikxtrdpgxforo"},"from":{"itemId":"gvt2ya87xgoa0gzgonxcv3wx","blockId":"ee4xxfbpqwkhiffvv3r74xh5","groupId":"t3jf1lb1a9omkipet3l2ybjm"}},{"id":"wvqk72kp82p428273ont05n6","to":{"blockId":"rinfkzogcniwugfbtr0ka0wl","groupId":"aqnerkihi0hikxtrdpgxforo"},"from":{"itemId":"yqo8x8ied93b3fwh98ozhour","blockId":"ee4xxfbpqwkhiffvv3r74xh5","groupId":"t3jf1lb1a9omkipet3l2ybjm"}},{"id":"hnprwxzmurdomasuledwjg14","to":{"blockId":"rinfkzogcniwugfbtr0ka0wl","groupId":"aqnerkihi0hikxtrdpgxforo"},"from":{"itemId":"z8ar7ejhlpgg1wdcsij46vbw","blockId":"ee4xxfbpqwkhiffvv3r74xh5","groupId":"t3jf1lb1a9omkipet3l2ybjm"}},{"id":"t7w7qmoie83211xqm16dyn8d","to":{"blockId":"nagbcw3jkh0qfwi9ixzkf9u2","groupId":"z2uh9felk3exgycbkhsqwpqx"},"from":{"itemId":"m3j9rwd1ahygb5xhbmnwrgc3","blockId":"c3r3edruvz8rqgattvr8508t","groupId":"aqnerkihi0hikxtrdpgxforo"}},{"id":"moaspx41hdcnppyo1eg2ukcd","to":{"blockId":"nagbcw3jkh0qfwi9ixzkf9u2","groupId":"z2uh9felk3exgycbkhsqwpqx"},"from":{"itemId":"iq1hzs59t52snuxerenunptp","blockId":"c3r3edruvz8rqgattvr8508t","groupId":"aqnerkihi0hikxtrdpgxforo"}},{"id":"bmcwxysulx3pmfwi5txmdfc8","to":{"blockId":"nagbcw3jkh0qfwi9ixzkf9u2","groupId":"z2uh9felk3exgycbkhsqwpqx"},"from":{"itemId":"coly6vb7lv8cyj5jmq16sxaa","blockId":"c3r3edruvz8rqgattvr8508t","groupId":"aqnerkihi0hikxtrdpgxforo"}},{"id":"tjjemt30x6axfa6lt4pmumh8","to":{"blockId":"nagbcw3jkh0qfwi9ixzkf9u2","groupId":"z2uh9felk3exgycbkhsqwpqx"},"from":{"itemId":"c0ztwh0j6b35nb69sctn41br","blockId":"c3r3edruvz8rqgattvr8508t","groupId":"aqnerkihi0hikxtrdpgxforo"}},{"id":"g450c7tc0tmcxrukvobbt9e5","to":{"blockId":"nagbcw3jkh0qfwi9ixzkf9u2","groupId":"z2uh9felk3exgycbkhsqwpqx"},"from":{"itemId":"vc0dut4006a2zd1plgb2bofo","blockId":"c3r3edruvz8rqgattvr8508t","groupId":"aqnerkihi0hikxtrdpgxforo"}},{"id":"myiytv3r24xzoxfg1z2urlc8","to":{"blockId":"nagbcw3jkh0qfwi9ixzkf9u2","groupId":"z2uh9felk3exgycbkhsqwpqx"},"from":{"itemId":"yuo8wdk45an2k99w45kmgm8f","blockId":"c3r3edruvz8rqgattvr8508t","groupId":"aqnerkihi0hikxtrdpgxforo"}},{"id":"h0o2t8ec3uyyyq6ldd36ar3g","to":{"blockId":"l8pk4gsg6qoohui94i3x3ns4","groupId":"d1v1jtzqsmrcdn3qoewveeh3"},"from":{"itemId":"jdsas9np961u54ch4447ecp3","blockId":"ksowcbx72l551ivc7q7w3zk5","groupId":"z2uh9felk3exgycbkhsqwpqx"}},{"id":"t3z6wkeep67p2rc2jtog5y38","to":{"groupId":"d1v1jtzqsmrcdn3qoewveeh3"},"from":{"itemId":"matbpzdau74qab6ebhuibb2h","blockId":"ksowcbx72l551ivc7q7w3zk5","groupId":"z2uh9felk3exgycbkhsqwpqx"}},{"id":"dy3dtfux86sf2afm3noqz488","to":{"blockId":"ro3rllenm4nkko9tx93q3qbo","groupId":"hwopygwwb2d40f8ehdubir1q"},"from":{"itemId":"u2k9onofyxrx611jrsktbzwa","blockId":"aujh82q444mam4a0v7hcubcr","groupId":"d1v1jtzqsmrcdn3qoewveeh3"}},{"id":"vdmlts6oxz6obzzvhuhh7n36","to":{"blockId":"ro3rllenm4nkko9tx93q3qbo","groupId":"hwopygwwb2d40f8ehdubir1q"},"from":{"itemId":"kcdc8loauali2gr58s7t8nrv","blockId":"aujh82q444mam4a0v7hcubcr","groupId":"d1v1jtzqsmrcdn3qoewveeh3"}},{"id":"c2xf5xy8pvgg85nabco8obui","to":{"blockId":"ro3rllenm4nkko9tx93q3qbo","groupId":"hwopygwwb2d40f8ehdubir1q"},"from":{"itemId":"jks89i7diaxgexy7zmp2urgo","blockId":"aujh82q444mam4a0v7hcubcr","groupId":"d1v1jtzqsmrcdn3qoewveeh3"}},{"id":"p2picfxv1a3ioxalgyr6vorl","to":{"blockId":"ro3rllenm4nkko9tx93q3qbo","groupId":"hwopygwwb2d40f8ehdubir1q"},"from":{"itemId":"taxg9qjqtm13d3o7jbibaau6","blockId":"aujh82q444mam4a0v7hcubcr","groupId":"d1v1jtzqsmrcdn3qoewveeh3"}}],"theme":{"chat":{"inputs":{"color":"#000000","backgroundColor":"#FFFFFF","placeholderColor":"#28292a"},"buttons":{"color":"#FFFFFF","backgroundColor":"#128C7E"},"roundness":"medium","hostAvatar":{"url":"https://s3.fr-par.scw.cloud/typebot/public/typebots/t59yr0won138rjn5311yp9p5/hostAvatar?v=1690933083858","isEnabled":true},"guestAvatar":{"url":"https://s3.fr-par.scw.cloud/typebot/public/typebots/t59yr0won138rjn5311yp9p5/guestAvatar?v=1690933761156","isEnabled":true},"hostBubbles":{"color":"#303235","backgroundColor":"#FFFFFF"},"guestBubbles":{"color":"#303235","backgroundColor":"#e1ffc7"}},"general":{"font":"Open Sans","background":{"type":"Image","content":"https://s3.fr-par.scw.cloud/typebot/public/typebots/cli88mae30010mh0f0yzjqn48/background?v=1685470080750"}},"customCss":".typebot-chat-view > .flex:first-child {\n    padding-top: 30px;\n}\n\n.typebot-input {\n    position: fixed;\n    bottom: 0;\n    align-items: center;\n    z-index: 999;\n    right: 0;\n}\n\n.typebot-input .typebot-button {\n    background: #008a7c;\n    border-radius: 50%;\n    color: #fff;\n    position: relative;\n    width: 50px;\n    height: 50px;\n    display: flex;\n    align-items: center;\n    justify-content: center;\n}\n\n.typebot-container {\n    background-size: initial!important;\n    background-repeat: repeat-x!important;\n}\n\n.typebot-host-bubble>.bubble-typing {\n  border-radius: 0 5px 5px 5px;\n}\n\n.typebot-host-bubble>.bubble-typing:after {\n    position: absolute;\n    content: \"\";\n    width: 0;\n    height: 0;\n    border-style: solid;\n    border-width: 0px 10px 10px 0;\n    border-color: transparent #fff transparent transparent;\n    top: 0;\n    left: -10px;\n}\n\n.typebot-guest-bubble {\n  position: relative;\n  border-radius: 5px 0 5px 5px;\n}\n\n.typebot-guest-bubble:after {\n  position: absolute;\n  content: \"\";\n  width: 0;\n  height: 0;\n  border-style: solid;\n}\n\n.typebot-guest-bubble:after {\n    border-width: 0px 0 10px 10px;\n    border-color: transparent transparent transparent #e1ffc7;\n    top: 0;\n    right: -10px;\n    border-style: solid;\n}\n\niframe[src=\"\"] {\n  position: fixed;\n  top: 0;\n  left: 0;\n  display: relative;\n  width: 100%;\n  height: 100% !important;\n  z-index: 999999;\n  border: none;\n  padding: 0;\n  margin: 0;\n}\n\na#lite-badge {\n  display: none!important;\n}"},"settings":{"general":{"rememberUser":{"isEnabled":false},"isBrandingEnabled":true,"isInputPrefillEnabled":false,"isHideQueryParamsEnabled":false},"metadata":{"title":"WhatsApp Web","imageUrl":"https://s3.fr-par.scw.cloud/typebot/public/typebots/t59yr0won138rjn5311yp9p5/ogImage?v=1690933684474","favIconUrl":"https://s3.fr-par.scw.cloud/typebot/public/typebots/t59yr0won138rjn5311yp9p5/favIcon?v=1690934576143","description":"Faça agora sua consulta com Dra. Regina no WhatsApp.","customHeadCode":"<!-- Facebook Pixel Code -->\n<script>\n   !function(f,b,e,v,n,t,s)\n  {if(f.fbq)return;n=f.fbq=function(){n.callMethod?\n    n.callMethod.apply(n,arguments):n.queue.push(arguments)};\n    if(!f._fbq)f._fbq=n;n.push=n;n.loaded=!0;n.version='2.0';\n    n.queue=[];t=b.createElement(e);t.async=!0;\n    t.src=v;s=b.getElementsByTagName(e)[0];\n    s.parentNode.insertBefore(t,s)}(window, document,'script',\n    'https://connect.facebook.net/en_US/fbevents.js');\n    fbq('init', '113892475126586');\n    fbq('track', 'PageView');\n    fbq('track', 'ViewContent');\n \n</script>\n<!-- End Facebook Pixel Code -->\n<link rel=\"stylesheet\" href=\"https://cdnjs.cloudflare.com/ajax/libs/material-design-iconic-font/2.2.0/css/material-design-iconic-font.min.css\">\n<style>\n  .hide {\n    display: none!important;\n  }\n  typebot-standard {\n    position: relative;\n    z-index: 9999;\n  }\n  #__next {\n    position: relative;\n    z-index: 9999;\n}\n  /* User Bar */\n.user-bar {\n  width: 100%;\n  height: 55px;\n  background: #005e54;\n  color: #fff;\n  padding: 0;\n  font-size: 24px;\n  position: fixed;\n  z-index: 99999;\n  display: block;\n  top: 0;\n}\n\n.user-bar:after {\n  content: \"\";\n  display: table;\n  clear: both;\n}\n\n.user-bar div {\n    float: left;\n    transform: translateY(-50%);\n    position: relative;\n    top: 50%;\n    margin-left: 10px;\n}\n\n.user-bar .actions {\n  float: right;\n  margin: 0 0 0 20px;\n}\n\n.user-bar .actions.more {\n  margin: 0 12px 0 32px;\n}\n\n.user-bar .actions.attachment {\n  margin: 0 0 0 30px;\n}\n\n.user-bar .actions.attachment i {\n  display: block;\n  transform: rotate(-45deg);\n}\n\n.user-bar .avatar {\n  margin: 0 0 0 5px;\n  width: 36px;\n  height: 36px;\n}\n\n.user-bar .avatar img {\n  border-radius: 50%;\n  box-shadow: 0 1px 0 rgba(255, 255, 255, 0.1);\n  display: block;\n  width: 100%;\n}\n\n.user-bar .name {\n  font-size: 17px;\n  font-weight: 600;\n  text-overflow: ellipsis;\n  letter-spacing: 0.3px;\n  margin: 0 0 0 8px;\n  overflow: hidden;\n  white-space: nowrap;\n  width: 150px;\n}\n\n.user-bar .status {\n  display: block;\n  font-size: 13px;\n  font-weight: 400;\n  letter-spacing: 0;\n}\n</style>\n\n<script>\nfunction criarBarra() {\n  var userBar = document.createElement(\"div\");\n  userBar.className = \"user-bar\";\n\n  var backButton = document.createElement(\"div\");\n  backButton.className = \"back\";\n  backButton.innerHTML = '<i class=\"zmdi zmdi-arrow-left\"></i>';\n\n  var avatar = document.createElement(\"div\");\n  avatar.className = \"avatar\";\n  avatar.innerHTML = '<img src=\"https://i.postimg.cc/90q8QB92/dra-regina.jpg\" alt=\"CF DO JEFF\">';\n\n  var name = document.createElement(\"div\");\n  name.className = \"name\";\n  name.innerHTML = '<span>Dra. Regina</span><span class=\"status\">online</span>';\n\n  var moreActions = document.createElement(\"div\");\n  moreActions.className = \"actions more\";\n  moreActions.innerHTML = '<i class=\"zmdi zmdi-more-vert\"></i>';\n\n  var attachmentAction = document.createElement(\"div\");\n  attachmentAction.className = \"actions attachment\";\n  attachmentAction.innerHTML = '<i class=\"zmdi zmdi-attachment-alt\"></i>';\n\n  var phoneAction = document.createElement(\"div\");\n  phoneAction.className = \"actions\";\n  phoneAction.innerHTML = '<i class=\"zmdi zmdi-phone\"></i>';\n\n  userBar.appendChild(backButton);\n  userBar.appendChild(avatar);\n  userBar.appendChild(name);\n  userBar.appendChild(moreActions);\n  userBar.appendChild(attachmentAction);\n  userBar.appendChild(phoneAction);\n\n  var elementoPai = document.querySelector(\"#__next\");\n  if (elementoPai) {\n    elementoPai.insertBefore(userBar, elementoPai.firstChild);\n  }\n}\n\ncriarBarra();\n</script>\n"},"typingEmulation":{"speed":300,"enabled":true,"maxDelay":1.5}}}