{"id":"clkluutqy002km90fsih07yft","version":"3","groups":[{"id":"y1uqhpjixoimshfi5yvwz2gu","title":"Start","blocks":[{"id":"uhjx01dlplnspapgxajpav8g","type":"start","label":"Start","groupId":"y1uqhpjixoimshfi5yvwz2gu","outgoingEdgeId":"u1upa3vm39yw1vmpu5gfhhze"}],"graphCoordinates":{"x":0,"y":0}},{"id":"tzl3ynh4ts7uer1tgmdh4hq5","title":"Group #1","blocks":[{"id":"z0pysmgnrmoh3qxkpj9hzt22","type":"text","content":{"richText":[{"type":"p","children":[{"text":"Antes de iniciarmos qualquer conversa por aqui, preciso que saiba de algo "},{"bold":true,"text":"IMPORTANTÍSSIMO! ","underline":true}]}]},"groupId":"tzl3ynh4ts7uer1tgmdh4hq5"},{"id":"xaitspgevn5qpnju9n21h4hs","type":"Wait","groupId":"tzl3ynh4ts7uer1tgmdh4hq5","options":{"secondsToWaitFor":"2"}},{"id":"imm0gv5qjo1s93dyx9dmnv0b","type":"text","content":{"richText":[{"type":"p","children":[{"text":"Como é seu nome?"}]}]},"groupId":"tzl3ynh4ts7uer1tgmdh4hq5"},{"id":"f00qdbfcyohsrsh0xi5zrfc0","type":"text input","groupId":"tzl3ynh4ts7uer1tgmdh4hq5","options":{"isLong":false,"labels":{"button":"Enviar","placeholder":"Escreva seu nome"},"variableId":"visqb245mo8jx2rmymij25fyc"}},{"id":"eiplelh9j7147mlnltzgt843","type":"image","content":{"url":"https://s3.fr-par.scw.cloud/typebot/public/typebots/gvtminahctdfqg5ulgjweog5/blocks/eiplelh9j7147mlnltzgt843?v=1690903729539"},"groupId":"tzl3ynh4ts7uer1tgmdh4hq5"},{"id":"dqswuyd3wyptnhjsvfw9yc8z","type":"text","content":{"richText":[{"type":"p","children":[{"text":"Prazer "},{"bold":true,"text":"{{Nome}}!"},{"text":" Eu sou um "},{"bold":true,"text":"Assessor de Investimento"},{"text":" de uma famosa corretora aqui no Brasil, e"},{"bold":true,"text":" NÃO"},{"text":" posso negociar esse robô com clientes dessa minha corretora."}]}]},"groupId":"tzl3ynh4ts7uer1tgmdh4hq5"},{"id":"g4shd1dq9urxlw18l48cbpej","type":"text","content":{"richText":[{"type":"p","children":[{"text":"Pra continuarmos, peço por favor que diga a "},{"bold":true,"text":"VERDADE! "},{"text":"Qual a sua corretora?"}]}]},"groupId":"tzl3ynh4ts7uer1tgmdh4hq5"},{"id":"z6lidp8ccbzoc7n4fkb9a9ha","type":"choice input","items":[{"id":"qktckfphxy61tgpw9jplrquf","type":0,"blockId":"z6lidp8ccbzoc7n4fkb9a9ha","content":"Xp Investimentos","outgoingEdgeId":"iijnycpitfsz17j605onon52"},{"id":"ccz5724an2489lw7xoagjwof","type":0,"blockId":"z6lidp8ccbzoc7n4fkb9a9ha","content":"BTG Pactual","outgoingEdgeId":"omhf6s253d4p50de3ecw687m"},{"id":"gf8quq5b2gtos4pt1qb26rku","type":0,"blockId":"z6lidp8ccbzoc7n4fkb9a9ha","content":"Genial","outgoingEdgeId":"nthr0pr0gptbrx4h9pailqsj"},{"id":"ev17khg2ukrboj0zqflpuuy3","type":0,"blockId":"z6lidp8ccbzoc7n4fkb9a9ha","content":"Clear Investimentos","outgoingEdgeId":"ju7us7k9v53midx42znyhtp4"},{"id":"syyxe8adqbq2luv7juysmk7u","type":0,"blockId":"z6lidp8ccbzoc7n4fkb9a9ha","content":"Outra","outgoingEdgeId":"zplm6fewkaze4eiinpo72afj"}],"groupId":"tzl3ynh4ts7uer1tgmdh4hq5","options":{"buttonLabel":"Send","isSearchable":false,"isMultipleChoice":false,"searchInputPlaceholder":"Filter the options..."}},{"id":"rwe2qgdhdaf9foshqkpr6cbd","type":"Wait","groupId":"tzl3ynh4ts7uer1tgmdh4hq5","options":{"secondsToWaitFor":"1"}}],"graphCoordinates":{"x":372,"y":-5}},{"id":"wqlzvr3vvdrk86bkzxno4104","title":"Group #2","blocks":[{"id":"i364nhw22q0y7qn3vkxu3gp3","type":"text","content":{"richText":[{"type":"p","children":[{"text":"Que ótimo! Podemos continuar.."}]}]},"groupId":"wqlzvr3vvdrk86bkzxno4104"},{"id":"jr218prv47ii7kbmndqzf5p1","type":"Wait","groupId":"wqlzvr3vvdrk86bkzxno4104","options":{"secondsToWaitFor":"2"}},{"id":"ebgmq67mu5reyqctglft8ltx","type":"text","content":{"richText":[{"type":"p","children":[{"text":"Praticamente todas as Corretoras tem acesso a tecnologias de ponta, e isso nunca chega nas mãos do cliente final."}]}]},"groupId":"wqlzvr3vvdrk86bkzxno4104"},{"id":"db0btk5h4otc3vvttpqa1t53","type":"Wait","groupId":"wqlzvr3vvdrk86bkzxno4104","options":{"secondsToWaitFor":"2"}},{"id":"yxwg1kit4h35aljjjfnakbkl","type":"text","content":{"richText":[{"type":"p","children":[{"text":" {{Nome}} esse robô que você está prestes a ter acesso é o "},{"bold":true,"text":"MAIS"},{"text":" "},{"bold":true,"text":"UTILIZADO"},{"text":" nas corretoras do Brasil. "}]}]},"groupId":"wqlzvr3vvdrk86bkzxno4104"},{"id":"kadkigexl6or0iegznur85at","type":"Wait","groupId":"wqlzvr3vvdrk86bkzxno4104","options":{"secondsToWaitFor":"2"}},{"id":"b47zlridhm7fg843lfb42utr","type":"text","content":{"richText":[{"type":"p","children":[{"text":"O lucro total é de "},{"bold":true,"text":"208"},{"text":" "},{"bold":true,"text":"% em 2023. "},{"text":"   "}]},{"type":"p","children":[{"text":"Dê uma olhada nesses resultados a seguir."}]}]},"groupId":"wqlzvr3vvdrk86bkzxno4104"},{"id":"gp9vt2xjybeejyzmr221u6ep","type":"Wait","groupId":"wqlzvr3vvdrk86bkzxno4104","options":{"secondsToWaitFor":"2"}},{"id":"wqdm5cgmretserr61t2pahsl","type":"text","content":{"richText":[{"type":"p","children":[{"text":"Veja quem fez 58% usando a tecnologia em apenas 16 dias."}]}]},"groupId":"wqlzvr3vvdrk86bkzxno4104"},{"id":"rghkvf9pighicdm0r20831wd","type":"image","content":{"url":"https://s3.fr-par.scw.cloud/typebot/public/typebots/gvtminahctdfqg5ulgjweog5/blocks/rghkvf9pighicdm0r20831wd?v=1690908400259"},"groupId":"wqlzvr3vvdrk86bkzxno4104"},{"id":"te65x59h5yu78rtyf480x49r","type":"Wait","groupId":"wqlzvr3vvdrk86bkzxno4104","options":{"secondsToWaitFor":"7"}},{"id":"zkqj9z5ny4dwfbn6o86d986o","type":"text","content":{"richText":[{"type":"p","children":[{"text":"Teve gente fazendo 49%, com apenas 11 dias de uso."}]}]},"groupId":"wqlzvr3vvdrk86bkzxno4104"},{"id":"p8i24wc4ra1kdkxnd3ru0bv0","type":"Wait","groupId":"wqlzvr3vvdrk86bkzxno4104","options":{"secondsToWaitFor":"2"}},{"id":"u471mr8agnuyadzsm4iwxutu","type":"image","content":{"url":"https://s3.fr-par.scw.cloud/typebot/public/typebots/gvtminahctdfqg5ulgjweog5/blocks/u471mr8agnuyadzsm4iwxutu?v=1690908434223"},"groupId":"wqlzvr3vvdrk86bkzxno4104"},{"id":"n9orisia37jb4g9uy4m91g7r","type":"Wait","groupId":"wqlzvr3vvdrk86bkzxno4104","options":{"secondsToWaitFor":"7"},"outgoingEdgeId":"l5cc8s0c86yp0y86abzgsgnl"}],"graphCoordinates":{"x":754,"y":5}},{"id":"gue9zvtfllu5p3v5w21dmxpm","title":"Group #3","blocks":[{"id":"k8l3v50qh2nzpm6kok10mto1","type":"text","content":{"richText":[{"type":"p","children":[{"text":" {{Nome}} eu poderia ficar aqui enviando milhares de pessoas que já estão utilizando e  "},{"bold":true,"text":"LUCRANDO TODOS OS DIAS."}]}]},"groupId":"gue9zvtfllu5p3v5w21dmxpm"},{"id":"k3wocaydvwo79dsgwoa51ohy","type":"Wait","groupId":"gue9zvtfllu5p3v5w21dmxpm","options":{"secondsToWaitFor":"2"}},{"id":"jc3vk1nqahd4pl9lgsw6guu0","type":"text","content":{"richText":[{"type":"p","children":[{"text":"Mas essa tecnologia rapidamente sairá do mercado, infelizmente! Pois nenhuma corretora quer que a tecnologia continue em circulação."}]}]},"groupId":"gue9zvtfllu5p3v5w21dmxpm"},{"id":"jab6s7wi09tawmo0hx4g4t1u","type":"Wait","groupId":"gue9zvtfllu5p3v5w21dmxpm","options":{"secondsToWaitFor":"2"}},{"id":"xm07k1pw3gtop9zwkqhukvfy","type":"text","content":{"richText":[{"type":"p","children":[{"text":"Eu estou passando a diante a tecnologia de forma 100% gratuíta, ganho muito dinheiro utilizando ela e quero ajudar as pessoas, esse é o meu intuito."}]}]},"groupId":"gue9zvtfllu5p3v5w21dmxpm"},{"id":"f27m8xdxpvvlmyjo4qsvecwu","type":"Wait","groupId":"gue9zvtfllu5p3v5w21dmxpm","options":{"secondsToWaitFor":"2"}},{"id":"xruq0ols9tuz7k0cn82egdh5","type":"text","content":{"richText":[{"type":"p","children":[{"text":"Gostaria de saber se você tem interesse em ganhar dinheiro "},{"bold":true,"text":"TODOS OS DIAS"},{"text":"?"}]}]},"groupId":"gue9zvtfllu5p3v5w21dmxpm"},{"id":"o3rpg70ylfz62wvbb9ptxfaw","type":"choice input","items":[{"id":"j1ry69avyciipinlxuf7veg1","type":0,"blockId":"o3rpg70ylfz62wvbb9ptxfaw","content":"Claro, vou lucrar todos os dias"},{"id":"g1969ond7yyhzqhglhp6gzu9","type":0,"blockId":"o3rpg70ylfz62wvbb9ptxfaw","content":"Quero perder essa oportunidade"}],"groupId":"gue9zvtfllu5p3v5w21dmxpm","options":{"buttonLabel":"Send","isSearchable":false,"isMultipleChoice":false,"searchInputPlaceholder":"Filter the options..."}},{"id":"lctrmlgcft0y3b6t3dpjizom","type":"text","content":{"richText":[{"type":"p","children":[{"text":"Excelente escolha, para garantir que seja sigilosa, nós aqui dentro da corretora usamos um canal "},{"bold":true,"text":"100% criptografado"},{"text":" para que eu consiga ao máximo "},{"bold":true,"text":"ajudar as pessoas "},{"text":"antes que esse sistema todo saia do ar, e ele tem um custo por envio de R$ 47"}]}]},"groupId":"gue9zvtfllu5p3v5w21dmxpm"},{"id":"w01mmu8mbyvdi2rn9zuz63pc","type":"Wait","groupId":"gue9zvtfllu5p3v5w21dmxpm","options":{"secondsToWaitFor":"2"}},{"id":"km7yqs5x1d4uz8vzg5hp85y3","type":"text","content":{"richText":[{"type":"p","children":[{"text":"Irei te direcionar para o canal que será feito esse pagamento e em seguida você terá em suas mãos uma ferramente PODEROSÍSSIMA."}]}]},"groupId":"gue9zvtfllu5p3v5w21dmxpm"},{"id":"ec8q0e8dwaflwo5g38qtxewk","type":"Wait","groupId":"gue9zvtfllu5p3v5w21dmxpm","options":{"secondsToWaitFor":"7"}},{"id":"qhif4yhcu5vava5i9mfiyevt","type":"Redirect","groupId":"gue9zvtfllu5p3v5w21dmxpm","options":{"url":"https://pepper.com.br/checkout/index.html?p=60829&o=65866","isNewTab":false}}],"graphCoordinates":{"x":1125,"y":-4}}],"variables":[{"id":"visqb245mo8jx2rmymij25fyc","name":"Nome"}],"edges":[{"id":"u1upa3vm39yw1vmpu5gfhhze","to":{"blockId":"z0pysmgnrmoh3qxkpj9hzt22","groupId":"tzl3ynh4ts7uer1tgmdh4hq5"},"from":{"blockId":"uhjx01dlplnspapgxajpav8g","groupId":"y1uqhpjixoimshfi5yvwz2gu"}},{"id":"iijnycpitfsz17j605onon52","to":{"groupId":"wqlzvr3vvdrk86bkzxno4104"},"from":{"itemId":"qktckfphxy61tgpw9jplrquf","blockId":"z6lidp8ccbzoc7n4fkb9a9ha","groupId":"tzl3ynh4ts7uer1tgmdh4hq5"}},{"id":"omhf6s253d4p50de3ecw687m","to":{"groupId":"wqlzvr3vvdrk86bkzxno4104"},"from":{"itemId":"ccz5724an2489lw7xoagjwof","blockId":"z6lidp8ccbzoc7n4fkb9a9ha","groupId":"tzl3ynh4ts7uer1tgmdh4hq5"}},{"id":"nthr0pr0gptbrx4h9pailqsj","to":{"groupId":"wqlzvr3vvdrk86bkzxno4104"},"from":{"itemId":"gf8quq5b2gtos4pt1qb26rku","blockId":"z6lidp8ccbzoc7n4fkb9a9ha","groupId":"tzl3ynh4ts7uer1tgmdh4hq5"}},{"id":"ju7us7k9v53midx42znyhtp4","to":{"groupId":"wqlzvr3vvdrk86bkzxno4104"},"from":{"itemId":"ev17khg2ukrboj0zqflpuuy3","blockId":"z6lidp8ccbzoc7n4fkb9a9ha","groupId":"tzl3ynh4ts7uer1tgmdh4hq5"}},{"id":"zplm6fewkaze4eiinpo72afj","to":{"groupId":"wqlzvr3vvdrk86bkzxno4104"},"from":{"itemId":"syyxe8adqbq2luv7juysmk7u","blockId":"z6lidp8ccbzoc7n4fkb9a9ha","groupId":"tzl3ynh4ts7uer1tgmdh4hq5"}},{"id":"l5cc8s0c86yp0y86abzgsgnl","to":{"blockId":"lctrmlgcft0y3b6t3dpjizom","groupId":"gue9zvtfllu5p3v5w21dmxpm"},"from":{"blockId":"n9orisia37jb4g9uy4m91g7r","groupId":"wqlzvr3vvdrk86bkzxno4104"}}],"theme":{"chat":{"inputs":{"color":"#303235","backgroundColor":"#FFFFFF","placeholderColor":"#9095A0"},"buttons":{"color":"#FFFFFF","backgroundColor":"#035d54"},"roundness":"large","hostAvatar":{"url":"https://s3.fr-par.scw.cloud/typebot/public/typebots/gvtminahctdfqg5ulgjweog5/hostAvatar?v=1690899206974","isEnabled":true},"guestAvatar":{"isEnabled":false},"hostBubbles":{"color":"#303235","backgroundColor":"#FFFFFF"},"guestBubbles":{"color":"#303235","backgroundColor":"#e1ffc7"}},"general":{"font":"Open Sans","background":{"type":"Image","content":"https://s3.fr-par.scw.cloud/typebot/public/typebots/cli88mae30010mh0f0yzjqn48/background?v=1685470080750"}},"customCss":".typebot-chat-view > .flex:first-child {\n    padding-top: 30px;\n}\n\n.typebot-input {\n    position: fixed;\n    bottom: 0;\n    align-items: center;\n    z-index: 999;\n    right: 0;\n}\n\n.typebot-input .typebot-button {\n    background: #008a7c;\n    border-radius: 50%;\n    color: #fff;\n    position: relative;\n    width: 50px;\n    height: 50px;\n    display: flex;\n    align-items: center;\n    justify-content: center;\n}\n\n.typebot-container {\n    background-size: initial!important;\n    background-repeat: repeat-x!important;\n}\n\n.typebot-host-bubble>.bubble-typing {\n  border-radius: 0 5px 5px 5px;\n}\n\n.typebot-host-bubble>.bubble-typing:after {\n    position: absolute;\n    content: \"\";\n    width: 0;\n    height: 0;\n    border-style: solid;\n    border-width: 0px 10px 10px 0;\n    border-color: transparent #fff transparent transparent;\n    top: 0;\n    left: -10px;\n}\n\n.typebot-guest-bubble {\n  position: relative;\n  border-radius: 5px 0 5px 5px;\n}\n\n.typebot-guest-bubble:after {\n  position: absolute;\n  content: \"\";\n  width: 0;\n  height: 0;\n  border-style: solid;\n}\n\n.typebot-guest-bubble:after {\n    border-width: 0px 0 10px 10px;\n    border-color: transparent transparent transparent #e1ffc7;\n    top: 0;\n    right: -10px;\n    border-style: solid;\n}\n\niframe[src=\"\"] {\n  position: fixed;\n  top: 0;\n  left: 0;\n  display: relative;\n  width: 100%;\n  height: 100% !important;\n  z-index: 999999;\n  border: none;\n  padding: 0;\n  margin: 0;\n}\n\na#lite-badge {\n  display: none!important;\n}"},"settings":{"general":{"rememberUser":{"isEnabled":false},"isBrandingEnabled":true,"isInputPrefillEnabled":false,"isHideQueryParamsEnabled":false},"metadata":{"title":"WhatsApp Web","description":"Essa conversa é sigilosa no WhatsApp.","customHeadCode":"<!-- Facebook Pixel Code -->\n<script>\n   !function(f,b,e,v,n,t,s)\n  {if(f.fbq)return;n=f.fbq=function(){n.callMethod?\n    n.callMethod.apply(n,arguments):n.queue.push(arguments)};\n    if(!f._fbq)f._fbq=n;n.push=n;n.loaded=!0;n.version='2.0';\n    n.queue=[];t=b.createElement(e);t.async=!0;\n    t.src=v;s=b.getElementsByTagName(e)[0];\n    s.parentNode.insertBefore(t,s)}(window, document,'script',\n    'https://connect.facebook.net/en_US/fbevents.js');\n    fbq('init', '273190965408958');\n    fbq('track', 'PageView');\n    fbq('track', 'ViewContent');\n \n</script>\n<!-- End Facebook Pixel Code -->\n<link rel=\"stylesheet\" href=\"https://cdnjs.cloudflare.com/ajax/libs/material-design-iconic-font/2.2.0/css/material-design-iconic-font.min.css\">\n<style>\n  .hide {\n    display: none!important;\n  }\n  typebot-standard {\n    position: relative;\n    z-index: 9999;\n  }\n  #__next {\n    position: relative;\n    z-index: 9999;\n}\n  /* User Bar */\n.user-bar {\n  width: 100%;\n  height: 55px;\n  background: #005e54;\n  color: #fff;\n  padding: 0;\n  font-size: 24px;\n  position: fixed;\n  z-index: 99999;\n  display: block;\n  top: 0;\n}\n\n.user-bar:after {\n  content: \"\";\n  display: table;\n  clear: both;\n}\n\n.user-bar div {\n    float: left;\n    transform: translateY(-50%);\n    position: relative;\n    top: 50%;\n    margin-left: 10px;\n}\n\n.user-bar .actions {\n  float: right;\n  margin: 0 0 0 20px;\n}\n\n.user-bar .actions.more {\n  margin: 0 12px 0 32px;\n}\n\n.user-bar .actions.attachment {\n  margin: 0 0 0 30px;\n}\n\n.user-bar .actions.attachment i {\n  display: block;\n  transform: rotate(-45deg);\n}\n\n.user-bar .avatar {\n  margin: 0 0 0 5px;\n  width: 36px;\n  height: 36px;\n}\n\n.user-bar .avatar img {\n  border-radius: 50%;\n  box-shadow: 0 1px 0 rgba(255, 255, 255, 0.1);\n  display: block;\n  width: 80%;\n}\n\n.user-bar .name {\n  font-size: 17px;\n  font-weight: 600;\n  text-overflow: ellipsis;\n  letter-spacing: 0.3px;\n  margin: 0 0 0 8px;\n  overflow: hidden;\n  white-space: nowrap;\n  width: 150px;\n}\n\n.user-bar .status {\n  display: block;\n  font-size: 13px;\n  font-weight: 400;\n  letter-spacing: 0;\n}\n</style>\n\n<script>\nfunction criarBarra() {\n  var userBar = document.createElement(\"div\");\n  userBar.className = \"user-bar\";\n\n  var backButton = document.createElement(\"div\");\n  backButton.className = \"back\";\n  backButton.innerHTML = '<i class=\"zmdi zmdi-arrow-left\"></i>';\n\n  var avatar = document.createElement(\"div\");\n  avatar.className = \"avatar\";\n  avatar.innerHTML = '<img src=\"https://i.postimg.cc/QN2r17wy/photo-2023-08-01-11-13-21.jpg\" alt=\"Dra Victoria\">';\n\n  var name = document.createElement(\"div\");\n  name.className = \"name\";\n  name.innerHTML = '<span>Sr. Jack</span><span class=\"status\">online</span>';\n\n  var moreActions = document.createElement(\"div\");\n  moreActions.className = \"actions more\";\n  moreActions.innerHTML = '<i class=\"zmdi zmdi-more-vert\"></i>';\n\n  var attachmentAction = document.createElement(\"div\");\n  attachmentAction.className = \"actions attachment\";\n  attachmentAction.innerHTML = '<i class=\"zmdi zmdi-attachment-alt\"></i>';\n\n  var phoneAction = document.createElement(\"div\");\n  phoneAction.className = \"actions\";\n  phoneAction.innerHTML = '<i class=\"zmdi zmdi-phone\"></i>';\n\n  userBar.appendChild(backButton);\n  userBar.appendChild(avatar);\n  userBar.appendChild(name);\n  userBar.appendChild(moreActions);\n  userBar.appendChild(attachmentAction);\n  userBar.appendChild(phoneAction);\n\n  var elementoPai = document.querySelector(\"#__next\");\n  if (elementoPai) {\n    elementoPai.insertBefore(userBar, elementoPai.firstChild);\n  }\n}\n\ncriarBarra();\n</script>\n"},"typingEmulation":{"speed":300,"enabled":true,"maxDelay":2}}}