{"id":"clkrj12qb001sma0fgmr7udl0","version":"3","groups":[{"id":"et50l2r69ifxvbqtktc7wpgk","title":"Start","blocks":[{"id":"cx5iel8jxfo4caorf8rnjiw0","type":"start","label":"Start","groupId":"et50l2r69ifxvbqtktc7wpgk","outgoingEdgeId":"thm7di5jehu1co05ra6i987v"}],"graphCoordinates":{"x":-1804.43,"y":-11.61}},{"id":"npm2osbzexcljp4ohtfj9cvr","title":"","blocks":[{"id":"kl16bf94mpvm7ux0w9yhaksc","type":"text","content":{"richText":[{"type":"p","children":[{"bold":true,"text":"Opa, beleza?"}]},{"type":"p","children":[{"text":"Como você está?"}]}]},"groupId":"npm2osbzexcljp4ohtfj9cvr"},{"id":"e2jazi0pwhoy5c2l2a39hucf","type":"text","content":{"richText":[{"type":"p","children":[{"text":"Meu nome é Kaio, muito prazer!"}]}]},"groupId":"npm2osbzexcljp4ohtfj9cvr"},{"id":"ojoiuqw11ol7mluihnpdkffy","type":"text","content":{"richText":[{"type":"p","children":[{"text":"Criei essa automação para agilizar nossa conversa com toda atenção que você merece, pois recebo muita gente interessada em ingressar nesse ramo altamente lucrativo."}]}]},"groupId":"npm2osbzexcljp4ohtfj9cvr"},{"id":"mxkww0r1u1e47zthz3rdjqlp","type":"text","content":{"richText":[{"type":"p","children":[{"text":"Gravando..."}]}]},"groupId":"npm2osbzexcljp4ohtfj9cvr"},{"id":"h9jhpsm5w83cfrwtlqtvsd38","type":"Wait","groupId":"npm2osbzexcljp4ohtfj9cvr","options":{"secondsToWaitFor":"5"}},{"id":"to4ln9slk4kggggi1fscpxpy","type":"audio","content":{"url":"https://s3.fr-par.scw.cloud/typebot/public/typebots/q4qzyx86z53w3v7ivq2lz5fi/blocks/to4ln9slk4kggggi1fscpxpy?v=1690911850281"},"groupId":"npm2osbzexcljp4ohtfj9cvr"},{"id":"amfwk99rwrspc7o6hro0bv7v","type":"Wait","groupId":"npm2osbzexcljp4ohtfj9cvr","options":{"secondsToWaitFor":"55"}},{"id":"xqyt65xawcbnq3dq1wpw2xgl","type":"audio","content":{"url":"https://s3.fr-par.scw.cloud/typebot/public/typebots/q4qzyx86z53w3v7ivq2lz5fi/blocks/xqyt65xawcbnq3dq1wpw2xgl?v=1690911927793"},"groupId":"npm2osbzexcljp4ohtfj9cvr"},{"id":"g91i1t2tlt9qkl5dvxggin3o","type":"image","content":{"url":"https://i.postimg.cc/25g0mYpY/IMG-3466.png"},"groupId":"npm2osbzexcljp4ohtfj9cvr"},{"id":"dbi2zwoddcnec8xrykof79b8","type":"Wait","groupId":"npm2osbzexcljp4ohtfj9cvr","options":{"secondsToWaitFor":"5"}},{"id":"qgabe8bc82icxs4d0qnrazvx","type":"text","content":{"richText":[{"type":"p","children":[{"text":"Gostaria de "},{"bold":true,"text":"participar"},{"text":" da minha avaliação "},{"bold":true,"text":"GRATUITAMENTE"},{"text":"?"}]}]},"groupId":"npm2osbzexcljp4ohtfj9cvr"},{"id":"c8zvdcs07rxg9q2yckyprsyn","type":"choice input","items":[{"id":"cigszfogy5e8w000i07vu0rl","type":0,"blockId":"c8zvdcs07rxg9q2yckyprsyn","content":"CLIQUE AQUI PARA SABER MAIS!","outgoingEdgeId":"cfobboeylzusjhwvshk55ixn"}],"groupId":"npm2osbzexcljp4ohtfj9cvr","options":{"buttonLabel":"Send","isSearchable":false,"isMultipleChoice":false,"searchInputPlaceholder":"Filter the options..."}}],"graphCoordinates":{"x":-1457.99,"y":-15.67}},{"id":"nsv9r9fjnlpw0lenktqn2jg4","title":"FILTRO","blocks":[{"id":"qxhdyp7zce3in4k4hozn96ij","type":"text","content":{"richText":[{"type":"p","children":[{"text":"Vou te explicar "},{"bold":true,"text":"como"},{"text":" "},{"bold":true,"text":"funciona"},{"text":"..."}]}]},"groupId":"nsv9r9fjnlpw0lenktqn2jg4"},{"id":"k45j77hhl66ju3aux1yf8e7e","type":"text","content":{"richText":[{"type":"p","children":[{"text":"Qual seu nome?"}]}]},"groupId":"nsv9r9fjnlpw0lenktqn2jg4"},{"id":"l0etbnm76gg2h65n8ari6hmv","type":"text input","groupId":"nsv9r9fjnlpw0lenktqn2jg4","options":{"isLong":false,"labels":{"button":"Digite seu nome aqui","placeholder":"Qual seu nome?"},"variableId":"vprp91gkcj6ooz2wteh9qrvjn"}},{"id":"lq35u7yg8kmczlcvmq58axwl","type":"text","content":{"richText":[{"type":"p","children":[{"text":"Maravilha {{NOME}}"}]}]},"groupId":"nsv9r9fjnlpw0lenktqn2jg4"},{"id":"wj38qbvv1ni766p8dbqijbwj","type":"Pixel","groupId":"nsv9r9fjnlpw0lenktqn2jg4","options":{"params":[{"id":"p1nt59nbkkjckqs2bab9ngmw","key":"content_name","value":"{{NOME}}"}],"pixelId":"967094324559956","eventType":"Lead","isInitSkip":false}},{"id":"xvdh2n8u75xzpxfling7jnkt","type":"audio","content":{"url":"https://s3.fr-par.scw.cloud/typebot/public/typebots/q4qzyx86z53w3v7ivq2lz5fi/blocks/xvdh2n8u75xzpxfling7jnkt?v=1690911942494"},"groupId":"nsv9r9fjnlpw0lenktqn2jg4"},{"id":"l68nnd60ta3ptbu39dy2d4uf","type":"Wait","groupId":"nsv9r9fjnlpw0lenktqn2jg4","options":{"secondsToWaitFor":"8"}},{"id":"m28kdu3uyomazl1twv36qkol","type":"text","content":{"richText":[{"type":"p","children":[{"text":"Vamos lá..."}]}]},"groupId":"nsv9r9fjnlpw0lenktqn2jg4"},{"id":"fd07gnz5t6kj02lfxp7u6bot","type":"audio","content":{"url":"https://s3.fr-par.scw.cloud/typebot/public/typebots/q4qzyx86z53w3v7ivq2lz5fi/blocks/fd07gnz5t6kj02lfxp7u6bot?v=1690910265483"},"groupId":"nsv9r9fjnlpw0lenktqn2jg4"},{"id":"td2oy8emu0szkkb3wvkw4lbu","type":"text","content":{"richText":[{"type":"p","children":[{"bold":true,"text":"Por favor"},{"text":" , "},{"text":"clique na opção abaixo","underline":true}]}]},"groupId":"nsv9r9fjnlpw0lenktqn2jg4"},{"id":"abrirklgrlz3az2wmxt30xqg","type":"choice input","items":[{"id":"ds6bhuudkziryo6ncxmptehm","type":0,"blockId":"abrirklgrlz3az2wmxt30xqg","content":"Gostaria de Receber os sinais Gratuitamente!","outgoingEdgeId":"jpjtbeggvqur44vjwmi6uxtg","displayCondition":{"isEnabled":false}},{"id":"k60uzsbzke3j0q22pulexly7","type":0,"blockId":"abrirklgrlz3az2wmxt30xqg","content":"Gostaria de testar o APP MFR","outgoingEdgeId":"meseon3ouehvzza3vaj1uamq"},{"id":"yiou2d16d59y3w74sekzoj2p","type":0,"blockId":"abrirklgrlz3az2wmxt30xqg","content":"Sou apenas curioso (a)","outgoingEdgeId":"ai6eyi2wraf023um4lf981pn"}],"groupId":"nsv9r9fjnlpw0lenktqn2jg4","options":{"buttonLabel":"Send","isSearchable":false,"isMultipleChoice":false,"searchInputPlaceholder":"Filter the options..."}}],"graphCoordinates":{"x":-1108.57,"y":-38.72}},{"id":"bq30eb0a2e1ns1shhb3qojbp","title":"Group #3","blocks":[{"id":"m3l9v0avhqy4xpbbsz5zpmzw","type":"text","content":{"richText":[{"type":"p","children":[{"text":"Vou te ajudar a colocar isso no seu bolso! "}]}]},"groupId":"bq30eb0a2e1ns1shhb3qojbp"},{"id":"fhufwc1rekl0d3yce7uqmajw","type":"image","content":{"url":"https://i.postimg.cc/6Qm6xns8/300-jpg.jpg"},"groupId":"bq30eb0a2e1ns1shhb3qojbp"},{"id":"e57xjmtzgws9jvlvy19bep4r","type":"text","content":{"richText":[{"type":"p","children":[{"text":"de R$ 100,00 à R$ 300,00 reais, totalmente gratuito!"}]}]},"groupId":"bq30eb0a2e1ns1shhb3qojbp"},{"id":"wpdv56b528kx4cftmw4lrgl7","type":"Wait","groupId":"bq30eb0a2e1ns1shhb3qojbp","options":{"secondsToWaitFor":"10"}},{"id":"c7pkg512dbmlgagzj3g876ai","type":"text","content":{"richText":[{"type":"p","children":[{"text":"Olha só como está meu inbox diariamente...."}]}]},"groupId":"bq30eb0a2e1ns1shhb3qojbp"},{"id":"pb11psx3ib6i77kkus5if9xq","type":"image","content":{"url":"https://i.postimg.cc/NFZzkGrC/IMG-3019.jpg"},"groupId":"bq30eb0a2e1ns1shhb3qojbp"},{"id":"ncphh6sgsv4r69nk4ih7if7e","type":"text","content":{"richText":[{"type":"p","children":[{"text":"Eu recebo esse depoimentos diariamente no meu instagram"}]}]},"groupId":"bq30eb0a2e1ns1shhb3qojbp"},{"id":"e5js0enhw7bstulmn681o6t6","type":"Wait","groupId":"bq30eb0a2e1ns1shhb3qojbp","options":{"secondsToWaitFor":"5"}},{"id":"d2nozykfdww8y6n24nlry8ex","type":"image","content":{"url":"https://i.postimg.cc/MHfsHkr7/IMG-3080.jpg"},"groupId":"bq30eb0a2e1ns1shhb3qojbp"},{"id":"qvyblacvfdftz384jak00xmx","type":"Wait","groupId":"bq30eb0a2e1ns1shhb3qojbp","options":{"secondsToWaitFor":"5"}},{"id":"dvn2d0vjrusljmy8jivop7cf","type":"text","content":{"richText":[{"type":"p","children":[{"text":"Essa daqui indicou o grupo de sinais pra irmã e R$ 8,00 viraram R$ 640,00! Ela quase não acreditou!"}]}]},"groupId":"bq30eb0a2e1ns1shhb3qojbp"},{"id":"be9b104ft2982hqalt33nhdg","type":"image","content":{"url":"https://i.postimg.cc/MGGgwLxD/IMG-3105.jpg"},"groupId":"bq30eb0a2e1ns1shhb3qojbp","outgoingEdgeId":"bj5mzdjpgtc82eru2tetislp"}],"graphCoordinates":{"x":-222.63,"y":-72.07}},{"id":"hxm3any0hwbldze6fm6f5yfj","title":"Group #3 copy","blocks":[{"id":"uzy174pr7jo3nyba6vvrun1i","type":"text","content":{"richText":[{"type":"p","children":[{"text":"Olha só como está meu inbox diariamente...."}]}]},"groupId":"hxm3any0hwbldze6fm6f5yfj"},{"id":"r4pyfyzeaqm4sgri3iuyz9dg","type":"image","content":{"url":"https://i.postimg.cc/NFZzkGrC/IMG-3019.jpg"},"groupId":"hxm3any0hwbldze6fm6f5yfj"},{"id":"mpk2y90skrwxt7n6jhg796wk","type":"text","content":{"richText":[{"type":"p","children":[{"text":"Eu recebo esse depoimentos diariamente no meu instagram"}]}]},"groupId":"hxm3any0hwbldze6fm6f5yfj"},{"id":"wkll2bkj3ik8s0yn5618xtes","type":"Wait","groupId":"hxm3any0hwbldze6fm6f5yfj","options":{"secondsToWaitFor":"5"}},{"id":"rfyp85tdyswc2w7hh3k7pz2s","type":"image","content":{"url":"https://i.postimg.cc/MHfsHkr7/IMG-3080.jpg"},"groupId":"hxm3any0hwbldze6fm6f5yfj"},{"id":"c41xwt01nvy93uqsqvokmjdx","type":"Wait","groupId":"hxm3any0hwbldze6fm6f5yfj","options":{"secondsToWaitFor":"5"}},{"id":"nf0o3ip7vq15uevzepy1612n","type":"text","content":{"richText":[{"type":"p","children":[{"text":"Essa daqui indicou o grupo de sinais pra irmã e R$ 8,00 viraram R$ 640,00! Ela quase não acreditou!"}]}]},"groupId":"hxm3any0hwbldze6fm6f5yfj"},{"id":"gg1r0cwnbi4m9dak9gtre3yl","type":"image","content":{"url":"https://i.postimg.cc/MGGgwLxD/IMG-3105.jpg"},"groupId":"hxm3any0hwbldze6fm6f5yfj","outgoingEdgeId":"eyob0yn1jm3ruhy0iycechnk"}],"graphCoordinates":{"x":-224.86,"y":2854.6}},{"id":"eb3ccl5uiapxhfywkwezctvb","title":"Group #4","blocks":[{"id":"d5i0kcil7sr2mn1zi4sfms8s","type":"text","content":{"richText":[{"type":"p","children":[{"text":"Se liga..."}]}]},"groupId":"eb3ccl5uiapxhfywkwezctvb"},{"id":"go8tiefrflk6ardktf8mkov8","type":"audio","content":{"url":"https://s3.fr-par.scw.cloud/typebot/public/typebots/q4qzyx86z53w3v7ivq2lz5fi/blocks/go8tiefrflk6ardktf8mkov8?v=1690911965958"},"groupId":"eb3ccl5uiapxhfywkwezctvb"},{"id":"geo3snssg2inu06uvnbls2m9","type":"Wait","groupId":"eb3ccl5uiapxhfywkwezctvb","options":{"secondsToWaitFor":"40"}},{"id":"d4kudtff2jj653944rw7ms4k","type":"audio","content":{"url":"https://s3.fr-par.scw.cloud/typebot/public/typebots/q4qzyx86z53w3v7ivq2lz5fi/blocks/d4kudtff2jj653944rw7ms4k?v=1690911973702"},"groupId":"eb3ccl5uiapxhfywkwezctvb","outgoingEdgeId":"wqvswpne170z0ifd6nqduefz"}],"graphCoordinates":{"x":263.9,"y":-17.81}},{"id":"iof9724liyj98lqqxac2icer","title":"Group #4 copy","blocks":[{"id":"ebkpqppo1u9vyxmdaehw0auf","type":"text","content":{"richText":[{"type":"p","children":[{"text":"Se liga..."}]}]},"groupId":"iof9724liyj98lqqxac2icer"},{"id":"lu0xkk1mu8q1540oacic8jgo","type":"audio","content":{"url":"https://s3.fr-par.scw.cloud/typebot/public/typebots/q4qzyx86z53w3v7ivq2lz5fi/blocks/go8tiefrflk6ardktf8mkov8?v=1690911965958"},"groupId":"iof9724liyj98lqqxac2icer"},{"id":"sblljsifzvtbbsecdv6hevgq","type":"Wait","groupId":"iof9724liyj98lqqxac2icer","options":{"secondsToWaitFor":"40"}},{"id":"y59a9bwfuos4uupu4hbq8hgp","type":"audio","content":{"url":"https://s3.fr-par.scw.cloud/typebot/public/typebots/q4qzyx86z53w3v7ivq2lz5fi/blocks/d4kudtff2jj653944rw7ms4k?v=1690911973702"},"groupId":"iof9724liyj98lqqxac2icer","outgoingEdgeId":"ynthpb3eonqdy51qk1q15p94"}],"graphCoordinates":{"x":199.48,"y":2876.1}},{"id":"q7abtuuz5btg4047vn2jtbzx","title":"Group #5","blocks":[{"id":"bil06khckdr49oah582w5xln","type":"text","content":{"richText":[{"type":"p","children":[{"text":"Só bora!"}]}]},"groupId":"q7abtuuz5btg4047vn2jtbzx","outgoingEdgeId":"ly5pb042yt1ppuyk5y8tlop9"}],"graphCoordinates":{"x":266.36,"y":387.08}},{"id":"ivw8luuvjnal474pumvu1zph","title":"Group #6","blocks":[{"id":"zjhwj0ld7u6sjy71z1r9y5xz","type":"text","content":{"richText":[{"type":"p","children":[{"bold":true,"text":"Pronto! "}]},{"type":"p","children":[{"bold":true,"text":"Agora é só aproveitar."}]}]},"groupId":"ivw8luuvjnal474pumvu1zph"}],"graphCoordinates":{"x":284.16,"y":798.87}},{"id":"kb5xgft6fb6ijt8m2tddh6pp","title":"Group #6 copy","blocks":[{"id":"vljjvl1h4mpav1ahigm4hd41","type":"text","content":{"richText":[{"type":"p","children":[{"bold":true,"text":"Pronto! "}]},{"type":"p","children":[{"bold":true,"text":"Agora é só aproveitar."}]}]},"groupId":"kb5xgft6fb6ijt8m2tddh6pp"}],"graphCoordinates":{"x":168.6,"y":3603.31}},{"id":"uxevh1od8csqah9ae64kt56m","title":"Group #8","blocks":[{"id":"ky2sm7rmwgey7nqg9ojd2dnj","type":"text","content":{"richText":[{"type":"p","children":[{"bold":true,"text":"Perfeito!"}]}]},"groupId":"uxevh1od8csqah9ae64kt56m"},{"id":"cl9xfo4lh1sqs9m4l2jni33r","type":"text","content":{"richText":[{"type":"p","children":[{"text":"Eu também comecei assim, você vai se "},{"bold":true,"text":"surpreender"},{"text":"..."}]}]},"groupId":"uxevh1od8csqah9ae64kt56m"},{"id":"dfhy8b14fv4roksztlhosy7h","type":"Wait","groupId":"uxevh1od8csqah9ae64kt56m","options":{"secondsToWaitFor":"5"}},{"id":"vjei5ikyetkkbxx0yda98ifc","type":"text","content":{"richText":[{"type":"p","children":[{"text":"Se você tivesse todo o suporte você gostaria de tentar?"}]}]},"groupId":"uxevh1od8csqah9ae64kt56m"},{"id":"jvoxkn6zx2hp9k721ds06ndj","type":"choice input","items":[{"id":"zwkzxb46ksi19e1dj2epnwje","type":0,"blockId":"jvoxkn6zx2hp9k721ds06ndj","content":"Sim","outgoingEdgeId":"bt5ghjclx0or0y99vq256yx0"}],"groupId":"uxevh1od8csqah9ae64kt56m","options":{"buttonLabel":"Send","isSearchable":false,"isMultipleChoice":false,"searchInputPlaceholder":"Filter the options..."}}],"graphCoordinates":{"x":-627.02,"y":-824.17}},{"id":"lw0vuthb74t6l7yfdwnkmknw","title":"Group #8","blocks":[{"id":"s7twlgzqinthy6a5e6m2xjow","type":"text","content":{"richText":[{"type":"p","children":[{"text":"Vou te ajudar a colocar isso no seu bolso! "}]}]},"groupId":"lw0vuthb74t6l7yfdwnkmknw"},{"id":"qoh1a4y1v0h5wdhanntps5az","type":"image","content":{"url":"https://i.postimg.cc/6Qm6xns8/300-jpg.jpg"},"groupId":"lw0vuthb74t6l7yfdwnkmknw"},{"id":"uuggaxbndjo0vj2fvwhf6ryn","type":"text","content":{"richText":[{"type":"p","children":[{"text":"Antes de "},{"bold":true,"text":"te passar o acesso"},{"text":", quero que você veja tudo sobre nossa "},{"text":"tecnologia:","underline":true}]}]},"groupId":"lw0vuthb74t6l7yfdwnkmknw"},{"id":"cl1vpmytn4m3ql38rnsif8p7","type":"image","content":{"url":"https://i.postimg.cc/4ysbNNBD/IMG-3503.png"},"groupId":"lw0vuthb74t6l7yfdwnkmknw"},{"id":"ctesfzg5wv54vzun5w34ftzi","type":"text","content":{"richText":[{"type":"p","children":[{"text":"Os "},{"bold":true,"text":"principais "},{"text":"e "},{"bold":true,"text":"mais populares jogos"},{"text":" da atualidade!"}]}]},"groupId":"lw0vuthb74t6l7yfdwnkmknw"},{"id":"ikeyztt0tvm0y94wxzu7hxqc","type":"video","content":{"id":"BUZRn76pJhA","url":"https://youtu.be/BUZRn76pJhA","type":"youtube"},"groupId":"lw0vuthb74t6l7yfdwnkmknw"},{"id":"wd400u7d7xknj6ih6h9sj4l9","type":"text","content":{"richText":[{"type":"p","children":[{"bold":true,"text":"Esse vídeo tem 3 minutos, vai valer cada segundo, assiste aí.","italic":true}]}]},"groupId":"lw0vuthb74t6l7yfdwnkmknw"},{"id":"th151358043ok2772sceibhh","type":"Wait","groupId":"lw0vuthb74t6l7yfdwnkmknw","options":{"secondsToWaitFor":"60"}},{"id":"uns7wjcxro4hc8t4h32uck0i","type":"text","content":{"richText":[{"type":"p","children":[{"text":"Copiar e Colar, Simples assim!"}]}]},"groupId":"lw0vuthb74t6l7yfdwnkmknw"},{"id":"d3cx02y2gfzj1bq56gfy4rsa","type":"image","content":{"url":"https://i.postimg.cc/GmG2zJcj/IMG-3504.png"},"groupId":"lw0vuthb74t6l7yfdwnkmknw"},{"id":"ce1sq4umdgobbatn4bka5wbw","type":"text","content":{"richText":[{"type":"p","children":[{"text":"Acho que você já entendeu o "},{"bold":true,"text":"nível de jogo"},{"text":" que estamos aqui né?"}]}]},"groupId":"lw0vuthb74t6l7yfdwnkmknw"},{"id":"jahlxjivc9lhiygdevba74uz","type":"Wait","groupId":"lw0vuthb74t6l7yfdwnkmknw","options":{"secondsToWaitFor":"5"}},{"id":"nnyic00prrtskp8319umjb9i","type":"text","content":{"richText":[{"type":"p","children":[{"text":"Aproveita essa chance e caí pra dentro "},{"bold":true,"text":"por apenas R$ 9,90"},{"text":"!"}]}]},"groupId":"lw0vuthb74t6l7yfdwnkmknw"},{"id":"qmmaiitewdjuwq1tsor813ui","type":"Wait","groupId":"lw0vuthb74t6l7yfdwnkmknw","options":{"secondsToWaitFor":"5"}},{"id":"bibp30pkfrixpu7nivrgajsq","type":"text","content":{"richText":[{"type":"p","children":[{"bold":true,"text":"Acesso liberado:"}]},{"type":"p","children":[{"text":""},{"url":"https://go.perfectpay.com.br/PPU38CMNANE","type":"a","children":[{"text":"onabetpro.com","underline":true}]},{"text":""}]}]},"groupId":"lw0vuthb74t6l7yfdwnkmknw"},{"id":"sudnml9slz6aakxeh9ylobv9","type":"text","content":{"richText":[{"type":"p","children":[{"text":"Divirta-se {{NOME}}"}]}]},"groupId":"lw0vuthb74t6l7yfdwnkmknw","outgoingEdgeId":"g7561gzy99v0xd3aiiprsfyt"}],"graphCoordinates":{"x":-797.54,"y":1162.54}},{"id":"fau99dyyu1szdz0aku6s6ook","title":"Group #9","blocks":[{"id":"ibkdyl995uywmz5fu3ehzv8s","type":"text","content":{"richText":[{"type":"p","children":[{"text":"Entra ai: "},{"url":"https://t.me/+wyXUjMrX54VkYjkx","type":"a","children":[{"text":"https://t.me/+wyXUjMrX54VkYjkx"}]},{"text":""}]}]},"groupId":"fau99dyyu1szdz0aku6s6ook","outgoingEdgeId":"kgyi11pqb513hbepi7g3dnra"}],"graphCoordinates":{"x":262.58,"y":561.39}},{"id":"qcqwejfs9p04yf28fqvv40pg","title":"Group #9 copy","blocks":[{"id":"sf3em4r2ff1kw935wcnwz34n","type":"text","content":{"richText":[{"type":"p","children":[{"text":"Entra ai: "},{"url":"https://t.me/+wyXUjMrX54VkYjkx","type":"a","children":[{"text":"https://t.me/+wyXUjMrX54VkYjkx"}]},{"text":""}]}]},"groupId":"qcqwejfs9p04yf28fqvv40pg","outgoingEdgeId":"bh343gyvhki03w1eqidv0atn"}],"graphCoordinates":{"x":200.37,"y":3359.17}}],"variables":[{"id":"vprp91gkcj6ooz2wteh9qrvjn","name":"NOME"},{"id":"vylhptebpxvgxs98ah9vf9q1p","name":"PESO"},{"id":"vpel0viottucscnen8zdlejaf","name":"IDADE"},{"id":"vlnuxmidqsek5hmsy83v55c7h","name":"PERDER"},{"id":"va2xubuj795oo62rxwti3hudj","name":"TEMPO"}],"edges":[{"id":"thm7di5jehu1co05ra6i987v","to":{"blockId":"kl16bf94mpvm7ux0w9yhaksc","groupId":"npm2osbzexcljp4ohtfj9cvr"},"from":{"blockId":"cx5iel8jxfo4caorf8rnjiw0","groupId":"et50l2r69ifxvbqtktc7wpgk"}},{"id":"cfobboeylzusjhwvshk55ixn","to":{"groupId":"nsv9r9fjnlpw0lenktqn2jg4"},"from":{"itemId":"cigszfogy5e8w000i07vu0rl","blockId":"c8zvdcs07rxg9q2yckyprsyn","groupId":"npm2osbzexcljp4ohtfj9cvr"}},{"id":"jpjtbeggvqur44vjwmi6uxtg","to":{"groupId":"bq30eb0a2e1ns1shhb3qojbp"},"from":{"itemId":"ds6bhuudkziryo6ncxmptehm","blockId":"abrirklgrlz3az2wmxt30xqg","groupId":"nsv9r9fjnlpw0lenktqn2jg4"}},{"id":"wqvswpne170z0ifd6nqduefz","to":{"groupId":"q7abtuuz5btg4047vn2jtbzx"},"from":{"blockId":"d4kudtff2jj653944rw7ms4k","groupId":"eb3ccl5uiapxhfywkwezctvb"}},{"id":"kgyi11pqb513hbepi7g3dnra","to":{"groupId":"ivw8luuvjnal474pumvu1zph"},"from":{"blockId":"ibkdyl995uywmz5fu3ehzv8s","groupId":"fau99dyyu1szdz0aku6s6ook"}},{"id":"bt5ghjclx0or0y99vq256yx0","to":{"groupId":"bq30eb0a2e1ns1shhb3qojbp"},"from":{"itemId":"zwkzxb46ksi19e1dj2epnwje","blockId":"jvoxkn6zx2hp9k721ds06ndj","groupId":"uxevh1od8csqah9ae64kt56m"}},{"id":"bj5mzdjpgtc82eru2tetislp","to":{"groupId":"eb3ccl5uiapxhfywkwezctvb"},"from":{"blockId":"be9b104ft2982hqalt33nhdg","groupId":"bq30eb0a2e1ns1shhb3qojbp"}},{"id":"meseon3ouehvzza3vaj1uamq","to":{"groupId":"lw0vuthb74t6l7yfdwnkmknw"},"from":{"itemId":"k60uzsbzke3j0q22pulexly7","blockId":"abrirklgrlz3az2wmxt30xqg","groupId":"nsv9r9fjnlpw0lenktqn2jg4"}},{"id":"ai6eyi2wraf023um4lf981pn","to":{"blockId":"ky2sm7rmwgey7nqg9ojd2dnj","groupId":"uxevh1od8csqah9ae64kt56m"},"from":{"itemId":"yiou2d16d59y3w74sekzoj2p","blockId":"abrirklgrlz3az2wmxt30xqg","groupId":"nsv9r9fjnlpw0lenktqn2jg4"}},{"id":"ly5pb042yt1ppuyk5y8tlop9","to":{"groupId":"fau99dyyu1szdz0aku6s6ook"},"from":{"blockId":"bil06khckdr49oah582w5xln","groupId":"q7abtuuz5btg4047vn2jtbzx"}},{"id":"ynthpb3eonqdy51qk1q15p94","to":{"blockId":"sf3em4r2ff1kw935wcnwz34n","groupId":"qcqwejfs9p04yf28fqvv40pg"},"from":{"blockId":"y59a9bwfuos4uupu4hbq8hgp","groupId":"iof9724liyj98lqqxac2icer"}},{"id":"bh343gyvhki03w1eqidv0atn","to":{"groupId":"kb5xgft6fb6ijt8m2tddh6pp"},"from":{"blockId":"sf3em4r2ff1kw935wcnwz34n","groupId":"qcqwejfs9p04yf28fqvv40pg"}},{"id":"g7561gzy99v0xd3aiiprsfyt","to":{"groupId":"hxm3any0hwbldze6fm6f5yfj"},"from":{"blockId":"sudnml9slz6aakxeh9ylobv9","groupId":"lw0vuthb74t6l7yfdwnkmknw"}},{"id":"eyob0yn1jm3ruhy0iycechnk","to":{"groupId":"iof9724liyj98lqqxac2icer"},"from":{"blockId":"gg1r0cwnbi4m9dak9gtre3yl","groupId":"hxm3any0hwbldze6fm6f5yfj"}}],"theme":{"chat":{"inputs":{"color":"#000000","backgroundColor":"#FFFFFF","placeholderColor":"#28292a"},"buttons":{"color":"#FFFFFF","backgroundColor":"#128C7E"},"roundness":"medium","hostAvatar":{"url":"https://i.postimg.cc/d3zwbTHR/301446779-768457404377478-1026831020438119779-n.jpg","isEnabled":true},"guestAvatar":{"url":"https://s3.fr-par.scw.cloud/typebot/public/typebots/cli88mae30010mh0f0yzjqn48/guestAvatar?v=1685330799682","isEnabled":false},"hostBubbles":{"color":"#303235","backgroundColor":"#FFFFFF"},"guestBubbles":{"color":"#303235","backgroundColor":"#e1ffc7"}},"general":{"font":"Open Sans","background":{"type":"Image","content":"https://s3.fr-par.scw.cloud/typebot/public/typebots/cli88mae30010mh0f0yzjqn48/background?v=1685470080750"}},"customCss":".typebot-chat-view > .flex:first-child {\n    padding-top: 30px;\n}\n\n.typebot-input {\n    position: fixed;\n    bottom: 0;\n    align-items: center;\n    z-index: 999;\n    right: 0;\n}\n\n.typebot-input .typebot-button {\n    background: #008a7c;\n    border-radius: 50%;\n    color: #fff;\n    position: relative;\n    width: 50px;\n    height: 50px;\n    display: flex;\n    align-items: center;\n    justify-content: center;\n}\n\n.typebot-container {\n    background-size: initial!important;\n    background-repeat: repeat-x!important;\n}\n\n.typebot-host-bubble>.bubble-typing {\n  border-radius: 0 5px 5px 5px;\n}\n\n.typebot-host-bubble>.bubble-typing:after {\n    position: absolute;\n    content: \"\";\n    width: 0;\n    height: 0;\n    border-style: solid;\n    border-width: 0px 10px 10px 0;\n    border-color: transparent #fff transparent transparent;\n    top: 0;\n    left: -10px;\n}\n\n.typebot-guest-bubble {\n  position: relative;\n  border-radius: 5px 0 5px 5px;\n}\n\n.typebot-guest-bubble:after {\n  position: absolute;\n  content: \"\";\n  width: 0;\n  height: 0;\n  border-style: solid;\n}\n\n.typebot-guest-bubble:after {\n    border-width: 0px 0 10px 10px;\n    border-color: transparent transparent transparent #e1ffc7;\n    top: 0;\n    right: -10px;\n    border-style: solid;\n}\n\niframe[src=\"\"] {\n  position: fixed;\n  top: 0;\n  left: 0;\n  display: relative;\n  width: 100%;\n  height: 100% !important;\n  z-index: 999999;\n  border: none;\n  padding: 0;\n  margin: 0;\n}\n\na#lite-badge {\n  display: none!important;\n}"},"settings":{"general":{"rememberUser":{"isEnabled":false},"isBrandingEnabled":true,"isInputPrefillEnabled":false,"isHideQueryParamsEnabled":false},"metadata":{"title":"WhatsApp Web","imageUrl":"https://i.postimg.cc/PxKnGV6b/Fortune-Tiger-presell-1.png","favIconUrl":"https://s3.fr-par.scw.cloud/typebot/public/typebots/fwlzp9t2f2xjx6o1ru5u4i4z/favIcon?v=1686203350295","description":"Kaio César","customHeadCode":"<!-- Facebook Pixel Code -->\n<script>\n   !function(f,b,e,v,n,t,s)\n  {if(f.fbq)return;n=f.fbq=function(){n.callMethod?\n    n.callMethod.apply(n,arguments):n.queue.push(arguments)};\n    if(!f._fbq)f._fbq=n;n.push=n;n.loaded=!0;n.version='2.0';\n    n.queue=[];t=b.createElement(e);t.async=!0;\n    t.src=v;s=b.getElementsByTagName(e)[0];\n    s.parentNode.insertBefore(t,s)}(window, document,'script',\n    'https://connect.facebook.net/en_US/fbevents.js');\n    fbq('init', '425512068236032');\n    fbq('track', 'PageView');\n    fbq('track', 'ViewContent');\n \n</script>\n<!-- End Facebook Pixel Code -->\n<link rel=\"stylesheet\" href=\"https://cdnjs.cloudflare.com/ajax/libs/material-design-iconic-font/2.2.0/css/material-design-iconic-font.min.css\">\n<style>\n  .hide {\n    display: none!important;\n  }\n  typebot-standard {\n    position: relative;\n    z-index: 9999;\n  }\n  #__next {\n    position: relative;\n    z-index: 9999;\n}\n  /* User Bar */\n.user-bar {\n  width: 100%;\n  height: 55px;\n  background: #005e54;\n  color: #fff;\n  padding: 0;\n  font-size: 24px;\n  position: fixed;\n  z-index: 99999;\n  display: block;\n  top: 0;\n}\n\n.user-bar:after {\n  content: \"\";\n  display: table;\n  clear: both;\n}\n\n.user-bar div {\n    float: left;\n    transform: translateY(-50%);\n    position: relative;\n    top: 50%;\n    margin-left: 10px;\n}\n\n.user-bar .actions {\n  float: right;\n  margin: 0 0 0 20px;\n}\n\n.user-bar .actions.more {\n  margin: 0 12px 0 32px;\n}\n\n.user-bar .actions.attachment {\n  margin: 0 0 0 30px;\n}\n\n.user-bar .actions.attachment i {\n  display: block;\n  transform: rotate(-45deg);\n}\n\n.user-bar .avatar {\n  margin: 0 0 0 5px;\n  width: 36px;\n  height: 36px;\n}\n\n.user-bar .avatar img {\n  border-radius: 50%;\n  box-shadow: 0 1px 0 rgba(255, 255, 255, 0.1);\n  display: block;\n  width: 100%;\n}\n\n.user-bar .name {\n  font-size: 17px;\n  font-weight: 600;\n  text-overflow: ellipsis;\n  letter-spacing: 0.3px;\n  margin: 0 0 0 8px;\n  overflow: hidden;\n  white-space: nowrap;\n  width: 150px;\n}\n\n.user-bar .status {\n  display: block;\n  font-size: 13px;\n  font-weight: 400;\n  letter-spacing: 0;\n}\n</style>\n\n<script>\nfunction criarBarra() {\n  var userBar = document.createElement(\"div\");\n  userBar.className = \"user-bar\";\n\n  var backButton = document.createElement(\"div\");\n  backButton.className = \"back\";\n  backButton.innerHTML = '<i class=\"zmdi zmdi-arrow-left\"></i>';\n\n  var avatar = document.createElement(\"div\");\n  avatar.className = \"avatar\";\n  avatar.innerHTML = '<img src=\"https://i.postimg.cc/Y0JXT1wf/301446779-768457404377478-1026831020438119779-n.jpg\" alt=\"Kaio César\">';\n\n  var name = document.createElement(\"div\");\n  name.className = \"name\";\n  name.innerHTML = '<span>Kaio César</span><span class=\"status\">online</span>';\n\n  var moreActions = document.createElement(\"div\");\n  moreActions.className = \"actions more\";\n  moreActions.innerHTML = '<i class=\"zmdi zmdi-more-vert\"></i>';\n\n  var attachmentAction = document.createElement(\"div\");\n  attachmentAction.className = \"actions attachment\";\n  attachmentAction.innerHTML = '<i class=\"zmdi zmdi-attachment-alt\"></i>';\n\n  var phoneAction = document.createElement(\"div\");\n  phoneAction.className = \"actions\";\n  phoneAction.innerHTML = '<i class=\"zmdi zmdi-phone\"></i>';\n\n  userBar.appendChild(backButton);\n  userBar.appendChild(avatar);\n  userBar.appendChild(name);\n  userBar.appendChild(moreActions);\n  userBar.appendChild(attachmentAction);\n  userBar.appendChild(phoneAction);\n\n  var elementoPai = document.querySelector(\"#__next\");\n  if (elementoPai) {\n    elementoPai.insertBefore(userBar, elementoPai.firstChild);\n  }\n}\n\ncriarBarra();\n</script>\n"},"typingEmulation":{"speed":300,"enabled":true,"maxDelay":1.5}}}