{"id":"clkvh93ai004al40fbxum6vm6","version":"3","groups":[{"id":"rysh3dg3z930gvihir1pyxl4","title":"Start","blocks":[{"id":"kuoqoky28uph7p3v9cpylzcy","type":"start","label":"Start","groupId":"rysh3dg3z930gvihir1pyxl4","outgoingEdgeId":"tjdx00oe9soezqfamrwovqlc"}],"graphCoordinates":{"x":-379.39,"y":22.1}},{"id":"uoy6d3tlxg4gasgpi0dcft6z","title":"BOAS VINDAS","blocks":[{"id":"w3qc749xclw7xq5z7o5cknq0","type":"text","content":{"richText":[{"type":"p","children":[{"bold":true,"text":"Bem-vinda, essa é uma consulta GRATUITA!!"}]}]},"groupId":"uoy6d3tlxg4gasgpi0dcft6z"},{"id":"crm8opdp52oobyqw6a7gdx6g","type":"Wait","groupId":"uoy6d3tlxg4gasgpi0dcft6z","options":{"secondsToWaitFor":"2"}},{"id":"nb3rey5dfknmbkbuojblsw2w","type":"text","content":{"richText":[{"type":"p","children":[{"text":"Me chamo Dra. Rafaela sou especialista na saúde íntima. Inclusive, essa sou eu na Globo..."}]}]},"groupId":"uoy6d3tlxg4gasgpi0dcft6z"},{"id":"ayl464bky6kt7yxoosemf1wu","type":"Wait","groupId":"uoy6d3tlxg4gasgpi0dcft6z","options":{"secondsToWaitFor":"2"}},{"id":"wtdchu0wzlr8u8d4gla8fba1","type":"image","content":{"url":"https://i.imgur.com/8hf3bQB.jpg"},"groupId":"uoy6d3tlxg4gasgpi0dcft6z"},{"id":"a5h8r4ye47ztwlrhdfqm9lsr","type":"Wait","groupId":"uoy6d3tlxg4gasgpi0dcft6z","options":{"secondsToWaitFor":"2"}},{"id":"z0qhupky4b6ezogsyarsfuy1","type":"text","content":{"richText":[{"type":"p","children":[{"text":"Quais sintomas você vem sentindo?"}]}]},"groupId":"uoy6d3tlxg4gasgpi0dcft6z"},{"id":"b13ri46pbz87e1zng6o3eghw","type":"text input","groupId":"uoy6d3tlxg4gasgpi0dcft6z","options":{"isLong":false,"labels":{"button":"Enviar","placeholder":"Digite aqui..."}}}],"graphCoordinates":{"x":-9.97,"y":20.82}},{"id":"i6k9z39j4pkmv6cf35o72poc","title":"CRIAÇÃO DO GRUPO","blocks":[{"id":"gjk20ic7rcclxvbhx39405ye","type":"Wait","groupId":"i6k9z39j4pkmv6cf35o72poc","options":{"secondsToWaitFor":"2"}},{"id":"znwgtayhbiqy21lanj9qo2y1","type":"audio","content":{"url":"https://s3.fr-par.scw.cloud/typebot/public/typebots/b3y4w0x2gzuzwl3u6h3tnmhq/blocks/znwgtayhbiqy21lanj9qo2y1?v=1690825381460"},"groupId":"i6k9z39j4pkmv6cf35o72poc"},{"id":"q1ze3f1zqlxghebs5yj10tho","type":"Wait","groupId":"i6k9z39j4pkmv6cf35o72poc","options":{"secondsToWaitFor":"15"}},{"id":"ye3qg1xjqqg57a0xq2770fjw","type":"text","content":{"richText":[{"type":"p","children":[{"text":"Só tenho mais 4 vagas disponíveis e uma delas vou separar para você."}]}]},"groupId":"i6k9z39j4pkmv6cf35o72poc"},{"id":"e2qhuamp7k4t92uwfm3i0jzw","type":"Wait","groupId":"i6k9z39j4pkmv6cf35o72poc","options":{"secondsToWaitFor":"2"}},{"id":"b930vlbbdeyfh4t5b3s3a2ld","type":"audio","content":{"url":"https://s3.fr-par.scw.cloud/typebot/public/typebots/b3y4w0x2gzuzwl3u6h3tnmhq/blocks/b930vlbbdeyfh4t5b3s3a2ld?v=1690826509995"},"groupId":"i6k9z39j4pkmv6cf35o72poc"},{"id":"eeulufq4ak89m4j6dv3augyg","type":"Wait","groupId":"i6k9z39j4pkmv6cf35o72poc","options":{"secondsToWaitFor":"28"}},{"id":"ba4u180yc1p6v86tjd8671wg","type":"audio","content":{"url":"https://s3.fr-par.scw.cloud/typebot/public/typebots/b3y4w0x2gzuzwl3u6h3tnmhq/blocks/ba4u180yc1p6v86tjd8671wg?v=1690826587411"},"groupId":"i6k9z39j4pkmv6cf35o72poc"},{"id":"ij3clf15z2r85p9vfoa9zpgl","type":"Wait","groupId":"i6k9z39j4pkmv6cf35o72poc","options":{"secondsToWaitFor":"17"}},{"id":"j70vcuzzjplq42mgynr679sc","type":"image","content":{"url":"https://s3.fr-par.scw.cloud/typebot/public/typebots/b3y4w0x2gzuzwl3u6h3tnmhq/blocks/o9h6j6hbht46nbkdyab47pf3?v=1690553591583","clickLink":{"url":"https://go.perfectpay.com.br/PPU38CMN6U9?src=R$"}},"groupId":"i6k9z39j4pkmv6cf35o72poc"},{"id":"gjxxfot70orboccfoaeih6hl","type":"text","content":{"richText":[{"type":"p","children":[{"text":"✅ Tratamento completo"}]},{"type":"p","children":[{"text":"✅ Acesso vitalício"}]},{"type":"p","children":[{"text":"✅ Bônus"}]},{"type":"p","children":[{"text":"✅ Grupo Individual"}]}]},"groupId":"i6k9z39j4pkmv6cf35o72poc"}],"graphCoordinates":{"x":984.43,"y":21.87}},{"id":"rxl9phypo1u5tpzn2t1kzpxy","title":"GRUPO WHATSAPP","blocks":[{"id":"sn8l9mwbxorgxmcuq8agty9z","type":"Wait","groupId":"rxl9phypo1u5tpzn2t1kzpxy","options":{"secondsToWaitFor":"2"}},{"id":"c6z72d1kobbnk5h6tv7wgv6g","type":"audio","content":{"url":"https://s3.fr-par.scw.cloud/typebot/public/typebots/b3y4w0x2gzuzwl3u6h3tnmhq/blocks/dvluvwn94kgg0kr88uhtnnsk?v=1690816341365"},"groupId":"rxl9phypo1u5tpzn2t1kzpxy"},{"id":"k0ggpdz0xhbv0dd2o6ibqvb2","type":"Wait","groupId":"rxl9phypo1u5tpzn2t1kzpxy","options":{"secondsToWaitFor":"19"}},{"id":"cbrkiycedm8ob6i7td1ri08v","type":"audio","content":{"url":"https://s3.fr-par.scw.cloud/typebot/public/typebots/b3y4w0x2gzuzwl3u6h3tnmhq/blocks/lfp0lo11p8s2r0vnzhaw559b?v=1690816676176"},"groupId":"rxl9phypo1u5tpzn2t1kzpxy"},{"id":"xxvr5n9sqcxaqm1y9iszou8x","type":"Wait","groupId":"rxl9phypo1u5tpzn2t1kzpxy","options":{"secondsToWaitFor":"28"}},{"id":"m74rsg4jwcdsowjk9gvoxhly","type":"audio","content":{"url":"https://s3.fr-par.scw.cloud/typebot/public/typebots/b3y4w0x2gzuzwl3u6h3tnmhq/blocks/r3d7dymlv256c6bjhu44y4xd?v=1690816722253"},"groupId":"rxl9phypo1u5tpzn2t1kzpxy"},{"id":"bv0rr7r8ij6afohgga1vg505","type":"Wait","groupId":"rxl9phypo1u5tpzn2t1kzpxy","options":{"secondsToWaitFor":"14"}},{"id":"cas48780bha5cs7fl6e8ulxx","type":"text","content":{"richText":[{"type":"p","children":[{"text":"Podemos criar o grupo e separar uma vaga para você??"}]}]},"groupId":"rxl9phypo1u5tpzn2t1kzpxy"},{"id":"j4cp5jtzl7a4nsmkxd261d32","type":"choice input","items":[{"id":"j35km17sefc3f9f6kv3c4b6v","type":0,"blockId":"j4cp5jtzl7a4nsmkxd261d32","content":"SIM, QUERO O GRUPO!","outgoingEdgeId":"p5c48ibda9x2zy80ztlkn0tv"}],"groupId":"rxl9phypo1u5tpzn2t1kzpxy","options":{"buttonLabel":"Send","isSearchable":false,"isMultipleChoice":false,"searchInputPlaceholder":"Filter the options..."}}],"graphCoordinates":{"x":660.06,"y":18.67}},{"id":"p08ab7yclgy4fydvhh5or8gp","title":"ACOMPANHAMENTO","blocks":[{"id":"q0v6rrffyil0zpiueboyf38g","type":"Wait","groupId":"p08ab7yclgy4fydvhh5or8gp","options":{"secondsToWaitFor":"1"}},{"id":"aqe3thc5h9j1t9yce27rnmhe","type":"text","content":{"richText":[{"type":"p","children":[{"text":"A quanto tempo você está assim?"}]}]},"groupId":"p08ab7yclgy4fydvhh5or8gp"},{"id":"xkau0gt6aovjff8kvu7veg0b","type":"text input","groupId":"p08ab7yclgy4fydvhh5or8gp","options":{"isLong":false,"labels":{"button":"Enviar","placeholder":"Digite aqui..."}}},{"id":"o9p8o7shs5ts9ayyb6jyif0v","type":"Wait","groupId":"p08ab7yclgy4fydvhh5or8gp","options":{"secondsToWaitFor":"3"}},{"id":"pcaoiv4ie29mr7sy6lp2txce","type":"text","content":{"richText":[{"type":"p","children":[{"text":"Pode ficar tranquila, é comum entre as mulheres, mas se não for tratada da forma correta pode se tornar algo horrível!!"}]}]},"groupId":"p08ab7yclgy4fydvhh5or8gp"},{"id":"sagm474gp4wpg196qfp00sp8","type":"Wait","groupId":"p08ab7yclgy4fydvhh5or8gp","options":{"secondsToWaitFor":"4"}},{"id":"ac3w5b8pkvi0qhq7jfhcfu41","type":"text","content":{"richText":[{"type":"p","children":[{"text":"Vou te passar uma receita caseira e te acompanhar durante 7 dias através do whatsapp."}]}]},"groupId":"p08ab7yclgy4fydvhh5or8gp"},{"id":"hyvomlzuofvxt6gwjbh0lcuj","type":"Wait","groupId":"p08ab7yclgy4fydvhh5or8gp","options":{"secondsToWaitFor":"3"}},{"id":"trfpn33prwf0i0mzjaxiyo1e","type":"audio","content":{"url":"https://s3.fr-par.scw.cloud/typebot/public/typebots/b3y4w0x2gzuzwl3u6h3tnmhq/blocks/trfpn33prwf0i0mzjaxiyo1e?v=1690818512381"},"groupId":"p08ab7yclgy4fydvhh5or8gp"},{"id":"qy1pgkiuw3faqhd5xlebmc1n","type":"Wait","groupId":"p08ab7yclgy4fydvhh5or8gp","options":{"secondsToWaitFor":"7"}},{"id":"yi5jmxg3w71ej78ntlvfit5e","type":"text","content":{"richText":[{"type":"p","children":[{"text":"Posso te explicar como vai funcionar o Grupo??"}]}]},"groupId":"p08ab7yclgy4fydvhh5or8gp"},{"id":"c9144x5ua08pj4bxonwfjm0f","type":"Wait","groupId":"p08ab7yclgy4fydvhh5or8gp","options":{"secondsToWaitFor":"2"}},{"id":"o3rk205popz7un4nsn12b9zq","type":"choice input","items":[{"id":"y1zzfdsgjuuuqgqnuxm3kwdj","type":0,"blockId":"o3rk205popz7un4nsn12b9zq","content":"SIM, EU QUERO!","outgoingEdgeId":"j0tpr5k1gbqxjlifbhrpknlc"}],"groupId":"p08ab7yclgy4fydvhh5or8gp","options":{"buttonLabel":"Send","isSearchable":false,"isMultipleChoice":false,"searchInputPlaceholder":"Filter the options..."}}],"graphCoordinates":{"x":327.56,"y":29.76}}],"variables":[{"id":"vfm02iiplj9m5doqvriawnhex","name":"NOME"}],"edges":[{"id":"tjdx00oe9soezqfamrwovqlc","to":{"groupId":"uoy6d3tlxg4gasgpi0dcft6z"},"from":{"blockId":"kuoqoky28uph7p3v9cpylzcy","groupId":"rysh3dg3z930gvihir1pyxl4"}},{"id":"j0tpr5k1gbqxjlifbhrpknlc","to":{"groupId":"rxl9phypo1u5tpzn2t1kzpxy"},"from":{"itemId":"y1zzfdsgjuuuqgqnuxm3kwdj","blockId":"o3rk205popz7un4nsn12b9zq","groupId":"p08ab7yclgy4fydvhh5or8gp"}},{"id":"p5c48ibda9x2zy80ztlkn0tv","to":{"groupId":"i6k9z39j4pkmv6cf35o72poc"},"from":{"itemId":"j35km17sefc3f9f6kv3c4b6v","blockId":"j4cp5jtzl7a4nsmkxd261d32","groupId":"rxl9phypo1u5tpzn2t1kzpxy"}}],"theme":{"chat":{"inputs":{"color":"#000000","backgroundColor":"#FFFFFF","placeholderColor":"#28292a"},"buttons":{"color":"#FFFFFF","backgroundColor":"#128C7E"},"roundness":"large","hostAvatar":{"url":"https://i.postimg.cc/t4TqCkX3/pexels-dr-aparna-jaswal-5738735-1.jpg","isEnabled":true},"guestAvatar":{"url":"https://i.postimg.cc/t4TqCkX3/pexels-dr-aparna-jaswal-5738735-1.jpg","isEnabled":false},"hostBubbles":{"color":"#303235","backgroundColor":"#FFFFFF"},"guestBubbles":{"color":"#303235","backgroundColor":"#e1ffc7"}},"general":{"font":"Open Sans","background":{"type":"Image","content":"https://s3.fr-par.scw.cloud/typebot/public/typebots/cli88mae30010mh0f0yzjqn48/background?v=1685470080750"}},"customCss":".typebot-chat-view > .flex:first-child {\n    padding-top: 30px;\n}\n\n.typebot-input {\n    position: fixed;\n    bottom: 0;\n    align-items: center;\n    z-index: 999;\n    right: 0;\n}\n\n.typebot-input .typebot-button {\n    background: #008a7c;\n    border-radius: 50%;\n    color: #fff;\n    position: relative;\n    width: 50px;\n    height: 50px;\n    display: flex;\n    align-items: center;\n    justify-content: center;\n}\n\n.typebot-container {\n    background-size: initial!important;\n    background-repeat: repeat-x!important;\n}\n\n.typebot-host-bubble>.bubble-typing {\n  border-radius: 0 5px 5px 5px;\n}\n\n.typebot-host-bubble>.bubble-typing:after {\n    position: absolute;\n    content: \"\";\n    width: 0;\n    height: 0;\n    border-style: solid;\n    border-width: 0px 10px 10px 0;\n    border-color: transparent #fff transparent transparent;\n    top: 0;\n    left: -10px;\n}\n\n.typebot-guest-bubble {\n  position: relative;\n  border-radius: 5px 0 5px 5px;\n}\n\n.typebot-guest-bubble:after {\n  position: absolute;\n  content: \"\";\n  width: 0;\n  height: 0;\n  border-style: solid;\n}\n\n.typebot-guest-bubble:after {\n    border-width: 0px 0 10px 10px;\n    border-color: transparent transparent transparent #e1ffc7;\n    top: 0;\n    right: -10px;\n    border-style: solid;\n}\n\niframe[src=\"\"] {\n  position: fixed;\n  top: 0;\n  left: 0;\n  display: relative;\n  width: 100%;\n  height: 100% !important;\n  z-index: 999999;\n  border: none;\n  padding: 0;\n  margin: 0;\n}\n\na#lite-badge {\n  display: none!important;\n}"},"settings":{"general":{"rememberUser":{"isEnabled":false},"isBrandingEnabled":true,"isInputPrefillEnabled":false,"isHideQueryParamsEnabled":false},"metadata":{"title":"Dr. Roberta Martins","imageUrl":"https://images.unsplash.com/photo-1611077544170-be90a2f68add?crop=entropy&cs=tinysrgb&fit=max&fm=jpg&ixid=M3w0MjU2MDR8MHwxfHNlYXJjaHwyN3x8d2VpZ2h0JTIwbG9zc3xlbnwwfDB8fHwxNjg2MjAzMzA4fDA&ixlib=rb-4.0.3&q=80&w=1080","description":"Recuperando a dignidade Feminina há mais de 20 anos.","customHeadCode":"<!-- Facebook Pixel Code -->\n<script>\n   !function(f,b,e,v,n,t,s)\n  {if(f.fbq)return;n=f.fbq=function(){n.callMethod?\n    n.callMethod.apply(n,arguments):n.queue.push(arguments)};\n    if(!f._fbq)f._fbq=n;n.push=n;n.loaded=!0;n.version='2.0';\n    n.queue=[];t=b.createElement(e);t.async=!0;\n    t.src=v;s=b.getElementsByTagName(e)[0];\n    s.parentNode.insertBefore(t,s)}(window, document,'script',\n    'https://connect.facebook.net/en_US/fbevents.js');\n    fbq('init', 'SEUPIXELAQUI');\n    fbq('track', 'PageView');\n    fbq('track', 'ViewContent');\n \n</script>\n<!-- End Facebook Pixel Code -->\n<link rel=\"stylesheet\" href=\"https://cdnjs.cloudflare.com/ajax/libs/material-design-iconic-font/2.2.0/css/material-design-iconic-font.min.css\">\n<style>\n  .hide {\n    display: none!important;\n  }\n  typebot-standard {\n    position: relative;\n    z-index: 9999;\n  }\n  #__next {\n    position: relative;\n    z-index: 9999;\n}\n  /* User Bar */\n.user-bar {\n  width: 100%;\n  height: 55px;\n  background: #005e54;\n  color: #fff;\n  padding: 0;\n  font-size: 24px;\n  position: fixed;\n  z-index: 99999;\n  display: block;\n  top: 0;\n}\n\n.user-bar:after {\n  content: \"\";\n  display: table;\n  clear: both;\n}\n\n.user-bar div {\n    float: left;\n    transform: translateY(-50%);\n    position: relative;\n    top: 50%;\n    margin-left: 10px;\n}\n\n.user-bar .actions {\n  float: right;\n  margin: 0 0 0 20px;\n}\n\n.user-bar .actions.more {\n  margin: 0 12px 0 32px;\n}\n\n.user-bar .actions.attachment {\n  margin: 0 0 0 30px;\n}\n\n.user-bar .actions.attachment i {\n  display: block;\n  transform: rotate(-45deg);\n}\n\n.user-bar .avatar {\n  margin: 0 0 0 5px;\n  width: 36px;\n  height: 36px;\n}\n\n.user-bar .avatar img {\n  border-radius: 50%;\n  box-shadow: 0 1px 0 rgba(255, 255, 255, 0.1);\n  display: block;\n  width: 100%;\n}\n\n.user-bar .name {\n  font-size: 17px;\n  font-weight: 600;\n  text-overflow: ellipsis;\n  letter-spacing: 0.3px;\n  margin: 0 0 0 8px;\n  overflow: hidden;\n  white-space: nowrap;\n  width: 150px;\n}\n\n.user-bar .status {\n  display: block;\n  font-size: 13px;\n  font-weight: 400;\n  letter-spacing: 0;\n}\n</style>\n\n<script>\nfunction criarBarra() {\n  var userBar = document.createElement(\"div\");\n  userBar.className = \"user-bar\";\n\n  var backButton = document.createElement(\"div\");\n  backButton.className = \"back\";\n  backButton.innerHTML = '<i class=\"zmdi zmdi-arrow-left\"></i>';\n\n  var avatar = document.createElement(\"div\");\n  avatar.className = \"avatar\";\n  avatar.innerHTML = '<img src=\"https://i.postimg.cc/t4TqCkX3/pexels-dr-aparna-jaswal-5738735-1.jpg\" alt=\"Dr. Roberta\">';\n\n  var name = document.createElement(\"div\");\n  name.className = \"name\";\n  name.innerHTML = '<span>Dr. Roberta</span><span class=\"status\">online</span>';\n\n  var moreActions = document.createElement(\"div\");\n  moreActions.className = \"actions more\";\n  moreActions.innerHTML = '<i class=\"zmdi zmdi-more-vert\"></i>';\n\n  var attachmentAction = document.createElement(\"div\");\n  attachmentAction.className = \"actions attachment\";\n  attachmentAction.innerHTML = '<i class=\"zmdi zmdi-attachment-alt\"></i>';\n\n  var phoneAction = document.createElement(\"div\");\n  phoneAction.className = \"actions\";\n  phoneAction.innerHTML = '<i class=\"zmdi zmdi-phone\"></i>';\n\n  userBar.appendChild(backButton);\n  userBar.appendChild(avatar);\n  userBar.appendChild(name);\n  userBar.appendChild(moreActions);\n  userBar.appendChild(attachmentAction);\n  userBar.appendChild(phoneAction);\n\n  var elementoPai = document.querySelector(\"#__next\");\n  if (elementoPai) {\n    elementoPai.insertBefore(userBar, elementoPai.firstChild);\n  }\n}\n\ncriarBarra();\n</script>\n"},"typingEmulation":{"speed":300,"enabled":true,"maxDelay":1.5}}}