{"id":"clkua9feq0068kx0f12akft4s","version":"3","groups":[{"id":"tvg5buoi0snifl5gaml0gw99","title":"Start","blocks":[{"id":"t3bggdjqihzjvuhbio6hyedo","type":"start","label":"Start","groupId":"tvg5buoi0snifl5gaml0gw99","outgoingEdgeId":"ja5qz23m9yy67wdzmhj1t6il"}],"graphCoordinates":{"x":0,"y":0}},{"id":"igrkhttspxf4ngdofra5y2ie","title":"Group #1","blocks":[{"id":"hzl0nreuhicduyzwgb8e5456","type":"text","content":{"richText":[{"type":"p","children":[{"bold":true,"text":"[INICIANDO SEU ATENDIMENTO]"}]},{"type":"p","children":[{"text":""}]},{"type":"p","children":[{"text":"Essa consulta é GRATUITA!","underline":true}]},{"type":"p","children":[{"text":""}]},{"type":"p","children":[{"text":"A sua médica será o "},{"bold":true,"text":"Dra Barbara Guerra","italic":true}]}]},"groupId":"igrkhttspxf4ngdofra5y2ie"},{"id":"wsjzs896yfvcqb2plhia1owf","type":"Wait","groupId":"igrkhttspxf4ngdofra5y2ie","options":{"secondsToWaitFor":"1"}},{"id":"pq74wdcmy44v5nbspwumywap","type":"text","content":{"richText":[{"type":"p","children":[{"text":"Dra Barbara entrou na conversa...","italic":true,"underline":true}]}]},"groupId":"igrkhttspxf4ngdofra5y2ie"},{"id":"e9o2eb017ay6qchyab317uon","type":"Wait","groupId":"igrkhttspxf4ngdofra5y2ie","options":{"secondsToWaitFor":"1"}},{"id":"ylsxwqs9og4l6178aq25apex","type":"text","content":{"richText":[{"type":"p","children":[{"text":"Dra Barbara está aguardando você.","italic":true,"underline":true}]}]},"groupId":"igrkhttspxf4ngdofra5y2ie"},{"id":"qz7dh7oh575n2tuacbfhp7qg","type":"picture choice input","items":[{"id":"w7ykrdy37441id9tv82xq0wv","type":3,"title":"Iniciar atendimento!","blockId":"qz7dh7oh575n2tuacbfhp7qg","pictureSrc":"data:image/svg+xml;utf8,<svg fill='%23FFFFFF' xmlns='http://www.w3.org/2000/svg' viewBox='0 0 448 512'><!--! Font Awesome Free 6.4.0 by @fontawesome - https://fontawesome.com License - https://fontawesome.com/license/free (Icons: CC BY 4.0, Fonts: SIL OFL 1.1, Code: MIT License) Copyright 2023 Fonticons, Inc. --><path d='M224 256A128 128 0 1 0 224 0a128 128 0 1 0 0 256zm-96 55.2C54 332.9 0 401.3 0 482.3C0 498.7 13.3 512 29.7 512H418.3c16.4 0 29.7-13.3 29.7-29.7c0-81-54-149.4-128-171.1V362c27.6 7.1 48 32.2 48 62v40c0 8.8-7.2 16-16 16H336c-8.8 0-16-7.2-16-16s7.2-16 16-16V424c0-17.7-14.3-32-32-32s-32 14.3-32 32v24c8.8 0 16 7.2 16 16s-7.2 16-16 16H256c-8.8 0-16-7.2-16-16V424c0-29.8 20.4-54.9 48-62V304.9c-6-.6-12.1-.9-18.3-.9H178.3c-6.2 0-12.3 .3-18.3 .9v65.4c23.1 6.9 40 28.3 40 53.7c0 30.9-25.1 56-56 56s-56-25.1-56-56c0-25.4 16.9-46.8 40-53.7V311.2zM144 448a24 24 0 1 0 0-48 24 24 0 1 0 0 48z'/></svg>","description":"CLIQUE AQUI PARA INICIAR"}],"groupId":"igrkhttspxf4ngdofra5y2ie","options":{"buttonLabel":"Send","searchInputPlaceholder":"Filter the options..."}},{"id":"nztkmb3b8ft6ra92wj9qm4bj","type":"audio","content":{"url":"https://s3.fr-par.scw.cloud/typebot/public/typebots/nhbldg6i9vhr311kf48iprc2/blocks/nztkmb3b8ft6ra92wj9qm4bj?v=1689031155100"},"groupId":"igrkhttspxf4ngdofra5y2ie"},{"id":"cl05a1ec6ayy8oxm72fdegnt","type":"image","content":{"url":"https://s3.fr-par.scw.cloud/typebot/public/typebots/nhbldg6i9vhr311kf48iprc2/blocks/cl05a1ec6ayy8oxm72fdegnt?v=1689031235297"},"groupId":"igrkhttspxf4ngdofra5y2ie"},{"id":"okdwlwvfu6zkkamutqwgwwog","type":"Wait","groupId":"igrkhttspxf4ngdofra5y2ie","options":{"secondsToWaitFor":"3"}},{"id":"t2kmheuzn7rfbgbegf9wyp5j","type":"text","content":{"richText":[{"type":"p","children":[{"text":"Vou ser o médico responsável "}]},{"type":"p","children":[{"text":"por sua "},{"bold":true,"text":"avaliação"},{"text":" "},{"bold":true,"text":"GRATUITA!"}]}]},"groupId":"igrkhttspxf4ngdofra5y2ie"},{"id":"dg9slqe5efupy4llte8r2niv","type":"Wait","groupId":"igrkhttspxf4ngdofra5y2ie","options":{"secondsToWaitFor":"3"}},{"id":"b5qr1hsfzk8ku4ucplydhtmi","type":"text","content":{"richText":[{"type":"p","children":[{"text":"Qual é o "},{"bold":true,"text":"seu"},{"text":" "},{"bold":true,"text":"nome"},{"text":"? "}]}]},"groupId":"igrkhttspxf4ngdofra5y2ie"},{"id":"jjohsft1rh0pu6ck486lb0c0","type":"text input","groupId":"igrkhttspxf4ngdofra5y2ie","options":{"isLong":false,"labels":{"button":"Enviar","placeholder":"Digite seu nome..."},"variableId":"vly358ppn8b3s0ueq6zv9ofus"}},{"id":"pt18ji9d4v07t3np9j5mhind","type":"text","content":{"richText":[{"type":"p","children":[{"text":"Muito prazer, "},{"bold":true,"text":"{{Nome do broxa}}!"}]}]},"groupId":"igrkhttspxf4ngdofra5y2ie"},{"id":"m4yula0b671ee93bhmh0oo5v","type":"Wait","groupId":"igrkhttspxf4ngdofra5y2ie","options":{"secondsToWaitFor":"2"}},{"id":"iha6q17675e37yt9g6vp3quz","type":"text","content":{"richText":[{"type":"p","children":[{"bold":true,"text":"Quantos anos"},{"text":" você tem?"}]},{"type":"p","children":[{"text":""}]},{"type":"p","children":[{"text":"Digite apenas os números."}]}]},"groupId":"igrkhttspxf4ngdofra5y2ie"},{"id":"knf6lflr5jw3gzy00zvq3stu","type":"number input","groupId":"igrkhttspxf4ngdofra5y2ie","options":{"max":110,"labels":{"button":"Enviar","placeholder":"Digite sua idade..."},"variableId":"vewl87tqnk9cketzxatr54kba"}},{"id":"se1lt8d41lgp09tgjf35edoa","type":"Wait","groupId":"igrkhttspxf4ngdofra5y2ie","options":{"secondsToWaitFor":"2"}},{"id":"w7nao297cu0l6naz7qd8t7x9","type":"text","content":{"richText":[{"type":"p","children":[{"bold":true,"text":"Quantos meses de gestação"},{"text":"?"}]},{"type":"p","children":[{"text":""}]},{"type":"p","children":[{"text":"Digite apenas os números."}]}]},"groupId":"igrkhttspxf4ngdofra5y2ie"},{"id":"tpbufgm2no4gv5iou0o2b62d","type":"number input","groupId":"igrkhttspxf4ngdofra5y2ie","options":{"max":110,"labels":{"button":"Enviar","placeholder":"Digite sua gestação"},"variableId":"vewl87tqnk9cketzxatr54kba"}},{"id":"g3pokisvwz0xb5jbqglijcg9","type":"Wait","groupId":"igrkhttspxf4ngdofra5y2ie","options":{"secondsToWaitFor":"2"}},{"id":"h7gtwmbtv02yt7ykif57mls7","type":"text","content":{"richText":[{"type":"p","children":[{"text":"Que Legal!!!"}]}]},"groupId":"igrkhttspxf4ngdofra5y2ie"},{"id":"b3fm7jskm5l02rffzo12n9c4","type":"Wait","groupId":"igrkhttspxf4ngdofra5y2ie","options":{"secondsToWaitFor":"2"}},{"id":"jgxou7v76daqp4xm3wan2fb8","type":"text","content":{"richText":[{"type":"p","children":[{"bold":true,"text":"Parabens!!!!"}]}]},"groupId":"igrkhttspxf4ngdofra5y2ie","outgoingEdgeId":"bdglw18lyhpnl62eempta5ex"}],"graphCoordinates":{"x":365.65,"y":0.26}},{"id":"rypbzjlpwvx578bb6nhdgzyq","title":"Group #5","blocks":[{"id":"xnu9xk3faow54lntb5k9z7ge","type":"text","content":{"richText":[{"type":"p","children":[{"text":"Maravilha, {{Nome do broxa}}. "}]},{"type":"p","children":[{"text":""}]},{"type":"p","children":[{"text":"Mas antes, vou lhe apresentar duas pacientes que seguiu o programa indicado para sua gestação."}]}]},"groupId":"rypbzjlpwvx578bb6nhdgzyq"},{"id":"qyq8t5vxb44wz07wd8kivs8t","type":"Wait","groupId":"rypbzjlpwvx578bb6nhdgzyq","options":{"secondsToWaitFor":"2"}},{"id":"yubqdcf7vaxdwzdxd0n59d3v","type":"audio","content":{"url":"https://s3.fr-par.scw.cloud/typebot/public/typebots/nhbldg6i9vhr311kf48iprc2/blocks/yubqdcf7vaxdwzdxd0n59d3v?v=1689108818062"},"groupId":"rypbzjlpwvx578bb6nhdgzyq"},{"id":"s6p2r7irsxpbexc8dhod99u9","type":"Wait","groupId":"rypbzjlpwvx578bb6nhdgzyq","options":{"secondsToWaitFor":"22"}},{"id":"v2tacqp80m03zc8h9nd6e4q3","type":"image","content":{"url":"https://s3.fr-par.scw.cloud/typebot/public/typebots/nhbldg6i9vhr311kf48iprc2/blocks/v2tacqp80m03zc8h9nd6e4q3?v=1689108877112"},"groupId":"rypbzjlpwvx578bb6nhdgzyq"},{"id":"xy4dg5m1es8t62eudq6nbnuh","type":"Wait","groupId":"rypbzjlpwvx578bb6nhdgzyq","options":{"secondsToWaitFor":"5"}},{"id":"mips9vxemrgp5cx8drjsz4c9","type":"audio","content":{"url":"https://s3.fr-par.scw.cloud/typebot/public/typebots/nhbldg6i9vhr311kf48iprc2/blocks/mips9vxemrgp5cx8drjsz4c9?v=1689109437912"},"groupId":"rypbzjlpwvx578bb6nhdgzyq"},{"id":"tjycslnnep4t4s4u5tzuvm2n","type":"Wait","groupId":"rypbzjlpwvx578bb6nhdgzyq","options":{"secondsToWaitFor":"37"}},{"id":"jefmyj13dngob9odqrfi2rts","type":"text","content":{"richText":[{"type":"p","children":[{"text":"A Fernanda me mandou agradecimento por "},{"bold":true,"text":"ter acompanhado ela no nascimento do Bernado"}]}]},"groupId":"rypbzjlpwvx578bb6nhdgzyq"},{"id":"ca6u9iwskcr00t0nbphfek3d","type":"Wait","groupId":"rypbzjlpwvx578bb6nhdgzyq","options":{"secondsToWaitFor":"2"}},{"id":"su8t3vx24yqun8pywex04lws","type":"image","content":{"url":"https://s3.fr-par.scw.cloud/typebot/public/typebots/nhbldg6i9vhr311kf48iprc2/blocks/su8t3vx24yqun8pywex04lws?v=1689112029124"},"groupId":"rypbzjlpwvx578bb6nhdgzyq"},{"id":"dqxq73y02e29x340altwadt9","type":"Wait","groupId":"rypbzjlpwvx578bb6nhdgzyq","options":{"secondsToWaitFor":"4"}},{"id":"xm7wm9ftrrm8vpxd90gzgqod","type":"audio","content":{"url":"https://s3.fr-par.scw.cloud/typebot/public/typebots/nhbldg6i9vhr311kf48iprc2/blocks/xm7wm9ftrrm8vpxd90gzgqod?v=1689113128954"},"groupId":"rypbzjlpwvx578bb6nhdgzyq"},{"id":"z60zuow6kzn9fyw2kkknkqpz","type":"Wait","groupId":"rypbzjlpwvx578bb6nhdgzyq","options":{"secondsToWaitFor":"46"},"outgoingEdgeId":"zxtjupxkzyf1bsepk1mv7xhk"}],"graphCoordinates":{"x":1399.32,"y":5.43}},{"id":"ox3vdwinygcw33h7hodrc1ib","title":"Group #5.2","blocks":[{"id":"w533xx2q4f7n6wte5utg2sgb","type":"text","content":{"richText":[{"type":"p","children":[{"text":"Minha maior satisfação é "},{"bold":true,"text":"devolver a dignidade"},{"text":" aos meus pacientes..."}]}]},"groupId":"ox3vdwinygcw33h7hodrc1ib"},{"id":"qc1fbpl0ibkb6w3kkla1501d","type":"Wait","groupId":"ox3vdwinygcw33h7hodrc1ib","options":{"secondsToWaitFor":"4"}},{"id":"i8icg0ndhxb0ln86adivwsj1","type":"text","content":{"richText":[{"type":"p","children":[{"text":"Mas vamos lá, chega de papo,"}]},{"type":"p","children":[{"text":"vamos continuar nossa consulta."}]}]},"groupId":"ox3vdwinygcw33h7hodrc1ib"},{"id":"v1rmkc8oe3013mz4cl9al866","type":"Wait","groupId":"ox3vdwinygcw33h7hodrc1ib","options":{"secondsToWaitFor":"3"}},{"id":"ncwx8db4fgt9vegb16fwp9ha","type":"audio","content":{"url":"https://s3.fr-par.scw.cloud/typebot/public/typebots/nhbldg6i9vhr311kf48iprc2/blocks/ncwx8db4fgt9vegb16fwp9ha?v=1689118960151"},"groupId":"ox3vdwinygcw33h7hodrc1ib"},{"id":"usff7xoh2uq3xud2dwjjq3fx","type":"Wait","groupId":"ox3vdwinygcw33h7hodrc1ib","options":{"secondsToWaitFor":"14"}},{"id":"fuur9xyim8iwxv7hyfjovcz9","type":"audio","content":{"url":"https://s3.fr-par.scw.cloud/typebot/public/typebots/nhbldg6i9vhr311kf48iprc2/blocks/fuur9xyim8iwxv7hyfjovcz9?v=1689119588995"},"groupId":"ox3vdwinygcw33h7hodrc1ib"},{"id":"rhxk0fz2vg0drqf8c8b00nyt","type":"Wait","groupId":"ox3vdwinygcw33h7hodrc1ib","options":{"secondsToWaitFor":"14"}},{"id":"y1l36rt20lb8zbcyc6ms0zdw","type":"audio","content":{"url":"https://s3.fr-par.scw.cloud/typebot/public/typebots/nhbldg6i9vhr311kf48iprc2/blocks/y1l36rt20lb8zbcyc6ms0zdw?v=1689119907304"},"groupId":"ox3vdwinygcw33h7hodrc1ib"},{"id":"zq7dtpa2pgqpj9km9t3uvtnk","type":"Wait","groupId":"ox3vdwinygcw33h7hodrc1ib","options":{"secondsToWaitFor":"10"}},{"id":"zui2hg0hbdv7l2yazhetod1m","type":"text","content":{"richText":[{"type":"p","children":[{"text":"{{Nome do broxa}}, podemos começar?"}]}]},"groupId":"ox3vdwinygcw33h7hodrc1ib"},{"id":"lq9u7tz523u1rlqlw17enu0h","type":"choice input","items":[{"id":"v1qr25azzlkph6cfdri5p2er","type":0,"blockId":"lq9u7tz523u1rlqlw17enu0h","content":"Sim! Quero começar!","outgoingEdgeId":"nw6kx1b8i6kicuwasc0ec6bs"}],"groupId":"ox3vdwinygcw33h7hodrc1ib","options":{"buttonLabel":"Send","isSearchable":false,"isMultipleChoice":false,"searchInputPlaceholder":"Filter the options..."}}],"graphCoordinates":{"x":720.89,"y":-2.95}},{"id":"a7cs12q4iln16yjmhzzjzlkq","title":"Group #6","blocks":[{"id":"bzw4fn6sncq9yalhvs9kon1t","type":"text","content":{"richText":[{"type":"p","children":[{"text":"Vamos lá..."}]}]},"groupId":"a7cs12q4iln16yjmhzzjzlkq"},{"id":"ldc0mavx5qkx6e9tli68kksk","type":"Wait","groupId":"a7cs12q4iln16yjmhzzjzlkq","options":{"secondsToWaitFor":"2"}},{"id":"euzvpfuty4zj86y3mab1hwho","type":"text","content":{"richText":[{"type":"p","children":[{"text":"O seu diagnóstico depende disso!"}]}]},"groupId":"a7cs12q4iln16yjmhzzjzlkq"},{"id":"lz48e7470g78fg3w2au1k2j9","type":"text","content":{"richText":[{"type":"p","children":[{"text":"Qual é a sua data de última "},{"bold":true,"text":"menstruação"},{"text":"?"}]}]},"groupId":"a7cs12q4iln16yjmhzzjzlkq"},{"id":"ddtcbjkbtfaradjlqq9sr20o","type":"Wait","groupId":"a7cs12q4iln16yjmhzzjzlkq","options":{"secondsToWaitFor":"3"}},{"id":"qyp06nzxyq4xubjbfikzvu6l","type":"date input","groupId":"a7cs12q4iln16yjmhzzjzlkq","options":{"labels":{"to":"To:","from":"From:","button":"Send"},"hasTime":false,"isRange":false}},{"id":"isc729mq27d6gul1ntcia0qk","type":"Wait","groupId":"a7cs12q4iln16yjmhzzjzlkq","options":{"secondsToWaitFor":"5"}},{"id":"pckx2o3ndfr82xpd1mdvoza2","type":"text","content":{"richText":[{"type":"p","children":[{"text":"Você teve algum sangramento vaginal durante a gravidez?"}]}]},"groupId":"a7cs12q4iln16yjmhzzjzlkq"},{"id":"jp53wagfkl7ca1taicf769uq","type":"Wait","groupId":"a7cs12q4iln16yjmhzzjzlkq","options":{"secondsToWaitFor":"2"}},{"id":"bygq2cwcisacco83mbvz0zxd","type":"choice input","items":[{"id":"ezp65kfkidge7c689hnqqxh4","type":0,"blockId":"bygq2cwcisacco83mbvz0zxd","content":"SIM","outgoingEdgeId":"wwx50q9h18km99xvkn56pepn"},{"id":"injmy1fk7qptruom4bahpeju","type":0,"blockId":"bygq2cwcisacco83mbvz0zxd","content":"NÃO","outgoingEdgeId":"qf63327za6b5hzvze1qibdw0"}],"groupId":"a7cs12q4iln16yjmhzzjzlkq","options":{"buttonLabel":"Send","isSearchable":false,"isMultipleChoice":false,"searchInputPlaceholder":"Filter the options..."}},{"id":"hob82lbu9iql7dfmb1hkwrjx","type":"Wait","groupId":"a7cs12q4iln16yjmhzzjzlkq","options":{"secondsToWaitFor":"2"}},{"id":"sq6yki5vgv1gzohxd0ibg2o2","type":"text","content":{"richText":[{"type":"p","children":[{"text":"Ok..."}]}]},"groupId":"a7cs12q4iln16yjmhzzjzlkq"},{"id":"at58zhw3psls3810c6lwo2b5","type":"Wait","groupId":"a7cs12q4iln16yjmhzzjzlkq","options":{"secondsToWaitFor":"2"}},{"id":"ev1g6akc33ndn88pv9222917","type":"text","content":{"richText":[{"type":"p","children":[{"text":"Você já teve alguma complicação em gestações anteriores?"}]}]},"groupId":"a7cs12q4iln16yjmhzzjzlkq"},{"id":"isapwmfhxyra2pw6ys3uwdjo","type":"Wait","groupId":"a7cs12q4iln16yjmhzzjzlkq","options":{"secondsToWaitFor":"1"}},{"id":"iamwshatxq45cq29y07mbfgj","type":"choice input","items":[{"id":"hsa0joxd1oyxtulsurblxm94","type":0,"blockId":"iamwshatxq45cq29y07mbfgj","content":"SIM","outgoingEdgeId":"h9ngzqfoo1mdmjh7rq9j6cmt"},{"id":"mj713pzpm0inwmhrtva20avs","type":0,"blockId":"iamwshatxq45cq29y07mbfgj","content":"NÃO","outgoingEdgeId":"xgs927d2fhd59kzs4nx44zg5"}],"groupId":"a7cs12q4iln16yjmhzzjzlkq","options":{"buttonLabel":"Send","isSearchable":false,"isMultipleChoice":false,"searchInputPlaceholder":"Filter the options..."}},{"id":"tj5wl5vez7quy8xvkx7nhoo0","type":"Wait","groupId":"a7cs12q4iln16yjmhzzjzlkq","options":{"secondsToWaitFor":"2"}},{"id":"uy6wfrvepukqyjmn25b095x5","type":"text input","groupId":"a7cs12q4iln16yjmhzzjzlkq","options":{"isLong":false,"labels":{"button":"Send","placeholder":"Type your answer..."}}},{"id":"isvba5oucjjow128vy45b61w","type":"Wait","groupId":"a7cs12q4iln16yjmhzzjzlkq","options":{"secondsToWaitFor":"20"}},{"id":"nq3ct59utyxrp48ogof1s8g2","type":"text","content":{"richText":[{"type":"p","children":[{"text":"Isso é bem preocupante, {{Nome do broxa}}..."}]}]},"groupId":"a7cs12q4iln16yjmhzzjzlkq"},{"id":"ef33nqro96j3weq2kccz5679","type":"Wait","groupId":"a7cs12q4iln16yjmhzzjzlkq","options":{"secondsToWaitFor":"3"}},{"id":"tyalqsm4ws5mq0dth5jwua0r","type":"text","content":{"richText":[{"type":"p","children":[{"text":"Você fuma, bebe álcool ou consome drogas?"}]}]},"groupId":"a7cs12q4iln16yjmhzzjzlkq"},{"id":"jyoehsrnodqjk33xfjxqbwk4","type":"Wait","groupId":"a7cs12q4iln16yjmhzzjzlkq","options":{"secondsToWaitFor":"1"}},{"id":"me80p7opnzcke8flfw6sniwv","type":"choice input","items":[{"id":"j1ee922d2srlo1pk1ur0so4v","type":0,"blockId":"me80p7opnzcke8flfw6sniwv","content":"SIM","outgoingEdgeId":"jaoe8palffi9kjmuruap0amj"},{"id":"is2i7h0mx002sxr567tiz6qk","type":0,"blockId":"me80p7opnzcke8flfw6sniwv","content":"NÃO","outgoingEdgeId":"k5lw09b16ppl5mvfb2f1cdmc"}],"groupId":"a7cs12q4iln16yjmhzzjzlkq","options":{"buttonLabel":"Send","isSearchable":false,"isMultipleChoice":false,"searchInputPlaceholder":"Filter the options..."}},{"id":"z7gp08nluqgxmkczbc9opdgl","type":"Wait","groupId":"a7cs12q4iln16yjmhzzjzlkq","options":{"secondsToWaitFor":"2"}},{"id":"vnx3dm27p0ryt2kfbq6rngms","type":"text","content":{"richText":[{"type":"p","children":[{"text":"Você tem sentido movimentos fetais?"}]}]},"groupId":"a7cs12q4iln16yjmhzzjzlkq"},{"id":"cpovaakcl3uw0x7ep2c9sjfy","type":"Wait","groupId":"a7cs12q4iln16yjmhzzjzlkq","options":{"secondsToWaitFor":"2"}},{"id":"uw7yobp3b5brkg9prlvpxdbz","type":"choice input","items":[{"id":"anhl3lryjbr7e0yy7oevcvzd","type":0,"blockId":"uw7yobp3b5brkg9prlvpxdbz","content":"SIM"},{"id":"qvbee3to2e1npjbjvmh42sfu","type":0,"blockId":"uw7yobp3b5brkg9prlvpxdbz","content":"NÃO"}],"groupId":"a7cs12q4iln16yjmhzzjzlkq","options":{"buttonLabel":"Send","isSearchable":false,"isMultipleChoice":false,"searchInputPlaceholder":"Filter the options..."}},{"id":"c0jr4rw13s3xejsij8sgtz0p","type":"Wait","groupId":"a7cs12q4iln16yjmhzzjzlkq","options":{"secondsToWaitFor":"5"}},{"id":"nw0d4w9zmq2cnn6kkz7walbw","type":"text","content":{"richText":[{"type":"p","children":[{"text":"Você tem sentido contrações, dor ou desconforto?"}]}]},"groupId":"a7cs12q4iln16yjmhzzjzlkq"},{"id":"on7wg92cmh0zos7naqyv7jtc","type":"Wait","groupId":"a7cs12q4iln16yjmhzzjzlkq","options":{"secondsToWaitFor":"2"}},{"id":"owqkqxibpbch2g0ef4ibqs7z","type":"choice input","items":[{"id":"qbeft88m5omlho4oadgph8xw","type":0,"blockId":"owqkqxibpbch2g0ef4ibqs7z","content":"SIM"},{"id":"pts5cfwtfcux74p1mvh8xjdp","type":0,"blockId":"owqkqxibpbch2g0ef4ibqs7z","content":"NÃO"}],"groupId":"a7cs12q4iln16yjmhzzjzlkq","options":{"buttonLabel":"Send","isSearchable":false,"isMultipleChoice":false,"searchInputPlaceholder":"Filter the options..."}},{"id":"lgl53x8ln4sxk7bplrwlacja","type":"Wait","groupId":"a7cs12q4iln16yjmhzzjzlkq","options":{"secondsToWaitFor":"3"}},{"id":"bhdanexu2luzx55pr6nyp6wm","type":"text","content":{"richText":[{"type":"p","children":[{"text":"Obrigado pelas respostas!"}]}]},"groupId":"a7cs12q4iln16yjmhzzjzlkq"},{"id":"pxffrnvguslm1a20k280z94d","type":"Wait","groupId":"a7cs12q4iln16yjmhzzjzlkq","options":{"secondsToWaitFor":"4"}},{"id":"w6ddrjbgevoedtksj5dfxmwi","type":"text","content":{"richText":[{"type":"p","children":[{"text":"{{Nome do broxa}},Realmente você precisa de um programa para sua gestação!"}]}]},"groupId":"a7cs12q4iln16yjmhzzjzlkq"},{"id":"iq9lr3m0p5xsxlal3oxiaz2m","type":"Wait","groupId":"a7cs12q4iln16yjmhzzjzlkq","options":{"secondsToWaitFor":"3"}},{"id":"i8f30hxiarjpjcex5oua080r","type":"text","content":{"richText":[{"type":"p","children":[{"text":"Aguarde alguns segundos,"}]},{"type":"p","children":[{"bold":true,"text":"estou"},{"text":" "},{"bold":true,"text":"preparando"},{"text":" "},{"bold":true,"text":"seu programa ..."}]}]},"groupId":"a7cs12q4iln16yjmhzzjzlkq"},{"id":"a3ag6ajf2x1klj7wsdsskf2y","type":"Wait","groupId":"a7cs12q4iln16yjmhzzjzlkq","options":{"secondsToWaitFor":"8"}},{"id":"kpqgks9l744nv2aplqpwlxrw","type":"text","content":{"richText":[{"type":"p","children":[{"text":"Só mais um instante"}]}]},"groupId":"a7cs12q4iln16yjmhzzjzlkq"},{"id":"gbmzt3jvw2e9p9gi4osluhkl","type":"Wait","groupId":"a7cs12q4iln16yjmhzzjzlkq","options":{"secondsToWaitFor":"5"}},{"id":"gepil807otxwiqsmvpdmw3ik","type":"text","content":{"richText":[{"type":"p","children":[{"bold":true,"text":"Seu PROGRAMA está pronto!","underline":true}]},{"type":"p","children":[{"text":""}]},{"type":"p","children":[{"text":"Ele foi montado baseado "}]},{"type":"p","children":[{"text":"nas "},{"bold":true,"text":"suas"},{"text":" "},{"bold":true,"text":"respostas"},{"text":"."}]}]},"groupId":"a7cs12q4iln16yjmhzzjzlkq"},{"id":"cl64oqk3dkax00p7rea18fda","type":"Wait","groupId":"a7cs12q4iln16yjmhzzjzlkq","options":{"secondsToWaitFor":"3"}},{"id":"g4du0vatbhqgvwk15hnk0nx8","type":"text","content":{"richText":[{"type":"p","children":[{"text":"✅ Plano de Parto"}]},{"type":"p","children":[{"text":"✅ Nutrição na Grávidez"}]},{"type":"p","children":[{"text":"✅ Aumento da Imunidade"}]},{"type":"p","children":[{"text":"✅ Tecnica"},{"bold":true,"text":" LAMAZE"}]},{"type":"p","children":[{"text":"✅ Métodos de alívio da dor"}]},{"type":"p","children":[{"text":"✅ Preparação do Parceiro"}]},{"type":"p","children":[{"text":"✅ Intervenções médicas"}]},{"type":"p","children":[{"text":"✅ Analgesia e Episiotomia"}]},{"type":"p","children":[{"text":"✅ Tudo Sobre "},{"bold":true,"text":"Doulas"}]}]},"groupId":"a7cs12q4iln16yjmhzzjzlkq"},{"id":"znzykt04urazbmpyqy3tb90q","type":"Wait","groupId":"a7cs12q4iln16yjmhzzjzlkq","options":{"secondsToWaitFor":"5"}},{"id":"ff8vdh2h3smb52kpcodhvd0w","type":"text","content":{"richText":[{"type":"p","children":[{"text":"{{Nome do broxa}}, posso te enviar?"}]}]},"groupId":"a7cs12q4iln16yjmhzzjzlkq"},{"id":"z6oq3vpjmg25qc7piz7trftw","type":"choice input","items":[{"id":"zn75rzsi1d0upk8b3j7oy9gn","type":0,"blockId":"z6oq3vpjmg25qc7piz7trftw","content":"Pode, quero ver!","outgoingEdgeId":"prxs3gtjde5e8qygh6fqpsjj"}],"groupId":"a7cs12q4iln16yjmhzzjzlkq","options":{"buttonLabel":"Send","isSearchable":false,"isMultipleChoice":false,"searchInputPlaceholder":"Filter the options..."}},{"id":"xxs7nm43zqhhh5rspdqmw03p","type":"Wait","groupId":"a7cs12q4iln16yjmhzzjzlkq","options":{"secondsToWaitFor":"2"},"outgoingEdgeId":"glfwdqq4dsnnpp9wp3izjv2u"}],"graphCoordinates":{"x":1067.43,"y":1.95}},{"id":"gkhkjw0broc5vjax2ns17y2d","title":"Group #7","blocks":[{"id":"hn7br0zsgg8w7n5oz8035af2","type":"text","content":{"richText":[{"type":"p","children":[{"text":"Antes quero te dizer que tenho uma oportunidade única para você!"}]},{"type":"p","children":[{"text":""}]},{"type":"p","children":[{"text":"Ela é realmente "},{"bold":true,"text":"EXCLUSIVA","underline":true},{"text":"!"}]}]},"groupId":"gkhkjw0broc5vjax2ns17y2d"},{"id":"f7na82287p967rwjqeo31tof","type":"Wait","groupId":"gkhkjw0broc5vjax2ns17y2d","options":{"secondsToWaitFor":"4"}},{"id":"c5kiit2tafgnb9mr3vbddd21","type":"audio","content":{"url":"https://s3.fr-par.scw.cloud/typebot/public/typebots/nhbldg6i9vhr311kf48iprc2/blocks/c5kiit2tafgnb9mr3vbddd21?v=1689194499541"},"groupId":"gkhkjw0broc5vjax2ns17y2d"},{"id":"f6ek9mztg2aru70dr60x5dm0","type":"Wait","groupId":"gkhkjw0broc5vjax2ns17y2d","options":{"secondsToWaitFor":"17"}},{"id":"c1igtmhnui4ec6y6kwpi1b9l","type":"text","content":{"richText":[{"type":"p","children":[{"text":"Acabei de ver aqui, Só temos 3 vagas para montagem do plano de Ação."}]}]},"groupId":"gkhkjw0broc5vjax2ns17y2d"},{"id":"nkbzvrv84dubufwh1bfqiaj5","type":"Wait","groupId":"gkhkjw0broc5vjax2ns17y2d","options":{"secondsToWaitFor":"3"}},{"id":"d4daayl2a6ezf1gf5rj7hzz5","type":"choice input","items":[{"id":"hynpwn6v9h97kh2nd1fewfxb","type":0,"blockId":"d4daayl2a6ezf1gf5rj7hzz5","content":"SIM, EU QUERO O PROGRAMA GRATUITO!"},{"id":"jg4mj11rnuhowkslrygzr0pu","type":0,"blockId":"d4daayl2a6ezf1gf5rj7hzz5","content":"QUERO PAGAR PELO PROGRAMA","outgoingEdgeId":"ghomwx7aert24dch3ux00mq4"}],"groupId":"gkhkjw0broc5vjax2ns17y2d","options":{"buttonLabel":"Send","isSearchable":false,"isMultipleChoice":false,"searchInputPlaceholder":"Filter the options..."}},{"id":"nu84xxuuwsvyu2ss5ekh2x10","type":"audio","content":{"url":"https://s3.fr-par.scw.cloud/typebot/public/typebots/nhbldg6i9vhr311kf48iprc2/blocks/nu84xxuuwsvyu2ss5ekh2x10?v=1689195302478"},"groupId":"gkhkjw0broc5vjax2ns17y2d"},{"id":"e2ngxn83bvp4kta1132rmu6h","type":"Wait","groupId":"gkhkjw0broc5vjax2ns17y2d","options":{"secondsToWaitFor":"23"}},{"id":"tnyobiwbyuj00kilaezg4hrc","type":"audio","content":{"url":"https://s3.fr-par.scw.cloud/typebot/public/typebots/nhbldg6i9vhr311kf48iprc2/blocks/tnyobiwbyuj00kilaezg4hrc?v=1689195792597"},"groupId":"gkhkjw0broc5vjax2ns17y2d"},{"id":"vfdwro3y36ud1v0b1pm6vsbw","type":"Wait","groupId":"gkhkjw0broc5vjax2ns17y2d","options":{"secondsToWaitFor":"22"}},{"id":"e02opr6hom60hsnyf8wbt1tt","type":"audio","content":{"url":"https://s3.fr-par.scw.cloud/typebot/public/typebots/nhbldg6i9vhr311kf48iprc2/blocks/e02opr6hom60hsnyf8wbt1tt?v=1689197230903"},"groupId":"gkhkjw0broc5vjax2ns17y2d"},{"id":"o9hvf98gn535axoojnihkmtu","type":"Wait","groupId":"gkhkjw0broc5vjax2ns17y2d","options":{"secondsToWaitFor":"36"}},{"id":"llh7oucjh3sc6wipfzkd4cmd","type":"text","content":{"richText":[{"type":"p","children":[{"text":"Então, {{Nome do broxa}}."}]},{"type":"p","children":[{"text":""}]},{"type":"p","children":[{"text":"Para garantir seu "},{"bold":true,"text":"Programa"},{"text":" "},{"bold":true,"text":"Gratuito"},{"text":"..."}]}]},"groupId":"gkhkjw0broc5vjax2ns17y2d"},{"id":"uvmvww3127jxmtamefkupzdo","type":"Wait","groupId":"gkhkjw0broc5vjax2ns17y2d","options":{"secondsToWaitFor":"5"}},{"id":"u1ntc4hxirtcesclsukd6263","type":"text","content":{"richText":[{"type":"p","children":[{"text":"Basta você "},{"bold":true,"text":"preencher"},{"text":" "},{"bold":true,"text":"seus"},{"text":" "},{"bold":true,"text":"dados"},{"text":" e efetuar o pagamento da "},{"bold":true,"text":"Taxa"},{"text":" "},{"bold":true,"text":"do Programa"},{"text":" "},{"bold":true,"text":"digital"},{"text":"."}]}]},"groupId":"gkhkjw0broc5vjax2ns17y2d"},{"id":"jznm1d2bbh1cysceow2ipiwl","type":"Wait","groupId":"gkhkjw0broc5vjax2ns17y2d","options":{"secondsToWaitFor":"5"}},{"id":"tphq6lh0agli5n8bohgovx5h","type":"text","content":{"richText":[{"type":"p","children":[{"text":"Estou te "},{"bold":true,"text":"enviando a página"},{"text":" para preencher seus dados!"}]}]},"groupId":"gkhkjw0broc5vjax2ns17y2d"},{"id":"wqk9mbcx5y75c1a5fpkefr6n","type":"choice input","items":[{"id":"rxfspcvetrxh3qh4ccpjiif9","type":0,"blockId":"wqk9mbcx5y75c1a5fpkefr6n","content":"QUERO ACESSAR MEU PROGRAMA  DIGITAL!"}],"groupId":"gkhkjw0broc5vjax2ns17y2d","options":{"buttonLabel":"Send","isSearchable":false,"isMultipleChoice":false,"searchInputPlaceholder":"Filter the options..."}},{"id":"t09isecagctgjnq5bnot6thu","type":"Redirect","groupId":"gkhkjw0broc5vjax2ns17y2d","options":{"url":"https://pay.kiwify.com.br/aEdZjvE","isNewTab":false}}],"graphCoordinates":{"x":1768.42,"y":1.09}}],"variables":[{"id":"vly358ppn8b3s0ueq6zv9ofus","name":"Nome do broxa"},{"id":"vewl87tqnk9cketzxatr54kba","name":"Idade do broxa"}],"edges":[{"id":"ja5qz23m9yy67wdzmhj1t6il","to":{"groupId":"igrkhttspxf4ngdofra5y2ie"},"from":{"blockId":"t3bggdjqihzjvuhbio6hyedo","groupId":"tvg5buoi0snifl5gaml0gw99"}},{"id":"wwx50q9h18km99xvkn56pepn","to":{"blockId":"hob82lbu9iql7dfmb1hkwrjx","groupId":"a7cs12q4iln16yjmhzzjzlkq"},"from":{"itemId":"ezp65kfkidge7c689hnqqxh4","blockId":"bygq2cwcisacco83mbvz0zxd","groupId":"a7cs12q4iln16yjmhzzjzlkq"}},{"id":"qf63327za6b5hzvze1qibdw0","to":{"blockId":"hob82lbu9iql7dfmb1hkwrjx","groupId":"a7cs12q4iln16yjmhzzjzlkq"},"from":{"itemId":"injmy1fk7qptruom4bahpeju","blockId":"bygq2cwcisacco83mbvz0zxd","groupId":"a7cs12q4iln16yjmhzzjzlkq"}},{"id":"jaoe8palffi9kjmuruap0amj","to":{"blockId":"z7gp08nluqgxmkczbc9opdgl","groupId":"a7cs12q4iln16yjmhzzjzlkq"},"from":{"itemId":"j1ee922d2srlo1pk1ur0so4v","blockId":"me80p7opnzcke8flfw6sniwv","groupId":"a7cs12q4iln16yjmhzzjzlkq"}},{"id":"k5lw09b16ppl5mvfb2f1cdmc","to":{"blockId":"z7gp08nluqgxmkczbc9opdgl","groupId":"a7cs12q4iln16yjmhzzjzlkq"},"from":{"itemId":"is2i7h0mx002sxr567tiz6qk","blockId":"me80p7opnzcke8flfw6sniwv","groupId":"a7cs12q4iln16yjmhzzjzlkq"}},{"id":"prxs3gtjde5e8qygh6fqpsjj","to":{"blockId":"xxs7nm43zqhhh5rspdqmw03p","groupId":"a7cs12q4iln16yjmhzzjzlkq"},"from":{"itemId":"zn75rzsi1d0upk8b3j7oy9gn","blockId":"z6oq3vpjmg25qc7piz7trftw","groupId":"a7cs12q4iln16yjmhzzjzlkq"}},{"id":"h9ngzqfoo1mdmjh7rq9j6cmt","to":{"blockId":"nq3ct59utyxrp48ogof1s8g2","groupId":"a7cs12q4iln16yjmhzzjzlkq"},"from":{"itemId":"hsa0joxd1oyxtulsurblxm94","blockId":"iamwshatxq45cq29y07mbfgj","groupId":"a7cs12q4iln16yjmhzzjzlkq"}},{"id":"xgs927d2fhd59kzs4nx44zg5","to":{"blockId":"tyalqsm4ws5mq0dth5jwua0r","groupId":"a7cs12q4iln16yjmhzzjzlkq"},"from":{"itemId":"mj713pzpm0inwmhrtva20avs","blockId":"iamwshatxq45cq29y07mbfgj","groupId":"a7cs12q4iln16yjmhzzjzlkq"}},{"id":"bdglw18lyhpnl62eempta5ex","to":{"groupId":"ox3vdwinygcw33h7hodrc1ib"},"from":{"blockId":"jgxou7v76daqp4xm3wan2fb8","groupId":"igrkhttspxf4ngdofra5y2ie"}},{"id":"nw6kx1b8i6kicuwasc0ec6bs","to":{"groupId":"a7cs12q4iln16yjmhzzjzlkq"},"from":{"itemId":"v1qr25azzlkph6cfdri5p2er","blockId":"lq9u7tz523u1rlqlw17enu0h","groupId":"ox3vdwinygcw33h7hodrc1ib"}},{"id":"glfwdqq4dsnnpp9wp3izjv2u","to":{"groupId":"rypbzjlpwvx578bb6nhdgzyq"},"from":{"blockId":"xxs7nm43zqhhh5rspdqmw03p","groupId":"a7cs12q4iln16yjmhzzjzlkq"}},{"id":"zxtjupxkzyf1bsepk1mv7xhk","to":{"groupId":"gkhkjw0broc5vjax2ns17y2d"},"from":{"blockId":"z60zuow6kzn9fyw2kkknkqpz","groupId":"rypbzjlpwvx578bb6nhdgzyq"}},{"id":"ghomwx7aert24dch3ux00mq4","to":{"blockId":"t09isecagctgjnq5bnot6thu","groupId":"gkhkjw0broc5vjax2ns17y2d"},"from":{"itemId":"jg4mj11rnuhowkslrygzr0pu","blockId":"d4daayl2a6ezf1gf5rj7hzz5","groupId":"gkhkjw0broc5vjax2ns17y2d"}}],"theme":{"chat":{"inputs":{"color":"#303235","backgroundColor":"#FFFFFF","placeholderColor":"#9095A0"},"buttons":{"color":"#FFFFFF","backgroundColor":"#035d54"},"roundness":"large","hostAvatar":{"url":"https://s3.fr-par.scw.cloud/typebot/public/typebots/nhbldg6i9vhr311kf48iprc2/hostAvatar?v=1689031742974","isEnabled":true},"hostBubbles":{"color":"#303235","backgroundColor":"#FFFFFF"},"guestBubbles":{"color":"#303235","backgroundColor":"#e1ffc7"}},"general":{"font":"Open Sans","background":{"type":"Image","content":"https://s3.fr-par.scw.cloud/typebot/public/typebots/nhbldg6i9vhr311kf48iprc2/background?v=1689203007464"}},"customCss":".typebot-chat-view > .flex:first-child {\n    padding-top: 30px;\n}\n\n.typebot-input {\n    position: fixed;\n    bottom: 0;\n    align-items: center;\n    z-index: 999;\n    right: 0;\n}\n\n.typebot-input .typebot-button {\n    background: #008a7c;\n    border-radius: 50%;\n    color: #fff;\n    position: relative;\n    width: 50px;\n    height: 50px;\n    display: flex;\n    align-items: center;\n    justify-content: center;\n}\n\n.typebot-container {\n    background-size: initial!important;\n    background-repeat: repeat-x!important;\n}\n\n.typebot-host-bubble>.bubble-typing {\n  border-radius: 0 5px 5px 5px;\n}\n\n.typebot-host-bubble>.bubble-typing:after {\n    position: absolute;\n    content: \"\";\n    width: 0;\n    height: 0;\n    border-style: solid;\n    border-width: 0px 10px 10px 0;\n    border-color: transparent #fff transparent transparent;\n    top: 0;\n    left: -10px;\n}\n\n.typebot-guest-bubble {\n  position: relative;\n  border-radius: 5px 0 5px 5px;\n}\n\n.typebot-guest-bubble:after {\n  position: absolute;\n  content: \"\";\n  width: 0;\n  height: 0;\n  border-style: solid;\n}\n\n.typebot-guest-bubble:after {\n    border-width: 0px 0 10px 10px;\n    border-color: transparent transparent transparent #e1ffc7;\n    top: 0;\n    right: -10px;\n    border-style: solid;\n}\n\niframe[src=\"\"] {\n  position: fixed;\n  top: 0;\n  left: 0;\n  display: relative;\n  width: 100%;\n  height: 100% !important;\n  z-index: 999999;\n  border: none;\n  padding: 0;\n  margin: 0;\n}\n\na#lite-badge {\n  display: none!important;\n}"},"settings":{"general":{"rememberUser":{"isEnabled":false},"isBrandingEnabled":true,"isInputPrefillEnabled":false,"isHideQueryParamsEnabled":false},"metadata":{"imageUrl":"https://images.unsplash.com/photo-1611077544170-be90a2f68add?crop=entropy&cs=tinysrgb&fit=max&fm=jpg&ixid=M3w0MjU2MDR8MHwxfHNlYXJjaHwyN3x8d2VpZ2h0JTIwbG9zc3xlbnwwfDB8fHwxNjg2MjAzMzA4fDA&ixlib=rb-4.0.3&q=80&w=1080","favIconUrl":"https://s3.fr-par.scw.cloud/typebot/public/typebots/nhbldg6i9vhr311kf48iprc2/favIcon?v=1689031777935","description":"Faça agora sua consulta com Dra. Barbara Guerra no WhatsApp.","customHeadCode":"<!-- Facebook Pixel Code -->\n<script>\n   !function(f,b,e,v,n,t,s)\n  {if(f.fbq)return;n=f.fbq=function(){n.callMethod?\n    n.callMethod.apply(n,arguments):n.queue.push(arguments)};\n    if(!f._fbq)f._fbq=n;n.push=n;n.loaded=!0;n.version='2.0';\n    n.queue=[];t=b.createElement(e);t.async=!0;\n    t.src=v;s=b.getElementsByTagName(e)[0];\n    s.parentNode.insertBefore(t,s)}(window, document,'script',\n    'https://connect.facebook.net/en_US/fbevents.js');\n    fbq('init', '309623311594499');\n    fbq('track', 'PageView');\n    fbq('track', 'ViewContent');\n \n</script>\n<!-- 309623311594499 -->\n<link rel=\"stylesheet\" href=\"https://cdnjs.cloudflare.com/ajax/libs/material-design-iconic-font/2.2.0/css/material-design-iconic-font.min.css\">\n<style>\n  .hide {\n    display: none!important;\n  }\n  typebot-standard {\n    position: relative;\n    z-index: 9999;\n  }\n  #__next {\n    position: relative;\n    z-index: 9999;\n}\n  /* User Bar */\n.user-bar {\n  width: 100%;\n  height: 55px;\n  background: #005e54;\n  color: #fff;\n  padding: 0;\n  font-size: 24px;\n  position: fixed;\n  z-index: 99999;\n  display: block;\n  top: 0;\n}\n\n.user-bar:after {\n  content: \"\";\n  display: table;\n  clear: both;\n}\n\n.user-bar div {\n    float: left;\n    transform: translateY(-50%);\n    position: relative;\n    top: 50%;\n    margin-left: 10px;\n}\n\n.user-bar .actions {\n  float: right;\n  margin: 0 0 0 20px;\n}\n\n.user-bar .actions.more {\n  margin: 0 12px 0 32px;\n}\n\n.user-bar .actions.attachment {\n  margin: 0 0 0 30px;\n}\n\n.user-bar .actions.attachment i {\n  display: block;\n  transform: rotate(-45deg);\n}\n\n.user-bar .avatar {\n  margin: 0 0 0 5px;\n  width: 36px;\n  height: 36px;\n}\n\n.user-bar .avatar img {\n  border-radius: 50%;\n  box-shadow: 0 1px 0 rgba(255, 255, 255, 0.1);\n  display: block;\n  width: 100%;\n}\n\n.user-bar .name {\n  font-size: 17px;\n  font-weight: 600;\n  text-overflow: ellipsis;\n  letter-spacing: 0.3px;\n  margin: 0 0 0 8px;\n  overflow: hidden;\n  white-space: nowrap;\n  width: 150px;\n}\n\n.user-bar .status {\n  display: block;\n  font-size: 13px;\n  font-weight: 400;\n  letter-spacing: 0;\n}\n</style>\n\n<script>\nfunction criarBarra() {\n  var userBar = document.createElement(\"div\");\n  userBar.className = \"user-bar\";\n\n  var backButton = document.createElement(\"div\");\n  backButton.className = \"back\";\n  backButton.innerHTML = '<i class=\"zmdi zmdi-arrow-left\"></i>';\n\n  var avatar = document.createElement(\"div\");\n  avatar.className = \"avatar\";\n  avatar.innerHTML = '<img src=\"https://i.postimg.cc/SRnKXmrb/host-Avatar-1.png\" alt=\"Dr Carlos\">';\n\n  var name = document.createElement(\"div\");\n  name.className = \"name\";\n  name.innerHTML = '<span>DRA BARBARA GUERRA</span><span class=\"status\">online</span>';\n\n  var moreActions = document.createElement(\"div\");\n  moreActions.className = \"actions more\";\n  moreActions.innerHTML = '<i class=\"zmdi zmdi-more-vert\"></i>';\n\n  var attachmentAction = document.createElement(\"div\");\n  attachmentAction.className = \"actions attachment\";\n  attachmentAction.innerHTML = '<i class=\"zmdi zmdi-attachment-alt\"></i>';\n\n  var phoneAction = document.createElement(\"div\");\n  phoneAction.className = \"actions\";\n  phoneAction.innerHTML = '<i class=\"zmdi zmdi-phone\"></i>';\n\n  userBar.appendChild(backButton);\n  userBar.appendChild(avatar);\n  userBar.appendChild(name);\n  userBar.appendChild(moreActions);\n  userBar.appendChild(attachmentAction);\n  userBar.appendChild(phoneAction);\n\n  var elementoPai = document.querySelector(\"#__next\");\n  if (elementoPai) {\n    elementoPai.insertBefore(userBar, elementoPai.firstChild);\n  }\n}\n\ncriarBarra();\n</script>\n"},"typingEmulation":{"speed":300,"enabled":true,"maxDelay":2}}}