{"id":"clkrcpamr006cl30ff2caqams","version":"3","groups":[{"id":"mep22fjsdpccidjci2w9wxb4","title":"Start","blocks":[{"id":"kuoqoky28uph7p3v9cpylzcy","type":"start","label":"Start","groupId":"mep22fjsdpccidjci2w9wxb4","outgoingEdgeId":"ka5z5ecdpg0oeq3claenu4hf"}],"graphCoordinates":{"x":-379.39,"y":22.1}},{"id":"mfyqi184ljjus1zbnvh77otz","title":"Group #1","blocks":[{"id":"w3qc749xclw7xq5z7o5cknq0","type":"text","content":{"richText":[{"type":"p","children":[{"bold":true,"text":"Bem-vindo "},{"text":"ao nosso consultório virtual."}]}]},"groupId":"mfyqi184ljjus1zbnvh77otz"},{"id":"crm8opdp52oobyqw6a7gdx6g","type":"Wait","groupId":"mfyqi184ljjus1zbnvh77otz","options":{"secondsToWaitFor":"2"}},{"id":"o64n1bgevnak4kpf23a0r0hh","type":"text","content":{"richText":[{"type":"p","children":[{"text":"Essa é uma "},{"bold":true,"text":"avaliação GRATUITA!"}]}]},"groupId":"mfyqi184ljjus1zbnvh77otz"},{"id":"xjhv2joxnbz2fjzus9b56hce","type":"Wait","groupId":"mfyqi184ljjus1zbnvh77otz","options":{"secondsToWaitFor":"2"}},{"id":"j683wxb3dyk9r0r0r9vfqjls","type":"text","content":{"richText":[{"type":"p","children":[{"text":"Podemos começar?"}]}]},"groupId":"mfyqi184ljjus1zbnvh77otz"},{"id":"i2ynt4si5ypk61ychttd7unj","type":"choice input","items":[{"id":"h8czy7ocnhk04e9vgcwucm98","type":0,"blockId":"i2ynt4si5ypk61ychttd7unj","content":"Sim, estou pronto!","outgoingEdgeId":"a6913zcrp78yuvn98hijf7sz"}],"groupId":"mfyqi184ljjus1zbnvh77otz","options":{"buttonLabel":"Send","isSearchable":false,"isMultipleChoice":false,"searchInputPlaceholder":"Filter the options..."}},{"id":"pm6uk8d1e9vmwmwigzsghl5v","type":"Wait","groupId":"mfyqi184ljjus1zbnvh77otz","options":{"secondsToWaitFor":"2"}},{"id":"tglackoqxvzi0rfkvpb6ube7","type":"text","content":{"richText":[{"type":"p","children":[{"text":"Me diga, qual é sua "},{"bold":true,"text":"idade"},{"text":"?"}]},{"type":"p","children":[{"text":""}]},{"type":"p","children":[{"text":"Obs.: Clique em uma das imagens que irá aparecer abaixo 👇🏼","italic":true}]}]},"groupId":"mfyqi184ljjus1zbnvh77otz","outgoingEdgeId":"l6pkpwmm943k0c2htic9dvfp"}],"graphCoordinates":{"x":-9.97,"y":20.82}},{"id":"w1zc5d2uldxbhojvxi7ndtel","title":"Group #2.0","blocks":[{"id":"q1ze3f1zqlxghebs5yj10tho","type":"Wait","groupId":"w1zc5d2uldxbhojvxi7ndtel","options":{"secondsToWaitFor":"2"}},{"id":"qp7qovbrthbkkcqb37e243xb","type":"text","content":{"richText":[{"type":"p","children":[{"text":"Certo, você tem entre 18-34! "}]}]},"groupId":"w1zc5d2uldxbhojvxi7ndtel","outgoingEdgeId":"d7leqf9zvq3qs283jh6r1ln4"}],"graphCoordinates":{"x":701.22,"y":9.12}},{"id":"dubrjsdepp78lszrfdj3tc88","title":"Group #2.1","blocks":[{"id":"iw2fwodebo4rlpghppzeks9j","type":"Wait","groupId":"dubrjsdepp78lszrfdj3tc88","options":{"secondsToWaitFor":"2"}},{"id":"cas48780bha5cs7fl6e8ulxx","type":"text","content":{"richText":[{"type":"p","children":[{"text":"Certo, você tem entre 35-44! "}]}]},"groupId":"dubrjsdepp78lszrfdj3tc88","outgoingEdgeId":"sgsh046g17vmn6rsus1up679"}],"graphCoordinates":{"x":702.62,"y":223.79}},{"id":"bwgb8wdj3rsa2j5va74o1ix4","title":"Group #2.2","blocks":[{"id":"xusy700ra757bt2ljmrzvclb","type":"Wait","groupId":"bwgb8wdj3rsa2j5va74o1ix4","options":{"secondsToWaitFor":"2"}},{"id":"wtswc6eoaaoppngc6l5pz623","type":"text","content":{"richText":[{"type":"p","children":[{"text":"Certo, você tem entre 45-54! "}]}]},"groupId":"bwgb8wdj3rsa2j5va74o1ix4","outgoingEdgeId":"b3vp93uwfas37j7cf8o3rks9"}],"graphCoordinates":{"x":703.4,"y":443.73}},{"id":"q9on0vr8sr8uwlssw6wjdtbs","title":"Group #2.3","blocks":[{"id":"l7nwy0iuav853dt9j14huupb","type":"Wait","groupId":"q9on0vr8sr8uwlssw6wjdtbs","options":{"secondsToWaitFor":"2"}},{"id":"x5u90lfqhvew03nbmj6zyarv","type":"text","content":{"richText":[{"type":"p","children":[{"text":"Certo, você tem entre 45-54! "}]}]},"groupId":"q9on0vr8sr8uwlssw6wjdtbs","outgoingEdgeId":"t4bz8hcwgza2cfz34m8hdn2m"}],"graphCoordinates":{"x":705.63,"y":661.06}},{"id":"ebejyx1ojxpmor72mum77575","title":"Group #10","blocks":[{"id":"gfi5n8hiq3js6siqh6yedp6i","type":"Wait","groupId":"ebejyx1ojxpmor72mum77575","options":{"secondsToWaitFor":"1"}},{"id":"jakc64kxa42pbdkzhpt6zokf","type":"text","content":{"richText":[{"type":"p","children":[{"text":"Por conta disso, você sente insegurança com o tamanho do seu "},{"bold":true,"text":"no tempo que você dura"},{"text":" ao se relacionar sexualmente?"}]},{"type":"p","children":[{"text":""}]},{"type":"p","children":[{"text":"Obs.: Clique em uma das imagens abaixo que mais reflete como você se sente👇🏼","italic":true}]}]},"groupId":"ebejyx1ojxpmor72mum77575"},{"id":"uqt2tgly98oig6nlcycx8vb2","type":"picture choice input","items":[{"id":"bqjmaijbuteaat5xlyycux5v","type":3,"title":"Sim, me sinto muito inseguro","blockId":"uqt2tgly98oig6nlcycx8vb2","pictureSrc":"https://s3.fr-par.scw.cloud/typebot/public/typebots/clj2z54mq001zle0fd68sbsey/blocks/uqt2tgly98oig6nlcycx8vb2/items/bqjmaijbuteaat5xlyycux5v?v=1687187662997","description":"Sim, me sinto muito inseguro","outgoingEdgeId":"spcv21jqw2ojlbswrp4vqkpq"},{"id":"ubuco8b475a2xfvy7fiu3t6z","type":3,"title":"Não, isso não é um problema pra mim","blockId":"uqt2tgly98oig6nlcycx8vb2","pictureSrc":"https://s3.fr-par.scw.cloud/typebot/public/typebots/clj2z54mq001zle0fd68sbsey/blocks/uqt2tgly98oig6nlcycx8vb2/items/ubuco8b475a2xfvy7fiu3t6z?v=1687187686873","description":"Não, isso não é um problema pra mim","outgoingEdgeId":"ibjbs0dc6q7ram2n10y3ztxu"}],"groupId":"ebejyx1ojxpmor72mum77575","options":{"buttonLabel":"Send","searchInputPlaceholder":"Filter the options..."}}],"graphCoordinates":{"x":1172.61,"y":11.31}},{"id":"v7f5siy0ag2r6quskoho7s25","title":"Group #11","blocks":[{"id":"c5qovdi6fg4jfua4xjy16dhw","type":"Wait","groupId":"v7f5siy0ag2r6quskoho7s25","options":{"secondsToWaitFor":"2"}},{"id":"g5sfv85irfd8fxqpcybygm1y","type":"text","content":{"richText":[{"type":"p","children":[{"text":"De fato, ter um "},{"bold":true,"text":"ejaculação precoce  "},{"text":"causa um desconforto e insegurança mesmo..."}]}]},"groupId":"v7f5siy0ag2r6quskoho7s25","outgoingEdgeId":"gyhu7ftqcw9rz1ti5zw9zcws"}],"graphCoordinates":{"x":1595.5,"y":8.08}},{"id":"ns20742639qnblb7aj8ocwcj","title":"Group #11 copy","blocks":[{"id":"z2oud83p9j3q5bgwo414f0oh","type":"Wait","groupId":"ns20742639qnblb7aj8ocwcj","options":{"secondsToWaitFor":"2"}},{"id":"a40isjkk2j2bmt8kkvkrceit","type":"text","content":{"richText":[{"type":"p","children":[{"text":"Que bom saber disso!"}]}]},"groupId":"ns20742639qnblb7aj8ocwcj","outgoingEdgeId":"f5mggmetwytb5w4qs3jqdpee"}],"graphCoordinates":{"x":1596.96,"y":400.06}},{"id":"alh4z8d1ija0qzospw3w0pii","title":"Group #13","blocks":[{"id":"t80r2u20b7s2njy92eeqhpwz","type":"Wait","groupId":"alh4z8d1ija0qzospw3w0pii","options":{"secondsToWaitFor":"2"}},{"id":"pcch8o345uw2vxova2n1wckq","type":"text","content":{"richText":[{"type":"p","children":[{"text":"Agora preciso te fazer uma pergunta:"}]},{"type":"p","children":[{"text":""}]},{"type":"p","children":[{"text":"Você está ciente de que o "},{"bold":true,"text":"pênis"},{"text":" possui um músculo conhecido como "},{"bold":true,"text":"CORPO CAVERNOSO,"},{"text":" que pode crescer como qualquer outro musculo?"}]}]},"groupId":"alh4z8d1ija0qzospw3w0pii"},{"id":"vtk191xbi1e9dilokft9rik3","type":"Wait","groupId":"alh4z8d1ija0qzospw3w0pii","options":{"secondsToWaitFor":"2"}},{"id":"o9h6j6hbht46nbkdyab47pf3","type":"image","content":{"url":"https://s3.fr-par.scw.cloud/typebot/public/typebots/clj2z54mq001zle0fd68sbsey/blocks/o9h6j6hbht46nbkdyab47pf3?v=1687187910875"},"groupId":"alh4z8d1ija0qzospw3w0pii"},{"id":"b9jq2j34evbtzqyulcsrg1cs","type":"Wait","groupId":"alh4z8d1ija0qzospw3w0pii","options":{"secondsToWaitFor":"1"}},{"id":"oipghf7xxe9s71paythopr4l","type":"choice input","items":[{"id":"qrvvkanxp8hyapzv4ttik7xp","type":0,"blockId":"oipghf7xxe9s71paythopr4l","content":"Não, nunca ouvi falar sobre isso!","outgoingEdgeId":"ir6g5o9myd7qou2uz8627atf"},{"id":"hb1yvzlt9s7vwa13vkkspmgw","type":0,"blockId":"oipghf7xxe9s71paythopr4l","content":"Sim, estou ciente ","outgoingEdgeId":"qa227i21bx65yl9b6vcgeyfy"}],"groupId":"alh4z8d1ija0qzospw3w0pii","options":{"buttonLabel":"Send","isSearchable":false,"isMultipleChoice":false,"searchInputPlaceholder":"Filter the options..."}},{"id":"kgy8502eakprj1dutm16dfyd","type":"Wait","groupId":"alh4z8d1ija0qzospw3w0pii","options":{"secondsToWaitFor":"2"}},{"id":"e8vbapeg28h5v436wlqy21fm","type":"text","content":{"richText":[{"type":"p","children":[{"text":"Bom, estou avaliando seu perfil, "},{"bold":true,"text":"aguarde"},{"text":" um momento por favor..."}]}]},"groupId":"alh4z8d1ija0qzospw3w0pii"},{"id":"nk6ntkglwfa09lyqf5xiymtk","type":"Wait","groupId":"alh4z8d1ija0qzospw3w0pii","options":{"secondsToWaitFor":"4"}},{"id":"q510uhppyn8nnaat7dvo23os","type":"text","content":{"richText":[{"type":"p","children":[{"text":"Seu perfil é compatível com nosso programa"},{"bold":true,"text":"."}]},{"type":"p","children":[{"bold":true,"text":""}]},{"type":"p","children":[{"text":"Veja essa reportagem e saiba como resolver esse problema."}]}]},"groupId":"alh4z8d1ija0qzospw3w0pii"},{"id":"d52q3ax8q55bblfp1ufpyxxd","type":"Wait","groupId":"alh4z8d1ija0qzospw3w0pii","options":{"secondsToWaitFor":"3"}},{"id":"bhww2q0q1onr7wvkkb65ttc5","type":"choice input","items":[{"id":"uswukez5vrexwaj9qwjzvfmn","type":0,"blockId":"bhww2q0q1onr7wvkkb65ttc5","content":"VER A MATERIA"}],"groupId":"alh4z8d1ija0qzospw3w0pii","options":{"buttonLabel":"Send","isSearchable":false,"isMultipleChoice":false,"searchInputPlaceholder":"Filter the options..."}},{"id":"yaqiols1sals7vxauyx7cqfw","type":"Redirect","groupId":"alh4z8d1ija0qzospw3w0pii","options":{"url":"https://14b1b5.myshopify.com/a/pf_preview?id=aa54a2ca-2d02-412f-ae5a-8b7bf0c80d34","isNewTab":false}}],"graphCoordinates":{"x":1998,"y":5.98}},{"id":"zbcp1dyo9jlf60gpem0l9yjd","title":"Group #14","blocks":[{"id":"konwcjenefsbf1zyyyn0fsr2","type":"Wait","groupId":"zbcp1dyo9jlf60gpem0l9yjd","options":{"secondsToWaitFor":"1"}},{"id":"jnyokgim624yi4wtroyvqvuf","type":"picture choice input","items":[{"id":"g2rzpjfh3r78uhrv777huduk","type":3,"title":"18-34","blockId":"jnyokgim624yi4wtroyvqvuf","pictureSrc":"https://s3.fr-par.scw.cloud/typebot/public/typebots/clj2z54mq001zle0fd68sbsey/blocks/jnyokgim624yi4wtroyvqvuf/items/g2rzpjfh3r78uhrv777huduk?v=1687190420931","description":"Tenho entre 18-34 anos","outgoingEdgeId":"z6415gn3nwynnphc1dgrs701","displayCondition":{"isEnabled":false}},{"id":"kqwuagcrxiyvpahaepgveapl","type":3,"title":"35-44","blockId":"jnyokgim624yi4wtroyvqvuf","pictureSrc":"https://s3.fr-par.scw.cloud/typebot/public/typebots/clj2z54mq001zle0fd68sbsey/blocks/jnyokgim624yi4wtroyvqvuf/items/kqwuagcrxiyvpahaepgveapl?v=1687190430780","description":"Tenho entre 35-44 anos","outgoingEdgeId":"wardr1rt910fm885gdgfsaor"},{"id":"yjqig4nol3g06xi9fuz4rocc","type":3,"title":"45-54","blockId":"jnyokgim624yi4wtroyvqvuf","pictureSrc":"https://s3.fr-par.scw.cloud/typebot/public/typebots/clj2z54mq001zle0fd68sbsey/blocks/jnyokgim624yi4wtroyvqvuf/items/yjqig4nol3g06xi9fuz4rocc?v=1687190441930","description":"Tenho entre 45-54 anos","outgoingEdgeId":"dj32zxxeimc757eekzyi7asu"},{"id":"mlrpcvl5sm9qt422u2gakbl8","type":3,"title":"55+","blockId":"jnyokgim624yi4wtroyvqvuf","pictureSrc":"https://s3.fr-par.scw.cloud/typebot/public/typebots/clj2z54mq001zle0fd68sbsey/blocks/jnyokgim624yi4wtroyvqvuf/items/mlrpcvl5sm9qt422u2gakbl8?v=1687190451401","description":"Tenho entre 55+ anos","outgoingEdgeId":"sy7xgxit6rueffsd2r1xfw3s"}],"groupId":"zbcp1dyo9jlf60gpem0l9yjd","options":{"buttonLabel":"Send","searchInputPlaceholder":"Filter the options..."}}],"graphCoordinates":{"x":329.14,"y":15.89}}],"variables":[],"edges":[{"id":"ka5z5ecdpg0oeq3claenu4hf","to":{"groupId":"mfyqi184ljjus1zbnvh77otz"},"from":{"blockId":"kuoqoky28uph7p3v9cpylzcy","groupId":"mep22fjsdpccidjci2w9wxb4"}},{"id":"a6913zcrp78yuvn98hijf7sz","to":{"blockId":"pm6uk8d1e9vmwmwigzsghl5v","groupId":"mfyqi184ljjus1zbnvh77otz"},"from":{"itemId":"h8czy7ocnhk04e9vgcwucm98","blockId":"i2ynt4si5ypk61ychttd7unj","groupId":"mfyqi184ljjus1zbnvh77otz"}},{"id":"z6415gn3nwynnphc1dgrs701","to":{"groupId":"w1zc5d2uldxbhojvxi7ndtel"},"from":{"itemId":"g2rzpjfh3r78uhrv777huduk","blockId":"jnyokgim624yi4wtroyvqvuf","groupId":"zbcp1dyo9jlf60gpem0l9yjd"}},{"id":"wardr1rt910fm885gdgfsaor","to":{"groupId":"dubrjsdepp78lszrfdj3tc88"},"from":{"itemId":"kqwuagcrxiyvpahaepgveapl","blockId":"jnyokgim624yi4wtroyvqvuf","groupId":"zbcp1dyo9jlf60gpem0l9yjd"}},{"id":"dj32zxxeimc757eekzyi7asu","to":{"groupId":"bwgb8wdj3rsa2j5va74o1ix4"},"from":{"itemId":"yjqig4nol3g06xi9fuz4rocc","blockId":"jnyokgim624yi4wtroyvqvuf","groupId":"zbcp1dyo9jlf60gpem0l9yjd"}},{"id":"sy7xgxit6rueffsd2r1xfw3s","to":{"groupId":"q9on0vr8sr8uwlssw6wjdtbs"},"from":{"itemId":"mlrpcvl5sm9qt422u2gakbl8","blockId":"jnyokgim624yi4wtroyvqvuf","groupId":"zbcp1dyo9jlf60gpem0l9yjd"}},{"id":"spcv21jqw2ojlbswrp4vqkpq","to":{"groupId":"v7f5siy0ag2r6quskoho7s25"},"from":{"itemId":"bqjmaijbuteaat5xlyycux5v","blockId":"uqt2tgly98oig6nlcycx8vb2","groupId":"ebejyx1ojxpmor72mum77575"}},{"id":"ibjbs0dc6q7ram2n10y3ztxu","to":{"groupId":"ns20742639qnblb7aj8ocwcj"},"from":{"itemId":"ubuco8b475a2xfvy7fiu3t6z","blockId":"uqt2tgly98oig6nlcycx8vb2","groupId":"ebejyx1ojxpmor72mum77575"}},{"id":"gyhu7ftqcw9rz1ti5zw9zcws","to":{"groupId":"alh4z8d1ija0qzospw3w0pii"},"from":{"blockId":"g5sfv85irfd8fxqpcybygm1y","groupId":"v7f5siy0ag2r6quskoho7s25"}},{"id":"f5mggmetwytb5w4qs3jqdpee","to":{"groupId":"alh4z8d1ija0qzospw3w0pii"},"from":{"blockId":"a40isjkk2j2bmt8kkvkrceit","groupId":"ns20742639qnblb7aj8ocwcj"}},{"id":"ir6g5o9myd7qou2uz8627atf","to":{"blockId":"kgy8502eakprj1dutm16dfyd","groupId":"alh4z8d1ija0qzospw3w0pii"},"from":{"itemId":"qrvvkanxp8hyapzv4ttik7xp","blockId":"oipghf7xxe9s71paythopr4l","groupId":"alh4z8d1ija0qzospw3w0pii"}},{"id":"qa227i21bx65yl9b6vcgeyfy","to":{"blockId":"kgy8502eakprj1dutm16dfyd","groupId":"alh4z8d1ija0qzospw3w0pii"},"from":{"itemId":"hb1yvzlt9s7vwa13vkkspmgw","blockId":"oipghf7xxe9s71paythopr4l","groupId":"alh4z8d1ija0qzospw3w0pii"}},{"id":"l6pkpwmm943k0c2htic9dvfp","to":{"groupId":"zbcp1dyo9jlf60gpem0l9yjd"},"from":{"blockId":"tglackoqxvzi0rfkvpb6ube7","groupId":"mfyqi184ljjus1zbnvh77otz"}},{"id":"d7leqf9zvq3qs283jh6r1ln4","to":{"groupId":"ebejyx1ojxpmor72mum77575"},"from":{"blockId":"qp7qovbrthbkkcqb37e243xb","groupId":"w1zc5d2uldxbhojvxi7ndtel"}},{"id":"b3vp93uwfas37j7cf8o3rks9","to":{"groupId":"ebejyx1ojxpmor72mum77575"},"from":{"blockId":"wtswc6eoaaoppngc6l5pz623","groupId":"bwgb8wdj3rsa2j5va74o1ix4"}},{"id":"sgsh046g17vmn6rsus1up679","to":{"groupId":"ebejyx1ojxpmor72mum77575"},"from":{"blockId":"cas48780bha5cs7fl6e8ulxx","groupId":"dubrjsdepp78lszrfdj3tc88"}},{"id":"t4bz8hcwgza2cfz34m8hdn2m","to":{"groupId":"ebejyx1ojxpmor72mum77575"},"from":{"blockId":"x5u90lfqhvew03nbmj6zyarv","groupId":"q9on0vr8sr8uwlssw6wjdtbs"}}],"theme":{"chat":{"inputs":{"color":"#000000","backgroundColor":"#FFFFFF","placeholderColor":"#28292a"},"buttons":{"color":"#FFFFFF","backgroundColor":"#128C7E"},"roundness":"large","hostAvatar":{"url":"https://i.postimg.cc/0Q9z13J3/2.png","isEnabled":true},"guestAvatar":{"url":"https://s3.fr-par.scw.cloud/typebot/public/typebots/cli88mae30010mh0f0yzjqn48/guestAvatar?v=1685330799682","isEnabled":false},"hostBubbles":{"color":"#303235","backgroundColor":"#FFFFFF"},"guestBubbles":{"color":"#303235","backgroundColor":"#e1ffc7"}},"general":{"font":"Open Sans","background":{"type":"Image","content":"https://s3.fr-par.scw.cloud/typebot/public/typebots/cli88mae30010mh0f0yzjqn48/background?v=1685470080750"}},"customCss":".typebot-chat-view > .flex:first-child {\n    padding-top: 30px;\n}\n\n.typebot-input {\n    position: fixed;\n    bottom: 0;\n    align-items: center;\n    z-index: 999;\n    right: 0;\n}\n\n.typebot-input .typebot-button {\n    background: #008a7c;\n    border-radius: 50%;\n    color: #fff;\n    position: relative;\n    width: 50px;\n    height: 50px;\n    display: flex;\n    align-items: center;\n    justify-content: center;\n}\n\n.typebot-container {\n    background-size: initial!important;\n    background-repeat: repeat-x!important;\n}\n\n.typebot-host-bubble>.bubble-typing {\n  border-radius: 0 5px 5px 5px;\n}\n\n.typebot-host-bubble>.bubble-typing:after {\n    position: absolute;\n    content: \"\";\n    width: 0;\n    height: 0;\n    border-style: solid;\n    border-width: 0px 10px 10px 0;\n    border-color: transparent #fff transparent transparent;\n    top: 0;\n    left: -10px;\n}\n\n.typebot-guest-bubble {\n  position: relative;\n  border-radius: 5px 0 5px 5px;\n}\n\n.typebot-guest-bubble:after {\n  position: absolute;\n  content: \"\";\n  width: 0;\n  height: 0;\n  border-style: solid;\n}\n\n.typebot-guest-bubble:after {\n    border-width: 0px 0 10px 10px;\n    border-color: transparent transparent transparent #e1ffc7;\n    top: 0;\n    right: -10px;\n    border-style: solid;\n}\n\niframe[src=\"\"] {\n  position: fixed;\n  top: 0;\n  left: 0;\n  display: relative;\n  width: 100%;\n  height: 100% !important;\n  z-index: 999999;\n  border: none;\n  padding: 0;\n  margin: 0;\n}\n\na#lite-badge {\n  display: none!important;\n}"},"settings":{"general":{"rememberUser":{"isEnabled":false},"isBrandingEnabled":true,"isInputPrefillEnabled":false,"isHideQueryParamsEnabled":false},"metadata":{"title":"Clínica Alpha Man","imageUrl":"https://images.unsplash.com/photo-1611077544170-be90a2f68add?crop=entropy&cs=tinysrgb&fit=max&fm=jpg&ixid=M3w0MjU2MDR8MHwxfHNlYXJjaHwyN3x8d2VpZ2h0JTIwbG9zc3xlbnwwfDB8fHwxNjg2MjAzMzA4fDA&ixlib=rb-4.0.3&q=80&w=1080","description":"Recuperando a dignidade masculina há mais de 20 anos.","customHeadCode":"<!-- Facebook Pixel Code -->\n<script>\n   !function(f,b,e,v,n,t,s)\n  {if(f.fbq)return;n=f.fbq=function(){n.callMethod?\n    n.callMethod.apply(n,arguments):n.queue.push(arguments)};\n    if(!f._fbq)f._fbq=n;n.push=n;n.loaded=!0;n.version='2.0';\n    n.queue=[];t=b.createElement(e);t.async=!0;\n    t.src=v;s=b.getElementsByTagName(e)[0];\n    s.parentNode.insertBefore(t,s)}(window, document,'script',\n    'https://connect.facebook.net/en_US/fbevents.js');\n    fbq('init', 'SEUPIXELAQUI');\n    fbq('track', 'PageView');\n    fbq('track', 'ViewContent');\n \n</script>\n<!-- End Facebook Pixel Code -->\n<link rel=\"stylesheet\" href=\"https://cdnjs.cloudflare.com/ajax/libs/material-design-iconic-font/2.2.0/css/material-design-iconic-font.min.css\">\n<style>\n  .hide {\n    display: none!important;\n  }\n  typebot-standard {\n    position: relative;\n    z-index: 9999;\n  }\n  #__next {\n    position: relative;\n    z-index: 9999;\n}\n  /* User Bar */\n.user-bar {\n  width: 100%;\n  height: 55px;\n  background: #005e54;\n  color: #fff;\n  padding: 0;\n  font-size: 24px;\n  position: fixed;\n  z-index: 99999;\n  display: block;\n  top: 0;\n}\n\n.user-bar:after {\n  content: \"\";\n  display: table;\n  clear: both;\n}\n\n.user-bar div {\n    float: left;\n    transform: translateY(-50%);\n    position: relative;\n    top: 50%;\n    margin-left: 10px;\n}\n\n.user-bar .actions {\n  float: right;\n  margin: 0 0 0 20px;\n}\n\n.user-bar .actions.more {\n  margin: 0 12px 0 32px;\n}\n\n.user-bar .actions.attachment {\n  margin: 0 0 0 30px;\n}\n\n.user-bar .actions.attachment i {\n  display: block;\n  transform: rotate(-45deg);\n}\n\n.user-bar .avatar {\n  margin: 0 0 0 5px;\n  width: 36px;\n  height: 36px;\n}\n\n.user-bar .avatar img {\n  border-radius: 50%;\n  box-shadow: 0 1px 0 rgba(255, 255, 255, 0.1);\n  display: block;\n  width: 100%;\n}\n\n.user-bar .name {\n  font-size: 17px;\n  font-weight: 600;\n  text-overflow: ellipsis;\n  letter-spacing: 0.3px;\n  margin: 0 0 0 8px;\n  overflow: hidden;\n  white-space: nowrap;\n  width: 150px;\n}\n\n.user-bar .status {\n  display: block;\n  font-size: 13px;\n  font-weight: 400;\n  letter-spacing: 0;\n}\n</style>\n\n<script>\nfunction criarBarra() {\n  var userBar = document.createElement(\"div\");\n  userBar.className = \"user-bar\";\n\n  var backButton = document.createElement(\"div\");\n  backButton.className = \"back\";\n  backButton.innerHTML = '<i class=\"zmdi zmdi-arrow-left\"></i>';\n\n  var avatar = document.createElement(\"div\");\n  avatar.className = \"avatar\";\n  avatar.innerHTML = '<img src=\"https://i.postimg.cc/0Q9z13J3/2.png\" alt=\"Clinica Alpha Man\">';\n\n  var name = document.createElement(\"div\");\n  name.className = \"name\";\n  name.innerHTML = '<span>Clinica Alpha Man</span><span class=\"status\">online</span>';\n\n  var moreActions = document.createElement(\"div\");\n  moreActions.className = \"actions more\";\n  moreActions.innerHTML = '<i class=\"zmdi zmdi-more-vert\"></i>';\n\n  var attachmentAction = document.createElement(\"div\");\n  attachmentAction.className = \"actions attachment\";\n  attachmentAction.innerHTML = '<i class=\"zmdi zmdi-attachment-alt\"></i>';\n\n  var phoneAction = document.createElement(\"div\");\n  phoneAction.className = \"actions\";\n  phoneAction.innerHTML = '<i class=\"zmdi zmdi-phone\"></i>';\n\n  userBar.appendChild(backButton);\n  userBar.appendChild(avatar);\n  userBar.appendChild(name);\n  userBar.appendChild(moreActions);\n  userBar.appendChild(attachmentAction);\n  userBar.appendChild(phoneAction);\n\n  var elementoPai = document.querySelector(\"#__next\");\n  if (elementoPai) {\n    elementoPai.insertBefore(userBar, elementoPai.firstChild);\n  }\n}\n\ncriarBarra();\n</script>\n"},"typingEmulation":{"speed":300,"enabled":true,"maxDelay":1.5}}}