{"id":"clksusjxa000ala0fpfqp6lvr","version":"3","groups":[{"id":"ea9iifq78e0r3p4pc5lv787m","title":"Start","blocks":[{"id":"cx5iel8jxfo4caorf8rnjiw0","type":"start","label":"Start","groupId":"ea9iifq78e0r3p4pc5lv787m","outgoingEdgeId":"pnvzgptu3jj483lebd6p6bbw"}],"graphCoordinates":{"x":-1804.43,"y":-11.61}},{"id":"kqom34zgkh8gapkoazmerga9","title":"","blocks":[{"id":"kl16bf94mpvm7ux0w9yhaksc","type":"text","content":{"richText":[{"type":"p","children":[{"bold":true,"text":"[VOCÊ"},{"text":" "},{"bold":true,"text":"FOI"},{"text":" "},{"bold":true,"text":"SELECIONADA]"}]},{"type":"p","children":[{"bold":true,"text":""}]},{"type":"p","children":[{"text":"ESSA "},{"bold":true,"text":"CONSULTA É","underline":true},{"text":" ","underline":true},{"bold":true,"text":"GRATUITA","underline":true},{"text":"!"}]}]},"groupId":"kqom34zgkh8gapkoazmerga9"},{"id":"ojoiuqw11ol7mluihnpdkffy","type":"text","content":{"richText":[{"type":"p","children":[{"text":"Olá, tudo bem com você? Meu nome é Dra. Fernanda..."}]}]},"groupId":"kqom34zgkh8gapkoazmerga9"},{"id":"docvt092ch7axjq3zmlvq2qa","type":"text","content":{"richText":[{"type":"p","children":[{"text":"Sou Nutricionista há 9 Anos e "},{"bold":true,"text":"Criadora Oficial do Chá Bariátrico "}]}]},"groupId":"kqom34zgkh8gapkoazmerga9"},{"id":"h9jhpsm5w83cfrwtlqtvsd38","type":"Wait","groupId":"kqom34zgkh8gapkoazmerga9","options":{"secondsToWaitFor":"6"}},{"id":"m435v6oefxku0cm0oyzcg2mb","type":"audio","content":{"url":"https://s3.fr-par.scw.cloud/typebot/public/typebots/r1ft5qpa2r85d21pwvnb6ho6/blocks/m435v6oefxku0cm0oyzcg2mb?v=1689945132866"},"groupId":"kqom34zgkh8gapkoazmerga9"},{"id":"amfwk99rwrspc7o6hro0bv7v","type":"Wait","groupId":"kqom34zgkh8gapkoazmerga9","options":{"secondsToWaitFor":"8"}},{"id":"g91i1t2tlt9qkl5dvxggin3o","type":"image","content":{"url":"https://s3.fr-par.scw.cloud/typebot/public/typebots/r1ft5qpa2r85d21pwvnb6ho6/blocks/g91i1t2tlt9qkl5dvxggin3o?v=1689945168975"},"groupId":"kqom34zgkh8gapkoazmerga9"},{"id":"dbi2zwoddcnec8xrykof79b8","type":"Wait","groupId":"kqom34zgkh8gapkoazmerga9","options":{"secondsToWaitFor":"2"}},{"id":"r0omldifbd4w4lcem6fay06q","type":"audio","content":{"url":"https://s3.fr-par.scw.cloud/typebot/public/typebots/r1ft5qpa2r85d21pwvnb6ho6/blocks/r0omldifbd4w4lcem6fay06q?v=1689945265604"},"groupId":"kqom34zgkh8gapkoazmerga9"},{"id":"ront4veomc5cvcrc4mexz7zr","type":"Wait","groupId":"kqom34zgkh8gapkoazmerga9","options":{"secondsToWaitFor":"12"}},{"id":"c8zvdcs07rxg9q2yckyprsyn","type":"choice input","items":[{"id":"cigszfogy5e8w000i07vu0rl","type":0,"blockId":"c8zvdcs07rxg9q2yckyprsyn","content":"Sim, Tenho Interesse!","outgoingEdgeId":"qs80v03fdq7dwjia1g59ei8h"}],"groupId":"kqom34zgkh8gapkoazmerga9","options":{"buttonLabel":"Send","isSearchable":false,"isMultipleChoice":false,"searchInputPlaceholder":"Filter the options..."},"outgoingEdgeId":"wdtr6mgx0u5d4b1gk9iyh40v"}],"graphCoordinates":{"x":-1434.92,"y":23.22}},{"id":"talyhjpybmjomkvhm4p0960f","title":"","blocks":[{"id":"p72v7j6oia4oy91v9dwbeind","type":"text","content":{"richText":[{"type":"p","children":[{"text":"A "},{"bold":true,"text":"Tatiane "},{"text":"e a "},{"bold":true,"text":"Marcia "},{"text":"participaram do programa de emagrecimento..."}]}]},"groupId":"talyhjpybmjomkvhm4p0960f"},{"id":"fzfumyw7ixn08k4jnwnxssas","type":"Wait","groupId":"talyhjpybmjomkvhm4p0960f","options":{"secondsToWaitFor":"3"}},{"id":"b67yqw5t665wip4u448klheu","type":"audio","content":{"url":"https://s3.fr-par.scw.cloud/typebot/public/typebots/r1ft5qpa2r85d21pwvnb6ho6/blocks/b67yqw5t665wip4u448klheu?v=1689946269230"},"groupId":"talyhjpybmjomkvhm4p0960f"},{"id":"tqrx408qz0zt8ecoigbemlvv","type":"Wait","groupId":"talyhjpybmjomkvhm4p0960f","options":{"secondsToWaitFor":"12"}},{"id":"s7129m0k7pqokifo0fjoy791","type":"image","content":{"url":"https://s3.fr-par.scw.cloud/typebot/public/typebots/r1ft5qpa2r85d21pwvnb6ho6/blocks/s7129m0k7pqokifo0fjoy791?v=1689946375001"},"groupId":"talyhjpybmjomkvhm4p0960f"},{"id":"ep3y54bihou14gpgthwg09fx","type":"Wait","groupId":"talyhjpybmjomkvhm4p0960f","options":{"secondsToWaitFor":"10"}},{"id":"pt25tv657uxw5omj9h3gm0ia","type":"audio","content":{"url":"https://s3.fr-par.scw.cloud/typebot/public/typebots/r1ft5qpa2r85d21pwvnb6ho6/blocks/pt25tv657uxw5omj9h3gm0ia?v=1689946414755"},"groupId":"talyhjpybmjomkvhm4p0960f"},{"id":"spg2xvw7ec28gd07g7yk5ru9","type":"Wait","groupId":"talyhjpybmjomkvhm4p0960f","options":{"secondsToWaitFor":"13"}},{"id":"ovh4g5fam8qqrdza2ggvxv3q","type":"image","content":{"url":"https://s3.fr-par.scw.cloud/typebot/public/typebots/r1ft5qpa2r85d21pwvnb6ho6/blocks/ovh4g5fam8qqrdza2ggvxv3q?v=1689946462578"},"groupId":"talyhjpybmjomkvhm4p0960f"},{"id":"zui2rgpps5hpl8ojufhjt71p","type":"Wait","groupId":"talyhjpybmjomkvhm4p0960f","options":{"secondsToWaitFor":"10"}},{"id":"dcr2cjfgoddpafh2q4b9p0pz","type":"audio","content":{"url":"https://s3.fr-par.scw.cloud/typebot/public/typebots/r1ft5qpa2r85d21pwvnb6ho6/blocks/dcr2cjfgoddpafh2q4b9p0pz?v=1689946548203"},"groupId":"talyhjpybmjomkvhm4p0960f"},{"id":"qlzpncdli50qn183tmygy5zl","type":"text","content":{"richText":[{"type":"p","children":[{"bold":true,"text":"Você"},{"text":" "},{"bold":true,"text":"ficaria"},{"text":" "},{"bold":true,"text":"feliz"},{"text":" com esses resultados?"}]}]},"groupId":"talyhjpybmjomkvhm4p0960f"},{"id":"ar5ypkxn4betjz3gdx5l5lys","type":"choice input","items":[{"id":"cqeo785e0p8lc035hjwoga3s","type":0,"blockId":"ar5ypkxn4betjz3gdx5l5lys","content":"Sim, muito!!!","outgoingEdgeId":"ykaaqyhtq27emqtk62exjprp"}],"groupId":"talyhjpybmjomkvhm4p0960f","options":{"buttonLabel":"Send","isSearchable":false,"isMultipleChoice":false,"searchInputPlaceholder":"Filter the options..."}}],"graphCoordinates":{"x":-644.02,"y":24.34}},{"id":"d0f6wlp5x4ipthhmlcdl198w","title":"","blocks":[{"id":"ve2j81ftpmxacrxa9bnqishn","type":"text","content":{"richText":[{"type":"p","children":[{"text":"Que legal!"}]}]},"groupId":"d0f6wlp5x4ipthhmlcdl198w"},{"id":"xy70x1x0sw35mpsx1ydsylew","type":"Wait","groupId":"d0f6wlp5x4ipthhmlcdl198w","options":{"secondsToWaitFor":"3"}},{"id":"mepp8seix2oa5m2h4ahqp0lw","type":"text","content":{"richText":[{"type":"p","children":[{"text":"Quero te falar que, com "},{"bold":true,"text":"meu auxilio"},{"text":" e "},{"bold":true,"text":"sua dedicação"},{"text":" isso "},{"bold":true,"text":"será possível!"}]}]},"groupId":"d0f6wlp5x4ipthhmlcdl198w"},{"id":"jfmwlrt7ztezbkvenddk5lpd","type":"Wait","groupId":"d0f6wlp5x4ipthhmlcdl198w","options":{"secondsToWaitFor":"3"}},{"id":"nj4j4ec3as4a69wp200sjqns","type":"text","content":{"richText":[{"type":"p","children":[{"text":"Vou te explicar como funciona o "},{"bold":true,"text":"Programa de Emagrecimento"},{"text":", ok?"}]}]},"groupId":"d0f6wlp5x4ipthhmlcdl198w"},{"id":"fqicso9i8yye9wf1fsikujax","type":"Wait","groupId":"d0f6wlp5x4ipthhmlcdl198w","options":{"secondsToWaitFor":"5"}},{"id":"ksaa4sprjz18cs3nfsnd9wtt","type":"text","content":{"richText":[{"type":"p","children":[{"text":"É "},{"bold":true,"text":"bem simples e fácil"},{"text":" de executar nosso programa..."}]}]},"groupId":"d0f6wlp5x4ipthhmlcdl198w"},{"id":"j096x2liidp10lado910wkhs","type":"Wait","groupId":"d0f6wlp5x4ipthhmlcdl198w","options":{"secondsToWaitFor":"10"}},{"id":"hmp5c4n9pjbxuec3vtqdvw1r","type":"text","content":{"richText":[{"type":"p","children":[{"text":"Você receberá um e-book onde se encontra todo o passo a passo para fazer o "},{"bold":true,"text":"Chá Bariátrico!"}]}]},"groupId":"d0f6wlp5x4ipthhmlcdl198w"},{"id":"sjd31in1f1zvg90y26hlr703","type":"Wait","groupId":"d0f6wlp5x4ipthhmlcdl198w","options":{"secondsToWaitFor":"3"}},{"id":"klto8g1ozme7xzun9nf4qqfq","type":"text","content":{"richText":[{"type":"p","children":[{"text":"Com a receita em mãos, você poderá utilizar o Chá "},{"bold":true,"text":"conforme está descrito"},{"text":" no e-book.\nNão tem "},{"bold":true,"text":"segredo"},{"text":", nem "},{"bold":true,"text":"truque"},{"text":", nem "},{"bold":true,"text":"mágica"},{"text":". Simplesmente é só "},{"bold":true,"text":"seguir todo o passo a passo corretamente"},{"text":" e ver seu "},{"bold":true,"text":"resultad"},{"text":"o de perto."}]}]},"groupId":"d0f6wlp5x4ipthhmlcdl198w"},{"id":"xhu73himf0sid5wigjjqqc3m","type":"text","content":{"richText":[{"type":"p","children":[{"text":"Se você não está acreditando no potencial do chá, olha aqui o depoimento da "},{"bold":true,"text":"Rose"},{"text":"..."}]}]},"groupId":"d0f6wlp5x4ipthhmlcdl198w"},{"id":"txkzg3nq7zg9xg4ip5kaicx9","type":"Wait","groupId":"d0f6wlp5x4ipthhmlcdl198w","options":{"secondsToWaitFor":"3"}},{"id":"k6imd1qf3wkidzaymbpou9ac","type":"image","content":{"url":"https://s3.fr-par.scw.cloud/typebot/public/typebots/r1ft5qpa2r85d21pwvnb6ho6/blocks/k6imd1qf3wkidzaymbpou9ac?v=1689947009520"},"groupId":"d0f6wlp5x4ipthhmlcdl198w"},{"id":"bxa0hj3hfuee0t0hquds50ce","type":"Wait","groupId":"d0f6wlp5x4ipthhmlcdl198w","options":{"secondsToWaitFor":"5"}},{"id":"s8qhmngtdiszcl31ip3g0ql9","type":"text","content":{"richText":[{"type":"p","children":[{"text":"Esta é a "},{"bold":true,"text":"Martina"},{"text":" que nos enche de orgulho."}]},{"type":"p","children":[{"text":"Uma mulher de"},{"bold":true,"text":" 67 Anos "},{"text":"que assim como você"}]},{"type":"p","children":[{"text":"realizou essa "},{"bold":true,"text":"consulta gratuita "},{"text":"e decidiu que a sua "}]},{"type":"p","children":[{"text":"saúde era muito importante, e deu o primeiro passo"}]},{"type":"p","children":[{"text":"para mudar essa situação."}]},{"type":"p","children":[{"text":"Iniciou o tratamento rapidamente, e posso dizer "}]},{"type":"p","children":[{"text":"com muito orgulho que Martina perdeu"},{"bold":true,"text":" 30 kg em oito semanas"}]}]},"groupId":"d0f6wlp5x4ipthhmlcdl198w"},{"id":"r1mqyxoq7etgf2mw3kyct4dh","type":"image","content":{"url":"https://s3.fr-par.scw.cloud/typebot/public/typebots/f655dwfrgj3vabz27hp1on10/blocks/r1mqyxoq7etgf2mw3kyct4dh?v=1690603297654"},"groupId":"d0f6wlp5x4ipthhmlcdl198w"},{"id":"x1l1x52ee8dc6jpuyv0e03if","type":"text","content":{"richText":[{"type":"p","children":[{"text":"Você gostaria de saber mais sobre o nosso"},{"bold":true,"text":" Programa de Emagrecimento"},{"text":"?"}]}]},"groupId":"d0f6wlp5x4ipthhmlcdl198w"},{"id":"c77pjsl3pifc0n1xfzv5bttr","type":"choice input","items":[{"id":"wrlb3rz8jqvsvory9cel6d36","type":0,"blockId":"c77pjsl3pifc0n1xfzv5bttr","content":"Sim, Gostaria!"}],"groupId":"d0f6wlp5x4ipthhmlcdl198w","options":{"buttonLabel":"Send","isSearchable":false,"isMultipleChoice":false,"searchInputPlaceholder":"Filter the options..."}},{"id":"y7jnnli1dtica3uvodzg0up8","type":"text","content":{"richText":[{"type":"p","children":[{"text":"Até o momento, mais de 200 mulheres "},{"bold":true,"text":"participaram"},{"text":" do nosso "},{"bold":true,"text":"Programa de Emagrecimento"},{"text":"..."}]}]},"groupId":"d0f6wlp5x4ipthhmlcdl198w"},{"id":"kdmbmkbyl62e6kjzv8hodogc","type":"Wait","groupId":"d0f6wlp5x4ipthhmlcdl198w","options":{"secondsToWaitFor":"3"}},{"id":"h2iual7ojhauyqltmve34y7s","type":"text","content":{"richText":[{"type":"p","children":[{"text":"Vou te citar alguns dos benefícios ao participar do nosso "},{"bold":true,"text":"Programa"}]}]},"groupId":"d0f6wlp5x4ipthhmlcdl198w"},{"id":"f79ru6dedcyjtkkye1yid1v3","type":"text","content":{"richText":[{"type":"p","children":[{"text":"✅ Perda de peso rápido"}]},{"type":"p","children":[{"text":"✅ Redução de celulite"}]},{"type":"p","children":[{"text":"✅ Aumento da autoestima"}]},{"type":"p","children":[{"text":"✅ Redução de ansiedade"}]},{"type":"p","children":[{"text":"✅ Menor queda de cabelo"}]},{"type":"p","children":[{"text":"✅ Eliminaram dores no corpo"}]},{"type":"p","children":[{"text":"✅ Mais apetite sexual"}]},{"type":"p","children":[{"text":"✅ Sensação de bem estar"}]},{"type":"p","children":[{"text":"✅ Prevenção de doenças"}]},{"type":"p","children":[{"text":"✅ Controle de Diabetes"}]},{"type":"p","children":[{"text":"✅ Controle da Pressão Alta"}]}]},"groupId":"d0f6wlp5x4ipthhmlcdl198w"},{"id":"ajrb9odpovoh1qrju3wubv7r","type":"Wait","groupId":"d0f6wlp5x4ipthhmlcdl198w","options":{"secondsToWaitFor":"10"}},{"id":"bio5rszzye6iuk19yv7668gt","type":"audio","content":{"url":"https://s3.fr-par.scw.cloud/typebot/public/typebots/r1ft5qpa2r85d21pwvnb6ho6/blocks/bio5rszzye6iuk19yv7668gt?v=1689947232661"},"groupId":"d0f6wlp5x4ipthhmlcdl198w"},{"id":"nvejjjl3fdpt78iogg8mh648","type":"Wait","groupId":"d0f6wlp5x4ipthhmlcdl198w","options":{"secondsToWaitFor":"10"}},{"id":"mc3tebssu8a88qt6fe51rldk","type":"text","content":{"richText":[{"type":"p","children":[{"text":"Gostaria de "},{"bold":true,"text":"PARTICIPAR"},{"text":"?"}]}]},"groupId":"d0f6wlp5x4ipthhmlcdl198w"},{"id":"s3drz0ul6o39vlofas9co1h1","type":"choice input","items":[{"id":"btllajnecmlbds7yw14mcjx9","type":0,"blockId":"s3drz0ul6o39vlofas9co1h1","content":"Sim, Gostaria!","outgoingEdgeId":"xbjdt40y7dau9x5o55ouo0ui"}],"groupId":"d0f6wlp5x4ipthhmlcdl198w","options":{"buttonLabel":"Send","isSearchable":false,"isMultipleChoice":false,"searchInputPlaceholder":"Filter the options..."}}],"graphCoordinates":{"x":-256.82,"y":26.24}},{"id":"m2iyny02r2oy77ngy1gwf87g","title":"","blocks":[{"id":"nagbcw3jkh0qfwi9ixzkf9u2","type":"audio","content":{"url":"https://s3.fr-par.scw.cloud/typebot/public/typebots/r1ft5qpa2r85d21pwvnb6ho6/blocks/nagbcw3jkh0qfwi9ixzkf9u2?v=1689947293370"},"groupId":"m2iyny02r2oy77ngy1gwf87g"},{"id":"hlmvj6as1sn6ofemd56y8qo9","type":"Wait","groupId":"m2iyny02r2oy77ngy1gwf87g","options":{"secondsToWaitFor":"10"}},{"id":"n46fic0mci3p68ik99wh0482","type":"audio","content":{"url":"https://s3.fr-par.scw.cloud/typebot/public/typebots/r1ft5qpa2r85d21pwvnb6ho6/blocks/n46fic0mci3p68ik99wh0482?v=1689947331222"},"groupId":"m2iyny02r2oy77ngy1gwf87g"},{"id":"wieelblrnxnc5qr716gpukv5","type":"Wait","groupId":"m2iyny02r2oy77ngy1gwf87g","options":{"secondsToWaitFor":"12"}},{"id":"lfh1td45oa8z9cz683sxxtdq","type":"audio","content":{"url":"https://s3.fr-par.scw.cloud/typebot/public/typebots/r1ft5qpa2r85d21pwvnb6ho6/blocks/lfh1td45oa8z9cz683sxxtdq?v=1689947382248"},"groupId":"m2iyny02r2oy77ngy1gwf87g"},{"id":"nwx14xvmpejlaf1ughlpblaq","type":"Wait","groupId":"m2iyny02r2oy77ngy1gwf87g","options":{"secondsToWaitFor":"10"}},{"id":"k4efu3ihuewkgqrltk4yq7w2","type":"text","content":{"richText":[{"type":"p","children":[{"text":"Por isso, para "},{"bold":true,"text":"garantir a sua vaga"},{"text":", eu peço apenas que você pague uma "},{"bold":true,"text":"Taxa de Inscrição"},{"text":" que é apenas "},{"bold":true,"text":"R$37,00"},{"text":". Isso é apenas para garantir que você vai se "},{"bold":true,"text":"comprometer com o Programa"},{"text":" e que não vai abandona-lo. Antes era de graça, mas muitas pessoas abandonavam e acabava ocupando meu tempo atoa."}]}]},"groupId":"m2iyny02r2oy77ngy1gwf87g"},{"id":"n77t51ddgnxzlotk2k2jd2ox","type":"Wait","groupId":"m2iyny02r2oy77ngy1gwf87g","options":{"secondsToWaitFor":"2"}},{"id":"x8qtylodo4h6zyzt1klydxd5","type":"audio","content":{"url":"https://s3.fr-par.scw.cloud/typebot/public/typebots/r1ft5qpa2r85d21pwvnb6ho6/blocks/x8qtylodo4h6zyzt1klydxd5?v=1689948202817"},"groupId":"m2iyny02r2oy77ngy1gwf87g"},{"id":"rfkgq6wzessbjef2h5d5fj5v","type":"Wait","groupId":"m2iyny02r2oy77ngy1gwf87g","options":{"secondsToWaitFor":"16"}},{"id":"fs2wqgnteelwyw6yo0gyx3fn","type":"text","content":{"richText":[{"type":"p","children":[{"text":"Restam "},{"bold":true,"text":"APENAS 4 VAGAS"},{"text":" para participar do"},{"bold":true,"text":" Programa de Emagrecimento"},{"text":" e eu "},{"bold":true,"text":"posso reservar uma vaga para você"},{"text":", mas é "},{"bold":true,"text":"somente agora"},{"text":"."}]}]},"groupId":"m2iyny02r2oy77ngy1gwf87g"},{"id":"u2bo0kpr20pqogr7eqf2agye","type":"Wait","groupId":"m2iyny02r2oy77ngy1gwf87g","options":{"secondsToWaitFor":"10"}},{"id":"joqrj26lqgheb66nnzc5ih55","type":"text","content":{"richText":[{"type":"p","children":[{"text":"Basta clicar no botão e fazer sua "},{"bold":true,"text":"INSCRIÇÃO"},{"text":"!"}]}]},"groupId":"m2iyny02r2oy77ngy1gwf87g"},{"id":"cdiz1ejiaafceza5cwd1ya51","type":"choice input","items":[{"id":"vzu8kvlvuwpox0axqg0t9oof","type":0,"blockId":"cdiz1ejiaafceza5cwd1ya51","content":"CLIQUE AQUI PARA PARTICIPAR!","outgoingEdgeId":"r4xe42l484n12q1ptxlnunoe"}],"groupId":"m2iyny02r2oy77ngy1gwf87g","options":{"buttonLabel":"Send","isSearchable":false,"isMultipleChoice":false,"searchInputPlaceholder":"Filter the options..."}},{"id":"b1ba6uquacanvv7noiltbf5q","type":"Wait","groupId":"m2iyny02r2oy77ngy1gwf87g","options":{"secondsToWaitFor":"20"}},{"id":"gqbsqg0zi4fz3ltizafjjpga","type":"text","content":{"richText":[{"type":"p","children":[{"text":"Ou... redirecionaremos você automaticamente em alguns segundos.."}]}]},"groupId":"m2iyny02r2oy77ngy1gwf87g","outgoingEdgeId":"r7pnbhm6it8e0lnikrxongid"}],"graphCoordinates":{"x":120.55,"y":23.93}},{"id":"lfx5hqvc71vxuk6u67ffd1jv","title":"","blocks":[{"id":"w54ftwknnza4pjss3atg426q","type":"Wait","groupId":"lfx5hqvc71vxuk6u67ffd1jv","options":{"secondsToWaitFor":"5"}},{"id":"qxhdyp7zce3in4k4hozn96ij","type":"text","content":{"richText":[{"type":"p","children":[{"text":"Ok... Poderia me falar seu nome? "}]}]},"groupId":"lfx5hqvc71vxuk6u67ffd1jv"},{"id":"rfaid7q8r8f1b0mlvqrj7afm","type":"text input","groupId":"lfx5hqvc71vxuk6u67ffd1jv","options":{"isLong":false,"labels":{"button":"Enviar","placeholder":"Digite seu nome..."}}},{"id":"tn2zoescgbr0qrouqo56920u","type":"Wait","groupId":"lfx5hqvc71vxuk6u67ffd1jv","options":{"secondsToWaitFor":"3"}},{"id":"gw8nhttqpk1a1dompl7t83ym","type":"text","content":{"richText":[{"type":"p","children":[{"text":"Você mora em qual Estado? "}]}]},"groupId":"lfx5hqvc71vxuk6u67ffd1jv"},{"id":"r9omay03itge6g986fqz4qp9","type":"text input","groupId":"lfx5hqvc71vxuk6u67ffd1jv","options":{"isLong":false,"labels":{"button":"Enviar","placeholder":"Digite seu Estado..."}}},{"id":"urfjkd58u1h1qt8rx8etsdv0","type":"Wait","groupId":"lfx5hqvc71vxuk6u67ffd1jv","options":{"secondsToWaitFor":"6"}},{"id":"y7lt28nyyswg2l85e43kv2pv","type":"text","content":{"richText":[{"type":"p","children":[{"text":"Qual é o seu peso aproximadamente? "}]}]},"groupId":"lfx5hqvc71vxuk6u67ffd1jv"},{"id":"h95uju12130fq2ew6hlzpkua","type":"number input","groupId":"lfx5hqvc71vxuk6u67ffd1jv","options":{"labels":{"button":"Enviar","placeholder":"Digite seu peso..."}}},{"id":"h08mdvasimtc3wwg7l8bz7b2","type":"Wait","groupId":"lfx5hqvc71vxuk6u67ffd1jv","options":{"secondsToWaitFor":"6"}},{"id":"cb2lcyewu6v0fnkrtg3i1ub3","type":"text","content":{"richText":[{"type":"p","children":[{"text":"Qual é a sua altura?"}]}]},"groupId":"lfx5hqvc71vxuk6u67ffd1jv"},{"id":"hjlgfjpjyo10r70k8wufu62x","type":"number input","groupId":"lfx5hqvc71vxuk6u67ffd1jv","options":{"labels":{"button":"Enviar","placeholder":"Digite sua altura aqui..."}}},{"id":"p8lgbx168xhylcmfdc3s5ctj","type":"Wait","groupId":"lfx5hqvc71vxuk6u67ffd1jv","options":{"secondsToWaitFor":"6"}},{"id":"h1j9r3ix9c5n0c7odrdxbvl8","type":"text","content":{"richText":[{"type":"p","children":[{"text":"Eu estou analisando aqui seu caso, aguarde um momento por favor."}]}]},"groupId":"lfx5hqvc71vxuk6u67ffd1jv"},{"id":"wpsq4kwyqteqd6awhzjwv3xg","type":"Wait","groupId":"lfx5hqvc71vxuk6u67ffd1jv","options":{"secondsToWaitFor":"9"}},{"id":"pyqi75p015k8xbyomnyrzc1k","type":"audio","content":{"url":"https://s3.fr-par.scw.cloud/typebot/public/typebots/r1ft5qpa2r85d21pwvnb6ho6/blocks/pyqi75p015k8xbyomnyrzc1k?v=1689946038893"},"groupId":"lfx5hqvc71vxuk6u67ffd1jv"},{"id":"y6kuazmzjo9wr7ra6x2kftxd","type":"Wait","groupId":"lfx5hqvc71vxuk6u67ffd1jv","options":{"secondsToWaitFor":"6"}},{"id":"ul2bih8tcy0ossaz3bl0u9oh","type":"audio","content":{"url":"https://s3.fr-par.scw.cloud/typebot/public/typebots/r1ft5qpa2r85d21pwvnb6ho6/blocks/ul2bih8tcy0ossaz3bl0u9oh?v=1689946055222"},"groupId":"lfx5hqvc71vxuk6u67ffd1jv"},{"id":"wzk1b9ltuaei3wuqehoiq2ly","type":"Wait","groupId":"lfx5hqvc71vxuk6u67ffd1jv","options":{"secondsToWaitFor":"6"}},{"id":"od57u6izr5l7ve0527sjocou","type":"audio","content":{"url":"https://s3.fr-par.scw.cloud/typebot/public/typebots/r1ft5qpa2r85d21pwvnb6ho6/blocks/od57u6izr5l7ve0527sjocou?v=1689946079359"},"groupId":"lfx5hqvc71vxuk6u67ffd1jv"},{"id":"z1nk4ejbkrh65oxti0p9a73z","type":"Wait","groupId":"lfx5hqvc71vxuk6u67ffd1jv","options":{"secondsToWaitFor":"6"}},{"id":"p31sxlhp0uxzuk6s5lbjirn3","type":"text","content":{"richText":[{"type":"p","children":[{"text":"Podemos continuar a sua consulta?"}]}]},"groupId":"lfx5hqvc71vxuk6u67ffd1jv"},{"id":"at8qjvg0o7vbdj1r5wx1dc6v","type":"choice input","items":[{"id":"okresqmddf20uwlecnkznsx5","type":0,"blockId":"at8qjvg0o7vbdj1r5wx1dc6v","content":"Sim, podemos!","outgoingEdgeId":"fis7zbeb5bkwbl4ywft2gzpb"}],"groupId":"lfx5hqvc71vxuk6u67ffd1jv","options":{"buttonLabel":"Send","isSearchable":false,"isMultipleChoice":false,"searchInputPlaceholder":"Filter the options..."}}],"graphCoordinates":{"x":-1034.51,"y":22.07}},{"id":"wwugs9wzmc9fkq3e59lfvhkl","title":"Group #7","blocks":[{"id":"vq2wqekzomicwqw9i6kigwwq","type":"Redirect","groupId":"wwugs9wzmc9fkq3e59lfvhkl","options":{"url":"https://go.perfectpay.com.br/PPU38CMOM23","isNewTab":false}}],"graphCoordinates":{"x":634.57,"y":1349.39}}],"variables":[{"id":"vprp91gkcj6ooz2wteh9qrvjn","name":"NOME"},{"id":"vylhptebpxvgxs98ah9vf9q1p","name":"PESO"},{"id":"vpel0viottucscnen8zdlejaf","name":"IDADE"},{"id":"vlnuxmidqsek5hmsy83v55c7h","name":"PERDER"},{"id":"va2xubuj795oo62rxwti3hudj","name":"TEMPO"}],"edges":[{"id":"wdtr6mgx0u5d4b1gk9iyh40v","to":{"blockId":"qxhdyp7zce3in4k4hozn96ij","groupId":"lfx5hqvc71vxuk6u67ffd1jv"},"from":{"blockId":"c8zvdcs07rxg9q2yckyprsyn","groupId":"kqom34zgkh8gapkoazmerga9"}},{"id":"pnvzgptu3jj483lebd6p6bbw","to":{"blockId":"kl16bf94mpvm7ux0w9yhaksc","groupId":"kqom34zgkh8gapkoazmerga9"},"from":{"blockId":"cx5iel8jxfo4caorf8rnjiw0","groupId":"ea9iifq78e0r3p4pc5lv787m"}},{"id":"fis7zbeb5bkwbl4ywft2gzpb","to":{"groupId":"talyhjpybmjomkvhm4p0960f"},"from":{"itemId":"okresqmddf20uwlecnkznsx5","blockId":"at8qjvg0o7vbdj1r5wx1dc6v","groupId":"lfx5hqvc71vxuk6u67ffd1jv"}},{"id":"ykaaqyhtq27emqtk62exjprp","to":{"groupId":"d0f6wlp5x4ipthhmlcdl198w"},"from":{"itemId":"cqeo785e0p8lc035hjwoga3s","blockId":"ar5ypkxn4betjz3gdx5l5lys","groupId":"talyhjpybmjomkvhm4p0960f"}},{"id":"xbjdt40y7dau9x5o55ouo0ui","to":{"groupId":"m2iyny02r2oy77ngy1gwf87g"},"from":{"itemId":"btllajnecmlbds7yw14mcjx9","blockId":"s3drz0ul6o39vlofas9co1h1","groupId":"d0f6wlp5x4ipthhmlcdl198w"}},{"id":"r4xe42l484n12q1ptxlnunoe","to":{"groupId":"wwugs9wzmc9fkq3e59lfvhkl"},"from":{"itemId":"vzu8kvlvuwpox0axqg0t9oof","blockId":"cdiz1ejiaafceza5cwd1ya51","groupId":"m2iyny02r2oy77ngy1gwf87g"}},{"id":"qs80v03fdq7dwjia1g59ei8h","to":{"groupId":"lfx5hqvc71vxuk6u67ffd1jv"},"from":{"itemId":"cigszfogy5e8w000i07vu0rl","blockId":"c8zvdcs07rxg9q2yckyprsyn","groupId":"kqom34zgkh8gapkoazmerga9"}},{"id":"r7pnbhm6it8e0lnikrxongid","to":{"groupId":"wwugs9wzmc9fkq3e59lfvhkl"},"from":{"blockId":"gqbsqg0zi4fz3ltizafjjpga","groupId":"m2iyny02r2oy77ngy1gwf87g"}}],"theme":{"chat":{"inputs":{"color":"#000000","backgroundColor":"#FFFFFF","placeholderColor":"#28292a"},"buttons":{"color":"#FFFFFF","backgroundColor":"#128C7E"},"roundness":"medium","hostAvatar":{"url":"https://s3.fr-par.scw.cloud/typebot/public/typebots/r1ft5qpa2r85d21pwvnb6ho6/hostAvatar?v=1689949940813","isEnabled":true},"guestAvatar":{"url":"https://s3.fr-par.scw.cloud/typebot/public/typebots/r1ft5qpa2r85d21pwvnb6ho6/guestAvatar?v=1689950013343","isEnabled":false},"hostBubbles":{"color":"#303235","backgroundColor":"#FFFFFF"},"guestBubbles":{"color":"#303235","backgroundColor":"#e1ffc7"}},"general":{"font":"Open Sans","background":{"type":"Image","content":"https://s3.fr-par.scw.cloud/typebot/public/typebots/cli88mae30010mh0f0yzjqn48/background?v=1685470080750"}},"customCss":".typebot-chat-view > .flex:first-child {\n    padding-top: 30px;\n}\n\n.typebot-input {\n    position: fixed;\n    bottom: 0;\n    align-items: center;\n    z-index: 999;\n    right: 0;\n}\n\n.typebot-input .typebot-button {\n    background: #008a7c;\n    border-radius: 50%;\n    color: #fff;\n    position: relative;\n    width: 50px;\n    height: 50px;\n    display: flex;\n    align-items: center;\n    justify-content: center;\n}\n\n.typebot-container {\n    background-size: initial!important;\n    background-repeat: repeat-x!important;\n}\n\n.typebot-host-bubble>.bubble-typing {\n  border-radius: 0 5px 5px 5px;\n}\n\n.typebot-host-bubble>.bubble-typing:after {\n    position: absolute;\n    content: \"\";\n    width: 0;\n    height: 0;\n    border-style: solid;\n    border-width: 0px 10px 10px 0;\n    border-color: transparent #fff transparent transparent;\n    top: 0;\n    left: -10px;\n}\n\n.typebot-guest-bubble {\n  position: relative;\n  border-radius: 5px 0 5px 5px;\n}\n\n.typebot-guest-bubble:after {\n  position: absolute;\n  content: \"\";\n  width: 0;\n  height: 0;\n  border-style: solid;\n}\n\n.typebot-guest-bubble:after {\n    border-width: 0px 0 10px 10px;\n    border-color: transparent transparent transparent #e1ffc7;\n    top: 0;\n    right: -10px;\n    border-style: solid;\n}\n\niframe[src=\"\"] {\n  position: fixed;\n  top: 0;\n  left: 0;\n  display: relative;\n  width: 100%;\n  height: 100% !important;\n  z-index: 999999;\n  border: none;\n  padding: 0;\n  margin: 0;\n}\n\na#lite-badge {\n  display: none!important;\n}"},"settings":{"general":{"rememberUser":{"isEnabled":false},"isBrandingEnabled":true,"isInputPrefillEnabled":false,"isHideQueryParamsEnabled":false},"metadata":{"title":"WhatsApp Web","imageUrl":"https://s3.fr-par.scw.cloud/typebot/public/typebots/r1ft5qpa2r85d21pwvnb6ho6/ogImage?v=1689951764526","favIconUrl":"https://s3.fr-par.scw.cloud/typebot/public/typebots/r1ft5qpa2r85d21pwvnb6ho6/favIcon?v=1689950338596","description":"Faça agora sua consulta com Dra. Fernanda no WhatsApp.","customHeadCode":"<!-- Meta Pixel Code -->\n<script>\n  !function(f,b,e,v,n,t,s)\n  {if(f.fbq)return;n=f.fbq=function(){n.callMethod?\n  n.callMethod.apply(n,arguments):n.queue.push(arguments)};\n  if(!f._fbq)f._fbq=n;n.push=n;n.loaded=!0;n.version='2.0';\n  n.queue=[];t=b.createElement(e);t.async=!0;\n  t.src=v;s=b.getElementsByTagName(e)[0];\n  s.parentNode.insertBefore(t,s)}(window, document,'script',\n  'https://connect.facebook.net/en_US/fbevents.js');\n  fbq('init', '1299923650728092');\n  fbq('track', 'PageView');\n</script>\n<noscript><img height=\"1\" width=\"1\" style=\"display:none\"\n  src=\"https://www.facebook.com/tr?id=1299923650728092&ev=PageView&noscript=1\"\n/></noscript>\n<!-- End Meta Pixel Code -->\n \n</script>\n<!-- End Facebook Pixel Code -->\n<link rel=\"stylesheet\" href=\"https://cdnjs.cloudflare.com/ajax/libs/material-design-iconic-font/2.2.0/css/material-design-iconic-font.min.css\">\n<style>\n  .hide {\n    display: none!important;\n  }\n  typebot-standard {\n    position: relative;\n    z-index: 9999;\n  }\n  #__next {\n    position: relative;\n    z-index: 9999;\n}\n  /* User Bar */\n.user-bar {\n  width: 100%;\n  height: 55px;\n  background: #005e54;\n  color: #fff;\n  padding: 0;\n  font-size: 24px;\n  position: fixed;\n  z-index: 99999;\n  display: block;\n  top: 0;\n}\n\n.user-bar:after {\n  content: \"\";\n  display: table;\n  clear: both;\n}\n\n.user-bar div {\n    float: left;\n    transform: translateY(-50%);\n    position: relative;\n    top: 50%;\n    margin-left: 10px;\n}\n\n.user-bar .actions {\n  float: right;\n  margin: 0 0 0 20px;\n}\n\n.user-bar .actions.more {\n  margin: 0 12px 0 32px;\n}\n\n.user-bar .actions.attachment {\n  margin: 0 0 0 30px;\n}\n\n.user-bar .actions.attachment i {\n  display: block;\n  transform: rotate(-45deg);\n}\n\n.user-bar .avatar {\n  margin: 0 0 0 5px;\n  width: 36px;\n  height: 36px;\n}\n\n.user-bar .avatar img {\n  border-radius: 50%;\n  box-shadow: 0 1px 0 rgba(255, 255, 255, 0.1);\n  display: block;\n  width: 100%;\n}\n\n.user-bar .name {\n  font-size: 17px;\n  font-weight: 600;\n  text-overflow: ellipsis;\n  letter-spacing: 0.3px;\n  margin: 0 0 0 8px;\n  overflow: hidden;\n  white-space: nowrap;\n  width: 150px;\n}\n\n.user-bar .status {\n  display: block;\n  font-size: 13px;\n  font-weight: 400;\n  letter-spacing: 0;\n}\n</style>\n\n<script>\nfunction criarBarra() {\n  var userBar = document.createElement(\"div\");\n  userBar.className = \"user-bar\";\n\n  var backButton = document.createElement(\"div\");\n  backButton.className = \"back\";\n  backButton.innerHTML = '<i class=\"zmdi zmdi-arrow-left\"></i>';\n\n  var avatar = document.createElement(\"div\");\n  avatar.className = \"avatar\";\n  avatar.innerHTML = '<img src=\"https://i.postimg.cc/9QhMMLSY/host-Avatar.png\" alt=\"Dra Fernanda\">';\n\n  var name = document.createElement(\"div\");\n  name.className = \"name\";\n  name.innerHTML = '<span>Dra. Fernanda</span><span class=\"status\">online</span>';\n\n  var moreActions = document.createElement(\"div\");\n  moreActions.className = \"actions more\";\n  moreActions.innerHTML = '<i class=\"zmdi zmdi-more-vert\"></i>';\n\n  var attachmentAction = document.createElement(\"div\");\n  attachmentAction.className = \"actions attachment\";\n  attachmentAction.innerHTML = '<i class=\"zmdi zmdi-attachment-alt\"></i>';\n\n  var phoneAction = document.createElement(\"div\");\n  phoneAction.className = \"actions\";\n  phoneAction.innerHTML = '<i class=\"zmdi zmdi-phone\"></i>';\n\n  userBar.appendChild(backButton);\n  userBar.appendChild(avatar);\n  userBar.appendChild(name);\n  userBar.appendChild(moreActions);\n  userBar.appendChild(attachmentAction);\n  userBar.appendChild(phoneAction);\n\n  var elementoPai = document.querySelector(\"#__next\");\n  if (elementoPai) {\n    elementoPai.insertBefore(userBar, elementoPai.firstChild);\n  }\n}\n\ncriarBarra();\n</script>\n"},"typingEmulation":{"speed":300,"enabled":true,"maxDelay":1.5}}}