{"id":"clktwyb9u006al00f71dcy5lj","version":"3","groups":[{"id":"li1j3pm1dx19dlp94l6cjpbj","title":"Start","blocks":[{"id":"cx5iel8jxfo4caorf8rnjiw0","type":"start","label":"Start","groupId":"li1j3pm1dx19dlp94l6cjpbj","outgoingEdgeId":"qvuklfb96omlturiuc0agl3b"}],"graphCoordinates":{"x":-1820.31,"y":-88.7}},{"id":"wxilsffz73ncx0pbk9qx2spt","title":"","blocks":[{"id":"kl16bf94mpvm7ux0w9yhaksc","type":"text","content":{"richText":[{"type":"p","children":[{"text":"Olá, seja bem vinda!"}]},{"type":"p","children":[{"text":""}]},{"type":"p","children":[{"text":"Sou a Georgina, especialista do LibidGotas."}]},{"type":"p","children":[{"text":""}]},{"type":"p","children":[{"text":"Vou te explicar tudo sobre o produto, mas antes veja a matéria da Globo abaixo:"}]}]},"groupId":"wxilsffz73ncx0pbk9qx2spt"},{"id":"h9jhpsm5w83cfrwtlqtvsd38","type":"Wait","groupId":"wxilsffz73ncx0pbk9qx2spt","options":{"secondsToWaitFor":"2"}},{"id":"g91i1t2tlt9qkl5dvxggin3o","type":"image","content":{"url":"https://i.postimg.cc/xjpnTSTM/Whats-App-Image-2023-08-02-at-13-57-49.jpg"},"groupId":"wxilsffz73ncx0pbk9qx2spt"},{"id":"krusqos3u017ubhljkmam0zs","type":"Wait","groupId":"wxilsffz73ncx0pbk9qx2spt","options":{"secondsToWaitFor":"5"},"outgoingEdgeId":"lugxgu72m1lhf099dyv91fnw"}],"graphCoordinates":{"x":-1435.31,"y":23.22}},{"id":"nbu3b8w9256fdwa8vhqbh3ic","title":"","blocks":[{"id":"p72v7j6oia4oy91v9dwbeind","type":"text","content":{"richText":[{"type":"p","children":[{"text":"Ótimo, sem dúvida o LibidGotas vai funcionar pra você {{NOME}} !!"}]},{"type":"p","children":[{"text":""}]},{"type":"p","children":[{"text":"Vou te explicar como ele funciona e passar todas as informações:"}]},{"type":"p","children":[{"text":""}]},{"type":"p","children":[{"text":""}]},{"type":"p","children":[{"text":"Se seu problema for"},{"bold":true,"text":" falta de libido, menopausa e falta de desejo sexual,"},{"text":" ESCUTE O ÁUDIO ABAIXO:"}]},{"type":"p","children":[{"text":""}]},{"type":"p","children":[{"text":"👇👇"}]}]},"groupId":"nbu3b8w9256fdwa8vhqbh3ic"},{"id":"nezqwo0134rmja39k4nq1bqg","type":"Wait","groupId":"nbu3b8w9256fdwa8vhqbh3ic","options":{"secondsToWaitFor":"5"}},{"id":"iiqgyr6gccmrp14cpq9jqwdw","type":"audio","content":{"url":"https://s3.fr-par.scw.cloud/typebot/public/typebots/qtdq6krb3rani5og711cqe0x/blocks/iiqgyr6gccmrp14cpq9jqwdw?v=1689045128863"},"groupId":"nbu3b8w9256fdwa8vhqbh3ic"},{"id":"foinnrs13xh3rn079jg61i57","type":"Wait","groupId":"nbu3b8w9256fdwa8vhqbh3ic","options":{"secondsToWaitFor":"38"}},{"id":"kz5qvkzrwgwknvgjbrka2sdr","type":"image","content":{"url":"https://s3.fr-par.scw.cloud/typebot/public/typebots/qtdq6krb3rani5og711cqe0x/blocks/kz5qvkzrwgwknvgjbrka2sdr?v=1689045198954"},"groupId":"nbu3b8w9256fdwa8vhqbh3ic"},{"id":"zui2rgpps5hpl8ojufhjt71p","type":"Wait","groupId":"nbu3b8w9256fdwa8vhqbh3ic","options":{"secondsToWaitFor":"5"}},{"id":"u3zjujmbslp7ugu6q30vbxdf","type":"text","content":{"richText":[{"type":"p","children":[{"text":"Vou te explicar "},{"bold":true,"text":"porque isso está acontecendo com você"},{"text":", e principalmente se você estiver na MENOPAUSA ou se você já passou por ela, vai te ajudar muito!"}]},{"type":"p","children":[{"text":""}]},{"type":"p","children":[{"text":""}]},{"type":"p","children":[{"bold":true,"text":"Escute o áudio abaixo:","italic":true}]}]},"groupId":"nbu3b8w9256fdwa8vhqbh3ic"},{"id":"pa748rxzz8hidlgisorjbfa7","type":"audio","content":{"url":"https://s3.fr-par.scw.cloud/typebot/public/typebots/qtdq6krb3rani5og711cqe0x/blocks/pa748rxzz8hidlgisorjbfa7?v=1689045680690"},"groupId":"nbu3b8w9256fdwa8vhqbh3ic"},{"id":"i8eaiog06bnm6jteb2ockuxz","type":"Wait","groupId":"nbu3b8w9256fdwa8vhqbh3ic","options":{"secondsToWaitFor":"67"}},{"id":"v9chhjdinw6ehs94eym5pfup","type":"text","content":{"richText":[{"type":"p","children":[{"text":"Olha só esse gráfico que mostra hoje como você está e "},{"bold":true,"text":"como você vai ficar tomando o Libidgotas:"}]},{"type":"p","children":[{"text":""}]},{"type":"p","children":[{"text":"👇👇"}]}]},"groupId":"nbu3b8w9256fdwa8vhqbh3ic"},{"id":"alverzlqc7z3vhxbdqa7f17j","type":"Wait","groupId":"nbu3b8w9256fdwa8vhqbh3ic","options":{"secondsToWaitFor":"2"}},{"id":"fuhtqt7mym9hwbu57x3v33hi","type":"image","content":{"url":"https://s3.fr-par.scw.cloud/typebot/public/typebots/qtdq6krb3rani5og711cqe0x/blocks/fuhtqt7mym9hwbu57x3v33hi?v=1689045827849"},"groupId":"nbu3b8w9256fdwa8vhqbh3ic"},{"id":"nrmdq8t2sc0et10xhdjfmxtu","type":"Wait","groupId":"nbu3b8w9256fdwa8vhqbh3ic","options":{"secondsToWaitFor":"5"}},{"id":"jgkvro7w96rqd2kk1h589yri","type":"text","content":{"richText":[{"type":"p","children":[{"text":"Bom, agora vou te mandar um áudio pra te explicar "},{"bold":true,"text":"como o LIBIDGOTAS vai te ajudar"},{"text":" em todos esses efeitos, tá bom?!"}]},{"type":"p","children":[{"text":""}]},{"type":"p","children":[{"text":""}]},{"type":"p","children":[{"bold":true,"text":"👉 ELE é 100% NATURAL"},{"text":", não tem efeito colateral nenhum, e nenhuma contraindicação, e vai te ajudar da seguinte forma:"}]},{"type":"p","children":[{"text":""}]},{"type":"p","children":[{"bold":true,"text":"Escute o áudio:","italic":true}]}]},"groupId":"nbu3b8w9256fdwa8vhqbh3ic"},{"id":"r4eb79v9uaypgtwe9ncs64b4","type":"audio","content":{"url":"https://s3.fr-par.scw.cloud/typebot/public/typebots/qtdq6krb3rani5og711cqe0x/blocks/r4eb79v9uaypgtwe9ncs64b4?v=1689045962968"},"groupId":"nbu3b8w9256fdwa8vhqbh3ic"},{"id":"jkg9bumbkyv5joxj05xb9lhl","type":"Wait","groupId":"nbu3b8w9256fdwa8vhqbh3ic","options":{"secondsToWaitFor":"60"}},{"id":"ll5p3zegi56wbnm0oe6wiuu9","type":"text","content":{"richText":[{"type":"p","children":[{"text":"Só pra você ter uma ideia de como vai ficar sua libido, olha só o que nossas clientes que já utilizam o "},{"bold":true,"text":"LIBIDGOTAS"},{"text":" disseram:"}]},{"type":"p","children":[{"text":""}]},{"type":"p","children":[{"text":"🔥🔥🔥🔥🔥"}]}]},"groupId":"nbu3b8w9256fdwa8vhqbh3ic"},{"id":"oyp57v9cswj8q10tt0zybr3o","type":"Wait","groupId":"nbu3b8w9256fdwa8vhqbh3ic","options":{"secondsToWaitFor":"3"}},{"id":"pxsw0owu5yfb4vi9azgpnf28","type":"embed","content":{"url":"https://scripts.converteai.net/5f48078c-aa32-453e-bc91-78d301a72377/players/64a85bde01f8d3000957f485/embed.html","height":600},"groupId":"nbu3b8w9256fdwa8vhqbh3ic"},{"id":"wm72zw11vyns90zbcesv222w","type":"Wait","groupId":"nbu3b8w9256fdwa8vhqbh3ic","options":{"secondsToWaitFor":"35"}},{"id":"i1cy6m1c6arplp351txg3slr","type":"text","content":{"richText":[{"type":"p","children":[{"text":"Veja também o relato da Ângela.."}]}]},"groupId":"nbu3b8w9256fdwa8vhqbh3ic"},{"id":"tsgfgr487t7njui4bj2xylxa","type":"embed","content":{"url":"https://scripts.converteai.net/5f48078c-aa32-453e-bc91-78d301a72377/players/64a86159780f700008d98201/embed.html","height":400},"groupId":"nbu3b8w9256fdwa8vhqbh3ic"},{"id":"ud3arlkt1z4v6lv1sfnylrdt","type":"Wait","groupId":"nbu3b8w9256fdwa8vhqbh3ic","options":{"secondsToWaitFor":"15"}},{"id":"x8qokhka5shz51di7tr2iior","type":"text","content":{"richText":[{"type":"p","children":[{"bold":true,"text":"Você"},{"text":" "},{"bold":true,"text":"ficaria"},{"text":" "},{"bold":true,"text":"feliz"},{"text":" com esses resultados?"}]},{"type":"p","children":[{"text":""}]},{"type":"p","children":[{"text":"É isso mesmo que você procura?"}]},{"type":"p","children":[{"text":""}]},{"type":"p","children":[{"text":"Digite para responder abaixo👇","italic":true}]}]},"groupId":"nbu3b8w9256fdwa8vhqbh3ic"},{"id":"b2923j6eho3hoitcyt7t2elu","type":"text input","groupId":"nbu3b8w9256fdwa8vhqbh3ic","options":{"isLong":false,"labels":{"button":"Enviar","placeholder":"Digite aqui..."}},"outgoingEdgeId":"rjjlv6i99qyld04cijpk8rs9"}],"graphCoordinates":{"x":-645.8,"y":10.11}},{"id":"tebkfiewsxay7hz0sr0ia5n0","title":"","blocks":[{"id":"szqj8qbpnnn3umgtu2073413","type":"text","content":{"richText":[{"type":"p","children":[{"text":"Que bom!"}]},{"type":"p","children":[{"text":""}]},{"type":"p","children":[{"text":"Esses são os benefícios do LibidGotas"}]}]},"groupId":"tebkfiewsxay7hz0sr0ia5n0"},{"id":"txkzg3nq7zg9xg4ip5kaicx9","type":"Wait","groupId":"tebkfiewsxay7hz0sr0ia5n0","options":{"secondsToWaitFor":"5"}},{"id":"f79ru6dedcyjtkkye1yid1v3","type":"text","content":{"richText":[{"type":"p","children":[{"text":"✅ Recupera Libido"}]},{"type":"p","children":[{"text":"✅ Aumenta "},{"bold":true,"text":"Desejo Sexual"}]},{"type":"p","children":[{"text":"✅ Intensifica o Orgasmo"}]},{"type":"p","children":[{"text":"✅ Acaba com a "},{"bold":true,"text":"MENOPAUSA"}]},{"type":"p","children":[{"text":"✅ Diminui o Estresse"}]},{"type":"p","children":[{"text":"✅ Melhora seu Relacionamento"}]},{"type":"p","children":[{"text":"✅ Mais apetite sexual"}]},{"type":"p","children":[{"text":"✅ Sensação de bem estar"}]},{"type":"p","children":[{"text":"✅ Controla os Hormônios"}]}]},"groupId":"tebkfiewsxay7hz0sr0ia5n0"},{"id":"ajrb9odpovoh1qrju3wubv7r","type":"Wait","groupId":"tebkfiewsxay7hz0sr0ia5n0","options":{"secondsToWaitFor":"3"},"outgoingEdgeId":"j87vag1ckdhlh8cewkqai1i0"}],"graphCoordinates":{"x":-228.82,"y":191.38}},{"id":"bfhxmfyhcjfiiwog5dls1qat","title":"","blocks":[{"id":"qxhdyp7zce3in4k4hozn96ij","type":"text","content":{"richText":[{"type":"p","children":[{"text":"Antes de te explicar como o LibiGotas funciona, digite abaixo "},{"bold":true,"text":"qual é o seu nome?"}]}]},"groupId":"bfhxmfyhcjfiiwog5dls1qat"},{"id":"q3rvxxs1d0r6qx8w6wb9m885","type":"text input","groupId":"bfhxmfyhcjfiiwog5dls1qat","options":{"isLong":false,"labels":{"button":"Enviar","placeholder":"Digite aqui..."},"variableId":"vprp91gkcj6ooz2wteh9qrvjn"}},{"id":"ibeuzwc2c71nxwwjsjsg9kko","type":"Wait","groupId":"bfhxmfyhcjfiiwog5dls1qat","options":{"secondsToWaitFor":"2"}},{"id":"xkg9szzgjfbtoemo7oeknl5q","type":"text","content":{"richText":[{"type":"p","children":[{"bold":true,"text":"Prazer {{NOME}}!!"}]},{"type":"p","children":[{"bold":true,"text":""}]},{"type":"p","children":[{"text":"Agora me fala, qual a sua idade? "}]}]},"groupId":"bfhxmfyhcjfiiwog5dls1qat"},{"id":"ah1goctrasf4i1qewtq9ryur","type":"text input","groupId":"bfhxmfyhcjfiiwog5dls1qat","options":{"isLong":false,"labels":{"button":"ENVIAR!","placeholder":"Digite sua idade aqui"},"variableId":"vpel0viottucscnen8zdlejaf"}},{"id":"wtxncshnabpy93ppl1lw14r0","type":"Wait","groupId":"bfhxmfyhcjfiiwog5dls1qat","options":{"secondsToWaitFor":"2"},"outgoingEdgeId":"s1xirwnq9dg5ns8a3hfsns6x"}],"graphCoordinates":{"x":-1027.59,"y":100.48}},{"id":"p5iput5chjv82fnalkgng1pc","title":"","blocks":[{"id":"ysyauwfzpoysk5vky1w7t2b9","type":"audio","content":{"url":"https://s3.fr-par.scw.cloud/typebot/public/typebots/phcbbvlpau0aofnkjzj9e6h2/blocks/ysyauwfzpoysk5vky1w7t2b9?v=1688759752198"},"groupId":"p5iput5chjv82fnalkgng1pc"},{"id":"kvb6xw9kzh1nyw4r1mcpqw07","type":"Wait","groupId":"p5iput5chjv82fnalkgng1pc","options":{"secondsToWaitFor":"50"}},{"id":"lpn0q27ue5pm7yatloo6ws5p","type":"image","content":{"url":"https://s3.fr-par.scw.cloud/typebot/public/typebots/phcbbvlpau0aofnkjzj9e6h2/blocks/lpn0q27ue5pm7yatloo6ws5p?v=1688759857487"},"groupId":"p5iput5chjv82fnalkgng1pc"},{"id":"xrywwv5mork1ku0zhzya1gxz","type":"text","content":{"richText":[{"type":"p","children":[{"bold":true,"text":"E funciona para mulheres de TODAS AS IDADES!"}]},{"type":"p","children":[{"text":""}]},{"type":"p","children":[{"text":"Olha só o relato dessas clientes que estão tomando.."}]}]},"groupId":"p5iput5chjv82fnalkgng1pc"},{"id":"a5ezenw3ef1dbl908ain85kl","type":"Wait","groupId":"p5iput5chjv82fnalkgng1pc","options":{"secondsToWaitFor":"3"}},{"id":"qzhlh2olgj3k6r76pd6nicwn","type":"embed","content":{"url":"https://scripts.converteai.net/5f48078c-aa32-453e-bc91-78d301a72377/players/64a870f9f6efcf00093d4d02/embed.html","height":400},"groupId":"p5iput5chjv82fnalkgng1pc"},{"id":"k4xhppnpljcvi81lvgseoh0r","type":"Wait","groupId":"p5iput5chjv82fnalkgng1pc","options":{"secondsToWaitFor":"35"},"outgoingEdgeId":"m688zss3m6ffe95c4j1od8ls"}],"graphCoordinates":{"x":162.15,"y":31.21}},{"id":"ml2zy4pxrzq5q17pnbpbi5ul","title":"","blocks":[{"id":"ezucu11uhgj1bmtkbljkg90u","type":"text","content":{"richText":[{"type":"p","children":[{"text":"{{NOME}}, para você garantir seu LidibGotas..."}]},{"type":"p","children":[{"text":""}]},{"type":"p","children":[{"text":""}]},{"type":"p","children":[{"text":"Hoje estamos com "},{"bold":true,"text":"SUPER"},{"text":" "},{"bold":true,"text":"DESCONTO"}]}]},"groupId":"ml2zy4pxrzq5q17pnbpbi5ul"},{"id":"tb0i4tslst2etpa0vonu4y55","type":"text","content":{"richText":[{"type":"p","children":[{"text":"Vou deixar abaixo os valores, "},{"bold":true,"text":"quanto mais frascos você comprar, mais barato vai ficar!"}]},{"type":"p","children":[{"text":""}]},{"type":"p","children":[{"text":"O ideal é que você use por pelo menos 2 meses, por isso indicamos a compra de pelo menos 3 frascos, tá bom?!"}]},{"type":"p","children":[{"text":""}]},{"type":"p","children":[{"bold":true,"text":"Clique no kit que você deseja levar 👇👇","italic":true}]}]},"groupId":"ml2zy4pxrzq5q17pnbpbi5ul"},{"id":"tzx079oy5blalafb5px5zeyz","type":"picture choice input","items":[{"id":"qe8i7kiebt02l8qq3kmsvjeu","type":3,"title":"1 frasco por R$ 169,90","blockId":"tzx079oy5blalafb5px5zeyz","pictureSrc":"https://i.postimg.cc/xdVfPCxB/1-FRASCO.png","description":"1 frasco de libidogtas com FRETE GRÁTIS","outgoingEdgeId":"nhpbzteciqzzymrj0g7nxuic"},{"id":"su55p3p26n4trzc31v453van","type":3,"title":"3 frascos por R$ 299,90","blockId":"tzx079oy5blalafb5px5zeyz","pictureSrc":"https://i.postimg.cc/5yrY9J41/3-FRASCOS-2.png","description":"Por apenas R$ 99,96 CADA FRASCO |40% de Desconto comprando os 3!","outgoingEdgeId":"haak6bdxlwp3txck1s3yr6su"},{"id":"w54s48v236t1ccm1m2k9wn8p","type":3,"title":"6 FRASCOS por R$ 399,90","blockId":"tzx079oy5blalafb5px5zeyz","pictureSrc":"https://i.postimg.cc/cCcWTMzz/6-FRASCOS-3.png","description":"Apenas R$ 66,65 CADA FRASCO |60% de Desconto comprando os 6!","outgoingEdgeId":"fcizdv2cu8a7g22h2klcnjhw"}],"groupId":"ml2zy4pxrzq5q17pnbpbi5ul","options":{"buttonLabel":"Send","searchInputPlaceholder":"Filter the options..."}},{"id":"jdsp18fpd2omsf28cxbffdha","type":"Wait","groupId":"ml2zy4pxrzq5q17pnbpbi5ul","options":{"secondsToWaitFor":"3"}},{"id":"pw87z89rwreevubfgv8ekjjn","type":"text","content":{"richText":[{"type":"p","children":[{"text":"Se você ainda tiver dúvidas, "},{"bold":true,"text":"clique na imagem abaixo"},{"text":" que com certeza um de nossos atendentes irá te ajudar! "},{"bold":true,"text":"👇👇","italic":true}]}]},"groupId":"ml2zy4pxrzq5q17pnbpbi5ul"},{"id":"pll1j6r8hyv56jbsvdy1wjki","type":"image","content":{"url":"https://i.postimg.cc/XN1WhTCx/Design-sem-nome-1.png"},"groupId":"ml2zy4pxrzq5q17pnbpbi5ul","outgoingEdgeId":"p0bctbqacch7qw1r6zx9loxu"}],"graphCoordinates":{"x":649.98,"y":289.32}},{"id":"ujohvm368eehdm61nfzcoi11","title":"","blocks":[{"id":"j6d0bi9ikjbh8da7pw69wfuh","type":"Redirect","groupId":"ujohvm368eehdm61nfzcoi11","options":{"url":"https://ev.braip.com/campanhas/cpa/camjk1x05","isNewTab":false}}],"graphCoordinates":{"x":1336.9,"y":763.2}},{"id":"snxucku7a27ougte8c1oi84o","title":"","blocks":[{"id":"xi6ie9awdevn0alycow297c3","type":"Redirect","groupId":"snxucku7a27ougte8c1oi84o","options":{"url":"https://ev.braip.com/campanhas/cpa/camjk1xgz","isNewTab":false}}],"graphCoordinates":{"x":1368.25,"y":1220.24}},{"id":"gcfilg8foakd7jtm6pkaf6rq","title":"","blocks":[{"id":"onyi4hlbj1lncxyxzxv5j2c5","type":"Redirect","groupId":"gcfilg8foakd7jtm6pkaf6rq","options":{"url":"https://ev.braip.com/campanhas/cpa/cam1jynp9","isNewTab":false}}],"graphCoordinates":{"x":1335.07,"y":1008.95}},{"id":"m6pddz7ld51cnnopdaybr6ed","title":"Atendimento","blocks":[{"id":"sl33cffnl3wfjzxr0vnz3vn0","type":"choice input","items":[{"id":"mcj80di5ay3ogeosrtxe6pqs","type":0,"blockId":"sl33cffnl3wfjzxr0vnz3vn0","content":"Quero falar com atendente","outgoingEdgeId":"tgmwot6d1erge9ttfw5ulquh"}],"groupId":"m6pddz7ld51cnnopdaybr6ed","options":{"buttonLabel":"Send","isSearchable":false,"isMultipleChoice":false,"searchInputPlaceholder":"Filter the options..."}}],"graphCoordinates":{"x":1246.61,"y":1578.17}},{"id":"bmtisk7ala4ub8yvpiyfv3l7","title":"WhatsApp","blocks":[{"id":"qandyq60tqtx2qko54wq7om4","type":"Redirect","groupId":"bmtisk7ala4ub8yvpiyfv3l7","options":{"url":"https://api.whatsapp.com/send?phone=555181442479&text=Ol%C3%A1,%20ainda%20tenho%20d%C3%BAvidas%20sobre%20o%20Libid%20Gotas..","isNewTab":false}}],"graphCoordinates":{"x":1651.61,"y":1605.67}}],"variables":[{"id":"vprp91gkcj6ooz2wteh9qrvjn","name":"NOME"},{"id":"vylhptebpxvgxs98ah9vf9q1p","name":"PESO"},{"id":"vpel0viottucscnen8zdlejaf","name":"IDADE"},{"id":"vlnuxmidqsek5hmsy83v55c7h","name":"PERDER"},{"id":"va2xubuj795oo62rxwti3hudj","name":"TEMPO"}],"edges":[{"id":"qvuklfb96omlturiuc0agl3b","to":{"blockId":"kl16bf94mpvm7ux0w9yhaksc","groupId":"wxilsffz73ncx0pbk9qx2spt"},"from":{"blockId":"cx5iel8jxfo4caorf8rnjiw0","groupId":"li1j3pm1dx19dlp94l6cjpbj"}},{"id":"nhpbzteciqzzymrj0g7nxuic","to":{"blockId":"j6d0bi9ikjbh8da7pw69wfuh","groupId":"ujohvm368eehdm61nfzcoi11"},"from":{"itemId":"qe8i7kiebt02l8qq3kmsvjeu","blockId":"tzx079oy5blalafb5px5zeyz","groupId":"ml2zy4pxrzq5q17pnbpbi5ul"}},{"id":"fcizdv2cu8a7g22h2klcnjhw","to":{"groupId":"snxucku7a27ougte8c1oi84o"},"from":{"itemId":"w54s48v236t1ccm1m2k9wn8p","blockId":"tzx079oy5blalafb5px5zeyz","groupId":"ml2zy4pxrzq5q17pnbpbi5ul"}},{"id":"haak6bdxlwp3txck1s3yr6su","to":{"blockId":"onyi4hlbj1lncxyxzxv5j2c5","groupId":"gcfilg8foakd7jtm6pkaf6rq"},"from":{"itemId":"su55p3p26n4trzc31v453van","blockId":"tzx079oy5blalafb5px5zeyz","groupId":"ml2zy4pxrzq5q17pnbpbi5ul"}},{"id":"s1xirwnq9dg5ns8a3hfsns6x","to":{"blockId":"p72v7j6oia4oy91v9dwbeind","groupId":"nbu3b8w9256fdwa8vhqbh3ic"},"from":{"blockId":"wtxncshnabpy93ppl1lw14r0","groupId":"bfhxmfyhcjfiiwog5dls1qat"}},{"id":"lugxgu72m1lhf099dyv91fnw","to":{"groupId":"bfhxmfyhcjfiiwog5dls1qat"},"from":{"blockId":"krusqos3u017ubhljkmam0zs","groupId":"wxilsffz73ncx0pbk9qx2spt"}},{"id":"j87vag1ckdhlh8cewkqai1i0","to":{"groupId":"p5iput5chjv82fnalkgng1pc"},"from":{"blockId":"ajrb9odpovoh1qrju3wubv7r","groupId":"tebkfiewsxay7hz0sr0ia5n0"}},{"id":"m688zss3m6ffe95c4j1od8ls","to":{"groupId":"ml2zy4pxrzq5q17pnbpbi5ul"},"from":{"blockId":"k4xhppnpljcvi81lvgseoh0r","groupId":"p5iput5chjv82fnalkgng1pc"}},{"id":"rjjlv6i99qyld04cijpk8rs9","to":{"groupId":"tebkfiewsxay7hz0sr0ia5n0"},"from":{"blockId":"b2923j6eho3hoitcyt7t2elu","groupId":"nbu3b8w9256fdwa8vhqbh3ic"}},{"id":"p0bctbqacch7qw1r6zx9loxu","to":{"groupId":"m6pddz7ld51cnnopdaybr6ed"},"from":{"blockId":"pll1j6r8hyv56jbsvdy1wjki","groupId":"ml2zy4pxrzq5q17pnbpbi5ul"}},{"id":"tgmwot6d1erge9ttfw5ulquh","to":{"groupId":"bmtisk7ala4ub8yvpiyfv3l7"},"from":{"itemId":"mcj80di5ay3ogeosrtxe6pqs","blockId":"sl33cffnl3wfjzxr0vnz3vn0","groupId":"m6pddz7ld51cnnopdaybr6ed"}}],"theme":{"chat":{"inputs":{"color":"#000000","backgroundColor":"#FFFFFF","placeholderColor":"#28292a"},"buttons":{"color":"#FFFFFF","backgroundColor":"#128C7E"},"roundness":"medium","hostAvatar":{"url":"https://i.postimg.cc/3wz8WxN6/Design-sem-nome.png","isEnabled":true},"guestAvatar":{"url":"https://i.postimg.cc/0jj7GK1T/medica.png","isEnabled":false},"hostBubbles":{"color":"#303235","backgroundColor":"#FFFFFF"},"guestBubbles":{"color":"#303235","backgroundColor":"#e1ffc7"}},"general":{"font":"Open Sans","background":{"type":"Image","content":"https://s3.fr-par.scw.cloud/typebot/public/typebots/cli88mae30010mh0f0yzjqn48/background?v=1685470080750"}},"customCss":".typebot-chat-view > .flex:first-child {\n    padding-top: 30px;\n}\n\n.typebot-input {\n    position: fixed;\n    bottom: 0;\n    align-items: center;\n    z-index: 999;\n    right: 0;\n}\n\n.typebot-input .typebot-button {\n    background: #008a7c;\n    border-radius: 50%;\n    color: #fff;\n    position: relative;\n    width: 50px;\n    height: 50px;\n    display: flex;\n    align-items: center;\n    justify-content: center;\n}\n\n.typebot-container {\n    background-size: initial!important;\n    background-repeat: repeat-x!important;\n}\n\n.typebot-host-bubble>.bubble-typing {\n  border-radius: 0 5px 5px 5px;\n}\n\n.typebot-host-bubble>.bubble-typing:after {\n    position: absolute;\n    content: \"\";\n    width: 0;\n    height: 0;\n    border-style: solid;\n    border-width: 0px 10px 10px 0;\n    border-color: transparent #fff transparent transparent;\n    top: 0;\n    left: -10px;\n}\n\n.typebot-guest-bubble {\n  position: relative;\n  border-radius: 5px 0 5px 5px;\n}\n\n.typebot-guest-bubble:after {\n  position: absolute;\n  content: \"\";\n  width: 0;\n  height: 0;\n  border-style: solid;\n}\n\n.typebot-guest-bubble:after {\n    border-width: 0px 0 10px 10px;\n    border-color: transparent transparent transparent #e1ffc7;\n    top: 0;\n    right: -10px;\n    border-style: solid;\n}\n\niframe[src=\"\"] {\n  position: fixed;\n  top: 0;\n  left: 0;\n  display: relative;\n  width: 100%;\n  height: 100% !important;\n  z-index: 999999;\n  border: none;\n  padding: 0;\n  margin: 0;\n}\n\na#lite-badge {\n  display: none!important;\n}"},"settings":{"general":{"rememberUser":{"isEnabled":false},"isBrandingEnabled":true,"isInputPrefillEnabled":false,"isHideQueryParamsEnabled":false},"metadata":{"title":"WhatsApp Web","imageUrl":"https://cdn.shopify.com/s/files/1/0657/8575/7953/files/HEADLINE_LIBIDGOTAS.png?v=1687870607","favIconUrl":"","description":"Fale com uma especialista no WhatsApp.","customHeadCode":"<!-- Meta Pixel Code -->\n<script>\n  !function(f,b,e,v,n,t,s)\n  {if(f.fbq)return;n=f.fbq=function(){n.callMethod?\n  n.callMethod.apply(n,arguments):n.queue.push(arguments)};\n  if(!f._fbq)f._fbq=n;n.push=n;n.loaded=!0;n.version='2.0';\n  n.queue=[];t=b.createElement(e);t.async=!0;\n  t.src=v;s=b.getElementsByTagName(e)[0];\n  s.parentNode.insertBefore(t,s)}(window, document,'script',\n  'https://connect.facebook.net/en_US/fbevents.js');\n  fbq('init', '814155766984653');\n  fbq('track', 'PageView');\n</script>\n<noscript><img height=\"1\" width=\"1\" style=\"display:none\"\n  src=\"https://www.facebook.com/tr?id=3645908318977044&ev=PageView&noscript=1\"\n/></noscript>\n<!-- End Meta Pixel Code -->\n<link rel=\"stylesheet\" href=\"https://cdnjs.cloudflare.com/ajax/libs/material-design-iconic-font/2.2.0/css/material-design-iconic-font.min.css\">\n<style>\n  .hide {\n    display: none!important;\n  }\n  typebot-standard {\n    position: relative;\n    z-index: 9999;\n  }\n  #__next {\n    position: relative;\n    z-index: 9999;\n}\n  /* User Bar */\n.user-bar {\n  width: 100%;\n  height: 55px;\n  background: #005e54;\n  color: #fff;\n  padding: 0;\n  font-size: 24px;\n  position: fixed;\n  z-index: 99999;\n  display: block;\n  top: 0;\n}\n\n.user-bar:after {\n  content: \"\";\n  display: table;\n  clear: both;\n}\n\n.user-bar div {\n    float: left;\n    transform: translateY(-50%);\n    position: relative;\n    top: 50%;\n    margin-left: 10px;\n}\n\n.user-bar .actions {\n  float: right;\n  margin: 0 0 0 20px;\n}\n\n.user-bar .actions.more {\n  margin: 0 12px 0 32px;\n}\n\n.user-bar .actions.attachment {\n  margin: 0 0 0 30px;\n}\n\n.user-bar .actions.attachment i {\n  display: block;\n  transform: rotate(-45deg);\n}\n\n.user-bar .avatar {\n  margin: 0 0 0 5px;\n  width: 36px;\n  height: 36px;\n}\n\n.user-bar .avatar img {\n  border-radius: 50%;\n  box-shadow: 0 1px 0 rgba(255, 255, 255, 0.1);\n  display: block;\n  width: 100%;\n}\n\n.user-bar .name {\n  font-size: 17px;\n  font-weight: 600;\n  text-overflow: ellipsis;\n  letter-spacing: 0.3px;\n  margin: 0 0 0 8px;\n  overflow: hidden;\n  white-space: nowrap;\n  width: 150px;\n}\n\n.user-bar .status {\n  display: block;\n  font-size: 13px;\n  font-weight: 400;\n  letter-spacing: 0;\n}\n</style>\n\n<script>\nfunction criarBarra() {\n  var userBar = document.createElement(\"div\");\n  userBar.className = \"user-bar\";\n\n  var backButton = document.createElement(\"div\");\n  backButton.className = \"back\";\n  backButton.innerHTML = '<i class=\"zmdi zmdi-arrow-left\"></i>';\n\n  var avatar = document.createElement(\"div\");\n  avatar.className = \"avatar\";\n  avatar.innerHTML = '<img src=\"https://i.postimg.cc/3wz8WxN6/Design-sem-nome.png\" alt=\"Georgina\">';\n\n  var name = document.createElement(\"div\");\n  name.className = \"name\";\n  name.innerHTML = '<span>Georgina</span><span class=\"status\">online</span>';\n\n  var moreActions = document.createElement(\"div\");\n  moreActions.className = \"actions more\";\n  moreActions.innerHTML = '<i class=\"zmdi zmdi-more-vert\"></i>';\n\n  var attachmentAction = document.createElement(\"div\");\n  attachmentAction.className = \"actions attachment\";\n  attachmentAction.innerHTML = '<i class=\"zmdi zmdi-attachment-alt\"></i>';\n\n  var phoneAction = document.createElement(\"div\");\n  phoneAction.className = \"actions\";\n  phoneAction.innerHTML = '<i class=\"zmdi zmdi-phone\"></i>';\n\n  userBar.appendChild(backButton);\n  userBar.appendChild(avatar);\n  userBar.appendChild(name);\n  userBar.appendChild(moreActions);\n  userBar.appendChild(attachmentAction);\n  userBar.appendChild(phoneAction);\n\n  var elementoPai = document.querySelector(\"#__next\");\n  if (elementoPai) {\n    elementoPai.insertBefore(userBar, elementoPai.firstChild);\n  }\n}\n\ncriarBarra();\n</script>\n"},"typingEmulation":{"speed":300,"enabled":true,"maxDelay":1.5}}}