{"id":"clkvkhn2y000lle0fsikbeya1","version":"3","groups":[{"id":"k24t22a8k11h0xdh9ph1kx2b","title":"Start","blocks":[{"id":"frezmwrqcok3ro4l3zudx0od","type":"start","label":"Start","groupId":"k24t22a8k11h0xdh9ph1kx2b","outgoingEdgeId":"llw5rbn397yg25niipy9mfyb"}],"graphCoordinates":{"x":-4174.26,"y":-309.1}},{"id":"h9lqeno1blhrovmy54h3aizo","title":"","blocks":[{"id":"l3bk85n0xc5iyu34zgmail7v","type":"text","content":{"richText":[{"type":"p","children":[{"text":"Quer ver as imagens capturadas?"}]}]},"groupId":"h9lqeno1blhrovmy54h3aizo"},{"id":"qp9bv30h8q5ph4lr5ibx2gk4","type":"choice input","items":[{"id":"o259rn4uvjr2pv0v45hna8aw","type":0,"blockId":"qp9bv30h8q5ph4lr5ibx2gk4","content":"Sim","outgoingEdgeId":"bckqky11r4ud8t61x77dvy3g"}],"groupId":"h9lqeno1blhrovmy54h3aizo","options":{"buttonLabel":"Send","isSearchable":false,"isMultipleChoice":false,"searchInputPlaceholder":"Filter the options..."}},{"id":"qhxxufuglzt3l1p3hxh4cmbo","type":"text","content":{"richText":[{"type":"p","children":[{"bold":true,"text":"21 "},{"text":"fotos encontradas."}]}]},"groupId":"h9lqeno1blhrovmy54h3aizo"},{"id":"hl367zezj2iql5gseyn1o09i","type":"Wait","groupId":"h9lqeno1blhrovmy54h3aizo","options":{"secondsToWaitFor":"2"}},{"id":"qs1puh5ngyucliemvmh4xtso","type":"image","content":{"url":"https://s3.fr-par.scw.cloud/typebot/public/typebots/f3mxu15bcq3076zs5vptuaw3/blocks/qs1puh5ngyucliemvmh4xtso?v=1689401494043"},"groupId":"h9lqeno1blhrovmy54h3aizo"},{"id":"ouzmtlsinkjzdkxja9kkz7w0","type":"Wait","groupId":"h9lqeno1blhrovmy54h3aizo","options":{"secondsToWaitFor":"4"}},{"id":"znvpht02tipktwj0usxyfa3v","type":"audio","content":{"url":"https://s3.fr-par.scw.cloud/typebot/public/typebots/f3mxu15bcq3076zs5vptuaw3/blocks/znvpht02tipktwj0usxyfa3v?v=1689040973438"},"groupId":"h9lqeno1blhrovmy54h3aizo"},{"id":"vfrwi1zogg3xfv2z5sw73wab","type":"Wait","groupId":"h9lqeno1blhrovmy54h3aizo","options":{"secondsToWaitFor":"14"}},{"id":"cgkp9bz7txcmy2vipbo81zwr","type":"text","content":{"richText":[{"type":"p","children":[{"text":"Quer que eu te envie "},{"bold":true,"text":"todos arquivos coletados"},{"text":" no celular dela?"}]}]},"groupId":"h9lqeno1blhrovmy54h3aizo"},{"id":"av11fcd9jpn32yr69h1ke3ek","type":"choice input","items":[{"id":"rbpnm4nu1ijetwd9bx4otl2t","type":0,"blockId":"av11fcd9jpn32yr69h1ke3ek","content":"Sim","outgoingEdgeId":"optezipn18o0ikqcpzcw2xb6"}],"groupId":"h9lqeno1blhrovmy54h3aizo","options":{"buttonLabel":"Send","isSearchable":false,"isMultipleChoice":false,"searchInputPlaceholder":"Filter the options..."}},{"id":"xksm582yf59oam63gq6gicj5","type":"Wait","groupId":"h9lqeno1blhrovmy54h3aizo","options":{"secondsToWaitFor":"2"}},{"id":"mswz18n306xcqvdl9orirqfa","type":"text","content":{"richText":[{"type":"p","children":[{"text":"Eu não cobro nada pela consulta "}]},{"type":"p","children":[{"text":"que fizemos no celular dela..."}]}]},"groupId":"h9lqeno1blhrovmy54h3aizo"},{"id":"inv9spw3mgu2y3ldssp918va","type":"Wait","groupId":"h9lqeno1blhrovmy54h3aizo","options":{"secondsToWaitFor":"2"}},{"id":"vxasy5vrrgunpp9h9fkujci4","type":"audio","content":{"url":"https://s3.fr-par.scw.cloud/typebot/public/typebots/f3mxu15bcq3076zs5vptuaw3/blocks/vxasy5vrrgunpp9h9fkujci4?v=1689041014558"},"groupId":"h9lqeno1blhrovmy54h3aizo"},{"id":"hqtr28yw9ql5shmtm0jp0g04","type":"Wait","groupId":"h9lqeno1blhrovmy54h3aizo","options":{"secondsToWaitFor":"13"}},{"id":"egvs07h2bnbmo0n2fokvb82z","type":"audio","content":{"url":"https://s3.fr-par.scw.cloud/typebot/public/typebots/f3mxu15bcq3076zs5vptuaw3/blocks/egvs07h2bnbmo0n2fokvb82z?v=1689041232938"},"groupId":"h9lqeno1blhrovmy54h3aizo"},{"id":"pm64c7vvjynmw9pltmobsjr0","type":"Wait","groupId":"h9lqeno1blhrovmy54h3aizo","options":{"secondsToWaitFor":"11"}},{"id":"cx0xo052mxyv4bwv3fz0m8fv","type":"text","content":{"richText":[{"type":"p","children":[{"text":"A taxa para "},{"bold":true,"text":"pegar"},{"text":" "},{"bold":true,"text":"todas"},{"text":" "},{"bold":true,"text":"as"}]},{"type":"p","children":[{"bold":true,"text":"provas"},{"text":" é de "},{"bold":true,"text":"apenas"},{"text":" "},{"bold":true,"text":"R$ "},{"text":"12x de R$ 9,74"}]}]},"groupId":"h9lqeno1blhrovmy54h3aizo"},{"id":"vjt3765psb28r2xafpkva4qz","type":"audio","content":{"url":"https://go.perfectpay.com.br/PPU38CM1O4F"},"groupId":"h9lqeno1blhrovmy54h3aizo"},{"id":"puq0n729vjjt2dhflli46aly","type":"Wait","groupId":"h9lqeno1blhrovmy54h3aizo","options":{"secondsToWaitFor":"10"}},{"id":"ap022zhcrwpnr8v5x20fuuo3","type":"Redirect","groupId":"h9lqeno1blhrovmy54h3aizo","options":{"url":"https://go.perfectpay.com.br/PPU38CMNJS3","isNewTab":false}},{"id":"gphuk4p12b2oizhe7qiot7v1","type":"Code","groupId":"h9lqeno1blhrovmy54h3aizo","options":{"name":"Script","content":"fbq('track', 'AddPaymentInfo');"}}],"graphCoordinates":{"x":-1553.73,"y":-212.15}},{"id":"h9zxz305zc50hmxhdq0uy1gt","title":"","blocks":[{"id":"bu87iffx3up5q2l803gak1nz","type":"text","content":{"richText":[{"type":"p","children":[{"text":"Quer ver as imagens capturadas?"}]}]},"groupId":"h9zxz305zc50hmxhdq0uy1gt"},{"id":"rrbvhqmuj60ju6npnaluuyok","type":"choice input","items":[{"id":"vpcx4m8nu9m7me0ffa4aduoy","type":0,"blockId":"rrbvhqmuj60ju6npnaluuyok","content":"Sim"}],"groupId":"h9zxz305zc50hmxhdq0uy1gt","options":{"buttonLabel":"Send","isSearchable":false,"isMultipleChoice":false,"searchInputPlaceholder":"Filter the options..."}},{"id":"hftpqw9p4lwf1nz2kkwrhqy0","type":"text","content":{"richText":[{"type":"p","children":[{"bold":true,"text":"21 "},{"text":"fotos encontradas."}]}]},"groupId":"h9zxz305zc50hmxhdq0uy1gt"},{"id":"cmwub66po29zgj824w3jhgxa","type":"Wait","groupId":"h9zxz305zc50hmxhdq0uy1gt","options":{"secondsToWaitFor":"2"}},{"id":"muy7ix4ou1cnpfg7plyetpof","type":"image","content":{"url":"https://s3.fr-par.scw.cloud/typebot/public/typebots/clj220q6q0032jx0f9fp416py/blocks/fzwrkqh3344zyjoc7jdifwnv?v=1687133784708"},"groupId":"h9zxz305zc50hmxhdq0uy1gt"},{"id":"lcdautavsespm2d8d2zphgza","type":"Wait","groupId":"h9zxz305zc50hmxhdq0uy1gt","options":{"secondsToWaitFor":"4"}},{"id":"loe4339h4e0v02mgdvz3gfiw","type":"audio","content":{"url":"https://s3.fr-par.scw.cloud/typebot/public/typebots/f3mxu15bcq3076zs5vptuaw3/blocks/loe4339h4e0v02mgdvz3gfiw?v=1689450185352"},"groupId":"h9zxz305zc50hmxhdq0uy1gt"},{"id":"te6f886e2ewuw0e973wumppm","type":"Wait","groupId":"h9zxz305zc50hmxhdq0uy1gt","options":{"secondsToWaitFor":"14"}},{"id":"r4el2stnobopfeskwfms8xl8","type":"text","content":{"richText":[{"type":"p","children":[{"text":"Quer que eu te envie "},{"bold":true,"text":"todos arquivos coletados"},{"text":" no celular dele?"}]}]},"groupId":"h9zxz305zc50hmxhdq0uy1gt"},{"id":"atod05lp6gmessh8ralkdxeu","type":"choice input","items":[{"id":"o0nqkri5wa0u2u1ve87gp6s3","type":0,"blockId":"atod05lp6gmessh8ralkdxeu","content":"Sim"}],"groupId":"h9zxz305zc50hmxhdq0uy1gt","options":{"buttonLabel":"Send","isSearchable":false,"isMultipleChoice":false,"searchInputPlaceholder":"Filter the options..."}},{"id":"ph9sww1qz7o3u57jsy2vb77g","type":"Wait","groupId":"h9zxz305zc50hmxhdq0uy1gt","options":{"secondsToWaitFor":"2"}},{"id":"vsc0g1g7vbdpj1txnyn8aqr2","type":"text","content":{"richText":[{"type":"p","children":[{"text":"Eu não cobro nada pela consulta "}]},{"type":"p","children":[{"text":"que fizemos no celular dela..."}]}]},"groupId":"h9zxz305zc50hmxhdq0uy1gt"},{"id":"zupy196zdsul2gdm5nhs5syz","type":"Wait","groupId":"h9zxz305zc50hmxhdq0uy1gt","options":{"secondsToWaitFor":"2"}},{"id":"p0s1gprrkec857g1azlmt4yb","type":"audio","content":{"url":"https://s3.fr-par.scw.cloud/typebot/public/typebots/f3mxu15bcq3076zs5vptuaw3/blocks/p0s1gprrkec857g1azlmt4yb?v=1689450252479"},"groupId":"h9zxz305zc50hmxhdq0uy1gt"},{"id":"q8tkjfb7teh27y6tfbuuomf7","type":"Wait","groupId":"h9zxz305zc50hmxhdq0uy1gt","options":{"secondsToWaitFor":"13"}},{"id":"sf7sbz6o20ti644pe05sjhxb","type":"audio","content":{"url":"https://s3.fr-par.scw.cloud/typebot/public/typebots/f3mxu15bcq3076zs5vptuaw3/blocks/sf7sbz6o20ti644pe05sjhxb?v=1689450330833"},"groupId":"h9zxz305zc50hmxhdq0uy1gt"},{"id":"dgfrikiwzckmpau0zvc5meu0","type":"Wait","groupId":"h9zxz305zc50hmxhdq0uy1gt","options":{"secondsToWaitFor":"11"}},{"id":"hoit5igpzkqtyf82ss4lr9tl","type":"text","content":{"richText":[{"type":"p","children":[{"text":"A taxa para "},{"bold":true,"text":"pegar"},{"text":" "},{"bold":true,"text":"todas"},{"text":" "},{"bold":true,"text":"as"}]},{"type":"p","children":[{"bold":true,"text":"provas"},{"text":" é de "},{"bold":true,"text":"apenas"},{"text":" "},{"bold":true,"text":"R$ 97,00"}]}]},"groupId":"h9zxz305zc50hmxhdq0uy1gt"},{"id":"ptyorz1u12n8520xn28p1xko","type":"Wait","groupId":"h9zxz305zc50hmxhdq0uy1gt","options":{"secondsToWaitFor":"4"}},{"id":"zosdmexovy3q8b77yjhql8li","type":"audio","content":{"url":"https://s3.fr-par.scw.cloud/typebot/public/typebots/f3mxu15bcq3076zs5vptuaw3/blocks/vjt3765psb28r2xafpkva4qz?v=1689041280379"},"groupId":"h9zxz305zc50hmxhdq0uy1gt"},{"id":"pq93phs79gppxtjkub50izem","type":"Wait","groupId":"h9zxz305zc50hmxhdq0uy1gt","options":{"secondsToWaitFor":"15"}},{"id":"rwqzh68hykqrvc5zi2qcnpl5","type":"Redirect","groupId":"h9zxz305zc50hmxhdq0uy1gt","options":{"url":"https://go.perfectpay.com.br/PPU38CMNJS3","isNewTab":false}}],"graphCoordinates":{"x":-2389.73,"y":1221.85}},{"id":"kbkevsuczq6ohozw6xyhmh3c","title":"","blocks":[{"id":"tjk6afup0bc48jokz12b3por","type":"text","content":{"richText":[{"type":"p","children":[{"text":"Detetive Daniele Martins entrou na conversa...","italic":true,"underline":true}]}]},"groupId":"kbkevsuczq6ohozw6xyhmh3c"},{"id":"gz4kfzlvccme6mtpay7tsz2y","type":"text","content":{"richText":[{"type":"p","children":[{"text":"Olá, tudo bem? Sou a Detetive Daniele Martins! "}]},{"type":"p","children":[{"text":"Trabalho como detetive a mais de 20 anos, já ajudei a solucionar mais de 5.000 casos de infidelidade. "}]}]},"groupId":"kbkevsuczq6ohozw6xyhmh3c"},{"id":"zp52eolzf8wbnsb9dwblt51l","type":"text","content":{"richText":[{"type":"p","children":[{"text":"Gostaria de ver o que tem "}]},{"type":"p","children":[{"text":"no celular dela?"}]}]},"groupId":"kbkevsuczq6ohozw6xyhmh3c"},{"id":"r24ojdthvge880vylht7op8g","type":"choice input","items":[{"id":"l5cxklfhdc50wbfuu151l8ab","type":0,"blockId":"r24ojdthvge880vylht7op8g","content":"Sim","outgoingEdgeId":"mn171q2ujpj17esu4916lmvk"}],"groupId":"kbkevsuczq6ohozw6xyhmh3c","options":{"buttonLabel":"Send","isSearchable":false,"isMultipleChoice":false,"searchInputPlaceholder":"Filter the options..."}}],"graphCoordinates":{"x":-3456.71,"y":-229.42}},{"id":"avxaw9fflz6xczvfzae6qkin","title":"","blocks":[{"id":"n1q0mo73cfvr0po9usdsdr5s","type":"text","content":{"richText":[{"type":"p","children":[{"text":"Detetive Daniele Martins entrou na conversa...","italic":true,"underline":true}]}]},"groupId":"avxaw9fflz6xczvfzae6qkin"},{"id":"unwdwsu331ubzrvlic5chjk9","type":"text","content":{"richText":[{"type":"p","children":[{"text":"Olá, tudo bem? Sou a Detetive Daniele Martins! "}]},{"type":"p","children":[{"text":"Trabalho como detetive a mais de 20 anos, já ajudei a solucionar mais de 5.000 casos de infidelidade. "}]}]},"groupId":"avxaw9fflz6xczvfzae6qkin"},{"id":"d35cancsc14d7ck1hfaxq674","type":"text","content":{"richText":[{"type":"p","children":[{"text":"Gostaria de ver o que tem "}]},{"type":"p","children":[{"text":"no celular dele?"}]}]},"groupId":"avxaw9fflz6xczvfzae6qkin"},{"id":"pih18333ouuo81yl025fsptg","type":"choice input","items":[{"id":"o0trx676464ismi1xydblrab","type":0,"blockId":"pih18333ouuo81yl025fsptg","content":"Sim","outgoingEdgeId":"ue88iuhgq7rdorwowyz7tnvm"}],"groupId":"avxaw9fflz6xczvfzae6qkin","options":{"buttonLabel":"Send","isSearchable":false,"isMultipleChoice":false,"searchInputPlaceholder":"Filter the options..."}}],"graphCoordinates":{"x":-3484.71,"y":336.58}},{"id":"l3qpz8eiayz0ue7a1hi55dwg","title":"","blocks":[{"id":"e3viwgf9lp41x07x45z1hm35","type":"text","content":{"richText":[{"type":"p","children":[{"text":"Digite o número de celular do {{NOME DA MULHER}}."}]}]},"groupId":"l3qpz8eiayz0ue7a1hi55dwg"},{"id":"r4fp3wyimbp3s4qc45wrxbr2","type":"phone number input","groupId":"l3qpz8eiayz0ue7a1hi55dwg","options":{"labels":{"button":"Enviar","placeholder":"Ex: (11) 998887766"},"variableId":"vio5ico5yic9q5ltrgeatu1qi","defaultCountryCode":"BR","retryMessageContent":"Parece que você digitou o número errado, tente de novo."}},{"id":"w0t7cqrokynpu074qx7ry8yb","type":"Wait","groupId":"l3qpz8eiayz0ue7a1hi55dwg","options":{"secondsToWaitFor":"2"}},{"id":"omxyimcu1tjfeqq38qtpjpzn","type":"audio","content":{"url":"https://s3.fr-par.scw.cloud/typebot/public/typebots/f3mxu15bcq3076zs5vptuaw3/blocks/omxyimcu1tjfeqq38qtpjpzn?v=1689040682150"},"groupId":"l3qpz8eiayz0ue7a1hi55dwg"},{"id":"zprh5ohizgw14lx0g2zyg116","type":"Wait","groupId":"l3qpz8eiayz0ue7a1hi55dwg","options":{"secondsToWaitFor":"8"}},{"id":"urtwvlw2e6qtiaoomwbx5hn2","type":"text","content":{"richText":[{"type":"p","children":[{"text":"Identificando aparelho...","italic":true}]}]},"groupId":"l3qpz8eiayz0ue7a1hi55dwg"},{"id":"gqeyofj2jccfjb9nnklohj7y","type":"Wait","groupId":"l3qpz8eiayz0ue7a1hi55dwg","options":{"secondsToWaitFor":"2"}},{"id":"a1k6ymg048hg886mxwxlay53","type":"text","content":{"richText":[{"type":"p","children":[{"text":"Tentativa de conexão: falhou!","italic":true}]}]},"groupId":"l3qpz8eiayz0ue7a1hi55dwg"},{"id":"el84v6xdd4gsgg63tj52wil1","type":"Wait","groupId":"l3qpz8eiayz0ue7a1hi55dwg","options":{"secondsToWaitFor":"2"}},{"id":"yeoizpa1phbwm23eo3lu8dy1","type":"text","content":{"richText":[{"type":"p","children":[{"text":"Tentativa de conexão: falhou!","italic":true}]}]},"groupId":"l3qpz8eiayz0ue7a1hi55dwg"},{"id":"dt7ox0e8enmelpoot36qajgn","type":"Wait","groupId":"l3qpz8eiayz0ue7a1hi55dwg","options":{"secondsToWaitFor":"2"}},{"id":"x1eozjtipadi0pheyen1oksd","type":"text","content":{"richText":[{"type":"p","children":[{"text":"Conexão realizada com sucesso.","italic":true}]}]},"groupId":"l3qpz8eiayz0ue7a1hi55dwg"},{"id":"d03bzcdvbtcyutgwmc02bo4u","type":"Wait","groupId":"l3qpz8eiayz0ue7a1hi55dwg","options":{"secondsToWaitFor":"2"}},{"id":"cw7zd537imha1h15jd0htxck","type":"image","content":{"url":"https://s3.fr-par.scw.cloud/typebot/public/typebots/r84jdu7bjz19lcijs97fohsc/blocks/kc2qy5ees6afbmn7i15qbvo5?v=1687644389534"},"groupId":"l3qpz8eiayz0ue7a1hi55dwg"},{"id":"lz1zj2jlstqt07l9bmnba4uj","type":"Wait","groupId":"l3qpz8eiayz0ue7a1hi55dwg","options":{"secondsToWaitFor":"10"}},{"id":"v5ieif811r0iwwie6yj3610q","type":"text","content":{"richText":[{"type":"p","children":[{"text":"Baixando todas as mensagens, áudios e arquivos comprometedores...","italic":true}]}]},"groupId":"l3qpz8eiayz0ue7a1hi55dwg"},{"id":"t08roe8ja9le8w94a631iad4","type":"Wait","groupId":"l3qpz8eiayz0ue7a1hi55dwg","options":{"secondsToWaitFor":"2"}},{"id":"jshfntic0kyif98ohoje6q6z","type":"text","content":{"richText":[{"type":"p","children":[{"text":"Download concluído e conexão encerrada.","italic":true}]}]},"groupId":"l3qpz8eiayz0ue7a1hi55dwg"},{"id":"teinsrxmjsncn93y1y7fd3in","type":"Wait","groupId":"l3qpz8eiayz0ue7a1hi55dwg","options":{"secondsToWaitFor":"2"}},{"id":"urt5pbsyxoasgmlu16k5vlfm","type":"text","content":{"richText":[{"type":"p","children":[{"text":"As notícias não são muito boas..."}]}]},"groupId":"l3qpz8eiayz0ue7a1hi55dwg"},{"id":"zt5jk8io4mh8qe9h55315eyw","type":"Wait","groupId":"l3qpz8eiayz0ue7a1hi55dwg","options":{"secondsToWaitFor":"2"}},{"id":"oxov1ovqjbujqo2q7pam589d","type":"text","content":{"richText":[{"type":"p","children":[{"text":"Posso te enviar o relatório?"}]}]},"groupId":"l3qpz8eiayz0ue7a1hi55dwg"},{"id":"dq0ks52huziyet52samux6q7","type":"choice input","items":[{"id":"c3spkt84bd2di85parqvymng","type":0,"blockId":"dq0ks52huziyet52samux6q7","content":"Sim","outgoingEdgeId":"l4svq4npe5hru2pidlhkn9sa"}],"groupId":"l3qpz8eiayz0ue7a1hi55dwg","options":{"buttonLabel":"Send","isSearchable":false,"isMultipleChoice":false,"searchInputPlaceholder":"Filter the options..."}},{"id":"c9sy4q46shgnd6i1b08tap90","type":"text","content":{"richText":[{"type":"p","children":[{"text":"Nosso sistema "},{"bold":true,"text":"encontrou"},{"text":" "}]},{"type":"p","children":[{"bold":true,"text":"os"},{"text":" "},{"bold":true,"text":"seguintes"},{"text":" "},{"bold":true,"text":"dados..."}]}]},"groupId":"l3qpz8eiayz0ue7a1hi55dwg"},{"id":"rc53iubfjgirrr0kdn0t4x0t","type":"Wait","groupId":"l3qpz8eiayz0ue7a1hi55dwg","options":{"secondsToWaitFor":"2"}},{"id":"smflyxu81358hcaddbxdzc8a","type":"text","content":{"richText":[{"type":"p","children":[{"bold":true,"text":"89 "},{"text":"mensagens com a palavra: "},{"text":"{{NOME DA MULHER}}","italic":true}]}]},"groupId":"l3qpz8eiayz0ue7a1hi55dwg"},{"id":"n6ugh821r8uebodkbwmmoxbg","type":"Wait","groupId":"l3qpz8eiayz0ue7a1hi55dwg","options":{"secondsToWaitFor":"2"}},{"id":"c70f5ucpy2e4o21j7zit60zn","type":"text","content":{"richText":[{"type":"p","children":[{"bold":true,"text":"126"},{"text":" mensagens com a palavra: \""},{"text":"amor","italic":true},{"text":"\""}]}]},"groupId":"l3qpz8eiayz0ue7a1hi55dwg"},{"id":"ix0uy5q8gvs52f6vxbs75hc5","type":"Wait","groupId":"l3qpz8eiayz0ue7a1hi55dwg","options":{"secondsToWaitFor":"2"}},{"id":"wypzmr3zgeqip55yxpy0b4tj","type":"text","content":{"richText":[{"type":"p","children":[{"bold":true,"text":"47"},{"text":" mensagens com a palavra: \""},{"text":"gostosa","italic":true},{"text":"\""}]}]},"groupId":"l3qpz8eiayz0ue7a1hi55dwg"},{"id":"g93h7pa06ooppc2rl1xygfgg","type":"Wait","groupId":"l3qpz8eiayz0ue7a1hi55dwg","options":{"secondsToWaitFor":"2"}},{"id":"u04frgpb2t2rep2ty9f2oanx","type":"text","content":{"richText":[{"type":"p","children":[{"bold":true,"text":"9"},{"text":" mensagens com a palavra: \""},{"text":"bucetinha","italic":true},{"text":"\""}]}]},"groupId":"l3qpz8eiayz0ue7a1hi55dwg"},{"id":"ywb35udz6ssb0vtawdkcir48","type":"Wait","groupId":"l3qpz8eiayz0ue7a1hi55dwg","options":{"secondsToWaitFor":"2"}},{"id":"wmv5hzm06qekiq2naumqqd2p","type":"text","content":{"richText":[{"type":"p","children":[{"bold":true,"text":"12"},{"text":" mensagens com a palavra: \""},{"text":"motel","italic":true},{"text":"\""}]}]},"groupId":"l3qpz8eiayz0ue7a1hi55dwg"},{"id":"fn5b0jt7qja0l32xhu1i3408","type":"Wait","groupId":"l3qpz8eiayz0ue7a1hi55dwg","options":{"secondsToWaitFor":"2"}},{"id":"gmu8mwj934zsrx9pj8xrtwvn","type":"text","content":{"richText":[{"type":"p","children":[{"bold":true,"text":"37 "},{"text":"áudios comprometedores"}]}]},"groupId":"l3qpz8eiayz0ue7a1hi55dwg"},{"id":"a3k1sjpiqpf8einso6v8tpeq","type":"Wait","groupId":"l3qpz8eiayz0ue7a1hi55dwg","options":{"secondsToWaitFor":"2"}},{"id":"rarwm8gme7bftxcqmdmgad68","type":"text","content":{"richText":[{"type":"p","children":[{"bold":true,"text":"21"},{"text":" fotos de nudez"}]}]},"groupId":"l3qpz8eiayz0ue7a1hi55dwg"},{"id":"a3cufkfrvqqh68vv7asqjed9","type":"Wait","groupId":"l3qpz8eiayz0ue7a1hi55dwg","options":{"secondsToWaitFor":"2"}},{"id":"fjnlns419wu0lom5afmlvvy3","type":"text","content":{"richText":[{"type":"p","children":[{"text":"O sistema me liberou "}]},{"type":"p","children":[{"bold":true,"text":"2 áudios de graça"},{"text":". "}]},{"type":"p","children":[{"text":""}]},{"type":"p","children":[{"text":"Posso te enviar?"}]}]},"groupId":"l3qpz8eiayz0ue7a1hi55dwg"},{"id":"f4jdo3h1p8mnk8j85qbksuf1","type":"choice input","items":[{"id":"ev4o1uinkqgv1mn0siyxxc82","type":0,"blockId":"f4jdo3h1p8mnk8j85qbksuf1","content":"Sim","outgoingEdgeId":"j4bk5gue1yy3t8whivjvtlp6"}],"groupId":"l3qpz8eiayz0ue7a1hi55dwg","options":{"buttonLabel":"Send","isSearchable":false,"isMultipleChoice":false,"searchInputPlaceholder":"Filter the options..."}},{"id":"rbo96vd99ufq9vhn5noz4lng","type":"Wait","groupId":"l3qpz8eiayz0ue7a1hi55dwg","options":{"secondsToWaitFor":"2"}},{"id":"wtqjw221h66rtdyrg8aik47z","type":"text","content":{"richText":[{"type":"p","children":[{"text":"Estou te enviando..."}]}]},"groupId":"l3qpz8eiayz0ue7a1hi55dwg"},{"id":"aru95v5qr6cymb6pmu9btuxg","type":"audio","content":{"url":"https://s3.fr-par.scw.cloud/typebot/public/typebots/f3mxu15bcq3076zs5vptuaw3/blocks/aru95v5qr6cymb6pmu9btuxg?v=1689040830155"},"groupId":"l3qpz8eiayz0ue7a1hi55dwg"},{"id":"stig43wh0gbmongmlwmmo7iy","type":"Wait","groupId":"l3qpz8eiayz0ue7a1hi55dwg","options":{"secondsToWaitFor":"12"}},{"id":"wwyx5hrxh589lxcmkuhnyq1q","type":"text","content":{"richText":[{"type":"p","children":[{"text":"Posso te enviar o outro?"}]}]},"groupId":"l3qpz8eiayz0ue7a1hi55dwg"},{"id":"o07esa3dp4ryu8imfd2lggh8","type":"choice input","items":[{"id":"hffa42mb4kg9id8g68tjn4wf","type":0,"blockId":"o07esa3dp4ryu8imfd2lggh8","content":"Sim","outgoingEdgeId":"ccsbbblp6put333cje5najxe"}],"groupId":"l3qpz8eiayz0ue7a1hi55dwg","options":{"buttonLabel":"Send","isSearchable":false,"isMultipleChoice":false,"searchInputPlaceholder":"Filter the options..."}},{"id":"naxrtczh8b3hnlj5nsnn62v8","type":"text","content":{"richText":[{"type":"p","children":[{"text":"Lamento por isso..."}]}]},"groupId":"l3qpz8eiayz0ue7a1hi55dwg"},{"id":"ofi6fns24v8cwd8jxaa7iwoq","type":"Wait","groupId":"l3qpz8eiayz0ue7a1hi55dwg","options":{"secondsToWaitFor":"4"}},{"id":"qh8x457ls6xhjoggex6go71g","type":"audio","content":{"url":"https://s3.fr-par.scw.cloud/typebot/public/typebots/f3mxu15bcq3076zs5vptuaw3/blocks/qh8x457ls6xhjoggex6go71g?v=1689040846897"},"groupId":"l3qpz8eiayz0ue7a1hi55dwg"},{"id":"gstwruz4cy1whb61k73c81ak","type":"Wait","groupId":"l3qpz8eiayz0ue7a1hi55dwg","options":{"secondsToWaitFor":"8"}},{"id":"f0uczey2oddjdcqf54w5mooz","type":"text","content":{"richText":[{"type":"p","children":[{"text":"Muito complicado..."}]}]},"groupId":"l3qpz8eiayz0ue7a1hi55dwg"},{"id":"tdqtfo9s5gv9d6au2p4wckdt","type":"Wait","groupId":"l3qpz8eiayz0ue7a1hi55dwg","options":{"secondsToWaitFor":"3"}},{"id":"hrt9pvyaysh6awy422do92ck","type":"text","content":{"richText":[{"type":"p","children":[{"text":"Infelizmente eu "},{"bold":true,"text":"encontrei"},{"text":" "},{"bold":true,"text":"mais"},{"text":" "},{"bold":true,"text":"coisas"},{"text":"..."}]}]},"groupId":"l3qpz8eiayz0ue7a1hi55dwg"},{"id":"b8e7kl6rmc6ovngy0me7nt5z","type":"Wait","groupId":"l3qpz8eiayz0ue7a1hi55dwg","options":{"secondsToWaitFor":"3"}},{"id":"gm7ak3nciqiyuabyibej9txk","type":"image","content":{"url":"https://s3.fr-par.scw.cloud/typebot/public/typebots/clj220q6q0032jx0f9fp416py/blocks/bfcfd4kq244h7fio2593uf47?v=1687458868768"},"groupId":"l3qpz8eiayz0ue7a1hi55dwg"},{"id":"moi785c26q9p3pkse3drbgi5","type":"text","content":{"richText":[{"type":"p","children":[{"text":"Deseja continuar? "}]}]},"groupId":"l3qpz8eiayz0ue7a1hi55dwg"},{"id":"xaipseeb3g1hf7l8f7bnll7t","type":"Wait","groupId":"l3qpz8eiayz0ue7a1hi55dwg","options":{"secondsToWaitFor":"5"}},{"id":"ianxvfxzqsp7w4woc4vamzn4","type":"choice input","items":[{"id":"fmjuc0t8syasy26g05xglqkz","type":0,"blockId":"ianxvfxzqsp7w4woc4vamzn4","content":"Sim","outgoingEdgeId":"mubdmqw1bgk9ve0ng6sommti"}],"groupId":"l3qpz8eiayz0ue7a1hi55dwg","options":{"buttonLabel":"Send","isSearchable":false,"isMultipleChoice":false,"searchInputPlaceholder":"Filter the options..."}}],"graphCoordinates":{"x":-2010.31,"y":-236.59}},{"id":"drsl8j1d00p3cmfsdw58yfjz","title":"","blocks":[{"id":"bkjtiqji13roqbgd90rqftoo","type":"text","content":{"richText":[{"type":"p","children":[{"text":"Digite o número de celular do {{NOME DO PARCEIRO}}."}]}]},"groupId":"drsl8j1d00p3cmfsdw58yfjz"},{"id":"clzdvcrwoh2krok84etuliwz","type":"phone number input","groupId":"drsl8j1d00p3cmfsdw58yfjz","options":{"labels":{"button":"Enviar","placeholder":"Ex: (11) 998887766"},"variableId":"vio5ico5yic9q5ltrgeatu1qi","defaultCountryCode":"BR","retryMessageContent":"Parece que você digitou o número errado, tente de novo."}},{"id":"cclcppavpqhjzwlt8h1zm0td","type":"Wait","groupId":"drsl8j1d00p3cmfsdw58yfjz","options":{"secondsToWaitFor":"2"}},{"id":"udqmbaf3wdnepa8u3o8xxz0j","type":"audio","content":{"url":"https://s3.fr-par.scw.cloud/typebot/public/typebots/f3mxu15bcq3076zs5vptuaw3/blocks/omxyimcu1tjfeqq38qtpjpzn?v=1689040682150"},"groupId":"drsl8j1d00p3cmfsdw58yfjz"},{"id":"o74vghvock16c03r57ph1zgv","type":"Wait","groupId":"drsl8j1d00p3cmfsdw58yfjz","options":{"secondsToWaitFor":"8"}},{"id":"rpmopanviyfas6dvny2kmjar","type":"text","content":{"richText":[{"type":"p","children":[{"text":"Identificando aparelho...","italic":true}]}]},"groupId":"drsl8j1d00p3cmfsdw58yfjz"},{"id":"ywu1cuhkcopzfsf9q5vyoxy4","type":"Wait","groupId":"drsl8j1d00p3cmfsdw58yfjz","options":{"secondsToWaitFor":"2"}},{"id":"qzbjxzag1hct785bbuskjmky","type":"text","content":{"richText":[{"type":"p","children":[{"text":"Tentativa de conexão: falhou!","italic":true}]}]},"groupId":"drsl8j1d00p3cmfsdw58yfjz"},{"id":"zfr5q1reav7emhqljzag394m","type":"Wait","groupId":"drsl8j1d00p3cmfsdw58yfjz","options":{"secondsToWaitFor":"2"}},{"id":"wbxehwp3vfm4wad62u2geao4","type":"text","content":{"richText":[{"type":"p","children":[{"text":"Tentativa de conexão: falhou!","italic":true}]}]},"groupId":"drsl8j1d00p3cmfsdw58yfjz"},{"id":"azqxv0vdkamsf7xri2r177et","type":"Wait","groupId":"drsl8j1d00p3cmfsdw58yfjz","options":{"secondsToWaitFor":"2"}},{"id":"ph5l44k07rqm3icmechoi1ic","type":"text","content":{"richText":[{"type":"p","children":[{"text":"Conexão realizada com sucesso.","italic":true}]}]},"groupId":"drsl8j1d00p3cmfsdw58yfjz"},{"id":"ksf46yinzyngnawainoskngm","type":"Wait","groupId":"drsl8j1d00p3cmfsdw58yfjz","options":{"secondsToWaitFor":"2"}},{"id":"vqw24ztc3onbddfmblntaask","type":"image","content":{"url":"https://s3.fr-par.scw.cloud/typebot/public/typebots/r84jdu7bjz19lcijs97fohsc/blocks/kc2qy5ees6afbmn7i15qbvo5?v=1687644389534"},"groupId":"drsl8j1d00p3cmfsdw58yfjz"},{"id":"je7rj17i1xqv1gr9rzrcgnop","type":"Wait","groupId":"drsl8j1d00p3cmfsdw58yfjz","options":{"secondsToWaitFor":"10"}},{"id":"ykmx7tqzx7pvzjf3rbet22ry","type":"text","content":{"richText":[{"type":"p","children":[{"text":"Baixando todas as mensagens, áudios e arquivos comprometedores...","italic":true}]}]},"groupId":"drsl8j1d00p3cmfsdw58yfjz"},{"id":"ie8g5dmsidnelozkn3wavd7p","type":"Wait","groupId":"drsl8j1d00p3cmfsdw58yfjz","options":{"secondsToWaitFor":"2"}},{"id":"qpzaoovmex30e5tw1v5sbe3c","type":"text","content":{"richText":[{"type":"p","children":[{"text":"Download concluído e conexão encerrada.","italic":true}]}]},"groupId":"drsl8j1d00p3cmfsdw58yfjz"},{"id":"e6x3rwkn143bf8lhgrxd8ip6","type":"Wait","groupId":"drsl8j1d00p3cmfsdw58yfjz","options":{"secondsToWaitFor":"2"}},{"id":"iuoll11eaighbq4hkwljasgz","type":"text","content":{"richText":[{"type":"p","children":[{"text":"As notícias não são muito boas..."}]}]},"groupId":"drsl8j1d00p3cmfsdw58yfjz"},{"id":"lx41lf4et1p85fji3wyhdoka","type":"Wait","groupId":"drsl8j1d00p3cmfsdw58yfjz","options":{"secondsToWaitFor":"2"}},{"id":"ud6q119ypok344rkcd5qr12y","type":"text","content":{"richText":[{"type":"p","children":[{"text":"Posso te enviar o relatório?"}]}]},"groupId":"drsl8j1d00p3cmfsdw58yfjz"},{"id":"anaj0oj73na163x9kyd4tsth","type":"choice input","items":[{"id":"b5iagvbdrxsr17sqsiku2ire","type":0,"blockId":"anaj0oj73na163x9kyd4tsth","content":"Sim"}],"groupId":"drsl8j1d00p3cmfsdw58yfjz","options":{"buttonLabel":"Send","isSearchable":false,"isMultipleChoice":false,"searchInputPlaceholder":"Filter the options..."}},{"id":"kmg2bmhhfw3ufxibcqvbsnf8","type":"text","content":{"richText":[{"type":"p","children":[{"text":"Nosso sistema "},{"bold":true,"text":"encontrou"},{"text":" "}]},{"type":"p","children":[{"bold":true,"text":"os"},{"text":" "},{"bold":true,"text":"seguintes"},{"text":" "},{"bold":true,"text":"dados..."}]}]},"groupId":"drsl8j1d00p3cmfsdw58yfjz"},{"id":"ezojtpjq1psoh4oornk7u8iz","type":"Wait","groupId":"drsl8j1d00p3cmfsdw58yfjz","options":{"secondsToWaitFor":"2"}},{"id":"llmhw11j7kphr5w4p0gvz7ro","type":"text","content":{"richText":[{"type":"p","children":[{"bold":true,"text":"89 "},{"text":"mensagens com a palavra: "},{"text":"{{NOME DO PARCEIRO}}","italic":true}]}]},"groupId":"drsl8j1d00p3cmfsdw58yfjz"},{"id":"v0b362du58nnu15wd71wd0p7","type":"Wait","groupId":"drsl8j1d00p3cmfsdw58yfjz","options":{"secondsToWaitFor":"2"}},{"id":"d4zlrkiv7i3f0z19wth8ji84","type":"text","content":{"richText":[{"type":"p","children":[{"bold":true,"text":"126"},{"text":" mensagens com a palavra: \""},{"text":"amor","italic":true},{"text":"\""}]}]},"groupId":"drsl8j1d00p3cmfsdw58yfjz"},{"id":"zh0lsnv4td0x7f1qi5synkoh","type":"Wait","groupId":"drsl8j1d00p3cmfsdw58yfjz","options":{"secondsToWaitFor":"2"}},{"id":"gw7k31l2yiu0lymjt1npjuve","type":"text","content":{"richText":[{"type":"p","children":[{"bold":true,"text":"47"},{"text":" mensagens com a palavra: \""},{"text":"gostosa","italic":true},{"text":"\""}]}]},"groupId":"drsl8j1d00p3cmfsdw58yfjz"},{"id":"y6fvw1cjj3967s5suhm9urbb","type":"Wait","groupId":"drsl8j1d00p3cmfsdw58yfjz","options":{"secondsToWaitFor":"2"}},{"id":"ioh7vk0tsn5m2w169q4pxsdr","type":"text","content":{"richText":[{"type":"p","children":[{"bold":true,"text":"9"},{"text":" mensagens com a palavra: \""},{"text":"bucetinha","italic":true},{"text":"\""}]}]},"groupId":"drsl8j1d00p3cmfsdw58yfjz"},{"id":"h0q73t843x0jqbmjnk60ojw2","type":"Wait","groupId":"drsl8j1d00p3cmfsdw58yfjz","options":{"secondsToWaitFor":"2"}},{"id":"xztd3owe1l8vstaqd5d3lox8","type":"text","content":{"richText":[{"type":"p","children":[{"bold":true,"text":"12"},{"text":" mensagens com a palavra: \""},{"text":"motel","italic":true},{"text":"\""}]}]},"groupId":"drsl8j1d00p3cmfsdw58yfjz"},{"id":"gpryhfzqgstgxcjdqujoocdr","type":"Wait","groupId":"drsl8j1d00p3cmfsdw58yfjz","options":{"secondsToWaitFor":"2"}},{"id":"pdn967knkhsi6tpjtyllcukr","type":"text","content":{"richText":[{"type":"p","children":[{"bold":true,"text":"37 "},{"text":"áudios comprometedores"}]}]},"groupId":"drsl8j1d00p3cmfsdw58yfjz"},{"id":"qbqg9owrlkxi8mrcqfh24h7r","type":"Wait","groupId":"drsl8j1d00p3cmfsdw58yfjz","options":{"secondsToWaitFor":"2"}},{"id":"lypl65cmom3y5kdg268n8ltm","type":"text","content":{"richText":[{"type":"p","children":[{"bold":true,"text":"21"},{"text":" fotos de nudez"}]}]},"groupId":"drsl8j1d00p3cmfsdw58yfjz"},{"id":"auemrle5zjxpe1owrqswmv25","type":"Wait","groupId":"drsl8j1d00p3cmfsdw58yfjz","options":{"secondsToWaitFor":"2"}},{"id":"i66wh3q9ma8snr5uw6twzi3v","type":"text","content":{"richText":[{"type":"p","children":[{"text":"O sistema me liberou "}]},{"type":"p","children":[{"bold":true,"text":"2 áudios de graça"},{"text":". "}]},{"type":"p","children":[{"text":""}]},{"type":"p","children":[{"text":"Posso te enviar?"}]}]},"groupId":"drsl8j1d00p3cmfsdw58yfjz"},{"id":"hgh80kff1pqovlyp1z6rym0o","type":"choice input","items":[{"id":"hmvbtkoa457sh5ptkq9xzkxh","type":0,"blockId":"hgh80kff1pqovlyp1z6rym0o","content":"Sim"}],"groupId":"drsl8j1d00p3cmfsdw58yfjz","options":{"buttonLabel":"Send","isSearchable":false,"isMultipleChoice":false,"searchInputPlaceholder":"Filter the options..."}},{"id":"k62un532r3cu4ifrcg8ig7yf","type":"Wait","groupId":"drsl8j1d00p3cmfsdw58yfjz","options":{"secondsToWaitFor":"2"}},{"id":"z24x59x2d4hn9vb25f7h8l8j","type":"text","content":{"richText":[{"type":"p","children":[{"text":"Estou te enviando..."}]}]},"groupId":"drsl8j1d00p3cmfsdw58yfjz"},{"id":"ffc5k9xsbsn5bpfbi53cn8o2","type":"audio","content":{"url":"https://s3.fr-par.scw.cloud/typebot/public/typebots/f3mxu15bcq3076zs5vptuaw3/blocks/ffc5k9xsbsn5bpfbi53cn8o2?v=1689449518878"},"groupId":"drsl8j1d00p3cmfsdw58yfjz"},{"id":"xlxbh3mb89376xtnfhzbnmbn","type":"Wait","groupId":"drsl8j1d00p3cmfsdw58yfjz","options":{"secondsToWaitFor":"12"}},{"id":"t9544la7yyndlulqd69432sz","type":"text","content":{"richText":[{"type":"p","children":[{"text":"Posso te enviar o outro?"}]}]},"groupId":"drsl8j1d00p3cmfsdw58yfjz"},{"id":"bfmnkoj7s6mhiti38yqlus7w","type":"choice input","items":[{"id":"sf7vh0lih5y6knafg1lsk5kb","type":0,"blockId":"bfmnkoj7s6mhiti38yqlus7w","content":"Sim"}],"groupId":"drsl8j1d00p3cmfsdw58yfjz","options":{"buttonLabel":"Send","isSearchable":false,"isMultipleChoice":false,"searchInputPlaceholder":"Filter the options..."}},{"id":"ovnuzu18fvywy7lvimjztqg1","type":"text","content":{"richText":[{"type":"p","children":[{"text":"Lamento por isso..."}]}]},"groupId":"drsl8j1d00p3cmfsdw58yfjz"},{"id":"aua4ibdzm7lt0wsfs4tvheqo","type":"Wait","groupId":"drsl8j1d00p3cmfsdw58yfjz","options":{"secondsToWaitFor":"4"}},{"id":"qq74mizzat4x2ennczc1n5g1","type":"audio","content":{"url":"https://s3.fr-par.scw.cloud/typebot/public/typebots/f3mxu15bcq3076zs5vptuaw3/blocks/qq74mizzat4x2ennczc1n5g1?v=1689449533638"},"groupId":"drsl8j1d00p3cmfsdw58yfjz"},{"id":"vw4f1eqcxltyqfddi8xtha2p","type":"Wait","groupId":"drsl8j1d00p3cmfsdw58yfjz","options":{"secondsToWaitFor":"8"}},{"id":"w09i44wtp7a54ie8djvw8dt3","type":"text","content":{"richText":[{"type":"p","children":[{"text":"Muito complicado..."}]}]},"groupId":"drsl8j1d00p3cmfsdw58yfjz"},{"id":"te9vhhkd6ejj00n24gp4ke2u","type":"Wait","groupId":"drsl8j1d00p3cmfsdw58yfjz","options":{"secondsToWaitFor":"3"}},{"id":"lsml2s9t8v4qivcg3zcdn6z3","type":"text","content":{"richText":[{"type":"p","children":[{"text":"Infelizmente eu "},{"bold":true,"text":"encontrei"},{"text":" "},{"bold":true,"text":"mais"},{"text":" "},{"bold":true,"text":"coisas"},{"text":"..."}]}]},"groupId":"drsl8j1d00p3cmfsdw58yfjz"},{"id":"heeak9liqd7w2sesokj6tjr2","type":"Wait","groupId":"drsl8j1d00p3cmfsdw58yfjz","options":{"secondsToWaitFor":"3"}},{"id":"hlrzax6f9zr6rwpmlune63su","type":"image","content":{"url":"https://s3.fr-par.scw.cloud/typebot/public/typebots/clj220q6q0032jx0f9fp416py/blocks/bfcfd4kq244h7fio2593uf47?v=1687458868768"},"groupId":"drsl8j1d00p3cmfsdw58yfjz"},{"id":"yencsybmog516sy6vy95lh90","type":"text","content":{"richText":[{"type":"p","children":[{"text":"Deseja continuar? "}]}]},"groupId":"drsl8j1d00p3cmfsdw58yfjz"},{"id":"f288w5drhoaqwymm4eauww9j","type":"Wait","groupId":"drsl8j1d00p3cmfsdw58yfjz","options":{"secondsToWaitFor":"5"}},{"id":"ulj7hmlzjm09qnpnl1o26mu6","type":"choice input","items":[{"id":"nyimi135q2836l6dtbchiu6l","type":0,"blockId":"ulj7hmlzjm09qnpnl1o26mu6","content":"Sim","outgoingEdgeId":"ie07rdbx42ldbbwc547p4ofm"}],"groupId":"drsl8j1d00p3cmfsdw58yfjz","options":{"buttonLabel":"Send","isSearchable":false,"isMultipleChoice":false,"searchInputPlaceholder":"Filter the options..."}}],"graphCoordinates":{"x":-2783.18,"y":1135.93}},{"id":"m7nkldgi4z9osxc769t1azds","title":"","blocks":[{"id":"n15e99787s2swtt4k33c9o46","type":"text","content":{"richText":[{"type":"p","children":[{"bold":true,"text":"Qual é o seu nome?"}]}]},"groupId":"m7nkldgi4z9osxc769t1azds"},{"id":"xzn9vehd0qx81g4iswpn0jep","type":"text input","groupId":"m7nkldgi4z9osxc769t1azds","options":{"isLong":false,"labels":{"button":"Enviar","placeholder":"Digite seu nome..."},"variableId":"vqefx9y5tdtsi957djgvmhv51"}},{"id":"wn6iv60p8zmu4odc41lzp95t","type":"text","content":{"richText":[{"type":"p","children":[{"text":"Muito prazer, {{NOME DO HOMEM}}."}]}]},"groupId":"m7nkldgi4z9osxc769t1azds"},{"id":"lcow1w1xis5aukfz0nel83jg","type":"Wait","groupId":"m7nkldgi4z9osxc769t1azds","options":{"secondsToWaitFor":"2"}},{"id":"uwosqgj2ejmrz6t51mgkrhj7","type":"text","content":{"richText":[{"type":"p","children":[{"text":"Vou te explicar como funciona..."}]}]},"groupId":"m7nkldgi4z9osxc769t1azds"},{"id":"mkaqa8yju2ql6zmcumj34x71","type":"Wait","groupId":"m7nkldgi4z9osxc769t1azds","options":{"secondsToWaitFor":"2"}},{"id":"l6r9x5xyvfroznt8jt3o5sl6","type":"audio","content":{"url":"https://s3.fr-par.scw.cloud/typebot/public/typebots/f3mxu15bcq3076zs5vptuaw3/blocks/l6r9x5xyvfroznt8jt3o5sl6?v=1689040340753"},"groupId":"m7nkldgi4z9osxc769t1azds"},{"id":"z6ufdx12iex00uv0c3qfahmq","type":"text","content":{"richText":[{"type":"p","children":[{"text":"Podemos continuar?"}]}]},"groupId":"m7nkldgi4z9osxc769t1azds"},{"id":"oxddjwgdltj6ph7cabysx9n4","type":"choice input","items":[{"id":"osj4hsor9ujxuicsyirg4us4","type":0,"blockId":"oxddjwgdltj6ph7cabysx9n4","content":"Sim","outgoingEdgeId":"nbhwxklt8yg9uibbgo6eilkg"}],"groupId":"m7nkldgi4z9osxc769t1azds","options":{"buttonLabel":"Send","isSearchable":false,"isMultipleChoice":false,"searchInputPlaceholder":"Filter the options..."}}],"graphCoordinates":{"x":-3146.61,"y":-216.23}},{"id":"tnq39flb3l78alg3ouyigz8g","title":"","blocks":[{"id":"uwjli7urjugjplfo5x69q1do","type":"text","content":{"richText":[{"type":"p","children":[{"bold":true,"text":"Qual é o seu nome?"}]}]},"groupId":"tnq39flb3l78alg3ouyigz8g"},{"id":"f7ztwyeflvmr9oyzxpxe6lvd","type":"text input","groupId":"tnq39flb3l78alg3ouyigz8g","options":{"isLong":false,"labels":{"button":"Enviar","placeholder":"Digite seu nome..."},"variableId":"vbpueqwoqtifmda7jyu4vksmn"}},{"id":"neg1qkxs8py79gofyftk2x15","type":"text","content":{"richText":[{"type":"p","children":[{"text":"Muito prazer, {{NOME DA MULHER}}."}]}]},"groupId":"tnq39flb3l78alg3ouyigz8g"},{"id":"xi9ktfxzqq1s77qdjhgdti02","type":"Wait","groupId":"tnq39flb3l78alg3ouyigz8g","options":{"secondsToWaitFor":"2"}},{"id":"mbu33o33hln1b6x0y6kr0sgr","type":"text","content":{"richText":[{"type":"p","children":[{"text":"Vou te explicar como funciona..."}]}]},"groupId":"tnq39flb3l78alg3ouyigz8g"},{"id":"rzbsrklr0typ6vnq5171lcyp","type":"Wait","groupId":"tnq39flb3l78alg3ouyigz8g","options":{"secondsToWaitFor":"2"}},{"id":"tx2zib4uyt9aflla5z9qo0ti","type":"audio","content":{"url":"https://s3.fr-par.scw.cloud/typebot/public/typebots/f3mxu15bcq3076zs5vptuaw3/blocks/tx2zib4uyt9aflla5z9qo0ti?v=1689449908763"},"groupId":"tnq39flb3l78alg3ouyigz8g"},{"id":"auy7i6184fa4r387bez73b07","type":"text","content":{"richText":[{"type":"p","children":[{"text":"Podemos continuar?"}]}]},"groupId":"tnq39flb3l78alg3ouyigz8g"},{"id":"covi2expb1o0uvp3w1dbnypz","type":"choice input","items":[{"id":"am6793r1g7e5dwcpe2gorv2r","type":0,"blockId":"covi2expb1o0uvp3w1dbnypz","content":"Sim","outgoingEdgeId":"ahqyqu4pv5qbedd7l8umvzlp"}],"groupId":"tnq39flb3l78alg3ouyigz8g","options":{"buttonLabel":"Send","isSearchable":false,"isMultipleChoice":false,"searchInputPlaceholder":"Filter the options..."}}],"graphCoordinates":{"x":-3148.61,"y":555.77}},{"id":"e8ojo7jlsflx98d2e4p1o7fz","title":"","blocks":[{"id":"l4hq9ml0izb63mlpsii5k80f","type":"text","content":{"richText":[{"type":"p","children":[{"text":"Qual é o "},{"bold":true,"text":"nome da sua mulher"},{"text":"?"}]}]},"groupId":"e8ojo7jlsflx98d2e4p1o7fz"},{"id":"acnrfpvidurs4u2s47fa4se6","type":"text input","groupId":"e8ojo7jlsflx98d2e4p1o7fz","options":{"isLong":false,"labels":{"button":"Enviar","placeholder":"Digite nome da sua mulher..."},"variableId":"vbpueqwoqtifmda7jyu4vksmn"}},{"id":"evcet01k4u5oslx656w9sqya","type":"Wait","groupId":"e8ojo7jlsflx98d2e4p1o7fz","options":{"secondsToWaitFor":"2"}},{"id":"v28gkh10qca3kag81hwc5gry","type":"text","content":{"richText":[{"type":"p","children":[{"text":"Me conta, você percebeu"}]},{"type":"p","children":[{"text":"alguma "},{"bold":true,"text":"atitude suspeita dela"},{"text":"?"}]}]},"groupId":"e8ojo7jlsflx98d2e4p1o7fz"},{"id":"nb93le6yo02unyv0ed4rdvmj","type":"choice input","items":[{"id":"r2ufav4z38c4cflfi1rgh0cp","type":0,"blockId":"nb93le6yo02unyv0ed4rdvmj","content":"Sim","outgoingEdgeId":"zcl35w4fufvmxsewpl8pr0jo"}],"groupId":"e8ojo7jlsflx98d2e4p1o7fz","options":{"buttonLabel":"Send","isSearchable":false,"isMultipleChoice":false,"searchInputPlaceholder":"Filter the options..."}}],"graphCoordinates":{"x":-2776.95,"y":-212.68}},{"id":"roza9rn33prl936z77lvdafu","title":"","blocks":[{"id":"zdola47s8g2kc9hhiastydc4","type":"text","content":{"richText":[{"type":"p","children":[{"text":"Qual é o "},{"bold":true,"text":"nome do seu marido"},{"text":"?"}]}]},"groupId":"roza9rn33prl936z77lvdafu"},{"id":"bv02ip8ns8qus0suqp7hez3k","type":"text input","groupId":"roza9rn33prl936z77lvdafu","options":{"isLong":false,"labels":{"button":"Enviar","placeholder":"Digite nome da sua mulher..."},"variableId":"vfsgbnmi8wwh45n8k5dc6yxl5"}},{"id":"osabkjl7nt7oc0qohg2al7i3","type":"Wait","groupId":"roza9rn33prl936z77lvdafu","options":{"secondsToWaitFor":"2"}},{"id":"fty8bb5yvjh9owm91pn36vax","type":"text","content":{"richText":[{"type":"p","children":[{"text":"Me conta, você percebeu"}]},{"type":"p","children":[{"text":"alguma "},{"bold":true,"text":"atitude suspeita dele"},{"text":"?"}]}]},"groupId":"roza9rn33prl936z77lvdafu"},{"id":"u201bll5292guf34yydsvinb","type":"choice input","items":[{"id":"s7udaifzhhnrnqg151a7pjtx","type":0,"blockId":"u201bll5292guf34yydsvinb","content":"Sim","outgoingEdgeId":"q5d9f4ugcmor5ja4hqmje43c"}],"groupId":"roza9rn33prl936z77lvdafu","options":{"buttonLabel":"Send","isSearchable":false,"isMultipleChoice":false,"searchInputPlaceholder":"Filter the options..."}}],"graphCoordinates":{"x":-2806.95,"y":569.32}},{"id":"yymxly9v488ivmnal1o6sk1i","title":"","blocks":[{"id":"dh900nhktoxtvg6chk3tjpcr","type":"text","content":{"richText":[{"type":"p","children":[{"text":"Hm, isso me parece suspeito..."}]}]},"groupId":"yymxly9v488ivmnal1o6sk1i"},{"id":"vfjgjutahxlxojt1rg37w8n9","type":"Wait","groupId":"yymxly9v488ivmnal1o6sk1i","options":{"secondsToWaitFor":"2"}},{"id":"k4uco7zcfawwms2lgkrlupgc","type":"audio","content":{"url":"https://s3.fr-par.scw.cloud/typebot/public/typebots/f3mxu15bcq3076zs5vptuaw3/blocks/k4uco7zcfawwms2lgkrlupgc?v=1689040442347"},"groupId":"yymxly9v488ivmnal1o6sk1i"},{"id":"rhjoi58igsnl6hyer47f0uff","type":"Wait","groupId":"yymxly9v488ivmnal1o6sk1i","options":{"secondsToWaitFor":"17"}},{"id":"q4l9q6hhlay0nx4y68z9o0dc","type":"text","content":{"richText":[{"type":"p","children":[{"text":"Você quer que eu veja o "}]},{"type":"p","children":[{"text":"que tem no celular dela?"}]}]},"groupId":"yymxly9v488ivmnal1o6sk1i"},{"id":"m1uwhhi8kibu8p96vyvth4wi","type":"Wait","groupId":"yymxly9v488ivmnal1o6sk1i","options":{"secondsToWaitFor":"2"}},{"id":"uyuot6qqugapd7g7lue00sie","type":"text","content":{"richText":[{"type":"p","children":[{"text":"Ela não vai saber de nada..."}]}]},"groupId":"yymxly9v488ivmnal1o6sk1i"},{"id":"sbpxeksea2sypmxqu0fnorb2","type":"choice input","items":[{"id":"h4181jaki25w8xu5tue6u83c","type":0,"blockId":"sbpxeksea2sypmxqu0fnorb2","content":"Sim","outgoingEdgeId":"iu6eoka4o2wk2pmkzz1a30np"}],"groupId":"yymxly9v488ivmnal1o6sk1i","options":{"buttonLabel":"Send","isSearchable":false,"isMultipleChoice":false,"searchInputPlaceholder":"Filter the options..."}}],"graphCoordinates":{"x":-2392,"y":-226.04}},{"id":"k1y0dd7tiqz71tsamainisn7","title":"","blocks":[{"id":"muj6khgwbudsbzek5qgrtibq","type":"Wait","groupId":"k1y0dd7tiqz71tsamainisn7","options":{"secondsToWaitFor":"2"}},{"id":"vffqv1twnsmzdmd8gk8wp31o","type":"audio","content":{"url":"https://s3.fr-par.scw.cloud/typebot/public/typebots/f3mxu15bcq3076zs5vptuaw3/blocks/vffqv1twnsmzdmd8gk8wp31o?v=1689450010967"},"groupId":"k1y0dd7tiqz71tsamainisn7"},{"id":"in8c79ycqnv4zbaidegut6a9","type":"Wait","groupId":"k1y0dd7tiqz71tsamainisn7","options":{"secondsToWaitFor":"17"}},{"id":"gvtp8mt3r1xgrtzbhisuk6nv","type":"text","content":{"richText":[{"type":"p","children":[{"text":"Você quer que eu veja o "}]},{"type":"p","children":[{"text":"que tem no celular dele?"}]}]},"groupId":"k1y0dd7tiqz71tsamainisn7"},{"id":"v6g1503qnftsxblircpz94nz","type":"Wait","groupId":"k1y0dd7tiqz71tsamainisn7","options":{"secondsToWaitFor":"2"}},{"id":"jxl8ez1dh978b68ipjehf5es","type":"text","content":{"richText":[{"type":"p","children":[{"text":"Ela não vai saber de nada..."}]}]},"groupId":"k1y0dd7tiqz71tsamainisn7"},{"id":"xu355x71x08qfg3yr0wy805f","type":"choice input","items":[{"id":"f0nn6cham2q19px9y90j7aly","type":0,"blockId":"xu355x71x08qfg3yr0wy805f","content":"Sim","outgoingEdgeId":"hfacog027jylzsbp4x4i5tva"}],"groupId":"k1y0dd7tiqz71tsamainisn7","options":{"buttonLabel":"Send","isSearchable":false,"isMultipleChoice":false,"searchInputPlaceholder":"Filter the options..."}}],"graphCoordinates":{"x":-2402,"y":577.96}},{"id":"a75s5jb2e5xtfzs7wj17o1mh","title":"Group #7","blocks":[{"id":"e2qo35c1p94t9dwr48kdvvym","type":"text","content":{"richText":[{"type":"p","children":[{"text":"Qual sua dúvida? "}]}]},"groupId":"a75s5jb2e5xtfzs7wj17o1mh"},{"id":"glrl758rtuwbill862p8uyf2","type":"choice input","items":[{"id":"n1cnf0ri0c5ljydacahxlqdj","type":0,"blockId":"glrl758rtuwbill862p8uyf2","content":"Está desconfiando da sua ESPOSA?","outgoingEdgeId":"h8cveczefy6vsqitc06t5q1m"},{"id":"if1kusovgxubvdg87b2eb113","type":0,"blockId":"glrl758rtuwbill862p8uyf2","content":"Está desconfiando do seu MARIDO?","outgoingEdgeId":"khh7bd9p25dojr4vdfkx3nxz"}],"groupId":"a75s5jb2e5xtfzs7wj17o1mh","options":{"buttonLabel":"Send","isSearchable":false,"isMultipleChoice":false,"searchInputPlaceholder":"Filter the options..."}}],"graphCoordinates":{"x":-3834.46,"y":-281.1}}],"variables":[{"id":"vbpueqwoqtifmda7jyu4vksmn","name":"NOME DA MULHER"},{"id":"vfsgbnmi8wwh45n8k5dc6yxl5","name":"NOME DO PARCEIRO"},{"id":"vqefx9y5tdtsi957djgvmhv51","name":"NOME DO HOMEM"}],"edges":[{"id":"mn171q2ujpj17esu4916lmvk","to":{"blockId":"n15e99787s2swtt4k33c9o46","groupId":"m7nkldgi4z9osxc769t1azds"},"from":{"itemId":"l5cxklfhdc50wbfuu151l8ab","blockId":"r24ojdthvge880vylht7op8g","groupId":"kbkevsuczq6ohozw6xyhmh3c"}},{"id":"nbhwxklt8yg9uibbgo6eilkg","to":{"groupId":"e8ojo7jlsflx98d2e4p1o7fz"},"from":{"itemId":"osj4hsor9ujxuicsyirg4us4","blockId":"oxddjwgdltj6ph7cabysx9n4","groupId":"m7nkldgi4z9osxc769t1azds"}},{"id":"zcl35w4fufvmxsewpl8pr0jo","to":{"groupId":"yymxly9v488ivmnal1o6sk1i"},"from":{"itemId":"r2ufav4z38c4cflfi1rgh0cp","blockId":"nb93le6yo02unyv0ed4rdvmj","groupId":"e8ojo7jlsflx98d2e4p1o7fz"}},{"id":"iu6eoka4o2wk2pmkzz1a30np","to":{"blockId":"e3viwgf9lp41x07x45z1hm35","groupId":"l3qpz8eiayz0ue7a1hi55dwg"},"from":{"itemId":"h4181jaki25w8xu5tue6u83c","blockId":"sbpxeksea2sypmxqu0fnorb2","groupId":"yymxly9v488ivmnal1o6sk1i"}},{"id":"mubdmqw1bgk9ve0ng6sommti","to":{"groupId":"h9lqeno1blhrovmy54h3aizo"},"from":{"itemId":"fmjuc0t8syasy26g05xglqkz","blockId":"ianxvfxzqsp7w4woc4vamzn4","groupId":"l3qpz8eiayz0ue7a1hi55dwg"}},{"id":"j4bk5gue1yy3t8whivjvtlp6","to":{"blockId":"rbo96vd99ufq9vhn5noz4lng","groupId":"l3qpz8eiayz0ue7a1hi55dwg"},"from":{"itemId":"ev4o1uinkqgv1mn0siyxxc82","blockId":"f4jdo3h1p8mnk8j85qbksuf1","groupId":"l3qpz8eiayz0ue7a1hi55dwg"}},{"id":"l4svq4npe5hru2pidlhkn9sa","to":{"blockId":"c9sy4q46shgnd6i1b08tap90","groupId":"l3qpz8eiayz0ue7a1hi55dwg"},"from":{"itemId":"c3spkt84bd2di85parqvymng","blockId":"dq0ks52huziyet52samux6q7","groupId":"l3qpz8eiayz0ue7a1hi55dwg"}},{"id":"ccsbbblp6put333cje5najxe","to":{"blockId":"naxrtczh8b3hnlj5nsnn62v8","groupId":"l3qpz8eiayz0ue7a1hi55dwg"},"from":{"itemId":"hffa42mb4kg9id8g68tjn4wf","blockId":"o07esa3dp4ryu8imfd2lggh8","groupId":"l3qpz8eiayz0ue7a1hi55dwg"}},{"id":"bckqky11r4ud8t61x77dvy3g","to":{"blockId":"qhxxufuglzt3l1p3hxh4cmbo","groupId":"h9lqeno1blhrovmy54h3aizo"},"from":{"itemId":"o259rn4uvjr2pv0v45hna8aw","blockId":"qp9bv30h8q5ph4lr5ibx2gk4","groupId":"h9lqeno1blhrovmy54h3aizo"}},{"id":"optezipn18o0ikqcpzcw2xb6","to":{"blockId":"xksm582yf59oam63gq6gicj5","groupId":"h9lqeno1blhrovmy54h3aizo"},"from":{"itemId":"rbpnm4nu1ijetwd9bx4otl2t","blockId":"av11fcd9jpn32yr69h1ke3ek","groupId":"h9lqeno1blhrovmy54h3aizo"}},{"id":"llw5rbn397yg25niipy9mfyb","to":{"groupId":"a75s5jb2e5xtfzs7wj17o1mh"},"from":{"blockId":"frezmwrqcok3ro4l3zudx0od","groupId":"k24t22a8k11h0xdh9ph1kx2b"}},{"id":"h8cveczefy6vsqitc06t5q1m","to":{"groupId":"kbkevsuczq6ohozw6xyhmh3c"},"from":{"itemId":"n1cnf0ri0c5ljydacahxlqdj","blockId":"glrl758rtuwbill862p8uyf2","groupId":"a75s5jb2e5xtfzs7wj17o1mh"}},{"id":"khh7bd9p25dojr4vdfkx3nxz","to":{"blockId":"n1q0mo73cfvr0po9usdsdr5s","groupId":"avxaw9fflz6xczvfzae6qkin"},"from":{"itemId":"if1kusovgxubvdg87b2eb113","blockId":"glrl758rtuwbill862p8uyf2","groupId":"a75s5jb2e5xtfzs7wj17o1mh"}},{"id":"ue88iuhgq7rdorwowyz7tnvm","to":{"blockId":"uwjli7urjugjplfo5x69q1do","groupId":"tnq39flb3l78alg3ouyigz8g"},"from":{"itemId":"o0trx676464ismi1xydblrab","blockId":"pih18333ouuo81yl025fsptg","groupId":"avxaw9fflz6xczvfzae6qkin"}},{"id":"ahqyqu4pv5qbedd7l8umvzlp","to":{"blockId":"zdola47s8g2kc9hhiastydc4","groupId":"roza9rn33prl936z77lvdafu"},"from":{"itemId":"am6793r1g7e5dwcpe2gorv2r","blockId":"covi2expb1o0uvp3w1dbnypz","groupId":"tnq39flb3l78alg3ouyigz8g"}},{"id":"q5d9f4ugcmor5ja4hqmje43c","to":{"blockId":"muj6khgwbudsbzek5qgrtibq","groupId":"k1y0dd7tiqz71tsamainisn7"},"from":{"itemId":"s7udaifzhhnrnqg151a7pjtx","blockId":"u201bll5292guf34yydsvinb","groupId":"roza9rn33prl936z77lvdafu"}},{"id":"hfacog027jylzsbp4x4i5tva","to":{"blockId":"bkjtiqji13roqbgd90rqftoo","groupId":"drsl8j1d00p3cmfsdw58yfjz"},"from":{"itemId":"f0nn6cham2q19px9y90j7aly","blockId":"xu355x71x08qfg3yr0wy805f","groupId":"k1y0dd7tiqz71tsamainisn7"}},{"id":"ie07rdbx42ldbbwc547p4ofm","to":{"blockId":"bu87iffx3up5q2l803gak1nz","groupId":"h9zxz305zc50hmxhdq0uy1gt"},"from":{"itemId":"nyimi135q2836l6dtbchiu6l","blockId":"ulj7hmlzjm09qnpnl1o26mu6","groupId":"drsl8j1d00p3cmfsdw58yfjz"}}],"theme":{"chat":{"inputs":{"color":"#303235","backgroundColor":"#FFFFFF","placeholderColor":"#9095A0"},"buttons":{"color":"#FFFFFF","backgroundColor":"#035d54"},"roundness":"large","hostAvatar":{"url":"https://i.postimg.cc/hP79brM2/2018-10-08.jpg","isEnabled":true},"guestAvatar":{"isEnabled":false},"hostBubbles":{"color":"#303235","backgroundColor":"#F7F8FF"},"guestBubbles":{"color":"#303235","backgroundColor":"#E1FFC7"}},"general":{"font":"Open Sans","background":{"type":"Image","content":"https://s3.fr-par.scw.cloud/typebot/public/typebots/cli88mae30010mh0f0yzjqn48/background?v=1685470080750"}},"customCss":".typebot-chat-view > .flex:first-child {\n    padding-top: 30px;\n}\n\n.typebot-input {\n    position: fixed;\n    bottom: 0;\n    align-items: center;\n    z-index: 999;\n    right: 0;\n}\n\n.typebot-input .typebot-button {\n    background: #008a7c;\n    border-radius: 50%;\n    color: #fff;\n    position: relative;\n    width: 50px;\n    height: 50px;\n    display: flex;\n    align-items: center;\n    justify-content: center;\n}\n\n.typebot-container {\n    background-size: initial!important;\n    background-repeat: repeat-x!important;\n}\n\n.typebot-host-bubble>.bubble-typing {\n  border-radius: 0 5px 5px 5px;\n}\n\n.typebot-host-bubble>.bubble-typing:after {\n    position: absolute;\n    content: \"\";\n    width: 0;\n    height: 0;\n    border-style: solid;\n    border-width: 0px 10px 10px 0;\n    border-color: transparent #fff transparent transparent;\n    top: 0;\n    left: -10px;\n}\n\n.typebot-guest-bubble {\n  position: relative;\n  border-radius: 5px 0 5px 5px;\n}\n\n.typebot-guest-bubble:after {\n  position: absolute;\n  content: \"\";\n  width: 0;\n  height: 0;\n  border-style: solid;\n}\n\n.typebot-guest-bubble:after {\n    border-width: 0px 0 10px 10px;\n    border-color: transparent transparent transparent #e1ffc7;\n    top: 0;\n    right: -10px;\n    border-style: solid;\n}\n\niframe[src=\"\"] {\n  position: fixed;\n  top: 0;\n  left: 0;\n  display: relative;\n  width: 100%;\n  height: 100% !important;\n  z-index: 999999;\n  border: none;\n  padding: 0;\n  margin: 0;\n}\n\na#lite-badge {\n  display: none!important;\n}"},"settings":{"general":{"rememberUser":{"isEnabled":false},"isBrandingEnabled":true,"isInputPrefillEnabled":true,"isHideQueryParamsEnabled":true},"metadata":{"title":"WhatsApp Web","imageUrl":"https://s3.fr-par.scw.cloud/typebot/public/typebots/r84jdu7bjz19lcijs97fohsc/ogImage?v=1687632342887","favIconUrl":"https://play-lh.googleusercontent.com/bYtqbOcTYOlgc6gqZ2rwb8lptHuwlNE75zYJu6Bn076-hTmvd96HH-6v7S0YUAAJXoJN","description":"Fale com a Detetive Daniele Martins e descubra os segredos da sua relação.","customHeadCode":"<!-- Meta Pixel Code -->\n<script>\n  !function(f,b,e,v,n,t,s)\n  {if(f.fbq)return;n=f.fbq=function(){n.callMethod?\n  n.callMethod.apply(n,arguments):n.queue.push(arguments)};\n  if(!f._fbq)f._fbq=n;n.push=n;n.loaded=!0;n.version='2.0';\n  n.queue=[];t=b.createElement(e);t.async=!0;\n  t.src=v;s=b.getElementsByTagName(e)[0];\n  s.parentNode.insertBefore(t,s)}(window, document,'script',\n  'https://connect.facebook.net/en_US/fbevents.js');\n  fbq('init', '1382363935656602');\n  fbq('track', 'PageView');\n</script>\n<noscript><img height=\"1\" width=\"1\" style=\"display:none\"\n  src=\"https://www.facebook.com/tr?id=1382363935656602&ev=PageView&noscript=1\"\n/></noscript>\n<!-- End Meta Pixel Code -->"},"typingEmulation":{"speed":300,"enabled":true,"maxDelay":1.5}}}