{"id":"clklfnt5g0007mn0fiit10euq","version":"3","groups":[{"id":"rru1ferkyr03hqd43656uwzq","title":"Start","blocks":[{"id":"f8557i55o2q5bccv5bm1rt4y","type":"start","label":"Start","groupId":"rru1ferkyr03hqd43656uwzq","outgoingEdgeId":"cznsydpfsz1cbiul8dlj19vn"}],"graphCoordinates":{"x":-22,"y":42.75}},{"id":"iovfcoclkl0h8xpw7qg5u4i2","title":"INICIO","blocks":[{"id":"zfad0y1ivr6og8qeoe2xm73n","type":"text","content":{"richText":[{"type":"p","children":[{"text":"Bem vindo ao nosso consultório virtual. "},{"bold":true,"text":"ESSA","underline":true},{"text":" "},{"bold":true,"text":"AVALIAÇÃO É","underline":true},{"text":" ","underline":true},{"bold":true,"text":"GRATUITA","underline":true},{"text":"!"}]}]},"groupId":"iovfcoclkl0h8xpw7qg5u4i2"},{"id":"dm8a4kfmafqzo0ml10wx6xtd","type":"Wait","groupId":"iovfcoclkl0h8xpw7qg5u4i2","options":{"secondsToWaitFor":"3"}},{"id":"oqdkhwn4nsvinq2taj29gn3k","type":"text","content":{"richText":[{"type":"p","children":[{"text":"Olá, meu nome é Dr. Fernando Vaz, sou especialista em urologia.\n"}]}]},"groupId":"iovfcoclkl0h8xpw7qg5u4i2"},{"id":"n8sulwcbrmci9hws7jr74bip","type":"Wait","groupId":"iovfcoclkl0h8xpw7qg5u4i2","options":{"secondsToWaitFor":"6"}},{"id":"yuw74j73o800xu9op2tu7mcs","type":"text","content":{"richText":[{"type":"p","children":[{"text":"Posso te enviar aúdios ou você prefere que eu te escreva?"}]}]},"groupId":"iovfcoclkl0h8xpw7qg5u4i2"},{"id":"iwir4elqqs7d0rwso6a13ybz","type":"choice input","items":[{"id":"cnm9qrejvbzg3xqd4a0bvqpy","type":0,"blockId":"iwir4elqqs7d0rwso6a13ybz","content":"Mande Aúdio","outgoingEdgeId":"bnn2wyb1umcciclcb34x16d6"},{"id":"x5azul4ad41zvnxhdciwidvh","type":0,"blockId":"iwir4elqqs7d0rwso6a13ybz","content":"Melhor Escrever","outgoingEdgeId":"imdjc45x1rx705cejeftfw5b"}],"groupId":"iovfcoclkl0h8xpw7qg5u4i2","options":{"buttonLabel":"Send","isSearchable":false,"isMultipleChoice":false,"searchInputPlaceholder":"Filter the options..."}}],"graphCoordinates":{"x":696,"y":-102.25}},{"id":"zk91itn3ifk8lv9rye47xn9f","title":"Group #2","blocks":[{"id":"pltoxf45qdt198pjzg5qb11u","type":"Pixel","groupId":"zk91itn3ifk8lv9rye47xn9f","options":{"params":[{"id":"y8mj8w7m2qreai18ihf1l1gn","key":"content_category","value":"typebot"}],"pixelId":"1030107691736212","eventType":"Lead","isInitSkip":true},"outgoingEdgeId":"uginhggvd6k726pavxe3h3c4"}],"graphCoordinates":{"x":340,"y":45.75}},{"id":"h3gd9ptxnewkw6olf84qx5wj","title":"INICIO FUNIL AUDIO","blocks":[{"id":"xyg5uj56b4402t3cdm1rhmcr","type":"Wait","groupId":"h3gd9ptxnewkw6olf84qx5wj","options":{"secondsToWaitFor":"3"}},{"id":"t366zf1kvvnoa05c5j3xq41u","type":"audio","content":{"url":"https://s3.fr-par.scw.cloud/typebot/public/typebots/clk5r5x2r002wky0fx0jr8cjx/blocks/t366zf1kvvnoa05c5j3xq41u?v=1689769683749"},"groupId":"h3gd9ptxnewkw6olf84qx5wj","outgoingEdgeId":"tpim6z9wvzw2bq6f47flm8nc"}],"graphCoordinates":{"x":723.33,"y":-1108.7}},{"id":"raywrdf6ccwvv8b76kmcdoem","title":"PERGUNTAS ESCREVER","blocks":[{"id":"opfgal013ci9e4fg8orm6jzy","type":"Wait","groupId":"raywrdf6ccwvv8b76kmcdoem","options":{"secondsToWaitFor":"3"}},{"id":"p8f1m9ik3vdmjoc1272rrxwe","type":"text","content":{"richText":[{"type":"p","children":[{"text":"Perfeito!"}]}]},"groupId":"raywrdf6ccwvv8b76kmcdoem"},{"id":"gzlcr57vhr94pj6wbx0c37lj","type":"Wait","groupId":"raywrdf6ccwvv8b76kmcdoem","options":{"secondsToWaitFor":"5"}},{"id":"mgud2ayh63pyw3rw7b7xh8gk","type":"text","content":{"richText":[{"type":"p","children":[{"text":"Hoje qual o seu maior incomôdo relacionado a ereção hoje? "},{"bold":true,"text":"Clique na opção que mais afeta você:"}]}]},"groupId":"raywrdf6ccwvv8b76kmcdoem"},{"id":"o62hj9xx29uttbgiurzjrkot","type":"choice input","items":[{"id":"i6o44m1upsyk2r10qhsrguxp","type":0,"blockId":"o62hj9xx29uttbgiurzjrkot","content":"Não tenho tesão","outgoingEdgeId":"sz7t03pp8unhw73hpej9uk4z"},{"id":"tbut7pu0t8j7ka6wd1s8lmo0","type":0,"blockId":"o62hj9xx29uttbgiurzjrkot","content":"Gozo rápido","outgoingEdgeId":"yncrljtbcu7rdjftxpg0rm53"},{"id":"d2p8awep5zipkons73s8mqob","type":0,"blockId":"o62hj9xx29uttbgiurzjrkot","content":"Pênis é pequeno","outgoingEdgeId":"nrw9u8uc30qz12qpx8gzfx8c"},{"id":"izj15yaso9r1x3q15ttp5b8f","type":0,"blockId":"o62hj9xx29uttbgiurzjrkot","content":"Impotência","outgoingEdgeId":"dvu9it2ed2tqxzj1kvytyy70"}],"groupId":"raywrdf6ccwvv8b76kmcdoem","options":{"buttonLabel":"Send","isSearchable":false,"isMultipleChoice":false,"searchInputPlaceholder":"Filter the options..."}}],"graphCoordinates":{"x":1122.03,"y":568.28}},{"id":"bv8ckz3ozm2emw1arxdpv5bh","title":"AUDIO PERGUNTAS","blocks":[{"id":"dbpdv8lt8jwei4av9baj3kf0","type":"Wait","groupId":"bv8ckz3ozm2emw1arxdpv5bh","options":{"secondsToWaitFor":"17"}},{"id":"fhbpetzwpvw7hobt619b1p1w","type":"text","content":{"richText":[{"type":"p","children":[{"text":"Hoje qual o seu maior incomôdo relacionado a ereção? "},{"bold":true,"text":"Clique na opção que mais afeta você:"}]}]},"groupId":"bv8ckz3ozm2emw1arxdpv5bh"},{"id":"my56g6xmdxahqxhgck066pg2","type":"choice input","items":[{"id":"sjjw4yy3f6sxc9f4qvpqvmt6","type":0,"blockId":"my56g6xmdxahqxhgck066pg2","content":"Não tenho tesão","outgoingEdgeId":"lddv6q55cj3hyzt72ffd3kyv"},{"id":"ldj4etc9e1pen2in8o8jihcf","type":0,"blockId":"my56g6xmdxahqxhgck066pg2","content":"Gozo rápido","outgoingEdgeId":"ntcktanjp386j8p7x4iymkmy"},{"id":"wf0tc0um5c8wsp8arzf04ggh","type":0,"blockId":"my56g6xmdxahqxhgck066pg2","content":"Pênis é pequeno","outgoingEdgeId":"wfnlmbdo5byikzdnztogwdr9"},{"id":"dx2ecbzpo65iq63jumvuy5ch","type":0,"blockId":"my56g6xmdxahqxhgck066pg2","content":"Impotência","outgoingEdgeId":"sojqe4d4h8flmjxlf4yxnrbn"}],"groupId":"bv8ckz3ozm2emw1arxdpv5bh","options":{"buttonLabel":"Send","isSearchable":false,"isMultipleChoice":false,"searchInputPlaceholder":"Filter the options..."}}],"graphCoordinates":{"x":751.66,"y":-819.13}},{"id":"obl3o10jj4mxhpvdebr2a5ra","title":"NÃO TENHO TESÃO","blocks":[{"id":"e0als10osfvd8fjhmtswikie","type":"Wait","groupId":"obl3o10jj4mxhpvdebr2a5ra","options":{"secondsToWaitFor":"3"}},{"id":"gyj2zq9ahrdlsmaetqzf4476","type":"text","content":{"richText":[{"type":"p","children":[{"text":"Às vezes é necessário uma injeção de ânimo nas nossas vidas, aquela apimentada no relacionamento."}]}]},"groupId":"obl3o10jj4mxhpvdebr2a5ra"},{"id":"modojfy5t4k5tp1nzn6l67bl","type":"Wait","groupId":"obl3o10jj4mxhpvdebr2a5ra","options":{"secondsToWaitFor":"8"}},{"id":"tx213wrj8lsheel3l0teqo6v","type":"text","content":{"richText":[{"type":"p","children":[{"text":"E a "},{"bold":true,"text":"libido é a manifestação da sexualidade e do desejo sexual"},{"text":", e ela é regulada por hormônios, e também por nossas emoções impactando todas as áreas da nossa vida. "}]}]},"groupId":"obl3o10jj4mxhpvdebr2a5ra"},{"id":"b22akbv7isw7aqpz3x5alkro","type":"Wait","groupId":"obl3o10jj4mxhpvdebr2a5ra","options":{"secondsToWaitFor":"8"}},{"id":"r2etilvk2en5ojyf2aph4k8g","type":"text","content":{"richText":[{"type":"p","children":[{"text":"Além desses fatores físicos e psicológicos, existem também algumas alterações causadas por disfunção hormonal, doenças renais crônicas"}]}]},"groupId":"obl3o10jj4mxhpvdebr2a5ra"},{"id":"j6cnwg1n55b05lw6uhrdz5d2","type":"Wait","groupId":"obl3o10jj4mxhpvdebr2a5ra","options":{"secondsToWaitFor":"8"}},{"id":"zqypxfd05rmeordem8bvovd6","type":"text","content":{"richText":[{"type":"p","children":[{"text":"Assim como, alguns medicamentos usados para tratamento de diabetes, próstata e ansiedade, trazendo esse desinteresse sexual parcial ou total"}]}]},"groupId":"obl3o10jj4mxhpvdebr2a5ra"},{"id":"dykud2lzg90tq21389ybeg5v","type":"Wait","groupId":"obl3o10jj4mxhpvdebr2a5ra","options":{"secondsToWaitFor":"8"}},{"id":"fhzqjptmnvxy8ssnk0yrqffm","type":"text","content":{"richText":[{"type":"p","children":[{"text":"A forma de melhorar essa condição é: dormindo melhor, praticando exercícios físicos e ter uma alimentação rica em antioxidantes, além de minerais como o magnésio e zinco "}]}]},"groupId":"obl3o10jj4mxhpvdebr2a5ra"},{"id":"qbc5d4c084in8cpm4bfjus5h","type":"Wait","groupId":"obl3o10jj4mxhpvdebr2a5ra","options":{"secondsToWaitFor":"5"}},{"id":"svhzrswo1mwtarffw02bt5su","type":"text","content":{"richText":[{"type":"p","children":[{"text":"Facilitando toda a reposição do hormônio masculino e regulando os níveis dos mesmos no organismo"}]}]},"groupId":"obl3o10jj4mxhpvdebr2a5ra"},{"id":"g8lovbsi4hh5z429wz5sftcz","type":"Wait","groupId":"obl3o10jj4mxhpvdebr2a5ra","options":{"secondsToWaitFor":"3"},"outgoingEdgeId":"c00njzbc19qg4xekm3t0n162"}],"graphCoordinates":{"x":1602.5,"y":-127.46}},{"id":"ybpaesn3dgkyyu61wxhxcs04","title":"Group #6","blocks":[{"id":"zvup3a63b1t86oddzj7349df","type":"text","content":{"richText":[{"type":"p","children":[{"text":"Conseguiu entender tudo até até aqui?"}]}]},"groupId":"ybpaesn3dgkyyu61wxhxcs04"},{"id":"v1b0jci3j6rdumk6242o7d6a","type":"choice input","items":[{"id":"gtb1tpahqq6bzj05kax6jk7u","type":0,"blockId":"v1b0jci3j6rdumk6242o7d6a","content":"SIM"}],"groupId":"ybpaesn3dgkyyu61wxhxcs04","options":{"buttonLabel":"Send","isSearchable":false,"isMultipleChoice":false,"searchInputPlaceholder":"Filter the options..."}},{"id":"mjjm45jvelk9ou77g7qid6i8","type":"Wait","groupId":"ybpaesn3dgkyyu61wxhxcs04","options":{"secondsToWaitFor":"3"}},{"id":"h2arc2k52ay7y2x9k6v260ku","type":"text","content":{"richText":[{"type":"p","children":[{"text":"Ótimo!"}]}]},"groupId":"ybpaesn3dgkyyu61wxhxcs04"},{"id":"kquffs9hp3d57imomlmtf8qv","type":"Wait","groupId":"ybpaesn3dgkyyu61wxhxcs04","options":{"secondsToWaitFor":"5"}},{"id":"m3q95zacmn14rqro94x77g9a","type":"text","content":{"richText":[{"type":"p","children":[{"text":"Caso você possua mais de 40 anos, é importante ficar atento a essas alterações hormonais e realizar além das dicas já citadas a suplementação desses antioxidantes, vitaminas e minerais"}]}]},"groupId":"ybpaesn3dgkyyu61wxhxcs04"},{"id":"iae1p3obd5pytop9n4wszzcn","type":"Wait","groupId":"ybpaesn3dgkyyu61wxhxcs04","options":{"secondsToWaitFor":"12"}},{"id":"cv36vc03t5fzgp3pvsblf4eb","type":"text","content":{"richText":[{"type":"p","children":[{"text":"É o caso dessa pessoa aqui abaixo:"}]}]},"groupId":"ybpaesn3dgkyyu61wxhxcs04"},{"id":"yyczb88oljz18h80yxzgb1y3","type":"video","content":{"id":"negVC6h4ERw","url":"https://youtube.com/shorts/negVC6h4ERw?feature=share","type":"youtube"},"groupId":"ybpaesn3dgkyyu61wxhxcs04"},{"id":"zkgl8ku6wutsa5t2471r9xup","type":"Wait","groupId":"ybpaesn3dgkyyu61wxhxcs04","options":{"secondsToWaitFor":"20"}},{"id":"mu643qrl37e0ehqqyz5xsg3b","type":"text","content":{"richText":[{"type":"p","children":[{"text":"Esse composto suplementar, contém propriedades antioxidantes, vitaminais e minerais essenciais para a saúde do homem, além de ser totalmente natural e livre de efeitos colaterais."}]}]},"groupId":"ybpaesn3dgkyyu61wxhxcs04"},{"id":"h2awha4n7156brb4cu416die","type":"Wait","groupId":"ybpaesn3dgkyyu61wxhxcs04","options":{"secondsToWaitFor":"12"}},{"id":"mtg3wbj6npxjj60kijgutv1b","type":"text","content":{"richText":[{"type":"p","children":[{"text":"Você deseja experimentar essa solução?"}]}]},"groupId":"ybpaesn3dgkyyu61wxhxcs04"},{"id":"d9t6lswrvf5lulsjjgydshg3","type":"Wait","groupId":"ybpaesn3dgkyyu61wxhxcs04","options":{"secondsToWaitFor":"3"}},{"id":"a9hhrpjthtdyw0aa5zcer0xw","type":"choice input","items":[{"id":"zmcl7gaqjkxvqsffaajx444d","type":0,"blockId":"a9hhrpjthtdyw0aa5zcer0xw","content":"SIM","outgoingEdgeId":"n2luq5m3lnb9int6xx7w1xw0"},{"id":"twd7p49udofgxkjaf84adpqe","type":0,"blockId":"a9hhrpjthtdyw0aa5zcer0xw","content":"NÃO","outgoingEdgeId":"veml8q5as1v8avdvczky2w12"}],"groupId":"ybpaesn3dgkyyu61wxhxcs04","options":{"buttonLabel":"Send","isSearchable":false,"isMultipleChoice":false,"searchInputPlaceholder":"Filter the options..."}}],"graphCoordinates":{"x":2140.42,"y":-50.16}},{"id":"pisfhsobcrfu492mjnmoieo0","title":"Group #8","blocks":[{"id":"b23zz6lt0mp7yp7x0x8ikpv3","type":"Wait","groupId":"pisfhsobcrfu492mjnmoieo0","options":{"secondsToWaitFor":"3"}},{"id":"lqqt2snksfewa1yzwmhu9ss3","type":"text","content":{"richText":[{"type":"p","children":[{"text":"Vou disponibilizar uma amostra grátis desse tratamento para você."}]}]},"groupId":"pisfhsobcrfu492mjnmoieo0"},{"id":"usngked9cjnbelu692bmicll","type":"Wait","groupId":"pisfhsobcrfu492mjnmoieo0","options":{"secondsToWaitFor":"6"}},{"id":"r13bwp6oq6scl52ikzl373jg","type":"text","content":{"richText":[{"type":"p","children":[{"text":"Me informe seu nome completo abaixo:"}]}]},"groupId":"pisfhsobcrfu492mjnmoieo0"},{"id":"h1lpawyepnlehvlc5u6jfw3y","type":"text input","groupId":"pisfhsobcrfu492mjnmoieo0","options":{"isLong":false,"labels":{"button":"Enviar","placeholder":"Seu Nome Completo"},"variableId":"vy064uzle3clxj65p3v12ns81"}},{"id":"c11vzm87y4weyhen0qubldce","type":"text","content":{"richText":[{"type":"p","children":[{"text":"Agora me informe seu número de telefone/whatsapp abaixo: "},{"bold":true,"text":"(dessa forma DDD+NUMERO) "}]}]},"groupId":"pisfhsobcrfu492mjnmoieo0"},{"id":"zouzmnu1dmmhlmx5sw3y4q2d","type":"phone number input","groupId":"pisfhsobcrfu492mjnmoieo0","options":{"labels":{"button":"Enviar Telefone","placeholder":"11 9 99009900"},"variableId":"vmre5vzsrq92j6cxhoifggb37","defaultCountryCode":"BR","retryMessageContent":"Esse número de telefone não é válido"}},{"id":"pie962w7hpj7zkieoa17ld7l","type":"text","content":{"richText":[{"type":"p","children":[{"text":"Qual o CEP do seu endereço?"}]}]},"groupId":"pisfhsobcrfu492mjnmoieo0"},{"id":"i837lz3rr3y7pfxbvzq6r8ut","type":"number input","groupId":"pisfhsobcrfu492mjnmoieo0","options":{"labels":{"button":"Meu CEP","placeholder":"59100-100"},"variableId":"vggr10jn6p4gxy4yls3vo8hm4"}},{"id":"k597wmg2bcrufg9f0aqkpp23","type":"Google Sheets","groupId":"pisfhsobcrfu492mjnmoieo0","options":{"action":"Insert a row","sheetId":"0","cellsToInsert":[{"id":"s9d4mi3monwpnm2zazp4sriz","value":"{{Nome}}","column":"nome"},{"id":"e3rw0olg27o0ww6h61mkuhvt","value":"{{Telefone}}","column":"telefone"},{"id":"ha1nblcez2ba66wi9lb47z02","value":"{{CEP}}","column":"cep"}],"credentialsId":"clk93wy44002tjt0gerhxwjai","spreadsheetId":"10c1igtlE1t6TMy2-plH8StFa1jTzejdmevIvyKJOf9w"}},{"id":"n3gb4u7loqjjwe8cqc1ttzcz","type":"Wait","groupId":"pisfhsobcrfu492mjnmoieo0","options":{"secondsToWaitFor":"8"}},{"id":"ql1tflsh93yxeu8pwnucnzj0","type":"text","content":{"richText":[{"type":"p","children":[{"text":"Como informado o custo da amostra é de R$ 0,00 "}]}]},"groupId":"pisfhsobcrfu492mjnmoieo0"},{"id":"wphxggqq3498kb2i0dotx68q","type":"Wait","groupId":"pisfhsobcrfu492mjnmoieo0","options":{"secondsToWaitFor":"8"}},{"id":"p0ancmi1sex2oqp9rz0q96zg","type":"text","content":{"richText":[{"type":"p","children":[{"text":"De acordo com o CEP informado o valor da Taxa de envio é de R$29,73"}]}]},"groupId":"pisfhsobcrfu492mjnmoieo0"},{"id":"fev1d91gvz7heon9wr2bj9wj","type":"Wait","groupId":"pisfhsobcrfu492mjnmoieo0","options":{"secondsToWaitFor":"10"}},{"id":"qbawptcxpumh9endzbu288w8","type":"text","content":{"richText":[{"type":"p","children":[{"text":"Totalizando R$0,00 Amostra Grátis + Taxa de Frete R$29,73 = "},{"bold":true,"text":"R$29,73"}]}]},"groupId":"pisfhsobcrfu492mjnmoieo0"},{"id":"eh3ev8tkedcwzkmya607v3c5","type":"Wait","groupId":"pisfhsobcrfu492mjnmoieo0","options":{"secondsToWaitFor":"6"}},{"id":"z27nbxogcdwpn6xadr20w7su","type":"choice input","items":[{"id":"dyy9vviodebz7oj1am2l6be4","type":0,"blockId":"z27nbxogcdwpn6xadr20w7su","content":"Cartão de Crédito","outgoingEdgeId":"hb7xcrpnrtx62yniwesrhv9b"},{"id":"oxnplaof689lb0zl12uorsa8","type":0,"blockId":"z27nbxogcdwpn6xadr20w7su","content":"Pix","outgoingEdgeId":"gixytmz0u9fd77ewd7g3f40l"},{"id":"yf2c9g3k829kz5q8ppasm4h1","type":0,"blockId":"z27nbxogcdwpn6xadr20w7su","content":"Boleto","outgoingEdgeId":"phd7hylhyhu9aoxbv4go04pe"}],"groupId":"pisfhsobcrfu492mjnmoieo0","options":{"buttonLabel":"Send","isSearchable":false,"isMultipleChoice":false,"searchInputPlaceholder":"Filter the options..."}}],"graphCoordinates":{"x":2567.53,"y":437}},{"id":"nv3uy55mu44opm5bvnp43zjn","title":"GOZO RÁPIDO","blocks":[{"id":"km9qwcqs1fv3rzck1q12spuk","type":"Wait","groupId":"nv3uy55mu44opm5bvnp43zjn","options":{"secondsToWaitFor":"5"}},{"id":"yojx7yfmokvvy3fwtb6ba5hm","type":"text","content":{"richText":[{"type":"p","children":[{"text":"Entendo você, mas, fique tranquilo que você não é o único que passa por esse problema."}]}]},"groupId":"nv3uy55mu44opm5bvnp43zjn"},{"id":"z6fm4se8qmflyqx58ej8sh0b","type":"Wait","groupId":"nv3uy55mu44opm5bvnp43zjn","options":{"secondsToWaitFor":"8"}},{"id":"nah1jnlzio1gml2j7cp3jm3e","type":"text","content":{"richText":[{"type":"p","children":[{"text":"A ejaculação precoce é mais comum do que os homens imaginam, atingindo por volta de 30% da população masculina, segundo a Sociedade Brasileira de Urologia. "}]}]},"groupId":"nv3uy55mu44opm5bvnp43zjn"},{"id":"mkvc2k3qrp9e80aqsb7bjcki","type":"Wait","groupId":"nv3uy55mu44opm5bvnp43zjn","options":{"secondsToWaitFor":"12"}},{"id":"q2af6ce6wdt5xv7ka0odrd5h","type":"text","content":{"richText":[{"type":"p","children":[{"text":"Boa parte dos problemas que causam essa condição são psicológicos, bem como: ansiedade, culpa, expectativas irrealistas a respeito do desempenho na cama, falta de autoconfiança, problemas no relacionamento"}]}]},"groupId":"nv3uy55mu44opm5bvnp43zjn"},{"id":"n9wigrh2yguv4zp83hamdvhq","type":"Wait","groupId":"nv3uy55mu44opm5bvnp43zjn","options":{"secondsToWaitFor":"12"}},{"id":"yhcujqqppkxj9mxr9lflbba8","type":"text","content":{"richText":[{"type":"p","children":[{"text":"Mas, temos boas notícias, essa condição é totalmente tratável!"}]}]},"groupId":"nv3uy55mu44opm5bvnp43zjn"},{"id":"yv0c8es25htju899m9p8pzwv","type":"Wait","groupId":"nv3uy55mu44opm5bvnp43zjn","options":{"secondsToWaitFor":"5"}},{"id":"ac019imma0j7mk4nb5t7iq0u","type":"text","content":{"richText":[{"type":"p","children":[{"text":"Por volta do 40 anos o homem começa a sofrer com desequilíbrios hormonais."}]}]},"groupId":"nv3uy55mu44opm5bvnp43zjn"},{"id":"yz4kfgj2lzkcpu3eilwn6qak","type":"Wait","groupId":"nv3uy55mu44opm5bvnp43zjn","options":{"secondsToWaitFor":"7"}},{"id":"jvt1wg2c131hnug15pvndy75","type":"text","content":{"richText":[{"type":"p","children":[{"text":"Esses desequilíbrios hormonais, como níveis elevados de testosterona, podem influenciar a resposta ejaculatória, embora isso seja menos comum. "}]}]},"groupId":"nv3uy55mu44opm5bvnp43zjn"},{"id":"ilrhc7x7zc2htz5u9vy2zvfc","type":"Wait","groupId":"nv3uy55mu44opm5bvnp43zjn","options":{"secondsToWaitFor":"12"}},{"id":"ebhibh2q3n15jn7wvi14v3nz","type":"text","content":{"richText":[{"type":"p","children":[{"text":"Já em alguns casos de condições médicas, como inflamação na próstata (prostatite) ou problemas na tireoide, também podem estar relacionadas à ejaculação precoce."}]}]},"groupId":"nv3uy55mu44opm5bvnp43zjn"},{"id":"rzvu674dz41a7qd52e458ccd","type":"Wait","groupId":"nv3uy55mu44opm5bvnp43zjn","options":{"secondsToWaitFor":"8"}},{"id":"ea5fwd864nnlrbl79v1yqrsm","type":"text","content":{"richText":[{"type":"p","children":[{"text":"Além disso para aqueles que precisam tomar algum medicamento, pode haver efeitos colaterais que afetam a função sexual, incluindo a ejaculação precoce."}]}]},"groupId":"nv3uy55mu44opm5bvnp43zjn"},{"id":"o2s2oy62kvnclydghqsrk5pm","type":"Wait","groupId":"nv3uy55mu44opm5bvnp43zjn","options":{"secondsToWaitFor":"12"}},{"id":"gj58sh389qfuxcqj925q7krl","type":"text","content":{"richText":[{"type":"p","children":[{"text":"Caso você possua mais de 40 anos, é importante ficar atento a essas desequilíbrios hormonais e se cuidar com as dicas já citadas, além de realizar a suplementação de antioxidantes, vitaminas e minerais fundamentais para o saúde sexual"}]}]},"groupId":"nv3uy55mu44opm5bvnp43zjn"},{"id":"gm3sjn5g12e0ryhzfmjylcla","type":"Wait","groupId":"nv3uy55mu44opm5bvnp43zjn","options":{"secondsToWaitFor":"12"}},{"id":"qjzt6xrzqisyuahnbduskm0o","type":"text","content":{"richText":[{"type":"p","children":[{"text":"Como o Jorge aqui neste caso abaixo:"}]}]},"groupId":"nv3uy55mu44opm5bvnp43zjn"},{"id":"n8e870lcpnpadldk52vk27mm","type":"video","content":{"id":"negVC6h4ERw","url":"https://youtube.com/shorts/negVC6h4ERw?feature=sharehttps://youtube.com/shorts/negVC6h4ERw?feature=share","type":"youtube"},"groupId":"nv3uy55mu44opm5bvnp43zjn"},{"id":"p0yb3nla7xid88yi8vo3euau","type":"Wait","groupId":"nv3uy55mu44opm5bvnp43zjn","options":{"secondsToWaitFor":"20"}},{"id":"rwfye258rre55wsbxmwodijx","type":"Wait","groupId":"nv3uy55mu44opm5bvnp43zjn","options":{"secondsToWaitFor":"3"}},{"id":"rdrt1mceo28mr91t5kmiemst","type":"text","content":{"richText":[{"type":"p","children":[{"text":"Você deseja experimentar essa solução?"}]}]},"groupId":"nv3uy55mu44opm5bvnp43zjn"},{"id":"m4nx0amnherxaq44pcy4wb29","type":"Wait","groupId":"nv3uy55mu44opm5bvnp43zjn","options":{"secondsToWaitFor":"3"}},{"id":"eequuu2xl8ce4ndxt8pfnpio","type":"choice input","items":[{"id":"j6by0ogsuvfu76hyzcmn82u6","type":0,"blockId":"eequuu2xl8ce4ndxt8pfnpio","content":"SIM","outgoingEdgeId":"js3sfe6xxl80ls1h3xc5fkbd"},{"id":"qdmiroxlfuxzgzea9bi0q48o","type":0,"blockId":"eequuu2xl8ce4ndxt8pfnpio","content":"NÃO","outgoingEdgeId":"rsophzwd1th06p5ypvq0bti4"}],"groupId":"nv3uy55mu44opm5bvnp43zjn","options":{"buttonLabel":"Send","isSearchable":false,"isMultipleChoice":false,"searchInputPlaceholder":"Filter the options..."}}],"graphCoordinates":{"x":1286.7,"y":1440.64}},{"id":"iw5h0op96zpd51wavrtbupxs","title":"PÊNIS PEQUENO","blocks":[{"id":"dj2jxw52bk60on59du1i6jkx","type":"Wait","groupId":"iw5h0op96zpd51wavrtbupxs","options":{"secondsToWaitFor":"3"}},{"id":"mxh4vic6hzzerwsw20nnjs01","type":"text","content":{"richText":[{"type":"p","children":[{"text":"Entendo você, mas, fique tranquilo que você não é o único homem que tem esse condição"}]}]},"groupId":"iw5h0op96zpd51wavrtbupxs"},{"id":"tk9ldkdf4u0gldkqx4fkuwks","type":"Wait","groupId":"iw5h0op96zpd51wavrtbupxs","options":{"secondsToWaitFor":"3"}},{"id":"p0tbxb6xnkjebr94fh9v3zhl","type":"text","content":{"richText":[{"type":"p","children":[{"text":"Vamos lá, considera-se como normais os pênis eretos de pessoas adultas que meçam entre 8 e 23 centímetros. "}]}]},"groupId":"iw5h0op96zpd51wavrtbupxs"},{"id":"ompwqv3r4cibv2kv7vzg0qb3","type":"Wait","groupId":"iw5h0op96zpd51wavrtbupxs","options":{"secondsToWaitFor":"4"}},{"id":"x7883c6qaqmqjsyeaafvxnzd","type":"text","content":{"richText":[{"type":"p","children":[{"text":"O tamanho médio do pênis dos brasileiros fica entre 12 e 14 cm e em cerca de 60% dos homens a circunferência média fica entre 10 e 12,5 cm."}]}]},"groupId":"iw5h0op96zpd51wavrtbupxs"},{"id":"v3xdi12u9marn6ssa1udew31","type":"Wait","groupId":"iw5h0op96zpd51wavrtbupxs","options":{"secondsToWaitFor":"3"}},{"id":"nqg2mr5n2xenc1mn615eshk8","type":"text","content":{"richText":[{"type":"p","children":[{"text":"E logo depois de saber disso vem aquela pergunta, tem como aumentar de tamanho?"}]}]},"groupId":"iw5h0op96zpd51wavrtbupxs"},{"id":"lwqz5t2zza70zcj61irbxqhr","type":"Wait","groupId":"iw5h0op96zpd51wavrtbupxs","options":{"secondsToWaitFor":"6"}},{"id":"phc0y8z48oopn4qsukzagxyc","type":"text","content":{"richText":[{"type":"p","children":[{"text":"E a resposta é "},{"bold":true,"text":"SIM, "},{"text":"tem como aumentar o tamanho do seu pênis"}]}]},"groupId":"iw5h0op96zpd51wavrtbupxs"},{"id":"my3xkmp8ofk9799hgt7wnomp","type":"Wait","groupId":"iw5h0op96zpd51wavrtbupxs","options":{"secondsToWaitFor":"5"}},{"id":"udcigddghuos44hbq1tn80tt","type":"text","content":{"richText":[{"type":"p","children":[{"text":"O pênis é um órgão com capacidade de aumentar em até 20x o seu tamanho quando flácido "}]}]},"groupId":"iw5h0op96zpd51wavrtbupxs"},{"id":"h5x1nrsd057fx8h3dkogwl3z","type":"Wait","groupId":"iw5h0op96zpd51wavrtbupxs","options":{"secondsToWaitFor":"5"}},{"id":"adun79it4zy5ica19wfcs8rv","type":"text","content":{"richText":[{"type":"p","children":[{"text":"E para que isso seja possível, você precisa ter principalmente uma excelente circulação sanguinéa e estar bastante excitado "}]}]},"groupId":"iw5h0op96zpd51wavrtbupxs"},{"id":"m7qewczx7788kwutdov34h8v","type":"Wait","groupId":"iw5h0op96zpd51wavrtbupxs","options":{"secondsToWaitFor":"5"}},{"id":"ej2kqmjhmbbm0vbrkzuquyet","type":"text","content":{"richText":[{"type":"p","children":[{"text":"Vou apresentar uma imagem para ilustrar o que estou falando "}]}]},"groupId":"iw5h0op96zpd51wavrtbupxs"},{"id":"b940zr2zqhx942t0nk11dt20","type":"image","content":{"url":"https://s3.fr-par.scw.cloud/typebot/public/typebots/clk5r5x2r002wky0fx0jr8cjx/blocks/b940zr2zqhx942t0nk11dt20?v=1689722816797"},"groupId":"iw5h0op96zpd51wavrtbupxs"},{"id":"fiezxh0aohso2gx5ls1boj6g","type":"text","content":{"richText":[{"type":"p","children":[{"text":"Ai está a anatomia de um pênis, nessa imagem estamos vendo o que é chamado de "},{"bold":true,"text":"CORPO CAVERNOSO, "},{"text":"essa área do pênis é responsável pela rigidez da ereção."}]}]},"groupId":"iw5h0op96zpd51wavrtbupxs"},{"id":"kutsnsr1bziqam143tudjqqg","type":"Wait","groupId":"iw5h0op96zpd51wavrtbupxs","options":{"secondsToWaitFor":"15"}},{"id":"wsqz4kbou09dgvxt6r94rdam","type":"text","content":{"richText":[{"type":"p","children":[{"text":"Esse tubos com microvasos, se enchem de sangue, onde por sua vez é coberto de um tecido fibroso chamado de "},{"bold":true,"text":"TÚNICA, "},{"text":"ficando rígido e ereto"}]}]},"groupId":"iw5h0op96zpd51wavrtbupxs"},{"id":"qnparx4rerm1u8fet8cntbl0","type":"Wait","groupId":"iw5h0op96zpd51wavrtbupxs","options":{"secondsToWaitFor":"8"}},{"id":"rx312y4h78m30m02kisw8tsa","type":"text","content":{"richText":[{"type":"p","children":[{"text":"Para que você tenha essas condições de circulação e libido excelentes"}]}]},"groupId":"iw5h0op96zpd51wavrtbupxs"},{"id":"ak8e0c5fj7ffgaj88l2bogj2","type":"Wait","groupId":"iw5h0op96zpd51wavrtbupxs","options":{"secondsToWaitFor":"5"}},{"id":"k77obvbbnep5j5v23yz67ekn","type":"text","content":{"richText":[{"type":"p","children":[{"text":"Mas, sabemos que após os 40 anos os homens sofrem com disturbios hormonais sérios"}]}]},"groupId":"iw5h0op96zpd51wavrtbupxs"},{"id":"rwopthkmgzubee0lwfkv3y9w","type":"Wait","groupId":"iw5h0op96zpd51wavrtbupxs","options":{"secondsToWaitFor":"5"}},{"id":"frtxuelyuq0fw9gzx3m7ki0g","type":"text","content":{"richText":[{"type":"p","children":[{"text":"Que causam falta de apetite sexual, diminuição do hormônio masculino, além de diversos outros problemas"}]}]},"groupId":"iw5h0op96zpd51wavrtbupxs"},{"id":"mmva64ojaaskl9y1h9pvwngv","type":"Wait","groupId":"iw5h0op96zpd51wavrtbupxs","options":{"secondsToWaitFor":"8"}},{"id":"zk5ujwl40nly1vgpbm5oqkog","type":"text","content":{"richText":[{"type":"p","children":[{"text":"Para melhorar essa condição de forma natural é necessário, dormir bem, praticar exercícios físicos e se alimentar adequadamente,"}]}]},"groupId":"iw5h0op96zpd51wavrtbupxs"},{"id":"c7tqn5pjlnq593260ai3pcyv","type":"Wait","groupId":"iw5h0op96zpd51wavrtbupxs","options":{"secondsToWaitFor":"8"}},{"id":"kmcemq7a5zuepe0ttr8c4umx","type":"text","content":{"richText":[{"type":"p","children":[{"text":"Além de utilizar suplementação rica em antioxidantes, vitaminas e minerais essenciais para o homem"}]}]},"groupId":"iw5h0op96zpd51wavrtbupxs"},{"id":"huoylqv2r662p2a1cr6ioli3","type":"Wait","groupId":"iw5h0op96zpd51wavrtbupxs","options":{"secondsToWaitFor":"8"}},{"id":"wqivlx4yee9m1539xmbx8awi","type":"text","content":{"richText":[{"type":"p","children":[{"text":"você também pode utilizar compostos naturais como o que o Sr. Jorge utiliza no seu dia-a-dia, olha só o depoimento dele"}]}]},"groupId":"iw5h0op96zpd51wavrtbupxs"},{"id":"b7ahumzdtua003iehi2psen8","type":"video","content":{"id":"negVC6h4ERw","url":"https://youtube.com/shorts/negVC6h4ERw?feature=share","type":"youtube"},"groupId":"iw5h0op96zpd51wavrtbupxs"},{"id":"yigggj7p2ha0ocl6yebzwtbf","type":"Wait","groupId":"iw5h0op96zpd51wavrtbupxs","options":{"secondsToWaitFor":"20"}},{"id":"p68wgn50hzgyf8ek2ihx0srp","type":"text","content":{"richText":[{"type":"p","children":[{"text":"Esse composto suplementar, é capaz de mudar o seu jogo, pois, é rico em propriedades antioxidantes, vitaminais e minerais essenciais, além de ajudar na melhora da circulação diretamente nos corpos cavernosos, e tudo isso de forma natural e livre de efeitos colaterais."}]}]},"groupId":"iw5h0op96zpd51wavrtbupxs"},{"id":"zkgnlj745ih9u0ja1be424dn","type":"Wait","groupId":"iw5h0op96zpd51wavrtbupxs","options":{"secondsToWaitFor":"12"}},{"id":"lhs6crymajgx0m5de2omjb3h","type":"text","content":{"richText":[{"type":"p","children":[{"text":"Você deseja ter acesso e experimentar essa solução?"}]}]},"groupId":"iw5h0op96zpd51wavrtbupxs"},{"id":"ucj72x075br0ty861wxhbwo1","type":"Wait","groupId":"iw5h0op96zpd51wavrtbupxs","options":{"secondsToWaitFor":"4"}},{"id":"o3ewoz48n1pg88iaf5p6fpp6","type":"choice input","items":[{"id":"t25ekwwrryfrpf7rsavwxt5j","type":0,"blockId":"o3ewoz48n1pg88iaf5p6fpp6","content":"SIM","outgoingEdgeId":"ghysybghxe0owfy7h2aom5jc"},{"id":"swepyrsam6yfa1j80rupfmap","type":0,"blockId":"o3ewoz48n1pg88iaf5p6fpp6","content":"NÃO","outgoingEdgeId":"sf3c44npzlwr34wa3ejqh6es"}],"groupId":"iw5h0op96zpd51wavrtbupxs","options":{"buttonLabel":"Send","isSearchable":false,"isMultipleChoice":false,"searchInputPlaceholder":"Filter the options..."}}],"graphCoordinates":{"x":1673.46,"y":1502.77}},{"id":"ma5zbn8nvgsfzd1spp6y3z6a","title":"IMPOTÊNCIA","blocks":[{"id":"cydr9zgzhllvteywfkjoen3n","type":"Wait","groupId":"ma5zbn8nvgsfzd1spp6y3z6a","options":{"secondsToWaitFor":"6"}},{"id":"u56mfsp3oqrky5dpe680m3gi","type":"text","content":{"richText":[{"type":"p","children":[{"text":"Você tem ou já apresentou algum desses problemas de saúde, "},{"bold":true,"text":"se sim, marque a opção referente"},{"text":":"}]}]},"groupId":"ma5zbn8nvgsfzd1spp6y3z6a"},{"id":"r7ghr5kpx2cuz2f9823cqf2e","type":"Wait","groupId":"ma5zbn8nvgsfzd1spp6y3z6a","options":{"secondsToWaitFor":"3"}},{"id":"wpwc7yagkbk7o66lsz0ayjrq","type":"choice input","items":[{"id":"y2xmtzmor4nkqb8j09p8y3pq","type":0,"blockId":"wpwc7yagkbk7o66lsz0ayjrq","content":"HIPERTENSÃO","outgoingEdgeId":"zgr911sypws4asc2rzikk8d3"},{"id":"daukmgqdb2lubxi6a1p77rhb","type":0,"blockId":"wpwc7yagkbk7o66lsz0ayjrq","content":"DIABETES","outgoingEdgeId":"cmue0aqas2aio8btvvfffw9j"},{"id":"izzz60tlz9prv1m6m12dj7pm","type":0,"blockId":"wpwc7yagkbk7o66lsz0ayjrq","content":"PROBLEMAS NA PRÓSTATA","outgoingEdgeId":"x16ito0qms7y1ctjnogj6joq"}],"groupId":"ma5zbn8nvgsfzd1spp6y3z6a","options":{"buttonLabel":"Send","isSearchable":false,"isMultipleChoice":false,"searchInputPlaceholder":"Filter the options..."}}],"graphCoordinates":{"x":374.76,"y":1002.68}},{"id":"b0vwz62jkz6j4jw3v3cmwwz7","title":"IMPOTÊNCIA AUDIO","blocks":[{"id":"so8g453i4ifkr4f0g9oq4iql","type":"Wait","groupId":"b0vwz62jkz6j4jw3v3cmwwz7","options":{"secondsToWaitFor":"6"}},{"id":"sr1i0l02uy1hy8bb8pglajnv","type":"text","content":{"richText":[{"type":"p","children":[{"text":"Você tem ou já apresentou algum desses problemas de saúde, "},{"bold":true,"text":"se sim, marque a opção referente"},{"text":":"}]}]},"groupId":"b0vwz62jkz6j4jw3v3cmwwz7"},{"id":"hzy3nyen164j59vmvf7hn7uo","type":"Wait","groupId":"b0vwz62jkz6j4jw3v3cmwwz7","options":{"secondsToWaitFor":"3"}},{"id":"cr8cggv6yx4mgrtb2ak4dn4k","type":"choice input","items":[{"id":"udyh3u6ol3nz1yenbt93xh6y","type":0,"blockId":"cr8cggv6yx4mgrtb2ak4dn4k","content":"HIPERTENSÃO","outgoingEdgeId":"lszg4q1t5cx4grb0wtbp09y8"},{"id":"chgnx6opwxbq3jz0iadnvk2a","type":0,"blockId":"cr8cggv6yx4mgrtb2ak4dn4k","content":"DIABETES","outgoingEdgeId":"jojfufno9mqd88zq6xrhvc9c"},{"id":"roo9va2fish0afq1qgwb04nz","type":0,"blockId":"cr8cggv6yx4mgrtb2ak4dn4k","content":"PROBLEMAS NA PRÓSTATA","outgoingEdgeId":"s2p99cb7uim1rkeiykou2m8p"}],"groupId":"b0vwz62jkz6j4jw3v3cmwwz7","options":{"buttonLabel":"Send","isSearchable":false,"isMultipleChoice":false,"searchInputPlaceholder":"Filter the options..."}}],"graphCoordinates":{"x":322.76,"y":-1367.32}},{"id":"qc7yik3hspwopo22n4et9h7u","title":"CHECKOUT","blocks":[{"id":"zkldhl7kwhv7udte1yp9hnv7","type":"Redirect","groupId":"qc7yik3hspwopo22n4et9h7u","options":{"url":"https://mfpdigital3.pay.yampi.com.br/r/P560SDM2UU?utm_source=/HIMA&utm_campaign=GV","isNewTab":true}}],"graphCoordinates":{"x":3008.86,"y":1552.77}},{"id":"mpkpzifxx2gmthepj6n5wfqv","title":"Group #13","blocks":[{"id":"yqrjxcgw18hqdxadfsm178u2","type":"audio","content":{"url":"https://s3.fr-par.scw.cloud/typebot/public/typebots/clk5r5x2r002wky0fx0jr8cjx/blocks/yqrjxcgw18hqdxadfsm178u2?v=1689775411486"},"groupId":"mpkpzifxx2gmthepj6n5wfqv"},{"id":"ll2ffsuoi39j8tt24usequfu","type":"Wait","groupId":"mpkpzifxx2gmthepj6n5wfqv","options":{"secondsToWaitFor":"50"}},{"id":"oqd7mdvvda9jy0250nynb07k","type":"audio","content":{"url":"https://s3.fr-par.scw.cloud/typebot/public/typebots/clk5r5x2r002wky0fx0jr8cjx/blocks/oqd7mdvvda9jy0250nynb07k?v=1689775452779"},"groupId":"mpkpzifxx2gmthepj6n5wfqv"},{"id":"s1igr5lz2zu7rszu3wnpo8ni","type":"Wait","groupId":"mpkpzifxx2gmthepj6n5wfqv","options":{"secondsToWaitFor":"60"}},{"id":"d7k1sb2boi5fntuu3ol5u1vh","type":"audio","content":{"url":"https://s3.fr-par.scw.cloud/typebot/public/typebots/clk5r5x2r002wky0fx0jr8cjx/blocks/d7k1sb2boi5fntuu3ol5u1vh?v=1689775501482"},"groupId":"mpkpzifxx2gmthepj6n5wfqv"},{"id":"y4xv61qbi7ahxp5t3ht5udxj","type":"Wait","groupId":"mpkpzifxx2gmthepj6n5wfqv","options":{"secondsToWaitFor":"46"}},{"id":"ox7hx808zxf7l9s5qxizgbgd","type":"audio","content":{"url":"https://s3.fr-par.scw.cloud/typebot/public/typebots/clk5r5x2r002wky0fx0jr8cjx/blocks/ox7hx808zxf7l9s5qxizgbgd?v=1689775561048"},"groupId":"mpkpzifxx2gmthepj6n5wfqv"},{"id":"qbk4p1car00i9izu7868tiq6","type":"Wait","groupId":"mpkpzifxx2gmthepj6n5wfqv","options":{"secondsToWaitFor":"55"}},{"id":"vx8wn2p05yyz8qwo6ejzhahe","type":"audio","content":{"url":"https://s3.fr-par.scw.cloud/typebot/public/typebots/clk5r5x2r002wky0fx0jr8cjx/blocks/vx8wn2p05yyz8qwo6ejzhahe?v=1689775829624"},"groupId":"mpkpzifxx2gmthepj6n5wfqv"},{"id":"cvajd1sjy9tivz0bbby0wei5","type":"Wait","groupId":"mpkpzifxx2gmthepj6n5wfqv","options":{"secondsToWaitFor":"16"}},{"id":"lkowh695qsqdtjjotqn5303j","type":"video","content":{"id":"negVC6h4ERw","url":"https://youtube.com/shorts/negVC6h4ERw?feature=share","type":"youtube"},"groupId":"mpkpzifxx2gmthepj6n5wfqv"},{"id":"fecnnlmpekd4ppxykpirrk3r","type":"audio","content":{"url":"https://s3.fr-par.scw.cloud/typebot/public/typebots/clk5r5x2r002wky0fx0jr8cjx/blocks/fecnnlmpekd4ppxykpirrk3r?v=1689775622898"},"groupId":"mpkpzifxx2gmthepj6n5wfqv"},{"id":"hvfgq8be6du17offo1txifsn","type":"Wait","groupId":"mpkpzifxx2gmthepj6n5wfqv","options":{"secondsToWaitFor":"65"}},{"id":"zdx4ub3bnje621vycljxojl5","type":"text","content":{"richText":[{"type":"p","children":[{"text":"Você deseja experimentar essa solução?"}]}]},"groupId":"mpkpzifxx2gmthepj6n5wfqv"},{"id":"xdor04fnn9e0v712ayptyz1d","type":"choice input","items":[{"id":"jvujiq79l4hwx4typi0eo0yh","type":0,"blockId":"xdor04fnn9e0v712ayptyz1d","content":"SIM","outgoingEdgeId":"lmkxh6cup4fqf6gzech6j4um"},{"id":"nt4rg4fzixy33w8s6zfnh83q","type":0,"blockId":"xdor04fnn9e0v712ayptyz1d","content":"NÃO","outgoingEdgeId":"ik99ppjxykgpsqkum4buzbtl"}],"groupId":"mpkpzifxx2gmthepj6n5wfqv","options":{"buttonLabel":"Send","isSearchable":false,"isMultipleChoice":false,"searchInputPlaceholder":"Filter the options..."}}],"graphCoordinates":{"x":1138.57,"y":-971.5}},{"id":"xu35kikrj1u3h9d1x9ynhd1w","title":"SOLICITAÇÃO DADOS AUDIO","blocks":[{"id":"riopdaggostdsakink5udyje","type":"audio","content":{"url":"https://s3.fr-par.scw.cloud/typebot/public/typebots/clk5r5x2r002wky0fx0jr8cjx/blocks/riopdaggostdsakink5udyje?v=1689789508467"},"groupId":"xu35kikrj1u3h9d1x9ynhd1w"},{"id":"qu38fxqa0fsghahk97ks6r2o","type":"text","content":{"richText":[{"type":"p","children":[{"text":"Me informe seu nome completo abaixo:"}]}]},"groupId":"xu35kikrj1u3h9d1x9ynhd1w"},{"id":"obcewx3be531tp4yykkszu40","type":"text input","groupId":"xu35kikrj1u3h9d1x9ynhd1w","options":{"isLong":false,"labels":{"button":"Enviar","placeholder":"Seu Nome Completo"},"variableId":"vy064uzle3clxj65p3v12ns81"}},{"id":"j9qqqfn3ikdfdw0tm6n0kcmh","type":"audio","content":{"url":"https://s3.fr-par.scw.cloud/typebot/public/typebots/clk5r5x2r002wky0fx0jr8cjx/blocks/j9qqqfn3ikdfdw0tm6n0kcmh?v=1689789589877"},"groupId":"xu35kikrj1u3h9d1x9ynhd1w"},{"id":"kdktbx3g0lynj3rvyt8yk1n0","type":"text","content":{"richText":[{"type":"p","children":[{"text":"Agora me informe seu número de telefone/whatsapp abaixo: "},{"bold":true,"text":"(dessa forma DDD+NUMERO) "}]}]},"groupId":"xu35kikrj1u3h9d1x9ynhd1w"},{"id":"vvo9ad8isnhhpr20clasdzwh","type":"phone number input","groupId":"xu35kikrj1u3h9d1x9ynhd1w","options":{"labels":{"button":"Enviar Telefone","placeholder":"11 9 99009900"},"variableId":"vmre5vzsrq92j6cxhoifggb37","defaultCountryCode":"BR","retryMessageContent":"Esse número de telefone não é válido"}},{"id":"atnz2u51ytm17q8lcg32w3us","type":"audio","content":{"url":"https://s3.fr-par.scw.cloud/typebot/public/typebots/clk5r5x2r002wky0fx0jr8cjx/blocks/atnz2u51ytm17q8lcg32w3us?v=1689789696385"},"groupId":"xu35kikrj1u3h9d1x9ynhd1w"},{"id":"apy30076izovy7pcxgrztudt","type":"text","content":{"richText":[{"type":"p","children":[{"text":"Qual o CEP do seu endereço?"}]}]},"groupId":"xu35kikrj1u3h9d1x9ynhd1w"},{"id":"osl7r3m0sal3nuh2kxpdcqpe","type":"number input","groupId":"xu35kikrj1u3h9d1x9ynhd1w","options":{"labels":{"button":"Meu CEP","placeholder":"59100-100"},"variableId":"vggr10jn6p4gxy4yls3vo8hm4"}},{"id":"y3tcbdfdnf4e5haaqebokqrv","type":"Google Sheets","groupId":"xu35kikrj1u3h9d1x9ynhd1w","options":{"action":"Insert a row","sheetId":"0","cellsToInsert":[{"id":"s9d4mi3monwpnm2zazp4sriz","value":"{{Nome}}","column":"nome"},{"id":"e3rw0olg27o0ww6h61mkuhvt","value":"{{Telefone}}","column":"telefone"},{"id":"ha1nblcez2ba66wi9lb47z02","value":"{{CEP}}","column":"cep"}],"credentialsId":"clk93wy44002tjt0gerhxwjai","spreadsheetId":"10c1igtlE1t6TMy2-plH8StFa1jTzejdmevIvyKJOf9w"}},{"id":"ku9l1ila69dvxownhfysi7bo","type":"audio","content":{"url":"https://s3.fr-par.scw.cloud/typebot/public/typebots/clk5r5x2r002wky0fx0jr8cjx/blocks/ku9l1ila69dvxownhfysi7bo?v=1689789850497"},"groupId":"xu35kikrj1u3h9d1x9ynhd1w"},{"id":"ehrqu5er07ixd3n4k145lkfk","type":"Wait","groupId":"xu35kikrj1u3h9d1x9ynhd1w","options":{"secondsToWaitFor":"30"}},{"id":"qk5f3pnznfadix7k14e2p05r","type":"choice input","items":[{"id":"ay42sor226aclibgbz598la9","type":0,"blockId":"qk5f3pnznfadix7k14e2p05r","content":"SIM"}],"groupId":"xu35kikrj1u3h9d1x9ynhd1w","options":{"buttonLabel":"Send","isSearchable":false,"isMultipleChoice":false,"searchInputPlaceholder":"Filter the options..."}},{"id":"jbffdkfkwyy2d1vx9wvk4up8","type":"audio","content":{"url":"https://s3.fr-par.scw.cloud/typebot/public/typebots/clk5r5x2r002wky0fx0jr8cjx/blocks/jbffdkfkwyy2d1vx9wvk4up8?v=1689789992286"},"groupId":"xu35kikrj1u3h9d1x9ynhd1w"},{"id":"pvpfb7vk23uutya3ktq8qqma","type":"text","content":{"richText":[{"type":"p","children":[{"text":"Como você prefere pagar este valor?"}]}]},"groupId":"xu35kikrj1u3h9d1x9ynhd1w"},{"id":"kzqj9bluanbqmfq8gbam88i6","type":"choice input","items":[{"id":"qs9jf5njh8synown1ve5npjw","type":0,"blockId":"kzqj9bluanbqmfq8gbam88i6","content":"Cartão de Crédito","outgoingEdgeId":"tf6h3zfonkj8ni6vlzre9j5o"},{"id":"boy7ccx12k9qpsrsbrjlpx5v","type":0,"blockId":"kzqj9bluanbqmfq8gbam88i6","content":"Pix","outgoingEdgeId":"exz52ku6zj72cro04x386kdk"},{"id":"wjxhukjr4jzjh7cs0l2oaw7y","type":0,"blockId":"kzqj9bluanbqmfq8gbam88i6","content":"Boleto","outgoingEdgeId":"aisqskdriy1cx7yhpy0ahq3h"}],"groupId":"xu35kikrj1u3h9d1x9ynhd1w","options":{"buttonLabel":"Send","isSearchable":false,"isMultipleChoice":false,"searchInputPlaceholder":"Filter the options..."}},{"id":"x5av0b6xmdvfoxndl51hoetv","type":"text","content":{"richText":[{"type":"p","children":[{"text":""}]}]},"groupId":"xu35kikrj1u3h9d1x9ynhd1w"}],"graphCoordinates":{"x":1505.43,"y":-1841.06}},{"id":"cejxoj6sl6fw6lj5yjpf01xf","title":"Group #16","blocks":[{"id":"ii0jng7ng97z5pi6tuw4286a","type":"audio","content":{"url":"https://s3.fr-par.scw.cloud/typebot/public/typebots/clk5r5x2r002wky0fx0jr8cjx/blocks/ii0jng7ng97z5pi6tuw4286a?v=1689790929647"},"groupId":"cejxoj6sl6fw6lj5yjpf01xf"},{"id":"tmjogdkodw3ewxkwju90ek7n","type":"Wait","groupId":"cejxoj6sl6fw6lj5yjpf01xf","options":{"secondsToWaitFor":"60"}},{"id":"nh30bs0v30bdmqf5w32jwjat","type":"audio","content":{"url":"https://s3.fr-par.scw.cloud/typebot/public/typebots/clk5r5x2r002wky0fx0jr8cjx/blocks/nh30bs0v30bdmqf5w32jwjat?v=1689790965769"},"groupId":"cejxoj6sl6fw6lj5yjpf01xf"},{"id":"mwxhz109mr1su1kz1t7twldx","type":"Wait","groupId":"cejxoj6sl6fw6lj5yjpf01xf","options":{"secondsToWaitFor":"134"}},{"id":"qt04qjurmm1yhtjww4k4ys1p","type":"video","content":{},"groupId":"cejxoj6sl6fw6lj5yjpf01xf"},{"id":"elgjamt9hf1wcm5028b1r3ga","type":"Wait","groupId":"cejxoj6sl6fw6lj5yjpf01xf","options":{"secondsToWaitFor":"20"}},{"id":"ygdhr0ohvyovzz7zkcuhcrmi","type":"audio","content":{"url":"https://s3.fr-par.scw.cloud/typebot/public/typebots/clk5r5x2r002wky0fx0jr8cjx/blocks/ygdhr0ohvyovzz7zkcuhcrmi?v=1689791374088"},"groupId":"cejxoj6sl6fw6lj5yjpf01xf"},{"id":"s5019o0hxjqw1wqa3d7bimux","type":"Wait","groupId":"cejxoj6sl6fw6lj5yjpf01xf","options":{"secondsToWaitFor":"76"}},{"id":"j9i09g3ltaczgfebvfive4se","type":"text","content":{"richText":[{"type":"p","children":[{"text":"Você deseja experimentar essa solução?"}]}]},"groupId":"cejxoj6sl6fw6lj5yjpf01xf"},{"id":"ftf08vwno9dq7m4fuw74kje3","type":"choice input","items":[{"id":"rqgenovwvimt0aorbj3du54a","type":0,"blockId":"ftf08vwno9dq7m4fuw74kje3","content":"SIM","outgoingEdgeId":"mcpmtgi7vqig9lz0fxmdy6xs"},{"id":"qxvy4wep2xrfon21oars7dt5","type":0,"blockId":"ftf08vwno9dq7m4fuw74kje3","content":"NÃO","outgoingEdgeId":"n56u368ihxkvxtn1y5u2qmsj"}],"groupId":"cejxoj6sl6fw6lj5yjpf01xf","options":{"buttonLabel":"Send","isSearchable":false,"isMultipleChoice":false,"searchInputPlaceholder":"Filter the options..."}},{"id":"ikgd72gi37ard9i1ll7sq0o4","type":"text","content":{"richText":[{"type":"p","children":[{"text":""}]}]},"groupId":"cejxoj6sl6fw6lj5yjpf01xf"}],"graphCoordinates":{"x":1966.76,"y":-1782.83}},{"id":"hn0wvzef5djt5c6nx1d7bikv","title":"Group #16","blocks":[{"id":"qwi95sw77xc4q4dszr2vqj0p","type":"text","content":{"richText":[{"type":"p","children":[{"text":"\nQuando você tem aí algum problema relacionado a circulação sanguínea, que é o caso de hipertensão, arteriosclerose \n"}]}]},"groupId":"hn0wvzef5djt5c6nx1d7bikv"},{"id":"jgkip9ewm6qcuru57xnoct9g","type":"Wait","groupId":"hn0wvzef5djt5c6nx1d7bikv","options":{"secondsToWaitFor":"8"}},{"id":"melu4uy6d43qpjuruuvmht36","type":"text","content":{"richText":[{"type":"p","children":[{"text":" a própria diabetes, quer dizer que você tem uma condição ruim de circulação e possivelmente está afetando sua potência na hora do sexo, então você precisa melhorar essa condição de circulação."}]}]},"groupId":"hn0wvzef5djt5c6nx1d7bikv"},{"id":"qp6vbtuck7eu1pi27oqftc98","type":"Wait","groupId":"hn0wvzef5djt5c6nx1d7bikv","options":{"secondsToWaitFor":"8"}},{"id":"ozwji3kj2tdfmn4hgi2r6qw5","type":"text","content":{"richText":[{"type":"p","children":[{"text":"E como você faz isso?"}]}]},"groupId":"hn0wvzef5djt5c6nx1d7bikv"},{"id":"zlz4qmlqz857duzkyuigx816","type":"Wait","groupId":"hn0wvzef5djt5c6nx1d7bikv","options":{"secondsToWaitFor":"8"}},{"id":"kbfkpwid6gjwuoq7jajdjbdk","type":"text","content":{"richText":[{"type":"p","children":[{"text":" praticando exercícios físicos, melhorando sua capacidade respiratória, se alimentando de maneira adequada,"}]}]},"groupId":"hn0wvzef5djt5c6nx1d7bikv"},{"id":"abj893z9vt9146npsci3lo5y","type":"Wait","groupId":"hn0wvzef5djt5c6nx1d7bikv","options":{"secondsToWaitFor":"8"}},{"id":"rnzlqya40o08jlphnkdhz8i2","type":"text","content":{"richText":[{"type":"p","children":[{"text":"com uma dieta rica em antioxidantes, vitaminas e minerais que vão dar condição de equilíbrio dos hormônios enquanto você envelhece de forma saudável "}]}]},"groupId":"hn0wvzef5djt5c6nx1d7bikv"},{"id":"p1u0zwiowjb1smrw6kbcqbw6","type":"Wait","groupId":"hn0wvzef5djt5c6nx1d7bikv","options":{"secondsToWaitFor":"8"}},{"id":"u6ep8tmampypweq8jdmd1x6f","type":"text","content":{"richText":[{"type":"p","children":[{"text":"E se você tem mais de 40 isso é primordial, você precisa além de fazer todas essas coisas, se suplementar para manter sua condição hormonal adequada a sua idade"}]}]},"groupId":"hn0wvzef5djt5c6nx1d7bikv"},{"id":"akeymicnafn6as9jxztg57jj","type":"Wait","groupId":"hn0wvzef5djt5c6nx1d7bikv","options":{"secondsToWaitFor":"8"}},{"id":"zwiq2j01co9ukpnkk1fum4h7","type":"text","content":{"richText":[{"type":"p","children":[{"text":"Veja o caso do Jorge aqui  caso abaixo:"}]}]},"groupId":"hn0wvzef5djt5c6nx1d7bikv"},{"id":"cznujmkny5h38jfki2vvoo58","type":"video","content":{"id":"negVC6h4ERw","url":"https://youtube.com/shorts/negVC6h4ERw?feature=share","type":"youtube"},"groupId":"hn0wvzef5djt5c6nx1d7bikv"},{"id":"u8z5pd09zo17oquqrknn9n7d","type":"Wait","groupId":"hn0wvzef5djt5c6nx1d7bikv","options":{"secondsToWaitFor":"20"}},{"id":"fq2xi8xmf2f60muxhv631g3g","type":"text","content":{"richText":[{"type":"p","children":[{"text":"Esse composto suplementar, contém propriedades antioxidantes, vitaminais e minerais essenciais para a saúde do homem, além de ser totalmente natural e livre de efeitos colaterais."}]}]},"groupId":"hn0wvzef5djt5c6nx1d7bikv"},{"id":"zdrlfbvadfbq5evhwv2i9jhy","type":"Wait","groupId":"hn0wvzef5djt5c6nx1d7bikv","options":{"secondsToWaitFor":"12"}},{"id":"jvq5qmteu4umg3ipop00yijv","type":"text","content":{"richText":[{"type":"p","children":[{"text":"após os 40 anos, é importante ficar atento a esses desequilíbrios hormonais e se cuidar com as dicas já citadas, além de realizar a suplementação de antioxidantes, vitaminas e minerais de forma adequada "}]}]},"groupId":"hn0wvzef5djt5c6nx1d7bikv"},{"id":"t9l2kmejhn73lhuyg4fsxlp7","type":"Wait","groupId":"hn0wvzef5djt5c6nx1d7bikv","options":{"secondsToWaitFor":"8"}},{"id":"fx482yh489oqvvo67uc4x8i4","type":"text","content":{"richText":[{"type":"p","children":[{"text":"e caso você tenha interesse em conhecer esse produto, eu posso disponbilizar uma AMOSTRA GRÁTIS para você, "}]}]},"groupId":"hn0wvzef5djt5c6nx1d7bikv"},{"id":"k3xjfp5wu96n195nifyqwkkt","type":"Wait","groupId":"hn0wvzef5djt5c6nx1d7bikv","options":{"secondsToWaitFor":"3"}},{"id":"ntw28bqy87qm8wcjhmotj254","type":"text","content":{"richText":[{"type":"p","children":[{"text":"Você deseja experimentar essa solução?"}]}]},"groupId":"hn0wvzef5djt5c6nx1d7bikv"},{"id":"sk1us12eq6qwjqm3rto376j4","type":"choice input","items":[{"id":"cux0bn990fp1y3h7pdyvs2v8","type":0,"blockId":"sk1us12eq6qwjqm3rto376j4","content":"SIM","outgoingEdgeId":"mlcmk17b8j8rj4etuayhl64b"},{"id":"gfob9yw8exvh8a0x9b77220p","type":0,"blockId":"sk1us12eq6qwjqm3rto376j4","content":"NÃO","outgoingEdgeId":"mccurhhznfp4q7yoswouw452"}],"groupId":"hn0wvzef5djt5c6nx1d7bikv","options":{"buttonLabel":"Send","isSearchable":false,"isMultipleChoice":false,"searchInputPlaceholder":"Filter the options..."}}],"graphCoordinates":{"x":837.24,"y":1280.6}},{"id":"cftgd0ha4xubngaxcfpkb16r","title":"DOWNSELL","blocks":[{"id":"y19c16nnu8ec3yjil16dzk7z","type":"audio","content":{"url":"https://s3.fr-par.scw.cloud/typebot/public/typebots/clk5r5x2r002wky0fx0jr8cjx/blocks/y19c16nnu8ec3yjil16dzk7z?v=1689793387808"},"groupId":"cftgd0ha4xubngaxcfpkb16r"},{"id":"tmz333udxmrtts85p5k1qwtx","type":"Wait","groupId":"cftgd0ha4xubngaxcfpkb16r","options":{"secondsToWaitFor":"3"}},{"id":"w2t1k9qn3wvzxu4ft273oyxi","type":"text","content":{"richText":[{"type":"p","children":[{"text":"Vou disponibilizar um "},{"bold":true,"text":"LIVRO DIGITAL "},{"text":"com o passo a passo para você melhorar sua condição atual no sexo ."}]}]},"groupId":"cftgd0ha4xubngaxcfpkb16r"},{"id":"yzh1ijh0vros6bc0njxamvae","type":"text","content":{"richText":[{"type":"p","children":[{"text":"Me informe seu "},{"bold":true,"text":"EMAIL"},{"text":" abaixo:"}]}]},"groupId":"cftgd0ha4xubngaxcfpkb16r"},{"id":"rjsonf2renncvq21ht8n32pq","type":"text input","groupId":"cftgd0ha4xubngaxcfpkb16r","options":{"isLong":false,"labels":{"button":"Enviar","placeholder":"Seu Nome Completo"},"variableId":"vzmzqhu9m0gbzmnsvfi4ugrke"}},{"id":"xvmpvjp91ngg0xi7an868dh9","type":"text","content":{"richText":[{"type":"p","children":[{"text":"Me informe seu "},{"bold":true,"text":"TELEFONE"},{"text":" abaixo:"}]}]},"groupId":"cftgd0ha4xubngaxcfpkb16r"},{"id":"ge4pk36acrg19gox322twiyn","type":"text input","groupId":"cftgd0ha4xubngaxcfpkb16r","options":{"isLong":false,"labels":{"button":"Enviar","placeholder":"11 9 99009900"},"variableId":"vmre5vzsrq92j6cxhoifggb37"}},{"id":"u8v8ukewl2w7eyn5pfzkasmk","type":"text","content":{"richText":[{"type":"p","children":[{"text":"Me informe seu "},{"bold":true,"text":"NOME"},{"text":" abaixo:"}]}]},"groupId":"cftgd0ha4xubngaxcfpkb16r"},{"id":"g8dsyt63q2hobjao909eqpze","type":"text input","groupId":"cftgd0ha4xubngaxcfpkb16r","options":{"isLong":false,"labels":{"button":"Enviar","placeholder":"Seu Nome Completo"},"variableId":"vy064uzle3clxj65p3v12ns81"}},{"id":"joeduxxb53bxmk774z3c4bfp","type":"Google Sheets","groupId":"cftgd0ha4xubngaxcfpkb16r","options":{"action":"Insert a row","sheetId":"0","cellsToInsert":[{"id":"s9d4mi3monwpnm2zazp4sriz","value":"{{Nome}}","column":"nome"},{"id":"e3rw0olg27o0ww6h61mkuhvt","value":"{{Telefone}}","column":"telefone"},{"id":"ha1nblcez2ba66wi9lb47z02","value":"{{CEP}}","column":"cep"}],"credentialsId":"clk93wy44002tjt0gerhxwjai","spreadsheetId":"10c1igtlE1t6TMy2-plH8StFa1jTzejdmevIvyKJOf9w"}},{"id":"u53ziwrmv3tew6t1dyptduoj","type":"choice input","items":[{"id":"nzt7ccp4iac12uwgxxb53kw2","type":0,"blockId":"u53ziwrmv3tew6t1dyptduoj","content":"BAIXE AQUI!","outgoingEdgeId":"pze8u7k1jdhv2v0ywl85t6ij"}],"groupId":"cftgd0ha4xubngaxcfpkb16r","options":{"buttonLabel":"Send","isSearchable":false,"isMultipleChoice":false,"searchInputPlaceholder":"Filter the options..."}}],"graphCoordinates":{"x":3172.67,"y":2559.73}},{"id":"a4jon8s55oc966fys6l854fa","title":"Group #19","blocks":[{"id":"rvbckqdqlooul40odzzyx9g7","type":"Redirect","groupId":"a4jon8s55oc966fys6l854fa","options":{"url":"https://drive.google.com/file/d/15R5Xesb4HT2EQ6pnXL62ujBMBalgi68a/view?usp=sharing","isNewTab":false}}],"graphCoordinates":{"x":2705.62,"y":3205.65}},{"id":"jc7p05101fmtvqxmn3upstrt","title":"Group #20","blocks":[{"id":"lgxbf4ttbpanxzpo50vgxxl7","type":"text","content":{"richText":[{"type":"p","children":[{"text":"Vamos lá meu amigo a primeira condição para quem tem problemas de próstata é que qualquer medicação que você toma, tem efeitos colaterais ruins no homem, causando impotência, desinteresse, falta de libido e isso é muito preocupante "}]}]},"groupId":"jc7p05101fmtvqxmn3upstrt"},{"id":"wzzj325m7d9skpi492xazdax","type":"Wait","groupId":"jc7p05101fmtvqxmn3upstrt","options":{"secondsToWaitFor":"12"}},{"id":"o67d3prt1wmijral4im0xf3g","type":"text","content":{"richText":[{"type":"p","children":[{"text":"Para sua sorte, hoje nós estamos aqui para falar sobre isso, é importante que você mantenha uma alimentação saudável, pratique exercícios físicos"}]}]},"groupId":"jc7p05101fmtvqxmn3upstrt"},{"id":"hrl21jpdfdrscs1yim0cfklv","type":"Wait","groupId":"jc7p05101fmtvqxmn3upstrt","options":{"secondsToWaitFor":"12"}},{"id":"oohk6424sxx35iqihwkoc0hs","type":"text","content":{"richText":[{"type":"p","children":[{"text":"e principalmente faça suplementação de antioxidantes, vitaminas e minerais essenciais para manter a saúde da próstata e sexual, principalmente se você já passou dos 40 anos.\n"}]}]},"groupId":"jc7p05101fmtvqxmn3upstrt"},{"id":"bvuvghk1bo2gn8hdwzab6081","type":"Wait","groupId":"jc7p05101fmtvqxmn3upstrt","options":{"secondsToWaitFor":"12"}},{"id":"rs7ds67sysaj634rotgxqm2g","type":"text","content":{"richText":[{"type":"p","children":[{"text":"Veja o caso do Jorge aqui  caso abaixo:"}]}]},"groupId":"jc7p05101fmtvqxmn3upstrt"},{"id":"tapn0p4k2mtjgyvs10v3obxd","type":"video","content":{"id":"negVC6h4ERw","url":"https://youtube.com/shorts/negVC6h4ERw?feature=share","type":"youtube"},"groupId":"jc7p05101fmtvqxmn3upstrt"},{"id":"kp5wmr0682wfo05lykshzawr","type":"Wait","groupId":"jc7p05101fmtvqxmn3upstrt","options":{"secondsToWaitFor":"20"}},{"id":"h2a0gofjiszichvvd8umeec8","type":"text","content":{"richText":[{"type":"p","children":[{"text":"Esse composto suplementar é rico em antioxidantes, vitaminas e minerais essenciais para a saúde sexual do homem potencializando sua condição de ereção "}]}]},"groupId":"jc7p05101fmtvqxmn3upstrt"},{"id":"oqnof3it4st2fbukoe2vnl7o","type":"Wait","groupId":"jc7p05101fmtvqxmn3upstrt","options":{"secondsToWaitFor":"12"}},{"id":"oh186jptqnmnbid4tz2autb0","type":"text","content":{"richText":[{"type":"p","children":[{"text":"Assim como o Jorge, você deseja experimentar e ter esses resultados com esse composto ? "}]}]},"groupId":"jc7p05101fmtvqxmn3upstrt"},{"id":"ca96g3sbwwf0qwlxii2eywfv","type":"choice input","items":[{"id":"wd6cgfxx4gecp2dbndpukr5m","type":0,"blockId":"ca96g3sbwwf0qwlxii2eywfv","content":"SIM","outgoingEdgeId":"cols8trikki0c4os4ztp6qk3"},{"id":"f2lg8w3mthne7u6huo2n7g41","type":0,"blockId":"ca96g3sbwwf0qwlxii2eywfv","content":"NÃO","outgoingEdgeId":"ko90900ympdxxtambchuijei"}],"groupId":"jc7p05101fmtvqxmn3upstrt","options":{"buttonLabel":"Send","isSearchable":false,"isMultipleChoice":false,"searchInputPlaceholder":"Filter the options..."}}],"graphCoordinates":{"x":14.95,"y":1575.17}},{"id":"cb6pt16mdz7222h2xch8g4qn","title":"Group #21","blocks":[{"id":"hr0q1tc2s3r1sgjetfl8si82","type":"audio","content":{"url":"https://s3.fr-par.scw.cloud/typebot/public/typebots/clk5r5x2r002wky0fx0jr8cjx/blocks/hr0q1tc2s3r1sgjetfl8si82?v=1689796184805"},"groupId":"cb6pt16mdz7222h2xch8g4qn"},{"id":"orilxlna2opn1z1n8pmpz8of","type":"Wait","groupId":"cb6pt16mdz7222h2xch8g4qn","options":{"secondsToWaitFor":"97"}},{"id":"yioy0asr06hdj8fden5v7c4i","type":"video","content":{"id":"negVC6h4ERw","url":"https://youtube.com/shorts/negVC6h4ERw?feature=share","type":"youtube"},"groupId":"cb6pt16mdz7222h2xch8g4qn"},{"id":"tufxnqaakqcetz3zjcdt4zmm","type":"Wait","groupId":"cb6pt16mdz7222h2xch8g4qn","options":{"secondsToWaitFor":"20"}},{"id":"a1k92iidmz3xmb09k39noz0q","type":"audio","content":{"url":"https://s3.fr-par.scw.cloud/typebot/public/typebots/clk5r5x2r002wky0fx0jr8cjx/blocks/vvqnro9ijdc9sluytav35u6k?v=1689797524982"},"groupId":"cb6pt16mdz7222h2xch8g4qn"},{"id":"ij07ycu6qqaqstqnmwr1tfwx","type":"Wait","groupId":"cb6pt16mdz7222h2xch8g4qn","options":{"secondsToWaitFor":"48"}},{"id":"ix65mb1mvyd9qdzekjuz3ejc","type":"text","content":{"richText":[{"type":"p","children":[{"text":"Você deseja experimentar essa solução?"}]}]},"groupId":"cb6pt16mdz7222h2xch8g4qn"},{"id":"yvp8qhob95uraoq5by2l6exe","type":"choice input","items":[{"id":"nludps06cirk9fgmji7m0qg7","type":0,"blockId":"yvp8qhob95uraoq5by2l6exe","content":"SIM","outgoingEdgeId":"s88oh7zces3n5fjklpd6vfxw"},{"id":"tyzujlu5kmeycg8kds3niabp","type":0,"blockId":"yvp8qhob95uraoq5by2l6exe","content":"NÃO","outgoingEdgeId":"dunvvd13lp23igdin7oykra2"}],"groupId":"cb6pt16mdz7222h2xch8g4qn","options":{"buttonLabel":"Send","isSearchable":false,"isMultipleChoice":false,"searchInputPlaceholder":"Filter the options..."}}],"graphCoordinates":{"x":-135.81,"y":-1046.74}},{"id":"zxs5npg334bzdo51dysqb3k2","title":"Group #22","blocks":[{"id":"ijjaaxgmqmquwnsmbp9c9yzv","type":"audio","content":{"url":"https://s3.fr-par.scw.cloud/typebot/public/typebots/clk5r5x2r002wky0fx0jr8cjx/blocks/ijjaaxgmqmquwnsmbp9c9yzv?v=1689796560343"},"groupId":"zxs5npg334bzdo51dysqb3k2"},{"id":"jplf4c9imghl80tydkgdv18z","type":"Wait","groupId":"zxs5npg334bzdo51dysqb3k2","options":{"secondsToWaitFor":"89"}},{"id":"v2xhwqjo25hrya18rf9kclq8","type":"video","content":{"id":"negVC6h4ERw","url":"https://youtube.com/shorts/negVC6h4ERw?feature=share","type":"youtube"},"groupId":"zxs5npg334bzdo51dysqb3k2"},{"id":"h1076xuvtnl7cq5rui8ryhz4","type":"Wait","groupId":"zxs5npg334bzdo51dysqb3k2","options":{"secondsToWaitFor":"20"}},{"id":"wnyo42ln8h0auv3gyuwurp4l","type":"audio","content":{"url":"https://s3.fr-par.scw.cloud/typebot/public/typebots/clk5r5x2r002wky0fx0jr8cjx/blocks/vvqnro9ijdc9sluytav35u6k?v=1689797524982"},"groupId":"zxs5npg334bzdo51dysqb3k2"},{"id":"z2810vs3hm8o19yvz89rqafm","type":"Wait","groupId":"zxs5npg334bzdo51dysqb3k2","options":{"secondsToWaitFor":"48"}},{"id":"iff5gj274fwdzawks0hr77h5","type":"text","content":{"richText":[{"type":"p","children":[{"text":"Você deseja experimentar essa solução?"}]}]},"groupId":"zxs5npg334bzdo51dysqb3k2"},{"id":"a0qjvx1nqhpsut4jujqb0zk3","type":"choice input","items":[{"id":"g49ejpchj500g70cxfil30c1","type":0,"blockId":"a0qjvx1nqhpsut4jujqb0zk3","content":"SIM","outgoingEdgeId":"lcubaxhrcdxgj8x6x3m1wfcb"},{"id":"rcdv0dfillh3jzgf4er2ah2u","type":0,"blockId":"a0qjvx1nqhpsut4jujqb0zk3","content":"NÃO","outgoingEdgeId":"rl0d4w4youtl29pdglcp93i4"}],"groupId":"zxs5npg334bzdo51dysqb3k2","options":{"buttonLabel":"Send","isSearchable":false,"isMultipleChoice":false,"searchInputPlaceholder":"Filter the options..."}}],"graphCoordinates":{"x":-552.48,"y":-1226.07}},{"id":"aa0azymkvh1495xf0zlbpjzv","title":"Group #23","blocks":[{"id":"pmfm7ryk5b35z0928ujozv5d","type":"audio","content":{"url":"https://s3.fr-par.scw.cloud/typebot/public/typebots/clk5r5x2r002wky0fx0jr8cjx/blocks/pmfm7ryk5b35z0928ujozv5d?v=1689797077719"},"groupId":"aa0azymkvh1495xf0zlbpjzv"},{"id":"vprkx2pfzlckwq8ud5ufaayo","type":"Wait","groupId":"aa0azymkvh1495xf0zlbpjzv","options":{"secondsToWaitFor":"95"}},{"id":"shx7yfeebetivjhind435p2v","type":"video","content":{"id":"negVC6h4ERw","url":"https://youtube.com/shorts/negVC6h4ERw?feature=share","type":"youtube"},"groupId":"aa0azymkvh1495xf0zlbpjzv"},{"id":"yymrbwlj7ldsyjw1nn7xgkr7","type":"Wait","groupId":"aa0azymkvh1495xf0zlbpjzv","options":{"secondsToWaitFor":"20"}},{"id":"vvqnro9ijdc9sluytav35u6k","type":"audio","content":{"url":"https://s3.fr-par.scw.cloud/typebot/public/typebots/clk5r5x2r002wky0fx0jr8cjx/blocks/vvqnro9ijdc9sluytav35u6k?v=1689797524982"},"groupId":"aa0azymkvh1495xf0zlbpjzv"},{"id":"yjmck6ekjcxmc86vr9qhe99v","type":"Wait","groupId":"aa0azymkvh1495xf0zlbpjzv","options":{"secondsToWaitFor":"48"}},{"id":"vud2hzg8u8yajysun5abbpgr","type":"text","content":{"richText":[{"type":"p","children":[{"text":"Você deseja experimentar essa solução?"}]}]},"groupId":"aa0azymkvh1495xf0zlbpjzv"},{"id":"n8grgrjrx4o03nrjfjq81lis","type":"choice input","items":[{"id":"n9n6018dlyarixbjfzibg3dw","type":0,"blockId":"n8grgrjrx4o03nrjfjq81lis","content":"SIM","outgoingEdgeId":"fq1kkpc64e2zoptvt6445sea"},{"id":"u0djsb4s85upo69eupandse5","type":0,"blockId":"n8grgrjrx4o03nrjfjq81lis","content":"NÃO","outgoingEdgeId":"tp61gpdbxxcxjd1fnz0rh53r"}],"groupId":"aa0azymkvh1495xf0zlbpjzv","options":{"buttonLabel":"Send","isSearchable":false,"isMultipleChoice":false,"searchInputPlaceholder":"Filter the options..."}}],"graphCoordinates":{"x":-1084.48,"y":-1230.07}}],"variables":[{"id":"vgo1ou573y95pw3pedsk4iakr","name":"n"},{"id":"vy064uzle3clxj65p3v12ns81","name":"Nome"},{"id":"vggr10jn6p4gxy4yls3vo8hm4","name":"CEP"},{"id":"vmre5vzsrq92j6cxhoifggb37","name":"Telefone"},{"id":"vzmzqhu9m0gbzmnsvfi4ugrke","name":"Email"}],"edges":[{"id":"cznsydpfsz1cbiul8dlj19vn","to":{"groupId":"zk91itn3ifk8lv9rye47xn9f"},"from":{"blockId":"f8557i55o2q5bccv5bm1rt4y","groupId":"rru1ferkyr03hqd43656uwzq"}},{"id":"uginhggvd6k726pavxe3h3c4","to":{"blockId":"zfad0y1ivr6og8qeoe2xm73n","groupId":"iovfcoclkl0h8xpw7qg5u4i2"},"from":{"blockId":"pltoxf45qdt198pjzg5qb11u","groupId":"zk91itn3ifk8lv9rye47xn9f"}},{"id":"bnn2wyb1umcciclcb34x16d6","to":{"groupId":"h3gd9ptxnewkw6olf84qx5wj"},"from":{"itemId":"cnm9qrejvbzg3xqd4a0bvqpy","blockId":"iwir4elqqs7d0rwso6a13ybz","groupId":"iovfcoclkl0h8xpw7qg5u4i2"}},{"id":"imdjc45x1rx705cejeftfw5b","to":{"groupId":"raywrdf6ccwvv8b76kmcdoem"},"from":{"itemId":"x5azul4ad41zvnxhdciwidvh","blockId":"iwir4elqqs7d0rwso6a13ybz","groupId":"iovfcoclkl0h8xpw7qg5u4i2"}},{"id":"sz7t03pp8unhw73hpej9uk4z","to":{"groupId":"obl3o10jj4mxhpvdebr2a5ra"},"from":{"itemId":"i6o44m1upsyk2r10qhsrguxp","blockId":"o62hj9xx29uttbgiurzjrkot","groupId":"raywrdf6ccwvv8b76kmcdoem"}},{"id":"c00njzbc19qg4xekm3t0n162","to":{"groupId":"ybpaesn3dgkyyu61wxhxcs04"},"from":{"blockId":"g8lovbsi4hh5z429wz5sftcz","groupId":"obl3o10jj4mxhpvdebr2a5ra"}},{"id":"yncrljtbcu7rdjftxpg0rm53","to":{"groupId":"nv3uy55mu44opm5bvnp43zjn"},"from":{"itemId":"tbut7pu0t8j7ka6wd1s8lmo0","blockId":"o62hj9xx29uttbgiurzjrkot","groupId":"raywrdf6ccwvv8b76kmcdoem"}},{"id":"js3sfe6xxl80ls1h3xc5fkbd","to":{"groupId":"pisfhsobcrfu492mjnmoieo0"},"from":{"itemId":"j6by0ogsuvfu76hyzcmn82u6","blockId":"eequuu2xl8ce4ndxt8pfnpio","groupId":"nv3uy55mu44opm5bvnp43zjn"}},{"id":"nrw9u8uc30qz12qpx8gzfx8c","to":{"groupId":"iw5h0op96zpd51wavrtbupxs"},"from":{"itemId":"d2p8awep5zipkons73s8mqob","blockId":"o62hj9xx29uttbgiurzjrkot","groupId":"raywrdf6ccwvv8b76kmcdoem"}},{"id":"ghysybghxe0owfy7h2aom5jc","to":{"groupId":"pisfhsobcrfu492mjnmoieo0"},"from":{"itemId":"t25ekwwrryfrpf7rsavwxt5j","blockId":"o3ewoz48n1pg88iaf5p6fpp6","groupId":"iw5h0op96zpd51wavrtbupxs"}},{"id":"dvu9it2ed2tqxzj1kvytyy70","to":{"groupId":"ma5zbn8nvgsfzd1spp6y3z6a"},"from":{"itemId":"izj15yaso9r1x3q15ttp5b8f","blockId":"o62hj9xx29uttbgiurzjrkot","groupId":"raywrdf6ccwvv8b76kmcdoem"}},{"id":"hb7xcrpnrtx62yniwesrhv9b","to":{"groupId":"qc7yik3hspwopo22n4et9h7u"},"from":{"itemId":"dyy9vviodebz7oj1am2l6be4","blockId":"z27nbxogcdwpn6xadr20w7su","groupId":"pisfhsobcrfu492mjnmoieo0"}},{"id":"gixytmz0u9fd77ewd7g3f40l","to":{"groupId":"qc7yik3hspwopo22n4et9h7u"},"from":{"itemId":"oxnplaof689lb0zl12uorsa8","blockId":"z27nbxogcdwpn6xadr20w7su","groupId":"pisfhsobcrfu492mjnmoieo0"}},{"id":"phd7hylhyhu9aoxbv4go04pe","to":{"groupId":"qc7yik3hspwopo22n4et9h7u"},"from":{"itemId":"yf2c9g3k829kz5q8ppasm4h1","blockId":"z27nbxogcdwpn6xadr20w7su","groupId":"pisfhsobcrfu492mjnmoieo0"}},{"id":"tpim6z9wvzw2bq6f47flm8nc","to":{"groupId":"bv8ckz3ozm2emw1arxdpv5bh"},"from":{"blockId":"t366zf1kvvnoa05c5j3xq41u","groupId":"h3gd9ptxnewkw6olf84qx5wj"}},{"id":"lddv6q55cj3hyzt72ffd3kyv","to":{"groupId":"mpkpzifxx2gmthepj6n5wfqv"},"from":{"itemId":"sjjw4yy3f6sxc9f4qvpqvmt6","blockId":"my56g6xmdxahqxhgck066pg2","groupId":"bv8ckz3ozm2emw1arxdpv5bh"}},{"id":"n2luq5m3lnb9int6xx7w1xw0","to":{"groupId":"pisfhsobcrfu492mjnmoieo0"},"from":{"itemId":"zmcl7gaqjkxvqsffaajx444d","blockId":"a9hhrpjthtdyw0aa5zcer0xw","groupId":"ybpaesn3dgkyyu61wxhxcs04"}},{"id":"lmkxh6cup4fqf6gzech6j4um","to":{"groupId":"xu35kikrj1u3h9d1x9ynhd1w"},"from":{"itemId":"jvujiq79l4hwx4typi0eo0yh","blockId":"xdor04fnn9e0v712ayptyz1d","groupId":"mpkpzifxx2gmthepj6n5wfqv"}},{"id":"tf6h3zfonkj8ni6vlzre9j5o","to":{"groupId":"qc7yik3hspwopo22n4et9h7u"},"from":{"itemId":"qs9jf5njh8synown1ve5npjw","blockId":"kzqj9bluanbqmfq8gbam88i6","groupId":"xu35kikrj1u3h9d1x9ynhd1w"}},{"id":"exz52ku6zj72cro04x386kdk","to":{"groupId":"qc7yik3hspwopo22n4et9h7u"},"from":{"itemId":"boy7ccx12k9qpsrsbrjlpx5v","blockId":"kzqj9bluanbqmfq8gbam88i6","groupId":"xu35kikrj1u3h9d1x9ynhd1w"}},{"id":"aisqskdriy1cx7yhpy0ahq3h","to":{"groupId":"qc7yik3hspwopo22n4et9h7u"},"from":{"itemId":"wjxhukjr4jzjh7cs0l2oaw7y","blockId":"kzqj9bluanbqmfq8gbam88i6","groupId":"xu35kikrj1u3h9d1x9ynhd1w"}},{"id":"ntcktanjp386j8p7x4iymkmy","to":{"groupId":"cejxoj6sl6fw6lj5yjpf01xf"},"from":{"itemId":"ldj4etc9e1pen2in8o8jihcf","blockId":"my56g6xmdxahqxhgck066pg2","groupId":"bv8ckz3ozm2emw1arxdpv5bh"}},{"id":"mcpmtgi7vqig9lz0fxmdy6xs","to":{"groupId":"xu35kikrj1u3h9d1x9ynhd1w"},"from":{"itemId":"rqgenovwvimt0aorbj3du54a","blockId":"ftf08vwno9dq7m4fuw74kje3","groupId":"cejxoj6sl6fw6lj5yjpf01xf"}},{"id":"zgr911sypws4asc2rzikk8d3","to":{"groupId":"hn0wvzef5djt5c6nx1d7bikv"},"from":{"itemId":"y2xmtzmor4nkqb8j09p8y3pq","blockId":"wpwc7yagkbk7o66lsz0ayjrq","groupId":"ma5zbn8nvgsfzd1spp6y3z6a"}},{"id":"cmue0aqas2aio8btvvfffw9j","to":{"groupId":"hn0wvzef5djt5c6nx1d7bikv"},"from":{"itemId":"daukmgqdb2lubxi6a1p77rhb","blockId":"wpwc7yagkbk7o66lsz0ayjrq","groupId":"ma5zbn8nvgsfzd1spp6y3z6a"}},{"id":"mlcmk17b8j8rj4etuayhl64b","to":{"groupId":"pisfhsobcrfu492mjnmoieo0"},"from":{"itemId":"cux0bn990fp1y3h7pdyvs2v8","blockId":"sk1us12eq6qwjqm3rto376j4","groupId":"hn0wvzef5djt5c6nx1d7bikv"}},{"id":"pze8u7k1jdhv2v0ywl85t6ij","to":{"groupId":"a4jon8s55oc966fys6l854fa"},"from":{"itemId":"nzt7ccp4iac12uwgxxb53kw2","blockId":"u53ziwrmv3tew6t1dyptduoj","groupId":"cftgd0ha4xubngaxcfpkb16r"}},{"id":"mccurhhznfp4q7yoswouw452","to":{"groupId":"cftgd0ha4xubngaxcfpkb16r"},"from":{"itemId":"gfob9yw8exvh8a0x9b77220p","blockId":"sk1us12eq6qwjqm3rto376j4","groupId":"hn0wvzef5djt5c6nx1d7bikv"}},{"id":"rsophzwd1th06p5ypvq0bti4","to":{"groupId":"cftgd0ha4xubngaxcfpkb16r"},"from":{"itemId":"qdmiroxlfuxzgzea9bi0q48o","blockId":"eequuu2xl8ce4ndxt8pfnpio","groupId":"nv3uy55mu44opm5bvnp43zjn"}},{"id":"sf3c44npzlwr34wa3ejqh6es","to":{"groupId":"cftgd0ha4xubngaxcfpkb16r"},"from":{"itemId":"swepyrsam6yfa1j80rupfmap","blockId":"o3ewoz48n1pg88iaf5p6fpp6","groupId":"iw5h0op96zpd51wavrtbupxs"}},{"id":"ik99ppjxykgpsqkum4buzbtl","to":{"groupId":"cftgd0ha4xubngaxcfpkb16r"},"from":{"itemId":"nt4rg4fzixy33w8s6zfnh83q","blockId":"xdor04fnn9e0v712ayptyz1d","groupId":"mpkpzifxx2gmthepj6n5wfqv"}},{"id":"n56u368ihxkvxtn1y5u2qmsj","to":{"groupId":"cftgd0ha4xubngaxcfpkb16r"},"from":{"itemId":"qxvy4wep2xrfon21oars7dt5","blockId":"ftf08vwno9dq7m4fuw74kje3","groupId":"cejxoj6sl6fw6lj5yjpf01xf"}},{"id":"veml8q5as1v8avdvczky2w12","to":{"groupId":"cftgd0ha4xubngaxcfpkb16r"},"from":{"itemId":"twd7p49udofgxkjaf84adpqe","blockId":"a9hhrpjthtdyw0aa5zcer0xw","groupId":"ybpaesn3dgkyyu61wxhxcs04"}},{"id":"x16ito0qms7y1ctjnogj6joq","to":{"groupId":"jc7p05101fmtvqxmn3upstrt"},"from":{"itemId":"izzz60tlz9prv1m6m12dj7pm","blockId":"wpwc7yagkbk7o66lsz0ayjrq","groupId":"ma5zbn8nvgsfzd1spp6y3z6a"}},{"id":"cols8trikki0c4os4ztp6qk3","to":{"groupId":"pisfhsobcrfu492mjnmoieo0"},"from":{"itemId":"wd6cgfxx4gecp2dbndpukr5m","blockId":"ca96g3sbwwf0qwlxii2eywfv","groupId":"jc7p05101fmtvqxmn3upstrt"}},{"id":"ko90900ympdxxtambchuijei","to":{"groupId":"cftgd0ha4xubngaxcfpkb16r"},"from":{"itemId":"f2lg8w3mthne7u6huo2n7g41","blockId":"ca96g3sbwwf0qwlxii2eywfv","groupId":"jc7p05101fmtvqxmn3upstrt"}},{"id":"sojqe4d4h8flmjxlf4yxnrbn","to":{"groupId":"b0vwz62jkz6j4jw3v3cmwwz7"},"from":{"itemId":"dx2ecbzpo65iq63jumvuy5ch","blockId":"my56g6xmdxahqxhgck066pg2","groupId":"bv8ckz3ozm2emw1arxdpv5bh"}},{"id":"lszg4q1t5cx4grb0wtbp09y8","to":{"groupId":"cb6pt16mdz7222h2xch8g4qn"},"from":{"itemId":"udyh3u6ol3nz1yenbt93xh6y","blockId":"cr8cggv6yx4mgrtb2ak4dn4k","groupId":"b0vwz62jkz6j4jw3v3cmwwz7"}},{"id":"jojfufno9mqd88zq6xrhvc9c","to":{"groupId":"cb6pt16mdz7222h2xch8g4qn"},"from":{"itemId":"chgnx6opwxbq3jz0iadnvk2a","blockId":"cr8cggv6yx4mgrtb2ak4dn4k","groupId":"b0vwz62jkz6j4jw3v3cmwwz7"}},{"id":"s2p99cb7uim1rkeiykou2m8p","to":{"blockId":"ijjaaxgmqmquwnsmbp9c9yzv","groupId":"zxs5npg334bzdo51dysqb3k2"},"from":{"itemId":"roo9va2fish0afq1qgwb04nz","blockId":"cr8cggv6yx4mgrtb2ak4dn4k","groupId":"b0vwz62jkz6j4jw3v3cmwwz7"}},{"id":"wfnlmbdo5byikzdnztogwdr9","to":{"groupId":"aa0azymkvh1495xf0zlbpjzv"},"from":{"itemId":"wf0tc0um5c8wsp8arzf04ggh","blockId":"my56g6xmdxahqxhgck066pg2","groupId":"bv8ckz3ozm2emw1arxdpv5bh"}},{"id":"fq1kkpc64e2zoptvt6445sea","to":{"groupId":"xu35kikrj1u3h9d1x9ynhd1w"},"from":{"itemId":"n9n6018dlyarixbjfzibg3dw","blockId":"n8grgrjrx4o03nrjfjq81lis","groupId":"aa0azymkvh1495xf0zlbpjzv"}},{"id":"lcubaxhrcdxgj8x6x3m1wfcb","to":{"groupId":"xu35kikrj1u3h9d1x9ynhd1w"},"from":{"itemId":"g49ejpchj500g70cxfil30c1","blockId":"a0qjvx1nqhpsut4jujqb0zk3","groupId":"zxs5npg334bzdo51dysqb3k2"}},{"id":"s88oh7zces3n5fjklpd6vfxw","to":{"groupId":"xu35kikrj1u3h9d1x9ynhd1w"},"from":{"itemId":"nludps06cirk9fgmji7m0qg7","blockId":"yvp8qhob95uraoq5by2l6exe","groupId":"cb6pt16mdz7222h2xch8g4qn"}},{"id":"dunvvd13lp23igdin7oykra2","to":{"groupId":"cftgd0ha4xubngaxcfpkb16r"},"from":{"itemId":"tyzujlu5kmeycg8kds3niabp","blockId":"yvp8qhob95uraoq5by2l6exe","groupId":"cb6pt16mdz7222h2xch8g4qn"}},{"id":"rl0d4w4youtl29pdglcp93i4","to":{"groupId":"cftgd0ha4xubngaxcfpkb16r"},"from":{"itemId":"rcdv0dfillh3jzgf4er2ah2u","blockId":"a0qjvx1nqhpsut4jujqb0zk3","groupId":"zxs5npg334bzdo51dysqb3k2"}},{"id":"tp61gpdbxxcxjd1fnz0rh53r","to":{"groupId":"cftgd0ha4xubngaxcfpkb16r"},"from":{"itemId":"u0djsb4s85upo69eupandse5","blockId":"n8grgrjrx4o03nrjfjq81lis","groupId":"aa0azymkvh1495xf0zlbpjzv"}}],"theme":{"chat":{"inputs":{"color":"#303235","backgroundColor":"#FFFFFF","placeholderColor":"#9095A0"},"buttons":{"color":"#FFFFFF","backgroundColor":"#00A884"},"roundness":"large","hostAvatar":{"url":"https://s3.fr-par.scw.cloud/typebot/public/typebots/clk5r5x2r002wky0fx0jr8cjx/hostAvatar?v=1689808073933","isEnabled":true},"guestAvatar":{"url":"https://s3.fr-par.scw.cloud/typebot/public/typebots/clk5r5x2r002wky0fx0jr8cjx/guestAvatar?v=1689808008551","isEnabled":false},"hostBubbles":{"color":"#303235","backgroundColor":"#F7F8FF"},"guestBubbles":{"color":"#FFFFFF","backgroundColor":"#FF8E21"}},"general":{"font":"Open Sans","background":{"type":"Image","content":"https://s3.fr-par.scw.cloud/typebot/public/typebots/clk5r5x2r002wky0fx0jr8cjx/background?v=1689807864320"}},"customCss":".typebot-chat-view > .flex:first-child {\n    padding-top: 30px;\n}\n\na#lite-badge {\n  display: none!important;\n}"},"settings":{"general":{"rememberUser":{"isEnabled":false},"isBrandingEnabled":true,"isInputPrefillEnabled":true,"isHideQueryParamsEnabled":true},"metadata":{"description":"Build beautiful conversational forms and embed them directly in your applications without a line of code. Triple your response rate and collect answers that has more value compared to a traditional form.","customHeadCode":"<link rel=\"stylesheet\" href=\"https://cdnjs.cloudflare.com/ajax/libs/material-design-iconic-font/2.2.0/css/material-design-iconic-font.min.css\">\n<style>\n  .hide {\n    display: none!important;\n  }\n  typebot-standard {\n    position: relative;\n    z-index: 9999;\n  }\n  #__next {\n    position: relative;\n    z-index: 9999;\n}\n  /* User Bar */\n.user-bar {\n  width: 100%;\n  height: 55px;\n  background: #005e54;\n  color: #fff;\n  padding: 0;\n  font-size: 24px;\n  position: fixed;\n  z-index: 99999;\n  display: block;\n  top: 0;\n}\n\n.user-bar:after {\n  content: \"\";\n  display: table;\n  clear: both;\n}\n\n.user-bar div {\n    float: left;\n    transform: translateY(-50%);\n    position: relative;\n    top: 50%;\n    margin-left: 10px;\n}\n\n.user-bar .actions {\n  float: right;\n  margin: 0 0 0 20px;\n}\n\n.user-bar .actions.more {\n  margin: 0 12px 0 32px;\n}\n\n.user-bar .actions.attachment {\n  margin: 0 0 0 30px;\n}\n\n.user-bar .actions.attachment i {\n  display: block;\n  transform: rotate(-45deg);\n}\n\n.user-bar .avatar {\n  margin: 0 0 0 5px;\n  width: 36px;\n  height: 36px;\n}\n\n.user-bar .avatar img {\n  border-radius: 50%;\n  box-shadow: 0 1px 0 rgba(255, 255, 255, 0.1);\n  display: block;\n  width: 100%;\n}\n\n.user-bar .name {\n  font-size: 17px;\n  font-weight: 600;\n  text-overflow: ellipsis;\n  letter-spacing: 0.3px;\n  margin: 0 0 0 8px;\n  overflow: hidden;\n  white-space: nowrap;\n  width: 150px;\n}\n\n.user-bar .status {\n  display: block;\n  font-size: 13px;\n  font-weight: 400;\n  letter-spacing: 0;\n}\n</style>\n\n<script>\nfunction criarBarra() {\n  var userBar = document.createElement(\"div\");\n  userBar.className = \"user-bar\";\n\n  var backButton = document.createElement(\"div\");\n  backButton.className = \"back\";\n  backButton.innerHTML = '<i class=\"zmdi zmdi-arrow-left\"></i>';\n\n  var avatar = document.createElement(\"div\");\n  avatar.className = \"avatar\";\n  avatar.innerHTML = '<img src=\"https://s3.fr-par.scw.cloud/typebot/public/typebots/clk5r5x2r002wky0fx0jr8cjx/hostAvatar?v=1689808073933\" alt=\"Gabriela Faria\">';\n\n  var name = document.createElement(\"div\");\n  name.className = \"name\";\n  name.innerHTML = '<span>Dr. Fernando Vaz</span><span class=\"status\">online</span>';\n\n  var moreActions = document.createElement(\"div\");\n  moreActions.className = \"actions more\";\n  moreActions.innerHTML = '<i class=\"zmdi zmdi-more-vert\"></i>';\n\n  var attachmentAction = document.createElement(\"div\");\n  attachmentAction.className = \"actions attachment\";\n  attachmentAction.innerHTML = '<i class=\"zmdi zmdi-attachment-alt\"></i>';\n\n  var phoneAction = document.createElement(\"div\");\n  phoneAction.className = \"actions\";\n  phoneAction.innerHTML = '<i class=\"zmdi zmdi-phone\"></i>';\n\n  userBar.appendChild(backButton);\n  userBar.appendChild(avatar);\n  userBar.appendChild(name);\n  userBar.appendChild(moreActions);\n  userBar.appendChild(attachmentAction);\n  userBar.appendChild(phoneAction);\n\n  var elementoPai = document.querySelector(\"#__next\");\n  if (elementoPai) {\n    elementoPai.insertBefore(userBar, elementoPai.firstChild);\n  }\n}\n\ncriarBarra();\n</script>\n"},"typingEmulation":{"speed":300,"enabled":true,"maxDelay":1.5}}}