{"id":"clk3jg911000bmr0f3cpn051s","version":"3","groups":[{"id":"itnfurmey33gwkoy4p3hka2r","title":"Start","blocks":[{"id":"cx5iel8jxfo4caorf8rnjiw0","type":"start","label":"Start","groupId":"itnfurmey33gwkoy4p3hka2r","outgoingEdgeId":"zlppwzc59mrlkrj0h48dhya2"}],"graphCoordinates":{"x":-1804.43,"y":-11.61}},{"id":"u9k4k4ao0iny1d3tzescyfdy","title":"","blocks":[{"id":"m435v6oefxku0cm0oyzcg2mb","type":"audio","content":{"url":"https://s3.fr-par.scw.cloud/typebot/public/typebots/cli88mae30010mh0f0yzjqn48/blocks/eisfq9u53jhbknz9ens5n28y?v=1685935872099"},"groupId":"u9k4k4ao0iny1d3tzescyfdy"},{"id":"kl16bf94mpvm7ux0w9yhaksc","type":"text","content":{"richText":[{"type":"p","children":[{"bold":true,"text":"[VOCÊ"},{"text":" "},{"bold":true,"text":"FOI"},{"text":" "},{"bold":true,"text":"SELECIONADA]"}]},{"type":"p","children":[{"bold":true,"text":""}]},{"type":"p","children":[{"text":"ESSA "},{"bold":true,"text":"CONSULTA É","underline":true},{"text":" ","underline":true},{"bold":true,"text":"GRATUITA","underline":true},{"text":"!"}]}]},"groupId":"u9k4k4ao0iny1d3tzescyfdy"},{"id":"ojoiuqw11ol7mluihnpdkffy","type":"text","content":{"richText":[{"type":"p","children":[{"text":"Olá, meu nome é Dra. Lara..."}]}]},"groupId":"u9k4k4ao0iny1d3tzescyfdy"},{"id":"h9jhpsm5w83cfrwtlqtvsd38","type":"Wait","groupId":"u9k4k4ao0iny1d3tzescyfdy","options":{"secondsToWaitFor":"2"}},{"id":"jnmdhz5iuh5ipwmfnzuy3ng6","type":"audio","content":{"url":"https://s3.fr-par.scw.cloud/typebot/public/typebots/w9dkoj88dapbsx1pbt00le3n/blocks/jnmdhz5iuh5ipwmfnzuy3ng6?v=1689912768503"},"groupId":"u9k4k4ao0iny1d3tzescyfdy"},{"id":"amfwk99rwrspc7o6hro0bv7v","type":"Wait","groupId":"u9k4k4ao0iny1d3tzescyfdy","options":{"secondsToWaitFor":"2"}},{"id":"g91i1t2tlt9qkl5dvxggin3o","type":"image","content":{"url":"https://s3.fr-par.scw.cloud/typebot/public/typebots/cli88mae30010mh0f0yzjqn48/blocks/qgatgzuxngkcwufkwt4ujsrj?v=1685383624397"},"groupId":"u9k4k4ao0iny1d3tzescyfdy"},{"id":"dbi2zwoddcnec8xrykof79b8","type":"Wait","groupId":"u9k4k4ao0iny1d3tzescyfdy","options":{"secondsToWaitFor":"2"}},{"id":"qgabe8bc82icxs4d0qnrazvx","type":"text","content":{"richText":[{"type":"p","children":[{"text":"Gostaria de "},{"bold":true,"text":"participar"},{"text":" do meu "}]},{"type":"p","children":[{"bold":true,"text":"programa GRATUITO"},{"text":" de "},{"bold":true,"text":"perda"},{"text":" de "},{"bold":true,"text":"peso"},{"text":"?"}]}]},"groupId":"u9k4k4ao0iny1d3tzescyfdy"},{"id":"c8zvdcs07rxg9q2yckyprsyn","type":"choice input","items":[{"id":"cigszfogy5e8w000i07vu0rl","type":0,"blockId":"c8zvdcs07rxg9q2yckyprsyn","content":"CLIQUE AQUI PARA SABER MAIS!"}],"groupId":"u9k4k4ao0iny1d3tzescyfdy","options":{"buttonLabel":"Send","isSearchable":false,"isMultipleChoice":false,"searchInputPlaceholder":"Filter the options..."},"outgoingEdgeId":"givsmcy1vxkipgzimk6g5oo8"}],"graphCoordinates":{"x":-1434.92,"y":23.22}},{"id":"gwksvuz73f5u2sg5lbnwvqed","title":"","blocks":[{"id":"p72v7j6oia4oy91v9dwbeind","type":"text","content":{"richText":[{"type":"p","children":[{"text":"Seu objetivo é bem parecido com o delas..."}]}]},"groupId":"gwksvuz73f5u2sg5lbnwvqed"},{"id":"fzfumyw7ixn08k4jnwnxssas","type":"Wait","groupId":"gwksvuz73f5u2sg5lbnwvqed","options":{"secondsToWaitFor":"3"}},{"id":"kwim5a8eyo003vkovm0c7f4a","type":"audio","content":{"url":"https://s3.fr-par.scw.cloud/typebot/public/typebots/w9dkoj88dapbsx1pbt00le3n/blocks/kwim5a8eyo003vkovm0c7f4a?v=1690260959100"},"groupId":"gwksvuz73f5u2sg5lbnwvqed"},{"id":"tqrx408qz0zt8ecoigbemlvv","type":"Wait","groupId":"gwksvuz73f5u2sg5lbnwvqed","options":{"secondsToWaitFor":"6"}},{"id":"b720vd75s1prbxnwq25vbb4t","type":"image","content":{"url":"https://s3.fr-par.scw.cloud/typebot/public/typebots/w9dkoj88dapbsx1pbt00le3n/blocks/b720vd75s1prbxnwq25vbb4t?v=1690260564366"},"groupId":"gwksvuz73f5u2sg5lbnwvqed"},{"id":"ep3y54bihou14gpgthwg09fx","type":"Wait","groupId":"gwksvuz73f5u2sg5lbnwvqed","options":{"secondsToWaitFor":"12"}},{"id":"o08pkgjh0dnzpw5rck9tnnbm","type":"audio","content":{"url":"https://s3.fr-par.scw.cloud/typebot/public/typebots/w9dkoj88dapbsx1pbt00le3n/blocks/o08pkgjh0dnzpw5rck9tnnbm?v=1690261264047"},"groupId":"gwksvuz73f5u2sg5lbnwvqed"},{"id":"spg2xvw7ec28gd07g7yk5ru9","type":"Wait","groupId":"gwksvuz73f5u2sg5lbnwvqed","options":{"secondsToWaitFor":"13"}},{"id":"bsoxdg2dqxvc3hw63sxedwiy","type":"image","content":{"url":"https://s3.fr-par.scw.cloud/typebot/public/typebots/w9dkoj88dapbsx1pbt00le3n/blocks/bsoxdg2dqxvc3hw63sxedwiy?v=1690260641187"},"groupId":"gwksvuz73f5u2sg5lbnwvqed"},{"id":"zui2rgpps5hpl8ojufhjt71p","type":"Wait","groupId":"gwksvuz73f5u2sg5lbnwvqed","options":{"secondsToWaitFor":"10"}},{"id":"qlzpncdli50qn183tmygy5zl","type":"text","content":{"richText":[{"type":"p","children":[{"bold":true,"text":"Você"},{"text":" "},{"bold":true,"text":"ficaria"},{"text":" "},{"bold":true,"text":"feliz"},{"text":" com esses resultados?"}]}]},"groupId":"gwksvuz73f5u2sg5lbnwvqed"},{"id":"b2923j6eho3hoitcyt7t2elu","type":"text input","groupId":"gwksvuz73f5u2sg5lbnwvqed","options":{"isLong":false,"labels":{"button":"Enviar","placeholder":"Digite aqui..."}},"outgoingEdgeId":"bxqardxkrys0cu6q9sarr4qi"}],"graphCoordinates":{"x":-644.02,"y":24.34}},{"id":"u5rkhz4y527azaktjgr0zama","title":"","blocks":[{"id":"jod99kisimo8xbxjd1sfga1q","type":"text","content":{"richText":[{"type":"p","children":[{"text":"Vou te falar sobre os benefícios de participar..."}]}]},"groupId":"u5rkhz4y527azaktjgr0zama"},{"id":"txkzg3nq7zg9xg4ip5kaicx9","type":"Wait","groupId":"u5rkhz4y527azaktjgr0zama","options":{"secondsToWaitFor":"3"}},{"id":"f79ru6dedcyjtkkye1yid1v3","type":"text","content":{"richText":[{"type":"p","children":[{"text":"✅ Perda de peso rápido"}]},{"type":"p","children":[{"text":"✅ Redução de celulite"}]},{"type":"p","children":[{"text":"✅ Aumento da autoestima"}]},{"type":"p","children":[{"text":"✅ Redução de ansiedade"}]},{"type":"p","children":[{"text":"✅ Menor queda de cabelo"}]},{"type":"p","children":[{"text":"✅ Eliminaram dores no corpo"}]},{"type":"p","children":[{"text":"✅ Mais apetite sexual"}]},{"type":"p","children":[{"text":"✅ Sensação de bem estar"}]},{"type":"p","children":[{"text":"✅ Prevenção de doenças"}]},{"type":"p","children":[{"text":"✅ Controle de Diabetes"}]},{"type":"p","children":[{"text":"✅ Controle da Pressão Alta"}]}]},"groupId":"u5rkhz4y527azaktjgr0zama"},{"id":"ajrb9odpovoh1qrju3wubv7r","type":"Wait","groupId":"u5rkhz4y527azaktjgr0zama","options":{"secondsToWaitFor":"10"}},{"id":"mc3tebssu8a88qt6fe51rldk","type":"text","content":{"richText":[{"type":"p","children":[{"bold":true,"text":"Qual"},{"text":" desses "},{"bold":true,"text":"benefícios"},{"text":" é o "}]},{"type":"p","children":[{"bold":true,"text":"principal"},{"text":" "},{"bold":true,"text":"para"},{"text":" "},{"bold":true,"text":"você"},{"text":"?"}]}]},"groupId":"u5rkhz4y527azaktjgr0zama"},{"id":"wxso3jatsxdjkvnamma6mg4a","type":"text input","groupId":"u5rkhz4y527azaktjgr0zama","options":{"isLong":false,"labels":{"button":"Enviar","placeholder":"Digite aqui..."}},"outgoingEdgeId":"yzzkbbepacpydzg3iwvp8so2"}],"graphCoordinates":{"x":-248.82,"y":24.24}},{"id":"bx0ilw3egfz2ybc3p22ngyn9","title":"","blocks":[{"id":"fw4ouobvlz2rls8c2syrzm0t","type":"audio","content":{"url":"https://s3.fr-par.scw.cloud/typebot/public/typebots/w9dkoj88dapbsx1pbt00le3n/blocks/fw4ouobvlz2rls8c2syrzm0t?v=1690261505709"},"groupId":"bx0ilw3egfz2ybc3p22ngyn9"},{"id":"hlmvj6as1sn6ofemd56y8qo9","type":"Wait","groupId":"bx0ilw3egfz2ybc3p22ngyn9","options":{"secondsToWaitFor":"10"}},{"id":"k4efu3ihuewkgqrltk4yq7w2","type":"text","content":{"richText":[{"type":"p","children":[{"text":"Veja o relato da Sofia..."}]}]},"groupId":"bx0ilw3egfz2ybc3p22ngyn9"},{"id":"n77t51ddgnxzlotk2k2jd2ox","type":"Wait","groupId":"bx0ilw3egfz2ybc3p22ngyn9","options":{"secondsToWaitFor":"2"}},{"id":"dvyfzog12yqaory27h59i2x6","type":"image","content":{"url":"https://s3.fr-par.scw.cloud/typebot/public/typebots/w9dkoj88dapbsx1pbt00le3n/blocks/dvyfzog12yqaory27h59i2x6?v=1690343861613"},"groupId":"bx0ilw3egfz2ybc3p22ngyn9"},{"id":"rfkgq6wzessbjef2h5d5fj5v","type":"Wait","groupId":"bx0ilw3egfz2ybc3p22ngyn9","options":{"secondsToWaitFor":"36"}},{"id":"fs2wqgnteelwyw6yo0gyx3fn","type":"text","content":{"richText":[{"type":"p","children":[{"text":"Veja o que a Izabel disse..."}]}]},"groupId":"bx0ilw3egfz2ybc3p22ngyn9"},{"id":"nqjroyq4yk30kcm37td7id10","type":"image","content":{"url":"https://s3.fr-par.scw.cloud/typebot/public/typebots/w9dkoj88dapbsx1pbt00le3n/blocks/nqjroyq4yk30kcm37td7id10?v=1690343915602"},"groupId":"bx0ilw3egfz2ybc3p22ngyn9"},{"id":"u2bo0kpr20pqogr7eqf2agye","type":"Wait","groupId":"bx0ilw3egfz2ybc3p22ngyn9","options":{"secondsToWaitFor":"24"}},{"id":"joqrj26lqgheb66nnzc5ih55","type":"text","content":{"richText":[{"type":"p","children":[{"text":"Gostaria de "},{"bold":true,"text":"participar do"}]},{"type":"p","children":[{"bold":true,"text":"Programa de Perda de Peso?"}]}]},"groupId":"bx0ilw3egfz2ybc3p22ngyn9"},{"id":"ksowcbx72l551ivc7q7w3zk5","type":"choice input","items":[{"id":"jdsas9np961u54ch4447ecp3","type":0,"blockId":"ksowcbx72l551ivc7q7w3zk5","content":"CLIQUE AQUI PARA PARTICIPAR!"}],"groupId":"bx0ilw3egfz2ybc3p22ngyn9","options":{"buttonLabel":"Send","isSearchable":false,"isMultipleChoice":false,"searchInputPlaceholder":"Filter the options..."},"outgoingEdgeId":"qplr0y2xusekjgzfyq4xri0e"}],"graphCoordinates":{"x":120.55,"y":23.93}},{"id":"lutcxhxrosumt2ycgggv642z","title":"","blocks":[{"id":"qxhdyp7zce3in4k4hozn96ij","type":"text","content":{"richText":[{"type":"p","children":[{"text":"Vou te explicar "},{"bold":true,"text":"como"},{"text":" "},{"bold":true,"text":"funciona"},{"text":"..."}]}]},"groupId":"lutcxhxrosumt2ycgggv642z"},{"id":"tn2zoescgbr0qrouqo56920u","type":"Wait","groupId":"lutcxhxrosumt2ycgggv642z","options":{"secondsToWaitFor":"3"}},{"id":"v6lrkgxrp47deom3lko1y6yb","type":"audio","content":{"url":"https://s3.fr-par.scw.cloud/typebot/public/typebots/w9dkoj88dapbsx1pbt00le3n/blocks/v6lrkgxrp47deom3lko1y6yb?v=1689912899758"},"groupId":"lutcxhxrosumt2ycgggv642z"},{"id":"ud1b4rjos3d0czl174bwar60","type":"Wait","groupId":"lutcxhxrosumt2ycgggv642z","options":{"secondsToWaitFor":"11"}},{"id":"axnskx42sqc4zm6li6qux37k","type":"audio","content":{"url":"https://s3.fr-par.scw.cloud/typebot/public/typebots/w9dkoj88dapbsx1pbt00le3n/blocks/axnskx42sqc4zm6li6qux37k?v=1689913164393"},"groupId":"lutcxhxrosumt2ycgggv642z"},{"id":"urfjkd58u1h1qt8rx8etsdv0","type":"Wait","groupId":"lutcxhxrosumt2ycgggv642z","options":{"secondsToWaitFor":"10"}},{"id":"suq29rs2uoe1tljry9xzpsit","type":"audio","content":{"url":"https://s3.fr-par.scw.cloud/typebot/public/typebots/w9dkoj88dapbsx1pbt00le3n/blocks/suq29rs2uoe1tljry9xzpsit?v=1689913396790"},"groupId":"lutcxhxrosumt2ycgggv642z"},{"id":"h08mdvasimtc3wwg7l8bz7b2","type":"Wait","groupId":"lutcxhxrosumt2ycgggv642z","options":{"secondsToWaitFor":"7"}},{"id":"aqfuyjx6tarseh55arcocvmo","type":"audio","content":{"url":"https://s3.fr-par.scw.cloud/typebot/public/typebots/w9dkoj88dapbsx1pbt00le3n/blocks/aqfuyjx6tarseh55arcocvmo?v=1690257763893"},"groupId":"lutcxhxrosumt2ycgggv642z"},{"id":"p8lgbx168xhylcmfdc3s5ctj","type":"Wait","groupId":"lutcxhxrosumt2ycgggv642z","options":{"secondsToWaitFor":"9"}},{"id":"h1j9r3ix9c5n0c7odrdxbvl8","type":"text","content":{"richText":[{"type":"p","children":[{"text":"Quantos quilos você "},{"bold":true,"text":"quer perder?"}]}]},"groupId":"lutcxhxrosumt2ycgggv642z"},{"id":"pftp3s36rd6dygtiq95zn73k","type":"text input","groupId":"lutcxhxrosumt2ycgggv642z","options":{"isLong":false,"labels":{"button":"Enviar","placeholder":"Digite aqui..."}},"outgoingEdgeId":"a77tno1pdwep55wredee45ch"}],"graphCoordinates":{"x":-1034.51,"y":22.07}},{"id":"ezt6pzg4tv3j1edlah64phnd","title":"","blocks":[{"id":"l8pk4gsg6qoohui94i3x3ns4","type":"text","content":{"richText":[{"type":"p","children":[{"text":"Vou te "},{"bold":true,"text":"explicar"},{"text":" "},{"bold":true,"text":"como"},{"text":" "}]},{"type":"p","children":[{"text":"fazer para "},{"bold":true,"text":"participar"},{"text":"..."}]}]},"groupId":"ezt6pzg4tv3j1edlah64phnd"},{"id":"kkjllqn4mmi6bv0ov759b7ff","type":"Wait","groupId":"ezt6pzg4tv3j1edlah64phnd","options":{"secondsToWaitFor":"4"}},{"id":"ryqfbumm8ug1vbn1hlwqvfw1","type":"audio","content":{"url":"https://s3.fr-par.scw.cloud/typebot/public/typebots/w9dkoj88dapbsx1pbt00le3n/blocks/ryqfbumm8ug1vbn1hlwqvfw1?v=1690344075414"},"groupId":"ezt6pzg4tv3j1edlah64phnd"},{"id":"od1zom0te9g5sonhv7zsz72e","type":"Wait","groupId":"ezt6pzg4tv3j1edlah64phnd","options":{"secondsToWaitFor":"9"}},{"id":"usmgql28bngn7ppp38z7b98t","type":"audio","content":{"url":"https://s3.fr-par.scw.cloud/typebot/public/typebots/w9dkoj88dapbsx1pbt00le3n/blocks/usmgql28bngn7ppp38z7b98t?v=1690344219441"},"groupId":"ezt6pzg4tv3j1edlah64phnd"},{"id":"gn1jx5x2gpcmz5j1e0lcfc7a","type":"Wait","groupId":"ezt6pzg4tv3j1edlah64phnd","options":{"secondsToWaitFor":"13"}},{"id":"eu1xrgpoijkny1krke9a6qiv","type":"audio","content":{"url":"https://s3.fr-par.scw.cloud/typebot/public/typebots/w9dkoj88dapbsx1pbt00le3n/blocks/eu1xrgpoijkny1krke9a6qiv?v=1690344455204"},"groupId":"ezt6pzg4tv3j1edlah64phnd"},{"id":"b5vjefb4ktfxy7uk2v5fvwje","type":"Wait","groupId":"ezt6pzg4tv3j1edlah64phnd","options":{"secondsToWaitFor":"11"}},{"id":"idw3j5n9lfx0c4lx7hgk98gh","type":"audio","content":{"url":"https://s3.fr-par.scw.cloud/typebot/public/typebots/w9dkoj88dapbsx1pbt00le3n/blocks/idw3j5n9lfx0c4lx7hgk98gh?v=1690344939374"},"groupId":"ezt6pzg4tv3j1edlah64phnd"},{"id":"o6puth19ig31g2fzydnoxnr7","type":"Wait","groupId":"ezt6pzg4tv3j1edlah64phnd","options":{"secondsToWaitFor":"8"}},{"id":"k1g0js4jfzezhtt6hb900105","type":"audio","content":{"url":"https://s3.fr-par.scw.cloud/typebot/public/typebots/w9dkoj88dapbsx1pbt00le3n/blocks/k1g0js4jfzezhtt6hb900105?v=1690344953158"},"groupId":"ezt6pzg4tv3j1edlah64phnd"},{"id":"j1y8qct2jstwv04m8yezfgbx","type":"Wait","groupId":"ezt6pzg4tv3j1edlah64phnd","options":{"secondsToWaitFor":"22"}},{"id":"rbxztug7sy71893q44xdcvrp","type":"audio","content":{"url":"https://s3.fr-par.scw.cloud/typebot/public/typebots/w9dkoj88dapbsx1pbt00le3n/blocks/rbxztug7sy71893q44xdcvrp?v=1690345246544"},"groupId":"ezt6pzg4tv3j1edlah64phnd"},{"id":"n1802kj0kas6ryirunlfltmo","type":"Wait","groupId":"ezt6pzg4tv3j1edlah64phnd","options":{"secondsToWaitFor":"23"}},{"id":"mzra0u73w6ivaevculhwy3yo","type":"audio","content":{"url":"https://s3.fr-par.scw.cloud/typebot/public/typebots/w9dkoj88dapbsx1pbt00le3n/blocks/mzra0u73w6ivaevculhwy3yo?v=1690345499174"},"groupId":"ezt6pzg4tv3j1edlah64phnd"},{"id":"r4f7hp5vosdeptsma3p6fef1","type":"Wait","groupId":"ezt6pzg4tv3j1edlah64phnd","options":{"secondsToWaitFor":"17"}},{"id":"vq2wqekzomicwqw9i6kigwwq","type":"Redirect","groupId":"ezt6pzg4tv3j1edlah64phnd","options":{"url":"https://pay.kiwify.com.br/K7q6Yis","isNewTab":false}}],"graphCoordinates":{"x":569.68,"y":21}}],"variables":[{"id":"vprp91gkcj6ooz2wteh9qrvjn","name":"NOME"},{"id":"vylhptebpxvgxs98ah9vf9q1p","name":"PESO"},{"id":"vpel0viottucscnen8zdlejaf","name":"IDADE"},{"id":"vlnuxmidqsek5hmsy83v55c7h","name":"PERDER"},{"id":"va2xubuj795oo62rxwti3hudj","name":"TEMPO"}],"edges":[{"id":"a77tno1pdwep55wredee45ch","to":{"blockId":"p72v7j6oia4oy91v9dwbeind","groupId":"gwksvuz73f5u2sg5lbnwvqed"},"from":{"blockId":"pftp3s36rd6dygtiq95zn73k","groupId":"lutcxhxrosumt2ycgggv642z"}},{"id":"givsmcy1vxkipgzimk6g5oo8","to":{"blockId":"qxhdyp7zce3in4k4hozn96ij","groupId":"lutcxhxrosumt2ycgggv642z"},"from":{"blockId":"c8zvdcs07rxg9q2yckyprsyn","groupId":"u9k4k4ao0iny1d3tzescyfdy"}},{"id":"zlppwzc59mrlkrj0h48dhya2","to":{"blockId":"kl16bf94mpvm7ux0w9yhaksc","groupId":"u9k4k4ao0iny1d3tzescyfdy"},"from":{"blockId":"cx5iel8jxfo4caorf8rnjiw0","groupId":"itnfurmey33gwkoy4p3hka2r"}},{"id":"bxqardxkrys0cu6q9sarr4qi","to":{"blockId":"jod99kisimo8xbxjd1sfga1q","groupId":"u5rkhz4y527azaktjgr0zama"},"from":{"blockId":"b2923j6eho3hoitcyt7t2elu","groupId":"gwksvuz73f5u2sg5lbnwvqed"}},{"id":"qplr0y2xusekjgzfyq4xri0e","to":{"blockId":"l8pk4gsg6qoohui94i3x3ns4","groupId":"ezt6pzg4tv3j1edlah64phnd"},"from":{"blockId":"ksowcbx72l551ivc7q7w3zk5","groupId":"bx0ilw3egfz2ybc3p22ngyn9"}},{"id":"yzzkbbepacpydzg3iwvp8so2","to":{"groupId":"bx0ilw3egfz2ybc3p22ngyn9"},"from":{"blockId":"wxso3jatsxdjkvnamma6mg4a","groupId":"u5rkhz4y527azaktjgr0zama"}}],"theme":{"chat":{"inputs":{"color":"#000000","backgroundColor":"#FFFFFF","placeholderColor":"#28292a"},"buttons":{"color":"#FFFFFF","backgroundColor":"#128C7E"},"roundness":"medium","hostAvatar":{"url":"https://s3.fr-par.scw.cloud/typebot/public/typebots/cli88mae30010mh0f0yzjqn48/hostAvatar?v=1685330922907","isEnabled":true},"guestAvatar":{"url":"https://s3.fr-par.scw.cloud/typebot/public/typebots/cli88mae30010mh0f0yzjqn48/guestAvatar?v=1685330799682","isEnabled":false},"hostBubbles":{"color":"#303235","backgroundColor":"#FFFFFF"},"guestBubbles":{"color":"#303235","backgroundColor":"#e1ffc7"}},"general":{"font":"Open Sans","background":{"type":"Image","content":"https://s3.fr-par.scw.cloud/typebot/public/typebots/cli88mae30010mh0f0yzjqn48/background?v=1685470080750"}},"customCss":".typebot-chat-view > .flex:first-child {\n    padding-top: 30px;\n}\n\n.typebot-input {\n    position: fixed;\n    bottom: 0;\n    align-items: center;\n    z-index: 999;\n    right: 0;\n}\n\n.typebot-input .typebot-button {\n    background: #008a7c;\n    border-radius: 50%;\n    color: #fff;\n    position: relative;\n    width: 50px;\n    height: 50px;\n    display: flex;\n    align-items: center;\n    justify-content: center;\n}\n\n.typebot-container {\n    background-size: initial!important;\n    background-repeat: repeat-x!important;\n}\n\n.typebot-host-bubble>.bubble-typing {\n  border-radius: 0 5px 5px 5px;\n}\n\n.typebot-host-bubble>.bubble-typing:after {\n    position: absolute;\n    content: \"\";\n    width: 0;\n    height: 0;\n    border-style: solid;\n    border-width: 0px 10px 10px 0;\n    border-color: transparent #fff transparent transparent;\n    top: 0;\n    left: -10px;\n}\n\n.typebot-guest-bubble {\n  position: relative;\n  border-radius: 5px 0 5px 5px;\n}\n\n.typebot-guest-bubble:after {\n  position: absolute;\n  content: \"\";\n  width: 0;\n  height: 0;\n  border-style: solid;\n}\n\n.typebot-guest-bubble:after {\n    border-width: 0px 0 10px 10px;\n    border-color: transparent transparent transparent #e1ffc7;\n    top: 0;\n    right: -10px;\n    border-style: solid;\n}\n\niframe[src=\"\"] {\n  position: fixed;\n  top: 0;\n  left: 0;\n  display: relative;\n  width: 100%;\n  height: 100% !important;\n  z-index: 999999;\n  border: none;\n  padding: 0;\n  margin: 0;\n}\n\na#lite-badge {\n  display: none!important;\n}"},"settings":{"general":{"rememberUser":{"isEnabled":false},"isBrandingEnabled":true,"isInputPrefillEnabled":false,"isHideQueryParamsEnabled":false},"metadata":{"title":"WhatsApp Web","imageUrl":"https://images.unsplash.com/photo-1611077544170-be90a2f68add?crop=entropy&cs=tinysrgb&fit=max&fm=jpg&ixid=M3w0MjU2MDR8MHwxfHNlYXJjaHwyN3x8d2VpZ2h0JTIwbG9zc3xlbnwwfDB8fHwxNjg2MjAzMzA4fDA&ixlib=rb-4.0.3&q=80&w=1080","favIconUrl":"https://s3.fr-par.scw.cloud/typebot/public/typebots/w9dkoj88dapbsx1pbt00le3n/favIcon?v=1690608703889","description":"Faça agora sua consulta com Dra. Lara no WhatsApp.","customHeadCode":"<!-- Facebook Pixel Code -->\n<script>\n   !function(f,b,e,v,n,t,s)\n  {if(f.fbq)return;n=f.fbq=function(){n.callMethod?\n    n.callMethod.apply(n,arguments):n.queue.push(arguments)};\n    if(!f._fbq)f._fbq=n;n.push=n;n.loaded=!0;n.version='2.0';\n    n.queue=[];t=b.createElement(e);t.async=!0;\n    t.src=v;s=b.getElementsByTagName(e)[0];\n    s.parentNode.insertBefore(t,s)}(window, document,'script',\n    'https://connect.facebook.net/en_US/fbevents.js');\n    fbq('init', '833094654874077');\n    fbq('track', 'PageView');\n    fbq('track', 'ViewContent');\n \n</script>\n<!-- End Facebook Pixel Code -->\n<link rel=\"stylesheet\" href=\"https://cdnjs.cloudflare.com/ajax/libs/material-design-iconic-font/2.2.0/css/material-design-iconic-font.min.css\">\n<style>\n  .hide {\n    display: none!important;\n  }\n  typebot-standard {\n    position: relative;\n    z-index: 9999;\n  }\n  #__next {\n    position: relative;\n    z-index: 9999;\n}\n  /* User Bar */\n.user-bar {\n  width: 100%;\n  height: 55px;\n  background: #005e54;\n  color: #fff;\n  padding: 0;\n  font-size: 24px;\n  position: fixed;\n  z-index: 99999;\n  display: block;\n  top: 0;\n}\n\n.user-bar:after {\n  content: \"\";\n  display: table;\n  clear: both;\n}\n\n.user-bar div {\n    float: left;\n    transform: translateY(-50%);\n    position: relative;\n    top: 50%;\n    margin-left: 10px;\n}\n\n.user-bar .actions {\n  float: right;\n  margin: 0 0 0 20px;\n}\n\n.user-bar .actions.more {\n  margin: 0 12px 0 32px;\n}\n\n.user-bar .actions.attachment {\n  margin: 0 0 0 30px;\n}\n\n.user-bar .actions.attachment i {\n  display: block;\n  transform: rotate(-45deg);\n}\n\n.user-bar .avatar {\n  margin: 0 0 0 5px;\n  width: 36px;\n  height: 36px;\n}\n\n.user-bar .avatar img {\n  border-radius: 50%;\n  box-shadow: 0 1px 0 rgba(255, 255, 255, 0.1);\n  display: block;\n  width: 100%;\n}\n\n.user-bar .name {\n  font-size: 17px;\n  font-weight: 600;\n  text-overflow: ellipsis;\n  letter-spacing: 0.3px;\n  margin: 0 0 0 8px;\n  overflow: hidden;\n  white-space: nowrap;\n  width: 150px;\n}\n\n.user-bar .status {\n  display: block;\n  font-size: 13px;\n  font-weight: 400;\n  letter-spacing: 0;\n}\n</style>\n\n<script>\nfunction criarBarra() {\n  var userBar = document.createElement(\"div\");\n  userBar.className = \"user-bar\";\n\n  var backButton = document.createElement(\"div\");\n  backButton.className = \"back\";\n  backButton.innerHTML = '<i class=\"zmdi zmdi-arrow-left\"></i>';\n\n  var avatar = document.createElement(\"div\");\n  avatar.className = \"avatar\";\n  avatar.innerHTML = '<img src=\"https://i.postimg.cc/pdcPkKdF/editor-62bcb47a9ee51.jpg\" alt=\"Dra. Lara Cardoso\">';\n\n  var name = document.createElement(\"div\");\n  name.className = \"name\";\n  name.innerHTML = '<span>Dra. Lara Cardoso</span><span class=\"status\">online</span>';\n\n  var moreActions = document.createElement(\"div\");\n  moreActions.className = \"actions more\";\n  moreActions.innerHTML = '<i class=\"zmdi zmdi-more-vert\"></i>';\n\n  var attachmentAction = document.createElement(\"div\");\n  attachmentAction.className = \"actions attachment\";\n  attachmentAction.innerHTML = '<i class=\"zmdi zmdi-attachment-alt\"></i>';\n\n  var phoneAction = document.createElement(\"div\");\n  phoneAction.className = \"actions\";\n  phoneAction.innerHTML = '<i class=\"zmdi zmdi-phone\"></i>';\n\n  userBar.appendChild(backButton);\n  userBar.appendChild(avatar);\n  userBar.appendChild(name);\n  userBar.appendChild(moreActions);\n  userBar.appendChild(attachmentAction);\n  userBar.appendChild(phoneAction);\n\n  var elementoPai = document.querySelector(\"#__next\");\n  if (elementoPai) {\n    elementoPai.insertBefore(userBar, elementoPai.firstChild);\n  }\n}\n\ncriarBarra();\n</script>\n"},"typingEmulation":{"speed":300,"enabled":true,"maxDelay":1.5}}}