{"id":"clkpkcbg40009mp0fyhyvl5zh","version":"3","groups":[{"id":"pgx91rbrkf0kee4fbeupw6z5","title":"Start","blocks":[{"id":"r96tf3nluls9nbo1gdfeon2g","type":"start","label":"Start","groupId":"pgx91rbrkf0kee4fbeupw6z5","outgoingEdgeId":"rftmivfa6os732ax5khu3rw5"}],"graphCoordinates":{"x":0,"y":0}},{"id":"r5dfs0g9a4oqzl8oxhoow028","title":"Group #1","blocks":[{"id":"v80kw4ugr9nkvrt2xxnxzeor","type":"Pixel","groupId":"r5dfs0g9a4oqzl8oxhoow028","options":{"params":[],"pixelId":"169902592773740","eventType":"ViewContent"}},{"id":"bumv1h1qx3m1l9zos6d8a5xu","type":"text","content":{"richText":[{"type":"p","children":[{"text":"Sandra entrou na conversa...","underline":true}]}]},"groupId":"r5dfs0g9a4oqzl8oxhoow028"},{"id":"dpq36mslmb0vcr3lklvol33r","type":"Wait","groupId":"r5dfs0g9a4oqzl8oxhoow028","options":{"secondsToWaitFor":"3"}},{"id":"ylfyp01vk0s5jjzfceyhy2yw","type":"text","content":{"richText":[{"type":"p","children":[{"text":"Olá, tudo bem? meu nome é Sandra Silva"}]}]},"groupId":"r5dfs0g9a4oqzl8oxhoow028"},{"id":"l8xmcs638fxxtxo9vel897w8","type":"Wait","groupId":"r5dfs0g9a4oqzl8oxhoow028","options":{"secondsToWaitFor":"5"}},{"id":"el7w3palouq70ztnfokggqh5","type":"text","content":{"richText":[{"type":"p","children":[{"text":"Gostaria de receber dicas exclusivas e aprender como conseguir o manequim dos sonhos?"}]}]},"groupId":"r5dfs0g9a4oqzl8oxhoow028"},{"id":"fu1mbu6gfsnf30cdwlce5o3i","type":"choice input","items":[{"id":"f7r8i5fkzdodt9fqlwxlnxco","type":0,"blockId":"fu1mbu6gfsnf30cdwlce5o3i","content":"SIM ✅","outgoingEdgeId":"tk2c3ywig30kub169ngrz2bb"}],"groupId":"r5dfs0g9a4oqzl8oxhoow028","options":{"buttonLabel":"Send","isSearchable":false,"isMultipleChoice":false,"searchInputPlaceholder":"Filter the options..."}}],"graphCoordinates":{"x":222.25,"y":288.25}},{"id":"xgfgb4761vatjdx7u2kdndu6","title":"Group #2","blocks":[{"id":"qo5vvdcgjzsi5bm4cw8cytq1","type":"Wait","groupId":"xgfgb4761vatjdx7u2kdndu6","options":{"secondsToWaitFor":"3"}},{"id":"inqe6o1pwqqekucac0efzw5c","type":"text","content":{"richText":[{"type":"p","children":[{"text":"ÓTIMO! Você vai amar essa dica."}]}]},"groupId":"xgfgb4761vatjdx7u2kdndu6"},{"id":"ut0ayya5b73dvq95ecnros1d","type":"Wait","groupId":"xgfgb4761vatjdx7u2kdndu6","options":{"secondsToWaitFor":"5"}},{"id":"yxvb92xbnh7y3pue6zewly1z","type":"text","content":{"richText":[{"type":"p","children":[{"text":"Chega ao Brasil o Fenômeno entre as famosas nos EUA que Está Dando o Que Falar."}]}]},"groupId":"xgfgb4761vatjdx7u2kdndu6"},{"id":"xqace433elu3owr3j2qzhh0s","type":"Wait","groupId":"xgfgb4761vatjdx7u2kdndu6","options":{"secondsToWaitFor":"5"}},{"id":"uxpxypepknmrc3wl33pcrgr2","type":"text","content":{"richText":[{"type":"p","children":[{"text":"Mistura de vinagre de maçã é a nova febre entre famosas pra perder peso em pouquíssimo tempo."}]}]},"groupId":"xgfgb4761vatjdx7u2kdndu6"},{"id":"z0hx1td91vdfgir5wm3dxnc6","type":"Wait","groupId":"xgfgb4761vatjdx7u2kdndu6","options":{"secondsToWaitFor":"3"}},{"id":"k7p7hzq7gpdm73vcysmpsg48","type":"image","content":{"url":"https://s3.fr-par.scw.cloud/typebot/public/typebots/clkpihcy60030mn0f41zri9tq/blocks/k7p7hzq7gpdm73vcysmpsg48?v=1690727353424"},"groupId":"xgfgb4761vatjdx7u2kdndu6"},{"id":"cfv2b2iglja04laq19zrje3y","type":"Wait","groupId":"xgfgb4761vatjdx7u2kdndu6","options":{"secondsToWaitFor":"2"}},{"id":"n1yy1xc00zkac7ibz0103oen","type":"image","content":{"url":"https://s3.fr-par.scw.cloud/typebot/public/typebots/clkpihcy60030mn0f41zri9tq/blocks/n1yy1xc00zkac7ibz0103oen?v=1690727403011"},"groupId":"xgfgb4761vatjdx7u2kdndu6"},{"id":"bvnywl6rg4zx53tna2naohgc","type":"Wait","groupId":"xgfgb4761vatjdx7u2kdndu6","options":{"secondsToWaitFor":"3"}},{"id":"iorcw074ad3ac6m4s7inv8xn","type":"text","content":{"richText":[{"type":"p","children":[{"text":"Veja o antes e depois da cantora Simone 😍"}]}]},"groupId":"xgfgb4761vatjdx7u2kdndu6"},{"id":"bgaqzkdi3uz8ztpvd970jm9s","type":"Wait","groupId":"xgfgb4761vatjdx7u2kdndu6","options":{"secondsToWaitFor":"2"}},{"id":"jvdg5bueill43pkh69f1306s","type":"image","content":{"url":"https://s3.fr-par.scw.cloud/typebot/public/typebots/clkpihcy60030mn0f41zri9tq/blocks/jvdg5bueill43pkh69f1306s?v=1690727452459"},"groupId":"xgfgb4761vatjdx7u2kdndu6"},{"id":"r3pk8rn13u7mwsgbdywmodsp","type":"Wait","groupId":"xgfgb4761vatjdx7u2kdndu6","options":{"secondsToWaitFor":"2"}},{"id":"b1tkuuyn6669rrpsu94ovzb2","type":"image","content":{"url":"https://s3.fr-par.scw.cloud/typebot/public/typebots/clkpihcy60030mn0f41zri9tq/blocks/b1tkuuyn6669rrpsu94ovzb2?v=1690727476093"},"groupId":"xgfgb4761vatjdx7u2kdndu6"},{"id":"cp5f2on82c4v0pck2ezodnm6","type":"Wait","groupId":"xgfgb4761vatjdx7u2kdndu6","options":{"secondsToWaitFor":"3"}},{"id":"hfaxe794qw843rl57jsjh4x4","type":"text","content":{"richText":[{"type":"p","children":[{"text":"a Dieta Cetogênica é o novo elixir do bem-estar, quem está tomando, está revolucionando a sua forma física.\n"}]}]},"groupId":"xgfgb4761vatjdx7u2kdndu6"},{"id":"qq5x7313pfq1yss61xzwyzug","type":"Wait","groupId":"xgfgb4761vatjdx7u2kdndu6","options":{"secondsToWaitFor":"2"}},{"id":"d5qwny7jrp5xcblvfw4gnrtk","type":"text","content":{"richText":[{"type":"p","children":[{"text":"Quantos quilos você "},{"bold":true,"text":"gostaria de perder?"},{"text":"\n"}]}]},"groupId":"xgfgb4761vatjdx7u2kdndu6"},{"id":"p9mig5i8u1qx476d5umlq0u6","type":"text input","groupId":"xgfgb4761vatjdx7u2kdndu6","options":{"isLong":false,"labels":{"button":"Enviar","placeholder":"Digite Aqui"}},"outgoingEdgeId":"s7msonggbxyj3thz5kjx4gro"}],"graphCoordinates":{"x":722.5,"y":292.95}},{"id":"e9a4mcf7biziw99bj47a2pk0","title":"Group #3","blocks":[{"id":"a88na646dk7jsjwpdqfhmoj5","type":"Wait","groupId":"e9a4mcf7biziw99bj47a2pk0","options":{"secondsToWaitFor":"3"}},{"id":"zmqkelxku5c5o0909cwpsmez","type":"text","content":{"richText":[{"type":"p","children":[{"text":"Seu objetivo é bem parecido com o delas..."}]}]},"groupId":"e9a4mcf7biziw99bj47a2pk0"},{"id":"r645h3g94wybg6w824ba0r4w","type":"Wait","groupId":"e9a4mcf7biziw99bj47a2pk0","options":{"secondsToWaitFor":"5"}},{"id":"fvwr88x1u6eu4htv88c0zyf6","type":"audio","content":{"url":"https://s3.fr-par.scw.cloud/typebot/public/typebots/clkpihcy60030mn0f41zri9tq/blocks/fvwr88x1u6eu4htv88c0zyf6?v=1690727704660"},"groupId":"e9a4mcf7biziw99bj47a2pk0"},{"id":"xabotcwvhvar11wsohsgxn4e","type":"Wait","groupId":"e9a4mcf7biziw99bj47a2pk0","options":{"secondsToWaitFor":"3"}},{"id":"tl0q8j35eigjya1tqot0pkuc","type":"image","content":{"url":"https://s3.fr-par.scw.cloud/typebot/public/typebots/clkpihcy60030mn0f41zri9tq/blocks/tl0q8j35eigjya1tqot0pkuc?v=1690727730990"},"groupId":"e9a4mcf7biziw99bj47a2pk0"},{"id":"fcp1p0flo0t6m0wjo2br89lh","type":"Wait","groupId":"e9a4mcf7biziw99bj47a2pk0","options":{"secondsToWaitFor":"9"}},{"id":"j33e2ral0bcoszcxyok0xrit","type":"audio","content":{"url":"https://s3.fr-par.scw.cloud/typebot/public/typebots/clkpihcy60030mn0f41zri9tq/blocks/j33e2ral0bcoszcxyok0xrit?v=1690727785318"},"groupId":"e9a4mcf7biziw99bj47a2pk0"},{"id":"m02y7cmxoliimnm84fw8x8jn","type":"Wait","groupId":"e9a4mcf7biziw99bj47a2pk0","options":{"secondsToWaitFor":"3"}},{"id":"bqrfxqz3jdh9xu6xl1su8o7h","type":"image","content":{"url":"https://s3.fr-par.scw.cloud/typebot/public/typebots/clkpihcy60030mn0f41zri9tq/blocks/bqrfxqz3jdh9xu6xl1su8o7h?v=1690727802963"},"groupId":"e9a4mcf7biziw99bj47a2pk0"},{"id":"of599sgkncad9evwhroj6hq1","type":"Wait","groupId":"e9a4mcf7biziw99bj47a2pk0","options":{"secondsToWaitFor":"3"}},{"id":"d3wbwkt11rqkvyhne5lrur9l","type":"text","content":{"richText":[{"type":"p","children":[{"bold":true,"text":"Você"},{"text":" "},{"bold":true,"text":"ficaria"},{"text":" "},{"bold":true,"text":"feliz"},{"text":" com esses resultados?"}]}]},"groupId":"e9a4mcf7biziw99bj47a2pk0"},{"id":"exfly0hqho7w6csc8fm5307w","type":"choice input","items":[{"id":"fxwcoiv0edfhzio91da9z0gj","type":0,"blockId":"exfly0hqho7w6csc8fm5307w","content":"SIM 😍","outgoingEdgeId":"jzpfwguahs75at65ccg3xsvh"},{"id":"q4kbvjpxkpfb8gx41172i1xd","type":0,"blockId":"exfly0hqho7w6csc8fm5307w","content":"CLARO 😱","outgoingEdgeId":"iti1s01skowljc9fu3liyju5"}],"groupId":"e9a4mcf7biziw99bj47a2pk0","options":{"buttonLabel":"Send","isSearchable":false,"isMultipleChoice":false,"searchInputPlaceholder":"Filter the options..."}}],"graphCoordinates":{"x":1145.65,"y":299.25}},{"id":"t4bpoeoi0kun3h5b9uauqbac","title":"Group #4","blocks":[{"id":"xz1828odvpwdmm8014qovawa","type":"Wait","groupId":"t4bpoeoi0kun3h5b9uauqbac","options":{"secondsToWaitFor":"4"}},{"id":"xfacj7lgnybv1s4jadr6cs2z","type":"text","content":{"richText":[{"type":"p","children":[{"text":"Vou te falar sobre os benefícios..."}]}]},"groupId":"t4bpoeoi0kun3h5b9uauqbac"},{"id":"qhyjpi4gpp6pf34pmmvugglt","type":"Wait","groupId":"t4bpoeoi0kun3h5b9uauqbac","options":{"secondsToWaitFor":"5"}},{"id":"kh0iqsyth9ru3anegdgfach1","type":"text","content":{"richText":[{"type":"p","children":[{"text":"✅ Perda de peso rápido"}]},{"type":"p","children":[{"text":"✅ Redução de celulite"}]},{"type":"p","children":[{"text":"✅ Mais apetite sexual"}]},{"type":"p","children":[{"text":"✅ Sensação de bem estar"}]},{"type":"p","children":[{"text":"✅ Prevenção de doenças"}]}]},"groupId":"t4bpoeoi0kun3h5b9uauqbac"},{"id":"n648mbv9a8uxxxsp5mqtru77","type":"Wait","groupId":"t4bpoeoi0kun3h5b9uauqbac","options":{"secondsToWaitFor":"3"}},{"id":"m8kyemizeg9wjprvavplrgli","type":"text","content":{"richText":[{"type":"p","children":[{"bold":true,"text":"Gostou?"}]}]},"groupId":"t4bpoeoi0kun3h5b9uauqbac"},{"id":"z0a59ob9zvys80vhyhjq2z3a","type":"Wait","groupId":"t4bpoeoi0kun3h5b9uauqbac","options":{"secondsToWaitFor":"5"}},{"id":"qmcok0dg7wbqgcoxo5pr9m7y","type":"text","content":{"richText":[{"type":"p","children":[{"bold":true,"text":"Gostaria de receber "},{"text":"guia completo com todas as informações sobre a Super Dieta Cetogênica e receitas para "},{"bold":true,"text":"perda rápida de peso"},{"text":", aumento de "},{"bold":true,"text":"energia"},{"text":" e "},{"bold":true,"text":"saúde"},{"text":"?"}]}]},"groupId":"t4bpoeoi0kun3h5b9uauqbac"},{"id":"i8v43fhykz6m19ky6qproe3a","type":"Wait","groupId":"t4bpoeoi0kun3h5b9uauqbac","options":{"secondsToWaitFor":"3"}},{"id":"ciszfjtj5c7lghyaka9ahzua","type":"text","content":{"richText":[{"type":"p","children":[{"text":"E mais importante, "},{"bold":true,"text":"sem precisar Parar de Comer o Que você mais gosta?"}]}]},"groupId":"t4bpoeoi0kun3h5b9uauqbac"},{"id":"cp9918pouhrma0sdd620txxb","type":"choice input","items":[{"id":"o1i0v1fdydsup19thw728xzm","type":0,"blockId":"cp9918pouhrma0sdd620txxb","content":"SIM 😍","outgoingEdgeId":"sdf78ig7zvhgp05ny5cabdut"}],"groupId":"t4bpoeoi0kun3h5b9uauqbac","options":{"buttonLabel":"Send","isSearchable":false,"isMultipleChoice":false,"searchInputPlaceholder":"Filter the options..."}}],"graphCoordinates":{"x":1594,"y":321.5}},{"id":"e1ps8hhwdos04kxek6qtzm00","title":"Group #5","blocks":[{"id":"pywal866cutpe5ozxooh5usy","type":"Wait","groupId":"e1ps8hhwdos04kxek6qtzm00","options":{"secondsToWaitFor":"5"}},{"id":"ifulw3w3jkg9ksbi2xoyhm38","type":"text","content":{"richText":[{"type":"p","children":[{"bold":true,"text":"Tenha acesso ao guia completo"},{"text":" com todas as informações e receita para "},{"bold":true,"text":"perda rápida de peso"},{"text":", aumento de "},{"bold":true,"text":"energia"},{"text":" e "},{"bold":true,"text":"saúde"},{"text":"!"}]}]},"groupId":"e1ps8hhwdos04kxek6qtzm00"},{"id":"zteukq76ylm3yxjdyel1qmc5","type":"Wait","groupId":"e1ps8hhwdos04kxek6qtzm00","options":{"secondsToWaitFor":"4"}},{"id":"jmgvzlom67c8uf133e6h777w","type":"text","content":{"richText":[{"type":"p","children":[{"text":"Tudo isso custa R$197,00, mas se você comprar agora custa apenas "},{"text":"R$39,90","underline":true},{"text":" + BÔNUS "},{"bold":true,"text":"Dieta dos Sucos Saudáveis + Detox Perfeito!"},{"text":" POR TEMPO LIMITADO!"}]}]},"groupId":"e1ps8hhwdos04kxek6qtzm00"},{"id":"cn2ss6mv54lphossjwqfbqi9","type":"choice input","items":[{"id":"tunyazt1kprkgbs3vqfkxssq","type":0,"blockId":"cn2ss6mv54lphossjwqfbqi9","content":"SIM, QUERO EMAGRECER 😍"}],"groupId":"e1ps8hhwdos04kxek6qtzm00","options":{"buttonLabel":"Send","isSearchable":false,"isMultipleChoice":false,"searchInputPlaceholder":"Filter the options..."}},{"id":"fxkmk0fo3empqozsi8lkvl22","type":"Redirect","groupId":"e1ps8hhwdos04kxek6qtzm00","options":{"url":"https://go.perfectpay.com.br/PPU38CMNUU7","isNewTab":true}}],"graphCoordinates":{"x":2127.5,"y":346.25}}],"variables":[],"edges":[{"id":"tk2c3ywig30kub169ngrz2bb","to":{"groupId":"xgfgb4761vatjdx7u2kdndu6"},"from":{"itemId":"f7r8i5fkzdodt9fqlwxlnxco","blockId":"fu1mbu6gfsnf30cdwlce5o3i","groupId":"r5dfs0g9a4oqzl8oxhoow028"}},{"id":"s7msonggbxyj3thz5kjx4gro","to":{"groupId":"e9a4mcf7biziw99bj47a2pk0"},"from":{"blockId":"p9mig5i8u1qx476d5umlq0u6","groupId":"xgfgb4761vatjdx7u2kdndu6"}},{"id":"sdf78ig7zvhgp05ny5cabdut","to":{"groupId":"e1ps8hhwdos04kxek6qtzm00"},"from":{"itemId":"o1i0v1fdydsup19thw728xzm","blockId":"cp9918pouhrma0sdd620txxb","groupId":"t4bpoeoi0kun3h5b9uauqbac"}},{"id":"rftmivfa6os732ax5khu3rw5","to":{"groupId":"r5dfs0g9a4oqzl8oxhoow028"},"from":{"blockId":"r96tf3nluls9nbo1gdfeon2g","groupId":"pgx91rbrkf0kee4fbeupw6z5"}},{"id":"jzpfwguahs75at65ccg3xsvh","to":{"groupId":"t4bpoeoi0kun3h5b9uauqbac"},"from":{"itemId":"fxwcoiv0edfhzio91da9z0gj","blockId":"exfly0hqho7w6csc8fm5307w","groupId":"e9a4mcf7biziw99bj47a2pk0"}},{"id":"iti1s01skowljc9fu3liyju5","to":{"groupId":"t4bpoeoi0kun3h5b9uauqbac"},"from":{"itemId":"q4kbvjpxkpfb8gx41172i1xd","blockId":"exfly0hqho7w6csc8fm5307w","groupId":"e9a4mcf7biziw99bj47a2pk0"}}],"theme":{"chat":{"inputs":{"color":"#303235","backgroundColor":"#FFFFFF","placeholderColor":"#9095A0"},"buttons":{"color":"#FFFFFF","backgroundColor":"#0042DA"},"hostAvatar":{"url":"https://s3.fr-par.scw.cloud/typebot/public/typebots/clkpihcy60030mn0f41zri9tq/hostAvatar?v=1690748616789","isEnabled":true},"hostBubbles":{"color":"#303235","backgroundColor":"#F7F8FF"},"guestBubbles":{"color":"#FFFFFF","backgroundColor":"#FF8E21"}},"general":{"font":"Open Sans","background":{"type":"Image","content":"https://s3.fr-par.scw.cloud/typebot/public/typebots/clkpihcy60030mn0f41zri9tq/background?v=1690748602240"}},"customCss":".typebot-chat-view > .flex:first-child {\n    padding-top: 30px;\n}\n\n.typebot-input {\n    position: fixed;\n    bottom: 0;\n    align-items: center;\n    z-index: 999;\n    right: 0;\n}\n\n.typebot-input .typebot-button {\n    background: #008a7c;\n    border-radius: 50%;\n    color: #fff;\n    position: relative;\n    width: 50px;\n    height: 50px;\n    display: flex;\n    align-items: center;\n    justify-content: center;\n}\n\n.typebot-container {\n    background-size: initial!important;\n    background-repeat: repeat-x!important;\n}\n\n.typebot-host-bubble>.bubble-typing {\n  border-radius: 0 5px 5px 5px;\n}\n\n.typebot-host-bubble>.bubble-typing:after {\n    position: absolute;\n    content: \"\";\n    width: 0;\n    height: 0;\n    border-style: solid;\n    border-width: 0px 10px 10px 0;\n    border-color: transparent #fff transparent transparent;\n    top: 0;\n    left: -10px;\n}\n\n.typebot-guest-bubble {\n  position: relative;\n  border-radius: 5px 0 5px 5px;\n}\n\n.typebot-guest-bubble:after {\n  position: absolute;\n  content: \"\";\n  width: 0;\n  height: 0;\n  border-style: solid;\n}\n\n.typebot-guest-bubble:after {\n    border-width: 0px 0 10px 10px;\n    border-color: transparent transparent transparent #e1ffc7;\n    top: 0;\n    right: -10px;\n    border-style: solid;\n}\n\niframe[src=\"\"] {\n  position: fixed;\n  top: 0;\n  left: 0;\n  display: relative;\n  width: 100%;\n  height: 100% !important;\n  z-index: 999999;\n  border: none;\n  padding: 0;\n  margin: 0;\n}\n\na#lite-badge {\n  display: none!important;\n}"},"settings":{"general":{"rememberUser":{"isEnabled":false},"isBrandingEnabled":true,"isInputPrefillEnabled":true,"isHideQueryParamsEnabled":true},"metadata":{"title":"Dra Sandra","imageUrl":"https://s3.fr-par.scw.cloud/typebot/public/typebots/clkpihcy60030mn0f41zri9tq/ogImage?v=1690748913625","favIconUrl":"https://s3.fr-par.scw.cloud/typebot/public/typebots/clkpihcy60030mn0f41zri9tq/favIcon?v=1690749058574","description":"Você vai descobrir como as mulheres estão conseguindo emagrecer sem restrição alimentar ou dietas malucas!!","customHeadCode":"<!-- Meta Pixel Code -->\n<script>\n!function(f,b,e,v,n,t,s)\n{if(f.fbq)return;n=f.fbq=function(){n.callMethod?\nn.callMethod.apply(n,arguments):n.queue.push(arguments)};\nif(!f._fbq)f._fbq=n;n.push=n;n.loaded=!0;n.version='2.0';\nn.queue=[];t=b.createElement(e);t.async=!0;\nt.src=v;s=b.getElementsByTagName(e)[0];\ns.parentNode.insertBefore(t,s)}(window, document,'script',\n'https://connect.facebook.net/en_US/fbevents.js');\nfbq('init', '169902592773740');\nfbq('track', 'PageView');\n</script>\n<noscript><img height=\"1\" width=\"1\" style=\"display:none\"\nsrc=\"https://www.facebook.com/tr?id=169902592773740&ev=PageView&noscript=1\"\n/></noscript>\n<!-- End Meta Pixel Code -->\n\n<link rel=\"stylesheet\" href=\"https://cdnjs.cloudflare.com/ajax/libs/material-design-iconic-font/2.2.0/css/material-design-iconic-font.min.css\">\n<style>\n  .hide {\n    display: none!important;\n  }\n  typebot-standard {\n    position: relative;\n    z-index: 9999;\n  }\n  #__next {\n    position: relative;\n    z-index: 9999;\n}\n  /* User Bar */\n.user-bar {\n  width: 100%;\n  height: 55px;\n  background: #005e54;\n  color: #fff;\n  padding: 0;\n  font-size: 24px;\n  position: fixed;\n  z-index: 99999;\n  display: block;\n  top: 0;\n}\n\n.user-bar:after {\n  content: \"\";\n  display: table;\n  clear: both;\n}\n\n.user-bar div {\n    float: left;\n    transform: translateY(-50%);\n    position: relative;\n    top: 50%;\n    margin-left: 10px;\n}\n\n.user-bar .actions {\n  float: right;\n  margin: 0 0 0 20px;\n}\n\n.user-bar .actions.more {\n  margin: 0 12px 0 32px;\n}\n\n.user-bar .actions.attachment {\n  margin: 0 0 0 30px;\n}\n\n.user-bar .actions.attachment i {\n  display: block;\n  transform: rotate(-45deg);\n}\n\n.user-bar .avatar {\n  margin: 0 0 0 5px;\n  width: 36px;\n  height: 36px;\n}\n\n.user-bar .avatar img {\n  border-radius: 50%;\n  box-shadow: 0 1px 0 rgba(255, 255, 255, 0.1);\n  display: block;\n  width: 100%;\n}\n\n.user-bar .name {\n  font-size: 17px;\n  font-weight: 600;\n  text-overflow: ellipsis;\n  letter-spacing: 0.3px;\n  margin: 0 0 0 8px;\n  overflow: hidden;\n  white-space: nowrap;\n  width: 150px;\n}\n\n.user-bar .status {\n  display: block;\n  font-size: 13px;\n  font-weight: 400;\n  letter-spacing: 0;\n}\n</style>\n\n<script>\nfunction criarBarra() {\n  var userBar = document.createElement(\"div\");\n  userBar.className = \"user-bar\";\n\n  var backButton = document.createElement(\"div\");\n  backButton.className = \"back\";\n  backButton.innerHTML = '<i class=\"zmdi zmdi-arrow-left\"></i>';\n\n  var avatar = document.createElement(\"div\");\n  avatar.className = \"avatar\";\n  avatar.innerHTML = '<img src=\"https://i.postimg.cc/qR4ccQBm/simone-01.jpg\" alt=\"Simone Prado\">';\n\n  var name = document.createElement(\"div\");\n  name.className = \"name\";\n  name.innerHTML = '<span>Sandra Silva</span><span class=\"status\">online</span>';\n\n  var moreActions = document.createElement(\"div\");\n  moreActions.className = \"actions more\";\n  moreActions.innerHTML = '<i class=\"zmdi zmdi-more-vert\"></i>';\n\n  var attachmentAction = document.createElement(\"div\");\n  attachmentAction.className = \"actions attachment\";\n  attachmentAction.innerHTML = '<i class=\"zmdi zmdi-attachment-alt\"></i>';\n\n  var phoneAction = document.createElement(\"div\");\n  phoneAction.className = \"actions\";\n  phoneAction.innerHTML = '<i class=\"zmdi zmdi-phone\"></i>';\n\n  userBar.appendChild(backButton);\n  userBar.appendChild(avatar);\n  userBar.appendChild(name);\n  userBar.appendChild(moreActions);\n  userBar.appendChild(attachmentAction);\n  userBar.appendChild(phoneAction);\n\n  var elementoPai = document.querySelector(\"#__next\");\n  if (elementoPai) {\n    elementoPai.insertBefore(userBar, elementoPai.firstChild);\n  }\n}\n\ncriarBarra();\n</script>\n"},"typingEmulation":{"speed":300,"enabled":true,"maxDelay":1.5}}}