{"id":"clko3upoc003umb0fqngr6nxs","version":"3","groups":[{"id":"t7e2v07tex1zvy9h290wqf0c","title":"Start","blocks":[{"id":"t3bggdjqihzjvuhbio6hyedo","type":"start","label":"Start","groupId":"t7e2v07tex1zvy9h290wqf0c","outgoingEdgeId":"qn0xejhpsfbuy9q26dr96701"}],"graphCoordinates":{"x":0,"y":0}},{"id":"xqa2jkpz3p7ocf10y8hz4da2","title":"Intro","blocks":[{"id":"b5qr1hsfzk8ku4ucplydhtmi","type":"text","content":{"richText":[{"type":"p","children":[{"text":"Opa,  aqui é o Mago, tudo bem com você?"}]}]},"groupId":"xqa2jkpz3p7ocf10y8hz4da2"},{"id":"m4yula0b671ee93bhmh0oo5v","type":"Wait","groupId":"xqa2jkpz3p7ocf10y8hz4da2","options":{"secondsToWaitFor":"2"}},{"id":"k1tpvmk6dkuholw27fjkcsli","type":"text","content":{"richText":[{"type":"p","children":[{"text":"Seu acesso ao APP Mago da Bet já esta garantido!"}]}]},"groupId":"xqa2jkpz3p7ocf10y8hz4da2"},{"id":"a9eg3yzxal3jagyn3h39aatx","type":"Wait","groupId":"xqa2jkpz3p7ocf10y8hz4da2","options":{"secondsToWaitFor":"2"}},{"id":"fp13qx5gp5wrewdynm8fyy0b","type":"text","content":{"richText":[{"type":"p","children":[{"text":"Antes de liberar seu acesso eu preciso saber seu nome.\n"}]}]},"groupId":"xqa2jkpz3p7ocf10y8hz4da2"},{"id":"j60b0ij331fe4is208gqcfly","type":"Wait","groupId":"xqa2jkpz3p7ocf10y8hz4da2","options":{"secondsToWaitFor":"2"}},{"id":"i8fgex2uynuu9j5svvu3ixxr","type":"text","content":{"richText":[{"type":"p","children":[{"text":"Digita pra mim o seu primeiro nome:\n"}]}]},"groupId":"xqa2jkpz3p7ocf10y8hz4da2"},{"id":"jjohsft1rh0pu6ck486lb0c0","type":"text input","groupId":"xqa2jkpz3p7ocf10y8hz4da2","options":{"isLong":false,"labels":{"button":"Enviar","placeholder":"Digite seu nome..."},"variableId":"vhex2rr2tssywuw4fcenj03lm"}},{"id":"m0bdtsvavwck5loy6alympkj","type":"Wait","groupId":"xqa2jkpz3p7ocf10y8hz4da2","options":{"secondsToWaitFor":"6"}},{"id":"pt18ji9d4v07t3np9j5mhind","type":"text","content":{"richText":[{"type":"p","children":[{"text":"Perfeito "},{"bold":true,"text":"{{Nome}}"},{"text":", o App Mago da Bet usa uma inteligência Artificial , para acessar a casa de aposta e conseguir calcular as próximas jogadas de acordo com o próprio banco de dados da casa de apostas      "}]}]},"groupId":"xqa2jkpz3p7ocf10y8hz4da2"},{"id":"j341wxawhhkndgnvj6ga8fiz","type":"Wait","groupId":"xqa2jkpz3p7ocf10y8hz4da2","options":{"secondsToWaitFor":"2"}},{"id":"ho5ser5qvxwfe51tv6q6mkjq","type":"text","content":{"richText":[{"type":"p","children":[{"text":"o que deixa sua previsão com quase 100% de assertividade."}]}]},"groupId":"xqa2jkpz3p7ocf10y8hz4da2"},{"id":"f1nvh5e1dvm0gf71nitrwj2j","type":"text","content":{"richText":[{"type":"p","children":[{"text":"Olha como é o App por dentro!"}]}]},"groupId":"xqa2jkpz3p7ocf10y8hz4da2"},{"id":"cji8wzrzcyrpkfx99idndz2f","type":"Wait","groupId":"xqa2jkpz3p7ocf10y8hz4da2","options":{"secondsToWaitFor":"2"}},{"id":"zjbhc5zy92qvwdupxddhombf","type":"embed","content":{"url":"https://player.vimeo.com/video/850456050","height":600},"groupId":"xqa2jkpz3p7ocf10y8hz4da2"},{"id":"hx1uu1fj6ia8mblmh9px30e4","type":"Wait","groupId":"xqa2jkpz3p7ocf10y8hz4da2","options":{"secondsToWaitFor":"61"}},{"id":"xb3c44cpiijyi4kzh57l3230","type":"text","content":{"richText":[{"type":"p","children":[{"text":"Agora eu quero que você veja esse vídeo onde eu ganhei R$20.000 em um jogada só usando essa previsão 😱"}]}]},"groupId":"xqa2jkpz3p7ocf10y8hz4da2"},{"id":"mopucb8l83qucjl59rgbbkfx","type":"embed","content":{"url":"https://player.vimeo.com/video/848641172","height":600},"groupId":"xqa2jkpz3p7ocf10y8hz4da2"},{"id":"c2il2d8i3v94a6a459kbk8tg","type":"Wait","groupId":"xqa2jkpz3p7ocf10y8hz4da2","options":{"secondsToWaitFor":"31"}},{"id":"zk6g2zlvfk3ixnimed8stjyq","type":"text","content":{"richText":[{"type":"p","children":[{"text":"Hoje o App Mago da Bet funciona com a melhor assertividade dentro da casa de Apostas Seu Bet, que por ser uma casa nova esta pagando muito."}]}]},"groupId":"xqa2jkpz3p7ocf10y8hz4da2"},{"id":"ssjlal5cnfy37fdq75s424lb","type":"Wait","groupId":"xqa2jkpz3p7ocf10y8hz4da2","options":{"secondsToWaitFor":"3"}},{"id":"n0cax7vkpw7hpvdo9sma3j0k","type":"text","content":{"richText":[{"type":"p","children":[{"text":"e é claro que a gente vai aproveitar isso ao máximo, e você não pode ficar fora disso."}]}]},"groupId":"xqa2jkpz3p7ocf10y8hz4da2"},{"id":"llixg8q02nnusvwtsy58qw4r","type":"Wait","groupId":"xqa2jkpz3p7ocf10y8hz4da2","options":{"secondsToWaitFor":"3"}},{"id":"ssdegrpexu9dooaj4q60fznu","type":"text","content":{"richText":[{"type":"p","children":[{"text":"Posso continuar te explicando?                                                                    Clique no botão abaixo para confirmar!👇"}]}]},"groupId":"xqa2jkpz3p7ocf10y8hz4da2"},{"id":"pjgk06xq9wmglfzmv1xgbf73","type":"choice input","items":[{"id":"d6c1y58izh38rf6pz72p2z86","type":0,"blockId":"pjgk06xq9wmglfzmv1xgbf73","content":"Continue a Explicação! 💵","outgoingEdgeId":"d7d1j2mbt6yogu5vebrx795v"}],"groupId":"xqa2jkpz3p7ocf10y8hz4da2","options":{"buttonLabel":"Send","isSearchable":false,"isMultipleChoice":false,"searchInputPlaceholder":"Filter the options..."}}],"graphCoordinates":{"x":365.65,"y":0.26}},{"id":"wmyb7vdwcxggwihvehslyg8s","title":"Cadastro","blocks":[{"id":"x8aqxfubr0f5g50kt6j8dyul","type":"Wait","groupId":"wmyb7vdwcxggwihvehslyg8s","options":{"secondsToWaitFor":"2"}},{"id":"t8qf7wkp3cagl2mo222xyud6","type":"text","content":{"richText":[{"type":"p","children":[{"text":"Ótimo {{nome}}"}]}]},"groupId":"wmyb7vdwcxggwihvehslyg8s"},{"id":"isl2yvylrz9417fare1uzhew","type":"Wait","groupId":"wmyb7vdwcxggwihvehslyg8s","options":{"secondsToWaitFor":"3"}},{"id":"og8fgh6vqpc2edcf6u2rkl90","type":"text","content":{"richText":[{"type":"p","children":[{"text":"para poder acessar a casa de aposta Seu Bet de modo individual evitar ser detectado, o App usa a conta do próprio jogador, no caso você, para acessar a casa de apostas quando você for jogar  "}]}]},"groupId":"wmyb7vdwcxggwihvehslyg8s"},{"id":"e3fu7ex2uhce7rp0iygn12dg","type":"Wait","groupId":"wmyb7vdwcxggwihvehslyg8s","options":{"secondsToWaitFor":"3"}},{"id":"l3w8kreoa6ncpa80eb6sqwex","type":"text","content":{"richText":[{"type":"p","children":[{"text":"então o primeiro passo que você tem que fazer é se cadastrar na casa de aposta Seu Bet, através do link que eu vou te mandar"}]}]},"groupId":"wmyb7vdwcxggwihvehslyg8s"},{"id":"km1mq92s1yww3cbkk980ril7","type":"Wait","groupId":"wmyb7vdwcxggwihvehslyg8s","options":{"secondsToWaitFor":"7"}},{"id":"fh77girrqpme4q1lqquisoka","type":"text","content":{"richText":[{"type":"p","children":[{"text":"o App so vai conseguir acessar a casa de aposta se a conta for criada atraves desse link, pois ele está embedado o código de conexão da inteligencia artificial, para que ela possa acessar a casa de aposta. "}]}]},"groupId":"wmyb7vdwcxggwihvehslyg8s"},{"id":"vnhi8wqp9zncm0caarkvrufy","type":"Wait","groupId":"wmyb7vdwcxggwihvehslyg8s","options":{"secondsToWaitFor":"5"}},{"id":"eb4tr3vglo7vmky1ra0b28lw","type":"text","content":{"richText":[{"type":"p","children":[{"text":"o e-mail e a senha que você usar no cadastro na casa de aposta será o mesmo para acessar o App Mago da Bet"}]}]},"groupId":"wmyb7vdwcxggwihvehslyg8s"},{"id":"d8e897u1k0ezfs5rd9y9msfe","type":"Wait","groupId":"wmyb7vdwcxggwihvehslyg8s","options":{"secondsToWaitFor":"4"}},{"id":"dimasgrvfkaytj2jduspayfl","type":"text","content":{"richText":[{"type":"p","children":[{"text":"faça seu cadastro na tela abaixo"}]}]},"groupId":"wmyb7vdwcxggwihvehslyg8s"},{"id":"oj5ebilsfwstwe64g3wvlmga","type":"embed","content":{"url":"https://bit.ly/47h6UHV","height":600},"groupId":"wmyb7vdwcxggwihvehslyg8s"},{"id":"ah8xg2biigdre4iml696ycze","type":"Wait","groupId":"wmyb7vdwcxggwihvehslyg8s","options":{"secondsToWaitFor":"60"}},{"id":"qdqd37djnzk5s767tnt30f7h","type":"text","content":{"richText":[{"type":"p","children":[{"text":"Assim que você finalizar o seu cadastro, clique em continuar para que eu possa continuar te explicando como acessar o App "}]}]},"groupId":"wmyb7vdwcxggwihvehslyg8s"},{"id":"xjfbhorjxl9qek4wt0wikv66","type":"choice input","items":[{"id":"se1wr0zmm375cvjwmiu8sdz5","type":0,"blockId":"xjfbhorjxl9qek4wt0wikv66","content":"✅ Continuar","outgoingEdgeId":"uwgh4igx76bmgjyrtoi7gsfh"}],"groupId":"wmyb7vdwcxggwihvehslyg8s","options":{"buttonLabel":"Send","isSearchable":false,"isMultipleChoice":false,"searchInputPlaceholder":"Filter the options..."}}],"graphCoordinates":{"x":751.04,"y":7.69}},{"id":"lm0xq5zvt30xe4s7iswv7lp4","title":"Acessar o Mago ","blocks":[{"id":"dktblyhdd0mwf65m32ezn4yh","type":"text","content":{"richText":[{"type":"p","children":[{"text":"Pronto"}]}]},"groupId":"lm0xq5zvt30xe4s7iswv7lp4"},{"id":"gp558p2yl1ow2cyrumjw1vib","type":"Wait","groupId":"lm0xq5zvt30xe4s7iswv7lp4","options":{"secondsToWaitFor":"2"}},{"id":"l2xpsmtcpvupy8v1cvwwwr0v","type":"text","content":{"richText":[{"type":"p","children":[{"text":"agora que você ja se cadastrou"}]}]},"groupId":"lm0xq5zvt30xe4s7iswv7lp4"},{"id":"hrs65x4ayh25dz8bv7kvosjl","type":"Wait","groupId":"lm0xq5zvt30xe4s7iswv7lp4","options":{"secondsToWaitFor":"4"}},{"id":"pzshky5kmrm4z46afvpqb6ok","type":"text","content":{"richText":[{"type":"p","children":[{"text":"você já vai conseguir acessar o App do Mago da Bet, usando o mesmo usuário e senha que você criou na casa de apostas "}]}]},"groupId":"lm0xq5zvt30xe4s7iswv7lp4"},{"id":"lfchiq0x0q9lheyeda3gm193","type":"Wait","groupId":"lm0xq5zvt30xe4s7iswv7lp4","options":{"secondsToWaitFor":"2"}},{"id":"n5imr9nuwwhagnlf1w3h4lwx","type":"text","content":{"richText":[{"type":"p","children":[{"text":"na tela de login coloque o usuario e senha que você criou na  casa de apostas."}]}]},"groupId":"lm0xq5zvt30xe4s7iswv7lp4"},{"id":"z23pikmz9p9lttkkwv1r36en","type":"Wait","groupId":"lm0xq5zvt30xe4s7iswv7lp4","options":{"secondsToWaitFor":"3"}},{"id":"l3sblwuke4dur30ko076ff3m","type":"text","content":{"richText":[{"type":"p","children":[{"text":"clique para continuar que você será redirecionando para o App"}]}]},"groupId":"lm0xq5zvt30xe4s7iswv7lp4"},{"id":"vuief69b00mfzjcjzp4xb827","type":"choice input","items":[{"id":"g8iwn4ny0ox3ir85rn2m8x0e","type":0,"blockId":"vuief69b00mfzjcjzp4xb827","content":"✅ Continuar","outgoingEdgeId":"kbtt25lrgoulsp1p7021w8vb"}],"groupId":"lm0xq5zvt30xe4s7iswv7lp4","options":{"buttonLabel":"Send","isSearchable":false,"isMultipleChoice":false,"searchInputPlaceholder":"Filter the options..."}},{"id":"ac1ona15n3v5b4ao186cbvqh","type":"Redirect","groupId":"lm0xq5zvt30xe4s7iswv7lp4","options":{"url":"https://bit.ly/3DDmwIj","isNewTab":false}}],"graphCoordinates":{"x":1150.56,"y":18.47}}],"variables":[{"id":"vly358ppn8b3s0ueq6zv9ofus","name":"Nome do broxa"},{"id":"vewl87tqnk9cketzxatr54kba","name":"Idade do broxa"},{"id":"vhex2rr2tssywuw4fcenj03lm","name":"Nome"}],"edges":[{"id":"qn0xejhpsfbuy9q26dr96701","to":{"groupId":"xqa2jkpz3p7ocf10y8hz4da2"},"from":{"blockId":"t3bggdjqihzjvuhbio6hyedo","groupId":"t7e2v07tex1zvy9h290wqf0c"}},{"id":"d7d1j2mbt6yogu5vebrx795v","to":{"groupId":"wmyb7vdwcxggwihvehslyg8s"},"from":{"itemId":"d6c1y58izh38rf6pz72p2z86","blockId":"pjgk06xq9wmglfzmv1xgbf73","groupId":"xqa2jkpz3p7ocf10y8hz4da2"}},{"id":"kbtt25lrgoulsp1p7021w8vb","to":{"blockId":"ac1ona15n3v5b4ao186cbvqh","groupId":"lm0xq5zvt30xe4s7iswv7lp4"},"from":{"itemId":"g8iwn4ny0ox3ir85rn2m8x0e","blockId":"vuief69b00mfzjcjzp4xb827","groupId":"lm0xq5zvt30xe4s7iswv7lp4"}},{"id":"uwgh4igx76bmgjyrtoi7gsfh","to":{"groupId":"lm0xq5zvt30xe4s7iswv7lp4"},"from":{"itemId":"se1wr0zmm375cvjwmiu8sdz5","blockId":"xjfbhorjxl9qek4wt0wikv66","groupId":"wmyb7vdwcxggwihvehslyg8s"}}],"theme":{"chat":{"inputs":{"color":"#303235","backgroundColor":"#FFFFFF","placeholderColor":"#9095A0"},"buttons":{"color":"#FFFFFF","backgroundColor":"#035d54"},"roundness":"large","hostAvatar":{"url":"https://magodabet.com/wp-content/uploads/2023/07/Sem-titulo.png","isEnabled":true},"hostBubbles":{"color":"#303235","backgroundColor":"#FFFFFF"},"guestBubbles":{"color":"#303235","backgroundColor":"#e1ffc7"}},"general":{"font":"Open Sans","background":{"type":"Image","content":"https://s3.fr-par.scw.cloud/typebot/public/typebots/cli88mae30010mh0f0yzjqn48/background?v=1685470080750"}},"customCss":".typebot-chat-view > .flex:first-child {\n    padding-top: 30px;\n}\n\n.typebot-input {\n    position: fixed;\n    bottom: 0;\n    align-items: center;\n    z-index: 999;\n    right: 0;\n}\n\n.typebot-input .typebot-button {\n    background: #008a7c;\n    border-radius: 50%;\n    color: #fff;\n    position: relative;\n    width: 50px;\n    height: 50px;\n    display: flex;\n    align-items: center;\n    justify-content: center;\n}\n\n.typebot-container {\n    background-size: initial!important;\n    background-repeat: repeat-x!important;\n}\n\n.typebot-host-bubble>.bubble-typing {\n  border-radius: 0 5px 5px 5px;\n}\n\n.typebot-host-bubble>.bubble-typing:after {\n    position: absolute;\n    content: \"\";\n    width: 0;\n    height: 0;\n    border-style: solid;\n    border-width: 0px 10px 10px 0;\n    border-color: transparent #fff transparent transparent;\n    top: 0;\n    left: -10px;\n}\n\n.typebot-guest-bubble {\n  position: relative;\n  border-radius: 5px 0 5px 5px;\n}\n\n.typebot-guest-bubble:after {\n  position: absolute;\n  content: \"\";\n  width: 0;\n  height: 0;\n  border-style: solid;\n}\n\n.typebot-guest-bubble:after {\n    border-width: 0px 0 10px 10px;\n    border-color: transparent transparent transparent #e1ffc7;\n    top: 0;\n    right: -10px;\n    border-style: solid;\n}\n\niframe[src=\"\"] {\n  position: fixed;\n  top: 0;\n  left: 0;\n  display: relative;\n  width: 100%;\n  height: 100% !important;\n  z-index: 999999;\n  border: none;\n  padding: 0;\n  margin: 0;\n}\n\na#lite-badge {\n  display: none!important;\n}"},"settings":{"general":{"rememberUser":{"isEnabled":false},"isBrandingEnabled":true,"isInputPrefillEnabled":false,"isHideQueryParamsEnabled":false},"metadata":{"imageUrl":"https://images.unsplash.com/photo-1611077544170-be90a2f68add?crop=entropy&cs=tinysrgb&fit=max&fm=jpg&ixid=M3w0MjU2MDR8MHwxfHNlYXJjaHwyN3x8d2VpZ2h0JTIwbG9zc3xlbnwwfDB8fHwxNjg2MjAzMzA4fDA&ixlib=rb-4.0.3&q=80&w=1080","favIconUrl":"https://s3.fr-par.scw.cloud/typebot/public/typebots/pq7flwy9i60gq18r9iznek05/favIcon?v=1690361294613","description":"Faça agora sua consulta com Dr. Carlos Yoshi no WhatsApp.","customHeadCode":"<!-- Facebook Pixel Code -->\n<script>\n   !function(f,b,e,v,n,t,s)\n  {if(f.fbq)return;n=f.fbq=function(){n.callMethod?\n    n.callMethod.apply(n,arguments):n.queue.push(arguments)};\n    if(!f._fbq)f._fbq=n;n.push=n;n.loaded=!0;n.version='2.0';\n    n.queue=[];t=b.createElement(e);t.async=!0;\n    t.src=v;s=b.getElementsByTagName(e)[0];\n    s.parentNode.insertBefore(t,s)}(window, document,'script',\n    'https://connect.facebook.net/en_US/fbevents.js');\n    fbq('init', '1447530096031367');\n    fbq('track', 'PageView');\n    fbq('track', 'ViewContent');\n \n</script>\n<!-- End Facebook Pixel Code -->\n<link rel=\"stylesheet\" href=\"https://cdnjs.cloudflare.com/ajax/libs/material-design-iconic-font/2.2.0/css/material-design-iconic-font.min.css\">\n<style>\n  .hide {\n    display: none!important;\n  }\n  typebot-standard {\n    position: relative;\n    z-index: 9999;\n  }\n  #__next {\n    position: relative;\n    z-index: 9999;\n}\n  /* User Bar */\n.user-bar {\n  width: 100%;\n  height: 55px;\n  background: #005e54;\n  color: #fff;\n  padding: 0;\n  font-size: 24px;\n  position: fixed;\n  z-index: 99999;\n  display: block;\n  top: 0;\n}\n\n.user-bar:after {\n  content: \"\";\n  display: table;\n  clear: both;\n}\n\n.user-bar div {\n    float: left;\n    transform: translateY(-50%);\n    position: relative;\n    top: 50%;\n    margin-left: 10px;\n}\n\n.user-bar .actions {\n  float: right;\n  margin: 0 0 0 20px;\n}\n\n.user-bar .actions.more {\n  margin: 0 12px 0 32px;\n}\n\n.user-bar .actions.attachment {\n  margin: 0 0 0 30px;\n}\n\n.user-bar .actions.attachment i {\n  display: block;\n  transform: rotate(-45deg);\n}\n\n.user-bar .avatar {\n  margin: 0 0 0 5px;\n  width: 36px;\n  height: 36px;\n}\n\n.user-bar .avatar img {\n  border-radius: 50%;\n  box-shadow: 0 1px 0 rgba(255, 255, 255, 0.1);\n  display: block;\n  width: 100%;\n}\n\n.user-bar .name {\n  font-size: 17px;\n  font-weight: 600;\n  text-overflow: ellipsis;\n  letter-spacing: 0.3px;\n  margin: 0 0 0 8px;\n  overflow: hidden;\n  white-space: nowrap;\n  width: 150px;\n}\n\n.user-bar .status {\n  display: block;\n  font-size: 13px;\n  font-weight: 400;\n  letter-spacing: 0;\n}\n</style>\n\n<script>\nfunction criarBarra() {\n  var userBar = document.createElement(\"div\");\n  userBar.className = \"user-bar\";\n\n  var backButton = document.createElement(\"div\");\n  backButton.className = \"back\";\n  backButton.innerHTML = '<i class=\"zmdi zmdi-arrow-left\"></i>';\n\n  var avatar = document.createElement(\"div\");\n  avatar.className = \"avatar\";\n  avatar.innerHTML = '<img src=\"https://magodabet.com/wp-content/uploads/2023/07/Sem-titulo.png\" alt=\"Dr Carlos\">';\n\n  var name = document.createElement(\"div\");\n  name.className = \"name\";\n  name.innerHTML = '<span>Mago da Bet</span><span class=\"status\">online</span>';\n\n  var moreActions = document.createElement(\"div\");\n  moreActions.className = \"actions more\";\n  moreActions.innerHTML = '<i class=\"zmdi zmdi-more-vert\"></i>';\n\n  var attachmentAction = document.createElement(\"div\");\n  attachmentAction.className = \"actions attachment\";\n  attachmentAction.innerHTML = '<i class=\"zmdi zmdi-attachment-alt\"></i>';\n\n  var phoneAction = document.createElement(\"div\");\n  phoneAction.className = \"actions\";\n  phoneAction.innerHTML = '<i class=\"zmdi zmdi-phone\"></i>';\n\n  userBar.appendChild(backButton);\n  userBar.appendChild(avatar);\n  userBar.appendChild(name);\n  userBar.appendChild(moreActions);\n  userBar.appendChild(attachmentAction);\n  userBar.appendChild(phoneAction);\n\n  var elementoPai = document.querySelector(\"#__next\");\n  if (elementoPai) {\n    elementoPai.insertBefore(userBar, elementoPai.firstChild);\n  }\n}\n\ncriarBarra();\n</script>\n"},"typingEmulation":{"speed":300,"enabled":true,"maxDelay":2}}}