{"id":"clkt525hq005fms0f2lhfou7f","version":"3","groups":[{"id":"t8zr1pv8v1ro57zmh7zkgoz8","title":"Start","blocks":[{"id":"22HP69iipkLjJDTUcc1AWW","type":"start","label":"Start","groupId":"t8zr1pv8v1ro57zmh7zkgoz8","outgoingEdgeId":"wwjbeadtf2vmc0gbqg7ix3s0"}],"graphCoordinates":{"x":-99.2,"y":-23.2}},{"id":"zkciaozmirj4eb8t37ovuu4l","title":"Entrou no funil","blocks":[{"id":"sgtE2Sy7cKykac9B223Kq9R","type":"text","content":{"richText":[{"type":"p","children":[{"text":"Opa, me chamo Guilherme Vieta, tudo bem com você?\n"}]}]},"groupId":"zkciaozmirj4eb8t37ovuu4l"},{"id":"m9sfqchi6p6vteluwr7vrbef","type":"Wait","groupId":"zkciaozmirj4eb8t37ovuu4l","options":{"secondsToWaitFor":"2"}},{"id":"sjxheqoqbipft1k77kjpuc0u","type":"text","content":{"richText":[{"type":"p","children":[{"text":"Parece que você deu sorte! 🍀"}]}]},"groupId":"zkciaozmirj4eb8t37ovuu4l"},{"id":"ymi6x3tymvim37xxdigu9iht","type":"Wait","groupId":"zkciaozmirj4eb8t37ovuu4l","options":{"secondsToWaitFor":"2"}},{"id":"d5qqodwpt3i6xpwl8jlgz1sv","type":"text","content":{"richText":[{"type":"p","children":[{"text":"Tenho "},{"bold":true,"text":"somente mais 2 acessos GRÁTIS "},{"text":"ao meu aplicativo que tá colocando muito dinheiro no meu bolso! 🤑"}]}]},"groupId":"zkciaozmirj4eb8t37ovuu4l"},{"id":"sypqly1gj1o0zo19vv3lsh9z","type":"Wait","groupId":"zkciaozmirj4eb8t37ovuu4l","options":{"secondsToWaitFor":"2"}},{"id":"osgwfaw7tpw3cpe3y9rzdxlv","type":"text","content":{"richText":[{"type":"p","children":[{"text":"Esse aplicativo revolucionário me levou para a primeira página do jornal."}]}]},"groupId":"zkciaozmirj4eb8t37ovuu4l"},{"id":"rbsw1k15iudo70h829quo65s","type":"image","content":{"url":"https://s3.fr-par.scw.cloud/typebot/public/typebots/ucbowe3az3isszhbecx7w9nw/blocks/yx0qz84i9ql8g608dyuozz4b?v=1689909072636"},"groupId":"zkciaozmirj4eb8t37ovuu4l"},{"id":"ftv4pqm8t8afk2e26xzgr0u8","type":"Wait","groupId":"zkciaozmirj4eb8t37ovuu4l","options":{"secondsToWaitFor":"2"}},{"id":"nvliv9ji3v10008jhoa5mgvg","type":"text","content":{"richText":[{"type":"p","children":[{"text":"Vou liberar uma das "},{"bold":true,"text":"2 vagas totalmente grátis pra você..."}]}]},"groupId":"zkciaozmirj4eb8t37ovuu4l"},{"id":"jysr34cg52lzixlf1bha7tvk","type":"Wait","groupId":"zkciaozmirj4eb8t37ovuu4l","options":{"secondsToWaitFor":"2"}},{"id":"hu2c6fpo1trpreulkq0e9m3n","type":"text","content":{"richText":[{"type":"p","children":[{"text":"Mas você tem que "},{"bold":true,"text":"agir rapido"},{"text":" antes que outra pessoa pegue sua vaga..."}]}]},"groupId":"zkciaozmirj4eb8t37ovuu4l"},{"id":"h0s3u0tv25jig4h7vvaw2t9v","type":"Wait","groupId":"zkciaozmirj4eb8t37ovuu4l","options":{"secondsToWaitFor":"2"}},{"id":"bae3mhb8s0zgp1thtu7qhax4","type":"text","content":{"richText":[{"type":"p","children":[{"bold":true,"text":"Olha como o APP funciona: "},{"text":"👇"}]}]},"groupId":"zkciaozmirj4eb8t37ovuu4l"},{"id":"o6dscngfjrjqgab1fl6jrolk","type":"embed","content":{"url":"https://scripts.converteai.net/980e898d-77cb-4881-9c24-476737139121/players/64b6b5d6c720b5000a447b95/embed.html","height":600},"groupId":"zkciaozmirj4eb8t37ovuu4l"},{"id":"i9ag7jb40pslzxflk7u6dprp","type":"Wait","groupId":"zkciaozmirj4eb8t37ovuu4l","options":{"secondsToWaitFor":"80"}},{"id":"sextymi6srraebcdh8ws6fp8","type":"text","content":{"richText":[{"type":"p","children":[{"text":"E como eu só quero pessoas comprometidas dentro da comunidade, me responde uma coisa:"},{"bold":true,"text":" "},{"text":"👇"}]}]},"groupId":"zkciaozmirj4eb8t37ovuu4l"},{"id":"xo32m885wa472pv6oeqndc85","type":"Wait","groupId":"zkciaozmirj4eb8t37ovuu4l","options":{"secondsToWaitFor":"2"}},{"id":"pzyw7h1jrhlq8wm3f2cm6nhh","type":"text","content":{"richText":[{"type":"p","children":[{"bold":true,"text":"Você tem disponível 20 reais pra começar a jogar e multiplicar seu dinheiro? "}]}]},"groupId":"zkciaozmirj4eb8t37ovuu4l"},{"id":"zj9ttdz1ownl5moglnvyz9op","type":"Wait","groupId":"zkciaozmirj4eb8t37ovuu4l","options":{"secondsToWaitFor":"2"}},{"id":"te3yqr90mkm22cp6dj5feivx","type":"choice input","items":[{"id":"mdgs7038bevhm0of5hszw8u1","type":0,"blockId":"te3yqr90mkm22cp6dj5feivx","content":"Tenho 20 reais","outgoingEdgeId":"no8c1zwhv8h1rzhwi43s9k1b"},{"id":"vn0gf51c2v9cyliw7raujyhl","type":0,"blockId":"te3yqr90mkm22cp6dj5feivx","content":"Tenho mais que 20 reais","outgoingEdgeId":"kyzd1n8q25mxr50uklq9d0by"},{"id":"cl9jyd3gk2p0ju9cislool0j","type":0,"blockId":"te3yqr90mkm22cp6dj5feivx","content":"Não tenho dinheiro","outgoingEdgeId":"etkenfisgz2dsbm5qy3vpqct"}],"groupId":"zkciaozmirj4eb8t37ovuu4l","options":{"buttonLabel":"Send","isSearchable":false,"isMultipleChoice":false,"searchInputPlaceholder":"Filter the options..."}},{"id":"fcxz2tjjvwam1reb670lvpi5","type":"Wait","groupId":"zkciaozmirj4eb8t37ovuu4l","options":{"secondsToWaitFor":"2"}}],"graphCoordinates":{"x":319.6,"y":-85.4}},{"id":"pua15wg6oyuikng3bsdjrfvd","title":"Diz que não tem $","blocks":[{"id":"su7HceVXWyTCzi2vv3m4QbK","type":"text","content":{"richText":[{"type":"p","children":[{"bold":true,"text":"Então não perde seu tempo... "}]},{"type":"p","children":[{"text":""}]},{"type":"p","children":[{"text":"Pra você jogar e ganhar dinheiro, precisa investir pelo menos 20 reais na sua própria banca... que podem virar 200 reais em 1 dia. "}]},{"type":"p","children":[{"text":""}]},{"type":"p","children":[{"text":"Esse dinheiro é 100% seu, não meu..."}]}]},"groupId":"pua15wg6oyuikng3bsdjrfvd"},{"id":"pocmh797mozvrfx0rp9s9f1f","type":"Wait","groupId":"pua15wg6oyuikng3bsdjrfvd","options":{"secondsToWaitFor":"2"}},{"id":"w4nio6rzhm59425l3qt4bm4y","type":"text","content":{"richText":[{"type":"p","children":[{"text":"Agora, se mudar de ideia, clica no botão abaixo: 👇"}]}]},"groupId":"pua15wg6oyuikng3bsdjrfvd"},{"id":"i8ue4f8epre9zxpe465od2ey","type":"Wait","groupId":"pua15wg6oyuikng3bsdjrfvd","options":{"secondsToWaitFor":"2"}},{"id":"ingzl1r90b2wq66s0o5t2rp4","type":"choice input","items":[{"id":"z06aon33uobr7j80i29r216b","type":0,"blockId":"ingzl1r90b2wq66s0o5t2rp4","content":"SIM, MUDEI DE IDEIA","outgoingEdgeId":"bjqgetbg49ly4p92c3ao3p1a"},{"id":"zx152xzusxply0fo6sqfl5id","type":0,"blockId":"ingzl1r90b2wq66s0o5t2rp4","content":"Não tenho dinheiro mesmo","outgoingEdgeId":"docjzf5or8p7bcjkymvm1d19"}],"groupId":"pua15wg6oyuikng3bsdjrfvd","options":{"buttonLabel":"Send","isSearchable":false,"isMultipleChoice":false,"searchInputPlaceholder":"Filter the options..."}}],"graphCoordinates":{"x":1313.24,"y":2133.14}},{"id":"tj7q9kbag27jeee4igytrzf7","title":"RECEBEU ACESSO","blocks":[{"id":"a5pwy7rlcf638pe4gyny0779","type":"text","content":{"richText":[{"type":"p","children":[{"bold":true,"text":"Ótimo, então vou liberar o acesso ao aplicativo 100% grátis!"}]}]},"groupId":"tj7q9kbag27jeee4igytrzf7"},{"id":"kl2kdflwps68s7u89v0ookut","type":"Wait","groupId":"tj7q9kbag27jeee4igytrzf7","options":{"secondsToWaitFor":"2"}},{"id":"iftady2hg9deoaxryoljg6ib","type":"text","content":{"richText":[{"type":"p","children":[{"bold":true,"text":"Clica no link abaixo para acessar AGORA!"}]}]},"groupId":"tj7q9kbag27jeee4igytrzf7"},{"id":"hjc8cpmbopv99bvgyubji60j","type":"Wait","groupId":"tj7q9kbag27jeee4igytrzf7","options":{"secondsToWaitFor":"2"}},{"id":"brpeot53ghhuefr77mkevlhf","type":"text","content":{"richText":[{"type":"p","children":[{"text":""},{"url":"https://bit.ly/CODIGOSTECH","type":"a","children":[{"text":"https://bit.ly/CODIGOSTECH"}]},{"text":""}]},{"type":"p","children":[{"text":""},{"url":"https://bit.ly/CODIGOSTECH","type":"a","children":[{"text":"https://bit.ly/CODIGOSTECH"}]},{"text":""}]},{"type":"p","children":[{"text":""},{"url":"https://bit.ly/CODIGOSTECH","type":"a","children":[{"text":"https://bit.ly/CODIGOSTECH"}]},{"text":""}]}]},"groupId":"tj7q9kbag27jeee4igytrzf7"},{"id":"j3q67tikntulvlcdz054dfgh","type":"text","content":{"richText":[{"type":"p","children":[{"text":"É só colocar o seu E-MAIL e entrar direto"}]}]},"groupId":"tj7q9kbag27jeee4igytrzf7"},{"id":"bvsdkgwkdw7r6dp8ipzhzkwi","type":"Wait","groupId":"tj7q9kbag27jeee4igytrzf7","options":{"secondsToWaitFor":"3"}},{"id":"mu7b9ggftlj9ljx4o6sr9sct","type":"Redirect","groupId":"tj7q9kbag27jeee4igytrzf7","options":{"url":"https://codigos.tech","isNewTab":false}}],"graphCoordinates":{"x":1297.13,"y":1279.8}},{"id":"aejps49lyb1sgtdrsd1duku7","title":"Proposta Indecente","blocks":[{"id":"ppcfkmc6hiuq79hxencupzyc","type":"text","content":{"richText":[{"type":"p","children":[{"text":"Então vou te dar uma ideia pra levantar uma grana:"}]}]},"groupId":"aejps49lyb1sgtdrsd1duku7"},{"id":"i20i05dbdgrc3evx6kd40ts9","type":"Wait","groupId":"aejps49lyb1sgtdrsd1duku7","options":{"secondsToWaitFor":"2"}},{"id":"vvpn7zecbb81x6v3jgk6ggna","type":"text","content":{"richText":[{"type":"p","children":[{"text":"Eu te mando o link do APP, você guarda, oferece para algum amigo ou amiga sua por 20 reais..."}]}]},"groupId":"aejps49lyb1sgtdrsd1duku7"},{"id":"ql6oyx3cxf7b2s1soz8kc9ed","type":"Wait","groupId":"aejps49lyb1sgtdrsd1duku7","options":{"secondsToWaitFor":"2"}},{"id":"bmut1ehnscz821kit7deblvp","type":"text","content":{"richText":[{"type":"p","children":[{"text":"Ai ela te paga, você já vai ter uma grana pra investir e transformar 20 reais em 100 reais facilmente!"}]}]},"groupId":"aejps49lyb1sgtdrsd1duku7"},{"id":"t6u0dy2mhyc4c8dnumdd5vol","type":"Wait","groupId":"aejps49lyb1sgtdrsd1duku7","options":{"secondsToWaitFor":"2"}},{"id":"a4aulnxlx3sf56jm6zely75w","type":"text","content":{"richText":[{"type":"p","children":[{"text":"Topa fazer isso?"}]}]},"groupId":"aejps49lyb1sgtdrsd1duku7"},{"id":"l84hw8n1qbng1fbd2zm0m0u3","type":"choice input","items":[{"id":"gi5a8cx0j3cqn2p20yatxi64","type":0,"blockId":"l84hw8n1qbng1fbd2zm0m0u3","content":"SIM, ME MANDA O LINK!","outgoingEdgeId":"kkbyrzxxsjqfvyglvoccwf1z"},{"id":"mmplnoze3b9g6yzwvun027q8","type":0,"blockId":"l84hw8n1qbng1fbd2zm0m0u3","content":"Prefiro continuar pobre...","outgoingEdgeId":"so9kr5v1osvtoevvt1kolrpy"}],"groupId":"aejps49lyb1sgtdrsd1duku7","options":{"buttonLabel":"Send","isSearchable":false,"isMultipleChoice":false,"searchInputPlaceholder":"Filter the options..."}}],"graphCoordinates":{"x":848.63,"y":2133.79}},{"id":"m0gxzl2qmoxt9jhiy1djr1nt","title":"Não aceitou","blocks":[{"id":"ou81qkazd2lrbqxw3qce3mt8","type":"text","content":{"richText":[{"type":"p","children":[{"text":"Ok, desejo melhoras! 🙏"}]}]},"groupId":"m0gxzl2qmoxt9jhiy1djr1nt"}],"graphCoordinates":{"x":1682.63,"y":2144.63}}],"variables":[{"id":"giiLFGw5xXBCHzvp1qAbdX","name":"Name"},{"id":"v3VFChNVSCXQ2rXv4DrJ8Ah","name":"Email"},{"id":"vsdroha0mlfymy0kon4jt3jdc","name":"PHOTO"},{"id":"vygoiuwy6lt5umyc9w7wpruy0","name":"Fotos"},{"id":"vw40bwhta52ag6ax2szry0zlq","name":"click_id"},{"id":"vnb913c6162pojg0lmdi6wo5r","name":"pixel_id"},{"id":"vvkplslfuvuwwz92ri8tazlp5","name":"ks_px_test"},{"id":"vc9guc17fw8h1zz2btckylht9","name":"kwai_callback_url"},{"id":"vv0q2fojcribemg5zlnkxgqe1","name":"kwai_click_id"},{"id":"vqnga5m09xoenr5876oesqf9x","name":"kwai_pixel_id"},{"id":"ve8p2jd522ls20d3fxf7qww3j","name":"testFlag"},{"id":"vms2fwleenrmkulo7e3vpoi2k","name":"mmpcode"},{"id":"vhcf8arv86ol2pxr6elgbiwsi","name":"pixelSdkVersion"},{"id":"vt7apzt810onj65i3038o8wyo","name":"trackFlag"},{"id":"vnxqu600wzxoq705zs31xyj5w","name":"utm_source"},{"id":"vj1tkw42f2l936o10rrukcu5o","name":"utm_medium"},{"id":"veotkh7pdhbuw2of0ru0kjjhg","name":"Phone"}],"edges":[{"id":"wwjbeadtf2vmc0gbqg7ix3s0","to":{"groupId":"zkciaozmirj4eb8t37ovuu4l"},"from":{"blockId":"22HP69iipkLjJDTUcc1AWW","groupId":"t8zr1pv8v1ro57zmh7zkgoz8"}},{"id":"no8c1zwhv8h1rzhwi43s9k1b","to":{"groupId":"tj7q9kbag27jeee4igytrzf7"},"from":{"itemId":"mdgs7038bevhm0of5hszw8u1","blockId":"te3yqr90mkm22cp6dj5feivx","groupId":"zkciaozmirj4eb8t37ovuu4l"}},{"id":"kyzd1n8q25mxr50uklq9d0by","to":{"groupId":"tj7q9kbag27jeee4igytrzf7"},"from":{"itemId":"vn0gf51c2v9cyliw7raujyhl","blockId":"te3yqr90mkm22cp6dj5feivx","groupId":"zkciaozmirj4eb8t37ovuu4l"}},{"id":"kkbyrzxxsjqfvyglvoccwf1z","to":{"groupId":"tj7q9kbag27jeee4igytrzf7"},"from":{"itemId":"gi5a8cx0j3cqn2p20yatxi64","blockId":"l84hw8n1qbng1fbd2zm0m0u3","groupId":"aejps49lyb1sgtdrsd1duku7"}},{"id":"etkenfisgz2dsbm5qy3vpqct","to":{"groupId":"aejps49lyb1sgtdrsd1duku7"},"from":{"itemId":"cl9jyd3gk2p0ju9cislool0j","blockId":"te3yqr90mkm22cp6dj5feivx","groupId":"zkciaozmirj4eb8t37ovuu4l"}},{"id":"so9kr5v1osvtoevvt1kolrpy","to":{"groupId":"pua15wg6oyuikng3bsdjrfvd"},"from":{"itemId":"mmplnoze3b9g6yzwvun027q8","blockId":"l84hw8n1qbng1fbd2zm0m0u3","groupId":"aejps49lyb1sgtdrsd1duku7"}},{"id":"docjzf5or8p7bcjkymvm1d19","to":{"groupId":"m0gxzl2qmoxt9jhiy1djr1nt"},"from":{"itemId":"zx152xzusxply0fo6sqfl5id","blockId":"ingzl1r90b2wq66s0o5t2rp4","groupId":"pua15wg6oyuikng3bsdjrfvd"}},{"id":"bjqgetbg49ly4p92c3ao3p1a","to":{"groupId":"tj7q9kbag27jeee4igytrzf7"},"from":{"itemId":"z06aon33uobr7j80i29r216b","blockId":"ingzl1r90b2wq66s0o5t2rp4","groupId":"pua15wg6oyuikng3bsdjrfvd"}}],"theme":{"chat":{"inputs":{"color":"#000000","backgroundColor":"#FFFFFF","placeholderColor":"#28292a"},"buttons":{"color":"#FFFFFF","backgroundColor":"#128C7E"},"roundness":"medium","hostAvatar":{"url":"https://s3.us-east-1.amazonaws.com/hacklead/public/typebots/pb7j8boyem15pu8jt0hib1z8/hostAvatar?v=1689640483732","isEnabled":true},"guestAvatar":{"url":"https://s3.fr-par.scw.cloud/typebot/public/typebots/cli88mae30010mh0f0yzjqn48/guestAvatar?v=1685330799682","isEnabled":false},"hostBubbles":{"color":"#303235","backgroundColor":"#FFFFFF"},"guestBubbles":{"color":"#303235","backgroundColor":"#e1ffc7"}},"general":{"font":"Open Sans","background":{"type":"Image","content":"https://s3.fr-par.scw.cloud/typebot/public/typebots/cli88mae30010mh0f0yzjqn48/background?v=1685470080750"}},"customCss":".typebot-chat-view > .flex:first-child {\n    padding-top: 30px;\n}\n\n.typebot-input {\n    position: fixed;\n    bottom: 0;\n    align-items: center;\n    z-index: 999;\n    right: 0;\n}\n\n.typebot-input .typebot-button {\n    background: #008a7c;\n    border-radius: 50%;\n    color: #fff;\n    position: relative;\n    width: 50px;\n    height: 50px;\n    display: flex;\n    align-items: center;\n    justify-content: center;\n}\n\n.typebot-container {\n    background-size: initial!important;\n    background-repeat: repeat-x!important;\n}\n\n.typebot-host-bubble>.bubble-typing {\n  border-radius: 0 5px 5px 5px;\n}\n\n.typebot-host-bubble>.bubble-typing:after {\n    position: absolute;\n    content: \"\";\n    width: 0;\n    height: 0;\n    border-style: solid;\n    border-width: 0px 10px 10px 0;\n    border-color: transparent #fff transparent transparent;\n    top: 0;\n    left: -10px;\n}\n\n.typebot-guest-bubble {\n  position: relative;\n  border-radius: 5px 0 5px 5px;\n}\n\n.typebot-guest-bubble:after {\n  position: absolute;\n  content: \"\";\n  width: 0;\n  height: 0;\n  border-style: solid;\n}\n\n.typebot-guest-bubble:after {\n    border-width: 0px 0 10px 10px;\n    border-color: transparent transparent transparent #e1ffc7;\n    top: 0;\n    right: -10px;\n    border-style: solid;\n}\n\niframe[src=\"\"] {\n  position: fixed;\n  top: 0;\n  left: 0;\n  display: relative;\n  width: 100%;\n  height: 100% !important;\n  z-index: 999999;\n  border: none;\n  padding: 0;\n  margin: 0;\n}\n\na#lite-badge {\n  display: none!important;\n}"},"settings":{"general":{"isBrandingEnabled":false,"isInputPrefillEnabled":false,"isResultSavingEnabled":true,"isHideQueryParamsEnabled":false,"isNewResultOnRefreshEnabled":true},"metadata":{"title":"(1)WhatsApp Web","imageUrl":"https://s3.fr-par.scw.cloud/typebot/public/typebots/r84jdu7bjz19lcijs97fohsc/ogImage?v=1687632342887","favIconUrl":"https://play-lh.googleusercontent.com/bYtqbOcTYOlgc6gqZ2rwb8lptHuwlNE75zYJu6Bn076-hTmvd96HH-6v7S0YUAAJXoJN","description":"Fale com o Matheus Leão e obtenha o Gerador","customHeadCode":"<!-- Meta Pixel Code -->\n<script>\n!function(f,b,e,v,n,t,s)\n{if(f.fbq)return;n=f.fbq=function(){n.callMethod?\nn.callMethod.apply(n,arguments):n.queue.push(arguments)};\nif(!f._fbq)f._fbq=n;n.push=n;n.loaded=!0;n.version='2.0';\nn.queue=[];t=b.createElement(e);t.async=!0;\nt.src=v;s=b.getElementsByTagName(e)[0];\ns.parentNode.insertBefore(t,s)}(window, document,'script',\n'https://connect.facebook.net/en_US/fbevents.js');\nfbq('init', '831251608155174');\nfbq('track', 'PageView');\n</script>\n<noscript><img height=\"1\" width=\"1\" style=\"display:none\"\nsrc=\"https://www.facebook.com/tr?id=831251608155174&ev=PageView&noscript=1\"\n/></noscript>\n<!-- End Meta Pixel Code -->\n<link rel=\"stylesheet\" href=\"https://cdnjs.cloudflare.com/ajax/libs/material-design-iconic-font/2.2.0/css/material-design-iconic-font.min.css\">\n<style>\n  .hide {\n    display: none!important;\n  }\n  typebot-standard {\n    position: relative;\n    z-index: 9999;\n  }\n  #__next {\n    position: relative;\n    z-index: 9999;\n}\n  /* User Bar */\n.user-bar {\n  width: 100%;\n  height: 55px;\n  background: #005e54;\n  color: #fff;\n  padding: 0;\n  font-size: 24px;\n  position: fixed;\n  z-index: 99999;\n  display: block;\n  top: 0;\n}\n\n.user-bar:after {\n  content: \"\";\n  display: table;\n  clear: both;\n}\n\n.user-bar div {\n    float: left;\n    transform: translateY(-50%);\n    position: relative;\n    top: 50%;\n    margin-left: 10px;\n}\n\n.user-bar .actions {\n  float: right;\n  margin: 0 0 0 20px;\n}\n\n.user-bar .actions.more {\n  margin: 0 12px 0 32px;\n}\n\n.user-bar .actions.attachment {\n  margin: 0 0 0 30px;\n}\n\n.user-bar .actions.attachment i {\n  display: block;\n  transform: rotate(-45deg);\n}\n\n.user-bar .avatar {\n  margin: 0 0 0 5px;\n  width: 36px;\n  height: 36px;\n}\n\n.user-bar .avatar img {\n  border-radius: 50%;\n  box-shadow: 0 1px 0 rgba(255, 255, 255, 0.1);\n  display: block;\n  width: 100%;\n}\n\n.user-bar .name {\n  font-size: 17px;\n  font-weight: 600;\n  text-overflow: ellipsis;\n  letter-spacing: 0.3px;\n  margin: 0 0 0 8px;\n  overflow: hidden;\n  white-space: nowrap;\n  width: 150px;\n}\n\n.user-bar .status {\n  display: block;\n  font-size: 13px;\n  font-weight: 400;\n  letter-spacing: 0;\n}\n</style>\n\n<script>\nfunction criarBarra() {\n  var userBar = document.createElement(\"div\");\n  userBar.className = \"user-bar\";\n\n  var backButton = document.createElement(\"div\");\n  backButton.className = \"back\";\n  backButton.innerHTML = '<i class=\"zmdi zmdi-arrow-left\"></i>';\n\n  var avatar = document.createElement(\"div\");\n  avatar.className = \"avatar\";\n  avatar.innerHTML = '<img src=\"https://s3.fr-par.scw.cloud/typebot/public/typebots/ucbowe3az3isszhbecx7w9nw/hostAvatar?v=1689738731321\" alt=\"Guilherme Vieta\">';\n\n  var name = document.createElement(\"div\");\n  name.className = \"name\";\n  name.innerHTML = '<span>Guilherme Vieta</span><span class=\"status\">digitando...</span>';\n\n  var moreActions = document.createElement(\"div\");\n  moreActions.className = \"actions more\";\n  moreActions.innerHTML = '<i class=\"zmdi zmdi-more-vert\"></i>';\n\n  var attachmentAction = document.createElement(\"div\");\n  attachmentAction.className = \"actions attachment\";\n  attachmentAction.innerHTML = '<i class=\"zmdi zmdi-attachment-alt\"></i>';\n\n  var phoneAction = document.createElement(\"div\");\n  phoneAction.className = \"actions\";\n  phoneAction.innerHTML = '<i class=\"zmdi zmdi-phone\"></i>';\n\n  userBar.appendChild(backButton);\n  userBar.appendChild(avatar);\n  userBar.appendChild(name);\n  userBar.appendChild(moreActions);\n  userBar.appendChild(attachmentAction);\n  userBar.appendChild(phoneAction);\n\n  var elementoPai = document.querySelector(\"#__next\");\n  if (elementoPai) {\n    elementoPai.insertBefore(userBar, elementoPai.firstChild);\n  }\n}\n\ncriarBarra();\n</script>"},"typingEmulation":{"speed":350,"enabled":true,"maxDelay":1.5}}}