{"id":"clkh15irt006gl50fu9xq8yyj","version":"3","groups":[{"id":"m9q1u050vkz51n2au2t5bf62","title":"Start","blocks":[{"id":"cx5iel8jxfo4caorf8rnjiw0","type":"start","label":"Start","groupId":"m9q1u050vkz51n2au2t5bf62","outgoingEdgeId":"fx0e9x9rqq2kzyyoshhimrry"}],"graphCoordinates":{"x":-1804.43,"y":-11.61}},{"id":"e1bu2oc7cpmrt3dbk8hfn50m","title":"","blocks":[{"id":"kl16bf94mpvm7ux0w9yhaksc","type":"text","content":{"richText":[{"type":"p","children":[{"bold":true,"text":"[VOCÊ"},{"text":" "},{"bold":true,"text":"FOI"},{"text":" "},{"bold":true,"text":"SELECIONADA]"}]},{"type":"p","children":[{"bold":true,"text":""}]},{"type":"p","children":[{"text":"ESSA "},{"bold":true,"text":"CONSULTA É","underline":true},{"text":" ","underline":true},{"bold":true,"text":"GRATUITA","underline":true},{"text":"!"}]}]},"groupId":"e1bu2oc7cpmrt3dbk8hfn50m"},{"id":"ojoiuqw11ol7mluihnpdkffy","type":"text","content":{"richText":[{"type":"p","children":[{"text":"Olá, meu nome é Dra. Ana Garibaldi"}]}]},"groupId":"e1bu2oc7cpmrt3dbk8hfn50m"},{"id":"qr9tmced90o0cuv0zrtjemkv","type":"Wait","groupId":"e1bu2oc7cpmrt3dbk8hfn50m","options":{"secondsToWaitFor":"2"}},{"id":"wdlsb95o1w63d95zov12nwly","type":"text","content":{"richText":[{"type":"p","children":[{"text":"Sou "},{"bold":true,"text":"especialista em varizes"},{"text":" e criadora do "},{"bold":true,"text":"método zero varizes"},{"text":" que você já deve ter visto na mídia…"}]}]},"groupId":"e1bu2oc7cpmrt3dbk8hfn50m"},{"id":"amfwk99rwrspc7o6hro0bv7v","type":"Wait","groupId":"e1bu2oc7cpmrt3dbk8hfn50m","options":{"secondsToWaitFor":"2"}},{"id":"g91i1t2tlt9qkl5dvxggin3o","type":"image","content":{"url":"https://s3.fr-par.scw.cloud/typebot/public/typebots/ixduwdb3exvl8we3n7zirlrh/blocks/g91i1t2tlt9qkl5dvxggin3o?v=1689271182305"},"groupId":"e1bu2oc7cpmrt3dbk8hfn50m"},{"id":"dbi2zwoddcnec8xrykof79b8","type":"Wait","groupId":"e1bu2oc7cpmrt3dbk8hfn50m","options":{"secondsToWaitFor":"3"}},{"id":"qgabe8bc82icxs4d0qnrazvx","type":"text","content":{"richText":[{"type":"p","children":[{"text":"Gostaria de participar do meu programa "},{"bold":true,"text":"GRATUITO"},{"text":" de "},{"bold":true,"text":"reversão de varizes"},{"text":"?"}]}]},"groupId":"e1bu2oc7cpmrt3dbk8hfn50m"},{"id":"c8zvdcs07rxg9q2yckyprsyn","type":"choice input","items":[{"id":"cigszfogy5e8w000i07vu0rl","type":0,"blockId":"c8zvdcs07rxg9q2yckyprsyn","content":"CLIQUE AQUI PARA SABER MAIS!"}],"groupId":"e1bu2oc7cpmrt3dbk8hfn50m","options":{"buttonLabel":"Send","isSearchable":false,"isMultipleChoice":false,"searchInputPlaceholder":"Filter the options..."},"outgoingEdgeId":"hymsdzpbf8l1xevgi29h4ujv"}],"graphCoordinates":{"x":-1433.92,"y":23.22}},{"id":"hncz11unyiwb9gevt3x3ds1p","title":"","blocks":[{"id":"c4c0ioneuf71jejh4dlbbtqf","type":"text","content":{"richText":[{"type":"p","children":[{"text":"Como eu te falei, o acompanhamento de 21 dias comigo e com a minha equipe é totalmente gratuito. Como você viu na reportagem da Globo, o meu objetivo é ajudar outras mulheres assim como você"}]}]},"groupId":"hncz11unyiwb9gevt3x3ds1p"},{"id":"prcq2hk38ld90zefdl6gww02","type":"Wait","groupId":"hncz11unyiwb9gevt3x3ds1p","options":{"secondsToWaitFor":"2"}},{"id":"k4efu3ihuewkgqrltk4yq7w2","type":"text","content":{"richText":[{"type":"p","children":[{"text":"O programa tem sido super concorrido, geralmente tem pouquíssimas vagas. Tanto por ser gratuito, como por gerar resultados incríveis..."}]}]},"groupId":"hncz11unyiwb9gevt3x3ds1p"},{"id":"n77t51ddgnxzlotk2k2jd2ox","type":"Wait","groupId":"hncz11unyiwb9gevt3x3ds1p","options":{"secondsToWaitFor":"2"}},{"id":"jd1677aais1o6tu1a4u93hla","type":"text","content":{"richText":[{"type":"p","children":[{"text":"Por ser um acompanhamento individual, eu não consigo abrir vagas para todo mundo."}]}]},"groupId":"hncz11unyiwb9gevt3x3ds1p"},{"id":"rfkgq6wzessbjef2h5d5fj5v","type":"Wait","groupId":"hncz11unyiwb9gevt3x3ds1p","options":{"secondsToWaitFor":"3"}},{"id":"fs2wqgnteelwyw6yo0gyx3fn","type":"text","content":{"richText":[{"type":"p","children":[{"text":"Por isso, para garantir a sua vaga, eu peço apenas pra você pagar uma taxa de inscrição simbólica. Essa pequena taxa que não cobre nem os custos serve apenas para sabermos que você está determinada em realizar o tratamento e evitar a inscrição de pessoas curiosas que vão apenas tirar a vaga de outras pessoas e ocupar nosso tempo."}]}]},"groupId":"hncz11unyiwb9gevt3x3ds1p"},{"id":"u2bo0kpr20pqogr7eqf2agye","type":"Wait","groupId":"hncz11unyiwb9gevt3x3ds1p","options":{"secondsToWaitFor":"3"}},{"id":"ysp87lvdw7sf6t9n091qg0mw","type":"text","content":{"richText":[{"type":"p","children":[{"text":"Como eu te falei, eu não tenho nenhuma intenção em lucrar com esse programa. O meu objetivo é te ajudar. Portanto, se você se inscrever e concluir o desafio, eu te devolvo a taxa de inscrição."}]}]},"groupId":"hncz11unyiwb9gevt3x3ds1p"},{"id":"stwato1q308yaskcq0ev2awd","type":"Wait","groupId":"hncz11unyiwb9gevt3x3ds1p","options":{"secondsToWaitFor":"4"}},{"id":"joqrj26lqgheb66nnzc5ih55","type":"text","content":{"richText":[{"type":"p","children":[{"text":"Restam "},{"bold":true,"text":"apenas 3 vagas"},{"text":" para participar do projeto. Eu posso reservar uma para você? "},{"bold":true,"text":"É só clicar no botão abaixo e finalizar sua inscrição."},{"text":" Assim que finalizar sua inscrição, minha equipe vai entrar em contato com você no whatsapp!"}]}]},"groupId":"hncz11unyiwb9gevt3x3ds1p"},{"id":"wqmi8c9wdmclhc8i9ohxdcv1","type":"Pixel","groupId":"hncz11unyiwb9gevt3x3ds1p","options":{"params":[],"pixelId":"600387045612941","eventType":"AddPaymentInfo"}},{"id":"kh3r34crjdndy1ewvnv7or71","type":"Pixel","groupId":"hncz11unyiwb9gevt3x3ds1p","options":{"name":"PZV_v1","params":[],"pixelId":"600387045612941","eventType":"Custom","isInitSkip":true}},{"id":"ksowcbx72l551ivc7q7w3zk5","type":"choice input","items":[{"id":"jdsas9np961u54ch4447ecp3","type":0,"blockId":"ksowcbx72l551ivc7q7w3zk5","content":"CLIQUE AQUI PARA PARTICIPAR!","outgoingEdgeId":"xsanzg1eyuf7roixac2ye075"}],"groupId":"hncz11unyiwb9gevt3x3ds1p","options":{"buttonLabel":"Send","isSearchable":false,"isMultipleChoice":false,"searchInputPlaceholder":"Filter the options..."}}],"graphCoordinates":{"x":120.55,"y":23.93}},{"id":"nkr2aufbeodlosq8ili1lf8e","title":"","blocks":[{"id":"j4sr7esuynskickbxu36v84p","type":"audio","content":{"url":"https://s3.fr-par.scw.cloud/typebot/public/typebots/qas87v7d77zlvfmzxj1vf03g/blocks/j4sr7esuynskickbxu36v84p?v=1690229872401"},"groupId":"nkr2aufbeodlosq8ili1lf8e"},{"id":"pjwwyh3r62qgm3418tzn3cbb","type":"Wait","groupId":"nkr2aufbeodlosq8ili1lf8e","options":{"secondsToWaitFor":"12"}},{"id":"m3or7qrbskbdwr8vo13bnm60","type":"audio","content":{"url":"https://s3.fr-par.scw.cloud/typebot/public/typebots/qas87v7d77zlvfmzxj1vf03g/blocks/m3or7qrbskbdwr8vo13bnm60?v=1690229901167"},"groupId":"nkr2aufbeodlosq8ili1lf8e"},{"id":"drwg145s2p8atn8g2snlfvku","type":"Wait","groupId":"nkr2aufbeodlosq8ili1lf8e","options":{"secondsToWaitFor":"9"}},{"id":"kwek7lardn5ekqlfaf4h91b8","type":"audio","content":{"url":"https://s3.fr-par.scw.cloud/typebot/public/typebots/qas87v7d77zlvfmzxj1vf03g/blocks/kwek7lardn5ekqlfaf4h91b8?v=1690323683538"},"groupId":"nkr2aufbeodlosq8ili1lf8e"},{"id":"ow3c2m9hm7wps7c55f39alr5","type":"Wait","groupId":"nkr2aufbeodlosq8ili1lf8e","options":{"secondsToWaitFor":"5"}},{"id":"ahcuvt3kx3uh1icji1o7q7gt","type":"audio","content":{"url":"https://s3.fr-par.scw.cloud/typebot/public/typebots/qas87v7d77zlvfmzxj1vf03g/blocks/ahcuvt3kx3uh1icji1o7q7gt?v=1690323831625"},"groupId":"nkr2aufbeodlosq8ili1lf8e"},{"id":"c8exu275wdgwl6i1wd7s527q","type":"Wait","groupId":"nkr2aufbeodlosq8ili1lf8e","options":{"secondsToWaitFor":"22"}},{"id":"zkmiox1a9227267tkvydllzs","type":"audio","content":{"url":"https://s3.fr-par.scw.cloud/typebot/public/typebots/qas87v7d77zlvfmzxj1vf03g/blocks/zkmiox1a9227267tkvydllzs?v=1690323889276"},"groupId":"nkr2aufbeodlosq8ili1lf8e"},{"id":"n0ong2p1j0qcyak3jfs41jjq","type":"Wait","groupId":"nkr2aufbeodlosq8ili1lf8e","options":{"secondsToWaitFor":"13"}},{"id":"jis7btrv6qef8wduoljal53o","type":"text","content":{"richText":[{"type":"p","children":[{"text":"Restam "},{"bold":true,"text":"apenas 3 vagas"},{"text":" para participar do projeto. Eu posso reservar uma para você? "},{"bold":true,"text":"É só clicar no botão abaixo e finalizar sua inscrição."},{"text":" Assim que finalizar sua inscrição, minha equipe vai entrar em contato com você no whatsapp!"}]}]},"groupId":"nkr2aufbeodlosq8ili1lf8e"},{"id":"cq01hf1vbpxy9zs49fuma6f0","type":"Pixel","groupId":"nkr2aufbeodlosq8ili1lf8e","options":{"params":[],"pixelId":"600387045612941","eventType":"AddPaymentInfo"}},{"id":"ri17ydh6r8rvwhr3evqk3e5v","type":"Pixel","groupId":"nkr2aufbeodlosq8ili1lf8e","options":{"name":"PZV_v2","params":[],"pixelId":"600387045612941","eventType":"Custom","isInitSkip":true}},{"id":"ltxtd0byiylb7krp7gk3jka8","type":"choice input","items":[{"id":"cbwl3pyn0ja16mgiulyio59t","type":0,"blockId":"ltxtd0byiylb7krp7gk3jka8","content":"CLIQUE AQUI PARA PARTICIPAR!","outgoingEdgeId":"dpte0zerwp7urf94jxcgyax8"}],"groupId":"nkr2aufbeodlosq8ili1lf8e","options":{"buttonLabel":"Send","isSearchable":false,"isMultipleChoice":false,"searchInputPlaceholder":"Filter the options..."}}],"graphCoordinates":{"x":-274.45,"y":2028.93}},{"id":"b0gk58f938osrh5c5q2yay8m","title":"","blocks":[{"id":"y644ziwuu3od6bdc9f306z0v","type":"Pixel","groupId":"b0gk58f938osrh5c5q2yay8m","options":{"params":[],"pixelId":"600387045612941","eventType":"Lead","isInitSkip":true}},{"id":"qxhdyp7zce3in4k4hozn96ij","type":"text","content":{"richText":[{"type":"p","children":[{"text":"Vou te explicar "},{"bold":true,"text":"como"},{"text":" "},{"bold":true,"text":"funciona"},{"text":"..."}]}]},"groupId":"b0gk58f938osrh5c5q2yay8m"},{"id":"tn2zoescgbr0qrouqo56920u","type":"Wait","groupId":"b0gk58f938osrh5c5q2yay8m","options":{"secondsToWaitFor":"3"}},{"id":"r5pgaeha76ngddujl60hty0o","type":"text","content":{"richText":[{"type":"p","children":[{"text":"Como cada paciente responde ao tratamento de uma forma, eu e minha equipe vamos criar um protocolo "},{"bold":true,"text":"específico "},{"text":"para você, de acordo com o seu perfil e necessidade."}]}]},"groupId":"b0gk58f938osrh5c5q2yay8m"},{"id":"ud1b4rjos3d0czl174bwar60","type":"Wait","groupId":"b0gk58f938osrh5c5q2yay8m","options":{"secondsToWaitFor":"4"}},{"id":"i1v2evlw478a5adecsjxscot","type":"text","content":{"richText":[{"type":"p","children":[{"text":"Durante 21 dias vamos fazer um "},{"bold":true,"text":"acompanhamento individual"},{"text":" no whatsapp, onde vamos te enviar diariamente um novo passo ou receita, que vai sendo elaborado "},{"bold":true,"text":"exclusivo para você"},{"text":"."}]}]},"groupId":"b0gk58f938osrh5c5q2yay8m"},{"id":"urfjkd58u1h1qt8rx8etsdv0","type":"Wait","groupId":"b0gk58f938osrh5c5q2yay8m","options":{"secondsToWaitFor":"5"}},{"id":"bpd03vq24af43wjf37u5c24q","type":"text","content":{"richText":[{"type":"p","children":[{"text":"(Esse é um dos motivos pelos quais nosso tratamento funciona tão bem e as receitas que você vê na internet não, pois ao invés de te passar algo genérico, nós "},{"bold":true,"text":"analisamos seu caso cuidadosamente"},{"text":" e elaboramos um "},{"bold":true,"text":"plano personalizado só para você!)"}]}]},"groupId":"b0gk58f938osrh5c5q2yay8m"},{"id":"h08mdvasimtc3wwg7l8bz7b2","type":"Wait","groupId":"b0gk58f938osrh5c5q2yay8m","options":{"secondsToWaitFor":"4"}},{"id":"vex62yws1br5kqkz8t0aaod0","type":"text","content":{"richText":[{"type":"p","children":[{"text":"Além disso, também vamos te enviar a famosa "},{"bold":true,"text":"receita secreta"},{"text":" da casca de laranja que reverte as "},{"bold":true,"text":"varizes"},{"text":" em "},{"bold":true,"text":"até 93%"},{"text":" e também o "},{"bold":true,"text":"guia de massagem"},{"text":" que você deve fazer na perna de manhã."}]}]},"groupId":"b0gk58f938osrh5c5q2yay8m"},{"id":"p8lgbx168xhylcmfdc3s5ctj","type":"Wait","groupId":"b0gk58f938osrh5c5q2yay8m","options":{"secondsToWaitFor":"3"}},{"id":"h1j9r3ix9c5n0c7odrdxbvl8","type":"text","content":{"richText":[{"type":"p","children":[{"text":"Vamos iniciar seu "},{"bold":true,"text":"tratamento gratuito?"}]}]},"groupId":"b0gk58f938osrh5c5q2yay8m"},{"id":"fcdd8gqcum3fd98jyd6dn7yp","type":"choice input","items":[{"id":"lqgxnbtm3ikdyxs28cqk1qr1","type":0,"blockId":"fcdd8gqcum3fd98jyd6dn7yp","content":"SIM! TENHO INTERESSE","outgoingEdgeId":"p21mppknteqxd5lxowubft2a"}],"groupId":"b0gk58f938osrh5c5q2yay8m","options":{"buttonLabel":"Send","isSearchable":false,"isMultipleChoice":false,"searchInputPlaceholder":"Filter the options..."},"outgoingEdgeId":"x9unc7n91hl0d97dgx7e7owx"}],"graphCoordinates":{"x":-1064.51,"y":-144.6}},{"id":"jmp2c0ju9v7jocdlv8sywroe","title":"","blocks":[{"id":"zk83tu2o2k8qvmugvs1zqoh7","type":"Pixel","groupId":"jmp2c0ju9v7jocdlv8sywroe","options":{"params":[],"pixelId":"600387045612941","eventType":"Lead","isInitSkip":true}},{"id":"kqdsao330o5ppbgsdmn03nfu","type":"text","content":{"richText":[{"type":"p","children":[{"text":"Vou te explicar "},{"bold":true,"text":"como"},{"text":" "},{"bold":true,"text":"funciona"},{"text":"..."}]}]},"groupId":"jmp2c0ju9v7jocdlv8sywroe"},{"id":"etbbqwrvw66t4543n23xuf3k","type":"Wait","groupId":"jmp2c0ju9v7jocdlv8sywroe","options":{"secondsToWaitFor":"3"}},{"id":"sll3d7d3cojvnzf3o5e7jwhb","type":"audio","content":{"url":"https://s3.fr-par.scw.cloud/typebot/public/typebots/lxz5ccqinjt5t3hajwion1qq/blocks/sll3d7d3cojvnzf3o5e7jwhb?v=1689977152297"},"groupId":"jmp2c0ju9v7jocdlv8sywroe"},{"id":"vzzlbkbcfhzcwuwe1bh7758n","type":"Wait","groupId":"jmp2c0ju9v7jocdlv8sywroe","options":{"secondsToWaitFor":"4"}},{"id":"y7qbjnb62uwoal1yib8l6vtp","type":"audio","content":{"url":"https://s3.fr-par.scw.cloud/typebot/public/typebots/lxz5ccqinjt5t3hajwion1qq/blocks/y7qbjnb62uwoal1yib8l6vtp?v=1689977173757"},"groupId":"jmp2c0ju9v7jocdlv8sywroe"},{"id":"wttjanwge2cnn7mvcooyg42t","type":"Wait","groupId":"jmp2c0ju9v7jocdlv8sywroe","options":{"secondsToWaitFor":"5"}},{"id":"pj0p67b4owsi1setxj0n0zct","type":"audio","content":{"url":"https://s3.fr-par.scw.cloud/typebot/public/typebots/lxz5ccqinjt5t3hajwion1qq/blocks/pj0p67b4owsi1setxj0n0zct?v=1689977203639"},"groupId":"jmp2c0ju9v7jocdlv8sywroe"},{"id":"acczgxk2nedd1vf8w3s96ph3","type":"Wait","groupId":"jmp2c0ju9v7jocdlv8sywroe","options":{"secondsToWaitFor":"4"}},{"id":"kokg4ws19q0k0tyrj7det20k","type":"audio","content":{"url":"https://s3.fr-par.scw.cloud/typebot/public/typebots/lxz5ccqinjt5t3hajwion1qq/blocks/kokg4ws19q0k0tyrj7det20k?v=1689977220829"},"groupId":"jmp2c0ju9v7jocdlv8sywroe"},{"id":"frwk98901c0w0fywjuu4whsi","type":"Wait","groupId":"jmp2c0ju9v7jocdlv8sywroe","options":{"secondsToWaitFor":"3"}},{"id":"walibzam1rucwbjeq4gz6jv4","type":"text","content":{"richText":[{"type":"p","children":[{"text":"Vamos iniciar seu "},{"bold":true,"text":"tratamento gratuito?"}]}]},"groupId":"jmp2c0ju9v7jocdlv8sywroe"},{"id":"w1a1ja31klm3y7ir5t22ukyq","type":"choice input","items":[{"id":"piwhifnnsu24w5ozoqb122jy","type":0,"blockId":"w1a1ja31klm3y7ir5t22ukyq","content":"SIM! TENHO INTERESSE","outgoingEdgeId":"v8qezu8up3lvjlsv0loty8on"}],"groupId":"jmp2c0ju9v7jocdlv8sywroe","options":{"buttonLabel":"Send","isSearchable":false,"isMultipleChoice":false,"searchInputPlaceholder":"Filter the options..."},"outgoingEdgeId":"rb1234ngcaae3koz92wbydrp"}],"graphCoordinates":{"x":-1429.51,"y":1548.73}},{"id":"cknwph0luntuy7r7osgouzud","title":"","blocks":[{"id":"ryt53e0rz5nrpj0ust0d2k41","type":"text","content":{"richText":[{"type":"p","children":[{"text":"Ok! Peço que responda 3 perguntas para conhecermos melhor o seu caso..."}]}]},"groupId":"cknwph0luntuy7r7osgouzud"},{"id":"kwxb6tchwsai1nyjmb0ao8v1","type":"text","content":{"richText":[{"type":"p","children":[{"text":"Você sente dores nas pernas?"}]}]},"groupId":"cknwph0luntuy7r7osgouzud"},{"id":"t6j9glgr18768gh5c8cld7gn","type":"choice input","items":[{"id":"jlewaix2ksuecni6y6pfpev7","type":0,"blockId":"t6j9glgr18768gh5c8cld7gn","content":"SIM"},{"id":"gsj05khnyyr65h5x2qbjgti5","type":0,"blockId":"t6j9glgr18768gh5c8cld7gn","content":"NÃO"}],"groupId":"cknwph0luntuy7r7osgouzud","options":{"buttonLabel":"Send","isSearchable":false,"isMultipleChoice":false,"searchInputPlaceholder":"Filter the options..."},"outgoingEdgeId":"lx1ese1hkg86iqq3lxrgoy5f"}],"graphCoordinates":{"x":-663.93,"y":26.72}},{"id":"oa5d1ptbbk5dc51fe9wbjh6i","title":"","blocks":[{"id":"sz8gt0k7wwms82krlhjjghpk","type":"text","content":{"richText":[{"type":"p","children":[{"text":"Ok! Peço que responda 3 perguntas para conhecermos melhor o seu caso..."}]}]},"groupId":"oa5d1ptbbk5dc51fe9wbjh6i"},{"id":"f7vp8kbavwt96ml2enua1y2p","type":"text","content":{"richText":[{"type":"p","children":[{"text":"Você sente dores nas pernas?"}]}]},"groupId":"oa5d1ptbbk5dc51fe9wbjh6i"},{"id":"lu86lnntbrf975ecsmyw1h6c","type":"choice input","items":[{"id":"m220euci7ldvlmp2a1o7sw7s","type":0,"blockId":"lu86lnntbrf975ecsmyw1h6c","content":"SIM"},{"id":"t005omhkk0mc254e221jjs6z","type":0,"blockId":"lu86lnntbrf975ecsmyw1h6c","content":"NÃO"}],"groupId":"oa5d1ptbbk5dc51fe9wbjh6i","options":{"buttonLabel":"Send","isSearchable":false,"isMultipleChoice":false,"searchInputPlaceholder":"Filter the options..."},"outgoingEdgeId":"t5rnlfsy4qp2xdwowplpik93"}],"graphCoordinates":{"x":-1052.26,"y":1593.39}},{"id":"etagqzy948o4lqtd1f9e6a5y","title":"","blocks":[{"id":"yo8iwmdhn21nuhjjv8uuyejt","type":"Wait","groupId":"etagqzy948o4lqtd1f9e6a5y","options":{"secondsToWaitFor":"1"}},{"id":"s6ihws0xvn46azmq39mi8rlp","type":"text","content":{"richText":[{"type":"p","children":[{"text":"Você trabalha em pé durante muitas horas?"}]}]},"groupId":"etagqzy948o4lqtd1f9e6a5y"},{"id":"dfrtycu4392aswv5w27zzw9a","type":"choice input","items":[{"id":"j6unkb8esk0g47kk8frcx6dt","type":0,"blockId":"dfrtycu4392aswv5w27zzw9a","content":"SIM"},{"id":"zvj34ghqpo4mwud0lnedj9au","type":0,"blockId":"dfrtycu4392aswv5w27zzw9a","content":"NÃO"}],"groupId":"etagqzy948o4lqtd1f9e6a5y","options":{"buttonLabel":"Send","isSearchable":false,"isMultipleChoice":false,"searchInputPlaceholder":"Filter the options..."},"outgoingEdgeId":"byk3j7zsct39bx30jdg9w131"}],"graphCoordinates":{"x":-660.6,"y":507.55}},{"id":"vyyzysrynmnut0zxhg6ueqnx","title":"","blocks":[{"id":"y6q7n2z5vjnhv5hv7kr9i1zb","type":"Wait","groupId":"vyyzysrynmnut0zxhg6ueqnx","options":{"secondsToWaitFor":"1"}},{"id":"wq12rkjcinyd6zvlazgchkul","type":"text","content":{"richText":[{"type":"p","children":[{"text":"Você trabalha em pé durante muitas horas?"}]}]},"groupId":"vyyzysrynmnut0zxhg6ueqnx"},{"id":"ulk98czwqhm1n5gbnshf0kro","type":"choice input","items":[{"id":"fhw68vkcf1mh3gctcy8wl1hl","type":0,"blockId":"ulk98czwqhm1n5gbnshf0kro","content":"SIM"},{"id":"yhrjfcj7u7zijm0jyis5vuz1","type":0,"blockId":"ulk98czwqhm1n5gbnshf0kro","content":"NÃO"}],"groupId":"vyyzysrynmnut0zxhg6ueqnx","options":{"buttonLabel":"Send","isSearchable":false,"isMultipleChoice":false,"searchInputPlaceholder":"Filter the options..."},"outgoingEdgeId":"uigrpqbftsmen1b2vsky3t2r"}],"graphCoordinates":{"x":-1042.27,"y":2075.88}},{"id":"vhqdvuwg3zdfik2t7ki6j57m","title":"","blocks":[{"id":"lwaij6kaw7wj8qvag1howopl","type":"Wait","groupId":"vhqdvuwg3zdfik2t7ki6j57m","options":{"secondsToWaitFor":"1"}},{"id":"dl3ofzsjehvgrsvkinomwi7q","type":"text","content":{"richText":[{"type":"p","children":[{"text":"Qual a sua idade?"}]}]},"groupId":"vhqdvuwg3zdfik2t7ki6j57m"},{"id":"e32xq8fq6vws6tpyjnw1alyp","type":"number input","groupId":"vhqdvuwg3zdfik2t7ki6j57m","options":{"labels":{"button":"Enviar","placeholder":"Digite apenas o número..."}},"outgoingEdgeId":"rt6csfbb8b46mc8p3di9bdl9"}],"graphCoordinates":{"x":-668.1,"y":925.89}},{"id":"lyxevbcmxhsqde16ji0tx0gd","title":"","blocks":[{"id":"wksjoovt13wilnlersg6wvjo","type":"Wait","groupId":"lyxevbcmxhsqde16ji0tx0gd","options":{"secondsToWaitFor":"1"}},{"id":"d3l2xc4l1pgp2sbs78mlkqcp","type":"text","content":{"richText":[{"type":"p","children":[{"text":"Qual a sua idade?"}]}]},"groupId":"lyxevbcmxhsqde16ji0tx0gd"},{"id":"fgnlbyn20dfa272mm24dh8kc","type":"number input","groupId":"lyxevbcmxhsqde16ji0tx0gd","options":{"labels":{"button":"Enviar","placeholder":"Digite apenas o número..."}},"outgoingEdgeId":"syydozklkrjah2e43lumvpjc"}],"graphCoordinates":{"x":-1023.1,"y":2504.23}},{"id":"ce3n7iqm31i4zp3s2r2osimt","title":"","blocks":[{"id":"bmd2qd3udrl34haoquoud07l","type":"text","content":{"richText":[{"type":"p","children":[{"text":"Ok, anotei tudo aqui!"}]}]},"groupId":"ce3n7iqm31i4zp3s2r2osimt"},{"id":"oweg0uoriqzt6zz6pofj64or","type":"Wait","groupId":"ce3n7iqm31i4zp3s2r2osimt","options":{"secondsToWaitFor":"1"}},{"id":"w917ur863518whr2vfb9djp6","type":"text","content":{"richText":[{"type":"p","children":[{"text":"Nossa expectativa é muito alta pois algumas mulheres com caso parecido tiveram ótimos resultados..."}]}]},"groupId":"ce3n7iqm31i4zp3s2r2osimt"},{"id":"xe87nfcbhhvh2plr14u3hnpq","type":"Wait","groupId":"ce3n7iqm31i4zp3s2r2osimt","options":{"secondsToWaitFor":"1"}},{"id":"f27cj7b6krqdxcqk4a9kfs5f","type":"image","content":{"url":"https://www.ezveinsoc.com/wp-content/uploads/2020/09/before-after-vein-treatment-865x688.jpg"},"groupId":"ce3n7iqm31i4zp3s2r2osimt"},{"id":"mwwmr33cefsmugil8knajjz5","type":"Wait","groupId":"ce3n7iqm31i4zp3s2r2osimt","options":{"secondsToWaitFor":"1"}},{"id":"n22fz4yyf2l6wkqn0qkj1yh7","type":"image","content":{"url":"https://www.veinhealth.com.au/wp-content/uploads/2021/09/beforeafter-57.jpg"},"groupId":"ce3n7iqm31i4zp3s2r2osimt"},{"id":"r93tpb5q19i0qtq6ckzuxjlc","type":"Wait","groupId":"ce3n7iqm31i4zp3s2r2osimt","options":{"secondsToWaitFor":"3"}},{"id":"us2v37cg64sj6z0e2ykonnvv","type":"text","content":{"richText":[{"type":"p","children":[{"text":"As varizes, se não forem tratadas, aumentam em "},{"bold":true,"text":"5x o risco de trombose pulmonar"},{"text":". Isso sem falar nas "},{"bold":true,"text":"úlceras e hemorragias"},{"text":", que são tão comuns."}]}]},"groupId":"ce3n7iqm31i4zp3s2r2osimt"},{"id":"s4qwvu3go0eyr6vsqorxsq9b","type":"Wait","groupId":"ce3n7iqm31i4zp3s2r2osimt","options":{"secondsToWaitFor":"2"}},{"id":"n58vloqcmnetni6eoahi3jtr","type":"text","content":{"richText":[{"type":"p","children":[{"text":"É por isso que estamos liberando gratuitamente esse tratamento que já chegou a custar 2 mil reais, pois queremos ajudar ao máximo de mulheres a:"}]}]},"groupId":"ce3n7iqm31i4zp3s2r2osimt"},{"id":"ckyfy63dtyndbjdsagk26k74","type":"Wait","groupId":"ce3n7iqm31i4zp3s2r2osimt","options":{"secondsToWaitFor":"1"}},{"id":"t9u9e7mross1hzawmlqi59pa","type":"text","content":{"richText":[{"type":"p","children":[{"text":"✅ Recuperar a auto estima"}]},{"type":"p","children":[{"text":"✅ Diminuir o risco de complicações"}]},{"type":"p","children":[{"text":"✅ Perder a vergonha das pernas"}]},{"type":"p","children":[{"text":"✅ Eliminar as dores locais"}]},{"type":"p","children":[{"text":"✅ Se sentirem mais jovens"}]},{"type":"p","children":[{"text":"✅ Evitar as cirurgias caras"}]},{"type":"p","children":[{"text":"✅ Economizar com tratamentos ineficazes"}]}]},"groupId":"ce3n7iqm31i4zp3s2r2osimt"},{"id":"odq15d855yv6ia7zp6fnbwdz","type":"Wait","groupId":"ce3n7iqm31i4zp3s2r2osimt","options":{"secondsToWaitFor":"1"}},{"id":"u9bu08hb362rggcnv4td0pew","type":"text","content":{"richText":[{"type":"p","children":[{"text":"Você quer ter esse resultado e "},{"bold":true,"text":"participar do Programa de Zero Varizes?"}]}]},"groupId":"ce3n7iqm31i4zp3s2r2osimt"},{"id":"ru6afit4dngml5mvcpcn4n4x","type":"choice input","items":[{"id":"j7mq5rw3wja671m163f34q9i","type":0,"blockId":"ru6afit4dngml5mvcpcn4n4x","content":"SIM, QUERO PARTICIPAR!"}],"groupId":"ce3n7iqm31i4zp3s2r2osimt","options":{"buttonLabel":"Send","isSearchable":false,"isMultipleChoice":false,"searchInputPlaceholder":"Filter the options..."},"outgoingEdgeId":"s7wgn3xnhlbv2det02ww8bgm"}],"graphCoordinates":{"x":-277.27,"y":20.9}},{"id":"jtjrstwltbepnj23hr856ppv","title":"","blocks":[{"id":"eignsxufvnpq0ytjae6dcwyz","type":"text","content":{"richText":[{"type":"p","children":[{"text":"Ok, anotei tudo aqui!"}]}]},"groupId":"jtjrstwltbepnj23hr856ppv"},{"id":"uiat7a921cbepvczqe2lojs8","type":"Wait","groupId":"jtjrstwltbepnj23hr856ppv","options":{"secondsToWaitFor":"1"}},{"id":"fia8zpkitfdgvhq3yg3c64zw","type":"text","content":{"richText":[{"type":"p","children":[{"text":"Nossa expectativa é muito alta pois algumas mulheres com caso parecido tiveram ótimos resultados..."}]}]},"groupId":"jtjrstwltbepnj23hr856ppv"},{"id":"lvff5tp6irrkj6ahd2zdm1kd","type":"Wait","groupId":"jtjrstwltbepnj23hr856ppv","options":{"secondsToWaitFor":"1"}},{"id":"nnxxwkpkhj37sysy4z7i9djp","type":"image","content":{"url":"https://www.ezveinsoc.com/wp-content/uploads/2020/09/before-after-vein-treatment-865x688.jpg"},"groupId":"jtjrstwltbepnj23hr856ppv"},{"id":"c7l49sd5rbht8nlf4yjg6wio","type":"Wait","groupId":"jtjrstwltbepnj23hr856ppv","options":{"secondsToWaitFor":"1"}},{"id":"e6tf4116mf6ykpfy50wa6r0d","type":"image","content":{"url":"https://www.veinhealth.com.au/wp-content/uploads/2021/09/beforeafter-57.jpg"},"groupId":"jtjrstwltbepnj23hr856ppv"},{"id":"y2jcp3oritbka1v1lluuze0n","type":"Wait","groupId":"jtjrstwltbepnj23hr856ppv","options":{"secondsToWaitFor":"3"}},{"id":"lvx5151pbd0cyacr7k8d0fjl","type":"text","content":{"richText":[{"type":"p","children":[{"text":"As varizes, se não forem tratadas, aumentam em "},{"bold":true,"text":"5x o risco de trombose pulmonar"},{"text":". Isso sem falar nas "},{"bold":true,"text":"úlceras e hemorragias"},{"text":", que são tão comuns."}]}]},"groupId":"jtjrstwltbepnj23hr856ppv"},{"id":"ca25s7fvv8cfpjqo0sddipos","type":"Wait","groupId":"jtjrstwltbepnj23hr856ppv","options":{"secondsToWaitFor":"2"}},{"id":"hr9g7lms6y6pb5fintl598td","type":"text","content":{"richText":[{"type":"p","children":[{"text":"É por isso que estamos liberando gratuitamente esse tratamento que já chegou a custar 2 mil reais, pois queremos ajudar ao máximo de mulheres a:"}]}]},"groupId":"jtjrstwltbepnj23hr856ppv"},{"id":"lgld7r6o7elqfw5w52wcd0zs","type":"Wait","groupId":"jtjrstwltbepnj23hr856ppv","options":{"secondsToWaitFor":"1"}},{"id":"oyaijlkuqzk3kln72i04dz5j","type":"text","content":{"richText":[{"type":"p","children":[{"text":"✅ Recuperar a auto estima"}]},{"type":"p","children":[{"text":"✅ Diminuir o risco de complicações"}]},{"type":"p","children":[{"text":"✅ Perder a vergonha das pernas"}]},{"type":"p","children":[{"text":"✅ Eliminar as dores locais"}]},{"type":"p","children":[{"text":"✅ Se sentirem mais jovens"}]},{"type":"p","children":[{"text":"✅ Evitar as cirurgias caras"}]},{"type":"p","children":[{"text":"✅ Economizar com tratamentos ineficazes"}]}]},"groupId":"jtjrstwltbepnj23hr856ppv"},{"id":"rvw5fzsdcnxdtjx67bimu63p","type":"Wait","groupId":"jtjrstwltbepnj23hr856ppv","options":{"secondsToWaitFor":"1"}},{"id":"mf7kk2matncpc83997ailzf2","type":"text","content":{"richText":[{"type":"p","children":[{"text":"Você quer ter esse resultado e "},{"bold":true,"text":"participar do Programa de Zero Varizes?"}]}]},"groupId":"jtjrstwltbepnj23hr856ppv"},{"id":"yy3m0cus4pz3fzusx46o1byl","type":"choice input","items":[{"id":"i8bkpapdk0ukfvyesup8hw6w","type":0,"blockId":"yy3m0cus4pz3fzusx46o1byl","content":"SIM, QUERO PARTICIPAR!"}],"groupId":"jtjrstwltbepnj23hr856ppv","options":{"buttonLabel":"Send","isSearchable":false,"isMultipleChoice":false,"searchInputPlaceholder":"Filter the options..."},"outgoingEdgeId":"pkhgys0evz5ejei2rlmodixf"}],"graphCoordinates":{"x":-668.93,"y":1590.9}},{"id":"jx7tnryq0o20capoq1vm9h6d","title":"Group #9","blocks":[{"id":"vq2wqekzomicwqw9i6kigwwq","type":"Redirect","groupId":"jx7tnryq0o20capoq1vm9h6d","options":{"url":"https://pay.kiwify.com.br/YA22mTJ?split=1&src=v1","isNewTab":true}}],"graphCoordinates":{"x":521.9,"y":1763.39}},{"id":"lwnjd6rk7tzdpa076t6hyu2m","title":"Group #9 copy","blocks":[{"id":"gpzuze5q37kkz30v3h0nwsmo","type":"Redirect","groupId":"lwnjd6rk7tzdpa076t6hyu2m","options":{"url":"https://pay.kiwify.com.br/YA22mTJ?split=1&src=v2","isNewTab":true}}],"graphCoordinates":{"x":108.57,"y":3843.39}},{"id":"ueslb098bcj0ms24q763059s","title":"Group #9","blocks":[{"id":"zppqtb6tyuzv6osn7hdqym9r","type":"AB test","items":[{"id":"a1e3wwxfqo6gg5tjqu761g7a","path":"a","type":2,"blockId":"zppqtb6tyuzv6osn7hdqym9r","outgoingEdgeId":"cb4jzherp8j4kp2a9gi61r0q"},{"id":"ajtb5qnvwpzkki86hc1mhjh6","path":"b","type":2,"blockId":"zppqtb6tyuzv6osn7hdqym9r","outgoingEdgeId":"qaoxojinkaprhf5uwpmxd1kv"}],"groupId":"ueslb098bcj0ms24q763059s","options":{"aPercent":50}}],"graphCoordinates":{"x":-1408.76,"y":1258.06}}],"variables":[{"id":"vprp91gkcj6ooz2wteh9qrvjn","name":"NOME"},{"id":"vylhptebpxvgxs98ah9vf9q1p","name":"PESO"},{"id":"vpel0viottucscnen8zdlejaf","name":"IDADE"},{"id":"vlnuxmidqsek5hmsy83v55c7h","name":"PERDER"},{"id":"va2xubuj795oo62rxwti3hudj","name":"TEMPO"}],"edges":[{"id":"fx0e9x9rqq2kzyyoshhimrry","to":{"blockId":"kl16bf94mpvm7ux0w9yhaksc","groupId":"e1bu2oc7cpmrt3dbk8hfn50m"},"from":{"blockId":"cx5iel8jxfo4caorf8rnjiw0","groupId":"m9q1u050vkz51n2au2t5bf62"}},{"id":"lx1ese1hkg86iqq3lxrgoy5f","to":{"groupId":"etagqzy948o4lqtd1f9e6a5y"},"from":{"blockId":"t6j9glgr18768gh5c8cld7gn","groupId":"cknwph0luntuy7r7osgouzud"}},{"id":"byk3j7zsct39bx30jdg9w131","to":{"groupId":"vhqdvuwg3zdfik2t7ki6j57m"},"from":{"blockId":"dfrtycu4392aswv5w27zzw9a","groupId":"etagqzy948o4lqtd1f9e6a5y"}},{"id":"rt6csfbb8b46mc8p3di9bdl9","to":{"groupId":"ce3n7iqm31i4zp3s2r2osimt"},"from":{"blockId":"e32xq8fq6vws6tpyjnw1alyp","groupId":"vhqdvuwg3zdfik2t7ki6j57m"}},{"id":"s7wgn3xnhlbv2det02ww8bgm","to":{"groupId":"hncz11unyiwb9gevt3x3ds1p"},"from":{"blockId":"ru6afit4dngml5mvcpcn4n4x","groupId":"ce3n7iqm31i4zp3s2r2osimt"}},{"id":"x9unc7n91hl0d97dgx7e7owx","to":{"groupId":"cknwph0luntuy7r7osgouzud"},"from":{"blockId":"fcdd8gqcum3fd98jyd6dn7yp","groupId":"b0gk58f938osrh5c5q2yay8m"}},{"id":"hymsdzpbf8l1xevgi29h4ujv","to":{"groupId":"ueslb098bcj0ms24q763059s"},"from":{"blockId":"c8zvdcs07rxg9q2yckyprsyn","groupId":"e1bu2oc7cpmrt3dbk8hfn50m"}},{"id":"t5rnlfsy4qp2xdwowplpik93","to":{"groupId":"vyyzysrynmnut0zxhg6ueqnx"},"from":{"blockId":"lu86lnntbrf975ecsmyw1h6c","groupId":"oa5d1ptbbk5dc51fe9wbjh6i"}},{"id":"v8qezu8up3lvjlsv0loty8on","to":{"groupId":"oa5d1ptbbk5dc51fe9wbjh6i"},"from":{"itemId":"piwhifnnsu24w5ozoqb122jy","blockId":"w1a1ja31klm3y7ir5t22ukyq","groupId":"jmp2c0ju9v7jocdlv8sywroe"}},{"id":"uigrpqbftsmen1b2vsky3t2r","to":{"groupId":"lyxevbcmxhsqde16ji0tx0gd"},"from":{"blockId":"ulk98czwqhm1n5gbnshf0kro","groupId":"vyyzysrynmnut0zxhg6ueqnx"}},{"id":"syydozklkrjah2e43lumvpjc","to":{"groupId":"jtjrstwltbepnj23hr856ppv"},"from":{"blockId":"fgnlbyn20dfa272mm24dh8kc","groupId":"lyxevbcmxhsqde16ji0tx0gd"}},{"id":"pkhgys0evz5ejei2rlmodixf","to":{"groupId":"nkr2aufbeodlosq8ili1lf8e"},"from":{"blockId":"yy3m0cus4pz3fzusx46o1byl","groupId":"jtjrstwltbepnj23hr856ppv"}},{"id":"dpte0zerwp7urf94jxcgyax8","to":{"groupId":"lwnjd6rk7tzdpa076t6hyu2m"},"from":{"itemId":"cbwl3pyn0ja16mgiulyio59t","blockId":"ltxtd0byiylb7krp7gk3jka8","groupId":"nkr2aufbeodlosq8ili1lf8e"}},{"id":"qaoxojinkaprhf5uwpmxd1kv","to":{"groupId":"jmp2c0ju9v7jocdlv8sywroe"},"from":{"itemId":"ajtb5qnvwpzkki86hc1mhjh6","blockId":"zppqtb6tyuzv6osn7hdqym9r","groupId":"ueslb098bcj0ms24q763059s"}},{"id":"rb1234ngcaae3koz92wbydrp","to":{"groupId":"oa5d1ptbbk5dc51fe9wbjh6i"},"from":{"blockId":"w1a1ja31klm3y7ir5t22ukyq","groupId":"jmp2c0ju9v7jocdlv8sywroe"}},{"id":"cb4jzherp8j4kp2a9gi61r0q","to":{"groupId":"b0gk58f938osrh5c5q2yay8m"},"from":{"itemId":"a1e3wwxfqo6gg5tjqu761g7a","blockId":"zppqtb6tyuzv6osn7hdqym9r","groupId":"ueslb098bcj0ms24q763059s"}},{"id":"p21mppknteqxd5lxowubft2a","to":{"groupId":"cknwph0luntuy7r7osgouzud"},"from":{"itemId":"lqgxnbtm3ikdyxs28cqk1qr1","blockId":"fcdd8gqcum3fd98jyd6dn7yp","groupId":"b0gk58f938osrh5c5q2yay8m"}},{"id":"xsanzg1eyuf7roixac2ye075","to":{"groupId":"jx7tnryq0o20capoq1vm9h6d"},"from":{"itemId":"jdsas9np961u54ch4447ecp3","blockId":"ksowcbx72l551ivc7q7w3zk5","groupId":"hncz11unyiwb9gevt3x3ds1p"}}],"theme":{"chat":{"inputs":{"color":"#000000","backgroundColor":"#FFFFFF","placeholderColor":"#28292a"},"buttons":{"color":"#FFFFFF","backgroundColor":"#128C7E"},"roundness":"medium","hostAvatar":{"url":"https://s3.fr-par.scw.cloud/typebot/public/typebots/ixduwdb3exvl8we3n7zirlrh/hostAvatar?v=1689271326183","isEnabled":true},"guestAvatar":{"url":"https://s3.fr-par.scw.cloud/typebot/public/typebots/cli88mae30010mh0f0yzjqn48/guestAvatar?v=1685330799682","isEnabled":false},"hostBubbles":{"color":"#303235","backgroundColor":"#FFFFFF"},"guestBubbles":{"color":"#303235","backgroundColor":"#e1ffc7"}},"general":{"font":"Open Sans","background":{"type":"Image","content":"https://s3.fr-par.scw.cloud/typebot/public/typebots/cli88mae30010mh0f0yzjqn48/background?v=1685470080750"}},"customCss":".typebot-chat-view > .flex:first-child {\n    padding-top: 30px;\n}\n\n.typebot-input {\n    position: fixed;\n    bottom: 0;\n    align-items: center;\n    z-index: 999;\n    right: 0;\n}\n\n.typebot-input .typebot-button {\n    background: #008a7c;\n    border-radius: 50%;\n    color: #fff;\n    position: relative;\n    width: 50px;\n    height: 50px;\n    display: flex;\n    align-items: center;\n    justify-content: center;\n}\n\n.typebot-container {\n    background-size: initial!important;\n    background-repeat: repeat-x!important;\n}\n\n.typebot-host-bubble>.bubble-typing {\n  border-radius: 0 5px 5px 5px;\n}\n\n.typebot-host-bubble>.bubble-typing:after {\n    position: absolute;\n    content: \"\";\n    width: 0;\n    height: 0;\n    border-style: solid;\n    border-width: 0px 10px 10px 0;\n    border-color: transparent #fff transparent transparent;\n    top: 0;\n    left: -10px;\n}\n\n.typebot-guest-bubble {\n  position: relative;\n  border-radius: 5px 0 5px 5px;\n}\n\n.typebot-guest-bubble:after {\n  position: absolute;\n  content: \"\";\n  width: 0;\n  height: 0;\n  border-style: solid;\n}\n\n.typebot-guest-bubble:after {\n    border-width: 0px 0 10px 10px;\n    border-color: transparent transparent transparent #e1ffc7;\n    top: 0;\n    right: -10px;\n    border-style: solid;\n}\n\niframe[src=\"\"] {\n  position: fixed;\n  top: 0;\n  left: 0;\n  display: relative;\n  width: 100%;\n  height: 100% !important;\n  z-index: 999999;\n  border: none;\n  padding: 0;\n  margin: 0;\n}\n\na#lite-badge {\n  display: none!important;\n}"},"settings":{"general":{"rememberUser":{"isEnabled":false},"isBrandingEnabled":true,"isInputPrefillEnabled":false,"isHideQueryParamsEnabled":false},"metadata":{"title":"WhatsApp Web","imageUrl":"https://images.unsplash.com/photo-1532938911079-1b06ac7ceec7?crop=entropy&cs=tinysrgb&fit=max&fm=jpg&ixid=M3w0MjU2MDR8MHwxfHNlYXJjaHwzfHxoZWFsdGh8ZW58MHwwfHx8MTY4OTI2OTIzMHww&ixlib=rb-4.0.3&q=80&w=1080","favIconUrl":"https://s3.fr-par.scw.cloud/typebot/public/typebots/fwlzp9t2f2xjx6o1ru5u4i4z/favIcon?v=1686203350295","description":"Faça agora sua consulta com Dra. Ana no WhatsApp.","customHeadCode":"<!-- Facebook Pixel Code -->\n<script>\n   !function(f,b,e,v,n,t,s)\n  {if(f.fbq)return;n=f.fbq=function(){n.callMethod?\n    n.callMethod.apply(n,arguments):n.queue.push(arguments)};\n    if(!f._fbq)f._fbq=n;n.push=n;n.loaded=!0;n.version='2.0';\n    n.queue=[];t=b.createElement(e);t.async=!0;\n    t.src=v;s=b.getElementsByTagName(e)[0];\n    s.parentNode.insertBefore(t,s)}(window, document,'script',\n    'https://connect.facebook.net/en_US/fbevents.js');\n    fbq('init', '600387045612941');\n    fbq('track', 'PageView');\n    fbq('track', 'ViewContent');\n \n</script>\n<!-- End Facebook Pixel Code -->\n<link rel=\"stylesheet\" href=\"https://cdnjs.cloudflare.com/ajax/libs/material-design-iconic-font/2.2.0/css/material-design-iconic-font.min.css\">\n<style>\n  .hide {\n    display: none!important;\n  }\n  typebot-standard {\n    position: relative;\n    z-index: 9999;\n  }\n  #__next {\n    position: relative;\n    z-index: 9999;\n}\n  /* User Bar */\n.user-bar {\n  width: 100%;\n  height: 55px;\n  background: #005e54;\n  color: #fff;\n  padding: 0;\n  font-size: 24px;\n  position: fixed;\n  z-index: 99999;\n  display: block;\n  top: 0;\n}\n\n.user-bar:after {\n  content: \"\";\n  display: table;\n  clear: both;\n}\n\n.user-bar div {\n    float: left;\n    transform: translateY(-50%);\n    position: relative;\n    top: 50%;\n    margin-left: 10px;\n}\n\n.user-bar .actions {\n  float: right;\n  margin: 0 0 0 20px;\n}\n\n.user-bar .actions.more {\n  margin: 0 12px 0 32px;\n}\n\n.user-bar .actions.attachment {\n  margin: 0 0 0 30px;\n}\n\n.user-bar .actions.attachment i {\n  display: block;\n  transform: rotate(-45deg);\n}\n\n.user-bar .avatar {\n  margin: 0 0 0 5px;\n  width: 36px;\n  height: 36px;\n}\n\n.user-bar .avatar img {\n  border-radius: 50%;\n  box-shadow: 0 1px 0 rgba(255, 255, 255, 0.1);\n  display: block;\n  width: 100%;\n}\n\n.user-bar .name {\n  font-size: 17px;\n  font-weight: 600;\n  text-overflow: ellipsis;\n  letter-spacing: 0.3px;\n  margin: 0 0 0 8px;\n  overflow: hidden;\n  white-space: nowrap;\n  width: 150px;\n}\n\n.user-bar .status {\n  display: block;\n  font-size: 13px;\n  font-weight: 400;\n  letter-spacing: 0;\n}\n</style>\n\n<script>\nfunction criarBarra() {\n  var userBar = document.createElement(\"div\");\n  userBar.className = \"user-bar\";\n\n  var backButton = document.createElement(\"div\");\n  backButton.className = \"back\";\n  backButton.innerHTML = '<i class=\"zmdi zmdi-arrow-left\"></i>';\n\n  var avatar = document.createElement(\"div\");\n  avatar.className = \"avatar\";\n  avatar.innerHTML = '<img src=\"https://i.postimg.cc/VNTWdBkv/5d5f8693-c0a7-4f70-93ae-cb60d652fb68.jpg\" alt=\"ANA GARIBALDI\">';\n\n  var name = document.createElement(\"div\");\n  name.className = \"name\";\n  name.innerHTML = '<span>Dra Ana Garibaldi</span><span class=\"status\">online</span>';\n\n  var moreActions = document.createElement(\"div\");\n  moreActions.className = \"actions more\";\n  moreActions.innerHTML = '<i class=\"zmdi zmdi-more-vert\"></i>';\n\n  var attachmentAction = document.createElement(\"div\");\n  attachmentAction.className = \"actions attachment\";\n  attachmentAction.innerHTML = '<i class=\"zmdi zmdi-attachment-alt\"></i>';\n\n  var phoneAction = document.createElement(\"div\");\n  phoneAction.className = \"actions\";\n  phoneAction.innerHTML = '<i class=\"zmdi zmdi-phone\"></i>';\n\n  userBar.appendChild(backButton);\n  userBar.appendChild(avatar);\n  userBar.appendChild(name);\n  userBar.appendChild(moreActions);\n  userBar.appendChild(attachmentAction);\n  userBar.appendChild(phoneAction);\n\n  var elementoPai = document.querySelector(\"#__next\");\n  if (elementoPai) {\n    elementoPai.insertBefore(userBar, elementoPai.firstChild);\n  }\n}\n\ncriarBarra();\n</script>\n"},"typingEmulation":{"speed":300,"enabled":true,"maxDelay":1.5}}}