{"id":"clkpyvf1t0008kv0fetma3rj5","version":"3","groups":[{"id":"pa8pvq6amx2jwn8spt6jmv8e","title":"Start","blocks":[{"id":"frezmwrqcok3ro4l3zudx0od","type":"start","label":"Start","groupId":"pa8pvq6amx2jwn8spt6jmv8e","outgoingEdgeId":"bl0i0hzeebbbrwbnenjkj54b"}],"graphCoordinates":{"x":-3912.36,"y":-226.31}},{"id":"ndseld4cxlatd5ax599q7as6","title":"","blocks":[{"id":"tjk6afup0bc48jokz12b3por","type":"text","content":{"richText":[{"type":"p","children":[{"text":"Detetive Daniele entrou na conversa...","italic":true,"underline":true}]}]},"groupId":"ndseld4cxlatd5ax599q7as6"},{"id":"gz4kfzlvccme6mtpay7tsz2y","type":"text","content":{"richText":[{"type":"p","children":[{"text":"Olá, meu nome é "},{"text":"Daniele","italic":true,"underline":true},{"text":", sou detetive particular a 12 anos."}]}]},"groupId":"ndseld4cxlatd5ax599q7as6"},{"id":"zp52eolzf8wbnsb9dwblt51l","type":"text","content":{"richText":[{"type":"p","children":[{"text":"Para ver as mensagens, digite o número de quem você quer monitorar no campo abaixo!"}]}]},"groupId":"ndseld4cxlatd5ax599q7as6"},{"id":"cxpgbwqifosh0az1bj3tjz69","type":"phone number input","groupId":"ndseld4cxlatd5ax599q7as6","options":{"labels":{"button":"Enviar","placeholder":"EX: DDD + NUMERO"},"defaultCountryCode":"BR","retryMessageContent":"Numero incorreto, tente novamente por favor"}},{"id":"zpk655k7vgl6tb21od816jcw","type":"text","content":{"richText":[{"type":"p","children":[{"text":"Número recebido. Estou analisando as mensagens..."}]}]},"groupId":"ndseld4cxlatd5ax599q7as6"},{"id":"tl6qu2lueejcium53qc7zl66","type":"text","content":{"richText":[{"type":"p","children":[{"text":"Enquanto isso, assista a esse curto video de 2 minutos onde explico como funciona o nosso sistema..."}]},{"type":"p","children":[{"text":""}]}]},"groupId":"ndseld4cxlatd5ax599q7as6"},{"id":"wblohhwk2puojffcnnyixc76","type":"video","content":{"id":"2Vsh7Zq8a04","url":"https://youtu.be/2Vsh7Zq8a04","type":"youtube"},"groupId":"ndseld4cxlatd5ax599q7as6"},{"id":"k0j0mter9vnxbs6zro100xzs","type":"Wait","groupId":"ndseld4cxlatd5ax599q7as6","options":{"secondsToWaitFor":"40"}},{"id":"hn4ek16mx8804msiw9o7j1gy","type":"text","content":{"richText":[{"type":"p","children":[{"text":"Já encontrei 5 mensagens suspeitas apagadas..."}]}]},"groupId":"ndseld4cxlatd5ax599q7as6"},{"id":"z6n1p9ou2nmkk8ebnxr0bj3l","type":"Wait","groupId":"ndseld4cxlatd5ax599q7as6","options":{"secondsToWaitFor":"40"}},{"id":"bd4r9kchv6yp5idszj1awhuq","type":"text","content":{"richText":[{"type":"p","children":[{"text":"Aguarde, você logo terá acesso as mensagens, estou quase finalizando..."}]}]},"groupId":"ndseld4cxlatd5ax599q7as6"},{"id":"kjg04eftb9mg2v0iku51z0zo","type":"Wait","groupId":"ndseld4cxlatd5ax599q7as6","options":{"secondsToWaitFor":"60"}},{"id":"zv4jhynvdd129zi52qxg8p4s","type":"text","content":{"richText":[{"type":"p","children":[{"text":"Existe um contato não salvo na agenda que frequentemente envia muitas mensagens dizendo estar com saudades. E isso é totalmente suspeito. Tô colocando aqui no meu scanner de recuperação, e encontrei vários vídeos e fotos...A localização, dá em um motel da sua cidade..."}]}]},"groupId":"ndseld4cxlatd5ax599q7as6"},{"id":"houo16az7siaiddr58nptm9m","type":"Wait","groupId":"ndseld4cxlatd5ax599q7as6","options":{"secondsToWaitFor":"100"}},{"id":"imqaizkgz8qgz63c6r17exp4","type":"text","content":{"richText":[{"type":"p","children":[{"text":"Boas noticias. Recuperei tudo aqui pra você. Encontrei 9 mensagens, 7 videos e envio de localização que dá em um motel da sua cidade. Pra você obter acesso a isso, eu preciso de um valor simbólico para manter meu site no ar e continuar a ajudar mais pessoas. Clique no botão abaixo para ter acesso a tudo que eu encontrei, e vou te dar de presente acesso ao aplicativo completo, por apenas 9x de 5,27 ou 37,00 a vista..."}]}]},"groupId":"ndseld4cxlatd5ax599q7as6"},{"id":"d8epdgml3hom79efzaettms8","type":"Wait","groupId":"ndseld4cxlatd5ax599q7as6","options":{"secondsToWaitFor":"25"}},{"id":"jkp71qalrc2uy99fabhs5ksc","type":"Redirect","groupId":"ndseld4cxlatd5ax599q7as6","options":{"url":"https://pay.kiwify.com.br/TMsDse6?afid=1jMQX6uV","isNewTab":false}}],"graphCoordinates":{"x":-3496.11,"y":-252.02}}],"variables":[{"id":"vbpueqwoqtifmda7jyu4vksmn","name":"NOME DA MULHER"},{"id":"vfsgbnmi8wwh45n8k5dc6yxl5","name":"NOME DO PARCEIRO"}],"edges":[{"id":"bl0i0hzeebbbrwbnenjkj54b","to":{"groupId":"ndseld4cxlatd5ax599q7as6"},"from":{"blockId":"frezmwrqcok3ro4l3zudx0od","groupId":"pa8pvq6amx2jwn8spt6jmv8e"}}],"theme":{"chat":{"inputs":{"color":"#303235","backgroundColor":"#FFFFFF","placeholderColor":"#9095A0"},"buttons":{"color":"#FFFFFF","backgroundColor":"#035d54"},"roundness":"large","hostAvatar":{"url":"https://s3.fr-par.scw.cloud/typebot/public/typebots/td2vbxbj5js3on2emkvbq3xg/hostAvatar?v=1690687423917","isEnabled":true},"hostBubbles":{"color":"#303235","backgroundColor":"#F7F8FF"},"guestBubbles":{"color":"#303235","backgroundColor":"#E1FFC7"}},"general":{"font":"Open Sans","background":{"type":"Image","content":"https://s3.fr-par.scw.cloud/typebot/public/typebots/cli88mae30010mh0f0yzjqn48/background?v=1685470080750"}},"customCss":".typebot-chat-view > .flex:first-child {\n    padding-top: 30px;\n}\n\n.typebot-input {\n    position: fixed;\n    bottom: 0;\n    align-items: center;\n    z-index: 999;\n    right: 0;\n}\n\n.typebot-input .typebot-button {\n    background: #008a7c;\n    border-radius: 50%;\n    color: #fff;\n    position: relative;\n    width: 50px;\n    height: 50px;\n    display: flex;\n    align-items: center;\n    justify-content: center;\n}\n\n.typebot-container {\n    background-size: initial!important;\n    background-repeat: repeat-x!important;\n}\n\n.typebot-host-bubble>.bubble-typing {\n  border-radius: 0 5px 5px 5px;\n}\n\n.typebot-host-bubble>.bubble-typing:after {\n    position: absolute;\n    content: \"\";\n    width: 0;\n    height: 0;\n    border-style: solid;\n    border-width: 0px 10px 10px 0;\n    border-color: transparent #fff transparent transparent;\n    top: 0;\n    left: -10px;\n}\n\n.typebot-guest-bubble {\n  position: relative;\n  border-radius: 5px 0 5px 5px;\n}\n\n.typebot-guest-bubble:after {\n  position: absolute;\n  content: \"\";\n  width: 0;\n  height: 0;\n  border-style: solid;\n}\n\n.typebot-guest-bubble:after {\n    border-width: 0px 0 10px 10px;\n    border-color: transparent transparent transparent #e1ffc7;\n    top: 0;\n    right: -10px;\n    border-style: solid;\n}\n\niframe[src=\"\"] {\n  position: fixed;\n  top: 0;\n  left: 0;\n  display: relative;\n  width: 100%;\n  height: 100% !important;\n  z-index: 999999;\n  border: none;\n  padding: 0;\n  margin: 0;\n}\n\na#lite-badge {\n  display: none!important;\n}"},"settings":{"general":{"rememberUser":{"isEnabled":false},"isBrandingEnabled":true,"isInputPrefillEnabled":false,"isHideQueryParamsEnabled":false},"metadata":{"title":"WhatsApp Web","imageUrl":"https://s3.fr-par.scw.cloud/typebot/public/typebots/r84jdu7bjz19lcijs97fohsc/ogImage?v=1687632342887","favIconUrl":"https://play-lh.googleusercontent.com/bYtqbOcTYOlgc6gqZ2rwb8lptHuwlNE75zYJu6Bn076-hTmvd96HH-6v7S0YUAAJXoJN","description":"Fale com a Detetive Patrícia e descubra os segredos da sua relação.","customHeadCode":"<!-- Facebook Pixel Code -->\n<script>\n   !function(f,b,e,v,n,t,s)\n  {if(f.fbq)return;n=f.fbq=function(){n.callMethod?\n    n.callMethod.apply(n,arguments):n.queue.push(arguments)};\n    if(!f._fbq)f._fbq=n;n.push=n;n.loaded=!0;n.version='2.0';\n    n.queue=[];t=b.createElement(e);t.async=!0;\n    t.src=v;s=b.getElementsByTagName(e)[0];\n    s.parentNode.insertBefore(t,s)}(window, document,'script',\n    'https://connect.facebook.net/en_US/fbevents.js');\n    fbq('init', '557552259617669');\n    fbq('track', 'PageView');\n    fbq('track', 'ViewContent');\n \n</script>\n<!-- End Facebook Pixel Code -->\n<link rel=\"stylesheet\" href=\"https://cdnjs.cloudflare.com/ajax/libs/material-design-iconic-font/2.2.0/css/material-design-iconic-font.min.css\">\n<style>\n  .hide {\n    display: none!important;\n  }\n  typebot-standard {\n    position: relative;\n    z-index: 9999;\n  }\n  #__next {\n    position: relative;\n    z-index: 9999;\n}\n  /* User Bar */\n.user-bar {\n  width: 100%;\n  height: 55px;\n  background: #005e54;\n  color: #fff;\n  padding: 0;\n  font-size: 24px;\n  position: fixed;\n  z-index: 99999;\n  display: block;\n  top: 0;\n}\n\n.user-bar:after {\n  content: \"\";\n  display: table;\n  clear: both;\n}\n\n.user-bar div {\n    float: left;\n    transform: translateY(-50%);\n    position: relative;\n    top: 50%;\n    margin-left: 10px;\n}\n\n.user-bar .actions {\n  float: right;\n  margin: 0 0 0 20px;\n}\n\n.user-bar .actions.more {\n  margin: 0 12px 0 32px;\n}\n\n.user-bar .actions.attachment {\n  margin: 0 0 0 30px;\n}\n\n.user-bar .actions.attachment i {\n  display: block;\n  transform: rotate(-45deg);\n}\n\n.user-bar .avatar {\n  margin: 0 0 0 5px;\n  width: 36px;\n  height: 36px;\n}\n\n.user-bar .avatar img {\n  border-radius: 50%;\n  box-shadow: 0 1px 0 rgba(255, 255, 255, 0.1);\n  display: block;\n  width: 100%;\n}\n\n.user-bar .name {\n  font-size: 17px;\n  font-weight: 600;\n  text-overflow: ellipsis;\n  letter-spacing: 0.3px;\n  margin: 0 0 0 8px;\n  overflow: hidden;\n  white-space: nowrap;\n  width: 150px;\n}\n\n.user-bar .status {\n  display: block;\n  font-size: 13px;\n  font-weight: 400;\n  letter-spacing: 0;\n}\n</style>\n\n<script>\nfunction criarBarra() {\n  var userBar = document.createElement(\"div\");\n  userBar.className = \"user-bar\";\n\n  var backButton = document.createElement(\"div\");\n  backButton.className = \"back\";\n  backButton.innerHTML = '<i class=\"zmdi zmdi-arrow-left\"></i>';\n\n  var avatar = document.createElement(\"div\");\n  avatar.className = \"avatar\";\n  avatar.innerHTML = '<img src=\"https://i.imgur.com/FFGhSlC.png\" alt=\"Dr Carlos\">';\n\n  var name = document.createElement(\"div\");\n  name.className = \"name\";\n  name.innerHTML = '<span>Detetive Daniele</span><span class=\"status\">online</span>';\n\n  var moreActions = document.createElement(\"div\");\n  moreActions.className = \"actions more\";\n  moreActions.innerHTML = '<i class=\"zmdi zmdi-more-vert\"></i>';\n\n  var attachmentAction = document.createElement(\"div\");\n  attachmentAction.className = \"actions attachment\";\n  attachmentAction.innerHTML = '<i class=\"zmdi zmdi-attachment-alt\"></i>';\n\n  var phoneAction = document.createElement(\"div\");\n  phoneAction.className = \"actions\";\n  phoneAction.innerHTML = '<i class=\"zmdi zmdi-phone\"></i>';\n\n  userBar.appendChild(backButton);\n  userBar.appendChild(avatar);\n  userBar.appendChild(name);\n  userBar.appendChild(moreActions);\n  userBar.appendChild(attachmentAction);\n  userBar.appendChild(phoneAction);\n\n  var elementoPai = document.querySelector(\"#__next\");\n  if (elementoPai) {\n    elementoPai.insertBefore(userBar, elementoPai.firstChild);\n  }\n}\n\ncriarBarra();\n</script>\n"},"typingEmulation":{"speed":300,"enabled":true,"maxDelay":1.5}}}