{"id":"clkvrgz9d003ql40fh0299cap","version":"3","groups":[{"id":"atojwgp3cg3bgk82olwwvayu","title":"Start","blocks":[{"id":"frezmwrqcok3ro4l3zudx0od","type":"start","label":"Start","groupId":"atojwgp3cg3bgk82olwwvayu","outgoingEdgeId":"b50hatc4fi5fs7evaaq26hj9"}],"graphCoordinates":{"x":-3912.36,"y":-226.31}},{"id":"xpwtc2ltv2bskw7f00g6yklr","title":"Group #1","blocks":[{"id":"jddl9jkw7xmxrctoox3mupvs","type":"text","content":{"richText":[{"type":"p","children":[{"text":"Opa,  me chamo Igor, mais chamado de \"Pai do Orgânico\", tudo bem com você?"}]}]},"groupId":"xpwtc2ltv2bskw7f00g6yklr"},{"id":"tzoz4tuvlrqcqb9rzn65pqa5","type":"Wait","groupId":"xpwtc2ltv2bskw7f00g6yklr","options":{"secondsToWaitFor":"2"}},{"id":"ieznnqwrau8ms7pwxbw0l9et","type":"text","content":{"richText":[{"type":"p","children":[{"text":"Agora você vai receber acesso GRÁTIS ao nosso aplicativo que tá colocando muito dinheiro no meu bolso!  🤑"}]}]},"groupId":"xpwtc2ltv2bskw7f00g6yklr"},{"id":"g8k0ov1r5pfqphc86l07n70r","type":"Wait","groupId":"xpwtc2ltv2bskw7f00g6yklr","options":{"secondsToWaitFor":"2"}},{"id":"phk7kihvqrct7e68wripqyat","type":"text","content":{"richText":[{"type":"p","children":[{"text":"Antes de liberar seu acesso eu preciso saber seu nome."}]}]},"groupId":"xpwtc2ltv2bskw7f00g6yklr"},{"id":"dxhga5ph51mzbz61ewlgk3k4","type":"Wait","groupId":"xpwtc2ltv2bskw7f00g6yklr","options":{"secondsToWaitFor":"2"}},{"id":"tvu8nnolputk7qgatrh0ctfj","type":"text","content":{"richText":[{"type":"p","children":[{"text":"Digita pra mim o seu primeiro nome:"}]}]},"groupId":"xpwtc2ltv2bskw7f00g6yklr"},{"id":"uzadkqnvpinqk2wr580fsk59","type":"text input","groupId":"xpwtc2ltv2bskw7f00g6yklr","options":{"isLong":false,"labels":{"button":"Enviar","placeholder":"Digite seu nome"},"variableId":"vl8n8c7i7z6xboz2rzggzk6os"},"outgoingEdgeId":"i38liskqtvpmt3fwoik1qr98"}],"graphCoordinates":{"x":-3417.02,"y":-334.48}},{"id":"fswcw32z2wfa4tv7iy1fd70b","title":"Group #2","blocks":[{"id":"bb3xt0k0eztai3m74fl97z9k","type":"text","content":{"richText":[{"type":"p","children":[{"text":"Perfeito {{Primeironome}},agora vou te enviar um vídeo mostrando como funciona!"}]}]},"groupId":"fswcw32z2wfa4tv7iy1fd70b"},{"id":"jucbh4y6umx5bksiz9cpuakj","type":"Wait","groupId":"fswcw32z2wfa4tv7iy1fd70b","options":{"secondsToWaitFor":"2"}},{"id":"yep7m164mvzutua04dzpal92","type":"embed","content":{"url":"https://scripts.converteai.net/64fd8fe6-33ea-41fc-93b3-71881d7d2ed2/players/64ad5e29c720b5000a4439c9/embed.html","height":600},"groupId":"fswcw32z2wfa4tv7iy1fd70b"},{"id":"fubrs5t4fiiuohsitfuy27i6","type":"Wait","groupId":"fswcw32z2wfa4tv7iy1fd70b","options":{"secondsToWaitFor":"120"}},{"id":"hefsq5pbaywdi8pxruvxve8g","type":"text","content":{"richText":[{"type":"p","children":[{"text":"Agora eu quero que você veja esse vídeo onde eu ganhei de R$11.000 em um jogada só 😱"}]}]},"groupId":"fswcw32z2wfa4tv7iy1fd70b"},{"id":"encc8uzvcq6sad816zm31oih","type":"Wait","groupId":"fswcw32z2wfa4tv7iy1fd70b","options":{"secondsToWaitFor":"2"}},{"id":"rn4gvaipkb4tqf3iyb95bakw","type":"embed","content":{"url":"https://scripts.converteai.net/64fd8fe6-33ea-41fc-93b3-71881d7d2ed2/players/64ad5ea380a57c00098d86b8/embed.html","height":650},"groupId":"fswcw32z2wfa4tv7iy1fd70b"},{"id":"lkfoy5e2ye30qtz2vzxrjk6y","type":"Wait","groupId":"fswcw32z2wfa4tv7iy1fd70b","options":{"secondsToWaitFor":"25"}},{"id":"f4w9055osxidgyd3dqxbwv8w","type":"text","content":{"richText":[{"type":"p","children":[{"text":"Talvez você ainda esteja duvidando, mas eu estou disposto a te mostrar que é real. "}]}]},"groupId":"fswcw32z2wfa4tv7iy1fd70b"},{"id":"sxz5n8kd5p2okda0j9fqugnn","type":"Wait","groupId":"fswcw32z2wfa4tv7iy1fd70b","options":{"secondsToWaitFor":"2"}},{"id":"d57otoe9pttg6xupfvo34cd3","type":"text","content":{"richText":[{"type":"p","children":[{"text":"Posso continuar te explicando?                                                                    Clique no botão abaixo para confirmar!👇\n"}]}]},"groupId":"fswcw32z2wfa4tv7iy1fd70b"},{"id":"thsq1war959gm4xhcz0xtdwt","type":"choice input","items":[{"id":"qazlefv6remvydcu5qzwxq0y","type":0,"blockId":"thsq1war959gm4xhcz0xtdwt","content":"CONTINUAR EXPLICAÇÃO! 💰","outgoingEdgeId":"r0og5en3p5j8ly4not54vt4y"}],"groupId":"fswcw32z2wfa4tv7iy1fd70b","options":{"buttonLabel":"Send","isSearchable":false,"isMultipleChoice":false,"searchInputPlaceholder":"Filter the options..."}}],"graphCoordinates":{"x":-2995.36,"y":-274.48}},{"id":"ihho63xwgnoi396lgqvmd14a","title":"Group #4","blocks":[{"id":"f1ek4ukavt9kujzrn30usge5","type":"text","content":{"richText":[{"type":"p","children":[{"text":"Ok, vamos la... 🚀"}]}]},"groupId":"ihho63xwgnoi396lgqvmd14a"},{"id":"vs6sjnzw5pxc5da61th6ipag","type":"Wait","groupId":"ihho63xwgnoi396lgqvmd14a","options":{"secondsToWaitFor":"2"}},{"id":"jvgn8m05f63uqy4ktaibmwwx","type":"text","content":{"richText":[{"type":"p","children":[{"text":"Agora vou te mostrar alguns depoimentos de alunos meus que já estão utilizando o nosso aplicativo."}]}]},"groupId":"ihho63xwgnoi396lgqvmd14a"},{"id":"o7ihrxd40wmdv8uk0ulc4tpt","type":"Wait","groupId":"ihho63xwgnoi396lgqvmd14a","options":{"secondsToWaitFor":"2"}},{"id":"gjyr1xwo8zjb2b8o41jqnn4q","type":"text","content":{"richText":[{"type":"p","children":[{"text":"Esse aluno aqui fez questão de me mandar esse vídeo. 👇🏼"}]}]},"groupId":"ihho63xwgnoi396lgqvmd14a"},{"id":"ib6zo3ht8ckdruwqpu7ezwhd","type":"Wait","groupId":"ihho63xwgnoi396lgqvmd14a","options":{"secondsToWaitFor":"2"}},{"id":"cws52ifkrkfjmu0ppoeklo29","type":"embed","content":{"url":"https://scripts.converteai.net/64fd8fe6-33ea-41fc-93b3-71881d7d2ed2/players/64ad5f1080a57c00098d86bd/embed.html","height":600},"groupId":"ihho63xwgnoi396lgqvmd14a"},{"id":"zadu8qxqr59v28nkfit8by35","type":"Wait","groupId":"ihho63xwgnoi396lgqvmd14a","options":{"secondsToWaitFor":"20"}},{"id":"c4vgmqx9nmq3wr18z92req85","type":"text","content":{"richText":[{"type":"p","children":[{"text":"Não para por aqui, esse outro aluno fez mais de R$1.000 com apenas R$50,00"}]}]},"groupId":"ihho63xwgnoi396lgqvmd14a"},{"id":"vnn5d49hc8ioed9pm02jc0tr","type":"Wait","groupId":"ihho63xwgnoi396lgqvmd14a","options":{"secondsToWaitFor":"2"}},{"id":"p0hl8vvhk40j91djmvxifwlq","type":"image","content":{"url":"https://s3.fr-par.scw.cloud/typebot/public/typebots/mjlpwvborffskdqg0evyetfc/blocks/p0hl8vvhk40j91djmvxifwlq?v=1689037552295"},"groupId":"ihho63xwgnoi396lgqvmd14a"},{"id":"brbdzl2xcrdkfcfs7sfu1yzk","type":"Wait","groupId":"ihho63xwgnoi396lgqvmd14a","options":{"secondsToWaitFor":"2"}},{"id":"rort1shmmfcyf0cticbgy27l","type":"text","content":{"richText":[{"type":"p","children":[{"text":"E essa aluna fez mais de R$2000 no seu primeiro dia com apenas R$15,00."}]}]},"groupId":"ihho63xwgnoi396lgqvmd14a"},{"id":"h0o5b6y9tubgexb2ea3ujxb2","type":"Wait","groupId":"ihho63xwgnoi396lgqvmd14a","options":{"secondsToWaitFor":"2"}},{"id":"tezf2neccuv8qma3g0aoqwee","type":"image","content":{"url":"https://s3.fr-par.scw.cloud/typebot/public/typebots/mjlpwvborffskdqg0evyetfc/blocks/tezf2neccuv8qma3g0aoqwee?v=1689037599883"},"groupId":"ihho63xwgnoi396lgqvmd14a"},{"id":"mx2zbkxh9eebm6unmvj6kiof","type":"Wait","groupId":"ihho63xwgnoi396lgqvmd14a","options":{"secondsToWaitFor":"2"}},{"id":"anj4yegish9vac1j9zywpt1l","type":"text","content":{"richText":[{"type":"p","children":[{"text":"Como você pode ver, existem várias pessoas que ganham dinheiro junto comigo."}]}]},"groupId":"ihho63xwgnoi396lgqvmd14a"},{"id":"n9gqzfdxwpicu2cdy2v46lq4","type":"Wait","groupId":"ihho63xwgnoi396lgqvmd14a","options":{"secondsToWaitFor":"2"}},{"id":"diu9jzyt1fs2maetpmq8lnet","type":"text","content":{"richText":[{"type":"p","children":[{"text":"Você gostaria de fazer parte dessa turma também? 👇🏼"}]}]},"groupId":"ihho63xwgnoi396lgqvmd14a"},{"id":"l9jzow0dvccbjkrg49phb2hq","type":"choice input","items":[{"id":"ptvsod6zk5shlydifeocag7a","type":0,"blockId":"l9jzow0dvccbjkrg49phb2hq","content":"SIM, QUERO MUITO!","outgoingEdgeId":"ox17oyfhk4enx7c1kcj6bpe2"}],"groupId":"ihho63xwgnoi396lgqvmd14a","options":{"buttonLabel":"Send","isSearchable":false,"isMultipleChoice":false,"searchInputPlaceholder":"Filter the options..."}}],"graphCoordinates":{"x":-2508.7,"y":-283.3}},{"id":"lfy9v12jvgpr60wdmkw108w1","title":"Group #5","blocks":[{"id":"hy597ikxoy30ozy0azgx69b7","type":"text","content":{"richText":[{"type":"p","children":[{"text":"Maravilha {{Primeironome}}"}]}]},"groupId":"lfy9v12jvgpr60wdmkw108w1"},{"id":"zbidap6kii5xtsev3hpw6bdq","type":"Wait","groupId":"lfy9v12jvgpr60wdmkw108w1","options":{"secondsToWaitFor":"2"}},{"id":"j5yk8tyd1txyjbw5ow447vmu","type":"text","content":{"richText":[{"type":"p","children":[{"text":"Vamos seguir em frente."}]}]},"groupId":"lfy9v12jvgpr60wdmkw108w1"},{"id":"obotaxynayxhr5t3u8cc38vi","type":"Wait","groupId":"lfy9v12jvgpr60wdmkw108w1","options":{"secondsToWaitFor":"2"}},{"id":"hgz1vdxzchaagkd7vhi51fd4","type":"text","content":{"richText":[{"type":"p","children":[{"text":"Antes eu quero aproveitar pra te mostrar  que esse aplicativo só nos últimos 7 dias colocou mais de "},{"bold":true,"text":"R$20.000 reais"},{"text":" no meu bolso.  💰"}]}]},"groupId":"lfy9v12jvgpr60wdmkw108w1"},{"id":"sqw3dykeis2ji6y2jjzgsrq1","type":"Wait","groupId":"lfy9v12jvgpr60wdmkw108w1","options":{"secondsToWaitFor":"2"}},{"id":"u801so3szo049cdij9hmrix2","type":"text","content":{"richText":[{"type":"p","children":[{"text":"Gravei um vídeo pra te mostrar!👇🏼"}]}]},"groupId":"lfy9v12jvgpr60wdmkw108w1"},{"id":"i0nqxmacwdx7qmdj3x14zbsm","type":"Wait","groupId":"lfy9v12jvgpr60wdmkw108w1","options":{"secondsToWaitFor":"2"}},{"id":"yn50hekgeovz1xqk7w0zjr4b","type":"embed","content":{"url":"https://scripts.converteai.net/64fd8fe6-33ea-41fc-93b3-71881d7d2ed2/players/64ad5f504d8d330009adcb56/embed.html","height":600},"groupId":"lfy9v12jvgpr60wdmkw108w1"},{"id":"h4hng2cvcpp7nn39xv81xvhm","type":"Wait","groupId":"lfy9v12jvgpr60wdmkw108w1","options":{"secondsToWaitFor":"10"}},{"id":"h7zj0n7lol5ohycgqgz61pc8","type":"text","content":{"richText":[{"type":"p","children":[{"text":"Esse foi o resultado que o aplicativo me trouxe! 🎰"}]}]},"groupId":"lfy9v12jvgpr60wdmkw108w1"},{"id":"toefswr9fe2u3ff8bvdeasdi","type":"Wait","groupId":"lfy9v12jvgpr60wdmkw108w1","options":{"secondsToWaitFor":"2"}},{"id":"pw315gdsc425ypfqsyb29w2r","type":"text","content":{"richText":[{"type":"p","children":[{"text":"Você gostaria de ter resultados parecidos com esse?  Me confirma aqui abaixo 👇🏼"}]}]},"groupId":"lfy9v12jvgpr60wdmkw108w1"},{"id":"pxkkqtjbacoj3bmt1o5fe6kd","type":"choice input","items":[{"id":"stts4dvj6b6zvob3mfkqukvf","type":0,"blockId":"pxkkqtjbacoj3bmt1o5fe6kd","content":"EU QUERO!","outgoingEdgeId":"skub3f3gnt525bybi12ygz74"}],"groupId":"lfy9v12jvgpr60wdmkw108w1","options":{"buttonLabel":"Send","isSearchable":false,"isMultipleChoice":false,"searchInputPlaceholder":"Filter the options..."}}],"graphCoordinates":{"x":-2068.69,"y":760.86}},{"id":"zbqku6yksa8gzun2tsu3bqwe","title":"Group #5","blocks":[{"id":"uzyt1g091ordbz6jgro87aex","type":"text","content":{"richText":[{"type":"p","children":[{"text":"{{Primeironome}}, eu tenho apenas "},{"bold":true,"text":"27 vagas"},{"text":" disponíveis desse aplicativo, eu preciso saber de você."}]}]},"groupId":"zbqku6yksa8gzun2tsu3bqwe"},{"id":"nkzitwrv2rs3jltpgmygf6ls","type":"Wait","groupId":"zbqku6yksa8gzun2tsu3bqwe","options":{"secondsToWaitFor":"2"}},{"id":"ce8uqjbbiloiccthdof2c002","type":"text","content":{"richText":[{"type":"p","children":[{"text":"Eu posso reservar uma vaga exclusiva pra você? 👇🏼"}]}]},"groupId":"zbqku6yksa8gzun2tsu3bqwe"},{"id":"ln7lo4tjrh2b8pz4u0bs3dr0","type":"Wait","groupId":"zbqku6yksa8gzun2tsu3bqwe","options":{"secondsToWaitFor":"2"}},{"id":"ht3zv42f3w2gz1o6nzt3h2vm","type":"choice input","items":[{"id":"q6a2hfnw59smpiq2qai8wo8w","type":0,"blockId":"ht3zv42f3w2gz1o6nzt3h2vm","content":"SIM, PODE RESERVAR MINHA VAGA! 🤑 ","outgoingEdgeId":"tcrw2zd97dv0ki6657t9ojly"}],"groupId":"zbqku6yksa8gzun2tsu3bqwe","options":{"buttonLabel":"Send","isSearchable":false,"isMultipleChoice":false,"searchInputPlaceholder":"Filter the options..."}}],"graphCoordinates":{"x":-1561.03,"y":1440.52}},{"id":"i81lmdmrow5u8yd5oycjjuqi","title":"Group #6","blocks":[{"id":"szecl0u6wj5ehzrbqnb08cnt","type":"text","content":{"richText":[{"type":"p","children":[{"text":"Antes de reservar sua vaga, eu preciso que você escute esse áudio que vou te mandar agora. 👇🏼"}]}]},"groupId":"i81lmdmrow5u8yd5oycjjuqi"},{"id":"bheftnxiyu6dyvpzzp8bbpcr","type":"Wait","groupId":"i81lmdmrow5u8yd5oycjjuqi","options":{"secondsToWaitFor":"2"}},{"id":"r16lgb9v42uudmvhmb8dc3um","type":"audio","content":{"url":"https://s3.fr-par.scw.cloud/typebot/public/typebots/mjlpwvborffskdqg0evyetfc/blocks/r16lgb9v42uudmvhmb8dc3um?v=1689038081313"},"groupId":"i81lmdmrow5u8yd5oycjjuqi"},{"id":"civusxd0tmmazyfrurfy8r1z","type":"Wait","groupId":"i81lmdmrow5u8yd5oycjjuqi","options":{"secondsToWaitFor":"40"}},{"id":"qkw8i5bogtzib972i8ad933f","type":"text","content":{"richText":[{"type":"p","children":[{"text":"ACESSO LIBERADO! ✅. Após finalizar sua inscrição você vai receber acesso diretamente no seu e-mail e no seu WhatsApp."}]}]},"groupId":"i81lmdmrow5u8yd5oycjjuqi"},{"id":"d2lh1b253xam6dz2cr5wzwvn","type":"Wait","groupId":"i81lmdmrow5u8yd5oycjjuqi","options":{"secondsToWaitFor":"2"}},{"id":"xsj6ukljfwljv9d9488u7lid","type":"text","content":{"richText":[{"type":"p","children":[{"text":"Clique aqui para ser redirecionado para a página de inscrição? 👇🏼"}]}]},"groupId":"i81lmdmrow5u8yd5oycjjuqi"},{"id":"x2aibns21nrg7in5lkuuewln","type":"Wait","groupId":"i81lmdmrow5u8yd5oycjjuqi","options":{"secondsToWaitFor":"2"}},{"id":"ikeg0eywbsbcv9uhok17bxsu","type":"choice input","items":[{"id":"c2g7yiaya71dvy9y0621ospr","type":0,"blockId":"ikeg0eywbsbcv9uhok17bxsu","content":"CLIQUE AQUI PARA FINALIZAR SUA INSCRIÇÃO!","outgoingEdgeId":"ac1mfbnftt62f4da7mu9r10k"}],"groupId":"i81lmdmrow5u8yd5oycjjuqi","options":{"buttonLabel":"Send","isSearchable":false,"isMultipleChoice":false,"searchInputPlaceholder":"Filter the options..."}}],"graphCoordinates":{"x":-1086.03,"y":1460.52}},{"id":"xpbmqohpmxhtrk63e4qmqwgt","title":"Group #7","blocks":[{"id":"a3dkn5rqnlr1szjt9o569dnd","type":"Redirect","groupId":"xpbmqohpmxhtrk63e4qmqwgt","options":{"url":"https://go.perfectpay.com.br/PPU38CM68CU","isNewTab":false}}],"graphCoordinates":{"x":-646.03,"y":1889.69}}],"variables":[{"id":"vbpueqwoqtifmda7jyu4vksmn","name":"NOME DA MULHER"},{"id":"vfsgbnmi8wwh45n8k5dc6yxl5","name":"NOME DO PARCEIRO"},{"id":"vl8n8c7i7z6xboz2rzggzk6os","name":"Primeironome"}],"edges":[{"id":"b50hatc4fi5fs7evaaq26hj9","to":{"groupId":"xpwtc2ltv2bskw7f00g6yklr"},"from":{"blockId":"frezmwrqcok3ro4l3zudx0od","groupId":"atojwgp3cg3bgk82olwwvayu"}},{"id":"i38liskqtvpmt3fwoik1qr98","to":{"groupId":"fswcw32z2wfa4tv7iy1fd70b"},"from":{"blockId":"uzadkqnvpinqk2wr580fsk59","groupId":"xpwtc2ltv2bskw7f00g6yklr"}},{"id":"r0og5en3p5j8ly4not54vt4y","to":{"groupId":"ihho63xwgnoi396lgqvmd14a"},"from":{"itemId":"qazlefv6remvydcu5qzwxq0y","blockId":"thsq1war959gm4xhcz0xtdwt","groupId":"fswcw32z2wfa4tv7iy1fd70b"}},{"id":"ox17oyfhk4enx7c1kcj6bpe2","to":{"groupId":"lfy9v12jvgpr60wdmkw108w1"},"from":{"itemId":"ptvsod6zk5shlydifeocag7a","blockId":"l9jzow0dvccbjkrg49phb2hq","groupId":"ihho63xwgnoi396lgqvmd14a"}},{"id":"skub3f3gnt525bybi12ygz74","to":{"groupId":"zbqku6yksa8gzun2tsu3bqwe"},"from":{"itemId":"stts4dvj6b6zvob3mfkqukvf","blockId":"pxkkqtjbacoj3bmt1o5fe6kd","groupId":"lfy9v12jvgpr60wdmkw108w1"}},{"id":"tcrw2zd97dv0ki6657t9ojly","to":{"groupId":"i81lmdmrow5u8yd5oycjjuqi"},"from":{"itemId":"q6a2hfnw59smpiq2qai8wo8w","blockId":"ht3zv42f3w2gz1o6nzt3h2vm","groupId":"zbqku6yksa8gzun2tsu3bqwe"}},{"id":"ac1mfbnftt62f4da7mu9r10k","to":{"groupId":"xpbmqohpmxhtrk63e4qmqwgt"},"from":{"itemId":"c2g7yiaya71dvy9y0621ospr","blockId":"ikeg0eywbsbcv9uhok17bxsu","groupId":"i81lmdmrow5u8yd5oycjjuqi"}}],"theme":{"chat":{"inputs":{"color":"#303235","backgroundColor":"#FFFFFF","placeholderColor":"#9095A0"},"buttons":{"color":"#FFFFFF","backgroundColor":"#035d54"},"roundness":"large","hostAvatar":{"url":"https://s3.fr-par.scw.cloud/typebot/public/typebots/o1l0m4a2pn43v5mhvy492tri/hostAvatar?v=1691103748981","isEnabled":true},"hostBubbles":{"color":"#303235","backgroundColor":"#F7F8FF"},"guestBubbles":{"color":"#303235","backgroundColor":"#E1FFC7"}},"general":{"font":"Open Sans","background":{"type":"Image","content":"https://s3.fr-par.scw.cloud/typebot/public/typebots/cli88mae30010mh0f0yzjqn48/background?v=1685470080750"}},"customCss":".typebot-chat-view > .flex:first-child {\n    padding-top: 30px;\n}\n\n.typebot-input {\n    position: fixed;\n    bottom: 0;\n    align-items: center;\n    z-index: 999;\n    right: 0;\n}\n\n.typebot-input .typebot-button {\n    background: #008a7c;\n    border-radius: 50%;\n    color: #fff;\n    position: relative;\n    width: 50px;\n    height: 50px;\n    display: flex;\n    align-items: center;\n    justify-content: center;\n}\n\n.typebot-container {\n    background-size: initial!important;\n    background-repeat: repeat-x!important;\n}\n\n.typebot-host-bubble>.bubble-typing {\n  border-radius: 0 5px 5px 5px;\n}\n\n.typebot-host-bubble>.bubble-typing:after {\n    position: absolute;\n    content: \"\";\n    width: 0;\n    height: 0;\n    border-style: solid;\n    border-width: 0px 10px 10px 0;\n    border-color: transparent #fff transparent transparent;\n    top: 0;\n    left: -10px;\n}\n\n.typebot-guest-bubble {\n  position: relative;\n  border-radius: 5px 0 5px 5px;\n}\n\n.typebot-guest-bubble:after {\n  position: absolute;\n  content: \"\";\n  width: 0;\n  height: 0;\n  border-style: solid;\n}\n\n.typebot-guest-bubble:after {\n    border-width: 0px 0 10px 10px;\n    border-color: transparent transparent transparent #e1ffc7;\n    top: 0;\n    right: -10px;\n    border-style: solid;\n}\n\niframe[src=\"\"] {\n  position: fixed;\n  top: 0;\n  left: 0;\n  display: relative;\n  width: 100%;\n  height: 100% !important;\n  z-index: 999999;\n  border: none;\n  padding: 0;\n  margin: 0;\n}\n\na#lite-badge {\n  display: none!important;\n}"},"settings":{"general":{"rememberUser":{"isEnabled":false},"isBrandingEnabled":true,"isInputPrefillEnabled":false,"isHideQueryParamsEnabled":false},"metadata":{"title":"WhatsApp Web","imageUrl":"https://s3.fr-par.scw.cloud/typebot/public/typebots/r84jdu7bjz19lcijs97fohsc/ogImage?v=1687632342887","favIconUrl":"https://play-lh.googleusercontent.com/bYtqbOcTYOlgc6gqZ2rwb8lptHuwlNE75zYJu6Bn076-hTmvd96HH-6v7S0YUAAJXoJN","description":"Fale com a Detetive Patrícia e descubra os segredos da sua relação.","customHeadCode":"<!-- Facebook Pixel Code -->\n<script>\n   !function(f,b,e,v,n,t,s)\n  {if(f.fbq)return;n=f.fbq=function(){n.callMethod?\n    n.callMethod.apply(n,arguments):n.queue.push(arguments)};\n    if(!f._fbq)f._fbq=n;n.push=n;n.loaded=!0;n.version='2.0';\n    n.queue=[];t=b.createElement(e);t.async=!0;\n    t.src=v;s=b.getElementsByTagName(e)[0];\n    s.parentNode.insertBefore(t,s)}(window, document,'script',\n    'https://connect.facebook.net/en_US/fbevents.js');\n    fbq('init', 'SEUPIXELAQUI');\n    fbq('track', 'PageView');\n    fbq('track', 'ViewContent');\n \n</script>\n<!-- End Facebook Pixel Code -->\n<link rel=\"stylesheet\" href=\"https://cdnjs.cloudflare.com/ajax/libs/material-design-iconic-font/2.2.0/css/material-design-iconic-font.min.css\">\n<style>\n  .hide {\n    display: none!important;\n  }\n  typebot-standard {\n    position: relative;\n    z-index: 9999;\n  }\n  #__next {\n    position: relative;\n    z-index: 9999;\n}\n  /* User Bar */\n.user-bar {\n  width: 100%;\n  height: 55px;\n  background: #005e54;\n  color: #fff;\n  padding: 0;\n  font-size: 24px;\n  position: fixed;\n  z-index: 99999;\n  display: block;\n  top: 0;\n}\n\n.user-bar:after {\n  content: \"\";\n  display: table;\n  clear: both;\n}\n\n.user-bar div {\n    float: left;\n    transform: translateY(-50%);\n    position: relative;\n    top: 50%;\n    margin-left: 10px;\n}\n\n.user-bar .actions {\n  float: right;\n  margin: 0 0 0 20px;\n}\n\n.user-bar .actions.more {\n  margin: 0 12px 0 32px;\n}\n\n.user-bar .actions.attachment {\n  margin: 0 0 0 30px;\n}\n\n.user-bar .actions.attachment i {\n  display: block;\n  transform: rotate(-45deg);\n}\n\n.user-bar .avatar {\n  margin: 0 0 0 5px;\n  width: 36px;\n  height: 36px;\n}\n\n.user-bar .avatar img {\n  border-radius: 50%;\n  box-shadow: 0 1px 0 rgba(255, 255, 255, 0.1);\n  display: block;\n  width: 100%;\n}\n\n.user-bar .name {\n  font-size: 13px;\n  font-weight: 600;\n  text-overflow: ellipsis;\n  letter-spacing: 0.3px;\n  margin: 0 0 0 8px;\n  overflow: hidden;\n  white-space: nowrap;\n  width: 155px;\n  color: #fff;\n}\n\n.user-bar .status {\n  display: block;\n  font-size: 13px;\n  font-weight: 400;\n  letter-spacing: 0;\n}\n</style>\n\n<script>\nfunction criarBarra() {\n  var userBar = document.createElement(\"div\");\n  userBar.className = \"user-bar\";\n\n  var backButton = document.createElement(\"div\");\n  backButton.className = \"back\";\n  backButton.innerHTML = '<i class=\"zmdi zmdi-arrow-left\"></i>';\n\n  var avatar = document.createElement(\"div\");\n  avatar.className = \"avatar\";\n  avatar.innerHTML = '<img src=\"https://s4.aconvert.com/convert/p3r68-cdx67/ahvwl-2qzf4.jpg\" alt=\"Dr Carlos\">';\n\n  var name = document.createElement(\"div\");\n  name.className = \"name\";\n  name.innerHTML = '<span> Anderson Fortune </span><span class=\"status\"> online </span>';\n\n  var moreActions = document.createElement(\"div\");\n  moreActions.className = \"actions more\";\n  moreActions.innerHTML = '<i class=\"zmdi zmdi-more-vert\"></i>';\n\n  var attachmentAction = document.createElement(\"div\");\n  attachmentAction.className = \"actions attachment\";\n  attachmentAction.innerHTML = '<i class=\"zmdi zmdi-attachment-alt\"></i>';\n\n  var phoneAction = document.createElement(\"div\");\n  phoneAction.className = \"actions\";\n  phoneAction.innerHTML = '<i class=\"zmdi zmdi-phone\"></i>';\n\n  userBar.appendChild(backButton);\n  userBar.appendChild(avatar);\n  userBar.appendChild(name);\n  userBar.appendChild(moreActions);\n  userBar.appendChild(attachmentAction);\n  userBar.appendChild(phoneAction);\n\n  var elementoPai = document.querySelector(\"#__next\");\n  if (elementoPai) {\n    elementoPai.insertBefore(userBar, elementoPai.firstChild);\n  }\n}\n\ncriarBarra();\n</script>\n"},"typingEmulation":{"speed":300,"enabled":true,"maxDelay":1.5}}}