{"id":"clkljvmiv0005ml4phva1n5ps","version":"3","groups":[{"id":"o3q1c9li00zz2zzp32jy4niv","title":"Start","blocks":[{"id":"cx5iel8jxfo4caorf8rnjiw0","type":"start","label":"Start","groupId":"o3q1c9li00zz2zzp32jy4niv","outgoingEdgeId":"gtyguttkukbmymtm9hlfupen"}],"graphCoordinates":{"x":-1805.43,"y":-11.61}},{"id":"pvevley9gxht2rjl6dt9msdv","title":"Etapa 1","blocks":[{"id":"kl16bf94mpvm7ux0w9yhaksc","type":"text","content":{"richText":[{"type":"p","children":[{"bold":true,"text":"[VOCÊ"},{"text":" "},{"bold":true,"text":"FOI"},{"text":" "},{"bold":true,"text":"SELECIONADA]"}]},{"type":"p","children":[{"bold":true,"text":""}]},{"type":"p","children":[{"text":"ESSA "},{"bold":true,"text":"CONSULTA É","underline":true},{"text":" ","underline":true},{"bold":true,"text":"GRATUITA","underline":true},{"text":"!"}]}]},"groupId":"pvevley9gxht2rjl6dt9msdv"},{"id":"ojoiuqw11ol7mluihnpdkffy","type":"text","content":{"richText":[{"type":"p","children":[{"text":"Olá, meu nome é Dra. Tati..."}]}]},"groupId":"pvevley9gxht2rjl6dt9msdv"},{"id":"g0k66yguypnurnmkak3d69pv","type":"embed","content":{"url":"https://pabloyan50.github.io/testeaudio/audio.html","height":90},"groupId":"pvevley9gxht2rjl6dt9msdv"},{"id":"jhynpn150g3p8aw5u9ribkh8","type":"text","content":{"richText":[{"type":"p","children":[{"text":"Qual seu nome?"}]}]},"groupId":"pvevley9gxht2rjl6dt9msdv"},{"id":"kdqfqoz18qiz1koumgbujse8","type":"text input","groupId":"pvevley9gxht2rjl6dt9msdv","options":{"isLong":false,"labels":{"button":"Enviar","placeholder":"Digite seu nome..."},"variableId":"veyz005u4bvjbjlom9re5w844"}},{"id":"h9jhpsm5w83cfrwtlqtvsd38","type":"Wait","groupId":"pvevley9gxht2rjl6dt9msdv","options":{"secondsToWaitFor":"2"}},{"id":"g91i1t2tlt9qkl5dvxggin3o","type":"image","content":{"url":"https://s3.fr-par.scw.cloud/typebot/public/typebots/u7dle85w1b2hc6emnn25p1nb/blocks/g91i1t2tlt9qkl5dvxggin3o?v=1690483597550"},"groupId":"pvevley9gxht2rjl6dt9msdv"},{"id":"dbi2zwoddcnec8xrykof79b8","type":"Wait","groupId":"pvevley9gxht2rjl6dt9msdv","options":{"secondsToWaitFor":"2"}},{"id":"qgabe8bc82icxs4d0qnrazvx","type":"text","content":{"richText":[{"type":"p","children":[{"text":"Muito prazer, {{nome da mulher}}, Gostaria de "},{"bold":true,"text":"participar"},{"text":" do meu "}]},{"type":"p","children":[{"bold":true,"text":"programa GRATUITO"},{"text":" de "},{"bold":true,"text":"perda"},{"text":" de "},{"bold":true,"text":"peso"},{"text":"?"}]}]},"groupId":"pvevley9gxht2rjl6dt9msdv"},{"id":"c8zvdcs07rxg9q2yckyprsyn","type":"choice input","items":[{"id":"cigszfogy5e8w000i07vu0rl","type":0,"blockId":"c8zvdcs07rxg9q2yckyprsyn","content":"SIM, EU GOSTARIA DE PARTICIPAR!"}],"groupId":"pvevley9gxht2rjl6dt9msdv","options":{"buttonLabel":"Send","isSearchable":false,"isMultipleChoice":false,"searchInputPlaceholder":"Filter the options..."},"outgoingEdgeId":"vjtjzzv5nth1c248yd7yjvd3"}],"graphCoordinates":{"x":-1434.92,"y":21.22}},{"id":"gum53zo4cz6tfsxu0fma1cxk","title":"Etapa 3","blocks":[{"id":"p72v7j6oia4oy91v9dwbeind","type":"text","content":{"richText":[{"type":"p","children":[{"text":"Seu objetivo é bem parecido com o delas..."}]}]},"groupId":"gum53zo4cz6tfsxu0fma1cxk"},{"id":"fzfumyw7ixn08k4jnwnxssas","type":"Wait","groupId":"gum53zo4cz6tfsxu0fma1cxk","options":{"secondsToWaitFor":"3"}},{"id":"k045bmusvtqp7uyo93tp0m94","type":"text","content":{"richText":[{"type":"p","children":[{"text":"Veja o feedback de uma aluna..."}]}]},"groupId":"gum53zo4cz6tfsxu0fma1cxk"},{"id":"beqa63z6wufkyx5bu5xpjshg","type":"embed","content":{"url":"https://pabloyan50.github.io/encaminhados/encaminhado1","height":100},"groupId":"gum53zo4cz6tfsxu0fma1cxk"},{"id":"dxm8fxgqrx1zzefmcnmbriwx","type":"Wait","groupId":"gum53zo4cz6tfsxu0fma1cxk","options":{"secondsToWaitFor":"59"}},{"id":"lpi9zhjscstbemnqlngeftlt","type":"embed","content":{"url":"https://pabloyan50.github.io/encaminhados/encaminhado2","height":90},"groupId":"gum53zo4cz6tfsxu0fma1cxk"},{"id":"ua8z5nkgauvzn0cfrmqrzziy","type":"image","content":{"url":"https://typebot-yocg1-u6172.vm.elestio.app:39533/typebot/public/typebots/azvy3lgirslb44xnvpqzi72c/blocks/ua8z5nkgauvzn0cfrmqrzziy?v=1690486530801"},"groupId":"gum53zo4cz6tfsxu0fma1cxk"},{"id":"ftfce16hnc0rxt8yvwifm5e5","type":"text","content":{"richText":[{"type":"p","children":[{"text":"{{nome da mulher}}, Olha só o resultado de mais uma aluna..."}]}]},"groupId":"gum53zo4cz6tfsxu0fma1cxk"},{"id":"y8xeci656r183wqtg74erbgf","type":"Wait","groupId":"gum53zo4cz6tfsxu0fma1cxk","options":{"secondsToWaitFor":"5"}},{"id":"mp9joopycllkfhcagtfd15yk","type":"embed","content":{"url":"https://pabloyan50.github.io/encaminhados/encaminhado3","height":90},"groupId":"gum53zo4cz6tfsxu0fma1cxk"},{"id":"rygc867r9c215hvplk9cb7lu","type":"image","content":{"url":"https://s3.fr-par.scw.cloud/typebot/public/typebots/u7dle85w1b2hc6emnn25p1nb/blocks/rygc867r9c215hvplk9cb7lu?v=1690324786536"},"groupId":"gum53zo4cz6tfsxu0fma1cxk"},{"id":"qlzpncdli50qn183tmygy5zl","type":"text","content":{"richText":[{"type":"p","children":[{"bold":true,"text":"Você"},{"text":" "},{"bold":true,"text":"ficaria"},{"text":" "},{"bold":true,"text":"feliz"},{"text":" com esses resultados?"}]}]},"groupId":"gum53zo4cz6tfsxu0fma1cxk"},{"id":"spg2xvw7ec28gd07g7yk5ru9","type":"Wait","groupId":"gum53zo4cz6tfsxu0fma1cxk","options":{"secondsToWaitFor":"3"}},{"id":"b2923j6eho3hoitcyt7t2elu","type":"text input","groupId":"gum53zo4cz6tfsxu0fma1cxk","options":{"isLong":false,"labels":{"button":"Enviar","placeholder":"Digite aqui..."}},"outgoingEdgeId":"mco6szrbvsq10cxj7i3dflzn"}],"graphCoordinates":{"x":-644.02,"y":23.34}},{"id":"hbhd76iw88rzx77y28ek29ck","title":"etapa 5","blocks":[{"id":"e658psy6l9sudlyva3tdgrx2","type":"embed","content":{"url":"https://pabloyan50.github.io/encaminhados/encaminhado4","height":90},"groupId":"hbhd76iw88rzx77y28ek29ck"},{"id":"qwfh7hnu365k4tew7b54wa2l","type":"text","content":{"richText":[{"type":"p","children":[{"text":"Veja os incríveis resultados das alunas que ganharam o sorteio..."}]}]},"groupId":"hbhd76iw88rzx77y28ek29ck"},{"id":"ewbar3xopfcl9ik12ogdtqw1","type":"Wait","groupId":"hbhd76iw88rzx77y28ek29ck","options":{"secondsToWaitFor":"4"}},{"id":"k4efu3ihuewkgqrltk4yq7w2","type":"text","content":{"richText":[{"type":"p","children":[{"text":"Veja o resultado da Tayna..."}]}]},"groupId":"hbhd76iw88rzx77y28ek29ck"},{"id":"n77t51ddgnxzlotk2k2jd2ox","type":"Wait","groupId":"hbhd76iw88rzx77y28ek29ck","options":{"secondsToWaitFor":"2"}},{"id":"h2cd9yaxs1644v6shn43xa6n","type":"image","content":{"url":"https://s3.fr-par.scw.cloud/typebot/public/typebots/hojp7uauqa8w5eggwwa9w3te/blocks/h2cd9yaxs1644v6shn43xa6n?v=1689961316161"},"groupId":"hbhd76iw88rzx77y28ek29ck"},{"id":"rfkgq6wzessbjef2h5d5fj5v","type":"Wait","groupId":"hbhd76iw88rzx77y28ek29ck","options":{"secondsToWaitFor":"5"}},{"id":"fs2wqgnteelwyw6yo0gyx3fn","type":"text","content":{"richText":[{"type":"p","children":[{"text":"Veja o da Pâmela..."}]}]},"groupId":"hbhd76iw88rzx77y28ek29ck"},{"id":"nnuggw07zujj72z0pv65bq10","type":"image","content":{"url":"https://typebot-yocg1-u6172.vm.elestio.app:39533/typebot/public/typebots/azvy3lgirslb44xnvpqzi72c/blocks/nnuggw07zujj72z0pv65bq10?v=1690927858434"},"groupId":"hbhd76iw88rzx77y28ek29ck"},{"id":"c4q032d82rmq6ikyigzesc3q","type":"Wait","groupId":"hbhd76iw88rzx77y28ek29ck","options":{"secondsToWaitFor":"3"}},{"id":"pwiifsynzf1fbn68jvjv27xq","type":"text","content":{"richText":[{"type":"p","children":[{"text":"Eu desenvolvi esse método para mulheres que não tem muito tempo e querem "},{"bold":true,"text":"resultados rápidos!","underline":true}]}]},"groupId":"hbhd76iw88rzx77y28ek29ck"},{"id":"u2bo0kpr20pqogr7eqf2agye","type":"Wait","groupId":"hbhd76iw88rzx77y28ek29ck","options":{"secondsToWaitFor":"5"}},{"id":"ko9l28qf5m4apj2fr6os5qli","type":"text","content":{"richText":[{"type":"p","children":[{"text":"{{nome da mulher}}, Eu vou te ajudar, mas você precisa querer minha ajuda!"}]},{"type":"p","children":[{"text":"Se eu me comprometer a te ajudar, "},{"bold":true,"text":"você vai até o final?.","underline":true}]}]},"groupId":"hbhd76iw88rzx77y28ek29ck"},{"id":"ksowcbx72l551ivc7q7w3zk5","type":"choice input","items":[{"id":"jdsas9np961u54ch4447ecp3","type":0,"blockId":"ksowcbx72l551ivc7q7w3zk5","content":"VOU ATÉ O FINAL!","outgoingEdgeId":"pn0crfe0oliyf9p0p16yj61q"}],"groupId":"hbhd76iw88rzx77y28ek29ck","options":{"buttonLabel":"Send","isSearchable":false,"isMultipleChoice":false,"searchInputPlaceholder":"Filter the options..."}}],"graphCoordinates":{"x":120.55,"y":23.93}},{"id":"j9n3v9y6tccgvy3hahxrcjie","title":"Etapa 2","blocks":[{"id":"qxhdyp7zce3in4k4hozn96ij","type":"text","content":{"richText":[{"type":"p","children":[{"text":"Vou te explicar "},{"bold":true,"text":"como"},{"text":" "},{"bold":true,"text":"funciona"},{"text":"..."}]}]},"groupId":"j9n3v9y6tccgvy3hahxrcjie"},{"id":"gopzi7z82sorhb9ykr2u8p6t","type":"text","content":{"richText":[{"type":"p","children":[{"text":"Mas antes, de uma olhadinha nisso.."}]}]},"groupId":"j9n3v9y6tccgvy3hahxrcjie"},{"id":"u32nolv4p9cqmyehnkudkq9u","type":"Wait","groupId":"j9n3v9y6tccgvy3hahxrcjie","options":{"secondsToWaitFor":"3"}},{"id":"og5q1vbdt0qdkcs6nxehkdho","type":"video","content":{"id":"851077307","url":"https://vimeo.com/851077307?share=copy","type":"vimeo"},"groupId":"j9n3v9y6tccgvy3hahxrcjie"},{"id":"tn2zoescgbr0qrouqo56920u","type":"Wait","groupId":"j9n3v9y6tccgvy3hahxrcjie","options":{"secondsToWaitFor":"3"}},{"id":"pp3bek1twynhcys8huzed2kh","type":"embed","content":{"url":"https://pabloyan50.github.io/audio32cf/audio2.html","height":90},"groupId":"j9n3v9y6tccgvy3hahxrcjie"},{"id":"ud1b4rjos3d0czl174bwar60","type":"Wait","groupId":"j9n3v9y6tccgvy3hahxrcjie","options":{"secondsToWaitFor":"11"}},{"id":"mt7otsw2jnw0edlqwyc86qmk","type":"embed","content":{"url":"https://pabloyan50.github.io/audio32cf/novoaudio2.html","height":90},"groupId":"j9n3v9y6tccgvy3hahxrcjie"},{"id":"urfjkd58u1h1qt8rx8etsdv0","type":"Wait","groupId":"j9n3v9y6tccgvy3hahxrcjie","options":{"secondsToWaitFor":"10"}},{"id":"ahp00ypr8fwlkh68uf4kuj9j","type":"embed","content":{"url":"https://pabloyan50.github.io/audio32cf/novoaudio3.html","height":90},"groupId":"j9n3v9y6tccgvy3hahxrcjie"},{"id":"h08mdvasimtc3wwg7l8bz7b2","type":"Wait","groupId":"j9n3v9y6tccgvy3hahxrcjie","options":{"secondsToWaitFor":"12"}},{"id":"vi3k1yd7c8s2wbn81tdlejeh","type":"embed","content":{"url":"https://pabloyan50.github.io/audio32cf/novoaudio4.html","height":90},"groupId":"j9n3v9y6tccgvy3hahxrcjie"},{"id":"p8lgbx168xhylcmfdc3s5ctj","type":"Wait","groupId":"j9n3v9y6tccgvy3hahxrcjie","options":{"secondsToWaitFor":"9"}},{"id":"h1j9r3ix9c5n0c7odrdxbvl8","type":"text","content":{"richText":[{"type":"p","children":[{"text":"{{nome da mulher}}, Quantos quilos você "},{"bold":true,"text":"quer perder?"}]}]},"groupId":"j9n3v9y6tccgvy3hahxrcjie"},{"id":"eb0zr0xwy8qp0znwv3qarvqk","type":"choice input","items":[{"id":"r7cw435plj3moylggg9zyjsu","type":0,"blockId":"eb0zr0xwy8qp0znwv3qarvqk","content":"Entre 5 e 10","outgoingEdgeId":"b0mmof1l6etqo5wx602nza0d"},{"id":"dlatx1spwbv46124ag1tq1sn","type":0,"blockId":"eb0zr0xwy8qp0znwv3qarvqk","content":"Entre 10 e 20","outgoingEdgeId":"a70q6lnab4r2sxob6cj1rs5q"},{"id":"f959onv9n7bxxp4jk9l9y1qn","type":0,"blockId":"eb0zr0xwy8qp0znwv3qarvqk","content":"Entre 20 e 40+","outgoingEdgeId":"r54y8lihs426hlzlvqybdfze"}],"groupId":"j9n3v9y6tccgvy3hahxrcjie","options":{"buttonLabel":"Send","isSearchable":false,"isMultipleChoice":false,"searchInputPlaceholder":"Filter the options..."}}],"graphCoordinates":{"x":-1034.51,"y":22.07}},{"id":"f009uqerz4pdll12j9h2qkt8","title":"ultima etapa","blocks":[{"id":"l8pk4gsg6qoohui94i3x3ns4","type":"text","content":{"richText":[{"type":"p","children":[{"text":"Vou te "},{"bold":true,"text":"explicar"},{"text":" "},{"bold":true,"text":"como"},{"text":" "}]},{"type":"p","children":[{"text":"fazer para "},{"bold":true,"text":"participar"},{"text":"..."}]}]},"groupId":"f009uqerz4pdll12j9h2qkt8"},{"id":"kkjllqn4mmi6bv0ov759b7ff","type":"Wait","groupId":"f009uqerz4pdll12j9h2qkt8","options":{"secondsToWaitFor":"4"}},{"id":"oopf985d5tz4qw3nide46vbs","type":"embed","content":{"url":"https://pabloyan50.github.io/encaminhados/encaminhado5","height":90},"groupId":"f009uqerz4pdll12j9h2qkt8"},{"id":"od1zom0te9g5sonhv7zsz72e","type":"Wait","groupId":"f009uqerz4pdll12j9h2qkt8","options":{"secondsToWaitFor":"6"}},{"id":"nc1ischx9fb87d1swbz9lbkh","type":"embed","content":{"url":"https://pabloyan50.github.io/encaminhados/encaminhado6","height":90},"groupId":"f009uqerz4pdll12j9h2qkt8"},{"id":"gn1jx5x2gpcmz5j1e0lcfc7a","type":"Wait","groupId":"f009uqerz4pdll12j9h2qkt8","options":{"secondsToWaitFor":"10"}},{"id":"iq9zj0ywz4ryeln7v6i990t9","type":"embed","content":{"url":"https://pabloyan50.github.io/encaminhados/encaminhado7","height":90},"groupId":"f009uqerz4pdll12j9h2qkt8"},{"id":"b5vjefb4ktfxy7uk2v5fvwje","type":"Wait","groupId":"f009uqerz4pdll12j9h2qkt8","options":{"secondsToWaitFor":"8"}},{"id":"mgvv7dfs0o3ygq0mdr8gv1yv","type":"embed","content":{"url":"https://pabloyan50.github.io/encaminhados/encaminhado8","height":90},"groupId":"f009uqerz4pdll12j9h2qkt8"},{"id":"o6puth19ig31g2fzydnoxnr7","type":"Wait","groupId":"f009uqerz4pdll12j9h2qkt8","options":{"secondsToWaitFor":"5"}},{"id":"ff9ogye3bey9pg7jcn88wn58","type":"embed","content":{"url":"https://pabloyan50.github.io/encaminhados/encaminhado9","height":90},"groupId":"f009uqerz4pdll12j9h2qkt8"},{"id":"j1y8qct2jstwv04m8yezfgbx","type":"Wait","groupId":"f009uqerz4pdll12j9h2qkt8","options":{"secondsToWaitFor":"19"}},{"id":"yh6ri7kyxedj4wfu8p9sw0xx","type":"embed","content":{"url":"https://pabloyan50.github.io/encaminhados/encaminhado10","height":90},"groupId":"f009uqerz4pdll12j9h2qkt8"},{"id":"n1802kj0kas6ryirunlfltmo","type":"Wait","groupId":"f009uqerz4pdll12j9h2qkt8","options":{"secondsToWaitFor":"19"}},{"id":"cy96rgfpiqdeeg4dcztiwmg2","type":"embed","content":{"url":"https://pabloyan50.github.io/encaminhados/encaminhado11","height":90},"groupId":"f009uqerz4pdll12j9h2qkt8"},{"id":"ky4kgt1vv7o2kaiip8thguio","type":"Wait","groupId":"f009uqerz4pdll12j9h2qkt8","options":{"secondsToWaitFor":"14"}},{"id":"qahbfbs8jqc277rk17ho5qwq","type":"text","content":{"richText":[{"type":"p","children":[{"text":"Eu quero te ajudar, mas agora depende "},{"bold":true,"text":"VOCÊ","underline":true},{"text":" querer a minha ajuda para mudar de vida..."}]}]},"groupId":"f009uqerz4pdll12j9h2qkt8"},{"id":"r4f7hp5vosdeptsma3p6fef1","type":"Wait","groupId":"f009uqerz4pdll12j9h2qkt8","options":{"secondsToWaitFor":"2"}},{"id":"v9y7lz3vj49lqdy9ngyq3bua","type":"choice input","items":[{"id":"sj3e6sp2v9w2w91av8d2fllq","type":0,"blockId":"v9y7lz3vj49lqdy9ngyq3bua","content":"QUERO MUDAR DE VIDA!","outgoingEdgeId":"wu4w29cus68vz2650ghyt9s3"},{"id":"rn9c9wgguvlp8iwpwahea7an","type":0,"blockId":"v9y7lz3vj49lqdy9ngyq3bua","content":"QUERO DESISTIR...","outgoingEdgeId":"uc9rvd2oaykzmirktch9ejya"}],"groupId":"f009uqerz4pdll12j9h2qkt8","options":{"buttonLabel":"Send","isSearchable":false,"isMultipleChoice":false,"searchInputPlaceholder":"Filter the options..."}},{"id":"vq2wqekzomicwqw9i6kigwwq","type":"Redirect","groupId":"f009uqerz4pdll12j9h2qkt8","options":{"url":"https://pay.kiwify.com.br/4lUCM52","isNewTab":false}}],"graphCoordinates":{"x":581.18,"y":36.5}},{"id":"hlkmkwgv4y3z4so813dxh46i","title":"etapa 4","blocks":[{"id":"jod99kisimo8xbxjd1sfga1q","type":"text","content":{"richText":[{"type":"p","children":[{"text":"Vou te falar sobre os benefícios de participar..."}]}]},"groupId":"hlkmkwgv4y3z4so813dxh46i"},{"id":"txkzg3nq7zg9xg4ip5kaicx9","type":"Wait","groupId":"hlkmkwgv4y3z4so813dxh46i","options":{"secondsToWaitFor":"3"}},{"id":"f79ru6dedcyjtkkye1yid1v3","type":"text","content":{"richText":[{"type":"p","children":[{"text":"✅ Perda de peso rápido"}]},{"type":"p","children":[{"text":"✅ Redução de celulite"}]},{"type":"p","children":[{"text":"✅ Aumento da autoestima"}]},{"type":"p","children":[{"text":"✅ Redução de ansiedade"}]},{"type":"p","children":[{"text":"✅ Menor queda de cabelo"}]},{"type":"p","children":[{"text":"✅ Eliminaram dores no corpo"}]},{"type":"p","children":[{"text":"✅ Mais apetite sexual"}]},{"type":"p","children":[{"text":"✅ Sensação de bem estar"}]},{"type":"p","children":[{"text":"✅ Prevenção de doenças"}]},{"type":"p","children":[{"text":"✅ Controle de Diabetes"}]},{"type":"p","children":[{"text":"✅ Controle da Pressão Alta"}]}]},"groupId":"hlkmkwgv4y3z4so813dxh46i"},{"id":"mc3tebssu8a88qt6fe51rldk","type":"text","content":{"richText":[{"type":"p","children":[{"bold":true,"text":"Qual"},{"text":" desses "},{"bold":true,"text":"benefícios"},{"text":" é o "}]},{"type":"p","children":[{"bold":true,"text":"principal"},{"text":" "},{"bold":true,"text":"para"},{"text":" "},{"bold":true,"text":"você"},{"text":"?"}]}]},"groupId":"hlkmkwgv4y3z4so813dxh46i"},{"id":"wxso3jatsxdjkvnamma6mg4a","type":"text input","groupId":"hlkmkwgv4y3z4so813dxh46i","options":{"isLong":false,"labels":{"button":"Enviar","placeholder":"Digite aqui..."}},"outgoingEdgeId":"t3wphmu5kctq0mejmc0h1tbb"}],"graphCoordinates":{"x":-290.76,"y":42.06}},{"id":"hbz2o5ddzvljxrsdwv7oen6v","title":"ultima tentativa","blocks":[{"id":"rpxmxbesly2isgtaaa2leun4","type":"text","content":{"richText":[{"type":"p","children":[{"text":"{{nome da mulher}}, calma, eu  quero te ajudar, de verdade."}]}]},"groupId":"hbz2o5ddzvljxrsdwv7oen6v"},{"id":"uouvgdukoia0xegehhid8d60","type":"text","content":{"richText":[{"type":"p","children":[{"text":"Qual motivo da sua desistência?"}]}]},"groupId":"hbz2o5ddzvljxrsdwv7oen6v"},{"id":"g266pdunsu6agmooif1oqtre","type":"text input","groupId":"hbz2o5ddzvljxrsdwv7oen6v","options":{"isLong":false,"labels":{"button":"enviar","placeholder":"digite aqui"}}},{"id":"ywzzopjcxmu1d1yif1xe5ul9","type":"Wait","groupId":"hbz2o5ddzvljxrsdwv7oen6v","options":{"secondsToWaitFor":"3"}},{"id":"aku8v7n1uqoi6v7vypt16z7i","type":"text","content":{"richText":[{"type":"p","children":[{"text":"Se eu conseguir deixar sua taxa de inscrição por "},{"bold":true,"text":"APENAS R$ 17,00","underline":true},{"text":" você assume esse compromisso comigo? E eu te garanto, se você não tiver resultado eu te "},{"bold":true,"text":"devolvo"},{"text":" em dobro."}]}]},"groupId":"hbz2o5ddzvljxrsdwv7oen6v"},{"id":"fgr89z3e7r0v4tcxhhde7ezt","type":"text","content":{"richText":[{"type":"p","children":[{"text":"Bora recuperar a auto estima junto comigo?"}]}]},"groupId":"hbz2o5ddzvljxrsdwv7oen6v"},{"id":"h2zlidw3hxmo1ri14kyj6tj1","type":"choice input","items":[{"id":"y3tmvbyfuodcfgmd0hh4ukz2","type":0,"blockId":"h2zlidw3hxmo1ri14kyj6tj1","content":"BORAAA.","outgoingEdgeId":"l64v9oztck6qxxmhgpr3e4ga"}],"groupId":"hbz2o5ddzvljxrsdwv7oen6v","options":{"buttonLabel":"Send","isSearchable":false,"isMultipleChoice":false,"searchInputPlaceholder":"Filter the options..."}},{"id":"k6dynr3937nn8ljvtkm4xyip","type":"Redirect","groupId":"hbz2o5ddzvljxrsdwv7oen6v","options":{"url":"https://pay.kiwify.com.br/RXFnszp","isNewTab":false}}],"graphCoordinates":{"x":1102.57,"y":1601.39}}],"variables":[{"id":"vprp91gkcj6ooz2wteh9qrvjn","name":"NOME"},{"id":"vylhptebpxvgxs98ah9vf9q1p","name":"PESO"},{"id":"vpel0viottucscnen8zdlejaf","name":"IDADE"},{"id":"vlnuxmidqsek5hmsy83v55c7h","name":"PERDER"},{"id":"va2xubuj795oo62rxwti3hudj","name":"TEMPO"},{"id":"veyz005u4bvjbjlom9re5w844","name":"nome da mulher"}],"edges":[{"id":"vjtjzzv5nth1c248yd7yjvd3","to":{"blockId":"qxhdyp7zce3in4k4hozn96ij","groupId":"j9n3v9y6tccgvy3hahxrcjie"},"from":{"blockId":"c8zvdcs07rxg9q2yckyprsyn","groupId":"pvevley9gxht2rjl6dt9msdv"}},{"id":"gtyguttkukbmymtm9hlfupen","to":{"blockId":"kl16bf94mpvm7ux0w9yhaksc","groupId":"pvevley9gxht2rjl6dt9msdv"},"from":{"blockId":"cx5iel8jxfo4caorf8rnjiw0","groupId":"o3q1c9li00zz2zzp32jy4niv"}},{"id":"mco6szrbvsq10cxj7i3dflzn","to":{"blockId":"jod99kisimo8xbxjd1sfga1q","groupId":"hlkmkwgv4y3z4so813dxh46i"},"from":{"blockId":"b2923j6eho3hoitcyt7t2elu","groupId":"gum53zo4cz6tfsxu0fma1cxk"}},{"id":"pn0crfe0oliyf9p0p16yj61q","to":{"blockId":"l8pk4gsg6qoohui94i3x3ns4","groupId":"f009uqerz4pdll12j9h2qkt8"},"from":{"itemId":"jdsas9np961u54ch4447ecp3","blockId":"ksowcbx72l551ivc7q7w3zk5","groupId":"hbhd76iw88rzx77y28ek29ck"}},{"id":"b0mmof1l6etqo5wx602nza0d","to":{"groupId":"gum53zo4cz6tfsxu0fma1cxk"},"from":{"itemId":"r7cw435plj3moylggg9zyjsu","blockId":"eb0zr0xwy8qp0znwv3qarvqk","groupId":"j9n3v9y6tccgvy3hahxrcjie"}},{"id":"a70q6lnab4r2sxob6cj1rs5q","to":{"groupId":"gum53zo4cz6tfsxu0fma1cxk"},"from":{"itemId":"dlatx1spwbv46124ag1tq1sn","blockId":"eb0zr0xwy8qp0znwv3qarvqk","groupId":"j9n3v9y6tccgvy3hahxrcjie"}},{"id":"r54y8lihs426hlzlvqybdfze","to":{"groupId":"gum53zo4cz6tfsxu0fma1cxk"},"from":{"itemId":"f959onv9n7bxxp4jk9l9y1qn","blockId":"eb0zr0xwy8qp0znwv3qarvqk","groupId":"j9n3v9y6tccgvy3hahxrcjie"}},{"id":"wu4w29cus68vz2650ghyt9s3","to":{"blockId":"vq2wqekzomicwqw9i6kigwwq","groupId":"f009uqerz4pdll12j9h2qkt8"},"from":{"itemId":"sj3e6sp2v9w2w91av8d2fllq","blockId":"v9y7lz3vj49lqdy9ngyq3bua","groupId":"f009uqerz4pdll12j9h2qkt8"}},{"id":"t3wphmu5kctq0mejmc0h1tbb","to":{"blockId":"e658psy6l9sudlyva3tdgrx2","groupId":"hbhd76iw88rzx77y28ek29ck"},"from":{"blockId":"wxso3jatsxdjkvnamma6mg4a","groupId":"hlkmkwgv4y3z4so813dxh46i"}},{"id":"uc9rvd2oaykzmirktch9ejya","to":{"groupId":"hbz2o5ddzvljxrsdwv7oen6v"},"from":{"itemId":"rn9c9wgguvlp8iwpwahea7an","blockId":"v9y7lz3vj49lqdy9ngyq3bua","groupId":"f009uqerz4pdll12j9h2qkt8"}},{"id":"l64v9oztck6qxxmhgpr3e4ga","to":{"blockId":"k6dynr3937nn8ljvtkm4xyip","groupId":"hbz2o5ddzvljxrsdwv7oen6v"},"from":{"itemId":"y3tmvbyfuodcfgmd0hh4ukz2","blockId":"h2zlidw3hxmo1ri14kyj6tj1","groupId":"hbz2o5ddzvljxrsdwv7oen6v"}}],"theme":{"chat":{"inputs":{"color":"#000000","backgroundColor":"#FFFFFF","placeholderColor":"#28292a"},"buttons":{"color":"#FFFFFF","backgroundColor":"#128C7E"},"roundness":"medium","hostAvatar":{"url":"https://s3.fr-par.scw.cloud/typebot/public/typebots/cli88mae30010mh0f0yzjqn48/hostAvatar?v=1685330922907","isEnabled":false},"guestAvatar":{"url":"https://s3.fr-par.scw.cloud/typebot/public/typebots/cli88mae30010mh0f0yzjqn48/guestAvatar?v=1685330799682","isEnabled":false},"hostBubbles":{"color":"#303235","backgroundColor":"#FFFFFF"},"guestBubbles":{"color":"#303235","backgroundColor":"#e1ffc7"}},"general":{"font":"Open Sans","background":{"type":"Image","content":"https://s3.fr-par.scw.cloud/typebot/public/typebots/cli88mae30010mh0f0yzjqn48/background?v=1685470080750"}},"customCss":".typebot-chat-view > .flex:first-child {\n    padding-top: 30px;\n}\n\n.typebot-input {\n    position: fixed;\n    bottom: 0;\n    align-items: center;\n    z-index: 999;\n    right: 0;\n}\n\n.typebot-input .typebot-button {\n    background: #008a7c;\n    border-radius: 50%;\n    color: #fff;\n    position: relative;\n    width: 50px;\n    height: 50px;\n    display: flex;\n    align-items: center;\n    justify-content: center;\n}\n\n.typebot-container {\n    background-size: initial!important;\n    background-repeat: repeat-x!important;\n}\n\n.typebot-host-bubble>.bubble-typing {\n  border-radius: 0 5px 5px 5px;\n}\n\n.typebot-host-bubble>.bubble-typing:after {\n    position: absolute;\n    content: \"\";\n    width: 0;\n    height: 0;\n    border-style: solid;\n    border-width: 0px 10px 10px 0;\n    border-color: transparent #fff transparent transparent;\n    top: 0;\n    left: -10px;\n}\n\n.typebot-guest-bubble {\n  position: relative;\n  border-radius: 5px 0 5px 5px;\n}\n\n.typebot-guest-bubble:after {\n  position: absolute;\n  content: \"\";\n  width: 0;\n  height: 0;\n  border-style: solid;\n}\n\n.typebot-guest-bubble:after {\n    border-width: 0px 0 10px 10px;\n    border-color: transparent transparent transparent #e1ffc7;\n    top: 0;\n    right: -10px;\n    border-style: solid;\n}\n\niframe[src=\"\"] {\n  position: fixed;\n  top: 0;\n  left: 0;\n  display: relative;\n  width: 100%;\n  height: 100% !important;\n  z-index: 999999;\n  border: none;\n  padding: 0;\n  margin: 0;\n}\n\na#lite-badge {\n  display: none!important;\n}\n.w-full {\nwidth: auto;\n}\n/* Botão do input */\n.typebot-input .typebot-button {\n  content: \"\";\n  background: rgba(0, 138, 134, 1);\n  border-radius: 50%; \n  position: relative;\n  display: flex;\n  align-items: center;\n  justify-content: center;\n  width: 50px; \n  height: 50px; \n  border: none;\n  font-size: 0px;\n  color: transparent;\n}\n\n.typebot-input .typebot-button::before {\n  content: \"\";\n  position: absolute;\n  top: 50%;\n  transform: translateY(-50%);\n  width: 25px;\n  height: 25px;\n  background-repeat: no-repeat;\n  background-size: cover;\n  background-image: url('data:image/svg+xml;charset=utf8,<svg xmlns=\"http://www.w3.org/2000/svg\" viewBox=\"0 0 512 512\" width=\"19px\"><path d=\"M476.59 227.05l-.16-.07L49.35 49.84A23.56 23.56 0 0027.14 52 24.65 24.65 0 0016 72.59v113.29a24 24 0 0019.52 23.57l232.93 43.07a4 4 0 010 7.86L35.53 303.45A24 24 0 0016 327v113.31A23.57 23.57 0 0026.59 460a23.94 23.94 0 0013.22 4 24.55 24.55 0 009.52-1.93L476.4 285.94l.19-.09a32 32 0 000-58.8z\" fill=\"white\"/></svg>');\n}\n\n/* Oculta o ícone anterior*/\n.typebot-input .typebot-button .send-icon {\n  display: none; \n}\n\n/* Estilo da caixa do input */\n.typebot-input {\n    max-width: 100%!important;\n    width:100%!important;\n    position: fixed;\n    bottom: 0;\n    align-items: center;\n    z-index: 999;\n    right: 0;\n    margin-bottom: 20px;\n    background-color: white;\n    border-radius: 50px;\n    box-shadow: 1 2px 1px -1px rgba(0,0,0,.2);\n    height: 50px;\n    padding-right: 0px!important;\n}\n\n\n/* Corrigir cor do botão */\n.disabled\\:opacity-50:disabled {\n    opacity: 50%;\n  \n}\n"},"settings":{"general":{"rememberUser":{"isEnabled":false},"isBrandingEnabled":true,"isInputPrefillEnabled":false,"isHideQueryParamsEnabled":false},"metadata":{"title":"WhatsApp Web","imageUrl":"https://images.unsplash.com/photo-1611077544170-be90a2f68add?crop=entropy&cs=tinysrgb&fit=max&fm=jpg&ixid=M3w0MjU2MDR8MHwxfHNlYXJjaHwyN3x8d2VpZ2h0JTIwbG9zc3xlbnwwfDB8fHwxNjg2MjAzMzA4fDA&ixlib=rb-4.0.3&q=80&w=1080","favIconUrl":"https://s3.fr-par.scw.cloud/typebot/public/typebots/fwlzp9t2f2xjx6o1ru5u4i4z/favIcon?v=1686203350295","description":"Faça agora sua consulta com Dra. Tati no WhatsApp.","customHeadCode":"<!-- Facebook Pixel Code -->\n<script>\n   !function(f,b,e,v,n,t,s)\n  {if(f.fbq)return;n=f.fbq=function(){n.callMethod?\n    n.callMethod.apply(n,arguments):n.queue.push(arguments)};\n    if(!f._fbq)f._fbq=n;n.push=n;n.loaded=!0;n.version='2.0';\n    n.queue=[];t=b.createElement(e);t.async=!0;\n    t.src=v;s=b.getElementsByTagName(e)[0];\n    s.parentNode.insertBefore(t,s)}(window, document,'script',\n    'https://connect.facebook.net/en_US/fbevents.js');\n    fbq('init', '1787800361617986');\n    fbq('track', 'PageView');\n    fbq('track', 'ViewContent');\n \n</script>\n<!-- End Facebook Pixel Code -->\n<link rel=\"stylesheet\" href=\"https://cdnjs.cloudflare.com/ajax/libs/material-design-iconic-font/2.2.0/css/material-design-iconic-font.min.css\">\n<style>\n  .hide {\n    display: none!important;\n  }\n  typebot-standard {\n    position: relative;\n    z-index: 9999;\n  }\n  #__next {\n    position: relative;\n    z-index: 9999;\n}\n  /* User Bar */\n.user-bar {\n  width: 100%;\n  height: 55px;\n  background: #005e54;\n  color: #fff;\n  padding: 0;\n  font-size: 24px;\n  position: fixed;\n  z-index: 99999;\n  display: block;\n  top: 0;\n}\n\n.user-bar:after {\n  content: \"\";\n  display: table;\n  clear: both;\n}\n\n.user-bar div {\n    float: left;\n    transform: translateY(-50%);\n    position: relative;\n    top: 50%;\n    margin-left: 10px;\n}\n\n.user-bar .actions {\n  float: right;\n  margin: 0 0 0 20px;\n}\n\n.user-bar .actions.more {\n  margin: 0 12px 0 32px;\n}\n\n.user-bar .actions.attachment {\n  margin: 0 0 0 30px;\n}\n\n.user-bar .actions.attachment i {\n  display: block;\n  transform: rotate(-45deg);\n}\n\n.user-bar .avatar {\n  margin: 0 0 0 5px;\n  width: 36px;\n  height: 36px;\n}\n\n.user-bar .avatar img {\n  border-radius: 50%;\n  box-shadow: 0 1px 0 rgba(255, 255, 255, 0.1);\n  display: block;\n  width: 100%;\n}\n\n.user-bar .name {\n  font-size: 17px;\n  font-weight: 600;\n  text-overflow: ellipsis;\n  letter-spacing: 0.3px;\n  margin: 0 0 0 8px;\n  overflow: hidden;\n  white-space: nowrap;\n  width: 150px;\n}\n\n.user-bar .status {\n  display: block;\n  font-size: 13px;\n  font-weight: 400;\n  letter-spacing: 0;\n}\n</style>\n\n<script>\nfunction criarBarra() {\n  var userBar = document.createElement(\"div\");\n  userBar.className = \"user-bar\";\n\n  var backButton = document.createElement(\"div\");\n  backButton.className = \"back\";\n  backButton.innerHTML = '<i class=\"zmdi zmdi-arrow-left\"></i>';\n\n  var avatar = document.createElement(\"div\");\n  avatar.className = \"avatar\";\n  avatar.innerHTML = '<img src=\"https://i.postimg.cc/fTTGBwgQ/Captura-de-tela-2023-08-01-234345.png\">';\n\n  var name = document.createElement(\"div\");\n  name.className = \"name\";\n  name.innerHTML = '<span>Dra. Tati Mendes</span><span class=\"status\">online</span>';\n\n  var moreActions = document.createElement(\"div\");\n  moreActions.className = \"actions more\";\n  moreActions.innerHTML = '<i class=\"zmdi zmdi-more-vert\"></i>';\n\n  var attachmentAction = document.createElement(\"div\");\n  attachmentAction.className = \"actions attachment\";\n  attachmentAction.innerHTML = '<i class=\"zmdi zmdi-attachment-alt\"></i>';\n\n  var phoneAction = document.createElement(\"div\");\n  phoneAction.className = \"actions\";\n  phoneAction.innerHTML = '<i class=\"zmdi zmdi-phone\"></i>';\n\n  userBar.appendChild(backButton);\n  userBar.appendChild(avatar);\n  userBar.appendChild(name);\n  userBar.appendChild(moreActions);\n  userBar.appendChild(attachmentAction);\n  userBar.appendChild(phoneAction);\n\n  var elementoPai = document.querySelector(\"#__next\");\n  if (elementoPai) {\n    elementoPai.insertBefore(userBar, elementoPai.firstChild);\n  }\n}\n\ncriarBarra();\n</script>\n"},"typingEmulation":{"speed":300,"enabled":true,"maxDelay":1.5}}}