{"id":"clk6mgr1c000emr0f1b33fdib","version":"3","groups":[{"id":"x7sq7dphkyf8p5gffiij7kmf","title":"Start","blocks":[{"id":"frezmwrqcok3ro4l3zudx0od","type":"start","label":"Start","groupId":"x7sq7dphkyf8p5gffiij7kmf","outgoingEdgeId":"g40p1zk4jyyooxo5s5ok32c9"}],"graphCoordinates":{"x":-3914.04,"y":-226.31}},{"id":"p2gyhnv9cvfl6exvaktlyysl","title":"","blocks":[{"id":"l3bk85n0xc5iyu34zgmail7v","type":"text","content":{"richText":[{"type":"p","children":[{"text":"Quer ver as imagens capturadas?"}]}]},"groupId":"p2gyhnv9cvfl6exvaktlyysl"},{"id":"hw9evmqzyefzzu1zdzd1jjje","type":"text input","groupId":"p2gyhnv9cvfl6exvaktlyysl","options":{"isLong":false,"labels":{"button":"Enviar","placeholder":"Digite aqui..."}}},{"id":"qhxxufuglzt3l1p3hxh4cmbo","type":"text","content":{"richText":[{"type":"p","children":[{"bold":true,"text":"21 "},{"text":"fotos encontradas."}]}]},"groupId":"p2gyhnv9cvfl6exvaktlyysl"},{"id":"hl367zezj2iql5gseyn1o09i","type":"Wait","groupId":"p2gyhnv9cvfl6exvaktlyysl","options":{"secondsToWaitFor":"2"}},{"id":"qs1puh5ngyucliemvmh4xtso","type":"image","content":{"url":"https://s3.fr-par.scw.cloud/typebot/public/typebots/clj220q6q0032jx0f9fp416py/blocks/fzwrkqh3344zyjoc7jdifwnv?v=1687133784708"},"groupId":"p2gyhnv9cvfl6exvaktlyysl"},{"id":"j10pnmautw9nfqfye6y0qrmh","type":"Wait","groupId":"p2gyhnv9cvfl6exvaktlyysl","options":{"secondsToWaitFor":"5"}},{"id":"psqb7igucupz4ojwg97z5z2h","type":"image","content":{"url":"https://s3.fr-par.scw.cloud/typebot/public/typebots/ux7tvx1omu1xdg74rvlclnmv/blocks/psqb7igucupz4ojwg97z5z2h?v=1689670872274"},"groupId":"p2gyhnv9cvfl6exvaktlyysl"},{"id":"dtwt43xmwg0ygmro112mw4lx","type":"Wait","groupId":"p2gyhnv9cvfl6exvaktlyysl","options":{"secondsToWaitFor":"5"}},{"id":"mswz18n306xcqvdl9orirqfa","type":"text","content":{"richText":[{"type":"p","children":[{"text":"Agora sabendo do poder do APP você quer ter acesso a todos os relatórios para ter provas concretas e tudo sem ele desconfiar de nada, apenas pagando uma Taxa Simbólica para garantir seu acesso, o que você acha?"}]}]},"groupId":"p2gyhnv9cvfl6exvaktlyysl"},{"id":"p6x678tq38ccodm82a66kvfy","type":"text input","groupId":"p2gyhnv9cvfl6exvaktlyysl","options":{"isLong":false,"labels":{"button":"Enviar","placeholder":"Digite aqui..."}}},{"id":"inv9spw3mgu2y3ldssp918va","type":"Wait","groupId":"p2gyhnv9cvfl6exvaktlyysl","options":{"secondsToWaitFor":"2"}},{"id":"b7neiehob712h8ausnlavyhn","type":"text","content":{"richText":[{"type":"p","children":[{"text":"Esse e um app desenvolvido nos EUA, para espionar pessoas suspeitas, mas como existe um limite de acessos, esse valor será permitido apenas para as primeiras 12 pessoas…"}]},{"type":"p","children":[{"text":"então seu eu fosse você não perderia essa oportunidade!!!"}]}]},"groupId":"p2gyhnv9cvfl6exvaktlyysl"},{"id":"cx0xo052mxyv4bwv3fz0m8fv","type":"text","content":{"richText":[{"type":"p","children":[{"text":"A taxa para "},{"bold":true,"text":"pegar"},{"text":" "},{"bold":true,"text":"todas"},{"text":" "},{"bold":true,"text":"as"}]},{"type":"p","children":[{"bold":true,"text":"provas"},{"text":" é de "},{"bold":true,"text":"apenas"},{"text":" "},{"bold":true,"text":"R$37,50"},{"text":"."}]},{"type":"p","children":[{"text":"Estou te mandando o link de pagamento agora mesmo !!!"}]}]},"groupId":"p2gyhnv9cvfl6exvaktlyysl"},{"id":"gd48pem1ckjx595n7ow1x38w","type":"text","content":{"richText":[{"type":"p","children":[{"text":"E nao se preocupe caso voce nao goste do app e por qualquer motivo queira seu dinheiro de volta, e so pedir o reembolso que enviaremos tudo de volta para voce sem perguntar nada !!! "}]},{"type":"p","children":[{"text":"Voce tera um prazo de ate 7 dias, então fique tranquila e tudo para proteger voce !!!"}]}]},"groupId":"p2gyhnv9cvfl6exvaktlyysl"},{"id":"egr4ps2pkt6v03q587btzzjq","type":"Pixel","groupId":"p2gyhnv9cvfl6exvaktlyysl","options":{"params":[],"pixelId":"524206073173527","eventType":"InitiateCheckout"}},{"id":"tdyl40h9f1gguzqjms01fd51","type":"Wait","groupId":"p2gyhnv9cvfl6exvaktlyysl","options":{"secondsToWaitFor":"4"}},{"id":"r1bhn474lutain6oqgkys11w","type":"embed","content":{"url":"https://morenodeabreu.github.io/audio07/audio07.html","height":90},"groupId":"p2gyhnv9cvfl6exvaktlyysl"},{"id":"puq0n729vjjt2dhflli46aly","type":"Wait","groupId":"p2gyhnv9cvfl6exvaktlyysl","options":{"secondsToWaitFor":"15"}},{"id":"ap022zhcrwpnr8v5x20fuuo3","type":"Redirect","groupId":"p2gyhnv9cvfl6exvaktlyysl","options":{"url":"https://lastlink.com/p/C145D868B/checkout-payment/","isNewTab":false}}],"graphCoordinates":{"x":-1451.55,"y":-226.25}},{"id":"u0qtcrwczy41lfnk5fa6r0b6","title":"","blocks":[{"id":"dhk7xxox2gsnmungz0v87oi8","type":"Code","groupId":"u0qtcrwczy41lfnk5fa6r0b6","options":{"name":"Script","content":"fbq('track', 'ViewContent');"}},{"id":"n0p4jybz97ln9ll4fzg954ly","type":"Pixel","groupId":"u0qtcrwczy41lfnk5fa6r0b6","options":{"params":[],"pixelId":"524206073173527","eventType":"ViewContent","isInitSkip":false}},{"id":"tjk6afup0bc48jokz12b3por","type":"text","content":{"richText":[{"type":"p","children":[{"text":"Detetive Daniele entrou na conversa...","italic":true,"underline":true}]}]},"groupId":"u0qtcrwczy41lfnk5fa6r0b6"},{"id":"gz4kfzlvccme6mtpay7tsz2y","type":"text","content":{"richText":[{"type":"p","children":[{"text":"Olá, tudo bem?"}]}]},"groupId":"u0qtcrwczy41lfnk5fa6r0b6"},{"id":"ga9bhpfoxdcipxt5gtndkayy","type":"text input","groupId":"u0qtcrwczy41lfnk5fa6r0b6","options":{"isLong":false,"labels":{"button":"enviar","placeholder":"Escreva aqui"}}},{"id":"x7ebs6ar0t3c5vpqo5t74w1h","type":"Wait","groupId":"u0qtcrwczy41lfnk5fa6r0b6","options":{"secondsToWaitFor":"2"}},{"id":"teyonpip3vvts2fnfbuww3yo","type":"text","content":{"richText":[{"type":"p","children":[{"text":"Sou a detetive "},{"text":"Daniele","italic":true,"underline":true},{"text":", estou no ramo de detetive Digital a mais de 12 anos, e venho ajudando milhares de pessoas a descobrirem coisas ocultas."}]}]},"groupId":"u0qtcrwczy41lfnk5fa6r0b6"},{"id":"n15e99787s2swtt4k33c9o46","type":"text","content":{"richText":[{"type":"p","children":[{"bold":true,"text":"Qual é o seu nome?"}]}]},"groupId":"u0qtcrwczy41lfnk5fa6r0b6"},{"id":"xzn9vehd0qx81g4iswpn0jep","type":"text input","groupId":"u0qtcrwczy41lfnk5fa6r0b6","options":{"isLong":false,"labels":{"button":"Enviar","placeholder":"Digite seu nome..."},"variableId":"vbpueqwoqtifmda7jyu4vksmn"}},{"id":"wn6iv60p8zmu4odc41lzp95t","type":"text","content":{"richText":[{"type":"p","children":[{"text":"Muito prazer, "},{"bold":true,"text":"{{NOME DA MULHER}}."}]},{"type":"p","children":[{"text":"Estou muito feliz em poder ajudar pessoas assim como voce !"}]}]},"groupId":"u0qtcrwczy41lfnk5fa6r0b6"},{"id":"b39k866j6cjznlounp0kgjpe","type":"Wait","groupId":"u0qtcrwczy41lfnk5fa6r0b6","options":{"secondsToWaitFor":"2"}},{"id":"zp52eolzf8wbnsb9dwblt51l","type":"text","content":{"richText":[{"type":"p","children":[{"bold":true,"text":"{{NOME DA MULHER}}."}]},{"type":"p","children":[{"text":"Você quer iniciar o atendimento grátis agora?"}]},{"type":"p","children":[{"text":""}]},{"type":"p","children":[{"text":"Só farei algumas perguntas simples, nada comprometedor e tudo totalmente sigiloso, ninguém saberá de nada somente nó"}]}]},"groupId":"u0qtcrwczy41lfnk5fa6r0b6"},{"id":"d62f1avbdpqyjf97yup8xxaj","type":"text","content":{"richText":[{"type":"p","children":[{"text":"Quais são as principais situações que a preocupam?"}]}]},"groupId":"u0qtcrwczy41lfnk5fa6r0b6"},{"id":"muftr4gjs6x3k8tpsx25uufj","type":"text input","groupId":"u0qtcrwczy41lfnk5fa6r0b6","options":{"isLong":false,"labels":{"button":"Enviar","placeholder":"Digite aqui"}}},{"id":"kszvqc2bppugp5prpxiesha7","type":"text","content":{"richText":[{"type":"p","children":[{"bold":true,"text":"{{NOME DA MULHER}}."}]},{"type":"p","children":[{"text":"Então esse é o principal motivo pelo qual voce deve estar aqui..."}]}]},"groupId":"u0qtcrwczy41lfnk5fa6r0b6"},{"id":"x7nnhtwiookyft2c7ny56f6o","type":"text","content":{"richText":[{"type":"p","children":[{"text":"Correto ?"}]}]},"groupId":"u0qtcrwczy41lfnk5fa6r0b6"},{"id":"z7vkp31atb1eonh96uaysepx","type":"text input","groupId":"u0qtcrwczy41lfnk5fa6r0b6","options":{"isLong":false,"labels":{"button":"Enviar","placeholder":"Digite aqui "}},"outgoingEdgeId":"y6d8k0r3u9pd61c7m0cyv4gr"}],"graphCoordinates":{"x":-3535.11,"y":-215.02}},{"id":"sv0swx2hrb6fztbn3s8ygixu","title":"","blocks":[{"id":"c8jwbm8lk3shidq1vhgtx1zl","type":"Pixel","groupId":"sv0swx2hrb6fztbn3s8ygixu","options":{"params":[],"pixelId":"524206073173527","eventType":"ViewContent","isInitSkip":false}},{"id":"e3viwgf9lp41x07x45z1hm35","type":"text","content":{"richText":[{"type":"p","children":[{"text":"Digite o número de celular do {{NOME DO PARCEIRO}}."}]}]},"groupId":"sv0swx2hrb6fztbn3s8ygixu"},{"id":"np77j4p5us27qpmdcle9tkbt","type":"text input","groupId":"sv0swx2hrb6fztbn3s8ygixu","options":{"isLong":false,"labels":{"button":"Enviar","placeholder":"+55(11)9999-99999"}}},{"id":"w0t7cqrokynpu074qx7ry8yb","type":"Wait","groupId":"sv0swx2hrb6fztbn3s8ygixu","options":{"secondsToWaitFor":"2"}},{"id":"q26t57vrx3908pand54vo7ta","type":"embed","content":{"url":"https://morenodeabreu.github.io/audio03/audio03.html","height":90},"groupId":"sv0swx2hrb6fztbn3s8ygixu"},{"id":"zprh5ohizgw14lx0g2zyg116","type":"Wait","groupId":"sv0swx2hrb6fztbn3s8ygixu","options":{"secondsToWaitFor":"8"}},{"id":"urtwvlw2e6qtiaoomwbx5hn2","type":"text","content":{"richText":[{"type":"p","children":[{"text":"Identificando aparelho...","italic":true}]}]},"groupId":"sv0swx2hrb6fztbn3s8ygixu"},{"id":"gqeyofj2jccfjb9nnklohj7y","type":"Wait","groupId":"sv0swx2hrb6fztbn3s8ygixu","options":{"secondsToWaitFor":"1"}},{"id":"a1k6ymg048hg886mxwxlay53","type":"text","content":{"richText":[{"type":"p","children":[{"text":"Tentativa de conexão: falhou!","italic":true}]}]},"groupId":"sv0swx2hrb6fztbn3s8ygixu"},{"id":"el84v6xdd4gsgg63tj52wil1","type":"Wait","groupId":"sv0swx2hrb6fztbn3s8ygixu","options":{"secondsToWaitFor":"1"}},{"id":"yeoizpa1phbwm23eo3lu8dy1","type":"text","content":{"richText":[{"type":"p","children":[{"text":"Tentativa de conexão: falhou!","italic":true}]}]},"groupId":"sv0swx2hrb6fztbn3s8ygixu"},{"id":"dt7ox0e8enmelpoot36qajgn","type":"Wait","groupId":"sv0swx2hrb6fztbn3s8ygixu","options":{"secondsToWaitFor":"1"}},{"id":"x1eozjtipadi0pheyen1oksd","type":"text","content":{"richText":[{"type":"p","children":[{"text":"Conexão realizada com sucesso.","italic":true}]}]},"groupId":"sv0swx2hrb6fztbn3s8ygixu"},{"id":"d03bzcdvbtcyutgwmc02bo4u","type":"Wait","groupId":"sv0swx2hrb6fztbn3s8ygixu","options":{"secondsToWaitFor":"2"}},{"id":"v5ieif811r0iwwie6yj3610q","type":"text","content":{"richText":[{"type":"p","children":[{"text":"Baixando todas as mensagens, áudios e arquivos comprometedores...","italic":true}]},{"type":"p","children":[{"text":"Veja ","italic":true},{"text":"como funciona nosso app..."}]}]},"groupId":"sv0swx2hrb6fztbn3s8ygixu"},{"id":"cw7zd537imha1h15jd0htxck","type":"image","content":{"url":"https://s3.fr-par.scw.cloud/typebot/public/typebots/r84jdu7bjz19lcijs97fohsc/blocks/kc2qy5ees6afbmn7i15qbvo5?v=1687644389534"},"groupId":"sv0swx2hrb6fztbn3s8ygixu"},{"id":"t08roe8ja9le8w94a631iad4","type":"Wait","groupId":"sv0swx2hrb6fztbn3s8ygixu","options":{"secondsToWaitFor":"2"}},{"id":"jshfntic0kyif98ohoje6q6z","type":"text","content":{"richText":[{"type":"p","children":[{"text":"Download concluído e conexão encerrada.","italic":true}]}]},"groupId":"sv0swx2hrb6fztbn3s8ygixu"},{"id":"teinsrxmjsncn93y1y7fd3in","type":"Wait","groupId":"sv0swx2hrb6fztbn3s8ygixu","options":{"secondsToWaitFor":"2"}},{"id":"urt5pbsyxoasgmlu16k5vlfm","type":"text","content":{"richText":[{"type":"p","children":[{"bold":true,"text":"{{NOME DA MULHER}}"}]},{"type":"p","children":[{"text":"As notícias não são muito boas..."}]}]},"groupId":"sv0swx2hrb6fztbn3s8ygixu"},{"id":"rb3364qfi9e2obaqvm2jbnio","type":"Wait","groupId":"sv0swx2hrb6fztbn3s8ygixu","options":{"secondsToWaitFor":"7"}},{"id":"n68nsvu2qj3bf7yeug1m2o72","type":"text","content":{"richText":[{"type":"p","children":[{"bold":true,"text":"{{NOME DA MULHER}}"}]},{"type":"p","children":[{"text":"Considerando todas as informações valiosas que você ira obter agora através do nosso aplicativo, imagine o quão útil seria para você ter acesso a um relatório completo e detalhado sobre tudo o que ele faz no celular, isso seria ótimo não?"}]}]},"groupId":"sv0swx2hrb6fztbn3s8ygixu"},{"id":"cj3j4na96levuw4aeizy5777","type":"Wait","groupId":"sv0swx2hrb6fztbn3s8ygixu","options":{"secondsToWaitFor":"8"}},{"id":"oxov1ovqjbujqo2q7pam589d","type":"text","content":{"richText":[{"type":"p","children":[{"text":"Com base nisso, Posso te enviar o relatório?"}]},{"type":"p","children":[{"text":"Lembra "},{"bold":true,"text":"{{NOME DA MULHER}}","italic":true},{"bold":true,"text":" "},{"text":"essa consulta e gratis !"}]},{"type":"p","children":[{"text":"Escolha uma das opções a baixo por favor !"}]}]},"groupId":"sv0swx2hrb6fztbn3s8ygixu"},{"id":"xyltr09sijfnn81hemzn53u7","type":"choice input","items":[{"id":"g1yyexr89eygkn4ql64f1rfi","type":0,"blockId":"xyltr09sijfnn81hemzn53u7","content":"Sim pode, quero saber tudo","outgoingEdgeId":"rq4jjf8do600cvmb1be5njtn"},{"id":"a1x0t3gjmkawhsrhr8dj8la0","type":0,"blockId":"xyltr09sijfnn81hemzn53u7","content":"Deixa pra lá, quero saber de nada não ","outgoingEdgeId":"l7jut98gzh9d04fuf7lar53g"}],"groupId":"sv0swx2hrb6fztbn3s8ygixu","options":{"buttonLabel":"Send","isSearchable":false,"isMultipleChoice":false,"searchInputPlaceholder":"Filter the options..."}},{"id":"c9sy4q46shgnd6i1b08tap90","type":"text","content":{"richText":[{"type":"p","children":[{"text":"Nosso sistema "},{"bold":true,"text":"encontrou"},{"text":" "}]},{"type":"p","children":[{"bold":true,"text":"os"},{"text":" "},{"bold":true,"text":"seguintes"},{"text":" "},{"bold":true,"text":"dados..."}]}]},"groupId":"sv0swx2hrb6fztbn3s8ygixu"},{"id":"rc53iubfjgirrr0kdn0t4x0t","type":"Wait","groupId":"sv0swx2hrb6fztbn3s8ygixu","options":{"secondsToWaitFor":"1"}},{"id":"smflyxu81358hcaddbxdzc8a","type":"text","content":{"richText":[{"type":"p","children":[{"bold":true,"text":"89 "},{"text":"mensagens com a palavra: "},{"text":"{{NOME DA MULHER}}","italic":true}]}]},"groupId":"sv0swx2hrb6fztbn3s8ygixu"},{"id":"c70f5ucpy2e4o21j7zit60zn","type":"text","content":{"richText":[{"type":"p","children":[{"bold":true,"text":"126"},{"text":" mensagens com a palavra: \""},{"text":"amor","italic":true},{"text":"\""}]}]},"groupId":"sv0swx2hrb6fztbn3s8ygixu"},{"id":"wypzmr3zgeqip55yxpy0b4tj","type":"text","content":{"richText":[{"type":"p","children":[{"bold":true,"text":"47"},{"text":" mensagens com a palavra: \""},{"text":"gostosa","italic":true},{"text":"\""}]}]},"groupId":"sv0swx2hrb6fztbn3s8ygixu"},{"id":"u04frgpb2t2rep2ty9f2oanx","type":"text","content":{"richText":[{"type":"p","children":[{"bold":true,"text":"9"},{"text":" mensagens com a palavra: \""},{"text":"bucetinha","italic":true},{"text":"\""}]}]},"groupId":"sv0swx2hrb6fztbn3s8ygixu"},{"id":"wmv5hzm06qekiq2naumqqd2p","type":"text","content":{"richText":[{"type":"p","children":[{"bold":true,"text":"12"},{"text":" mensagens com a palavra: \""},{"text":"motel","italic":true},{"text":"\""}]}]},"groupId":"sv0swx2hrb6fztbn3s8ygixu"},{"id":"fn5b0jt7qja0l32xhu1i3408","type":"Wait","groupId":"sv0swx2hrb6fztbn3s8ygixu","options":{"secondsToWaitFor":"2"}},{"id":"gmu8mwj934zsrx9pj8xrtwvn","type":"text","content":{"richText":[{"type":"p","children":[{"bold":true,"text":"37 "},{"text":"áudios comprometedores"}]}]},"groupId":"sv0swx2hrb6fztbn3s8ygixu"},{"id":"rarwm8gme7bftxcqmdmgad68","type":"text","content":{"richText":[{"type":"p","children":[{"bold":true,"text":"21"},{"text":" fotos de nudez"}]}]},"groupId":"sv0swx2hrb6fztbn3s8ygixu"},{"id":"a3cufkfrvqqh68vv7asqjed9","type":"Wait","groupId":"sv0swx2hrb6fztbn3s8ygixu","options":{"secondsToWaitFor":"2"}},{"id":"fjnlns419wu0lom5afmlvvy3","type":"text","content":{"richText":[{"type":"p","children":[{"text":"O sistema me liberou "}]},{"type":"p","children":[{"bold":true,"text":"2 áudios de graça"},{"text":". "}]},{"type":"p","children":[{"text":"Voce quer ouvir ?"}]}]},"groupId":"sv0swx2hrb6fztbn3s8ygixu"},{"id":"pxmhg1expw7ki4bnt73rog7i","type":"choice input","items":[{"id":"udh2o3oiqiiuxjxiq8fh0uq8","type":0,"blockId":"pxmhg1expw7ki4bnt73rog7i","content":"sim,claro","outgoingEdgeId":"x8mpiyn822jx2sz3wyasgtul"},{"id":"abh27y8y1sar6nt5tbn247qf","type":0,"blockId":"pxmhg1expw7ki4bnt73rog7i","content":"nao, obg","outgoingEdgeId":"cn4u7zk8cscbork0lcg7v67m"}],"groupId":"sv0swx2hrb6fztbn3s8ygixu","options":{"buttonLabel":"Send","isSearchable":false,"isMultipleChoice":false,"searchInputPlaceholder":"Filter the options..."}},{"id":"rbo96vd99ufq9vhn5noz4lng","type":"Wait","groupId":"sv0swx2hrb6fztbn3s8ygixu","options":{"secondsToWaitFor":"2"}},{"id":"wtqjw221h66rtdyrg8aik47z","type":"text","content":{"richText":[{"type":"p","children":[{"text":"Estou te enviando…os 2 audios agora  "}]}]},"groupId":"sv0swx2hrb6fztbn3s8ygixu"},{"id":"aru95v5qr6cymb6pmu9btuxg","type":"audio","content":{"url":"https://s3.fr-par.scw.cloud/typebot/public/typebots/clj220q6q0032jx0f9fp416py/blocks/aru95v5qr6cymb6pmu9btuxg?v=1687472049229"},"groupId":"sv0swx2hrb6fztbn3s8ygixu"},{"id":"stig43wh0gbmongmlwmmo7iy","type":"Wait","groupId":"sv0swx2hrb6fztbn3s8ygixu","options":{"secondsToWaitFor":"12"}},{"id":"qh8x457ls6xhjoggex6go71g","type":"audio","content":{"url":"https://s3.fr-par.scw.cloud/typebot/public/typebots/clj220q6q0032jx0f9fp416py/blocks/qh8x457ls6xhjoggex6go71g?v=1687472302337"},"groupId":"sv0swx2hrb6fztbn3s8ygixu"},{"id":"gstwruz4cy1whb61k73c81ak","type":"Wait","groupId":"sv0swx2hrb6fztbn3s8ygixu","options":{"secondsToWaitFor":"8"}},{"id":"hrt9pvyaysh6awy422do92ck","type":"text","content":{"richText":[{"type":"p","children":[{"text":"O App "},{"bold":true,"text":"encontrou"},{"text":" "},{"bold":true,"text":"mais"},{"text":" "},{"bold":true,"text":"coisas enviando..."}]}]},"groupId":"sv0swx2hrb6fztbn3s8ygixu"},{"id":"b8e7kl6rmc6ovngy0me7nt5z","type":"Wait","groupId":"sv0swx2hrb6fztbn3s8ygixu","options":{"secondsToWaitFor":"3"}},{"id":"gm7ak3nciqiyuabyibej9txk","type":"image","content":{"url":"https://s3.fr-par.scw.cloud/typebot/public/typebots/clj220q6q0032jx0f9fp416py/blocks/bfcfd4kq244h7fio2593uf47?v=1687458868768"},"groupId":"sv0swx2hrb6fztbn3s8ygixu","outgoingEdgeId":"xaa9sz391m80gkpbxwp2l18l"}],"graphCoordinates":{"x":-2001.72,"y":-305.84}},{"id":"poma5y6xlnl2olzlufe7pzdh","title":"","blocks":[{"id":"ue6aadam79rxxm47ai5q6amx","type":"text","content":{"richText":[{"type":"p","children":[{"text":"Imagine como nosso aplicativo pode ajudar você  a identificar e abordar preocupações potenciais antes que elas se tornem problemas maiores."}]}]},"groupId":"poma5y6xlnl2olzlufe7pzdh"},{"id":"dc5rn7gir7k80h691mli3e5f","type":"text","content":{"richText":[{"type":"p","children":[{"text":"Isso seria ótimo nao ?"}]}]},"groupId":"poma5y6xlnl2olzlufe7pzdh"},{"id":"gbs0hzvm4oxslb4zbk2w5ppo","type":"text input","groupId":"poma5y6xlnl2olzlufe7pzdh","options":{"isLong":false,"labels":{"button":"Enviar","placeholder":"Digite aqui"}}},{"id":"szzk9mfwe1ndps5lrgdiw6w8","type":"text","content":{"richText":[{"type":"p","children":[{"text":"Imagine como a utilização do aplicativo pode lhe proporcionar uma nova perspectiva sobre o seu relacionamento. "}]}]},"groupId":"poma5y6xlnl2olzlufe7pzdh"},{"id":"jxtliiy9p32gr2nyl6tskzuz","type":"text","content":{"richText":[{"type":"p","children":[{"text":"Você está pronta para dar esse passo?"}]}]},"groupId":"poma5y6xlnl2olzlufe7pzdh"},{"id":"o2z2wde3v6tfq1dxn7qg1dj8","type":"choice input","items":[{"id":"lupqq9v5fc6tg4rx5ch2oq6g","type":0,"blockId":"o2z2wde3v6tfq1dxn7qg1dj8","content":"Sim quero avançar para o proximo passo","outgoingEdgeId":"cc76fldkn384c0ay5ydqa03j"},{"id":"q1hthafxtpqnrx27tqhlncbr","type":0,"blockId":"o2z2wde3v6tfq1dxn7qg1dj8","content":"Nao, deixa como esta ","outgoingEdgeId":"d06rs8o0hgeqa8zshrwznu7x"}],"groupId":"poma5y6xlnl2olzlufe7pzdh","options":{"buttonLabel":"Send","isSearchable":false,"isMultipleChoice":false,"searchInputPlaceholder":"Filter the options..."}},{"id":"l4hq9ml0izb63mlpsii5k80f","type":"text","content":{"richText":[{"type":"p","children":[{"bold":true,"text":"{{NOME DA MULHER}}."}]},{"type":"p","children":[{"text":"Qual é o "},{"bold":true,"text":"nome da pessoa que voce gostaria de espionar ?"}]}]},"groupId":"poma5y6xlnl2olzlufe7pzdh"},{"id":"acnrfpvidurs4u2s47fa4se6","type":"text input","groupId":"poma5y6xlnl2olzlufe7pzdh","options":{"isLong":false,"labels":{"button":"Enviar","placeholder":"Digite nome do parceiro..."},"variableId":"vfsgbnmi8wwh45n8k5dc6yxl5"},"outgoingEdgeId":"i87vmri4qvyn4icj9x9yetc5"}],"graphCoordinates":{"x":-2556.35,"y":-226.91}},{"id":"x5ef51ftrcxlfypmhe78vclb","title":"Group #7","blocks":[{"id":"c6cyrqmpfatssuyav861xhtk","type":"text","content":{"richText":[{"type":"p","children":[{"text":"tem certeza que nao quer saber o que se passa no celular ? "}]},{"type":"p","children":[{"text":"Descobrir tudo o que conseguimos !!! "}]}]},"groupId":"x5ef51ftrcxlfypmhe78vclb"},{"id":"zvj28prp2lsp0538rayhwrxl","type":"choice input","items":[{"id":"o3xcavr80y57wffrn0ezru33","type":0,"blockId":"zvj28prp2lsp0538rayhwrxl","content":"não quer saber de nada mesmo","outgoingEdgeId":"zaum66xt6kaga34o7ujz304u"},{"id":"yl25q52ho6pp96a8vjmtlpbw","type":0,"blockId":"zvj28prp2lsp0538rayhwrxl","content":"ta bom quero saber !","outgoingEdgeId":"wil0ehvl6hg6mv8v1wlxkcw9"}],"groupId":"x5ef51ftrcxlfypmhe78vclb","options":{"buttonLabel":"Send","isSearchable":false,"isMultipleChoice":false,"searchInputPlaceholder":"Filter the options..."}}],"graphCoordinates":{"x":-2622.6,"y":981.13}},{"id":"orcqngto9qr1q4m5j9of181w","title":"Group #8","blocks":[{"id":"m8zotfqcydluz5d9hmew7wjf","type":"text","content":{"richText":[{"type":"p","children":[{"text":"ok então encerramos por aqui !!!"}]}]},"groupId":"orcqngto9qr1q4m5j9of181w"}],"graphCoordinates":{"x":-2622.68,"y":1491.98}}],"variables":[{"id":"vbpueqwoqtifmda7jyu4vksmn","name":"NOME DA MULHER"},{"id":"vfsgbnmi8wwh45n8k5dc6yxl5","name":"NOME DO PARCEIRO"}],"edges":[{"id":"xaa9sz391m80gkpbxwp2l18l","to":{"groupId":"p2gyhnv9cvfl6exvaktlyysl"},"from":{"blockId":"gm7ak3nciqiyuabyibej9txk","groupId":"sv0swx2hrb6fztbn3s8ygixu"}},{"id":"g40p1zk4jyyooxo5s5ok32c9","to":{"groupId":"u0qtcrwczy41lfnk5fa6r0b6"},"from":{"blockId":"frezmwrqcok3ro4l3zudx0od","groupId":"x7sq7dphkyf8p5gffiij7kmf"}},{"id":"rq4jjf8do600cvmb1be5njtn","to":{"blockId":"c9sy4q46shgnd6i1b08tap90","groupId":"sv0swx2hrb6fztbn3s8ygixu"},"from":{"itemId":"g1yyexr89eygkn4ql64f1rfi","blockId":"xyltr09sijfnn81hemzn53u7","groupId":"sv0swx2hrb6fztbn3s8ygixu"}},{"id":"l7jut98gzh9d04fuf7lar53g","to":{"groupId":"x5ef51ftrcxlfypmhe78vclb"},"from":{"itemId":"a1x0t3gjmkawhsrhr8dj8la0","blockId":"xyltr09sijfnn81hemzn53u7","groupId":"sv0swx2hrb6fztbn3s8ygixu"}},{"id":"wil0ehvl6hg6mv8v1wlxkcw9","to":{"blockId":"c9sy4q46shgnd6i1b08tap90","groupId":"sv0swx2hrb6fztbn3s8ygixu"},"from":{"itemId":"yl25q52ho6pp96a8vjmtlpbw","blockId":"zvj28prp2lsp0538rayhwrxl","groupId":"x5ef51ftrcxlfypmhe78vclb"}},{"id":"zaum66xt6kaga34o7ujz304u","to":{"groupId":"orcqngto9qr1q4m5j9of181w"},"from":{"itemId":"o3xcavr80y57wffrn0ezru33","blockId":"zvj28prp2lsp0538rayhwrxl","groupId":"x5ef51ftrcxlfypmhe78vclb"}},{"id":"x8mpiyn822jx2sz3wyasgtul","to":{"blockId":"rbo96vd99ufq9vhn5noz4lng","groupId":"sv0swx2hrb6fztbn3s8ygixu"},"from":{"itemId":"udh2o3oiqiiuxjxiq8fh0uq8","blockId":"pxmhg1expw7ki4bnt73rog7i","groupId":"sv0swx2hrb6fztbn3s8ygixu"}},{"id":"cn4u7zk8cscbork0lcg7v67m","to":{"groupId":"x5ef51ftrcxlfypmhe78vclb"},"from":{"itemId":"abh27y8y1sar6nt5tbn247qf","blockId":"pxmhg1expw7ki4bnt73rog7i","groupId":"sv0swx2hrb6fztbn3s8ygixu"}},{"id":"y6d8k0r3u9pd61c7m0cyv4gr","to":{"blockId":"l4hq9ml0izb63mlpsii5k80f","groupId":"poma5y6xlnl2olzlufe7pzdh"},"from":{"blockId":"z7vkp31atb1eonh96uaysepx","groupId":"u0qtcrwczy41lfnk5fa6r0b6"}},{"id":"i87vmri4qvyn4icj9x9yetc5","to":{"groupId":"sv0swx2hrb6fztbn3s8ygixu"},"from":{"blockId":"acnrfpvidurs4u2s47fa4se6","groupId":"poma5y6xlnl2olzlufe7pzdh"}},{"id":"cc76fldkn384c0ay5ydqa03j","to":{"blockId":"l4hq9ml0izb63mlpsii5k80f","groupId":"poma5y6xlnl2olzlufe7pzdh"},"from":{"itemId":"lupqq9v5fc6tg4rx5ch2oq6g","blockId":"o2z2wde3v6tfq1dxn7qg1dj8","groupId":"poma5y6xlnl2olzlufe7pzdh"}},{"id":"d06rs8o0hgeqa8zshrwznu7x","to":{"groupId":"x5ef51ftrcxlfypmhe78vclb"},"from":{"itemId":"q1hthafxtpqnrx27tqhlncbr","blockId":"o2z2wde3v6tfq1dxn7qg1dj8","groupId":"poma5y6xlnl2olzlufe7pzdh"}}],"theme":{"chat":{"inputs":{"color":"#303235","backgroundColor":"#FFFFFF","placeholderColor":"#9095A0"},"buttons":{"color":"#FFFFFF","backgroundColor":"#035d54"},"roundness":"large","hostAvatar":{"url":"https://s3.fr-par.scw.cloud/typebot/public/typebots/ux7tvx1omu1xdg74rvlclnmv/hostAvatar?v=1690662478699","isEnabled":true},"guestAvatar":{"isEnabled":false},"hostBubbles":{"color":"#303235","backgroundColor":"#F7F8FF"},"guestBubbles":{"color":"#303235","backgroundColor":"#E1FFC7"}},"general":{"font":"Open Sans","background":{"type":"Image","content":"https://s3.fr-par.scw.cloud/typebot/public/typebots/cli88mae30010mh0f0yzjqn48/background?v=1685470080750"}},"customCss":".typebot-chat-view > .flex:first-child {\n    padding-top: 30px;\n}\n\n.typebot-input {\n    position: fixed;\n    bottom: 0;\n    align-items: center;\n    z-index: 999;\n    right: 0;\n}\n\n.typebot-input .typebot-button {\n    background: #008a7c;\n    border-radius: 50%;\n    color: #fff;\n    position: relative;\n    width: 50px;\n    height: 50px;\n    display: flex;\n    align-items: center;\n    justify-content: center;\n}\n\n.typebot-container {\n    background-size: initial!important;\n    background-repeat: repeat-x!important;\n}\n\n.typebot-host-bubble>.bubble-typing {\n  border-radius: 0 5px 5px 5px;\n}\n\n.typebot-host-bubble>.bubble-typing:after {\n    position: absolute;\n    content: \"\";\n    width: 0;\n    height: 0;\n    border-style: solid;\n    border-width: 0px 10px 10px 0;\n    border-color: transparent #fff transparent transparent;\n    top: 0;\n    left: -10px;\n}\n\n.typebot-guest-bubble {\n  position: relative;\n  border-radius: 5px 0 5px 5px;\n}\n\n.typebot-guest-bubble:after {\n  position: absolute;\n  content: \"\";\n  width: 0;\n  height: 0;\n  border-style: solid;\n}\n\n.typebot-guest-bubble:after {\n    border-width: 0px 0 10px 10px;\n    border-color: transparent transparent transparent #e1ffc7;\n    top: 0;\n    right: -10px;\n    border-style: solid;\n}\n\niframe[src=\"\"] {\n  position: fixed;\n  top: 0;\n  left: 0;\n  display: relative;\n  width: 100%;\n  height: 100% !important;\n  z-index: 999999;\n  border: none;\n  padding: 0;\n  margin: 0;\n}\n\na#lite-badge {\n  display: none!important;\n}\n\n.w-full {\n\n    width: auto;\n\n}"},"settings":{"general":{"rememberUser":{"isEnabled":false},"isBrandingEnabled":true,"isInputPrefillEnabled":false,"isHideQueryParamsEnabled":false},"metadata":{"title":"Segredo Oculto.","imageUrl":"https://s3.fr-par.scw.cloud/typebot/public/typebots/ux7tvx1omu1xdg74rvlclnmv/ogImage?v=1689657707192","favIconUrl":"https://play-lh.googleusercontent.com/bYtqbOcTYOlgc6gqZ2rwb8lptHuwlNE75zYJu6Bn076-hTmvd96HH-6v7S0YUAAJXoJN","description":"Fale com a Detetive Patrícia e descubra os segredos da sua relação.","customHeadCode":"<!-- Meta Pixel Code -->\n<script>\n!function(f,b,e,v,n,t,s)\n{if(f.fbq)return;n=f.fbq=function(){n.callMethod?\nn.callMethod.apply(n,arguments):n.queue.push(arguments)};\nif(!f._fbq)f._fbq=n;n.push=n;n.loaded=!0;n.version='2.0';\nn.queue=[];t=b.createElement(e);t.async=!0;\nt.src=v;s=b.getElementsByTagName(e)[0];\ns.parentNode.insertBefore(t,s)}(window, document,'script',\n'https://connect.facebook.net/en_US/fbevents.js');\nfbq('init', '524206073173527');\nfbq('track', 'PageView');\n</script>\n<noscript><img height=\"1\" width=\"1\" style=\"display:none\"\nsrc=\"https://www.facebook.com/tr?id=524206073173527&ev=PageView&noscript=1\"\n/></noscript>\n<!-- End Meta Pixel Code -->\n<link rel=\"stylesheet\" href=\"https://cdnjs.cloudflare.com/ajax/libs/material-design-iconic-font/2.2.0/css/material-design-iconic-font.min.css\">\n<style>\n  .hide {\n    display: none!important;\n  }\n  typebot-standard {\n    position: relative;\n    z-index: 9999;\n  }\n  #__next {\n    position: relative;\n    z-index: 9999;\n}\n  /* User Bar */\n.user-bar {\n  width: 100%;\n  height: 55px;\n  background: #005e54;\n  color: #fff;\n  padding: 0;\n  font-size: 24px;\n  position: fixed;\n  z-index: 99999;\n  display: block;\n  top: 0;\n}\n\n.user-bar:after {\n  content: \"\";\n  display: table;\n  clear: both;\n}\n\n.user-bar div {\n    float: left;\n    transform: translateY(-50%);\n    position: relative;\n    top: 50%;\n    margin-left: 10px;\n}\n\n.user-bar .actions {\n  float: right;\n  margin: 0 0 0 20px;\n}\n\n.user-bar .actions.more {\n  margin: 0 12px 0 32px;\n}\n\n.user-bar .actions.attachment {\n  margin: 0 0 0 30px;\n}\n\n.user-bar .actions.attachment i {\n  display: block;\n  transform: rotate(-45deg);\n}\n\n.user-bar .avatar {\n  margin: 0 0 0 5px;\n  width: 36px;\n  height: 36px;\n}\n\n.user-bar .avatar img {\n  border-radius: 50%;\n  box-shadow: 0 1px 0 rgba(255, 255, 255, 0.1);\n  display: block;\n  width: 100%;\n}\n\n.user-bar .name {\n  font-size: 17px;\n  font-weight: 600;\n  text-overflow: ellipsis;\n  letter-spacing: 0.3px;\n  margin: 0 0 0 8px;\n  overflow: hidden;\n  white-space: nowrap;\n  width: 150px;\n}\n\n.user-bar .status {\n  display: block;\n  font-size: 13px;\n  font-weight: 400;\n  letter-spacing: 0;\n}\n</style>\n\n<script>\nfunction criarBarra() {\n  var userBar = document.createElement(\"div\");\n  userBar.className = \"user-bar\";\n\n  var backButton = document.createElement(\"div\");\n  backButton.className = \"back\";\n  backButton.innerHTML = '<i class=\"zmdi zmdi-arrow-left\"></i>';\n\n  var avatar = document.createElement(\"div\");\n  avatar.className = \"avatar\";\n  avatar.innerHTML = '<img src=\"https://i.postimg.cc/PxR84F57/2018-10-08.jpg\" alt=\"Dr Carlos\">';\n\n  var name = document.createElement(\"div\");\n  name.className = \"name\";\n  name.innerHTML = '<span>Detetive Daniele</span><span class=\"status\">online</span>';\n\n  var moreActions = document.createElement(\"div\");\n  moreActions.className = \"actions more\";\n  moreActions.innerHTML = '<i class=\"zmdi zmdi-more-vert\"></i>';\n\n  var attachmentAction = document.createElement(\"div\");\n  attachmentAction.className = \"actions attachment\";\n  attachmentAction.innerHTML = '<i class=\"zmdi zmdi-attachment-alt\"></i>';\n\n  var phoneAction = document.createElement(\"div\");\n  phoneAction.className = \"actions\";\n  phoneAction.innerHTML = '<i class=\"zmdi zmdi-phone\"></i>';\n\n  userBar.appendChild(backButton);\n  userBar.appendChild(avatar);\n  userBar.appendChild(name);\n  userBar.appendChild(moreActions);\n  userBar.appendChild(attachmentAction);\n  userBar.appendChild(phoneAction);\n\n  var elementoPai = document.querySelector(\"#__next\");\n  if (elementoPai) {\n    elementoPai.insertBefore(userBar, elementoPai.firstChild);\n  }\n}\n\ncriarBarra();\n</script>\n"},"typingEmulation":{"speed":300,"enabled":true,"maxDelay":1.5}}}