{"id":"clkq877ur004fl90frrbweuh7","version":"3","groups":[{"id":"ddizwblnfq5h3txhknvhxry4","title":"Start","blocks":[{"id":"dwfooq0tj0cafsxqyir70bno","type":"start","label":"Start","groupId":"ddizwblnfq5h3txhknvhxry4","outgoingEdgeId":"c29tql0rwslrrans9ykejy5r"}],"graphCoordinates":{"x":0,"y":0}},{"id":"iw39gn2oi2fz7r2hzoko5tde","title":"Group #1","blocks":[{"id":"s0z6u7uul71jxowdzghk2css","type":"text","content":{"richText":[{"type":"p","children":[{"text":"Olá lindeza! Bem-vinda à clinica Danny Estética. Me chamo "},{"bold":true,"text":"Darlene"},{"text":", estou aqui para ajudá-la a entender melhor o procedimento de endolifting, um procedimento inovador, sem cirurgias, sem pontos e com resultados incríveis 🤩"}]}]},"groupId":"iw39gn2oi2fz7r2hzoko5tde"},{"id":"e2jstpuu66e411trz2rx45et","type":"text","content":{"richText":[{"type":"p","children":[{"text":"veja só alguns resultados 👇"}]}]},"groupId":"iw39gn2oi2fz7r2hzoko5tde","outgoingEdgeId":"ehtkrqqnsa3rzmu89b6x4e9m"}],"graphCoordinates":{"x":374,"y":16}},{"id":"nlty0p3qmak9kewcxcnyva8m","title":"Group #2","blocks":[{"id":"jmtgbsq4ly7cvwp47335dg6t","type":"choice input","items":[{"id":"fj8ey87azc8iu3wenqlr60sl","type":0,"blockId":"jmtgbsq4ly7cvwp47335dg6t","content":"Ok","outgoingEdgeId":"dw30fs0uoncevew2uqu7q26p"}],"groupId":"nlty0p3qmak9kewcxcnyva8m","options":{"buttonLabel":"Send","isSearchable":false,"isMultipleChoice":false,"searchInputPlaceholder":"Filter the options..."}}],"graphCoordinates":{"x":740,"y":363.67}},{"id":"vglmxprjnopdpvxy79oa4nv8","title":"Group #4","blocks":[{"id":"ufbaxwpethae1v64j450zhsd","type":"text","content":{"richText":[{"type":"p","children":[{"text":"Como podemos te chamar? "}]}]},"groupId":"vglmxprjnopdpvxy79oa4nv8","outgoingEdgeId":"yaazbjfts4y8npedzszpiv81"}],"graphCoordinates":{"x":1085,"y":484}},{"id":"u40dxai1pkowcizuu2fkxhjp","title":"Nome","blocks":[{"id":"obtn24xawzo4esjc1re6epoj","type":"text input","groupId":"u40dxai1pkowcizuu2fkxhjp","options":{"isLong":false,"labels":{"button":"Send","placeholder":"Digite seu nome "},"variableId":"vyzfi8jg748tu5evswhl3acni"},"outgoingEdgeId":"nj43ayr8yd634aeggklgwa64"}],"graphCoordinates":{"x":1081,"y":656}},{"id":"lsb8is10cxnc7is0trj2iv27","title":"Group #5","blocks":[{"id":"ypj6z1j36dc9t45lq6ht4de3","type":"text","content":{"richText":[{"type":"p","children":[{"text":"{{Nome}}, poderia nos informar seu whatsapp? "}]}]},"groupId":"lsb8is10cxnc7is0trj2iv27","outgoingEdgeId":"uiqqiu948di891o872b834vk"}],"graphCoordinates":{"x":1417,"y":508}},{"id":"evvowfm00lu1tyy8f1syd33r","title":"Group #6 copy","blocks":[{"id":"l1fjb2n4weiwaeuee9civa2a","type":"text","content":{"richText":[{"type":"p","children":[{"text":"Antes de prosseguirmos, gostaria de fazer algumas perguntas para garantir que esse procedimento seja adequado para você. Levara no máximo 2 minutinhos, vamos lá?"}]}]},"groupId":"evvowfm00lu1tyy8f1syd33r","outgoingEdgeId":"tacremctvxhq43wewx5zmv44"}],"graphCoordinates":{"x":713,"y":673.67}},{"id":"hy5ti2lycmjm0ss3vnan758p","title":"Whatsapp","blocks":[{"id":"jjlfqhurj7lojeogh24uwper","type":"phone number input","groupId":"hy5ti2lycmjm0ss3vnan758p","options":{"labels":{"button":"Send","placeholder":"Digite seu número de telefone..."},"defaultCountryCode":"BR","retryMessageContent":"This phone number doesn't seem to be valid. Can you type it again?"},"outgoingEdgeId":"zg6ptqelb17oa2sv6kilq1rq"}],"graphCoordinates":{"x":1428,"y":701}},{"id":"hlqlrixsmdx8krl0gbs7ywqf","title":"Group #9","blocks":[{"id":"ysp43yejuo10apg86x7kuhwd","type":"image","content":{"url":"https://s3.fr-par.scw.cloud/typebot/public/typebots/clkq7r9po003hmk0fsliulhn0/blocks/ysp43yejuo10apg86x7kuhwd?v=1690770435550"},"groupId":"hlqlrixsmdx8krl0gbs7ywqf"},{"id":"di1wu60flc83lk88699ge8p2","type":"image","content":{"url":"https://s3.fr-par.scw.cloud/typebot/public/typebots/clkq7r9po003hmk0fsliulhn0/blocks/di1wu60flc83lk88699ge8p2?v=1690770485328"},"groupId":"hlqlrixsmdx8krl0gbs7ywqf"},{"id":"f94k9t8koyzmdilxid78626s","type":"image","content":{"url":"https://s3.fr-par.scw.cloud/typebot/public/typebots/clkq7r9po003hmk0fsliulhn0/blocks/f94k9t8koyzmdilxid78626s?v=1690770501153"},"groupId":"hlqlrixsmdx8krl0gbs7ywqf"},{"id":"qcu7oilovrk2d2eybxpd1wny","type":"image","content":{"url":"https://s3.fr-par.scw.cloud/typebot/public/typebots/clkq7r9po003hmk0fsliulhn0/blocks/qcu7oilovrk2d2eybxpd1wny?v=1690770514349"},"groupId":"hlqlrixsmdx8krl0gbs7ywqf"},{"id":"a4dvpm2junckc9a7v9pvt6zo","type":"image","content":{"url":"https://s3.fr-par.scw.cloud/typebot/public/typebots/clkq7r9po003hmk0fsliulhn0/blocks/a4dvpm2junckc9a7v9pvt6zo?v=1690831458741"},"groupId":"hlqlrixsmdx8krl0gbs7ywqf"},{"id":"bowp8hv6cufz4byuxcm3heh9","type":"image","content":{"url":"https://s3.fr-par.scw.cloud/typebot/public/typebots/clkq7r9po003hmk0fsliulhn0/blocks/bowp8hv6cufz4byuxcm3heh9?v=1690831498207"},"groupId":"hlqlrixsmdx8krl0gbs7ywqf"},{"id":"z6zec6uokbxsudu9fpr0knhv","type":"image","content":{"url":"https://s3.fr-par.scw.cloud/typebot/public/typebots/clkq7r9po003hmk0fsliulhn0/blocks/z6zec6uokbxsudu9fpr0knhv?v=1690831530687"},"groupId":"hlqlrixsmdx8krl0gbs7ywqf","outgoingEdgeId":"lehfxcplliqrnbv3t0u5q2vi"}],"graphCoordinates":{"x":367,"y":458}},{"id":"ylvqjd4dlt89dnyhao97ujib","title":"Group #9","blocks":[{"id":"gwg7rmwagxg8r4g5ry41j4uc","type":"text","content":{"richText":[{"type":"p","children":[{"text":"{{Nome}}, para oferecermos um serviço personalizado, precisamos entender melhor sua situação financeira. Qual é sua faixa de renda mensal?"}]}]},"groupId":"ylvqjd4dlt89dnyhao97ujib","outgoingEdgeId":"xlrfriunjgqqd4sjs7zyxj0v"}],"graphCoordinates":{"x":1800,"y":478.33}},{"id":"ygnt98pvnmpqt5uy592ejr32","title":"Group #10","blocks":[{"id":"wt95agaw97p7tr58d4on8cxs","type":"choice input","items":[{"id":"lqrfu3qqg9i0xfwg5xm0uo1d","type":0,"blockId":"wt95agaw97p7tr58d4on8cxs","content":"De R$1.000,00 a R$2.000,00"},{"id":"jbr9chix2304gj0ch1vi5aom","type":0,"blockId":"wt95agaw97p7tr58d4on8cxs","content":"De R$2.000,00 a R$3.000,00"},{"id":"yetwdgkavmo8vj3hsw7xyfxi","type":0,"blockId":"wt95agaw97p7tr58d4on8cxs","content":"De R$3.000 a R$4.0000"},{"id":"wraa4mk6zcflwqlc2y1wbstw","type":0,"blockId":"wt95agaw97p7tr58d4on8cxs","content":"Acima de R$5.000,00"}],"groupId":"ygnt98pvnmpqt5uy592ejr32","options":{"buttonLabel":"Send","isSearchable":false,"isMultipleChoice":false,"searchInputPlaceholder":"Filter the options..."},"outgoingEdgeId":"m0jq7orkckocz2160n1hsq6t"}],"graphCoordinates":{"x":2142,"y":470.33}},{"id":"jnr84poxptrs6js91na2m0jc","title":"Group #11 copy copy","blocks":[{"id":"qy8rrpuz8o0tjemkbpzpyvvc","type":"text","content":{"richText":[{"type":"p","children":[{"text":"Maravilha {{Nome}}, em nossa clinica aceitamos pagamento apenas via cartão de crédito com parcelamento em até 10x ou à vista. Não trabalhamos com parcelamento por"},{"bold":true,"text":" boleto bancário. "}]}]},"groupId":"jnr84poxptrs6js91na2m0jc"},{"id":"cwj9665h1sbnvanhzj37wyk3","type":"text","content":{"richText":[{"type":"p","children":[{"text":"{{Nome}}, para fazer o agendamento da sua "},{"bold":true,"text":"avaliação estética"},{"text":" com um de nossos especialistas, basta clicar no botão logo abaixo, que você será redirecionada para nosso whatsapp! 👇"}]}]},"groupId":"jnr84poxptrs6js91na2m0jc"},{"id":"kcba1lke4zbv08zoc4r6cgb5","type":"choice input","items":[{"id":"fa3wtal3h6nj9v29utx0d5mf","type":0,"blockId":"kcba1lke4zbv08zoc4r6cgb5","content":"Fazer agendamento!"}],"groupId":"jnr84poxptrs6js91na2m0jc","options":{"buttonLabel":"Send","isSearchable":false,"isMultipleChoice":false,"searchInputPlaceholder":"Filter the options..."}},{"id":"e2r02jssuck5t9zpk21287z9","type":"Redirect","groupId":"jnr84poxptrs6js91na2m0jc","options":{"url":"https://bit.ly/3KnDvSO","isNewTab":false}}],"graphCoordinates":{"x":2938,"y":488.33}},{"id":"lt2gr64m201m7zfck7ygcx5u","title":"Group #12","blocks":[{"id":"h24g9a60cmsgj6vlf68d2jkl","type":"text","content":{"richText":[{"type":"p","children":[{"text":"Ótimo {{Nome}}! Agora, gostaríamos de fazer mais algumas perguntas para entender melhor suas necessidades e expectativas em relação ao procedimento de endolifting. Por favor, responda da forma mais sincera possível."}]}]},"groupId":"lt2gr64m201m7zfck7ygcx5u"},{"id":"wz7szcf4jhqawl3buu7sp9qy","type":"text","content":{"richText":[{"type":"p","children":[{"text":" Você já realizou algum procedimento estético facial ou corporal anteriormente?"}]}]},"groupId":"lt2gr64m201m7zfck7ygcx5u"},{"id":"jahk03xw6ya2yui4wkhkuvhj","type":"text input","groupId":"lt2gr64m201m7zfck7ygcx5u","options":{"isLong":false,"labels":{"button":"Send","placeholder":"Digite sua resposta..."}}},{"id":"maw6688am5arjxvvqodly30g","type":"text","content":{"richText":[{"type":"p","children":[{"text":"Quais são suas principais preocupações em relação à aparência corporal ou facial?"}]}]},"groupId":"lt2gr64m201m7zfck7ygcx5u"},{"id":"pu9fqw5hqohbhvd8eiwyey44","type":"text input","groupId":"lt2gr64m201m7zfck7ygcx5u","options":{"isLong":false,"labels":{"button":"Send","placeholder":"Digite sua resposta..."}}},{"id":"f8w99eku7s8pqtuqj2p0yvjm","type":"text","content":{"richText":[{"type":"p","children":[{"text":"Para poder fazer o procedimento de endolifting, antes é preciso passar por uma "},{"bold":true,"text":"avaliação estética"},{"text":" presencial em nossa clinica. "}]}]},"groupId":"lt2gr64m201m7zfck7ygcx5u"},{"id":"gg1sjujedtl787yuhn0qgp30","type":"text","content":{"richText":[{"type":"p","children":[{"text":"Como se trata de um tratamento exclusivo em nossa clinica, liberamos "},{"bold":true,"text":"apenas 20 vagas"},{"text":" para agendamento de uma "},{"bold":true,"text":"avaliação estética"},{"text":" no valor de "},{"bold":true,"text":"R$120,00 somente hoje."}]}]},"groupId":"lt2gr64m201m7zfck7ygcx5u"},{"id":"ijx2rkwfwkpiiuvy1u5dq9cz","type":"text","content":{"richText":[{"type":"p","children":[{"text":"{{Nome}}, quer garantir sua vaga ainda hoje, com essa "},{"bold":true,"text":"condição especial? "}]}]},"groupId":"lt2gr64m201m7zfck7ygcx5u"},{"id":"wr7a21bbs45bzd0nnfqbqd7w","type":"choice input","items":[{"id":"l1oseu9cc2h786oqytusis0l","type":0,"blockId":"wr7a21bbs45bzd0nnfqbqd7w","content":"Queroo 🤩","outgoingEdgeId":"ltwj9zpwzmus9d7babaasz2h"},{"id":"vn5x8kcue8ugh6e2crbz9vf7","type":0,"blockId":"wr7a21bbs45bzd0nnfqbqd7w","content":"Não ☹","outgoingEdgeId":"zo6z9fzn0wy7987vhgmmms1g"}],"groupId":"lt2gr64m201m7zfck7ygcx5u","options":{"buttonLabel":"Send","isSearchable":false,"isMultipleChoice":false,"searchInputPlaceholder":"Filter the options..."}}],"graphCoordinates":{"x":2530,"y":491.33}},{"id":"o5xszdn57zu872manibwxxrc","title":"Group #13","blocks":[{"id":"ivyd5fwluq0tnrvkq88v8p8w","type":"text","content":{"richText":[{"type":"p","children":[{"text":"Agradecemos o seu interesse em nosso procedimento de endolifting. Após analisarmos suas respostas, identificamos que, no momento, o valor da avaliação pode estar acima das suas expectativas."}]}]},"groupId":"o5xszdn57zu872manibwxxrc"},{"id":"l9bkpivoqv6ql4msyt53if7x","type":"text","content":{"richText":[{"type":"p","children":[{"text":"Agradecemos novamente pelo seu interesse e esperamos poder ajudá-la em suas futuras necessidades estéticas. Tenha um ótimo dia!"}]}]},"groupId":"o5xszdn57zu872manibwxxrc"}],"graphCoordinates":{"x":2942,"y":1665}}],"variables":[{"id":"vyzfi8jg748tu5evswhl3acni","name":"Nome"}],"edges":[{"id":"c29tql0rwslrrans9ykejy5r","to":{"groupId":"iw39gn2oi2fz7r2hzoko5tde"},"from":{"blockId":"dwfooq0tj0cafsxqyir70bno","groupId":"ddizwblnfq5h3txhknvhxry4"}},{"id":"dw30fs0uoncevew2uqu7q26p","to":{"groupId":"vglmxprjnopdpvxy79oa4nv8"},"from":{"itemId":"fj8ey87azc8iu3wenqlr60sl","blockId":"jmtgbsq4ly7cvwp47335dg6t","groupId":"nlty0p3qmak9kewcxcnyva8m"}},{"id":"yaazbjfts4y8npedzszpiv81","to":{"groupId":"u40dxai1pkowcizuu2fkxhjp"},"from":{"blockId":"ufbaxwpethae1v64j450zhsd","groupId":"vglmxprjnopdpvxy79oa4nv8"}},{"id":"nj43ayr8yd634aeggklgwa64","to":{"groupId":"lsb8is10cxnc7is0trj2iv27"},"from":{"blockId":"obtn24xawzo4esjc1re6epoj","groupId":"u40dxai1pkowcizuu2fkxhjp"}},{"id":"uiqqiu948di891o872b834vk","to":{"groupId":"hy5ti2lycmjm0ss3vnan758p"},"from":{"blockId":"ypj6z1j36dc9t45lq6ht4de3","groupId":"lsb8is10cxnc7is0trj2iv27"}},{"id":"ehtkrqqnsa3rzmu89b6x4e9m","to":{"groupId":"hlqlrixsmdx8krl0gbs7ywqf"},"from":{"blockId":"e2jstpuu66e411trz2rx45et","groupId":"iw39gn2oi2fz7r2hzoko5tde"}},{"id":"tacremctvxhq43wewx5zmv44","to":{"groupId":"nlty0p3qmak9kewcxcnyva8m"},"from":{"blockId":"l1fjb2n4weiwaeuee9civa2a","groupId":"evvowfm00lu1tyy8f1syd33r"}},{"id":"zg6ptqelb17oa2sv6kilq1rq","to":{"groupId":"ylvqjd4dlt89dnyhao97ujib"},"from":{"blockId":"jjlfqhurj7lojeogh24uwper","groupId":"hy5ti2lycmjm0ss3vnan758p"}},{"id":"xlrfriunjgqqd4sjs7zyxj0v","to":{"groupId":"ygnt98pvnmpqt5uy592ejr32"},"from":{"blockId":"gwg7rmwagxg8r4g5ry41j4uc","groupId":"ylvqjd4dlt89dnyhao97ujib"}},{"id":"m0jq7orkckocz2160n1hsq6t","to":{"groupId":"lt2gr64m201m7zfck7ygcx5u"},"from":{"blockId":"wt95agaw97p7tr58d4on8cxs","groupId":"ygnt98pvnmpqt5uy592ejr32"}},{"id":"ltwj9zpwzmus9d7babaasz2h","to":{"blockId":"qy8rrpuz8o0tjemkbpzpyvvc","groupId":"jnr84poxptrs6js91na2m0jc"},"from":{"itemId":"l1oseu9cc2h786oqytusis0l","blockId":"wr7a21bbs45bzd0nnfqbqd7w","groupId":"lt2gr64m201m7zfck7ygcx5u"}},{"id":"zo6z9fzn0wy7987vhgmmms1g","to":{"groupId":"o5xszdn57zu872manibwxxrc"},"from":{"itemId":"vn5x8kcue8ugh6e2crbz9vf7","blockId":"wr7a21bbs45bzd0nnfqbqd7w","groupId":"lt2gr64m201m7zfck7ygcx5u"}},{"id":"lehfxcplliqrnbv3t0u5q2vi","to":{"blockId":"l1fjb2n4weiwaeuee9civa2a","groupId":"evvowfm00lu1tyy8f1syd33r"},"from":{"blockId":"z6zec6uokbxsudu9fpr0knhv","groupId":"hlqlrixsmdx8krl0gbs7ywqf"}}],"theme":{"chat":{"inputs":{"color":"#303235","backgroundColor":"#FFFFFF","placeholderColor":"#9095A0"},"buttons":{"color":"#FFFFFF","backgroundColor":"#C75F96"},"hostAvatar":{"url":"https://s3.fr-par.scw.cloud/typebot/public/typebots/clkq7r9po003hmk0fsliulhn0/hostAvatar?v=1690832253691","isEnabled":true},"hostBubbles":{"color":"#303235","backgroundColor":"#F7F8FF"},"guestBubbles":{"color":"#FFFFFF","backgroundColor":"#05b602"}},"general":{"font":"Open Sans","background":{"type":"Color","content":"#ffffff"}}},"settings":{"general":{"rememberUser":{"isEnabled":false},"isBrandingEnabled":true,"isInputPrefillEnabled":true,"isHideQueryParamsEnabled":true},"metadata":{"description":"Build beautiful conversational forms and embed them directly in your applications without a line of code. Triple your response rate and collect answers that has more value compared to a traditional form."},"typingEmulation":{"speed":300,"enabled":true,"maxDelay":1.5}}}