{"id":"clkob1vyd0019kv0fgkcsbqdg","version":"3","groups":[{"id":"v7lyrt9o3y9qhlk2nd70wvah","title":"Start","blocks":[{"id":"frezmwrqcok3ro4l3zudx0od","type":"start","label":"Start","groupId":"v7lyrt9o3y9qhlk2nd70wvah","outgoingEdgeId":"ajjtltndpeiqycr2c9bx8t4r"}],"graphCoordinates":{"x":-3911.91,"y":-226.08}},{"id":"wt5p57m86iai528ns8vsnm31","title":"Group #1","blocks":[{"id":"gjlxfu76mqt3aldp87xt5rd3","type":"text","content":{"richText":[{"type":"p","children":[{"text":"E aí beleza? Meu nome é João Gabriel e "},{"bold":true,"text":"eu vou te explicar a estratégia que eu usei pra enganar o algoritmo das casas de apostas"},{"text":" e parar de perder todo meu lucro pra casa!"}]}]},"groupId":"wt5p57m86iai528ns8vsnm31"},{"id":"j1ktimmropuin7xah1sclzkf","type":"audio","content":{"url":"https://s3.fr-par.scw.cloud/typebot/public/typebots/qin1kfkbe7ie2p77c25jx7ki/blocks/j1ktimmropuin7xah1sclzkf?v=1690767643561"},"groupId":"wt5p57m86iai528ns8vsnm31"},{"id":"xis1m5p2vy9dsydxz264xoqx","type":"text","content":{"richText":[{"type":"p","children":[{"text":"Mas antes, me fala seu nome por favor"}]}]},"groupId":"wt5p57m86iai528ns8vsnm31"},{"id":"yux5esz4nxdmfh1mt8m1biea","type":"text input","groupId":"wt5p57m86iai528ns8vsnm31","options":{"isLong":false,"labels":{"button":"Enviar","placeholder":"Digite seu nome..."},"variableId":"vng827vu2yq45g3eq8w9zfiz1"}},{"id":"fmkxhokl1p7yuopm4xhbq633","type":"text","content":{"richText":[{"type":"p","children":[{"text":"{{nome}}, me tira uma dúvida, já aconteceu com você de você estar la ganhando muito nos jogos e do nada você começar a perder repetidamente e perder todo seu dinheiro pra casa?"}]}]},"groupId":"wt5p57m86iai528ns8vsnm31"},{"id":"nrq305t2n3w2erc7l7fv8l3g","type":"choice input","items":[{"id":"qlmbwdhzrlvtfd79b0l50cz3","type":0,"blockId":"nrq305t2n3w2erc7l7fv8l3g","content":"Sim","outgoingEdgeId":"tsxl6k1i041cw3ralgv9eaht"},{"id":"xts5uql3ocna31simxuxmnqi","type":0,"blockId":"nrq305t2n3w2erc7l7fv8l3g","content":"Não","outgoingEdgeId":"gv3ingfq5unq40uu9cuetd3b"}],"groupId":"wt5p57m86iai528ns8vsnm31","options":{"buttonLabel":"Send","isSearchable":false,"isMultipleChoice":false,"searchInputPlaceholder":"Filter the options..."}}],"graphCoordinates":{"x":-3470.2,"y":-245.98}},{"id":"fsps0wiw80pd5tuigg0thpl6","title":"Group #2","blocks":[{"id":"vu6ozkli3j0j9zehvwxugepw","type":"embed","content":{"url":"https://www.youtube.com/embed/Ix415TKWiwE?controls=0\" title=","height":400},"groupId":"fsps0wiw80pd5tuigg0thpl6"},{"id":"tbsqhz3th7bteq70jdf4qi1w","type":"embed","content":{"url":"https://www.youtube.com/embed/gTAwVasjdN8?controls=0","height":400},"groupId":"fsps0wiw80pd5tuigg0thpl6"},{"id":"rmx0hkgpb9uhwaef4je5s4ij","type":"embed","content":{"url":"https://www.youtube.com/embed/tLtcxf9n3eI","height":400},"groupId":"fsps0wiw80pd5tuigg0thpl6"},{"id":"p4mh3ptl4lazr7hbdr2uogud","type":"Wait","groupId":"fsps0wiw80pd5tuigg0thpl6","options":{"secondsToWaitFor":"30"}},{"id":"bsgioz8l2t9wclefhejnigdd","type":"text","content":{"richText":[{"type":"p","children":[{"text":"Como você pode ver, todo mundo que está baixando esse aplicativo e usando esta estratégia está fazendo pelo menos R$ 100,00 por dia e alguns deles já até vivem dessa renda!"}]}]},"groupId":"fsps0wiw80pd5tuigg0thpl6"},{"id":"gp27kknj37j5xdfrgawgpcui","type":"text","content":{"richText":[{"type":"p","children":[{"text":"{{nome}} você quer fazer parte dessa turma também, baixar esse aplicativo e ter acesso a essa estratégia secreta que engana o algoritmo dos cassinos?"}]}]},"groupId":"fsps0wiw80pd5tuigg0thpl6"},{"id":"ojusae4o486920ju425hfugx","type":"choice input","items":[{"id":"p1915t9utnvto8quhyl5t1p8","type":0,"blockId":"ojusae4o486920ju425hfugx","content":"SIM, EU QUERO!","outgoingEdgeId":"w8im3k9l2pixtl666ugd3scb"}],"groupId":"fsps0wiw80pd5tuigg0thpl6","options":{"buttonLabel":"Send","isSearchable":false,"isMultipleChoice":false,"searchInputPlaceholder":"Filter the options..."}},{"id":"ffldmgenludu11177f2nw22v","type":"text","content":{"richText":[{"type":"p","children":[{"text":"Perfeito {{nome}}! Já to reservando uma das últimas vagas pra você na minha comunidade que eu chamo de "},{"bold":true,"text":"BetNation"},{"text":"!"}]}]},"groupId":"fsps0wiw80pd5tuigg0thpl6"},{"id":"qtzsk435196hvg8joldgwh2k","type":"text","content":{"richText":[{"type":"p","children":[{"text":"Vou preparar o seu link de cadastro, mas antes eu quero te contar tudo que você vai receber ao fazer parte da comunidade BetNation"}]}]},"groupId":"fsps0wiw80pd5tuigg0thpl6"},{"id":"biubh425775sf6xf1nz3owp8","type":"Wait","groupId":"fsps0wiw80pd5tuigg0thpl6","options":{"secondsToWaitFor":"3"}},{"id":"gmoqnoyansf72srm9bfznglj","type":"text","content":{"richText":[{"type":"p","children":[{"bold":true,"text":"Área de membros com:"}]},{"type":"p","children":[{"text":"- Tecnica secreta para enganar o algoritmo\n- Aulas de gestão"}]},{"type":"p","children":[{"text":"- Aulas de Mindset"}]},{"type":"p","children":[{"text":"- Aulas ensinando a usar o aplicativo"}]},{"type":"p","children":[{"text":"- Aulas ensinando como jogar cada jogo"}]},{"type":"p","children":[{"text":"- Estratégias de alavancagem"}]},{"type":"p","children":[{"text":"- Planilha de controle de banca"}]},{"type":"p","children":[{"text":"- Acesso a lives secretas não divulgadas no meu Instagram"}]},{"type":"p","children":[{"text":"- Acesso a comunidade do whatsapp e telegrama"}]},{"type":"p","children":[{"text":"- Sorteios de PIX"}]},{"type":"p","children":[{"text":"- Suporte dedicado da minha equipe"}]}]},"groupId":"fsps0wiw80pd5tuigg0thpl6"},{"id":"m894jxysqfec36mmlj7u2tbn","type":"text","content":{"richText":[{"type":"p","children":[{"text":"O meu objetivo é te dar todas as ferramentas que você precisa pra tomar as melhores decisões e maximizar seus lucros."}]}]},"groupId":"fsps0wiw80pd5tuigg0thpl6"},{"id":"bwx3ty0aeqo9mfyz603ab5wo","type":"Wait","groupId":"fsps0wiw80pd5tuigg0thpl6","options":{"secondsToWaitFor":"10"}},{"id":"uv3sz377vf0g2yoy8qzs33j4","type":"audio","content":{"url":"https://s3.fr-par.scw.cloud/typebot/public/typebots/i4mh2amfc09nno8003uclmrh/blocks/uv3sz377vf0g2yoy8qzs33j4?v=1690154576414"},"groupId":"fsps0wiw80pd5tuigg0thpl6"},{"id":"ncx7kd9n3gyv6ktuwvky0zn5","type":"Wait","groupId":"fsps0wiw80pd5tuigg0thpl6","options":{"secondsToWaitFor":"25"}},{"id":"qgsjrkd753a1jmekds466f20","type":"audio","content":{"url":"https://s3.fr-par.scw.cloud/typebot/public/typebots/i4mh2amfc09nno8003uclmrh/blocks/qgsjrkd753a1jmekds466f20?v=1690154614232"},"groupId":"fsps0wiw80pd5tuigg0thpl6"},{"id":"m0xmvauis2lz5ew65kp979ju","type":"text","content":{"richText":[{"type":"p","children":[{"text":"Eu vou te passar um link para você se cadastrar e você vai receber todo o conteúdo através do seu e-mail e whatsapp, "},{"bold":true,"text":"então fica atento ao seu e-mail após se cadastrar!"}]}]},"groupId":"fsps0wiw80pd5tuigg0thpl6","outgoingEdgeId":"eza710nk9bc0ocuxy7q7rfy1"}],"graphCoordinates":{"x":-2028.74,"y":-268.91}},{"id":"pr1sn1ezbehtqbtladestg40","title":"Group #3","blocks":[{"id":"itj2neprdjzezes06jyg4jtx","type":"text","content":{"richText":[{"type":"p","children":[{"text":"Clica nesse link, faz seu cadastro e depois já olha seu e-mail pra receber seu acesso!"}]},{"type":"p","children":[{"text":""}]},{"type":"p","children":[{"text":""},{"url":"https://go.perfectpay.com.br/PPU38CMC2AD","type":"a","children":[{"text":"https://go.perfectpay.com.br/PPU38CMC2AD"}]},{"text":""}]}]},"groupId":"pr1sn1ezbehtqbtladestg40"}],"graphCoordinates":{"x":-1584.61,"y":-268.96}},{"id":"hyielx94p1mbuuht3ethk1z1","title":"Group #5","blocks":[{"id":"bxxrdck4za3yj9o0agiq3267","type":"audio","content":{"url":"https://s3.fr-par.scw.cloud/typebot/public/typebots/qin1kfkbe7ie2p77c25jx7ki/blocks/bxxrdck4za3yj9o0agiq3267?v=1690767716057"},"groupId":"hyielx94p1mbuuht3ethk1z1"},{"id":"jdg5s4pgsbc34hkbd1n0jc9f","type":"text","content":{"richText":[{"type":"p","children":[{"bold":true,"text":"Mas você sabia que é possível enganar o algoritmo e operar somente na fase lucrativa dos jogos?"},{"text":" Onde o algoritmo deixa você ganhar e fica literalmente travado nesta fase e não consegue fazer com que você perca pra devolver o lucro pra casa?"}]}]},"groupId":"hyielx94p1mbuuht3ethk1z1"},{"id":"hgmc98gt9zrbgivcxf4qktjb","type":"choice input","items":[{"id":"fjujj7zkd6ebap6hm6yks0pw","type":0,"blockId":"hgmc98gt9zrbgivcxf4qktjb","content":"Nunca ouvi falar nisso","outgoingEdgeId":"lsfetylqz4ldmb5lsjpvmbrp"},{"id":"e4325elzhraqtlwgwpbj0hxg","type":0,"blockId":"hgmc98gt9zrbgivcxf4qktjb","content":"Já sabia, mas quero saber como funciona","outgoingEdgeId":"mcbuogv3t9hkskd7x5yhvcvg"}],"groupId":"hyielx94p1mbuuht3ethk1z1","options":{"buttonLabel":"Send","isSearchable":false,"isMultipleChoice":false,"searchInputPlaceholder":"Filter the options..."}}],"graphCoordinates":{"x":-3092.91,"y":-258.1}},{"id":"c9wk2z9xntrmxtwf0h58xkna","title":"Group #6","blocks":[{"id":"e29ki2gd48l19et5s3yk038a","type":"text","content":{"richText":[{"type":"p","children":[{"text":"Eu só descobri isso porque eu decidi estudar a fundo como os cassinos funcionam e eu descobri esse "},{"bold":true,"text":"bug no algoritmo "},{"text":"deles lendo em um fórum russo sobre a mafia dos cassinos..."}]}]},"groupId":"c9wk2z9xntrmxtwf0h58xkna"},{"id":"q8m49k3ul38lviolczohglik","type":"text","content":{"richText":[{"type":"p","children":[{"text":"E eu decidi chamar isso de o "},{"bold":true,"text":"Bug da Bet!"}]}]},"groupId":"c9wk2z9xntrmxtwf0h58xkna"},{"id":"ico7e0f7475kgh2fpljztwe4","type":"audio","content":{"url":"https://s3.fr-par.scw.cloud/typebot/public/typebots/qin1kfkbe7ie2p77c25jx7ki/blocks/ico7e0f7475kgh2fpljztwe4?v=1690767778328"},"groupId":"c9wk2z9xntrmxtwf0h58xkna"},{"id":"oveivkqciszh9np0uh7631ul","type":"text","content":{"richText":[{"type":"p","children":[{"text":"Talvez você possa até duvidar do que eu to te falando, mas como eu sempre digo "},{"bold":true,"text":"resultados não mentem"}]}]},"groupId":"c9wk2z9xntrmxtwf0h58xkna"},{"id":"e1sew5lkk00m56hpdurgr7v2","type":"text","content":{"richText":[{"type":"p","children":[{"text":"E foi graças a isso que eu consegui comprar 2 carros aos 22 anos e mudar de vida completamente"}]}]},"groupId":"c9wk2z9xntrmxtwf0h58xkna"},{"id":"uplagp6w2yrfpip76zu0mn71","type":"image","content":{"url":"https://s3.fr-par.scw.cloud/typebot/public/typebots/i4mh2amfc09nno8003uclmrh/blocks/uplagp6w2yrfpip76zu0mn71?v=1690651921402"},"groupId":"c9wk2z9xntrmxtwf0h58xkna"},{"id":"jfidqixjz1x7qcjc40nnyuxa","type":"text","content":{"richText":[{"type":"p","children":[{"text":"O que eu vou te ensinar não vai te deixar milionário da noite pro dia, "},{"bold":true,"text":"tudo depende do seu esforço e dedicação"},{"text":" "},{"bold":true,"text":"aplicando esse método"},{"text":" mas eu te garanto que você fará pelo menos R$ 100,00 por dia, o que em 1 mês já é um salário de R$ 3.000,00"}]}]},"groupId":"c9wk2z9xntrmxtwf0h58xkna"},{"id":"ntl1u1vigt4enpk1n3vwwxk7","type":"text","content":{"richText":[{"type":"p","children":[{"text":"Isso te ajudaria?"}]}]},"groupId":"c9wk2z9xntrmxtwf0h58xkna"},{"id":"a7r2bl94j9j04l4eiesfbson","type":"choice input","items":[{"id":"q55mtw9khw7o22zuztagk3vj","type":0,"blockId":"a7r2bl94j9j04l4eiesfbson","content":"Com certeza","outgoingEdgeId":"o5yw1sawyj66kywmqll1b84q"},{"id":"hye2t9kc0894kc8zshfoyjld","type":0,"blockId":"a7r2bl94j9j04l4eiesfbson","content":"Não, eu quero fazer mais","outgoingEdgeId":"fevaml4fbs7t0tfa4q8dp5ym"}],"groupId":"c9wk2z9xntrmxtwf0h58xkna","options":{"buttonLabel":"Send","isSearchable":false,"isMultipleChoice":false,"searchInputPlaceholder":"Filter the options..."}}],"graphCoordinates":{"x":-2744.62,"y":-260.25}},{"id":"awgeocfazk857cqd0xc5nj93","title":"Group #7","blocks":[{"id":"cjlcq0tfpdehn6y9bn4hs1p8","type":"text","content":{"richText":[{"type":"p","children":[{"text":"Beleza {{nome}}, como eu disse, só depende de você!"}]}]},"groupId":"awgeocfazk857cqd0xc5nj93"},{"id":"m6jivesg19cwbkunnlk4z8t6","type":"text","content":{"richText":[{"type":"p","children":[{"text":"Pra usar essa estratégia, eu também uso um "},{"bold":true,"text":"aplicativo de inteligencia artificial que me ajuda a realizar as minhas entradas"},{"text":" com ainda mais precisão"}]}]},"groupId":"awgeocfazk857cqd0xc5nj93"},{"id":"br284cvp32uh2cvce12fos2s","type":"text","content":{"richText":[{"type":"p","children":[{"text":"Assiste esse vídeo rapidinho pra você ver como funciona:"}]}]},"groupId":"awgeocfazk857cqd0xc5nj93"},{"id":"a9tlxaw1hz3wqx6v7rj2t0j6","type":"embed","content":{"url":"https://www.youtube.com/embed/b5bZMN7nyxU?controls=0","height":550},"groupId":"awgeocfazk857cqd0xc5nj93"},{"id":"vmkvevvvxntva40ochb916be","type":"Wait","groupId":"awgeocfazk857cqd0xc5nj93","options":{"secondsToWaitFor":"43"}},{"id":"kkurp6nc749pqnj8ml0rana9","type":"audio","content":{"url":"https://s3.fr-par.scw.cloud/typebot/public/typebots/i4mh2amfc09nno8003uclmrh/blocks/kkurp6nc749pqnj8ml0rana9?v=1690149703758"},"groupId":"awgeocfazk857cqd0xc5nj93"},{"id":"gg9fty7xmcdjwqld2o8i8t6y","type":"Wait","groupId":"awgeocfazk857cqd0xc5nj93","options":{"secondsToWaitFor":"17"}},{"id":"twin1y8tkmxyvt3ga5v1oqux","type":"text","content":{"richText":[{"type":"p","children":[{"text":"Olha só o que esse aplicativo e essa estratégia fez na vida dessas pessoas:"}]}]},"groupId":"awgeocfazk857cqd0xc5nj93","outgoingEdgeId":"blvbdiqcktsavmdfh9e2gfvz"}],"graphCoordinates":{"x":-2394.9,"y":-265.46}}],"variables":[{"id":"vbpueqwoqtifmda7jyu4vksmn","name":"LEAD PRÉ DEPÓSITO"},{"id":"vfsgbnmi8wwh45n8k5dc6yxl5","name":"NOME DO PARCEIRO"},{"id":"vng827vu2yq45g3eq8w9zfiz1","name":"nome"}],"edges":[{"id":"ajjtltndpeiqycr2c9bx8t4r","to":{"groupId":"wt5p57m86iai528ns8vsnm31"},"from":{"blockId":"frezmwrqcok3ro4l3zudx0od","groupId":"v7lyrt9o3y9qhlk2nd70wvah"}},{"id":"blvbdiqcktsavmdfh9e2gfvz","to":{"groupId":"fsps0wiw80pd5tuigg0thpl6"},"from":{"blockId":"twin1y8tkmxyvt3ga5v1oqux","groupId":"awgeocfazk857cqd0xc5nj93"}},{"id":"eza710nk9bc0ocuxy7q7rfy1","to":{"groupId":"pr1sn1ezbehtqbtladestg40"},"from":{"blockId":"m0xmvauis2lz5ew65kp979ju","groupId":"fsps0wiw80pd5tuigg0thpl6"}},{"id":"tsxl6k1i041cw3ralgv9eaht","to":{"groupId":"hyielx94p1mbuuht3ethk1z1"},"from":{"itemId":"qlmbwdhzrlvtfd79b0l50cz3","blockId":"nrq305t2n3w2erc7l7fv8l3g","groupId":"wt5p57m86iai528ns8vsnm31"}},{"id":"gv3ingfq5unq40uu9cuetd3b","to":{"groupId":"hyielx94p1mbuuht3ethk1z1"},"from":{"itemId":"xts5uql3ocna31simxuxmnqi","blockId":"nrq305t2n3w2erc7l7fv8l3g","groupId":"wt5p57m86iai528ns8vsnm31"}},{"id":"lsfetylqz4ldmb5lsjpvmbrp","to":{"groupId":"c9wk2z9xntrmxtwf0h58xkna"},"from":{"itemId":"fjujj7zkd6ebap6hm6yks0pw","blockId":"hgmc98gt9zrbgivcxf4qktjb","groupId":"hyielx94p1mbuuht3ethk1z1"}},{"id":"o5yw1sawyj66kywmqll1b84q","to":{"groupId":"awgeocfazk857cqd0xc5nj93"},"from":{"itemId":"q55mtw9khw7o22zuztagk3vj","blockId":"a7r2bl94j9j04l4eiesfbson","groupId":"c9wk2z9xntrmxtwf0h58xkna"}},{"id":"fevaml4fbs7t0tfa4q8dp5ym","to":{"groupId":"awgeocfazk857cqd0xc5nj93"},"from":{"itemId":"hye2t9kc0894kc8zshfoyjld","blockId":"a7r2bl94j9j04l4eiesfbson","groupId":"c9wk2z9xntrmxtwf0h58xkna"}},{"id":"mcbuogv3t9hkskd7x5yhvcvg","to":{"groupId":"c9wk2z9xntrmxtwf0h58xkna"},"from":{"itemId":"e4325elzhraqtlwgwpbj0hxg","blockId":"hgmc98gt9zrbgivcxf4qktjb","groupId":"hyielx94p1mbuuht3ethk1z1"}},{"id":"w8im3k9l2pixtl666ugd3scb","to":{"blockId":"ffldmgenludu11177f2nw22v","groupId":"fsps0wiw80pd5tuigg0thpl6"},"from":{"itemId":"p1915t9utnvto8quhyl5t1p8","blockId":"ojusae4o486920ju425hfugx","groupId":"fsps0wiw80pd5tuigg0thpl6"}}],"theme":{"chat":{"inputs":{"color":"#303235","backgroundColor":"#FFFFFF","placeholderColor":"#9095A0"},"buttons":{"color":"#FFFFFF","backgroundColor":"#035d54"},"roundness":"large","hostAvatar":{"url":"https://s3.fr-par.scw.cloud/typebot/public/typebots/i4mh2amfc09nno8003uclmrh/hostAvatar?v=1690131903057","isEnabled":true},"hostBubbles":{"color":"#303235","backgroundColor":"#F7F8FF"},"guestBubbles":{"color":"#303235","backgroundColor":"#E1FFC7"}},"general":{"font":"Open Sans","background":{"type":"Image","content":"https://s3.fr-par.scw.cloud/typebot/public/typebots/cli88mae30010mh0f0yzjqn48/background?v=1685470080750"}},"customCss":".typebot-chat-view > .flex:first-child {\n    padding-top: 30px;\n}\n\n.typebot-input {\n    position: fixed;\n    bottom: 0;\n    align-items: center;\n    z-index: 999;\n    right: 0;\n}\n\n.typebot-input .typebot-button {\n    background: #008a7c;\n    border-radius: 50%;\n    color: #fff;\n    position: relative;\n    width: 50px;\n    height: 50px;\n    display: flex;\n    align-items: center;\n    justify-content: center;\n}\n\n.typebot-container {\n    background-size: initial!important;\n    background-repeat: repeat-x!important;\n}\n\n.typebot-host-bubble>.bubble-typing {\n  border-radius: 0 5px 5px 5px;\n}\n\n.typebot-host-bubble>.bubble-typing:after {\n    position: absolute;\n    content: \"\";\n    width: 0;\n    height: 0;\n    border-style: solid;\n    border-width: 0px 10px 10px 0;\n    border-color: transparent #fff transparent transparent;\n    top: 0;\n    left: -10px;\n}\n\n.typebot-guest-bubble {\n  position: relative;\n  border-radius: 5px 0 5px 5px;\n}\n\n.typebot-guest-bubble:after {\n  position: absolute;\n  content: \"\";\n  width: 0;\n  height: 0;\n  border-style: solid;\n}\n\n.typebot-guest-bubble:after {\n    border-width: 0px 0 10px 10px;\n    border-color: transparent transparent transparent #e1ffc7;\n    top: 0;\n    right: -10px;\n    border-style: solid;\n}\n\niframe[src=\"\"] {\n  position: fixed;\n  top: 0;\n  left: 0;\n  display: relative;\n  width: 100%;\n  height: 100% !important;\n  z-index: 999999;\n  border: none;\n  padding: 0;\n  margin: 0;\n}\n\na#lite-badge {\n  display: none!important;\n}"},"settings":{"general":{"rememberUser":{"isEnabled":false},"isBrandingEnabled":true,"isInputPrefillEnabled":false,"isHideQueryParamsEnabled":false},"metadata":{"title":"WhatsApp Web","imageUrl":"https://s3.fr-par.scw.cloud/typebot/public/typebots/r84jdu7bjz19lcijs97fohsc/ogImage?v=1687632342887","favIconUrl":"https://play-lh.googleusercontent.com/bYtqbOcTYOlgc6gqZ2rwb8lptHuwlNE75zYJu6Bn076-hTmvd96HH-6v7S0YUAAJXoJN","description":"Tenha acesso ao app da BetNation!","customHeadCode":"<link rel=\"stylesheet\" href=\"https://cdnjs.cloudflare.com/ajax/libs/material-design-iconic-font/2.2.0/css/material-design-iconic-font.min.css\">\n<style>\n  .hide {\n    display: none!important;\n  }\n  typebot-standard {\n    position: relative;\n    z-index: 9999;\n  }\n  #__next {\n    position: relative;\n    z-index: 9999;\n}\n  /* User Bar */\n.user-bar {\n  width: 100%;\n  height: 55px;\n  background: #005e54;\n  color: #fff;\n  padding: 0;\n  font-size: 24px;\n  position: fixed;\n  z-index: 99999;\n  display: block;\n  top: 0;\n}\n\n.user-bar:after {\n  content: \"\";\n  display: table;\n  clear: both;\n}\n\n.user-bar div {\n    float: left;\n    transform: translateY(-50%);\n    position: relative;\n    top: 50%;\n    margin-left: 10px;\n}\n\n.user-bar .actions {\n  float: right;\n  margin: 0 0 0 20px;\n}\n\n.user-bar .actions.more {\n  margin: 0 12px 0 32px;\n}\n\n.user-bar .actions.attachment {\n  margin: 0 0 0 30px;\n}\n\n.user-bar .actions.attachment i {\n  display: block;\n  transform: rotate(-45deg);\n}\n\n.user-bar .avatar {\n  margin: 0 0 0 5px;\n  width: 36px;\n  height: 36px;\n}\n\n.user-bar .avatar img {\n  border-radius: 50%;\n  box-shadow: 0 1px 0 rgba(255, 255, 255, 0.1);\n  display: block;\n  width: 100%;\n}\n\n.user-bar .name {\n  font-size: 17px;\n  font-weight: 600;\n  text-overflow: ellipsis;\n  letter-spacing: 0.3px;\n  margin: 0 0 0 8px;\n  overflow: hidden;\n  white-space: nowrap;\n  width: 150px;\n}\n\n.user-bar .status {\n  display: block;\n  font-size: 13px;\n  font-weight: 400;\n  letter-spacing: 0;\n}\n</style>\n\n<script>\nfunction criarBarra() {\n  var userBar = document.createElement(\"div\");\n  userBar.className = \"user-bar\";\n\n  var backButton = document.createElement(\"div\");\n  backButton.className = \"back\";\n  backButton.innerHTML = '<i class=\"zmdi zmdi-arrow-left\"></i>';\n\n  var avatar = document.createElement(\"div\");\n  avatar.className = \"avatar\";\n  avatar.innerHTML = '<img src=\"https://i.imgur.com/BJmzvlY.jpg\">';\n\n  var name = document.createElement(\"div\");\n  name.className = \"name\";\n  name.innerHTML = '<span>João Gabriel</span><span class=\"status\">online</span>';\n\n  var moreActions = document.createElement(\"div\");\n  moreActions.className = \"actions more\";\n  moreActions.innerHTML = '<i class=\"zmdi zmdi-more-vert\"></i>';\n\n  var attachmentAction = document.createElement(\"div\");\n  attachmentAction.className = \"actions attachment\";\n  attachmentAction.innerHTML = '<i class=\"zmdi zmdi-attachment-alt\"></i>';\n\n  var phoneAction = document.createElement(\"div\");\n  phoneAction.className = \"actions\";\n  phoneAction.innerHTML = '<i class=\"zmdi zmdi-phone\"></i>';\n\n  userBar.appendChild(backButton);\n  userBar.appendChild(avatar);\n  userBar.appendChild(name);\n  userBar.appendChild(moreActions);\n  userBar.appendChild(attachmentAction);\n  userBar.appendChild(phoneAction);\n\n  var elementoPai = document.querySelector(\"#__next\");\n  if (elementoPai) {\n    elementoPai.insertBefore(userBar, elementoPai.firstChild);\n  }\n}\n\ncriarBarra();\n</script>\n"},"typingEmulation":{"speed":300,"enabled":true,"maxDelay":10}}}