{"id":"clkbpr1wu00a6mn0fm6ap6rv6","version":"3","groups":[{"id":"lsqztzwvnd9glvzuuoh18el0","title":"Start","blocks":[{"id":"izvoaydmszkco3vxam9vgiqp","type":"start","label":"Start","groupId":"lsqztzwvnd9glvzuuoh18el0","outgoingEdgeId":"ccnac9hbb5lvd0pelpi8h0ql"}],"graphCoordinates":{"x":-204.58,"y":13.53}},{"id":"eoobvf2m1r12goq11pt3h1ey","title":"Group #1","blocks":[{"id":"pfdt5he2aztan0kp7tbfgkbl","type":"text","content":{"richText":[{"type":"p","children":[{"text":"‎Boas-vindas à Rogéria Oliveira Advocacia. "}]},{"type":"p","children":[{"text":"Estamos à sua disposição! "}]}]},"groupId":"eoobvf2m1r12goq11pt3h1ey","outgoingEdgeId":"vksjrglvbx1rhnomp3mu6ap2"}],"graphCoordinates":{"x":153.4,"y":62.69}},{"id":"tqbai6re66ichbzpiwdnqbzn","title":"Group #3","blocks":[{"id":"kb5zufi0lxd40etf9iikspat","type":"text","content":{"richText":[{"type":"p","children":[{"text":"Preciso de algumas informações para verificar se você tem direito a receber um indenização, tem pelo menos 3 minutos para responder algumas perguntas?"}]}]},"groupId":"tqbai6re66ichbzpiwdnqbzn","outgoingEdgeId":"w4mg3dnthxsm582kifm5sm0k"}],"graphCoordinates":{"x":497.72,"y":108.7}},{"id":"clo4jwaxp7ra8zkhw99fiz23","title":"Group #3","blocks":[{"id":"e1afig28u61k2f0j916e9pf3","type":"choice input","items":[{"id":"i5z7snkmh09ibe657ugv7lbq","type":0,"blockId":"e1afig28u61k2f0j916e9pf3","content":"Aperte para iniciar","outgoingEdgeId":"nev46wbwgagvomugc70nwyzj"}],"groupId":"clo4jwaxp7ra8zkhw99fiz23","options":{"buttonLabel":"Send","isSearchable":false,"isMultipleChoice":false,"searchInputPlaceholder":"Filter the options..."}}],"graphCoordinates":{"x":865.03,"y":96.63}},{"id":"gnod9xvrvla7m79jqnis6ol1","title":"Group #4","blocks":[{"id":"wvm1xo9tb0r7rvgkmqpsdafc","type":"text","content":{"richText":[{"type":"p","children":[{"text":"Qual é o seu nome?"}]}]},"groupId":"gnod9xvrvla7m79jqnis6ol1","outgoingEdgeId":"mc928bnijw5rqwzsocu90j4z"}],"graphCoordinates":{"x":1600.44,"y":167.89}},{"id":"embjqu830ax57nthwczi9tkt","title":"Group #5","blocks":[{"id":"s9dwxup57sel7uev0e9fh4bm","type":"text input","groupId":"embjqu830ax57nthwczi9tkt","options":{"isLong":false,"labels":{"button":"Enviar","placeholder":"Nome"},"variableId":"vr5fwjbbqf1buq240uv6rdd1i"},"outgoingEdgeId":"ki21f7v89tgh48k0wdzfkn7l"}],"graphCoordinates":{"x":1930.21,"y":205.85}},{"id":"gliotjmebjumpjeyc4bs4frm","title":"Group #6","blocks":[{"id":"cmfrurqd9hcbnfmr7x1g9wx6","type":"text","content":{"richText":[{"type":"p","children":[{"text":"Qual é o seu telefone?"}]}]},"groupId":"gliotjmebjumpjeyc4bs4frm","outgoingEdgeId":"i4796byu2s9ic8ojhmfh2zcu"}],"graphCoordinates":{"x":2294.76,"y":199.25}},{"id":"vkte8k4x3kbny9eygxs16en0","title":"Group #7","blocks":[{"id":"b8vho16fijt91uync2g41end","type":"phone number input","groupId":"vkte8k4x3kbny9eygxs16en0","options":{"labels":{"button":"Enviar","placeholder":"Type your phone number..."},"variableId":"vwak26q3075scjbjk964eidnb","defaultCountryCode":"BR","retryMessageContent":"This phone number doesn't seem to be valid. Can you type it again?"},"outgoingEdgeId":"bqlfgkbhsyebx9lztnqvjmdt"}],"graphCoordinates":{"x":2649.03,"y":197.18}},{"id":"evz5ci8df3bm0lcbaijeekl4","title":"Group #8","blocks":[{"id":"gzrwbj0yaf37tamu91bbw4do","type":"text","content":{"richText":[{"type":"p","children":[{"text":"Em que opção você se encaixa?"}]}]},"groupId":"evz5ci8df3bm0lcbaijeekl4","outgoingEdgeId":"cmpzhu66r671h1oxkiwda4yg"}],"graphCoordinates":{"x":3049,"y":195}},{"id":"refh8u02onizs997tor2tzxv","title":"Group #10 copy","blocks":[{"id":"c14qzh6c32eqpthd0hhxw8i9","type":"text","content":{"richText":[{"type":"p","children":[{"text":"Perfeito, você estava ativo no ano de 2002?"}]}]},"groupId":"refh8u02onizs997tor2tzxv","outgoingEdgeId":"s2okvzi6moqgla6e0di0bs3h"}],"graphCoordinates":{"x":3877.71,"y":266.51}},{"id":"kaz8elqvt10wfrtqq158k0nv","title":"Group #11","blocks":[{"id":"fei6yxxvvo8ncgi7tlf7f4jt","type":"choice input","items":[{"id":"k3pc1shhx3d3blb9qy9xl4km","type":0,"blockId":"fei6yxxvvo8ncgi7tlf7f4jt","content":"Antes de 12/2002","outgoingEdgeId":"u5chvgva7yoynw43pcv4026n"},{"id":"luwdnh0wdf8k51zziljf95n7","type":0,"blockId":"fei6yxxvvo8ncgi7tlf7f4jt","content":"Após 01/2003","outgoingEdgeId":"g38uh1rsib6ekikplu8dwdjx"}],"groupId":"kaz8elqvt10wfrtqq158k0nv","options":{"buttonLabel":"Send","isSearchable":false,"isMultipleChoice":false,"searchInputPlaceholder":"Filter the options..."}}],"graphCoordinates":{"x":4214.34,"y":-191.47}},{"id":"a7is8a4jknsqhki19hn1dnfz","title":"Group #12","blocks":[{"id":"i8v00ldp6shihv4reeq7gb0e","type":"text","content":{"richText":[{"type":"p","children":[{"text":"Informe a sua carga horária atual."}]}]},"groupId":"a7is8a4jknsqhki19hn1dnfz","outgoingEdgeId":"e959msa6uewrf6bmltbyts01"}],"graphCoordinates":{"x":4681.19,"y":-93.82}},{"id":"izd1iuqjlqfbyfes5ll8b0ej","title":"Group #12 copy","blocks":[{"id":"ixoopffwarrtb6j3r2evk9pn","type":"text","content":{"richText":[{"type":"p","children":[{"text":"Informe a sua carga horária atual."}]}]},"groupId":"izd1iuqjlqfbyfes5ll8b0ej","outgoingEdgeId":"k54ojyo5kwam9t4ke94clcv1"}],"graphCoordinates":{"x":4682,"y":90}},{"id":"b7rzqngy9j6k34df77jw91tn","title":"Group #14","blocks":[{"id":"n4nlu8a7uvq203dxasc0ono9","type":"choice input","items":[{"id":"cjl4x8yvu501yp149a21k3cu","type":0,"blockId":"n4nlu8a7uvq203dxasc0ono9","content":"16h","outgoingEdgeId":"k9yg4pelbt7yzb3zry659zvz"},{"id":"tvw4hfsihyw86lfb7jsvu8n0","type":0,"blockId":"n4nlu8a7uvq203dxasc0ono9","content":"18h","outgoingEdgeId":"alhw0k0xf65qrbk8xkncszdj"},{"id":"jwj7hyazs67o2kqil0z7ox2t","type":0,"blockId":"n4nlu8a7uvq203dxasc0ono9","content":"22h","outgoingEdgeId":"gkztseitlbf5mmsmyvf38ymd"},{"id":"y8mad1qgn6th61o32tpe8q31","type":0,"blockId":"n4nlu8a7uvq203dxasc0ono9","content":"40h","outgoingEdgeId":"k8ov20umr0chbcs0688w86tb"}],"groupId":"b7rzqngy9j6k34df77jw91tn","options":{"buttonLabel":"Send","isSearchable":false,"isMultipleChoice":false,"searchInputPlaceholder":"Filter the options..."}}],"graphCoordinates":{"x":5060,"y":-119}},{"id":"lxqbgjlf4wu96vnzlnu3vgzd","title":"Group #14 copy","blocks":[{"id":"lohfd7my4np5284fwzty56t9","type":"choice input","items":[{"id":"os96no3on2d0lkvh3wgvpa47","type":0,"blockId":"lohfd7my4np5284fwzty56t9","content":"16h","outgoingEdgeId":"kpauebdcl2x563our1cdhfzd"},{"id":"xn37yqkrevdowjeifvdwpb9l","type":0,"blockId":"lohfd7my4np5284fwzty56t9","content":"18h","outgoingEdgeId":"zfmclpigmy493m7ap0ivos7b"},{"id":"g348yk30l18ck03lfm5aqohk","type":0,"blockId":"lohfd7my4np5284fwzty56t9","content":"22h","outgoingEdgeId":"zjn93xbem56nkism0knt4znu"},{"id":"ezswqyvh1sjc5wiwlcav1d0j","type":0,"blockId":"lohfd7my4np5284fwzty56t9","content":"40h","outgoingEdgeId":"yt91n5pu7snuvla1us524909"}],"groupId":"lxqbgjlf4wu96vnzlnu3vgzd","options":{"buttonLabel":"Send","isSearchable":false,"isMultipleChoice":false,"searchInputPlaceholder":"Filter the options..."}}],"graphCoordinates":{"x":5076,"y":295}},{"id":"ckecwkkjnkfkc6uqxmb3va3f","title":"Group #16","blocks":[{"id":"q7qd38zcfhxus3vnyaksws6x","type":"text","content":{"richText":[{"type":"p","children":[{"text":"Qual é o seu nível atual?"}]}]},"groupId":"ckecwkkjnkfkc6uqxmb3va3f","outgoingEdgeId":"rbw7ga6e3xenzfcrud0lcfr2"}],"graphCoordinates":{"x":5473.01,"y":-239.01}},{"id":"wnerz8kqjbhczz8u0d86lvhl","title":"Group #16 copy","blocks":[{"id":"axacw7ukxx3ujs9dec72kesp","type":"text","content":{"richText":[{"type":"p","children":[{"text":"Qual é o seu nível atual?"}]}]},"groupId":"wnerz8kqjbhczz8u0d86lvhl","outgoingEdgeId":"sivs8g9k4w909gmexhmxq4ph"}],"graphCoordinates":{"x":5470,"y":-89}},{"id":"p3knojcynk9j6xfk5od1shfl","title":"Group #16 copy copy","blocks":[{"id":"aviepeut9b81bwo3qfco9eqr","type":"text","content":{"richText":[{"type":"p","children":[{"text":"Qual é o seu nível atual?"}]}]},"groupId":"p3knojcynk9j6xfk5od1shfl","outgoingEdgeId":"mbastzmrrlqlpf8gx6xt2icj"}],"graphCoordinates":{"x":5497.32,"y":766.4}},{"id":"dr2tq98vk9bd9r6v9gc22xws","title":"Group #16 copy copy","blocks":[{"id":"asvpy29snjz1nxpgzlr0f1x5","type":"text","content":{"richText":[{"type":"p","children":[{"text":"Qual é o seu nível atual?"}]}]},"groupId":"dr2tq98vk9bd9r6v9gc22xws","outgoingEdgeId":"d55kwkcn9f7xayep78x816j0"}],"graphCoordinates":{"x":5489,"y":645}},{"id":"vovwpevisqglex5sov5xysu3","title":"Group #16 copy copy","blocks":[{"id":"xcni8fp48oy18zsoteu16fsr","type":"text","content":{"richText":[{"type":"p","children":[{"text":"Qual é o seu nível atual?"}]}]},"groupId":"vovwpevisqglex5sov5xysu3","outgoingEdgeId":"ocdirqs7kujwtt8di41g2cds"}],"graphCoordinates":{"x":5497,"y":526}},{"id":"yyg9h1hacxlnzoc8lejkk5rq","title":"Group #16 copy copy","blocks":[{"id":"b8n7sh6xwy236svswgqkuq1m","type":"text","content":{"richText":[{"type":"p","children":[{"text":"Qual é o seu nível atual?"}]}]},"groupId":"yyg9h1hacxlnzoc8lejkk5rq","outgoingEdgeId":"vq14rotuovt2609ircv2pybd"}],"graphCoordinates":{"x":5502,"y":387}},{"id":"axa6g00etr8svjbupgxbrr4d","title":"Group #16 copy copy","blocks":[{"id":"om4biq4rhjxk1gwpye1waxh9","type":"text","content":{"richText":[{"type":"p","children":[{"text":"Qual é o seu nível atual?"}]}]},"groupId":"axa6g00etr8svjbupgxbrr4d","outgoingEdgeId":"th07gn8r8ktb3d0uxxjuk11x"}],"graphCoordinates":{"x":5481,"y":197}},{"id":"bmo7h8a2c63lpr2jjcgtcutv","title":"Group #16 copy copy","blocks":[{"id":"ztg6eo0wvvw7ntgmd4od3qib","type":"text","content":{"richText":[{"type":"p","children":[{"text":"Qual é o seu nível atual?"}]}]},"groupId":"bmo7h8a2c63lpr2jjcgtcutv","outgoingEdgeId":"n8co76t5reweqrr1stb5ta5a"}],"graphCoordinates":{"x":5475,"y":53}},{"id":"dkb3fjqbxjk36q3gjb6eofam","title":"Group #24","blocks":[{"id":"xf7edtc8ieggkhadrukosomq","type":"choice input","items":[{"id":"pp4jntf2o9o3d1xb4r3esrjq","type":0,"blockId":"xf7edtc8ieggkhadrukosomq","content":"1 a 3","outgoingEdgeId":"n4lic4g8p7gvp1g9b93ci4lh"},{"id":"npv1chpx6vssjvhxukuz70fr","type":0,"blockId":"xf7edtc8ieggkhadrukosomq","content":"4 a 6","outgoingEdgeId":"b0h23lwy4hbrwfjkbvziw4mw"},{"id":"b7qpiue6z4ua5vw39eudsxsq","type":0,"blockId":"xf7edtc8ieggkhadrukosomq","content":"7 a 9","outgoingEdgeId":"b4klbbcmp1i12nbb5wsq0vvz"}],"groupId":"dkb3fjqbxjk36q3gjb6eofam","options":{"buttonLabel":"Send","isSearchable":false,"isMultipleChoice":false,"searchInputPlaceholder":"Filter the options..."}}],"graphCoordinates":{"x":6032.55,"y":-433.25}},{"id":"c8ndqs9jfo3edemjod5zn1mw","title":"Group #24 copy","blocks":[{"id":"np4yr4l33l3tvybn41f1j6t1","type":"choice input","items":[{"id":"px8ocrie8brjmg96klaijpyi","type":0,"blockId":"np4yr4l33l3tvybn41f1j6t1","content":"1 a 3","outgoingEdgeId":"r1bcef807cwxp6y3jnpme83k"},{"id":"pmrm1xcdorlggo77twd9liqn","type":0,"blockId":"np4yr4l33l3tvybn41f1j6t1","content":"4 a 6","outgoingEdgeId":"ce1js49cfovy0ijxlzfjsslt"},{"id":"uwplnw2aoc58qmxuoc0a2otb","type":0,"blockId":"np4yr4l33l3tvybn41f1j6t1","content":"7 a 9","outgoingEdgeId":"mjdhfigvswhn6hv80nl2icgh"}],"groupId":"c8ndqs9jfo3edemjod5zn1mw","options":{"buttonLabel":"Send","isSearchable":false,"isMultipleChoice":false,"searchInputPlaceholder":"Filter the options..."}}],"graphCoordinates":{"x":5930.73,"y":1697.17}},{"id":"g48d3z301kyhdomsp1c9rf0h","title":"Group #33","blocks":[{"id":"pjcm5za8wjr98lweefkrj58q","type":"choice input","items":[{"id":"bpg1gv3e5jdiac331heabedr","type":0,"blockId":"pjcm5za8wjr98lweefkrj58q","content":"Sim, quero agendar!","outgoingEdgeId":"ufe29hdkjyx48k3mi7ay7mdj","displayCondition":{"condition":{"comparisons":[{"id":"kqp1ifd7sx33y4afpso882s9"}],"logicalOperator":"AND"},"isEnabled":false}},{"id":"huyic64r5n5rw0wozz5hjc8o","type":0,"blockId":"pjcm5za8wjr98lweefkrj58q","content":"Ainda tenho dúvidas.","outgoingEdgeId":"q86csfmcoebimz8r01imi94x"}],"groupId":"g48d3z301kyhdomsp1c9rf0h","options":{"buttonLabel":"Send","isSearchable":false,"isMultipleChoice":false,"searchInputPlaceholder":"Filter the options..."}}],"graphCoordinates":{"x":7884.7,"y":1342.67}},{"id":"a44lawd8xb5nopotutifluup","title":"Group #33 copy","blocks":[{"id":"j9noju2ivtf014fuigy6pk5h","type":"choice input","items":[{"id":"jky0s6bh6f70ax0wy5l80r5o","type":0,"blockId":"j9noju2ivtf014fuigy6pk5h","content":"Sim, quero agendar!","outgoingEdgeId":"wm7fn5cu7kyj491ok1u203f6","displayCondition":{"condition":{"comparisons":[{"id":"kqp1ifd7sx33y4afpso882s9"}],"logicalOperator":"AND"},"isEnabled":false}},{"id":"calurozoc5u6tonk506komo9","type":0,"blockId":"j9noju2ivtf014fuigy6pk5h","content":"Ainda tenho dúvidas.","outgoingEdgeId":"vujl6l8pepazn53pn4k9q4d9"}],"groupId":"a44lawd8xb5nopotutifluup","options":{"buttonLabel":"Send","isSearchable":false,"isMultipleChoice":false,"searchInputPlaceholder":"Filter the options..."}}],"graphCoordinates":{"x":5037.71,"y":1686.82}},{"id":"bg64vdbtehdj68410ydxt9yu","title":"Group #9","blocks":[{"id":"aziw95zn4a4efebdkwteqev4","type":"choice input","items":[{"id":"xa4jfg1z8yrf2fo12wm61gm5","type":0,"blockId":"aziw95zn4a4efebdkwteqev4","content":"Professor(a)","outgoingEdgeId":"xstdvp7fmdmqmkyrtfhaox20","displayCondition":{"condition":{"comparisons":[{"id":"vcc0aqrassw8escgde9nobtx","value":"{{Em que opção você se encaixa?}}","variableId":"vhlsqwskcy90edozr2lncaa91"},{"id":"ij79x7qs97yzrh8wibe571ze"}],"logicalOperator":"AND"},"isEnabled":false}},{"id":"tn7oo007qnhz3s0ipsqy32g8","type":0,"blockId":"aziw95zn4a4efebdkwteqev4","content":"Apoio Escolar","outgoingEdgeId":"xr1ydzzr4tjc887m641umyr9","displayCondition":{"condition":{"comparisons":[{"id":"txq14mmtd1jm9qbd0cjlfkte","value":"{{Em que opção você se encaixa?}}","variableId":"vhlsqwskcy90edozr2lncaa91"}],"logicalOperator":"AND"},"isEnabled":false}}],"groupId":"bg64vdbtehdj68410ydxt9yu","options":{"buttonLabel":"Send{{Em que opção você se encaixa?}}","isSearchable":false,"isMultipleChoice":false,"searchInputPlaceholder":"Filter the options..."}}],"graphCoordinates":{"x":3399.83,"y":162.42}},{"id":"fub62opr3glgg8qp0wq1jnmw","title":"Group #35 copy","blocks":[{"id":"nsubziciqhijx7com2froon4","type":"text","content":{"richText":[{"type":"p","children":[{"text":""},{"url":"https://wa.me/+5521995103349","type":"a","children":[{"text":"👉 Clique aqui e fale direto com a nossa equipe. 👈"}]},{"text":""}]}]},"groupId":"fub62opr3glgg8qp0wq1jnmw"}],"graphCoordinates":{"x":4918.23,"y":2086.08}},{"id":"fte7epd9v8qmzntzh5k7e1nz","title":"Group #37","blocks":[{"id":"rrpkfbgvqnve8ziz6t5txsnr","type":"choice input","items":[{"id":"q83vqsmxrw05x6m0hx16i6i5","type":0,"blockId":"rrpkfbgvqnve8ziz6t5txsnr","content":"Sim","outgoingEdgeId":"hgwbt5tniklwoe30dvtyupq1","displayCondition":{"condition":{"comparisons":[{"id":"ue713gjizohya571m5h3yp7o"}],"logicalOperator":"AND"},"isEnabled":true}},{"id":"fmco7vv4w6umr5arqentcnl5","type":0,"blockId":"rrpkfbgvqnve8ziz6t5txsnr","content":"Não","outgoingEdgeId":"mzd7o2syetivjod7enti9q01"}],"groupId":"fte7epd9v8qmzntzh5k7e1nz","options":{"buttonLabel":"Send","isSearchable":false,"isMultipleChoice":false,"searchInputPlaceholder":"Filter the options..."}}],"graphCoordinates":{"x":4235.91,"y":255.43}},{"id":"t2c88h8b5da0ngdmrgio24ih","title":"Group #43","blocks":[{"id":"cy5qtgwminlprma64fsqt3gp","type":"text","content":{"richText":[{"type":"p","children":[{"bold":true,"text":"ESSE PROCESSO JÁ ESTÁ SENDO PAGO"}]},{"type":"p","children":[{"text":""}]},{"type":"p","children":[{"text":"O cálculo desse processo tem início em "},{"bold":true,"text":"R$ 10.000,00"},{"text":" e as indenizações podem ultrapassar os"},{"bold":true,"text":" R$ 30.000,00"},{"text":". "}]},{"type":"p","children":[{"text":""}]},{"type":"p","children":[{"text":"A justiça já determinou que todos os servidores ativos das "},{"bold":true,"text":"Escolas Estaduais do Estado do RJ em 2002 já tem o direito de receber esses valores"},{"text":", bastando apenas a elaboração do cálculo para receber os valores devidos. "}]},{"type":"p","children":[{"text":""}]},{"type":"p","children":[{"text":"O processo Nova Escola funciona da seguinte forma, precisamos conferir os valores que recebia 2002 e cobrar os meses que não foram pagos que correspondem Janeiro a Dezembro de 2003, com juros e correção monetária atuais."}]}]},"groupId":"t2c88h8b5da0ngdmrgio24ih","outgoingEdgeId":"glytdfy7lig4s7isnqwtzmvq"}],"graphCoordinates":{"x":4341.72,"y":1424.56}},{"id":"nypb06wr0ciozbntg0d0zuto","title":"Group #43","blocks":[{"id":"y2czoiw7hcgq7tr5fhelo7q0","type":"text","content":{"richText":[{"type":"p","children":[{"text":"De acordo que os dados que foram preenchidos, você está qualificado a 3 processos que "},{"bold":true,"text":"JÁ ESTÃO SENDO PAGOS "},{"text":"e o valor correspondente da sua indenização pode chegar a"},{"bold":true,"text":" R$ 100.000,00."},{"text":" "}]},{"type":"p","children":[{"text":""}]},{"type":"p","children":[{"bold":true,"text":"O Interníveis"},{"text":" é um processo para quem estava na ativa de 1998 a 2003, nesse período houveram alterações dos níveis, porém o Estado não pagou a alteração do salário de acordo com o novo nível. "}]},{"type":"p","children":[{"text":""}]},{"type":"p","children":[{"bold":true,"text":"A Gratificação Nova Escola"},{"text":" para os professores ativos em 2002. Ocorre que, no ano de 2003 o Estado  de forma injustificável não pagou nenhuma parcela do incentivo, devendo a você professor esse valores."}]},{"type":"p","children":[{"text":""}]},{"type":"p","children":[{"bold":true,"text":"O Enquadramento do seu salário de acordo com o Piso Nacional do Magistério."},{"text":" Desde 2015 o Estado de forma arbitrária não vem pagando o valores determinados por Norma Federal para "},{"bold":true,"text":"TODOS OS PROFESSORES"},{"text":", deixando assim o seu salário menor do que a lei determina. "}]},{"type":"p","children":[{"text":"Nesse processo faremos 2 pedidos, a adequação imediata no seu contracheque "},{"text":"(tivemos êxito com pedido liminar e com a alteração dos valores em menos de 6 meses) ","italic":true},{"text":"e o pagamento da diferença devida dos últimos 5 anos."}]}]},"groupId":"nypb06wr0ciozbntg0d0zuto","outgoingEdgeId":"rvvvux6l8ijspvxqxav24w6v"}],"graphCoordinates":{"x":6519.09,"y":-1369.82}},{"id":"tykwc3yohhf6v0q2stnqh038","title":"Group #43 copy","blocks":[{"id":"wfwvhpopvunar8bafs5ni3eu","type":"text","content":{"richText":[{"type":"p","children":[{"text":"Gostaria de agendar uma consulta com a Advogada?"}]}]},"groupId":"tykwc3yohhf6v0q2stnqh038","outgoingEdgeId":"gl8zejcddxow9dg6je574r73"}],"graphCoordinates":{"x":4704.23,"y":1835.78}},{"id":"rt50vhvddky9rncdkbhbo05b","title":"Group #43","blocks":[{"id":"gcd543adkpdq8irfy3iujz9h","type":"text","content":{"richText":[{"type":"p","children":[{"text":"De acordo que os dados que foram preenchidos, você está qualificado ao processo de Enquadramento do Piso Nacional do Magistério"},{"bold":true,"text":" "},{"text":"e o valor correspondente da sua indenização pode chegar a"},{"bold":true,"text":" R$ 210.000,00."}]},{"type":"p","children":[{"text":""}]},{"type":"p","children":[{"bold":true,"text":"O Enquadramento do seu salário de acordo com o Piso Nacional do Magistério."},{"text":" Desde 2015 o Estado de forma arbitrária não vem pagando o valores determinados por Norma Federal para "},{"bold":true,"text":"TODOS OS PROFESSORES"},{"text":", deixando assim o seu salário menor do que a lei determina. "}]},{"type":"p","children":[{"text":"Nesse processo faremos 2 pedidos, a adequação imediata no seu contracheque "},{"text":"(tivemos êxito com pedido liminar e com a alteração dos valores em menos de 6 meses) ","italic":true},{"text":"e o pagamento da diferença devida dos últimos 5 anos."}]}]},"groupId":"rt50vhvddky9rncdkbhbo05b","outgoingEdgeId":"vffczlt5wp37qce9pra3kt7g"}],"graphCoordinates":{"x":6487.08,"y":2100.14}},{"id":"baah9p66h7liawr7xeq0z6e7","title":"Group #43","blocks":[{"id":"bdnmkkpiybdu2au7ryls9pzv","type":"text","content":{"richText":[{"type":"p","children":[{"text":"De acordo que os dados que foram preenchidos, você está qualificado ao processo de Enquadramento do Piso Nacional do Magistério"},{"bold":true,"text":" "},{"text":"e o valor correspondente da sua indenização pode chegar a"},{"bold":true,"text":" R$ 100.000,00."}]},{"type":"p","children":[{"text":""}]},{"type":"p","children":[{"bold":true,"text":"O Enquadramento do seu salário de acordo com o Piso Nacional do Magistério."},{"text":" Desde 2015 o Estado de forma arbitrária não vem pagando o valores determinados por Norma Federal para "},{"bold":true,"text":"TODOS OS PROFESSORES"},{"text":", deixando assim o seu salário menor do que a lei determina. "}]},{"type":"p","children":[{"text":"Nesse processo faremos 2 pedidos, a adequação imediata no seu contracheque "},{"text":"(tivemos êxito com pedido liminar e com a alteração dos valores em menos de 6 meses) ","italic":true},{"text":"e o pagamento da diferença devida dos últimos 5 anos."}]}]},"groupId":"baah9p66h7liawr7xeq0z6e7","outgoingEdgeId":"anhgtnxyxepwtphtjy26d0mw"}],"graphCoordinates":{"x":6483.87,"y":1236.51}},{"id":"l2ogybpo5ssp5yuahcsrar23","title":"Group #43","blocks":[{"id":"jlh4bqafujogghmbfj8x4ufm","type":"text","content":{"richText":[{"type":"p","children":[{"text":"De acordo que os dados que foram preenchidos, você está qualificado ao processo de Enquadramento do Piso Nacional do Magistério"},{"bold":true,"text":" "},{"text":"e o valor correspondente da sua indenização pode chegar a"},{"bold":true,"text":" R$ 360.000,00."}]},{"type":"p","children":[{"text":""}]},{"type":"p","children":[{"bold":true,"text":"O Enquadramento do seu salário de acordo com o Piso Nacional do Magistério."},{"text":" Desde 2015 o Estado de forma arbitrária não vem pagando o valores determinados por Norma Federal para "},{"bold":true,"text":"TODOS OS PROFESSORES"},{"text":", deixando assim o seu salário menor do que a lei determina. "}]},{"type":"p","children":[{"text":"Nesse processo faremos 2 pedidos, a adequação imediata no seu contracheque "},{"text":"(tivemos êxito com pedido liminar e com a alteração dos valores em menos de 6 meses) ","italic":true},{"text":"e o pagamento da diferença devida dos últimos 5 anos."}]}]},"groupId":"l2ogybpo5ssp5yuahcsrar23","outgoingEdgeId":"lzec7me4xvtu3hi1w9yltt18"}],"graphCoordinates":{"x":6474.39,"y":2943.13}},{"id":"g2072zqdreyw7ad1h2u5m4x7","title":"Group #43","blocks":[{"id":"v1zuqaie0ey6jdpph1125nvn","type":"text","content":{"richText":[{"type":"p","children":[{"bold":true,"text":"Para agendar a consulta e receber atendimento personalizada sobre os seus direitos e saber o valor exato a receber "},{"text":"cobramos o valor de R$ 50,00, caso você prossiga com processo esse valor será descontado dos honorários."}]}]},"groupId":"g2072zqdreyw7ad1h2u5m4x7","outgoingEdgeId":"m23ufei7rpaolouwdbeoxw5b"}],"graphCoordinates":{"x":8329.8,"y":1007.53}},{"id":"k8k678hpfa8jfrni7vkxysl2","title":"Group #44","blocks":[{"id":"aiwwciriutnfxtaswrqkq9vz","type":"text","content":{"richText":[{"type":"p","children":[{"text":""},{"url":"https://wa.me/+5521995103349","type":"a","children":[{"text":"👉 Clique aqui e fale direto com a nossa equipe. 👈"}]},{"text":""}]}]},"groupId":"k8k678hpfa8jfrni7vkxysl2"}],"graphCoordinates":{"x":8328.14,"y":1498.26}},{"id":"m6wd3irl145n02fesl79rnnf","title":"Group #44","blocks":[{"id":"mr79fwci544imdfg8k85bgf2","type":"text","content":{"richText":[{"type":"p","children":[{"text":""},{"url":"https://go.perfectpay.com.br/PPU38CMKSUA","type":"a","children":[{"text":"👉 Clique aqui para agendar a consulta. 👈"}]},{"text":""}]}]},"groupId":"m6wd3irl145n02fesl79rnnf","outgoingEdgeId":"qabijji18c0gwmnaa1n60d1v"}],"graphCoordinates":{"x":8696.54,"y":1134.7}},{"id":"dwc0uhl82drinz3xmeod6tuy","title":"Group #45","blocks":[{"id":"uxlh7mq0wy804g0gfcdb1t00","type":"text","content":{"richText":[{"type":"p","children":[{"text":""},{"url":"https://go.perfectpay.com.br/PPU38CMKSRB","type":"a","children":[{"text":"👉 Clique aqui para agendar a consulta. 👈"}]},{"text":""}]}]},"groupId":"dwc0uhl82drinz3xmeod6tuy","outgoingEdgeId":"ckhpvwu4fq8k7aipq2x6ykbf"}],"graphCoordinates":{"x":5397.07,"y":2266.69}},{"id":"bb80iemry8uz5qo296se8mq5","title":"Group #46","blocks":[{"id":"psr4aqtyjha2lu2d4flormgd","type":"text","content":{"richText":[{"type":"p","children":[{"bold":true,"text":"Para agendar a consulta e receber atendimento personalizada sobre os seus direitos e saber o valor exato a receber "},{"text":"cobramos o valor de R$ 20,00, caso você prossiga com processo esse valor será descontado dos honorários."}]}]},"groupId":"bb80iemry8uz5qo296se8mq5","outgoingEdgeId":"f7yo38pupbhhqs6k3vm41ka8"}],"graphCoordinates":{"x":5394.55,"y":1868.43}},{"id":"fzbwn1cplxme9h3o36qo50e8","title":"Group #46","blocks":[{"id":"vogldxs1p9ddpduf6jiw0hod","type":"text","content":{"richText":[{"type":"p","children":[{"text":"Gostaria de agendar uma consulta com a Advogada?"}]}]},"groupId":"fzbwn1cplxme9h3o36qo50e8","outgoingEdgeId":"rujofmgrqh7m4elxp1lxshxh"}],"graphCoordinates":{"x":7479.41,"y":1637.07}},{"id":"b88hjmlfvkc05shhp72bicyj","title":"Group #46","blocks":[{"id":"cvk2ufnbjgegze8lzfue52ql","type":"text","content":{"richText":[{"type":"p","children":[{"text":"Infelizmente o processo Nova Escola é para os servidores ativos no ano de 2002, sendo assim você não preenche os requisitos para esse processo."}]}]},"groupId":"b88hjmlfvkc05shhp72bicyj"}],"graphCoordinates":{"x":4242.16,"y":846.04}},{"id":"hs6y0apjm5n0hirw25s0p7t3","title":"Group #46","blocks":[{"id":"mhr9ndm8g8yz2j5o3025yt2f","type":"text","content":{"richText":[{"type":"p","children":[{"text":"De acordo que os dados que foram preenchidos, você está qualificado a 3 processos que "},{"bold":true,"text":"JÁ ESTÃO SENDO PAGOS "},{"text":"e o valor correspondente da sua indenização pode chegar a"},{"bold":true,"text":" R$ 210.000,00"},{"text":" "}]},{"type":"p","children":[{"text":""}]},{"type":"p","children":[{"bold":true,"text":"O Interníveis"},{"text":" é um processo para quem estava na ativa de 1998 a 2003, nesse período houveram alterações dos níveis, porém o Estado não pagou a alteração do salário de acordo com o novo nível. "}]},{"type":"p","children":[{"text":""}]},{"type":"p","children":[{"bold":true,"text":"A Gratificação Nova Escola"},{"text":" para os professores ativos em 2002. Ocorre que, no ano de 2003 o Estado  de forma injustificável não pagou nenhuma parcela do incentivo, devendo a você professor esse valores."}]},{"type":"p","children":[{"text":""}]},{"type":"p","children":[{"bold":true,"text":"O Enquadramento do seu salário de acordo com o Piso Nacional do Magistério."},{"text":" Desde 2015 o Estado de forma arbitrária não vem pagando o valores determinados por Norma Federal para "},{"bold":true,"text":"TODOS OS PROFESSORES"},{"text":", deixando assim o seu salário menor do que a lei determina. "}]},{"type":"p","children":[{"text":"Nesse processo faremos 2 pedidos, a adequação imediata no seu contracheque "},{"text":"(tivemos êxito com pedido liminar e com a alteração dos valores em menos de 6 meses) ","italic":true},{"text":"e o pagamento da diferença devida dos últimos 5 anos."}]}]},"groupId":"hs6y0apjm5n0hirw25s0p7t3","outgoingEdgeId":"n2eu8r2odb8mhnjy45jncaif"}],"graphCoordinates":{"x":7027.07,"y":-587.05}},{"id":"mfg1pr257j513uxxkrkk8y5d","title":"Group #46","blocks":[{"id":"g00ai132v8negs77rczzom4l","type":"text","content":{"richText":[{"type":"p","children":[{"text":"De acordo que os dados que foram preenchidos, você está qualificado a 3 processos que "},{"bold":true,"text":"JÁ ESTÃO SENDO PAGOS "},{"text":"e o valor correspondente da sua indenização pode chegar a"},{"bold":true,"text":" R$ 360.000,00."}]},{"type":"p","children":[{"text":""}]},{"type":"p","children":[{"bold":true,"text":"O Interníveis"},{"text":" é um processo para quem estava na ativa de 1998 a 2003, nesse período houveram alterações dos níveis, porém o Estado não pagou a alteração do salário de acordo com o novo nível. "}]},{"type":"p","children":[{"text":""}]},{"type":"p","children":[{"bold":true,"text":"A Gratificação Nova Escola"},{"text":" para os professores ativos em 2002. Ocorre que, no ano de 2003 o Estado  de forma injustificável não pagou nenhuma parcela do incentivo, devendo a você professor esse valores."}]},{"type":"p","children":[{"text":""}]},{"type":"p","children":[{"bold":true,"text":"O Enquadramento do seu salário de acordo com o Piso Nacional do Magistério."},{"text":" Desde 2015 o Estado de forma arbitrária não vem pagando o valores determinados por Norma Federal para "},{"bold":true,"text":"TODOS OS PROFESSORES"},{"text":", deixando assim o seu salário menor do que a lei determina. "}]},{"type":"p","children":[{"text":"Nesse processo faremos 2 pedidos, a adequação imediata no seu contracheque "},{"text":"(tivemos êxito com pedido liminar e com a alteração dos valores em menos de 6 meses) ","italic":true},{"text":"e o pagamento da diferença devida dos últimos 5 anos."}]}]},"groupId":"mfg1pr257j513uxxkrkk8y5d","outgoingEdgeId":"h51fck6lbt0vfcjd9yzlzvtp"}],"graphCoordinates":{"x":6354.23,"y":-39.28}},{"id":"sno34fx1d23h2ozge1uksc5h","title":"Group #46","blocks":[{"id":"dm8bimdchljz4fhqgkc63ze0","type":"Pixel","groupId":"sno34fx1d23h2ozge1uksc5h","options":{"params":[],"pixelId":"1014593356201061","eventType":"Contact","isInitSkip":false},"outgoingEdgeId":"k7ib8rnkmzt6xl7q7754578r"}],"graphCoordinates":{"x":1256.24,"y":152.31}},{"id":"lumewpfbj852xme2n4d2orsr","title":"Group #47","blocks":[{"id":"ttqhz5lvypy7r5a4jbdjt4xq","type":"text","content":{"richText":[{"type":"p","children":[{"text":""},{"url":"https://wa.me/+5521995103349","type":"a","children":[{"text":"👉 Clique aqui e fale direto com a nossa equipe. 👈"}]},{"text":""}]}]},"groupId":"lumewpfbj852xme2n4d2orsr"}],"graphCoordinates":{"x":9111.49,"y":1103.14}},{"id":"ojhd05pck8gvczado96rqfla","title":"Group #47 copy","blocks":[{"id":"j2wbgvpabu9mxh2wd36shlsr","type":"text","content":{"richText":[{"type":"p","children":[{"text":""},{"url":"https://wa.me/+5521995103349","type":"a","children":[{"text":"👉 Clique aqui e fale direto com a nossa equipe. 👈"}]},{"text":""}]}]},"groupId":"ojhd05pck8gvczado96rqfla"}],"graphCoordinates":{"x":5381.49,"y":2486.47}},{"id":"ogfzo50enid12scngv1m4d4l","title":"Group #49","blocks":[{"id":"ukhtod756rrnikbvx3i3wuec","type":"Google Sheets","groupId":"ogfzo50enid12scngv1m4d4l","options":{"action":"Insert a row","sheetId":"0","cellsToInsert":[{"id":"u8we7gu1lwl7ogvmbdlqdego","value":"{{nome}}","column":"nome"}],"credentialsId":"clkhaey9e003kju0ff6fxokn5","spreadsheetId":"1rEzIMLURwqF3e6a_UWANfiAEveYy4MgYDisSTFk-y14"},"outgoingEdgeId":"qyuhb3cprwe13eizj65h6x0k"}],"graphCoordinates":{"x":1935.42,"y":381.53}},{"id":"x014vf0nugwym330d1k0irgs","title":"Group #50","blocks":[{"id":"t6gqmq7hogx5122yulfggtp5","type":"Google Sheets","groupId":"x014vf0nugwym330d1k0irgs","options":{"action":"Insert a row","sheetId":"0","cellsToInsert":[{"id":"cl36pohk1szm9sctfpud0u7x","value":"{{nome}}","column":"nome"},{"id":"kb1p32pd61f3chrvw5g5vrko","value":"{{telefone}}","column":"telefone"}],"credentialsId":"clkhaey9e003kju0ff6fxokn5","spreadsheetId":"1rEzIMLURwqF3e6a_UWANfiAEveYy4MgYDisSTFk-y14"},"outgoingEdgeId":"eevpedo5ju080g4hgpsxatzf"}],"graphCoordinates":{"x":3485.38,"y":-215}},{"id":"lilcy9d7b732qgajoaxqho2r","title":"Group #50 copy","blocks":[{"id":"p55g1t90x5rgkyzrhcl7ba9b","type":"Google Sheets","groupId":"lilcy9d7b732qgajoaxqho2r","options":{"action":"Insert a row","sheetId":"0","cellsToInsert":[{"id":"cl36pohk1szm9sctfpud0u7x","value":"{{nome}}","column":"nome"},{"id":"kb1p32pd61f3chrvw5g5vrko","value":"{{telefone}}","column":"telefone"}],"credentialsId":"clkhaey9e003kju0ff6fxokn5","spreadsheetId":"1rEzIMLURwqF3e6a_UWANfiAEveYy4MgYDisSTFk-y14"},"outgoingEdgeId":"fwsw1x014i87s8022eewfpxa"}],"graphCoordinates":{"x":3794.16,"y":75.92}},{"id":"rb7hiheb7zslljr8bdtfi4o5","title":"Group #51","blocks":[{"id":"hw5341mu6f1wldfas37mzort","type":"text","content":{"richText":[{"type":"p","children":[{"text":"Perfeito, quando você passou a lesionar pelo Estado do RJ"}]}]},"groupId":"rb7hiheb7zslljr8bdtfi4o5","outgoingEdgeId":"fxkwyj22r84g5m9sd46trb75"}],"graphCoordinates":{"x":3857.07,"y":-183.83}},{"id":"nyg5zt890uesaaeev1rfo6m1","title":"Group #51","blocks":[{"id":"ccstw767ve5qvu9z2j73oo5q","type":"Google Sheets","groupId":"nyg5zt890uesaaeev1rfo6m1","options":{"action":"Get data from sheet","sheetId":"0","credentialsId":"clkhaey9e003kju0ff6fxokn5","spreadsheetId":"1rEzIMLURwqF3e6a_UWANfiAEveYy4MgYDisSTFk-y14","cellsToExtract":[{"id":"jbs9fijfdevf1zvjbv94p98z","column":"nome","variableId":"vr5fwjbbqf1buq240uv6rdd1i"}]}}],"graphCoordinates":{"x":3771.2,"y":561.61}}],"variables":[{"id":"vr5fwjbbqf1buq240uv6rdd1i","name":"nome"},{"id":"vwak26q3075scjbjk964eidnb","name":"telefone"},{"id":"vhlsqwskcy90edozr2lncaa91","name":"Em que opção você se encaixa?"}],"edges":[{"id":"ccnac9hbb5lvd0pelpi8h0ql","to":{"groupId":"eoobvf2m1r12goq11pt3h1ey"},"from":{"blockId":"izvoaydmszkco3vxam9vgiqp","groupId":"lsqztzwvnd9glvzuuoh18el0"}},{"id":"vksjrglvbx1rhnomp3mu6ap2","to":{"blockId":"kb5zufi0lxd40etf9iikspat","groupId":"tqbai6re66ichbzpiwdnqbzn"},"from":{"blockId":"pfdt5he2aztan0kp7tbfgkbl","groupId":"eoobvf2m1r12goq11pt3h1ey"}},{"id":"w4mg3dnthxsm582kifm5sm0k","to":{"blockId":"e1afig28u61k2f0j916e9pf3","groupId":"clo4jwaxp7ra8zkhw99fiz23"},"from":{"blockId":"kb5zufi0lxd40etf9iikspat","groupId":"tqbai6re66ichbzpiwdnqbzn"}},{"id":"mc928bnijw5rqwzsocu90j4z","to":{"groupId":"embjqu830ax57nthwczi9tkt"},"from":{"blockId":"wvm1xo9tb0r7rvgkmqpsdafc","groupId":"gnod9xvrvla7m79jqnis6ol1"}},{"id":"i4796byu2s9ic8ojhmfh2zcu","to":{"blockId":"b8vho16fijt91uync2g41end","groupId":"vkte8k4x3kbny9eygxs16en0"},"from":{"blockId":"cmfrurqd9hcbnfmr7x1g9wx6","groupId":"gliotjmebjumpjeyc4bs4frm"}},{"id":"fxkwyj22r84g5m9sd46trb75","to":{"blockId":"fei6yxxvvo8ncgi7tlf7f4jt","groupId":"kaz8elqvt10wfrtqq158k0nv"},"from":{"blockId":"hw5341mu6f1wldfas37mzort","groupId":"rb7hiheb7zslljr8bdtfi4o5"}},{"id":"xy6o39l1zer7gc2voh4hl61b","to":{"groupId":"a7is8a4jknsqhki19hn1dnfz"},"from":{"itemId":"wfea9ljwplubdu1cf6v3r3eg","blockId":"fei6yxxvvo8ncgi7tlf7f4jt","groupId":"kaz8elqvt10wfrtqq158k0nv"}},{"id":"g38uh1rsib6ekikplu8dwdjx","to":{"groupId":"izd1iuqjlqfbyfes5ll8b0ej"},"from":{"itemId":"luwdnh0wdf8k51zziljf95n7","blockId":"fei6yxxvvo8ncgi7tlf7f4jt","groupId":"kaz8elqvt10wfrtqq158k0nv"}},{"id":"e959msa6uewrf6bmltbyts01","to":{"blockId":"n4nlu8a7uvq203dxasc0ono9","groupId":"b7rzqngy9j6k34df77jw91tn"},"from":{"blockId":"i8v00ldp6shihv4reeq7gb0e","groupId":"a7is8a4jknsqhki19hn1dnfz"}},{"id":"k54ojyo5kwam9t4ke94clcv1","to":{"groupId":"lxqbgjlf4wu96vnzlnu3vgzd"},"from":{"blockId":"ixoopffwarrtb6j3r2evk9pn","groupId":"izd1iuqjlqfbyfes5ll8b0ej"}},{"id":"k9yg4pelbt7yzb3zry659zvz","to":{"blockId":"q7qd38zcfhxus3vnyaksws6x","groupId":"ckecwkkjnkfkc6uqxmb3va3f"},"from":{"itemId":"cjl4x8yvu501yp149a21k3cu","blockId":"n4nlu8a7uvq203dxasc0ono9","groupId":"b7rzqngy9j6k34df77jw91tn"}},{"id":"alhw0k0xf65qrbk8xkncszdj","to":{"groupId":"wnerz8kqjbhczz8u0d86lvhl"},"from":{"itemId":"tvw4hfsihyw86lfb7jsvu8n0","blockId":"n4nlu8a7uvq203dxasc0ono9","groupId":"b7rzqngy9j6k34df77jw91tn"}},{"id":"gkztseitlbf5mmsmyvf38ymd","to":{"groupId":"bmo7h8a2c63lpr2jjcgtcutv"},"from":{"itemId":"jwj7hyazs67o2kqil0z7ox2t","blockId":"n4nlu8a7uvq203dxasc0ono9","groupId":"b7rzqngy9j6k34df77jw91tn"}},{"id":"k8ov20umr0chbcs0688w86tb","to":{"groupId":"axa6g00etr8svjbupgxbrr4d"},"from":{"itemId":"y8mad1qgn6th61o32tpe8q31","blockId":"n4nlu8a7uvq203dxasc0ono9","groupId":"b7rzqngy9j6k34df77jw91tn"}},{"id":"kpauebdcl2x563our1cdhfzd","to":{"blockId":"b8n7sh6xwy236svswgqkuq1m","groupId":"yyg9h1hacxlnzoc8lejkk5rq"},"from":{"itemId":"os96no3on2d0lkvh3wgvpa47","blockId":"lohfd7my4np5284fwzty56t9","groupId":"lxqbgjlf4wu96vnzlnu3vgzd"}},{"id":"zfmclpigmy493m7ap0ivos7b","to":{"groupId":"vovwpevisqglex5sov5xysu3"},"from":{"itemId":"xn37yqkrevdowjeifvdwpb9l","blockId":"lohfd7my4np5284fwzty56t9","groupId":"lxqbgjlf4wu96vnzlnu3vgzd"}},{"id":"zjn93xbem56nkism0knt4znu","to":{"groupId":"dr2tq98vk9bd9r6v9gc22xws"},"from":{"itemId":"g348yk30l18ck03lfm5aqohk","blockId":"lohfd7my4np5284fwzty56t9","groupId":"lxqbgjlf4wu96vnzlnu3vgzd"}},{"id":"yt91n5pu7snuvla1us524909","to":{"blockId":"aviepeut9b81bwo3qfco9eqr","groupId":"p3knojcynk9j6xfk5od1shfl"},"from":{"itemId":"ezswqyvh1sjc5wiwlcav1d0j","blockId":"lohfd7my4np5284fwzty56t9","groupId":"lxqbgjlf4wu96vnzlnu3vgzd"}},{"id":"rbw7ga6e3xenzfcrud0lcfr2","to":{"blockId":"xf7edtc8ieggkhadrukosomq","groupId":"dkb3fjqbxjk36q3gjb6eofam"},"from":{"blockId":"q7qd38zcfhxus3vnyaksws6x","groupId":"ckecwkkjnkfkc6uqxmb3va3f"}},{"id":"sivs8g9k4w909gmexhmxq4ph","to":{"blockId":"xf7edtc8ieggkhadrukosomq","groupId":"dkb3fjqbxjk36q3gjb6eofam"},"from":{"blockId":"axacw7ukxx3ujs9dec72kesp","groupId":"wnerz8kqjbhczz8u0d86lvhl"}},{"id":"n8co76t5reweqrr1stb5ta5a","to":{"blockId":"xf7edtc8ieggkhadrukosomq","groupId":"dkb3fjqbxjk36q3gjb6eofam"},"from":{"blockId":"ztg6eo0wvvw7ntgmd4od3qib","groupId":"bmo7h8a2c63lpr2jjcgtcutv"}},{"id":"th07gn8r8ktb3d0uxxjuk11x","to":{"blockId":"xf7edtc8ieggkhadrukosomq","groupId":"dkb3fjqbxjk36q3gjb6eofam"},"from":{"blockId":"om4biq4rhjxk1gwpye1waxh9","groupId":"axa6g00etr8svjbupgxbrr4d"}},{"id":"n4lic4g8p7gvp1g9b93ci4lh","to":{"blockId":"y2czoiw7hcgq7tr5fhelo7q0","groupId":"nypb06wr0ciozbntg0d0zuto"},"from":{"itemId":"pp4jntf2o9o3d1xb4r3esrjq","blockId":"xf7edtc8ieggkhadrukosomq","groupId":"dkb3fjqbxjk36q3gjb6eofam"}},{"id":"b0h23lwy4hbrwfjkbvziw4mw","to":{"blockId":"mhr9ndm8g8yz2j5o3025yt2f","groupId":"hs6y0apjm5n0hirw25s0p7t3"},"from":{"itemId":"npv1chpx6vssjvhxukuz70fr","blockId":"xf7edtc8ieggkhadrukosomq","groupId":"dkb3fjqbxjk36q3gjb6eofam"}},{"id":"vq14rotuovt2609ircv2pybd","to":{"groupId":"c8ndqs9jfo3edemjod5zn1mw"},"from":{"blockId":"b8n7sh6xwy236svswgqkuq1m","groupId":"yyg9h1hacxlnzoc8lejkk5rq"}},{"id":"ocdirqs7kujwtt8di41g2cds","to":{"blockId":"np4yr4l33l3tvybn41f1j6t1","groupId":"c8ndqs9jfo3edemjod5zn1mw"},"from":{"blockId":"xcni8fp48oy18zsoteu16fsr","groupId":"vovwpevisqglex5sov5xysu3"}},{"id":"d55kwkcn9f7xayep78x816j0","to":{"blockId":"np4yr4l33l3tvybn41f1j6t1","groupId":"c8ndqs9jfo3edemjod5zn1mw"},"from":{"blockId":"asvpy29snjz1nxpgzlr0f1x5","groupId":"dr2tq98vk9bd9r6v9gc22xws"}},{"id":"mbastzmrrlqlpf8gx6xt2icj","to":{"blockId":"np4yr4l33l3tvybn41f1j6t1","groupId":"c8ndqs9jfo3edemjod5zn1mw"},"from":{"blockId":"aviepeut9b81bwo3qfco9eqr","groupId":"p3knojcynk9j6xfk5od1shfl"}},{"id":"n2eu8r2odb8mhnjy45jncaif","to":{"blockId":"vogldxs1p9ddpduf6jiw0hod","groupId":"fzbwn1cplxme9h3o36qo50e8"},"from":{"blockId":"mhr9ndm8g8yz2j5o3025yt2f","groupId":"hs6y0apjm5n0hirw25s0p7t3"}},{"id":"h51fck6lbt0vfcjd9yzlzvtp","to":{"blockId":"vogldxs1p9ddpduf6jiw0hod","groupId":"fzbwn1cplxme9h3o36qo50e8"},"from":{"blockId":"g00ai132v8negs77rczzom4l","groupId":"mfg1pr257j513uxxkrkk8y5d"}},{"id":"anhgtnxyxepwtphtjy26d0mw","to":{"blockId":"vogldxs1p9ddpduf6jiw0hod","groupId":"fzbwn1cplxme9h3o36qo50e8"},"from":{"blockId":"bdnmkkpiybdu2au7ryls9pzv","groupId":"baah9p66h7liawr7xeq0z6e7"}},{"id":"lzec7me4xvtu3hi1w9yltt18","to":{"blockId":"vogldxs1p9ddpduf6jiw0hod","groupId":"fzbwn1cplxme9h3o36qo50e8"},"from":{"blockId":"jlh4bqafujogghmbfj8x4ufm","groupId":"l2ogybpo5ssp5yuahcsrar23"}},{"id":"rujofmgrqh7m4elxp1lxshxh","to":{"groupId":"g48d3z301kyhdomsp1c9rf0h"},"from":{"blockId":"vogldxs1p9ddpduf6jiw0hod","groupId":"fzbwn1cplxme9h3o36qo50e8"}},{"id":"cmpzhu66r671h1oxkiwda4yg","to":{"blockId":"aziw95zn4a4efebdkwteqev4","groupId":"bg64vdbtehdj68410ydxt9yu"},"from":{"blockId":"gzrwbj0yaf37tamu91bbw4do","groupId":"evz5ci8df3bm0lcbaijeekl4"}},{"id":"s2okvzi6moqgla6e0di0bs3h","to":{"groupId":"fte7epd9v8qmzntzh5k7e1nz"},"from":{"blockId":"c14qzh6c32eqpthd0hhxw8i9","groupId":"refh8u02onizs997tor2tzxv"}},{"id":"vujl6l8pepazn53pn4k9q4d9","to":{"groupId":"fub62opr3glgg8qp0wq1jnmw"},"from":{"itemId":"calurozoc5u6tonk506komo9","blockId":"j9noju2ivtf014fuigy6pk5h","groupId":"a44lawd8xb5nopotutifluup"}},{"id":"hgwbt5tniklwoe30dvtyupq1","to":{"groupId":"t2c88h8b5da0ngdmrgio24ih"},"from":{"itemId":"q83vqsmxrw05x6m0hx16i6i5","blockId":"rrpkfbgvqnve8ziz6t5txsnr","groupId":"fte7epd9v8qmzntzh5k7e1nz"}},{"id":"b4klbbcmp1i12nbb5wsq0vvz","to":{"blockId":"g00ai132v8negs77rczzom4l","groupId":"mfg1pr257j513uxxkrkk8y5d"},"from":{"itemId":"b7qpiue6z4ua5vw39eudsxsq","blockId":"xf7edtc8ieggkhadrukosomq","groupId":"dkb3fjqbxjk36q3gjb6eofam"}},{"id":"r1bcef807cwxp6y3jnpme83k","to":{"blockId":"bdnmkkpiybdu2au7ryls9pzv","groupId":"baah9p66h7liawr7xeq0z6e7"},"from":{"itemId":"px8ocrie8brjmg96klaijpyi","blockId":"np4yr4l33l3tvybn41f1j6t1","groupId":"c8ndqs9jfo3edemjod5zn1mw"}},{"id":"ce1js49cfovy0ijxlzfjsslt","to":{"blockId":"gcd543adkpdq8irfy3iujz9h","groupId":"rt50vhvddky9rncdkbhbo05b"},"from":{"itemId":"pmrm1xcdorlggo77twd9liqn","blockId":"np4yr4l33l3tvybn41f1j6t1","groupId":"c8ndqs9jfo3edemjod5zn1mw"}},{"id":"mjdhfigvswhn6hv80nl2icgh","to":{"groupId":"l2ogybpo5ssp5yuahcsrar23"},"from":{"itemId":"uwplnw2aoc58qmxuoc0a2otb","blockId":"np4yr4l33l3tvybn41f1j6t1","groupId":"c8ndqs9jfo3edemjod5zn1mw"}},{"id":"ufe29hdkjyx48k3mi7ay7mdj","to":{"blockId":"v1zuqaie0ey6jdpph1125nvn","groupId":"g2072zqdreyw7ad1h2u5m4x7"},"from":{"itemId":"bpg1gv3e5jdiac331heabedr","blockId":"pjcm5za8wjr98lweefkrj58q","groupId":"g48d3z301kyhdomsp1c9rf0h"}},{"id":"wm7fn5cu7kyj491ok1u203f6","to":{"blockId":"psr4aqtyjha2lu2d4flormgd","groupId":"bb80iemry8uz5qo296se8mq5"},"from":{"itemId":"jky0s6bh6f70ax0wy5l80r5o","blockId":"j9noju2ivtf014fuigy6pk5h","groupId":"a44lawd8xb5nopotutifluup"}},{"id":"q86csfmcoebimz8r01imi94x","to":{"groupId":"k8k678hpfa8jfrni7vkxysl2"},"from":{"itemId":"huyic64r5n5rw0wozz5hjc8o","blockId":"pjcm5za8wjr98lweefkrj58q","groupId":"g48d3z301kyhdomsp1c9rf0h"}},{"id":"m23ufei7rpaolouwdbeoxw5b","to":{"blockId":"mr79fwci544imdfg8k85bgf2","groupId":"m6wd3irl145n02fesl79rnnf"},"from":{"blockId":"v1zuqaie0ey6jdpph1125nvn","groupId":"g2072zqdreyw7ad1h2u5m4x7"}},{"id":"f7yo38pupbhhqs6k3vm41ka8","to":{"groupId":"dwc0uhl82drinz3xmeod6tuy"},"from":{"blockId":"psr4aqtyjha2lu2d4flormgd","groupId":"bb80iemry8uz5qo296se8mq5"}},{"id":"glytdfy7lig4s7isnqwtzmvq","to":{"blockId":"wfwvhpopvunar8bafs5ni3eu","groupId":"tykwc3yohhf6v0q2stnqh038"},"from":{"blockId":"cy5qtgwminlprma64fsqt3gp","groupId":"t2c88h8b5da0ngdmrgio24ih"}},{"id":"gl8zejcddxow9dg6je574r73","to":{"blockId":"j9noju2ivtf014fuigy6pk5h","groupId":"a44lawd8xb5nopotutifluup"},"from":{"blockId":"wfwvhpopvunar8bafs5ni3eu","groupId":"tykwc3yohhf6v0q2stnqh038"}},{"id":"mzd7o2syetivjod7enti9q01","to":{"blockId":"cvk2ufnbjgegze8lzfue52ql","groupId":"b88hjmlfvkc05shhp72bicyj"},"from":{"itemId":"fmco7vv4w6umr5arqentcnl5","blockId":"rrpkfbgvqnve8ziz6t5txsnr","groupId":"fte7epd9v8qmzntzh5k7e1nz"}},{"id":"u5chvgva7yoynw43pcv4026n","to":{"blockId":"i8v00ldp6shihv4reeq7gb0e","groupId":"a7is8a4jknsqhki19hn1dnfz"},"from":{"itemId":"k3pc1shhx3d3blb9qy9xl4km","blockId":"fei6yxxvvo8ncgi7tlf7f4jt","groupId":"kaz8elqvt10wfrtqq158k0nv"}},{"id":"nev46wbwgagvomugc70nwyzj","to":{"groupId":"sno34fx1d23h2ozge1uksc5h"},"from":{"itemId":"i5z7snkmh09ibe657ugv7lbq","blockId":"e1afig28u61k2f0j916e9pf3","groupId":"clo4jwaxp7ra8zkhw99fiz23"}},{"id":"rvvvux6l8ijspvxqxav24w6v","to":{"groupId":"fzbwn1cplxme9h3o36qo50e8"},"from":{"blockId":"y2czoiw7hcgq7tr5fhelo7q0","groupId":"nypb06wr0ciozbntg0d0zuto"}},{"id":"vffczlt5wp37qce9pra3kt7g","to":{"blockId":"vogldxs1p9ddpduf6jiw0hod","groupId":"fzbwn1cplxme9h3o36qo50e8"},"from":{"blockId":"gcd543adkpdq8irfy3iujz9h","groupId":"rt50vhvddky9rncdkbhbo05b"}},{"id":"qabijji18c0gwmnaa1n60d1v","to":{"groupId":"lumewpfbj852xme2n4d2orsr"},"from":{"blockId":"mr79fwci544imdfg8k85bgf2","groupId":"m6wd3irl145n02fesl79rnnf"}},{"id":"ckhpvwu4fq8k7aipq2x6ykbf","to":{"groupId":"ojhd05pck8gvczado96rqfla"},"from":{"blockId":"uxlh7mq0wy804g0gfcdb1t00","groupId":"dwc0uhl82drinz3xmeod6tuy"}},{"id":"k7ib8rnkmzt6xl7q7754578r","to":{"blockId":"wvm1xo9tb0r7rvgkmqpsdafc","groupId":"gnod9xvrvla7m79jqnis6ol1"},"from":{"blockId":"dm8bimdchljz4fhqgkc63ze0","groupId":"sno34fx1d23h2ozge1uksc5h"}},{"id":"qyuhb3cprwe13eizj65h6x0k","to":{"groupId":"gliotjmebjumpjeyc4bs4frm"},"from":{"blockId":"ukhtod756rrnikbvx3i3wuec","groupId":"ogfzo50enid12scngv1m4d4l"}},{"id":"ki21f7v89tgh48k0wdzfkn7l","to":{"blockId":"cmfrurqd9hcbnfmr7x1g9wx6","groupId":"gliotjmebjumpjeyc4bs4frm"},"from":{"blockId":"s9dwxup57sel7uev0e9fh4bm","groupId":"embjqu830ax57nthwczi9tkt"}},{"id":"bqlfgkbhsyebx9lztnqvjmdt","to":{"blockId":"gzrwbj0yaf37tamu91bbw4do","groupId":"evz5ci8df3bm0lcbaijeekl4"},"from":{"blockId":"b8vho16fijt91uync2g41end","groupId":"vkte8k4x3kbny9eygxs16en0"}},{"id":"xstdvp7fmdmqmkyrtfhaox20","to":{"blockId":"t6gqmq7hogx5122yulfggtp5","groupId":"x014vf0nugwym330d1k0irgs"},"from":{"itemId":"xa4jfg1z8yrf2fo12wm61gm5","blockId":"aziw95zn4a4efebdkwteqev4","groupId":"bg64vdbtehdj68410ydxt9yu"}},{"id":"eevpedo5ju080g4hgpsxatzf","to":{"blockId":"hw5341mu6f1wldfas37mzort","groupId":"rb7hiheb7zslljr8bdtfi4o5"},"from":{"blockId":"t6gqmq7hogx5122yulfggtp5","groupId":"x014vf0nugwym330d1k0irgs"}},{"id":"xr1ydzzr4tjc887m641umyr9","to":{"blockId":"p55g1t90x5rgkyzrhcl7ba9b","groupId":"lilcy9d7b732qgajoaxqho2r"},"from":{"itemId":"tn7oo007qnhz3s0ipsqy32g8","blockId":"aziw95zn4a4efebdkwteqev4","groupId":"bg64vdbtehdj68410ydxt9yu"}},{"id":"fwsw1x014i87s8022eewfpxa","to":{"blockId":"c14qzh6c32eqpthd0hhxw8i9","groupId":"refh8u02onizs997tor2tzxv"},"from":{"blockId":"p55g1t90x5rgkyzrhcl7ba9b","groupId":"lilcy9d7b732qgajoaxqho2r"}}],"theme":{"chat":{"inputs":{"color":"#303235","backgroundColor":"#FFFFFF","placeholderColor":"#9095A0"},"buttons":{"color":"#FFFFFF","backgroundColor":"#0042DA"},"hostAvatar":{"url":"https://s3.fr-par.scw.cloud/typebot/public/typebots/clkbpja78003vkz0fqzgfqkxz/hostAvatar?v=1689899107081","isEnabled":true},"guestAvatar":{"isEnabled":false},"hostBubbles":{"color":"#303235","backgroundColor":"#F7F8FF"},"guestBubbles":{"color":"#FFFFFF","backgroundColor":"#FF8E21"}},"general":{"font":"Open Sans","background":{"type":"Image"}}},"settings":{"general":{"rememberUser":{"isEnabled":false},"isBrandingEnabled":true,"isInputPrefillEnabled":true,"isHideQueryParamsEnabled":true},"metadata":{"favIconUrl":"https://s3.fr-par.scw.cloud/typebot/public/typebots/clkbpja78003vkz0fqzgfqkxz/favIcon?v=1689897212789","description":"Build beautiful conversational forms and embed them directly in your applications without a line of code. Triple your response rate and collect answers that has more value compared to a traditional form."},"typingEmulation":{"speed":300,"enabled":true,"maxDelay":1.5}}}