{"id":"clk1phort004smf0f0tbw7qhr","version":"3","groups":[{"id":"pxlkzzmsi3t5jtk0l3pk0qyc","title":"Start","blocks":[{"id":"cx5iel8jxfo4caorf8rnjiw0","type":"start","label":"Start","groupId":"pxlkzzmsi3t5jtk0l3pk0qyc","outgoingEdgeId":"l67t8lfzttrxlfsv398njvne"}],"graphCoordinates":{"x":-1804.43,"y":-11.61}},{"id":"iwun5mc7vtsxue3mkay0e4fp","title":"","blocks":[{"id":"kl16bf94mpvm7ux0w9yhaksc","type":"text","content":{"richText":[{"type":"p","children":[{"bold":true,"text":"[VOCÊ"},{"text":" "},{"bold":true,"text":"FOI"},{"text":" "},{"bold":true,"text":"SELECIONADA]"}]},{"type":"p","children":[{"bold":true,"text":""}]},{"type":"p","children":[{"text":"ESSA "},{"bold":true,"text":"CONSULTA É","underline":true},{"text":" ","underline":true},{"bold":true,"text":"GRATUITA","underline":true},{"text":"!"}]}]},"groupId":"iwun5mc7vtsxue3mkay0e4fp"},{"id":"ojoiuqw11ol7mluihnpdkffy","type":"text","content":{"richText":[{"type":"p","children":[{"text":"Olá, meu nome é Dra. Lara..."}]}]},"groupId":"iwun5mc7vtsxue3mkay0e4fp"},{"id":"h9jhpsm5w83cfrwtlqtvsd38","type":"Wait","groupId":"iwun5mc7vtsxue3mkay0e4fp","options":{"secondsToWaitFor":"2"}},{"id":"m435v6oefxku0cm0oyzcg2mb","type":"audio","content":{"url":"https://s3.fr-par.scw.cloud/typebot/public/typebots/cli88mae30010mh0f0yzjqn48/blocks/eisfq9u53jhbknz9ens5n28y?v=1685935872099"},"groupId":"iwun5mc7vtsxue3mkay0e4fp"},{"id":"amfwk99rwrspc7o6hro0bv7v","type":"Wait","groupId":"iwun5mc7vtsxue3mkay0e4fp","options":{"secondsToWaitFor":"2"}},{"id":"g91i1t2tlt9qkl5dvxggin3o","type":"image","content":{"url":"https://s3.fr-par.scw.cloud/typebot/public/typebots/cli88mae30010mh0f0yzjqn48/blocks/qgatgzuxngkcwufkwt4ujsrj?v=1685383624397"},"groupId":"iwun5mc7vtsxue3mkay0e4fp"},{"id":"dbi2zwoddcnec8xrykof79b8","type":"Wait","groupId":"iwun5mc7vtsxue3mkay0e4fp","options":{"secondsToWaitFor":"2"}},{"id":"qgabe8bc82icxs4d0qnrazvx","type":"text","content":{"richText":[{"type":"p","children":[{"text":"Gostaria de "},{"bold":true,"text":"participar"},{"text":" do meu "}]},{"type":"p","children":[{"bold":true,"text":"programa GRATUITO"},{"text":" de "},{"bold":true,"text":"perda"},{"text":" de "},{"bold":true,"text":"peso"},{"text":"?"}]}]},"groupId":"iwun5mc7vtsxue3mkay0e4fp"},{"id":"c8zvdcs07rxg9q2yckyprsyn","type":"choice input","items":[{"id":"cigszfogy5e8w000i07vu0rl","type":0,"blockId":"c8zvdcs07rxg9q2yckyprsyn","content":"CLIQUE AQUI PARA SABER MAIS!"}],"groupId":"iwun5mc7vtsxue3mkay0e4fp","options":{"buttonLabel":"Send","isSearchable":false,"isMultipleChoice":false,"searchInputPlaceholder":"Filter the options..."},"outgoingEdgeId":"bd1s06ttll3m6c1l6pewsv67"}],"graphCoordinates":{"x":-1434.92,"y":23.22}},{"id":"y8k100wx8ncutwtk0rv4gw06","title":"","blocks":[{"id":"p72v7j6oia4oy91v9dwbeind","type":"text","content":{"richText":[{"type":"p","children":[{"text":"Seu objetivo é bem parecido com o delas..."}]}]},"groupId":"y8k100wx8ncutwtk0rv4gw06"},{"id":"fzfumyw7ixn08k4jnwnxssas","type":"Wait","groupId":"y8k100wx8ncutwtk0rv4gw06","options":{"secondsToWaitFor":"3"}},{"id":"b67yqw5t665wip4u448klheu","type":"audio","content":{"url":"https://s3.fr-par.scw.cloud/typebot/public/typebots/cli88mae30010mh0f0yzjqn48/blocks/y1g5ilrudkrk3vrc59s8xf52?v=1685937345942"},"groupId":"y8k100wx8ncutwtk0rv4gw06"},{"id":"tqrx408qz0zt8ecoigbemlvv","type":"Wait","groupId":"y8k100wx8ncutwtk0rv4gw06","options":{"secondsToWaitFor":"12"}},{"id":"kgan0v4fzfxxdvze2ng6sbvz","type":"image","content":{"url":"https://s3.fr-par.scw.cloud/typebot/public/typebots/aoeqjtrdmn4sa8efx18lihfu/blocks/kgan0v4fzfxxdvze2ng6sbvz?v=1689286270335"},"groupId":"y8k100wx8ncutwtk0rv4gw06"},{"id":"ep3y54bihou14gpgthwg09fx","type":"Wait","groupId":"y8k100wx8ncutwtk0rv4gw06","options":{"secondsToWaitFor":"22"}},{"id":"pt25tv657uxw5omj9h3gm0ia","type":"audio","content":{"url":"https://s3.fr-par.scw.cloud/typebot/public/typebots/cli88mae30010mh0f0yzjqn48/blocks/xj2ukel4aokybbwm4fxm1y8y?v=1685937433714"},"groupId":"y8k100wx8ncutwtk0rv4gw06"},{"id":"spg2xvw7ec28gd07g7yk5ru9","type":"Wait","groupId":"y8k100wx8ncutwtk0rv4gw06","options":{"secondsToWaitFor":"13"}},{"id":"csg6d94eescql84p2ui382ez","type":"image","content":{"url":"https://s3.fr-par.scw.cloud/typebot/public/typebots/aoeqjtrdmn4sa8efx18lihfu/blocks/csg6d94eescql84p2ui382ez?v=1689286682844"},"groupId":"y8k100wx8ncutwtk0rv4gw06"},{"id":"zui2rgpps5hpl8ojufhjt71p","type":"Wait","groupId":"y8k100wx8ncutwtk0rv4gw06","options":{"secondsToWaitFor":"29"}},{"id":"qlzpncdli50qn183tmygy5zl","type":"text","content":{"richText":[{"type":"p","children":[{"bold":true,"text":"Você"},{"text":" "},{"bold":true,"text":"ficaria"},{"text":" "},{"bold":true,"text":"feliz"},{"text":" com esses resultados?"}]}]},"groupId":"y8k100wx8ncutwtk0rv4gw06"},{"id":"b2923j6eho3hoitcyt7t2elu","type":"text input","groupId":"y8k100wx8ncutwtk0rv4gw06","options":{"isLong":false,"labels":{"button":"Enviar","placeholder":"Digite aqui..."}},"outgoingEdgeId":"q6q15rcn9o9za4z8tu9hn96z"}],"graphCoordinates":{"x":-644.02,"y":24.34}},{"id":"wj018w9nr0znviaa0v1h3eni","title":"","blocks":[{"id":"jod99kisimo8xbxjd1sfga1q","type":"text","content":{"richText":[{"type":"p","children":[{"text":"Vou te falar sobre os benefícios de participar..."}]}]},"groupId":"wj018w9nr0znviaa0v1h3eni"},{"id":"txkzg3nq7zg9xg4ip5kaicx9","type":"Wait","groupId":"wj018w9nr0znviaa0v1h3eni","options":{"secondsToWaitFor":"3"}},{"id":"f79ru6dedcyjtkkye1yid1v3","type":"text","content":{"richText":[{"type":"p","children":[{"text":"✅ Perda de peso rápido"}]},{"type":"p","children":[{"text":"✅ Redução de celulite"}]},{"type":"p","children":[{"text":"✅ Aumento da autoestima"}]},{"type":"p","children":[{"text":"✅ Redução de ansiedade"}]},{"type":"p","children":[{"text":"✅ Menor queda de cabelo"}]},{"type":"p","children":[{"text":"✅ Eliminaram dores no corpo"}]},{"type":"p","children":[{"text":"✅ Mais apetite sexual"}]},{"type":"p","children":[{"text":"✅ Sensação de bem estar"}]},{"type":"p","children":[{"text":"✅ Prevenção de doenças"}]},{"type":"p","children":[{"text":"✅ Controle de Diabetes"}]},{"type":"p","children":[{"text":"✅ Controle da Pressão Alta"}]}]},"groupId":"wj018w9nr0znviaa0v1h3eni"},{"id":"ajrb9odpovoh1qrju3wubv7r","type":"Wait","groupId":"wj018w9nr0znviaa0v1h3eni","options":{"secondsToWaitFor":"10"}},{"id":"mc3tebssu8a88qt6fe51rldk","type":"text","content":{"richText":[{"type":"p","children":[{"bold":true,"text":"Qual"},{"text":" desses "},{"bold":true,"text":"benefícios"},{"text":" é o "}]},{"type":"p","children":[{"bold":true,"text":"principal"},{"text":" "},{"bold":true,"text":"para"},{"text":" "},{"bold":true,"text":"você"},{"text":"?"}]}]},"groupId":"wj018w9nr0znviaa0v1h3eni"},{"id":"wxso3jatsxdjkvnamma6mg4a","type":"text input","groupId":"wj018w9nr0znviaa0v1h3eni","options":{"isLong":false,"labels":{"button":"Enviar","placeholder":"Digite aqui..."}},"outgoingEdgeId":"t9o637r54wa695z64uhowoi2"}],"graphCoordinates":{"x":-248.82,"y":24.24}},{"id":"lp8jt0pbyn2wk80h2rsl1wpz","title":"","blocks":[{"id":"hlmvj6as1sn6ofemd56y8qo9","type":"Wait","groupId":"lp8jt0pbyn2wk80h2rsl1wpz","options":{"secondsToWaitFor":"10"}},{"id":"k4efu3ihuewkgqrltk4yq7w2","type":"text","content":{"richText":[{"type":"p","children":[{"text":"Veja também a superação da Nathalia..."}]}]},"groupId":"lp8jt0pbyn2wk80h2rsl1wpz"},{"id":"n77t51ddgnxzlotk2k2jd2ox","type":"Wait","groupId":"lp8jt0pbyn2wk80h2rsl1wpz","options":{"secondsToWaitFor":"2"}},{"id":"yq65muiotbo52i9bvm5i31vd","type":"image","content":{"url":"https://s3.fr-par.scw.cloud/typebot/public/typebots/aoeqjtrdmn4sa8efx18lihfu/blocks/yq65muiotbo52i9bvm5i31vd?v=1689287481917"},"groupId":"lp8jt0pbyn2wk80h2rsl1wpz"},{"id":"rfkgq6wzessbjef2h5d5fj5v","type":"Wait","groupId":"lp8jt0pbyn2wk80h2rsl1wpz","options":{"secondsToWaitFor":"35"}},{"id":"joqrj26lqgheb66nnzc5ih55","type":"text","content":{"richText":[{"type":"p","children":[{"text":"Gostaria de "},{"bold":true,"text":"participar do"}]},{"type":"p","children":[{"bold":true,"text":"Programa de Perda de Peso?"}]}]},"groupId":"lp8jt0pbyn2wk80h2rsl1wpz"},{"id":"ksowcbx72l551ivc7q7w3zk5","type":"choice input","items":[{"id":"jdsas9np961u54ch4447ecp3","type":0,"blockId":"ksowcbx72l551ivc7q7w3zk5","content":"CLIQUE AQUI PARA PARTICIPAR!"}],"groupId":"lp8jt0pbyn2wk80h2rsl1wpz","options":{"buttonLabel":"Send","isSearchable":false,"isMultipleChoice":false,"searchInputPlaceholder":"Filter the options..."},"outgoingEdgeId":"bavlhnju5mm01gjssh8krr5z"}],"graphCoordinates":{"x":120.55,"y":23.93}},{"id":"j47cn99b6rl5zy6e5furbyk0","title":"","blocks":[{"id":"qxhdyp7zce3in4k4hozn96ij","type":"text","content":{"richText":[{"type":"p","children":[{"text":"Vou te explicar "},{"bold":true,"text":"como"},{"text":" "},{"bold":true,"text":"funciona"},{"text":"..."}]}]},"groupId":"j47cn99b6rl5zy6e5furbyk0"},{"id":"tn2zoescgbr0qrouqo56920u","type":"Wait","groupId":"j47cn99b6rl5zy6e5furbyk0","options":{"secondsToWaitFor":"3"}},{"id":"vcnn5alg1mn3r1q8t1b39v6c","type":"audio","content":{"url":"https://s3.fr-par.scw.cloud/typebot/public/typebots/cli88mae30010mh0f0yzjqn48/blocks/vcnn5alg1mn3r1q8t1b39v6c?v=1685938155144"},"groupId":"j47cn99b6rl5zy6e5furbyk0"},{"id":"ud1b4rjos3d0czl174bwar60","type":"Wait","groupId":"j47cn99b6rl5zy6e5furbyk0","options":{"secondsToWaitFor":"11"}},{"id":"jbzqhf8x0ahkeojqxrbwzi5t","type":"audio","content":{"url":"https://s3.fr-par.scw.cloud/typebot/public/typebots/cli88mae30010mh0f0yzjqn48/blocks/pg1d9igi6xip04oz6ir1e2fo?v=1685938268593"},"groupId":"j47cn99b6rl5zy6e5furbyk0"},{"id":"urfjkd58u1h1qt8rx8etsdv0","type":"Wait","groupId":"j47cn99b6rl5zy6e5furbyk0","options":{"secondsToWaitFor":"10"}},{"id":"muaybu8r4douw2gfjyikbaa4","type":"audio","content":{"url":"https://s3.fr-par.scw.cloud/typebot/public/typebots/cli88mae30010mh0f0yzjqn48/blocks/o44s9btkct6kpaw80jck9dns?v=1685938324571"},"groupId":"j47cn99b6rl5zy6e5furbyk0"},{"id":"h08mdvasimtc3wwg7l8bz7b2","type":"Wait","groupId":"j47cn99b6rl5zy6e5furbyk0","options":{"secondsToWaitFor":"12"}},{"id":"qgnkb8vpx81evdup10seld26","type":"audio","content":{"url":"https://s3.fr-par.scw.cloud/typebot/public/typebots/cli88mae30010mh0f0yzjqn48/blocks/nxpf50nvndlu6ln7njr155an?v=1685939014803"},"groupId":"j47cn99b6rl5zy6e5furbyk0"},{"id":"p8lgbx168xhylcmfdc3s5ctj","type":"Wait","groupId":"j47cn99b6rl5zy6e5furbyk0","options":{"secondsToWaitFor":"9"}},{"id":"h1j9r3ix9c5n0c7odrdxbvl8","type":"text","content":{"richText":[{"type":"p","children":[{"text":"Quantos quilos você "},{"bold":true,"text":"quer perder?"}]}]},"groupId":"j47cn99b6rl5zy6e5furbyk0"},{"id":"pftp3s36rd6dygtiq95zn73k","type":"text input","groupId":"j47cn99b6rl5zy6e5furbyk0","options":{"isLong":false,"labels":{"button":"Enviar","placeholder":"Digite aqui..."}},"outgoingEdgeId":"fvrrxvo3y1yucsqhfe1m90zz"}],"graphCoordinates":{"x":-1034.51,"y":22.07}},{"id":"ql0ikogpikh6tjlprvx34jkx","title":"","blocks":[{"id":"l8pk4gsg6qoohui94i3x3ns4","type":"text","content":{"richText":[{"type":"p","children":[{"text":"Vou te "},{"bold":true,"text":"explicar"},{"text":" "},{"bold":true,"text":"como"},{"text":" "}]},{"type":"p","children":[{"text":"fazer para "},{"bold":true,"text":"participar"},{"text":"..."}]}]},"groupId":"ql0ikogpikh6tjlprvx34jkx"},{"id":"kkjllqn4mmi6bv0ov759b7ff","type":"Wait","groupId":"ql0ikogpikh6tjlprvx34jkx","options":{"secondsToWaitFor":"4"}},{"id":"kjbfh67z9jjtngekezooid1p","type":"audio","content":{"url":"https://s3.fr-par.scw.cloud/typebot/public/typebots/cli88mae30010mh0f0yzjqn48/blocks/qponuq4ugzz6pu6auxc3o76n?v=1685941369973"},"groupId":"ql0ikogpikh6tjlprvx34jkx"},{"id":"od1zom0te9g5sonhv7zsz72e","type":"Wait","groupId":"ql0ikogpikh6tjlprvx34jkx","options":{"secondsToWaitFor":"9"}},{"id":"m7fdycmddpjjt9fvoh510vr8","type":"audio","content":{"url":"https://s3.fr-par.scw.cloud/typebot/public/typebots/cli88mae30010mh0f0yzjqn48/blocks/uc6kg66z4qyjzfqs7w8xifmm?v=1685941491169"},"groupId":"ql0ikogpikh6tjlprvx34jkx"},{"id":"gn1jx5x2gpcmz5j1e0lcfc7a","type":"Wait","groupId":"ql0ikogpikh6tjlprvx34jkx","options":{"secondsToWaitFor":"13"}},{"id":"tz3xluurjoq5csx9cnue2430","type":"audio","content":{"url":"https://s3.fr-par.scw.cloud/typebot/public/typebots/cli88mae30010mh0f0yzjqn48/blocks/wa4thsssezoyqazpqh6l4hfn?v=1685941599013"},"groupId":"ql0ikogpikh6tjlprvx34jkx"},{"id":"b5vjefb4ktfxy7uk2v5fvwje","type":"Wait","groupId":"ql0ikogpikh6tjlprvx34jkx","options":{"secondsToWaitFor":"11"}},{"id":"lm6882bsbnzo8tjoru33is9k","type":"audio","content":{"url":"https://s3.fr-par.scw.cloud/typebot/public/typebots/cli88mae30010mh0f0yzjqn48/blocks/ffqui3mls3mf46hrsrs98mx0?v=1685941680366"},"groupId":"ql0ikogpikh6tjlprvx34jkx"},{"id":"o6puth19ig31g2fzydnoxnr7","type":"Wait","groupId":"ql0ikogpikh6tjlprvx34jkx","options":{"secondsToWaitFor":"8"}},{"id":"mxkpmsr1hhiub1g08r3jrh12","type":"audio","content":{"url":"https://s3.fr-par.scw.cloud/typebot/public/typebots/cli88mae30010mh0f0yzjqn48/blocks/vltfupluttb8gnlcrhanecex?v=1685941793071"},"groupId":"ql0ikogpikh6tjlprvx34jkx"},{"id":"j1y8qct2jstwv04m8yezfgbx","type":"Wait","groupId":"ql0ikogpikh6tjlprvx34jkx","options":{"secondsToWaitFor":"22"}},{"id":"ao8v7g5kfcefw6pu25g9u3cs","type":"audio","content":{"url":"https://s3.fr-par.scw.cloud/typebot/public/typebots/cli88mae30010mh0f0yzjqn48/blocks/dk597bkc7r3p3g0mualjphgx?v=1685942013256"},"groupId":"ql0ikogpikh6tjlprvx34jkx"},{"id":"n1802kj0kas6ryirunlfltmo","type":"Wait","groupId":"ql0ikogpikh6tjlprvx34jkx","options":{"secondsToWaitFor":"23"}},{"id":"p84a7mxo9gratngsrgid9e8m","type":"audio","content":{"url":"https://s3.fr-par.scw.cloud/typebot/public/typebots/cli88mae30010mh0f0yzjqn48/blocks/o1gfbuiaksf4xrwzgh52tzbp?v=1685942242311"},"groupId":"ql0ikogpikh6tjlprvx34jkx"},{"id":"r4f7hp5vosdeptsma3p6fef1","type":"Wait","groupId":"ql0ikogpikh6tjlprvx34jkx","options":{"secondsToWaitFor":"17"}},{"id":"x3f7h3pkmr0ojgs9aszz4cui","type":"Pixel","groupId":"ql0ikogpikh6tjlprvx34jkx","options":{"params":[],"pixelId":"604324641770084","eventType":"InitiateCheckout"}},{"id":"vq2wqekzomicwqw9i6kigwwq","type":"Redirect","groupId":"ql0ikogpikh6tjlprvx34jkx","options":{"url":"https://pay.kiwify.com.br/ZSnl20n","isNewTab":false}}],"graphCoordinates":{"x":569.68,"y":21}},{"id":"utpzdlmpk88dpjyqibk48l3j","title":"Group #11","blocks":[{"id":"oxuy20ju06fbx6u1zusf8gbu","type":"Pixel","groupId":"utpzdlmpk88dpjyqibk48l3j","options":{"params":[],"pixelId":"604324641770084","eventType":"ViewContent"}}],"graphCoordinates":{"x":-1429.26,"y":-127.44}}],"variables":[{"id":"vprp91gkcj6ooz2wteh9qrvjn","name":"NOME"},{"id":"vylhptebpxvgxs98ah9vf9q1p","name":"PESO"},{"id":"vpel0viottucscnen8zdlejaf","name":"IDADE"},{"id":"vlnuxmidqsek5hmsy83v55c7h","name":"PERDER"},{"id":"va2xubuj795oo62rxwti3hudj","name":"TEMPO"}],"edges":[{"id":"fvrrxvo3y1yucsqhfe1m90zz","to":{"blockId":"p72v7j6oia4oy91v9dwbeind","groupId":"y8k100wx8ncutwtk0rv4gw06"},"from":{"blockId":"pftp3s36rd6dygtiq95zn73k","groupId":"j47cn99b6rl5zy6e5furbyk0"}},{"id":"bd1s06ttll3m6c1l6pewsv67","to":{"blockId":"qxhdyp7zce3in4k4hozn96ij","groupId":"j47cn99b6rl5zy6e5furbyk0"},"from":{"blockId":"c8zvdcs07rxg9q2yckyprsyn","groupId":"iwun5mc7vtsxue3mkay0e4fp"}},{"id":"l67t8lfzttrxlfsv398njvne","to":{"blockId":"kl16bf94mpvm7ux0w9yhaksc","groupId":"iwun5mc7vtsxue3mkay0e4fp"},"from":{"blockId":"cx5iel8jxfo4caorf8rnjiw0","groupId":"pxlkzzmsi3t5jtk0l3pk0qyc"}},{"id":"q6q15rcn9o9za4z8tu9hn96z","to":{"blockId":"jod99kisimo8xbxjd1sfga1q","groupId":"wj018w9nr0znviaa0v1h3eni"},"from":{"blockId":"b2923j6eho3hoitcyt7t2elu","groupId":"y8k100wx8ncutwtk0rv4gw06"}},{"id":"bavlhnju5mm01gjssh8krr5z","to":{"blockId":"l8pk4gsg6qoohui94i3x3ns4","groupId":"ql0ikogpikh6tjlprvx34jkx"},"from":{"blockId":"ksowcbx72l551ivc7q7w3zk5","groupId":"lp8jt0pbyn2wk80h2rsl1wpz"}},{"id":"t9o637r54wa695z64uhowoi2","to":{"blockId":"hlmvj6as1sn6ofemd56y8qo9","groupId":"lp8jt0pbyn2wk80h2rsl1wpz"},"from":{"blockId":"wxso3jatsxdjkvnamma6mg4a","groupId":"wj018w9nr0znviaa0v1h3eni"}}],"theme":{"chat":{"inputs":{"color":"#000000","backgroundColor":"#FFFFFF","placeholderColor":"#28292a"},"buttons":{"color":"#FFFFFF","backgroundColor":"#128C7E"},"roundness":"medium","hostAvatar":{"url":"https://s3.fr-par.scw.cloud/typebot/public/typebots/cli88mae30010mh0f0yzjqn48/hostAvatar?v=1685330922907","isEnabled":true},"guestAvatar":{"url":"https://s3.fr-par.scw.cloud/typebot/public/typebots/cli88mae30010mh0f0yzjqn48/guestAvatar?v=1685330799682","isEnabled":false},"hostBubbles":{"color":"#303235","backgroundColor":"#FFFFFF"},"guestBubbles":{"color":"#303235","backgroundColor":"#e1ffc7"}},"general":{"font":"Open Sans","background":{"type":"Image","content":"https://s3.fr-par.scw.cloud/typebot/public/typebots/cli88mae30010mh0f0yzjqn48/background?v=1685470080750"}},"customCss":".typebot-chat-view > .flex:first-child {\n    padding-top: 30px;\n}\n\n.typebot-input {\n    position: fixed;\n    bottom: 0;\n    align-items: center;\n    z-index: 999;\n    right: 0;\n}\n\n.typebot-input .typebot-button {\n    background: #008a7c;\n    border-radius: 50%;\n    color: #fff;\n    position: relative;\n    width: 50px;\n    height: 50px;\n    display: flex;\n    align-items: center;\n    justify-content: center;\n}\n\n.typebot-container {\n    background-size: initial!important;\n    background-repeat: repeat-x!important;\n}\n\n.typebot-host-bubble>.bubble-typing {\n  border-radius: 0 5px 5px 5px;\n}\n\n.typebot-host-bubble>.bubble-typing:after {\n    position: absolute;\n    content: \"\";\n    width: 0;\n    height: 0;\n    border-style: solid;\n    border-width: 0px 10px 10px 0;\n    border-color: transparent #fff transparent transparent;\n    top: 0;\n    left: -10px;\n}\n\n.typebot-guest-bubble {\n  position: relative;\n  border-radius: 5px 0 5px 5px;\n}\n\n.typebot-guest-bubble:after {\n  position: absolute;\n  content: \"\";\n  width: 0;\n  height: 0;\n  border-style: solid;\n}\n\n.typebot-guest-bubble:after {\n    border-width: 0px 0 10px 10px;\n    border-color: transparent transparent transparent #e1ffc7;\n    top: 0;\n    right: -10px;\n    border-style: solid;\n}\n\niframe[src=\"\"] {\n  position: fixed;\n  top: 0;\n  left: 0;\n  display: relative;\n  width: 100%;\n  height: 100% !important;\n  z-index: 999999;\n  border: none;\n  padding: 0;\n  margin: 0;\n}\n\na#lite-badge {\n  display: none!important;\n}"},"settings":{"general":{"rememberUser":{"isEnabled":false},"isBrandingEnabled":true,"isInputPrefillEnabled":false,"isHideQueryParamsEnabled":false},"metadata":{"title":"WhatsApp Web","imageUrl":"https://images.unsplash.com/photo-1611077544170-be90a2f68add?crop=entropy&cs=tinysrgb&fit=max&fm=jpg&ixid=M3w0MjU2MDR8MHwxfHNlYXJjaHwyN3x8d2VpZ2h0JTIwbG9zc3xlbnwwfDB8fHwxNjg2MjAzMzA4fDA&ixlib=rb-4.0.3&q=80&w=1080","favIconUrl":"https://s3.fr-par.scw.cloud/typebot/public/typebots/fwlzp9t2f2xjx6o1ru5u4i4z/favIcon?v=1686203350295","description":"Faça agora sua consulta com Dra. Lara no WhatsApp.","customHeadCode":"<!-- Facebook Pixel Code -->\n<script>\n   !function(f,b,e,v,n,t,s)\n  {if(f.fbq)return;n=f.fbq=function(){n.callMethod?\n    n.callMethod.apply(n,arguments):n.queue.push(arguments)};\n    if(!f._fbq)f._fbq=n;n.push=n;n.loaded=!0;n.version='2.0';\n    n.queue=[];t=b.createElement(e);t.async=!0;\n    t.src=v;s=b.getElementsByTagName(e)[0];\n    s.parentNode.insertBefore(t,s)}(window, document,'script',\n    'https://connect.facebook.net/en_US/fbevents.js');\n    fbq('init', );\n    fbq('track', 'PageView');\n    fbq('track', 'ViewContent');\n \n</script>\n<!-- End Facebook Pixel Code -->\n<link rel=\"stylesheet\" href=\"https://cdnjs.cloudflare.com/ajax/libs/material-design-iconic-font/2.2.0/css/material-design-iconic-font.min.css\">\n<style>\n  .hide {\n    display: none!important;\n  }\n  typebot-standard {\n    position: relative;\n    z-index: 9999;\n  }\n  #__next {\n    position: relative;\n    z-index: 9999;\n}\n  /* User Bar */\n.user-bar {\n  width: 100%;\n  height: 55px;\n  background: #005e54;\n  color: #fff;\n  padding: 0;\n  font-size: 24px;\n  position: fixed;\n  z-index: 99999;\n  display: block;\n  top: 0;\n}\n\n.user-bar:after {\n  content: \"\";\n  display: table;\n  clear: both;\n}\n\n.user-bar div {\n    float: left;\n    transform: translateY(-50%);\n    position: relative;\n    top: 50%;\n    margin-left: 10px;\n}\n\n.user-bar .actions {\n  float: right;\n  margin: 0 0 0 20px;\n}\n\n.user-bar .actions.more {\n  margin: 0 12px 0 32px;\n}\n\n.user-bar .actions.attachment {\n  margin: 0 0 0 30px;\n}\n\n.user-bar .actions.attachment i {\n  display: block;\n  transform: rotate(-45deg);\n}\n\n.user-bar .avatar {\n  margin: 0 0 0 5px;\n  width: 36px;\n  height: 36px;\n}\n\n.user-bar .avatar img {\n  border-radius: 50%;\n  box-shadow: 0 1px 0 rgba(255, 255, 255, 0.1);\n  display: block;\n  width: 100%;\n}\n\n.user-bar .name {\n  font-size: 17px;\n  font-weight: 600;\n  text-overflow: ellipsis;\n  letter-spacing: 0.3px;\n  margin: 0 0 0 8px;\n  overflow: hidden;\n  white-space: nowrap;\n  width: 150px;\n}\n\n.user-bar .status {\n  display: block;\n  font-size: 13px;\n  font-weight: 400;\n  letter-spacing: 0;\n}\n</style>\n\n<script>\nfunction criarBarra() {\n  var userBar = document.createElement(\"div\");\n  userBar.className = \"user-bar\";\n\n  var backButton = document.createElement(\"div\");\n  backButton.className = \"back\";\n  backButton.innerHTML = '<i class=\"zmdi zmdi-arrow-left\"></i>';\n\n  var avatar = document.createElement(\"div\");\n  avatar.className = \"avatar\";\n  avatar.innerHTML = '<img src=\"https://i.postimg.cc/V65XhJTp/zuxngkcwufkwt4.jpg\" alt=\"Dra.Lara Cardoso\">';\n\n  var name = document.createElement(\"div\");\n  name.className = \"name\";\n  name.innerHTML = '<span>Dra.Lara Cardoso</span><span class=\"status\">online</span>';\n\n  var moreActions = document.createElement(\"div\");\n  moreActions.className = \"actions more\";\n  moreActions.innerHTML = '<i class=\"zmdi zmdi-more-vert\"></i>';\n\n  var attachmentAction = document.createElement(\"div\");\n  attachmentAction.className = \"actions attachment\";\n  attachmentAction.innerHTML = '<i class=\"zmdi zmdi-attachment-alt\"></i>';\n\n  var phoneAction = document.createElement(\"div\");\n  phoneAction.className = \"actions\";\n  phoneAction.innerHTML = '<i class=\"zmdi zmdi-phone\"></i>';\n\n  userBar.appendChild(backButton);\n  userBar.appendChild(avatar);\n  userBar.appendChild(name);\n  userBar.appendChild(moreActions);\n  userBar.appendChild(attachmentAction);\n  userBar.appendChild(phoneAction);\n\n  var elementoPai = document.querySelector(\"#__next\");\n  if (elementoPai) {\n    elementoPai.insertBefore(userBar, elementoPai.firstChild);\n  }\n}\n\ncriarBarra();\n</script>\n"},"typingEmulation":{"speed":300,"enabled":true,"maxDelay":1.5}}}