{"id":"clkh3pihp005gld0fw3e6l2ow","version":"3","groups":[{"id":"z3opnt5f23rabwffe8bjupcc","title":"Start","blocks":[{"id":"cx5iel8jxfo4caorf8rnjiw0","type":"start","label":"Start","groupId":"z3opnt5f23rabwffe8bjupcc","outgoingEdgeId":"m5seo8vg6pww0h763x9h55rv"}],"graphCoordinates":{"x":-1804.43,"y":-11.61}},{"id":"jn25m0rs093fcu2v4ba6e915","title":"","blocks":[{"id":"kl16bf94mpvm7ux0w9yhaksc","type":"text","content":{"richText":[{"type":"p","children":[{"bold":true,"text":"[VOCÊ"},{"text":" "},{"bold":true,"text":"FOI"},{"text":" "},{"bold":true,"text":"SELECIONADA]"}]},{"type":"p","children":[{"bold":true,"text":""}]},{"type":"p","children":[{"text":"ESSA "},{"bold":true,"text":"CONSULTA É","underline":true},{"text":" ","underline":true},{"bold":true,"text":"GRATUITA","underline":true},{"text":"!"}]}]},"groupId":"jn25m0rs093fcu2v4ba6e915"},{"id":"ojoiuqw11ol7mluihnpdkffy","type":"text","content":{"richText":[{"type":"p","children":[{"text":"Olá, meu nome é Dra. Larissa..."}]}]},"groupId":"jn25m0rs093fcu2v4ba6e915"},{"id":"h9jhpsm5w83cfrwtlqtvsd38","type":"Wait","groupId":"jn25m0rs093fcu2v4ba6e915","options":{"secondsToWaitFor":"2"}},{"id":"z7g3ct4jnnq5kivr663935d5","type":"audio","content":{"url":"https://s3.fr-par.scw.cloud/typebot/public/typebots/awaw2hk7p6qvxdfsxkt9bh3x/blocks/z7g3ct4jnnq5kivr663935d5?v=1689270692433"},"groupId":"jn25m0rs093fcu2v4ba6e915"},{"id":"amfwk99rwrspc7o6hro0bv7v","type":"Wait","groupId":"jn25m0rs093fcu2v4ba6e915","options":{"secondsToWaitFor":"4"}},{"id":"g91i1t2tlt9qkl5dvxggin3o","type":"image","content":{"url":"https://i.postimg.cc/LXn85L0y/Conhe-a-a-psic-loga-que-j-ajudou-mais-de-mil-pessoa-a-se-livrarem-da-ansiedade-1.png"},"groupId":"jn25m0rs093fcu2v4ba6e915"},{"id":"dbi2zwoddcnec8xrykof79b8","type":"Wait","groupId":"jn25m0rs093fcu2v4ba6e915","options":{"secondsToWaitFor":"2"}},{"id":"tfhp6g6oa424dynsl0fayl94","type":"text","content":{"richText":[{"type":"p","children":[{"text":"Como posso te chamar?"}]}]},"groupId":"jn25m0rs093fcu2v4ba6e915"},{"id":"heizxi85zuiy9z1vjnwb7d82","type":"text input","groupId":"jn25m0rs093fcu2v4ba6e915","options":{"isLong":false,"labels":{"button":"Enviar","placeholder":"Seu nome"},"variableId":"vprp91gkcj6ooz2wteh9qrvjn"}},{"id":"qgabe8bc82icxs4d0qnrazvx","type":"text","content":{"richText":[{"type":"p","children":[{"text":"{{NOME}} ,Gostaria de "},{"bold":true,"text":"participar"},{"text":" do meu "},{"bold":true,"text":"programa GRATUITO"},{"text":" de "},{"bold":true,"text":"perda"},{"text":" de "},{"bold":true,"text":"peso"},{"text":"?"}]}]},"groupId":"jn25m0rs093fcu2v4ba6e915"},{"id":"c8zvdcs07rxg9q2yckyprsyn","type":"choice input","items":[{"id":"cigszfogy5e8w000i07vu0rl","type":0,"blockId":"c8zvdcs07rxg9q2yckyprsyn","content":"CLIQUE AQUI PARA SABER MAIS!"}],"groupId":"jn25m0rs093fcu2v4ba6e915","options":{"buttonLabel":"Send","isSearchable":false,"isMultipleChoice":false,"searchInputPlaceholder":"Filter the options..."},"outgoingEdgeId":"zqutweck4fkg319p8pb70cbp"}],"graphCoordinates":{"x":-1434.92,"y":23.22}},{"id":"n3dl143nanjd5nts94revawd","title":"","blocks":[{"id":"p72v7j6oia4oy91v9dwbeind","type":"text","content":{"richText":[{"type":"p","children":[{"text":"Seu objetivo é bem parecido com o dela..."}]}]},"groupId":"n3dl143nanjd5nts94revawd"},{"id":"fzfumyw7ixn08k4jnwnxssas","type":"Wait","groupId":"n3dl143nanjd5nts94revawd","options":{"secondsToWaitFor":"3"}},{"id":"y5gyo1ulrxdl6a99uj4vs3kl","type":"audio","content":{"url":"https://s3.fr-par.scw.cloud/typebot/public/typebots/awaw2hk7p6qvxdfsxkt9bh3x/blocks/y5gyo1ulrxdl6a99uj4vs3kl?v=1689695917512"},"groupId":"n3dl143nanjd5nts94revawd"},{"id":"tqrx408qz0zt8ecoigbemlvv","type":"Wait","groupId":"n3dl143nanjd5nts94revawd","options":{"secondsToWaitFor":"12"}},{"id":"yr4i3dq0hzpzxnx6o8f7fdji","type":"embed","content":{"url":"https://www.youtube.com/embed/5IbDRR-I4iA","height":600},"groupId":"n3dl143nanjd5nts94revawd"},{"id":"ep3y54bihou14gpgthwg09fx","type":"Wait","groupId":"n3dl143nanjd5nts94revawd","options":{"secondsToWaitFor":"40"}},{"id":"dxx34ms1kvpfyd0lpjouwe41","type":"audio","content":{"url":"https://s3.fr-par.scw.cloud/typebot/public/typebots/awaw2hk7p6qvxdfsxkt9bh3x/blocks/dxx34ms1kvpfyd0lpjouwe41?v=1689275871412"},"groupId":"n3dl143nanjd5nts94revawd"},{"id":"spg2xvw7ec28gd07g7yk5ru9","type":"Wait","groupId":"n3dl143nanjd5nts94revawd","options":{"secondsToWaitFor":"11"}},{"id":"i64ey586f07kwze6f14c5o0u","type":"image","content":{"url":"https://s3.fr-par.scw.cloud/typebot/public/typebots/awaw2hk7p6qvxdfsxkt9bh3x/blocks/i64ey586f07kwze6f14c5o0u?v=1689950687657"},"groupId":"n3dl143nanjd5nts94revawd"},{"id":"zui2rgpps5hpl8ojufhjt71p","type":"Wait","groupId":"n3dl143nanjd5nts94revawd","options":{"secondsToWaitFor":"3"}},{"id":"qlzpncdli50qn183tmygy5zl","type":"text","content":{"richText":[{"type":"p","children":[{"bold":true,"text":"Você"},{"text":" "},{"bold":true,"text":"ficaria"},{"text":" "},{"bold":true,"text":"feliz"},{"text":" com esses resultados?"}]}]},"groupId":"n3dl143nanjd5nts94revawd"},{"id":"b2923j6eho3hoitcyt7t2elu","type":"text input","groupId":"n3dl143nanjd5nts94revawd","options":{"isLong":false,"labels":{"button":"Enviar","placeholder":"Digite aqui..."}},"outgoingEdgeId":"lhvsexdre5h5lycwnb35fsgp"}],"graphCoordinates":{"x":-644.02,"y":24.34}},{"id":"dhi3z3hsuzvyukojxplnllii","title":"","blocks":[{"id":"jod99kisimo8xbxjd1sfga1q","type":"text","content":{"richText":[{"type":"p","children":[{"text":"Vou te falar sobre os benefícios de participar..."}]}]},"groupId":"dhi3z3hsuzvyukojxplnllii"},{"id":"txkzg3nq7zg9xg4ip5kaicx9","type":"Wait","groupId":"dhi3z3hsuzvyukojxplnllii","options":{"secondsToWaitFor":"3"}},{"id":"f79ru6dedcyjtkkye1yid1v3","type":"text","content":{"richText":[{"type":"p","children":[{"text":"✅ Perda de peso rápido"}]},{"type":"p","children":[{"text":"✅ Redução de celulite"}]},{"type":"p","children":[{"text":"✅ Aumento da autoestima"}]},{"type":"p","children":[{"text":"✅ Redução de ansiedade"}]},{"type":"p","children":[{"text":"✅ Menor queda de cabelo"}]},{"type":"p","children":[{"text":"✅ Eliminaram dores no corpo"}]},{"type":"p","children":[{"text":"✅ Mais apetite sexual"}]},{"type":"p","children":[{"text":"✅ Sensação de bem estar"}]},{"type":"p","children":[{"text":"✅ Prevenção de doenças"}]},{"type":"p","children":[{"text":"✅ Controle de Diabetes"}]},{"type":"p","children":[{"text":"✅ Controle da Pressão Alta"}]}]},"groupId":"dhi3z3hsuzvyukojxplnllii"},{"id":"ajrb9odpovoh1qrju3wubv7r","type":"Wait","groupId":"dhi3z3hsuzvyukojxplnllii","options":{"secondsToWaitFor":"5"}},{"id":"mc3tebssu8a88qt6fe51rldk","type":"text","content":{"richText":[{"type":"p","children":[{"text":"{{NOME}}, "},{"bold":true,"text":"qual "},{"text":"desses "},{"bold":true,"text":"benefícios"},{"text":" é o "}]},{"type":"p","children":[{"bold":true,"text":"principal"},{"text":" "},{"bold":true,"text":"para"},{"text":" "},{"bold":true,"text":"você"},{"text":"?"}]}]},"groupId":"dhi3z3hsuzvyukojxplnllii"},{"id":"wxso3jatsxdjkvnamma6mg4a","type":"text input","groupId":"dhi3z3hsuzvyukojxplnllii","options":{"isLong":false,"labels":{"button":"Enviar","placeholder":"Digite aqui..."}},"outgoingEdgeId":"un2za1hy4lvc0e54k41m2vh2"}],"graphCoordinates":{"x":-248.82,"y":24.24}},{"id":"n1268tug5ok0auqjvej4vm9y","title":"","blocks":[{"id":"xjtokk32ogikbfglogi15ij5","type":"audio","content":{"url":"https://s3.fr-par.scw.cloud/typebot/public/typebots/awaw2hk7p6qvxdfsxkt9bh3x/blocks/xjtokk32ogikbfglogi15ij5?v=1689258742666"},"groupId":"n1268tug5ok0auqjvej4vm9y"},{"id":"hlmvj6as1sn6ofemd56y8qo9","type":"Wait","groupId":"n1268tug5ok0auqjvej4vm9y","options":{"secondsToWaitFor":"10"}},{"id":"k4efu3ihuewkgqrltk4yq7w2","type":"text","content":{"richText":[{"type":"p","children":[{"text":"Veja o relato da Debora..."}]}]},"groupId":"n1268tug5ok0auqjvej4vm9y"},{"id":"n77t51ddgnxzlotk2k2jd2ox","type":"Wait","groupId":"n1268tug5ok0auqjvej4vm9y","options":{"secondsToWaitFor":"1"}},{"id":"rzcwvq8pdwhzf3aeq9kdcju7","type":"image","content":{"url":"https://s3.fr-par.scw.cloud/typebot/public/typebots/awaw2hk7p6qvxdfsxkt9bh3x/blocks/rzcwvq8pdwhzf3aeq9kdcju7?v=1689780293770"},"groupId":"n1268tug5ok0auqjvej4vm9y"},{"id":"rfkgq6wzessbjef2h5d5fj5v","type":"Wait","groupId":"n1268tug5ok0auqjvej4vm9y","options":{"secondsToWaitFor":"8"}},{"id":"fs2wqgnteelwyw6yo0gyx3fn","type":"text","content":{"richText":[{"type":"p","children":[{"text":"Veja o que a Pâmela disse..."}]}]},"groupId":"n1268tug5ok0auqjvej4vm9y"},{"id":"ochse6b165abw0w3qlw0ts9q","type":"image","content":{"url":"https://s3.fr-par.scw.cloud/typebot/public/typebots/awaw2hk7p6qvxdfsxkt9bh3x/blocks/ochse6b165abw0w3qlw0ts9q?v=1689781106511"},"groupId":"n1268tug5ok0auqjvej4vm9y"},{"id":"u2bo0kpr20pqogr7eqf2agye","type":"Wait","groupId":"n1268tug5ok0auqjvej4vm9y","options":{"secondsToWaitFor":"8"}},{"id":"joqrj26lqgheb66nnzc5ih55","type":"text","content":{"richText":[{"type":"p","children":[{"text":"Gostaria de "},{"bold":true,"text":"participar do"}]},{"type":"p","children":[{"bold":true,"text":"Programa de Perda de Peso?"}]}]},"groupId":"n1268tug5ok0auqjvej4vm9y"},{"id":"ksowcbx72l551ivc7q7w3zk5","type":"choice input","items":[{"id":"jdsas9np961u54ch4447ecp3","type":0,"blockId":"ksowcbx72l551ivc7q7w3zk5","content":"CLIQUE AQUI PARA PARTICIPAR!","outgoingEdgeId":"hn0l9b4nggro4ojp2vuqaxd5"}],"groupId":"n1268tug5ok0auqjvej4vm9y","options":{"buttonLabel":"Send","isSearchable":false,"isMultipleChoice":false,"searchInputPlaceholder":"Filter the options..."}}],"graphCoordinates":{"x":120.55,"y":23.93}},{"id":"y3mzqz0uwry4bbm2tmc8ccqu","title":"","blocks":[{"id":"qxhdyp7zce3in4k4hozn96ij","type":"text","content":{"richText":[{"type":"p","children":[{"text":"Vou te explicar "},{"bold":true,"text":"como"},{"text":" "},{"bold":true,"text":"funciona"},{"text":"..."}]}]},"groupId":"y3mzqz0uwry4bbm2tmc8ccqu"},{"id":"tn2zoescgbr0qrouqo56920u","type":"Wait","groupId":"y3mzqz0uwry4bbm2tmc8ccqu","options":{"secondsToWaitFor":"2"}},{"id":"mctlpsi2wo40e10n6ksytd7n","type":"audio","content":{"url":"https://s3.fr-par.scw.cloud/typebot/public/typebots/awaw2hk7p6qvxdfsxkt9bh3x/blocks/mctlpsi2wo40e10n6ksytd7n?v=1689258053838"},"groupId":"y3mzqz0uwry4bbm2tmc8ccqu"},{"id":"ud1b4rjos3d0czl174bwar60","type":"Wait","groupId":"y3mzqz0uwry4bbm2tmc8ccqu","options":{"secondsToWaitFor":"5"}},{"id":"umgb0lyuvi5ymspszk1l5kft","type":"audio","content":{"url":"https://s3.fr-par.scw.cloud/typebot/public/typebots/awaw2hk7p6qvxdfsxkt9bh3x/blocks/umgb0lyuvi5ymspszk1l5kft?v=1689258066128"},"groupId":"y3mzqz0uwry4bbm2tmc8ccqu"},{"id":"urfjkd58u1h1qt8rx8etsdv0","type":"Wait","groupId":"y3mzqz0uwry4bbm2tmc8ccqu","options":{"secondsToWaitFor":"9"}},{"id":"n6qo3cl24xt3bpckbemlmrhe","type":"audio","content":{"url":"https://s3.fr-par.scw.cloud/typebot/public/typebots/awaw2hk7p6qvxdfsxkt9bh3x/blocks/n6qo3cl24xt3bpckbemlmrhe?v=1689258093618"},"groupId":"y3mzqz0uwry4bbm2tmc8ccqu"},{"id":"h08mdvasimtc3wwg7l8bz7b2","type":"Wait","groupId":"y3mzqz0uwry4bbm2tmc8ccqu","options":{"secondsToWaitFor":"12"}},{"id":"frrvse19bmvm9pjesz3zd4rd","type":"audio","content":{"url":"https://s3.fr-par.scw.cloud/typebot/public/typebots/awaw2hk7p6qvxdfsxkt9bh3x/blocks/frrvse19bmvm9pjesz3zd4rd?v=1689258110882"},"groupId":"y3mzqz0uwry4bbm2tmc8ccqu"},{"id":"p8lgbx168xhylcmfdc3s5ctj","type":"Wait","groupId":"y3mzqz0uwry4bbm2tmc8ccqu","options":{"secondsToWaitFor":"9"}},{"id":"h1j9r3ix9c5n0c7odrdxbvl8","type":"text","content":{"richText":[{"type":"p","children":[{"text":"{{NOME}}, quantos quilos você "},{"bold":true,"text":"quer perder?"}]}]},"groupId":"y3mzqz0uwry4bbm2tmc8ccqu"},{"id":"pftp3s36rd6dygtiq95zn73k","type":"text input","groupId":"y3mzqz0uwry4bbm2tmc8ccqu","options":{"isLong":false,"labels":{"button":"Enviar","placeholder":"Digite aqui..."}},"outgoingEdgeId":"sb3s7h3zoqwgdvwul71ju6us"}],"graphCoordinates":{"x":-1034.51,"y":22.07}},{"id":"b9vi6lzw0hu99du93dph2ph2","title":"","blocks":[{"id":"l8pk4gsg6qoohui94i3x3ns4","type":"text","content":{"richText":[{"type":"p","children":[{"text":"Vou te "},{"bold":true,"text":"explicar"},{"text":" "},{"bold":true,"text":"como"},{"text":" "}]},{"type":"p","children":[{"text":"fazer para "},{"bold":true,"text":"participar"},{"text":"..."}]}]},"groupId":"b9vi6lzw0hu99du93dph2ph2"},{"id":"kkjllqn4mmi6bv0ov759b7ff","type":"Wait","groupId":"b9vi6lzw0hu99du93dph2ph2","options":{"secondsToWaitFor":"4"}},{"id":"f3er6m2ics54e04qzqagioos","type":"audio","content":{"url":"https://s3.fr-par.scw.cloud/typebot/public/typebots/awaw2hk7p6qvxdfsxkt9bh3x/blocks/f3er6m2ics54e04qzqagioos?v=1689258771666"},"groupId":"b9vi6lzw0hu99du93dph2ph2"},{"id":"od1zom0te9g5sonhv7zsz72e","type":"Wait","groupId":"b9vi6lzw0hu99du93dph2ph2","options":{"secondsToWaitFor":"4"}},{"id":"x5lebbo521deo3zreicv6a34","type":"audio","content":{"url":"https://s3.fr-par.scw.cloud/typebot/public/typebots/awaw2hk7p6qvxdfsxkt9bh3x/blocks/x5lebbo521deo3zreicv6a34?v=1689258912072"},"groupId":"b9vi6lzw0hu99du93dph2ph2"},{"id":"xyls3jhu1w5kiaxms2hsabyi","type":"Wait","groupId":"b9vi6lzw0hu99du93dph2ph2","options":{"secondsToWaitFor":"13"}},{"id":"qg0bh14rxdxwffjbrbwg7884","type":"audio","content":{"url":"https://s3.fr-par.scw.cloud/typebot/public/typebots/awaw2hk7p6qvxdfsxkt9bh3x/blocks/qg0bh14rxdxwffjbrbwg7884?v=1689258967358"},"groupId":"b9vi6lzw0hu99du93dph2ph2"},{"id":"gn1jx5x2gpcmz5j1e0lcfc7a","type":"Wait","groupId":"b9vi6lzw0hu99du93dph2ph2","options":{"secondsToWaitFor":"11"}},{"id":"m7haa1k3lv98xpe74a026ys1","type":"audio","content":{"url":"https://s3.fr-par.scw.cloud/typebot/public/typebots/awaw2hk7p6qvxdfsxkt9bh3x/blocks/m7haa1k3lv98xpe74a026ys1?v=1689259482274"},"groupId":"b9vi6lzw0hu99du93dph2ph2"},{"id":"b5vjefb4ktfxy7uk2v5fvwje","type":"Wait","groupId":"b9vi6lzw0hu99du93dph2ph2","options":{"secondsToWaitFor":"6"}},{"id":"k765m7v6djlqcakhg1nu54n3","type":"audio","content":{"url":"https://s3.fr-par.scw.cloud/typebot/public/typebots/awaw2hk7p6qvxdfsxkt9bh3x/blocks/k765m7v6djlqcakhg1nu54n3?v=1689269016871"},"groupId":"b9vi6lzw0hu99du93dph2ph2"},{"id":"o6puth19ig31g2fzydnoxnr7","type":"Wait","groupId":"b9vi6lzw0hu99du93dph2ph2","options":{"secondsToWaitFor":"22"}},{"id":"acnx3xzvyb6elyf2szmjdiio","type":"audio","content":{"url":"https://s3.fr-par.scw.cloud/typebot/public/typebots/awaw2hk7p6qvxdfsxkt9bh3x/blocks/acnx3xzvyb6elyf2szmjdiio?v=1689259703498"},"groupId":"b9vi6lzw0hu99du93dph2ph2"},{"id":"n1802kj0kas6ryirunlfltmo","type":"Wait","groupId":"b9vi6lzw0hu99du93dph2ph2","options":{"secondsToWaitFor":"18"}},{"id":"zy1x4u7wg7ajqk2pl1bulc9n","type":"audio","content":{"url":"https://s3.fr-par.scw.cloud/typebot/public/typebots/awaw2hk7p6qvxdfsxkt9bh3x/blocks/zy1x4u7wg7ajqk2pl1bulc9n?v=1689948980515"},"groupId":"b9vi6lzw0hu99du93dph2ph2"},{"id":"r4f7hp5vosdeptsma3p6fef1","type":"Wait","groupId":"b9vi6lzw0hu99du93dph2ph2","options":{"secondsToWaitFor":"16"}},{"id":"ogf0xpwd1e5vznnqd4wq9sia","type":"choice input","items":[{"id":"kahu8tb35dki7ag7ol86l5p7","type":0,"blockId":"ogf0xpwd1e5vznnqd4wq9sia","content":"CLIQUE AQUI PARA ENTRAR NO PROGRAMA!","outgoingEdgeId":"q54drubnma2ad6cun3x7sthe"}],"groupId":"b9vi6lzw0hu99du93dph2ph2","options":{"buttonLabel":"Send","isSearchable":false,"isMultipleChoice":false,"searchInputPlaceholder":"Filter the options..."}},{"id":"vq2wqekzomicwqw9i6kigwwq","type":"Redirect","groupId":"b9vi6lzw0hu99du93dph2ph2","options":{"url":"https://pay.kiwify.com.br/Sjse6Zb","isNewTab":false}}],"graphCoordinates":{"x":569.68,"y":21}}],"variables":[{"id":"vprp91gkcj6ooz2wteh9qrvjn","name":"NOME"},{"id":"vylhptebpxvgxs98ah9vf9q1p","name":"PESO"},{"id":"vpel0viottucscnen8zdlejaf","name":"IDADE"},{"id":"vlnuxmidqsek5hmsy83v55c7h","name":"PERDER"},{"id":"va2xubuj795oo62rxwti3hudj","name":"TEMPO"}],"edges":[{"id":"sb3s7h3zoqwgdvwul71ju6us","to":{"blockId":"p72v7j6oia4oy91v9dwbeind","groupId":"n3dl143nanjd5nts94revawd"},"from":{"blockId":"pftp3s36rd6dygtiq95zn73k","groupId":"y3mzqz0uwry4bbm2tmc8ccqu"}},{"id":"zqutweck4fkg319p8pb70cbp","to":{"blockId":"qxhdyp7zce3in4k4hozn96ij","groupId":"y3mzqz0uwry4bbm2tmc8ccqu"},"from":{"blockId":"c8zvdcs07rxg9q2yckyprsyn","groupId":"jn25m0rs093fcu2v4ba6e915"}},{"id":"m5seo8vg6pww0h763x9h55rv","to":{"blockId":"kl16bf94mpvm7ux0w9yhaksc","groupId":"jn25m0rs093fcu2v4ba6e915"},"from":{"blockId":"cx5iel8jxfo4caorf8rnjiw0","groupId":"z3opnt5f23rabwffe8bjupcc"}},{"id":"lhvsexdre5h5lycwnb35fsgp","to":{"blockId":"jod99kisimo8xbxjd1sfga1q","groupId":"dhi3z3hsuzvyukojxplnllii"},"from":{"blockId":"b2923j6eho3hoitcyt7t2elu","groupId":"n3dl143nanjd5nts94revawd"}},{"id":"un2za1hy4lvc0e54k41m2vh2","to":{"blockId":"xjtokk32ogikbfglogi15ij5","groupId":"n1268tug5ok0auqjvej4vm9y"},"from":{"blockId":"wxso3jatsxdjkvnamma6mg4a","groupId":"dhi3z3hsuzvyukojxplnllii"}},{"id":"hn0l9b4nggro4ojp2vuqaxd5","to":{"groupId":"b9vi6lzw0hu99du93dph2ph2"},"from":{"itemId":"jdsas9np961u54ch4447ecp3","blockId":"ksowcbx72l551ivc7q7w3zk5","groupId":"n1268tug5ok0auqjvej4vm9y"}},{"id":"q54drubnma2ad6cun3x7sthe","to":{"blockId":"vq2wqekzomicwqw9i6kigwwq","groupId":"b9vi6lzw0hu99du93dph2ph2"},"from":{"itemId":"kahu8tb35dki7ag7ol86l5p7","blockId":"ogf0xpwd1e5vznnqd4wq9sia","groupId":"b9vi6lzw0hu99du93dph2ph2"}}],"theme":{"chat":{"inputs":{"color":"#000000","backgroundColor":"#FFFFFF","placeholderColor":"#28292a"},"buttons":{"color":"#FFFFFF","backgroundColor":"#128C7E"},"roundness":"medium","hostAvatar":{"url":"https://i.postimg.cc/Kv1FMfpL/Design-sem-nome-99.png","isEnabled":true},"guestAvatar":{"url":"https://s3.fr-par.scw.cloud/typebot/public/typebots/cli88mae30010mh0f0yzjqn48/guestAvatar?v=1685330799682","isEnabled":false},"hostBubbles":{"color":"#303235","backgroundColor":"#FFFFFF"},"guestBubbles":{"color":"#303235","backgroundColor":"#e1ffc7"}},"general":{"font":"Open Sans","background":{"type":"Image","content":"https://s3.fr-par.scw.cloud/typebot/public/typebots/cli88mae30010mh0f0yzjqn48/background?v=1685470080750"}},"customCss":".typebot-chat-view > .flex:first-child {\n    padding-top: 30px;\n}\n\n.typebot-input {\n    position: fixed;\n    bottom: 0;\n    align-items: center;\n    z-index: 999;\n    right: 0;\n}\n\n.typebot-input .typebot-button {\n    background: #008a7c;\n    border-radius: 50%;\n    color: #fff;\n    position: relative;\n    width: 50px;\n    height: 50px;\n    display: flex;\n    align-items: center;\n    justify-content: center;\n}\n\n.typebot-container {\n    background-size: initial!important;\n    background-repeat: repeat-x!important;\n}\n\n.typebot-host-bubble>.bubble-typing {\n  border-radius: 0 5px 5px 5px;\n}\n\n.typebot-host-bubble>.bubble-typing:after {\n    position: absolute;\n    content: \"\";\n    width: 0;\n    height: 0;\n    border-style: solid;\n    border-width: 0px 10px 10px 0;\n    border-color: transparent #fff transparent transparent;\n    top: 0;\n    left: -10px;\n}\n\n.typebot-guest-bubble {\n  position: relative;\n  border-radius: 5px 0 5px 5px;\n}\n\n.typebot-guest-bubble:after {\n  position: absolute;\n  content: \"\";\n  width: 0;\n  height: 0;\n  border-style: solid;\n}\n\n.typebot-guest-bubble:after {\n    border-width: 0px 0 10px 10px;\n    border-color: transparent transparent transparent #e1ffc7;\n    top: 0;\n    right: -10px;\n    border-style: solid;\n}\n\niframe[src=\"\"] {\n  position: fixed;\n  top: 0;\n  left: 0;\n  display: relative;\n  width: 100%;\n  height: 100% !important;\n  z-index: 999999;\n  border: none;\n  padding: 0;\n  margin: 0;\n}\n\na#lite-badge {\n  display: none!important;\n}"},"settings":{"general":{"rememberUser":{"isEnabled":false},"isBrandingEnabled":true,"isInputPrefillEnabled":false,"isHideQueryParamsEnabled":false},"metadata":{"title":"WhatsApp Web","imageUrl":"https://images.unsplash.com/photo-1611077544170-be90a2f68add?crop=entropy&cs=tinysrgb&fit=max&fm=jpg&ixid=M3w0MjU2MDR8MHwxfHNlYXJjaHwyN3x8d2VpZ2h0JTIwbG9zc3xlbnwwfDB8fHwxNjg2MjAzMzA4fDA&ixlib=rb-4.0.3&q=80&w=1080","favIconUrl":"https://s3.fr-par.scw.cloud/typebot/public/typebots/fwlzp9t2f2xjx6o1ru5u4i4z/favIcon?v=1686203350295","description":"Faça agora sua consulta com Dra. Larissa no WhatsApp.","customHeadCode":"<!-- Facebook Pixel Code -->\n<script>\n   !function(f,b,e,v,n,t,s)\n  {if(f.fbq)return;n=f.fbq=function(){n.callMethod?\n    n.callMethod.apply(n,arguments):n.queue.push(arguments)};\n    if(!f._fbq)f._fbq=n;n.push=n;n.loaded=!0;n.version='2.0';\n    n.queue=[];t=b.createElement(e);t.async=!0;\n    t.src=v;s=b.getElementsByTagName(e)[0];\n    s.parentNode.insertBefore(t,s)}(window, document,'script',\n    'https://connect.facebook.net/en_US/fbevents.js');\n    fbq('init', '266969962707820');\n    fbq('track', 'PageView');\n    fbq('track', 'ViewContent');\n \n</script>\n<!-- End Facebook Pixel Code -->\n<link rel=\"stylesheet\" href=\"https://cdnjs.cloudflare.com/ajax/libs/material-design-iconic-font/2.2.0/css/material-design-iconic-font.min.css\">\n<style>\n  .hide {\n    display: none!important;\n  }\n  typebot-standard {\n    position: relative;\n    z-index: 9999;\n  }\n  #__next {\n    position: relative;\n    z-index: 9999;\n}\n  /* User Bar */\n.user-bar {\n  width: 100%;\n  height: 55px;\n  background: #005e54;\n  color: #fff;\n  padding: 0;\n  font-size: 24px;\n  position: fixed;\n  z-index: 99999;\n  display: block;\n  top: 0;\n}\n\n.user-bar:after {\n  content: \"\";\n  display: table;\n  clear: both;\n}\n\n.user-bar div {\n    float: left;\n    transform: translateY(-50%);\n    position: relative;\n    top: 50%;\n    margin-left: 10px;\n}\n\n.user-bar .actions {\n  float: right;\n  margin: 0 0 0 20px;\n}\n\n.user-bar .actions.more {\n  margin: 0 12px 0 32px;\n}\n\n.user-bar .actions.attachment {\n  margin: 0 0 0 30px;\n}\n\n.user-bar .actions.attachment i {\n  display: block;\n  transform: rotate(-45deg);\n}\n\n.user-bar .avatar {\n  margin: 0 0 0 5px;\n  width: 36px;\n  height: 36px;\n}\n\n.user-bar .avatar img {\n  border-radius: 50%;\n  box-shadow: 0 1px 0 rgba(255, 255, 255, 0.1);\n  display: block;\n  width: 100%;\n}\n\n.user-bar .name {\n  font-size: 17px;\n  font-weight: 600;\n  text-overflow: ellipsis;\n  letter-spacing: 0.3px;\n  margin: 0 0 0 8px;\n  overflow: hidden;\n  white-space: nowrap;\n  width: 150px;\n}\n\n.user-bar .status {\n  display: block;\n  font-size: 13px;\n  font-weight: 400;\n  letter-spacing: 0;\n}\n</style>\n\n<script>\nfunction criarBarra() {\n  var userBar = document.createElement(\"div\");\n  userBar.className = \"user-bar\";\n\n  var backButton = document.createElement(\"div\");\n  backButton.className = \"back\";\n  backButton.innerHTML = '<i class=\"zmdi zmdi-arrow-left\"></i>';\n\n  var avatar = document.createElement(\"div\");\n  avatar.className = \"avatar\";\n  avatar.innerHTML = '<img src=\"https://i.postimg.cc/Kv1FMfpL/Design-sem-nome-99.png\" alt=\"Dra. Larissa\">';\n\n  var name = document.createElement(\"div\");\n  name.className = \"name\";\n  name.innerHTML = '<span> Dra. Larissa </span><span class=\"status\">online</span>';\n\n  var moreActions = document.createElement(\"div\");\n  moreActions.className = \"actions more\";\n  moreActions.innerHTML = '<i class=\"zmdi zmdi-more-vert\"></i>';\n\n  var attachmentAction = document.createElement(\"div\");\n  attachmentAction.className = \"actions attachment\";\n  attachmentAction.innerHTML = '<i class=\"zmdi zmdi-attachment-alt\"></i>';\n\n  var phoneAction = document.createElement(\"div\");\n  phoneAction.className = \"actions\";\n  phoneAction.innerHTML = '<i class=\"zmdi zmdi-phone\"></i>';\n\n  userBar.appendChild(backButton);\n  userBar.appendChild(avatar);\n  userBar.appendChild(name);\n  userBar.appendChild(moreActions);\n  userBar.appendChild(attachmentAction);\n  userBar.appendChild(phoneAction);\n\n  var elementoPai = document.querySelector(\"#__next\");\n  if (elementoPai) {\n    elementoPai.insertBefore(userBar, elementoPai.firstChild);\n  }\n}\n\ncriarBarra();\n</script>"},"typingEmulation":{"speed":300,"enabled":true,"maxDelay":1.5}}}