{"id":"clkhi8jeh002hl70fz9jlya2h","version":"3","groups":[{"id":"mykab3v4w4asw6nxjsdmtkvv","title":"Start","blocks":[{"id":"k9k0h2bri5bxankvhxx88nmu","type":"start","label":"Start","groupId":"mykab3v4w4asw6nxjsdmtkvv","outgoingEdgeId":"z3ru95zo4jdaiqdvfgho85pk"}],"graphCoordinates":{"x":-80.5,"y":-31}},{"id":"pifvu30g0y4m6knna2v1bh9f","title":"Boas Vindas","blocks":[{"id":"sktrhpwtgel9j6hdq3fqwdsv","type":"text","content":{"richText":[{"type":"p","children":[{"text":"Olá!"}]}]},"groupId":"pifvu30g0y4m6knna2v1bh9f"},{"id":"iq3rtzn596sz242s7n0atj8p","type":"Wait","groupId":"pifvu30g0y4m6knna2v1bh9f","options":{"secondsToWaitFor":"2"}},{"id":"uo6dh7h3hze1l5xw7tcgbycu","type":"text","content":{"richText":[{"type":"p","children":[{"text":"30 Receitas, certo!?"}]}]},"groupId":"pifvu30g0y4m6knna2v1bh9f"},{"id":"kex86qp66h1kpb8w0n5fdgem","type":"audio","content":{"url":"https://s3.fr-par.scw.cloud/typebot/public/typebots/clkh9paw9005kl90f5eplv9z9/blocks/kex86qp66h1kpb8w0n5fdgem?v=1690241608554"},"groupId":"pifvu30g0y4m6knna2v1bh9f"},{"id":"m1t1j0pb32heqeoy2j80uits","type":"Wait","groupId":"pifvu30g0y4m6knna2v1bh9f","options":{"secondsToWaitFor":"6"}},{"id":"prfalm8wudkjfxblm5fvfh6i","type":"text","content":{"richText":[{"type":"p","children":[{"text":"Mas antes, eu gostaria de saber o seu nome e um pouco mais de você!"}]}]},"groupId":"pifvu30g0y4m6knna2v1bh9f"},{"id":"z38p74ahzneysg7le04wo7dz","type":"Wait","groupId":"pifvu30g0y4m6knna2v1bh9f","options":{"secondsToWaitFor":"2"}},{"id":"ckf6odh7e5n86hyueoiixhur","type":"choice input","items":[{"id":"a25uh84wf10h4o1sz86q58z5","type":0,"blockId":"ckf6odh7e5n86hyueoiixhur","content":"Clique se tiver Interesse?"}],"groupId":"pifvu30g0y4m6knna2v1bh9f","options":{"buttonLabel":"Send","isSearchable":false,"isMultipleChoice":false,"searchInputPlaceholder":"Filter the options..."},"outgoingEdgeId":"l7lapkld9at3rq393l4lksqy"}],"graphCoordinates":{"x":337.38,"y":-8.88}},{"id":"g5yd7wap0wqd9iq9ob71waj0","title":"Afinidade Com O Cliente","blocks":[{"id":"xktul8zj0esq7eenrelysj5v","type":"text","content":{"richText":[{"type":"p","children":[{"text":"Qual é o "},{"bold":true,"text":"seu nome"},{"text":"?"}]}]},"groupId":"g5yd7wap0wqd9iq9ob71waj0"},{"id":"d7x4usekp74nz11l95p5inw7","type":"text input","groupId":"g5yd7wap0wqd9iq9ob71waj0","options":{"isLong":false,"labels":{"button":"Enviar","placeholder":"Digite seu nome"},"variableId":"vuda3qw1k2jfgzbeo6t2p3u7y"}},{"id":"c6d7ucolzwis0l9nbg3q34ib","type":"Wait","groupId":"g5yd7wap0wqd9iq9ob71waj0","options":{"secondsToWaitFor":"1"}},{"id":"v900qovnx89gqevfcd2o25w5","type":"text","content":{"richText":[{"type":"p","children":[{"text":"Muito prazer, {{nome}}"}]}]},"groupId":"g5yd7wap0wqd9iq9ob71waj0"},{"id":"m11xumhsedp1zq4ictgvksss","type":"text","content":{"richText":[{"type":"p","children":[{"bold":true,"text":"Qual é o seu peso"},{"text":", aproximadamente?"}]}]},"groupId":"g5yd7wap0wqd9iq9ob71waj0"},{"id":"pc8lnr5oub6leg1wkt62dx72","type":"text input","groupId":"g5yd7wap0wqd9iq9ob71waj0","options":{"isLong":false,"labels":{"button":"Enviar","placeholder":"Digite seu peso"}}},{"id":"xxeqeu93c0kkxf6bh5hf3i4a","type":"text","content":{"richText":[{"type":"p","children":[{"text":"E"},{"bold":true,"text":" sua altura"},{"text":", por favor?"}]}]},"groupId":"g5yd7wap0wqd9iq9ob71waj0"},{"id":"omq3cslfbc7twqkpnod52o7o","type":"text input","groupId":"g5yd7wap0wqd9iq9ob71waj0","options":{"isLong":false,"labels":{"button":"enviar","placeholder":"Digite sua altura"}}},{"id":"wbmg12gtq1sgrvwyg3688l2b","type":"text","content":{"richText":[{"type":"p","children":[{"text":"Analisando um pouco suas medidas, talvez você possa dar um pouco de atenção para sua alimentação! ☺️ "}]}]},"groupId":"g5yd7wap0wqd9iq9ob71waj0","outgoingEdgeId":"mpvbpeqd9naa6bamyhbpvm9g"}],"graphCoordinates":{"x":744.88,"y":-30.13}},{"id":"bznnc3f2wq2cminfinvn4wm5","title":"Conhecendo As Necessidades","blocks":[{"id":"mjwmirp9yquy45pf7su22w8j","type":"text","content":{"richText":[{"type":"p","children":[{"text":"Qual o "},{"bold":true,"text":"principal problema"},{"text":" que você enfrenta atualmente em relação à sua alimentação e saúde? 👇"}]}]},"groupId":"bznnc3f2wq2cminfinvn4wm5"},{"id":"dy3onu082vxh5sbine6xwjtk","type":"Wait","groupId":"bznnc3f2wq2cminfinvn4wm5","options":{"secondsToWaitFor":"1"}},{"id":"t3h3jz3owlwipe9li0rtngxd","type":"choice input","items":[{"id":"hctu4rtdm5g38cx0bn7xu953","type":0,"blockId":"t3h3jz3owlwipe9li0rtngxd","content":"Dificuldade para perder peso."},{"id":"x7dgouv20oaw7jvcriz75ogo","type":0,"blockId":"t3h3jz3owlwipe9li0rtngxd","content":"Falta de energia e disposição."},{"id":"kd84wjacrvchwnz0612krnc9","type":0,"blockId":"t3h3jz3owlwipe9li0rtngxd","content":" Rotina alimentar desequilibrada."}],"groupId":"bznnc3f2wq2cminfinvn4wm5","options":{"buttonLabel":"Send","isSearchable":false,"isMultipleChoice":false,"searchInputPlaceholder":"Filter the options..."}},{"id":"mwshbvnvu1rtts0vrjan242p","type":"text","content":{"richText":[{"type":"p","children":[{"text":"Como é sua "},{"bold":true,"text":"rotina diária"},{"text":"? 👇"}]}]},"groupId":"bznnc3f2wq2cminfinvn4wm5"},{"id":"wrirb2g1fozo2wpjbzw4kj7b","type":"Wait","groupId":"bznnc3f2wq2cminfinvn4wm5","options":{"secondsToWaitFor":"1"}},{"id":"qcq8t5yamyi5kzgy978weq6q","type":"choice input","items":[{"id":"u3bnwv65y5p2gy7iqkqwhmyb","type":0,"blockId":"qcq8t5yamyi5kzgy978weq6q","content":"Muito corrida, mal tenho tempo para me alimentar adequadamente."},{"id":"df6ndwqfv4u3wsumheh4yqwr","type":0,"blockId":"qcq8t5yamyi5kzgy978weq6q","content":"Tenho momentos de compulsão alimentar.","outgoingEdgeId":"dg5qntz38hhfif2gj0tjrncd"},{"id":"t3r0aokga1qyu35xerwf6qas","type":0,"blockId":"qcq8t5yamyi5kzgy978weq6q","content":"Consigo manter uma rotina saudável na maioria dos dias."}],"groupId":"bznnc3f2wq2cminfinvn4wm5","options":{"buttonLabel":"Send","isSearchable":false,"isMultipleChoice":false,"searchInputPlaceholder":"Filter the options..."}},{"id":"oz166df84oupy8l20gs2ymuh","type":"text","content":{"richText":[{"type":"p","children":[{"text":"Você possui alguma "},{"bold":true,"text":"doença ou condição"},{"text":" que é agravada pela sua alimentação? 👇"}]}]},"groupId":"bznnc3f2wq2cminfinvn4wm5"},{"id":"p9phcz1jfhur605ujlf2r5yc","type":"Wait","groupId":"bznnc3f2wq2cminfinvn4wm5","options":{"secondsToWaitFor":"2"}},{"id":"cy6uh0goln52wll4iwovullv","type":"choice input","items":[{"id":"m6ho15bvtl5q3ha2ejfk092p","type":0,"blockId":"cy6uh0goln52wll4iwovullv","content":"Diabetes","outgoingEdgeId":"z13d95car1i76usm4br60tar"},{"id":"m055glzcwupurl7nu4axciov","type":0,"blockId":"cy6uh0goln52wll4iwovullv","content":"Hipertensão","outgoingEdgeId":"r4jb41kxy6b9fg4q0g3j6k5r"},{"id":"af5gotioh4nar0xsw04jbx4q","type":0,"blockId":"cy6uh0goln52wll4iwovullv","content":"Colesterol alto","outgoingEdgeId":"swleq4sojsnl40738dhgban6"},{"id":"t8upi1kqm90pdt2klmopp9df","type":0,"blockId":"cy6uh0goln52wll4iwovullv","content":" Nenhuma doença específica, mas gostaria de melhorar minha saúde geral"}],"groupId":"bznnc3f2wq2cminfinvn4wm5","options":{"buttonLabel":"Send","isSearchable":false,"isMultipleChoice":false,"searchInputPlaceholder":"Filter the options..."},"outgoingEdgeId":"ask9igp26lx0s7c589fdrgxq"}],"graphCoordinates":{"x":1148.63,"y":-22.62}},{"id":"xwskga1ot1hplym4nc1pinab","title":"Identificação De Problema Grave","blocks":[{"id":"bkq5ilfndniy6gm5ofkyqvhq","type":"text","content":{"richText":[{"type":"p","children":[{"text":"Vejo que você possui um problema delicado."}]}]},"groupId":"xwskga1ot1hplym4nc1pinab"},{"id":"g4n04kgq99at9cassugy4pde","type":"Wait","groupId":"xwskga1ot1hplym4nc1pinab","options":{"secondsToWaitFor":"1"}},{"id":"ipgx3c51dz7hieqzpuo1smjn","type":"text","content":{"richText":[{"type":"p","children":[{"text":"É interessante a visita à um médico."}]}]},"groupId":"xwskga1ot1hplym4nc1pinab"},{"id":"qzqkl7tkkb4s8v5c4hv6465u","type":"Wait","groupId":"xwskga1ot1hplym4nc1pinab","options":{"secondsToWaitFor":"1"}},{"id":"o73ggvlasw52wazrq2yjbhxw","type":"text","content":{"richText":[{"type":"p","children":[{"text":"Mas também muito importante manter uma boa alimentação para que seu problema não se agrave!"}]}]},"groupId":"xwskga1ot1hplym4nc1pinab"},{"id":"pjor2dko86umoclovsqkhwu0","type":"Wait","groupId":"xwskga1ot1hplym4nc1pinab","options":{"secondsToWaitFor":"2"}},{"id":"hcpen0scuihj50iihkwcb9n9","type":"text","content":{"richText":[{"type":"p","children":[{"text":"Felizmente, nosso e-Book foi criado para alinhar e entregar algumas das receitas mais saudáveis! 😋 "}]}]},"groupId":"xwskga1ot1hplym4nc1pinab","outgoingEdgeId":"aqzxtius943l9485fukhgrxm"}],"graphCoordinates":{"x":1594.88,"y":834.87}},{"id":"ksr127an8o25olbptmgo7064","title":"Identificação De Problemas Leves","blocks":[{"id":"yb95onnaajp1xx5rhczgq5q6","type":"text","content":{"richText":[{"type":"p","children":[{"text":"Entendo suas dificuldades e correria. Realmente é complicado conciliar uma vida com tantos afazeres no dia a dia"}]}]},"groupId":"ksr127an8o25olbptmgo7064"},{"id":"h10strkq4c9qzgemnaxrpt70","type":"Wait","groupId":"ksr127an8o25olbptmgo7064","options":{"secondsToWaitFor":"2"}},{"id":"hlwwww3jwmekvewl17dor622","type":"text","content":{"richText":[{"type":"p","children":[{"text":"Mas não se preocupe porque nosso e-Book foi criado justamente para ajudar e direcionar a alimentação para o melhor lugar"}]}]},"groupId":"ksr127an8o25olbptmgo7064","outgoingEdgeId":"pmmf7g7gt0mb0lw8wlxr753s"}],"graphCoordinates":{"x":1564.88,"y":29.87}},{"id":"e2xg60k9s0r0za5z0zwk1lnk","title":"Apresentação do Produto","blocks":[{"id":"z2bukvcuhiqzjfdu6n99zxt3","type":"text","content":{"richText":[{"type":"p","children":[{"text":"Antes de liberar seu acesso às receitas, vou antes apresentar um pouco do que ela oferece!"}]}]},"groupId":"e2xg60k9s0r0za5z0zwk1lnk"},{"id":"dihzq1f1cavoy77smlwvhkrb","type":"choice input","items":[{"id":"ugu6p0ow2pzvkxhvj9sqjh3m","type":0,"blockId":"dihzq1f1cavoy77smlwvhkrb","content":"Gostaria de saber mais informações?"}],"groupId":"e2xg60k9s0r0za5z0zwk1lnk","options":{"buttonLabel":"Send","isSearchable":false,"isMultipleChoice":false,"searchInputPlaceholder":"Filter the options..."}},{"id":"et4fioeeq7cptg5fuyxds7e3","type":"Wait","groupId":"e2xg60k9s0r0za5z0zwk1lnk","options":{"secondsToWaitFor":"4"}},{"id":"jk2z9bk1792yrreczkp1rhdd","type":"text","content":{"richText":[{"type":"p","children":[{"text":"• 🍎 "},{"bold":true,"text":"Receitas deliciosas"},{"text":" e fáceis de preparar! Com modo de preparo."}]}]},"groupId":"e2xg60k9s0r0za5z0zwk1lnk"},{"id":"ac585ela1gt3lbi0glb73f77","type":"text","content":{"richText":[{"type":"p","children":[{"text":"📈 "},{"bold":true,"text":"Perda de peso"},{"text":" saudável e sustentável."}]}]},"groupId":"e2xg60k9s0r0za5z0zwk1lnk"},{"id":"ojam1vgb2ljs860w1csxsv80","type":"text","content":{"richText":[{"type":"p","children":[{"text":"🍽️ "},{"bold":true,"text":"Variedade"},{"text":" de opções para manter a motivação."}]}]},"groupId":"e2xg60k9s0r0za5z0zwk1lnk"},{"id":"i5znhueygkbmt7wj2m7nbyux","type":"text","content":{"richText":[{"type":"p","children":[{"text":"💪 "},{"bold":true,"text":"Aumento da imunidade"},{"text":" e bem-estar geral."}]}]},"groupId":"e2xg60k9s0r0za5z0zwk1lnk"},{"id":"e13cdcwxcyk1450i6itcjpyc","type":"Wait","groupId":"e2xg60k9s0r0za5z0zwk1lnk","options":{"secondsToWaitFor":"3"},"outgoingEdgeId":"uqze6663e7hht6s3n70gt8wf"}],"graphCoordinates":{"x":1968.63,"y":397.37}},{"id":"a9dagfw7k2dueql46ucqcu3n","title":"Gancho Com Ancoragem No Preço","blocks":[{"id":"w30ybmt0l0u2n1y1qnbiatz8","type":"text","content":{"richText":[{"type":"p","children":[{"text":"Tudo isso que acabamos de apresentar está disponível para você por "},{"bold":true,"text":"apenas R$21,90!"},{"text":" Isso mesmo, uma taxa de inscrição "},{"bold":true,"text":"única"}]}]},"groupId":"a9dagfw7k2dueql46ucqcu3n"},{"id":"covrv162ycrcp0zac3504ue2","type":"text","content":{"richText":[{"type":"p","children":[{"text":"Antes de finalizarmos, temos uma última pergunta: {{nome}}, quer investir em si e transformar sua vida!? 🔥 "}]}]},"groupId":"a9dagfw7k2dueql46ucqcu3n"},{"id":"jlu0fa5nfyvwg2dij0ols32q","type":"choice input","items":[{"id":"kblg3zolwev705efjsc0krfd","type":0,"blockId":"jlu0fa5nfyvwg2dij0ols32q","content":" Sim, estou preciso mudar minha vida!🤩 ","outgoingEdgeId":"yeg9831l2vz9k84b7t9aw21o"},{"id":"t1z5icsvvxmecs7t49ueufk4","type":0,"blockId":"jlu0fa5nfyvwg2dij0ols32q","content":"Ainda tenho algumas dúvidas.😢  "}],"groupId":"a9dagfw7k2dueql46ucqcu3n","options":{"buttonLabel":"Send","isSearchable":false,"isMultipleChoice":false,"searchInputPlaceholder":"Filter the options..."},"outgoingEdgeId":"t48chmhtfrjwfwbgxcb64s3o"}],"graphCoordinates":{"x":2364.88,"y":401.12}},{"id":"r96das39klwtjn90bewnd5gt","title":"Link De Compra Do Produto","blocks":[{"id":"kzgcodliqjgw9jnyo2db7p5w","type":"text","content":{"richText":[{"type":"p","children":[{"bold":true,"text":"PERFEITO! {{nome}}. "},{"text":"Aqui está o link do e-book das 30 Receitas!"}]}]},"groupId":"r96das39klwtjn90bewnd5gt"},{"id":"an0kzxezfjraql4an8hlfak4","type":"text","content":{"richText":[{"type":"p","children":[{"text":""},{"url":"https://pay.kiwify.com.br/vCE8KpT","type":"a","children":[{"text":"https://pay.kiwify.com.br/vCE8KpT"}]},{"text":""}]}]},"groupId":"r96das39klwtjn90bewnd5gt"},{"id":"jc1sv2e69k4pxhcnis3we3ud","type":"text","content":{"richText":[{"type":"p","children":[{"text":"Parabéns pela sua iniciativa em buscar uma vida mais saudável! Acreditamos que essa decisão será um divisor de águas em sua jornada de bem-estar."}]}]},"groupId":"r96das39klwtjn90bewnd5gt"}],"graphCoordinates":{"x":2730.02,"y":366.12}},{"id":"w9fs10j8w150ehw38udbbyck","title":"Opção De Saída Pela Negação","blocks":[{"id":"ic1usnek2zybj4ql5fvy8tx3","type":"text","content":{"richText":[{"type":"p","children":[{"text":"Entendo seu receio ou medo do desconhecido que é a transformação, {{nome}}"}]}]},"groupId":"w9fs10j8w150ehw38udbbyck"},{"id":"nohqia5puwp8w0hx44vlm05f","type":"text","content":{"richText":[{"type":"p","children":[{"text":"Vou te enviar para uma página onde possui alguns outros e-Books relacionados que talvez possa combinar mais com o que está procurando! Só um momento..."}]}]},"groupId":"w9fs10j8w150ehw38udbbyck"},{"id":"hfyd8d3dxaronoagw67dpp47","type":"Wait","groupId":"w9fs10j8w150ehw38udbbyck","options":{"secondsToWaitFor":"10"}},{"id":"sasvyjj09k0j3ng0wvh464u7","type":"Redirect","groupId":"w9fs10j8w150ehw38udbbyck","options":{"url":"https://hotmart.com/pt-br/marketplace/produtos/emagrecer-definindo/K84720321V?sck=HOTMART_PRODUCT_PAGE","isNewTab":false}}],"graphCoordinates":{"x":2740.29,"y":1003.21}}],"variables":[{"id":"vuda3qw1k2jfgzbeo6t2p3u7y","name":"nome"}],"edges":[{"id":"z3ru95zo4jdaiqdvfgho85pk","to":{"groupId":"pifvu30g0y4m6knna2v1bh9f"},"from":{"blockId":"k9k0h2bri5bxankvhxx88nmu","groupId":"mykab3v4w4asw6nxjsdmtkvv"}},{"id":"l7lapkld9at3rq393l4lksqy","to":{"blockId":"xktul8zj0esq7eenrelysj5v","groupId":"g5yd7wap0wqd9iq9ob71waj0"},"from":{"blockId":"ckf6odh7e5n86hyueoiixhur","groupId":"pifvu30g0y4m6knna2v1bh9f"}},{"id":"mpvbpeqd9naa6bamyhbpvm9g","to":{"groupId":"bznnc3f2wq2cminfinvn4wm5"},"from":{"blockId":"wbmg12gtq1sgrvwyg3688l2b","groupId":"g5yd7wap0wqd9iq9ob71waj0"}},{"id":"dg5qntz38hhfif2gj0tjrncd","to":{"groupId":"xwskga1ot1hplym4nc1pinab"},"from":{"itemId":"df6ndwqfv4u3wsumheh4yqwr","blockId":"qcq8t5yamyi5kzgy978weq6q","groupId":"bznnc3f2wq2cminfinvn4wm5"}},{"id":"z13d95car1i76usm4br60tar","to":{"groupId":"xwskga1ot1hplym4nc1pinab"},"from":{"itemId":"m6ho15bvtl5q3ha2ejfk092p","blockId":"cy6uh0goln52wll4iwovullv","groupId":"bznnc3f2wq2cminfinvn4wm5"}},{"id":"r4jb41kxy6b9fg4q0g3j6k5r","to":{"groupId":"xwskga1ot1hplym4nc1pinab"},"from":{"itemId":"m055glzcwupurl7nu4axciov","blockId":"cy6uh0goln52wll4iwovullv","groupId":"bznnc3f2wq2cminfinvn4wm5"}},{"id":"swleq4sojsnl40738dhgban6","to":{"groupId":"xwskga1ot1hplym4nc1pinab"},"from":{"itemId":"af5gotioh4nar0xsw04jbx4q","blockId":"cy6uh0goln52wll4iwovullv","groupId":"bznnc3f2wq2cminfinvn4wm5"}},{"id":"ask9igp26lx0s7c589fdrgxq","to":{"groupId":"ksr127an8o25olbptmgo7064"},"from":{"blockId":"cy6uh0goln52wll4iwovullv","groupId":"bznnc3f2wq2cminfinvn4wm5"}},{"id":"pmmf7g7gt0mb0lw8wlxr753s","to":{"groupId":"e2xg60k9s0r0za5z0zwk1lnk"},"from":{"blockId":"hlwwww3jwmekvewl17dor622","groupId":"ksr127an8o25olbptmgo7064"}},{"id":"aqzxtius943l9485fukhgrxm","to":{"blockId":"z2bukvcuhiqzjfdu6n99zxt3","groupId":"e2xg60k9s0r0za5z0zwk1lnk"},"from":{"blockId":"hcpen0scuihj50iihkwcb9n9","groupId":"xwskga1ot1hplym4nc1pinab"}},{"id":"yeg9831l2vz9k84b7t9aw21o","to":{"groupId":"r96das39klwtjn90bewnd5gt"},"from":{"itemId":"kblg3zolwev705efjsc0krfd","blockId":"jlu0fa5nfyvwg2dij0ols32q","groupId":"a9dagfw7k2dueql46ucqcu3n"}},{"id":"t48chmhtfrjwfwbgxcb64s3o","to":{"groupId":"w9fs10j8w150ehw38udbbyck"},"from":{"blockId":"jlu0fa5nfyvwg2dij0ols32q","groupId":"a9dagfw7k2dueql46ucqcu3n"}},{"id":"uqze6663e7hht6s3n70gt8wf","to":{"groupId":"a9dagfw7k2dueql46ucqcu3n"},"from":{"blockId":"e13cdcwxcyk1450i6itcjpyc","groupId":"e2xg60k9s0r0za5z0zwk1lnk"}}],"theme":{"chat":{"inputs":{"color":"#303235","backgroundColor":"#FFFFFF","placeholderColor":"#9095A0"},"buttons":{"color":"#000000","backgroundColor":"#DCF8C6"},"roundness":"large","hostAvatar":{"url":"https://images.unsplash.com/photo-1622151834677-70f982c9adef?crop=entropy&cs=tinysrgb&fit=max&fm=jpg&ixid=M3w0MjU2MDR8MHwxfHNlYXJjaHw3fHxidXNpbmVzcyUyMG1hbnxlbnwwfDB8fHwxNjkwMjQzMTYzfDA&ixlib=rb-4.0.3&q=80&w=200","isEnabled":true},"guestAvatar":{"url":"https://images.unsplash.com/photo-1689005047173-b43ff68072ed?crop=entropy&cs=tinysrgb&fit=max&fm=jpg&ixid=M3w0MjU2MDR8MHwxfHJhbmRvbXx8fHx8fHx8fDE2OTAyNDM0ODV8&ixlib=rb-4.0.3&q=80&w=200","isEnabled":true},"hostBubbles":{"color":"#303235","backgroundColor":"#F7F8FF"},"guestBubbles":{"color":"#FFFFFF","backgroundColor":"#DCF8C6"}},"general":{"font":"Open Sans","background":{"type":"Image","content":"https://s3.fr-par.scw.cloud/typebot/public/typebots/clkh9paw9005kl90f5eplv9z9/background?v=1690332083754"}}},"settings":{"general":{"rememberUser":{"isEnabled":false},"isBrandingEnabled":true,"isInputPrefillEnabled":true,"isHideQueryParamsEnabled":true},"metadata":{"description":"Build beautiful conversational forms and embed them directly in your applications without a line of code. Triple your response rate and collect answers that has more value compared to a traditional form."},"typingEmulation":{"speed":300,"enabled":true,"maxDelay":1.5}}}