{"id":"clk7qm9tz002hmd0f66o7ur87","version":"3","groups":[{"id":"yppcfau2zdlbormegks9ghhw","title":"Start","blocks":[{"id":"cx5iel8jxfo4caorf8rnjiw0","type":"start","label":"Start","groupId":"yppcfau2zdlbormegks9ghhw","outgoingEdgeId":"b0nnx13qx58zov75bw8qxhpq"}],"graphCoordinates":{"x":-3852.43,"y":-102.41}},{"id":"n3qubkkqn24cryeh5dz0odj5","title":"","blocks":[{"id":"xi4txanj4e7jhxn6w5i5sa5e","type":"text","content":{"richText":[{"type":"p","children":[{"bold":true,"text":"[VOCÊ"},{"text":" "},{"bold":true,"text":"FOI"},{"text":" "},{"bold":true,"text":"SELECIONADA]"}]},{"type":"p","children":[{"bold":true,"text":""}]},{"type":"p","children":[{"text":"ESSA "},{"bold":true,"text":"CONSULTA É","underline":true},{"text":" ","underline":true},{"bold":true,"text":"GRATUITA","underline":true},{"text":"!"}]}]},"groupId":"n3qubkkqn24cryeh5dz0odj5"},{"id":"qs0es5zth8gmo2io9hdtucdu","type":"Wait","groupId":"n3qubkkqn24cryeh5dz0odj5","options":{"secondsToWaitFor":"2"}},{"id":"ojoiuqw11ol7mluihnpdkffy","type":"text","content":{"richText":[{"type":"p","children":[{"text":"Olá, meu nome é Dra. Lara..."}]}]},"groupId":"n3qubkkqn24cryeh5dz0odj5"},{"id":"bymz4hr5abx68uzfonbkmadp","type":"Wait","groupId":"n3qubkkqn24cryeh5dz0odj5","options":{"secondsToWaitFor":"2"}},{"id":"m435v6oefxku0cm0oyzcg2mb","type":"audio","content":{"url":"https://s3.fr-par.scw.cloud/typebot/public/typebots/cli88mae30010mh0f0yzjqn48/blocks/eisfq9u53jhbknz9ens5n28y?v=1685935872099"},"groupId":"n3qubkkqn24cryeh5dz0odj5"},{"id":"f5cwe6rryp3o9yi5nwjbpmot","type":"Wait","groupId":"n3qubkkqn24cryeh5dz0odj5","options":{"secondsToWaitFor":"2"}},{"id":"g91i1t2tlt9qkl5dvxggin3o","type":"image","content":{"url":"https://s3.fr-par.scw.cloud/typebot/public/typebots/cli88mae30010mh0f0yzjqn48/blocks/qgatgzuxngkcwufkwt4ujsrj?v=1685383624397"},"groupId":"n3qubkkqn24cryeh5dz0odj5"},{"id":"z4a4t7zemnmbn7l9ix02ijtd","type":"Wait","groupId":"n3qubkkqn24cryeh5dz0odj5","options":{"secondsToWaitFor":"2"}},{"id":"kx73cdttcvvl88rv95eg7itb","type":"text","content":{"richText":[{"type":"p","children":[{"text":"Qual é o seu nome?"}]}]},"groupId":"n3qubkkqn24cryeh5dz0odj5"},{"id":"g5itv3gn2wrjywaa30rydqkv","type":"text input","groupId":"n3qubkkqn24cryeh5dz0odj5","options":{"isLong":false,"labels":{"button":"Enviar","placeholder":"Escreva seu nome."},"variableId":"vprp91gkcj6ooz2wteh9qrvjn"}},{"id":"nw5ihb4ollif5taa69bqu7d5","type":"Wait","groupId":"n3qubkkqn24cryeh5dz0odj5","options":{"secondsToWaitFor":"2"}},{"id":"ouwpu633qfm0eotlubyi2cwl","type":"text","content":{"richText":[{"type":"p","children":[{"text":"Qual é o seu número de whatsapp? (com DDD)"}]}]},"groupId":"n3qubkkqn24cryeh5dz0odj5"},{"id":"h9rxcx0txmujdx4mrvt5vtst","type":"phone number input","groupId":"n3qubkkqn24cryeh5dz0odj5","options":{"labels":{"button":"Enviar","placeholder":"{{NOME}} digita seu whatsapp"},"variableId":"vz6poaguzmezp0hnuckpvrzme","defaultCountryCode":"BR","retryMessageContent":""}},{"id":"txa45rsqc8pm0hd1f26t6z6y","type":"Wait","groupId":"n3qubkkqn24cryeh5dz0odj5","options":{"secondsToWaitFor":"2"}},{"id":"ubqlnznm5uf7u73qisuvb4ky","type":"text","content":{"richText":[{"type":"p","children":[{"text":"{{NOME}} como você está hoje?"}]}]},"groupId":"n3qubkkqn24cryeh5dz0odj5"},{"id":"pbqrt2es8xdzsm32xzoerega","type":"choice input","items":[{"id":"ergmbl9ur1jlldhpcqhu2ilm","type":0,"blockId":"pbqrt2es8xdzsm32xzoerega","content":"Estou muito bem!","outgoingEdgeId":"m8zjez8nita414buubulhrsv"},{"id":"yjs97mdt3vi5p7kbzsvi0yzm","type":0,"blockId":"pbqrt2es8xdzsm32xzoerega","content":"Estou mal!","outgoingEdgeId":"zy8fjo6ra7vv52aktba8u5sa"}],"groupId":"n3qubkkqn24cryeh5dz0odj5","options":{"buttonLabel":"Send","isSearchable":false,"isMultipleChoice":false,"searchInputPlaceholder":"Filter the options..."}}],"graphCoordinates":{"x":-3083.72,"y":-105.18}},{"id":"mpz3fq4fr112sz16h2tlijb0","title":"","blocks":[{"id":"p72v7j6oia4oy91v9dwbeind","type":"text","content":{"richText":[{"type":"p","children":[{"text":"Seu objetivo é bem parecido com o delas..."}]}]},"groupId":"mpz3fq4fr112sz16h2tlijb0"},{"id":"fzfumyw7ixn08k4jnwnxssas","type":"Wait","groupId":"mpz3fq4fr112sz16h2tlijb0","options":{"secondsToWaitFor":"3"}},{"id":"b67yqw5t665wip4u448klheu","type":"audio","content":{"url":"https://s3.fr-par.scw.cloud/typebot/public/typebots/cli88mae30010mh0f0yzjqn48/blocks/y1g5ilrudkrk3vrc59s8xf52?v=1685937345942"},"groupId":"mpz3fq4fr112sz16h2tlijb0"},{"id":"tqrx408qz0zt8ecoigbemlvv","type":"Wait","groupId":"mpz3fq4fr112sz16h2tlijb0","options":{"secondsToWaitFor":"12"}},{"id":"yjch77w6ixh9u6xuuzcllfgn","type":"embed","content":{"url":"https://scripts.converteai.net/667e39d7-eeda-492c-8817-144b07b7b3f9/players/64b6543ad66489000873e8e7/embed.html","height":1000},"groupId":"mpz3fq4fr112sz16h2tlijb0"},{"id":"ep3y54bihou14gpgthwg09fx","type":"Wait","groupId":"mpz3fq4fr112sz16h2tlijb0","options":{"secondsToWaitFor":"12"}},{"id":"pt25tv657uxw5omj9h3gm0ia","type":"audio","content":{"url":"https://s3.fr-par.scw.cloud/typebot/public/typebots/cli88mae30010mh0f0yzjqn48/blocks/xj2ukel4aokybbwm4fxm1y8y?v=1685937433714"},"groupId":"mpz3fq4fr112sz16h2tlijb0"},{"id":"spg2xvw7ec28gd07g7yk5ru9","type":"Wait","groupId":"mpz3fq4fr112sz16h2tlijb0","options":{"secondsToWaitFor":"13"}},{"id":"asb70p8alpqa5xqf161svfxg","type":"image","content":{"url":"https://s3.fr-par.scw.cloud/typebot/public/typebots/eaty31nvszsjeefjv1ul4i7a/blocks/asb70p8alpqa5xqf161svfxg?v=1689674333632"},"groupId":"mpz3fq4fr112sz16h2tlijb0"},{"id":"zui2rgpps5hpl8ojufhjt71p","type":"Wait","groupId":"mpz3fq4fr112sz16h2tlijb0","options":{"secondsToWaitFor":"10"}},{"id":"xudwew2ofygexv517yc2g20l","type":"text","content":{"richText":[{"type":"p","children":[{"text":"E a Ana perdeu 24 Kg em 21 dias."}]}]},"groupId":"mpz3fq4fr112sz16h2tlijb0"},{"id":"ccby20iuohbzxsjcij0tuzyn","type":"image","content":{"url":"https://s3.fr-par.scw.cloud/typebot/public/typebots/eaty31nvszsjeefjv1ul4i7a/blocks/ccby20iuohbzxsjcij0tuzyn?v=1689674544231"},"groupId":"mpz3fq4fr112sz16h2tlijb0"},{"id":"c76ii2p70wqffwnz99kze69v","type":"Wait","groupId":"mpz3fq4fr112sz16h2tlijb0","options":{"secondsToWaitFor":"3"}},{"id":"qlzpncdli50qn183tmygy5zl","type":"text","content":{"richText":[{"type":"p","children":[{"bold":true,"text":"Você"},{"text":" "},{"bold":true,"text":"ficaria"},{"text":" "},{"bold":true,"text":"feliz"},{"text":" com esses resultados?"}]}]},"groupId":"mpz3fq4fr112sz16h2tlijb0"},{"id":"b2923j6eho3hoitcyt7t2elu","type":"text input","groupId":"mpz3fq4fr112sz16h2tlijb0","options":{"isLong":false,"labels":{"button":"Enviar","placeholder":"{{NOME}} responde aqui"}},"outgoingEdgeId":"gtbfwtkbocf0fqssog13b7uy"}],"graphCoordinates":{"x":-232.82,"y":-86.06}},{"id":"gssqesgdui2ait028vql3mkg","title":"","blocks":[{"id":"jod99kisimo8xbxjd1sfga1q","type":"text","content":{"richText":[{"type":"p","children":[{"text":"Vou te falar sobre os benefícios de participar do programa..."}]}]},"groupId":"gssqesgdui2ait028vql3mkg"},{"id":"txkzg3nq7zg9xg4ip5kaicx9","type":"Wait","groupId":"gssqesgdui2ait028vql3mkg","options":{"secondsToWaitFor":"3"}},{"id":"f79ru6dedcyjtkkye1yid1v3","type":"text","content":{"richText":[{"type":"p","children":[{"text":"✅ Perda de peso rápido"}]},{"type":"p","children":[{"text":"✅ Redução de celulite"}]},{"type":"p","children":[{"text":"✅ Aumento da autoestima"}]},{"type":"p","children":[{"text":"✅ Redução de ansiedade"}]},{"type":"p","children":[{"text":"✅ Menor queda de cabelo"}]},{"type":"p","children":[{"text":"✅ Eliminaram dores no corpo"}]},{"type":"p","children":[{"text":"✅ Mais apetite sexual"}]},{"type":"p","children":[{"text":"✅ Sensação de bem estar"}]},{"type":"p","children":[{"text":"✅ Prevenção de doenças"}]},{"type":"p","children":[{"text":"✅ Controle de Diabetes"}]},{"type":"p","children":[{"text":"✅ Controle da Pressão Alta"}]}]},"groupId":"gssqesgdui2ait028vql3mkg"},{"id":"ajrb9odpovoh1qrju3wubv7r","type":"Wait","groupId":"gssqesgdui2ait028vql3mkg","options":{"secondsToWaitFor":"10"}},{"id":"mc3tebssu8a88qt6fe51rldk","type":"text","content":{"richText":[{"type":"p","children":[{"bold":true,"text":"Qual"},{"text":" desses "},{"bold":true,"text":"benefícios"},{"text":" é o "}]},{"type":"p","children":[{"bold":true,"text":"principal"},{"text":" "},{"bold":true,"text":"para"},{"text":" "},{"bold":true,"text":"você"},{"text":"?"}]}]},"groupId":"gssqesgdui2ait028vql3mkg"},{"id":"wxso3jatsxdjkvnamma6mg4a","type":"text input","groupId":"gssqesgdui2ait028vql3mkg","options":{"isLong":false,"labels":{"button":"Enviar","placeholder":"{{NOME}} digita o benefício principal"},"variableId":"vaei0i8rzmduvzts1h4cz2k6g"}},{"id":"essg23xcxp3205793n4ox9ll","type":"text","content":{"richText":[{"type":"p","children":[{"text":"{{NOME}} agora imagina como você vai ficar com menos {{EMAGRECER}} kg."}]}]},"groupId":"gssqesgdui2ait028vql3mkg"},{"id":"nriawsirt5cyrcubz0ks2luz","type":"Wait","groupId":"gssqesgdui2ait028vql3mkg","options":{"secondsToWaitFor":"2"}},{"id":"kc8nudphpien0pakqo8m7wna","type":"text","content":{"richText":[{"type":"p","children":[{"text":"Como sua vida vai melhora por causa dos benefícios que o emagrecimento vai trazer para a sua saúde."}]}]},"groupId":"gssqesgdui2ait028vql3mkg","outgoingEdgeId":"t5myck3qtsi3xfftjfyqzbyd"}],"graphCoordinates":{"x":116.51,"y":-41.1}},{"id":"fvn6owht7r5mp81a5e08v1ba","title":"","blocks":[{"id":"vi76484mu0iyid3lj72wjzty","type":"Wait","groupId":"fvn6owht7r5mp81a5e08v1ba","options":{}},{"id":"k4efu3ihuewkgqrltk4yq7w2","type":"text","content":{"richText":[{"type":"p","children":[{"text":"Veja o relato da Stefane..."}]}]},"groupId":"fvn6owht7r5mp81a5e08v1ba"},{"id":"n77t51ddgnxzlotk2k2jd2ox","type":"Wait","groupId":"fvn6owht7r5mp81a5e08v1ba","options":{"secondsToWaitFor":"2"}},{"id":"rlajudowianwakbovl0qrs7k","type":"image","content":{"url":"https://s3.fr-par.scw.cloud/typebot/public/typebots/eaty31nvszsjeefjv1ul4i7a/blocks/rlajudowianwakbovl0qrs7k?v=1689677831389"},"groupId":"fvn6owht7r5mp81a5e08v1ba"},{"id":"rfkgq6wzessbjef2h5d5fj5v","type":"Wait","groupId":"fvn6owht7r5mp81a5e08v1ba","options":{"secondsToWaitFor":"10"}},{"id":"fs2wqgnteelwyw6yo0gyx3fn","type":"text","content":{"richText":[{"type":"p","children":[{"text":"Veja o que a Ivone disse..."}]}]},"groupId":"fvn6owht7r5mp81a5e08v1ba"},{"id":"ztsariqv8odsjhtjrqzakp55","type":"image","content":{"url":"https://s3.fr-par.scw.cloud/typebot/public/typebots/eaty31nvszsjeefjv1ul4i7a/blocks/ztsariqv8odsjhtjrqzakp55?v=1689678329712"},"groupId":"fvn6owht7r5mp81a5e08v1ba"},{"id":"u2bo0kpr20pqogr7eqf2agye","type":"Wait","groupId":"fvn6owht7r5mp81a5e08v1ba","options":{"secondsToWaitFor":"10"}},{"id":"joqrj26lqgheb66nnzc5ih55","type":"text","content":{"richText":[{"type":"p","children":[{"text":"Gostaria de "},{"bold":true,"text":"participar do"}]},{"type":"p","children":[{"bold":true,"text":"Programa de Perda de Peso?"}]}]},"groupId":"fvn6owht7r5mp81a5e08v1ba"},{"id":"ksowcbx72l551ivc7q7w3zk5","type":"choice input","items":[{"id":"jdsas9np961u54ch4447ecp3","type":0,"blockId":"ksowcbx72l551ivc7q7w3zk5","content":"CLIQUE AQUI PARA PARTICIPAR!","outgoingEdgeId":"vewsa3h82i8lupfk78lxvmqa"}],"groupId":"fvn6owht7r5mp81a5e08v1ba","options":{"buttonLabel":"Send","isSearchable":false,"isMultipleChoice":false,"searchInputPlaceholder":"Filter the options..."}}],"graphCoordinates":{"x":517.88,"y":18.59}},{"id":"qasj3tqgu5rph345vz4edhmq","title":"","blocks":[{"id":"qxhdyp7zce3in4k4hozn96ij","type":"text","content":{"richText":[{"type":"p","children":[{"text":"Vou te explicar "},{"bold":true,"text":"como"},{"text":" "},{"bold":true,"text":"funciona"},{"text":"..."}]}]},"groupId":"qasj3tqgu5rph345vz4edhmq"},{"id":"tn2zoescgbr0qrouqo56920u","type":"Wait","groupId":"qasj3tqgu5rph345vz4edhmq","options":{"secondsToWaitFor":"3"}},{"id":"vcnn5alg1mn3r1q8t1b39v6c","type":"audio","content":{"url":"https://s3.fr-par.scw.cloud/typebot/public/typebots/cli88mae30010mh0f0yzjqn48/blocks/vcnn5alg1mn3r1q8t1b39v6c?v=1685938155144"},"groupId":"qasj3tqgu5rph345vz4edhmq","outgoingEdgeId":"qt6bc6d7cuqk70mo0pmqqqjk"}],"graphCoordinates":{"x":-1296.11,"y":-77.13}},{"id":"ykwrn04ykvszwwkv2kpqc9y2","title":"","blocks":[{"id":"l8pk4gsg6qoohui94i3x3ns4","type":"text","content":{"richText":[{"type":"p","children":[{"text":"{{NOME}} vou te "},{"bold":true,"text":"explicar"},{"text":" "},{"bold":true,"text":"como"},{"text":" "}]},{"type":"p","children":[{"text":"fazer para "},{"bold":true,"text":"participar"},{"text":"..."}]}]},"groupId":"ykwrn04ykvszwwkv2kpqc9y2"},{"id":"kkjllqn4mmi6bv0ov759b7ff","type":"Wait","groupId":"ykwrn04ykvszwwkv2kpqc9y2","options":{"secondsToWaitFor":"4"}},{"id":"kjbfh67z9jjtngekezooid1p","type":"audio","content":{"url":"https://s3.fr-par.scw.cloud/typebot/public/typebots/cli88mae30010mh0f0yzjqn48/blocks/qponuq4ugzz6pu6auxc3o76n?v=1685941369973"},"groupId":"ykwrn04ykvszwwkv2kpqc9y2"},{"id":"od1zom0te9g5sonhv7zsz72e","type":"Wait","groupId":"ykwrn04ykvszwwkv2kpqc9y2","options":{"secondsToWaitFor":"9"}},{"id":"m7fdycmddpjjt9fvoh510vr8","type":"audio","content":{"url":"https://s3.fr-par.scw.cloud/typebot/public/typebots/cli88mae30010mh0f0yzjqn48/blocks/uc6kg66z4qyjzfqs7w8xifmm?v=1685941491169"},"groupId":"ykwrn04ykvszwwkv2kpqc9y2"},{"id":"gn1jx5x2gpcmz5j1e0lcfc7a","type":"Wait","groupId":"ykwrn04ykvszwwkv2kpqc9y2","options":{"secondsToWaitFor":"13"}},{"id":"tz3xluurjoq5csx9cnue2430","type":"audio","content":{"url":"https://s3.fr-par.scw.cloud/typebot/public/typebots/cli88mae30010mh0f0yzjqn48/blocks/wa4thsssezoyqazpqh6l4hfn?v=1685941599013"},"groupId":"ykwrn04ykvszwwkv2kpqc9y2"},{"id":"b5vjefb4ktfxy7uk2v5fvwje","type":"Wait","groupId":"ykwrn04ykvszwwkv2kpqc9y2","options":{"secondsToWaitFor":"11"}},{"id":"lm6882bsbnzo8tjoru33is9k","type":"audio","content":{"url":"https://s3.fr-par.scw.cloud/typebot/public/typebots/cli88mae30010mh0f0yzjqn48/blocks/ffqui3mls3mf46hrsrs98mx0?v=1685941680366"},"groupId":"ykwrn04ykvszwwkv2kpqc9y2"},{"id":"o6puth19ig31g2fzydnoxnr7","type":"Wait","groupId":"ykwrn04ykvszwwkv2kpqc9y2","options":{"secondsToWaitFor":"8"}},{"id":"mxkpmsr1hhiub1g08r3jrh12","type":"audio","content":{"url":"https://s3.fr-par.scw.cloud/typebot/public/typebots/cli88mae30010mh0f0yzjqn48/blocks/vltfupluttb8gnlcrhanecex?v=1685941793071"},"groupId":"ykwrn04ykvszwwkv2kpqc9y2"},{"id":"j1y8qct2jstwv04m8yezfgbx","type":"Wait","groupId":"ykwrn04ykvszwwkv2kpqc9y2","options":{"secondsToWaitFor":"22"}},{"id":"ao8v7g5kfcefw6pu25g9u3cs","type":"audio","content":{"url":"https://s3.fr-par.scw.cloud/typebot/public/typebots/cli88mae30010mh0f0yzjqn48/blocks/dk597bkc7r3p3g0mualjphgx?v=1685942013256"},"groupId":"ykwrn04ykvszwwkv2kpqc9y2"},{"id":"n1802kj0kas6ryirunlfltmo","type":"Wait","groupId":"ykwrn04ykvszwwkv2kpqc9y2","options":{"secondsToWaitFor":"23"}},{"id":"p84a7mxo9gratngsrgid9e8m","type":"audio","content":{"url":"https://s3.fr-par.scw.cloud/typebot/public/typebots/cli88mae30010mh0f0yzjqn48/blocks/o1gfbuiaksf4xrwzgh52tzbp?v=1685942242311"},"groupId":"ykwrn04ykvszwwkv2kpqc9y2"},{"id":"r4f7hp5vosdeptsma3p6fef1","type":"Wait","groupId":"ykwrn04ykvszwwkv2kpqc9y2","options":{"secondsToWaitFor":"17"}},{"id":"cxnxzxy0918zynv52fi0oxfa","type":"choice input","items":[{"id":"ugd6j90bcdmzu6ygop8umve6","type":0,"blockId":"cxnxzxy0918zynv52fi0oxfa","content":"CLIQUE AQUI PARA FAZER SUA INSCRIÇÃO!","outgoingEdgeId":"cm6dvqccp8t1a16bflb3ce7x"}],"groupId":"ykwrn04ykvszwwkv2kpqc9y2","options":{"buttonLabel":"Send","isSearchable":false,"isMultipleChoice":false,"searchInputPlaceholder":"Filter the options..."}}],"graphCoordinates":{"x":1225.68,"y":42.33}},{"id":"z99skz7l5r7fbonzoa0dpg6g","title":"Group #8","blocks":[{"id":"zd3zh2bfevzrdn54t0s0q63m","type":"Pixel","groupId":"z99skz7l5r7fbonzoa0dpg6g","options":{"params":[{"id":"hx8ywud2afpc05rgib0ok82z"},{"id":"efq69lv7ndpikei3ybfv9w7d","value":""}],"pixelId":"627125976055451","eventType":"Lead"},"outgoingEdgeId":"of8d2bxy3mkkm5hb8i8g0br3"}],"graphCoordinates":{"x":-3486.03,"y":-100.81}},{"id":"ced5hkw6rohex7hx2w650jpo","title":"Group #8","blocks":[{"id":"a54wzvu00dyosyx20t8czxtz","type":"Pixel","groupId":"ced5hkw6rohex7hx2w650jpo","options":{"name":"Clicou em Saber Mais","params":[],"pixelId":"627125976055451","eventType":"Custom"},"outgoingEdgeId":"as6n5hp7osux0dv1v94jj4r8"}],"graphCoordinates":{"x":-1652.83,"y":-53.01}},{"id":"iqf8yvj5bwk0xb4omhchc9rw","title":"Group #9","blocks":[{"id":"s32nmxyk4172kz1klioam1hg","type":"Pixel","groupId":"iqf8yvj5bwk0xb4omhchc9rw","options":{"name":"Clicou em Participar","params":[],"pixelId":"627125976055451","eventType":"Custom"},"outgoingEdgeId":"gs0z4lmipm0dpey1it0eu1vo"}],"graphCoordinates":{"x":872.37,"y":25.09}},{"id":"sfnga17si3fiy4h7ivfg5jtq","title":"Group #11","blocks":[{"id":"m89uvv92y0d1vl047kcri9lt","type":"Pixel","groupId":"sfnga17si3fiy4h7ivfg5jtq","options":{"params":[{"id":"c92ukmj3fevromn0a4ijgrto"}],"pixelId":"627125976055451","eventType":"InitiateCheckout"},"outgoingEdgeId":"yrptpit7n9hr3iqcqb9wdu8f"}],"graphCoordinates":{"x":1713.04,"y":28.56}},{"id":"aylerzaoig32tjj25jk8t1yr","title":"Group #12","blocks":[{"id":"v1wz44kddnl20pztpfxxs4jt","type":"Redirect","groupId":"aylerzaoig32tjj25jk8t1yr","options":{"url":"https://go.perfectpay.com.br/PPU38CMK476","isNewTab":false}}],"graphCoordinates":{"x":2103.97,"y":25.79}},{"id":"s5i9jy97g7f2x9cm5ggx1ux2","title":"Group #12","blocks":[{"id":"j3zju52qa388smd7yd3ot275","type":"text","content":{"richText":[{"type":"p","children":[{"text":"Que bom ouvir isso. Então, como tem sido seu mês em relação à alimentação?"}]}]},"groupId":"s5i9jy97g7f2x9cm5ggx1ux2"},{"id":"hp4pw7h5lmrkssfanfeoaiej","type":"text input","groupId":"s5i9jy97g7f2x9cm5ggx1ux2","options":{"isLong":false,"labels":{"button":"Enviar","placeholder":"Escreva aqui como tem sido sua alimentação"},"variableId":"vhkun4n62tn09fc8kwz612ork"}},{"id":"b5vzq4rk1g9ihy6b8xekkxqq","type":"Wait","groupId":"s5i9jy97g7f2x9cm5ggx1ux2","options":{"secondsToWaitFor":"2"},"outgoingEdgeId":"nvmi06xwomghisxfjomwuca9"}],"graphCoordinates":{"x":-2685.65,"y":195.41}},{"id":"b7bb9ak35gzyff109vic8pv8","title":"Group #13","blocks":[{"id":"qmbtx0dsfb3eqmkaw7crhyea","type":"text","content":{"richText":[{"type":"p","children":[{"text":"É muito ruim saber disso, mas pode ficar tranquila que eu estou aqui para te ajudar! Então, como tem sido sua semana em relação à alimentação?"}]}]},"groupId":"b7bb9ak35gzyff109vic8pv8"},{"id":"zbnk8nazg1yom6ojkp1a4dos","type":"text input","groupId":"b7bb9ak35gzyff109vic8pv8","options":{"isLong":false,"labels":{"button":"Enviar","placeholder":"Escreva aqui como tem sido sua alimentação"},"variableId":"vhkun4n62tn09fc8kwz612ork"}},{"id":"gcwruyn65y40soaweyscgcvb","type":"Wait","groupId":"b7bb9ak35gzyff109vic8pv8","options":{"secondsToWaitFor":"2"},"outgoingEdgeId":"pwmc4gelgs6xy2t73t9i8ih9"}],"graphCoordinates":{"x":-2569.92,"y":607.86}},{"id":"w3xgibsaot9a19gcbrac2enq","title":"Group #14","blocks":[{"id":"dbi2zwoddcnec8xrykof79b8","type":"Wait","groupId":"w3xgibsaot9a19gcbrac2enq","options":{"secondsToWaitFor":"2"}},{"id":"nfa4c5x0bflnluna563xrqcv","type":"text","content":{"richText":[{"type":"p","children":[{"text":"{{NOME}}, agora me diz quantos kilos você deseja perder?"}]}]},"groupId":"w3xgibsaot9a19gcbrac2enq"},{"id":"t1h3d1br768w2m5gmsyc739s","type":"Wait","groupId":"w3xgibsaot9a19gcbrac2enq","options":{"secondsToWaitFor":"1"}},{"id":"pi5blz0vgqx0y2e2zyf9m9cm","type":"number input","groupId":"w3xgibsaot9a19gcbrac2enq","options":{"labels":{"button":"Enviar","placeholder":" {{NOME}}, digita quantos kilos você deseja perder"},"variableId":"vzpwb50z160pjo3ctxffb6q89"}},{"id":"wwy8oomigdyeweu6lvcbjcsc","type":"Wait","groupId":"w3xgibsaot9a19gcbrac2enq","options":{"secondsToWaitFor":"2"}},{"id":"gidtuj5rs8ul4azmt3d08kvs","type":"text","content":{"richText":[{"type":"p","children":[{"text":"Quantos kilos você está?"}]}]},"groupId":"w3xgibsaot9a19gcbrac2enq"},{"id":"aykts5wk7do3m7mzs5etdzlv","type":"Wait","groupId":"w3xgibsaot9a19gcbrac2enq","options":{"secondsToWaitFor":"1"}},{"id":"zqozu8fpqmuc3meg0bfb207w","type":"number input","groupId":"w3xgibsaot9a19gcbrac2enq","options":{"labels":{"button":"Enviar","placeholder":"{{NOME}}, digita quantos kilos você está"},"variableId":"vylhptebpxvgxs98ah9vf9q1p"}},{"id":"qgklxuxahndsy4n9bwou7xbq","type":"Wait","groupId":"w3xgibsaot9a19gcbrac2enq","options":{"secondsToWaitFor":"1"}},{"id":"af55cg5wfpfffxaq49no8xz7","type":"Wait","groupId":"w3xgibsaot9a19gcbrac2enq","options":{"secondsToWaitFor":"3"}},{"id":"fgwfo2gjs1fb617ey9xve8on","type":"text","content":{"richText":[{"type":"p","children":[{"text":"Como eu mostrei na imagem acima, já ajudei mais de mil mulheres a alcançarem o tão sonhado emagrecimento e principalmente a manterem o seu peso com um método que eu criei e validei com as minhas clientes na minha clínica."}]}]},"groupId":"w3xgibsaot9a19gcbrac2enq"},{"id":"l57jh9icl2iee19qh9xqjkj3","type":"Wait","groupId":"w3xgibsaot9a19gcbrac2enq","options":{"secondsToWaitFor":"2"}},{"id":"hcb5nrsg8qkgbs7u0tbzc1sp","type":"text","content":{"richText":[{"type":"p","children":[{"text":"E agora estou disponibilizando esse método para ajudar o maior número de mulheres possíveis."}]}]},"groupId":"w3xgibsaot9a19gcbrac2enq"},{"id":"us0bnftgzx0wr4cerncjt2mz","type":"Wait","groupId":"w3xgibsaot9a19gcbrac2enq","options":{"secondsToWaitFor":"2"}},{"id":"twkfblulebxglhncwh80qpsb","type":"text","content":{"richText":[{"type":"p","children":[{"text":"E como você deseja perder {{EMAGRECER}} kilos."}]}]},"groupId":"w3xgibsaot9a19gcbrac2enq"},{"id":"zctmxl9gj3042436jcu2ov0i","type":"Wait","groupId":"w3xgibsaot9a19gcbrac2enq","options":{"secondsToWaitFor":"2"}},{"id":"qgabe8bc82icxs4d0qnrazvx","type":"text","content":{"richText":[{"type":"p","children":[{"text":"Gostaria de saber se você deseja "},{"bold":true,"text":"conhecer"},{"text":" o meu "}]},{"type":"p","children":[{"bold":true,"text":"programa GRATUITO"},{"text":" de "},{"bold":true,"text":"perda"},{"text":" de "},{"bold":true,"text":"peso"},{"text":"?"}]}]},"groupId":"w3xgibsaot9a19gcbrac2enq"},{"id":"im2paxajfuno6nx5d6briiuq","type":"Wait","groupId":"w3xgibsaot9a19gcbrac2enq","options":{"secondsToWaitFor":"1"}},{"id":"c8zvdcs07rxg9q2yckyprsyn","type":"choice input","items":[{"id":"cigszfogy5e8w000i07vu0rl","type":0,"blockId":"c8zvdcs07rxg9q2yckyprsyn","content":"Sim, quero!","outgoingEdgeId":"wwv15cibj6ze16de3sm39dbd"}],"groupId":"w3xgibsaot9a19gcbrac2enq","options":{"buttonLabel":"Send","isSearchable":false,"isMultipleChoice":false,"searchInputPlaceholder":"Filter the options..."}}],"graphCoordinates":{"x":-2030.23,"y":188.59}},{"id":"q80chmp6dxt4udz5nvf8q2hj","title":"Group #15","blocks":[{"id":"m61upvgr0hd713tf19x9j6qs","type":"Wait","groupId":"q80chmp6dxt4udz5nvf8q2hj","options":{"secondsToWaitFor":"11"}},{"id":"jbzqhf8x0ahkeojqxrbwzi5t","type":"audio","content":{"url":"https://s3.fr-par.scw.cloud/typebot/public/typebots/cli88mae30010mh0f0yzjqn48/blocks/pg1d9igi6xip04oz6ir1e2fo?v=1685938268593"},"groupId":"q80chmp6dxt4udz5nvf8q2hj"},{"id":"urfjkd58u1h1qt8rx8etsdv0","type":"Wait","groupId":"q80chmp6dxt4udz5nvf8q2hj","options":{"secondsToWaitFor":"10"}},{"id":"muaybu8r4douw2gfjyikbaa4","type":"audio","content":{"url":"https://s3.fr-par.scw.cloud/typebot/public/typebots/cli88mae30010mh0f0yzjqn48/blocks/o44s9btkct6kpaw80jck9dns?v=1685938324571"},"groupId":"q80chmp6dxt4udz5nvf8q2hj"},{"id":"h08mdvasimtc3wwg7l8bz7b2","type":"Wait","groupId":"q80chmp6dxt4udz5nvf8q2hj","options":{"secondsToWaitFor":"12"}},{"id":"qgnkb8vpx81evdup10seld26","type":"audio","content":{"url":"https://s3.fr-par.scw.cloud/typebot/public/typebots/cli88mae30010mh0f0yzjqn48/blocks/nxpf50nvndlu6ln7njr155an?v=1685939014803"},"groupId":"q80chmp6dxt4udz5nvf8q2hj"},{"id":"p8lgbx168xhylcmfdc3s5ctj","type":"Wait","groupId":"q80chmp6dxt4udz5nvf8q2hj","options":{"secondsToWaitFor":"9"}},{"id":"egvlv6tnuwejs7l0fchx9off","type":"text","content":{"richText":[{"type":"p","children":[{"text":"{{NOME}} como você está com {{PESO}} kg deseja perder {{EMAGRECER}} kg"}]}]},"groupId":"q80chmp6dxt4udz5nvf8q2hj"},{"id":"wbsx55e892iiqtstepirljdy","type":"Wait","groupId":"q80chmp6dxt4udz5nvf8q2hj","options":{"secondsToWaitFor":"2"},"outgoingEdgeId":"ced2pb24br5yz680azwm5ga2"}],"graphCoordinates":{"x":-594.05,"y":-88.44}}],"variables":[{"id":"vprp91gkcj6ooz2wteh9qrvjn","name":"NOME"},{"id":"vylhptebpxvgxs98ah9vf9q1p","name":"PESO"},{"id":"vpel0viottucscnen8zdlejaf","name":"IDADE"},{"id":"vlnuxmidqsek5hmsy83v55c7h","name":"PERDER"},{"id":"va2xubuj795oo62rxwti3hudj","name":"TEMPO"},{"id":"vz6poaguzmezp0hnuckpvrzme","name":"WHATSAPP"},{"id":"vzpwb50z160pjo3ctxffb6q89","name":"EMAGRECER"},{"id":"vhkun4n62tn09fc8kwz612ork","name":"ESTADO EMOCIONAL"},{"id":"vaei0i8rzmduvzts1h4cz2k6g","name":"BENEFÍCIO PRINCIPAL"}],"edges":[{"id":"b0nnx13qx58zov75bw8qxhpq","to":{"blockId":"zd3zh2bfevzrdn54t0s0q63m","groupId":"z99skz7l5r7fbonzoa0dpg6g"},"from":{"blockId":"cx5iel8jxfo4caorf8rnjiw0","groupId":"yppcfau2zdlbormegks9ghhw"}},{"id":"of8d2bxy3mkkm5hb8i8g0br3","to":{"groupId":"n3qubkkqn24cryeh5dz0odj5"},"from":{"blockId":"zd3zh2bfevzrdn54t0s0q63m","groupId":"z99skz7l5r7fbonzoa0dpg6g"}},{"id":"as6n5hp7osux0dv1v94jj4r8","to":{"groupId":"qasj3tqgu5rph345vz4edhmq"},"from":{"blockId":"a54wzvu00dyosyx20t8czxtz","groupId":"ced5hkw6rohex7hx2w650jpo"}},{"id":"vewsa3h82i8lupfk78lxvmqa","to":{"groupId":"iqf8yvj5bwk0xb4omhchc9rw"},"from":{"itemId":"jdsas9np961u54ch4447ecp3","blockId":"ksowcbx72l551ivc7q7w3zk5","groupId":"fvn6owht7r5mp81a5e08v1ba"}},{"id":"gs0z4lmipm0dpey1it0eu1vo","to":{"blockId":"l8pk4gsg6qoohui94i3x3ns4","groupId":"ykwrn04ykvszwwkv2kpqc9y2"},"from":{"blockId":"s32nmxyk4172kz1klioam1hg","groupId":"iqf8yvj5bwk0xb4omhchc9rw"}},{"id":"yrptpit7n9hr3iqcqb9wdu8f","to":{"groupId":"aylerzaoig32tjj25jk8t1yr"},"from":{"blockId":"m89uvv92y0d1vl047kcri9lt","groupId":"sfnga17si3fiy4h7ivfg5jtq"}},{"id":"cm6dvqccp8t1a16bflb3ce7x","to":{"groupId":"sfnga17si3fiy4h7ivfg5jtq"},"from":{"itemId":"ugd6j90bcdmzu6ygop8umve6","blockId":"cxnxzxy0918zynv52fi0oxfa","groupId":"ykwrn04ykvszwwkv2kpqc9y2"}},{"id":"m8zjez8nita414buubulhrsv","to":{"groupId":"s5i9jy97g7f2x9cm5ggx1ux2"},"from":{"itemId":"ergmbl9ur1jlldhpcqhu2ilm","blockId":"pbqrt2es8xdzsm32xzoerega","groupId":"n3qubkkqn24cryeh5dz0odj5"}},{"id":"zy8fjo6ra7vv52aktba8u5sa","to":{"groupId":"b7bb9ak35gzyff109vic8pv8"},"from":{"itemId":"yjs97mdt3vi5p7kbzsvi0yzm","blockId":"pbqrt2es8xdzsm32xzoerega","groupId":"n3qubkkqn24cryeh5dz0odj5"}},{"id":"nvmi06xwomghisxfjomwuca9","to":{"groupId":"w3xgibsaot9a19gcbrac2enq"},"from":{"blockId":"b5vzq4rk1g9ihy6b8xekkxqq","groupId":"s5i9jy97g7f2x9cm5ggx1ux2"}},{"id":"pwmc4gelgs6xy2t73t9i8ih9","to":{"groupId":"w3xgibsaot9a19gcbrac2enq"},"from":{"blockId":"gcwruyn65y40soaweyscgcvb","groupId":"b7bb9ak35gzyff109vic8pv8"}},{"id":"wwv15cibj6ze16de3sm39dbd","to":{"groupId":"ced5hkw6rohex7hx2w650jpo"},"from":{"itemId":"cigszfogy5e8w000i07vu0rl","blockId":"c8zvdcs07rxg9q2yckyprsyn","groupId":"w3xgibsaot9a19gcbrac2enq"}},{"id":"ced2pb24br5yz680azwm5ga2","to":{"blockId":"p72v7j6oia4oy91v9dwbeind","groupId":"mpz3fq4fr112sz16h2tlijb0"},"from":{"blockId":"wbsx55e892iiqtstepirljdy","groupId":"q80chmp6dxt4udz5nvf8q2hj"}},{"id":"gtbfwtkbocf0fqssog13b7uy","to":{"groupId":"gssqesgdui2ait028vql3mkg"},"from":{"blockId":"b2923j6eho3hoitcyt7t2elu","groupId":"mpz3fq4fr112sz16h2tlijb0"}},{"id":"t5myck3qtsi3xfftjfyqzbyd","to":{"blockId":"k4efu3ihuewkgqrltk4yq7w2","groupId":"fvn6owht7r5mp81a5e08v1ba"},"from":{"blockId":"kc8nudphpien0pakqo8m7wna","groupId":"gssqesgdui2ait028vql3mkg"}},{"id":"qt6bc6d7cuqk70mo0pmqqqjk","to":{"groupId":"q80chmp6dxt4udz5nvf8q2hj"},"from":{"blockId":"vcnn5alg1mn3r1q8t1b39v6c","groupId":"qasj3tqgu5rph345vz4edhmq"}}],"theme":{"chat":{"inputs":{"color":"#000000","backgroundColor":"#FFFFFF","placeholderColor":"#28292a"},"buttons":{"color":"#FFFFFF","backgroundColor":"#128C7E"},"roundness":"medium","hostAvatar":{"url":"https://s3.fr-par.scw.cloud/typebot/public/typebots/cli88mae30010mh0f0yzjqn48/hostAvatar?v=1685330922907","isEnabled":true},"guestAvatar":{"url":"https://s3.fr-par.scw.cloud/typebot/public/typebots/cli88mae30010mh0f0yzjqn48/guestAvatar?v=1685330799682","isEnabled":false},"hostBubbles":{"color":"#303235","backgroundColor":"#FFFFFF"},"guestBubbles":{"color":"#303235","backgroundColor":"#e1ffc7"}},"general":{"font":"Open Sans","background":{"type":"Image","content":"https://s3.fr-par.scw.cloud/typebot/public/typebots/cli88mae30010mh0f0yzjqn48/background?v=1685470080750"}},"customCss":".typebot-chat-view > .flex:first-child {\n    padding-top: 30px;\n}\n\n.typebot-input {\n    position: fixed;\n    bottom: 0;\n    align-items: center;\n    z-index: 999;\n    right: 0;\n}\n\n.typebot-input .typebot-button {\n    background: #008a7c;\n    border-radius: 50%;\n    color: #fff;\n    position: relative;\n    width: 50px;\n    height: 50px;\n    display: flex;\n    align-items: center;\n    justify-content: center;\n}\n\n.typebot-container {\n    background-size: initial!important;\n    background-repeat: repeat-x!important;\n}\n\n.typebot-host-bubble>.bubble-typing {\n  border-radius: 0 5px 5px 5px;\n}\n\n.typebot-host-bubble>.bubble-typing:after {\n    position: absolute;\n    content: \"\";\n    width: 0;\n    height: 0;\n    border-style: solid;\n    border-width: 0px 10px 10px 0;\n    border-color: transparent #fff transparent transparent;\n    top: 0;\n    left: -10px;\n}\n\n.typebot-guest-bubble {\n  position: relative;\n  border-radius: 5px 0 5px 5px;\n}\n\n.typebot-guest-bubble:after {\n  position: absolute;\n  content: \"\";\n  width: 0;\n  height: 0;\n  border-style: solid;\n}\n\n.typebot-guest-bubble:after {\n    border-width: 0px 0 10px 10px;\n    border-color: transparent transparent transparent #e1ffc7;\n    top: 0;\n    right: -10px;\n    border-style: solid;\n}\n\niframe[src=\"\"] {\n  position: fixed;\n  top: 0;\n  left: 0;\n  display: relative;\n  width: 100%;\n  height: 100% !important;\n  z-index: 999999;\n  border: none;\n  padding: 0;\n  margin: 0;\n}\n\na#lite-badge {\n  display: none!important;\n}"},"settings":{"general":{"rememberUser":{"isEnabled":false},"isBrandingEnabled":true,"isInputPrefillEnabled":false,"isHideQueryParamsEnabled":false},"metadata":{"title":"WhatsApp Web","imageUrl":"https://images.unsplash.com/photo-1611077544170-be90a2f68add?crop=entropy&cs=tinysrgb&fit=max&fm=jpg&ixid=M3w0MjU2MDR8MHwxfHNlYXJjaHwyN3x8d2VpZ2h0JTIwbG9zc3xlbnwwfDB8fHwxNjg2MjAzMzA4fDA&ixlib=rb-4.0.3&q=80&w=1080","favIconUrl":"https://s3.fr-par.scw.cloud/typebot/public/typebots/fwlzp9t2f2xjx6o1ru5u4i4z/favIcon?v=1686203350295","description":"Faça agora sua consulta com Dra. Lara no WhatsApp.","customHeadCode":"<link rel=\"stylesheet\" href=\"https://cdnjs.cloudflare.com/ajax/libs/material-design-iconic-font/2.2.0/css/material-design-iconic-font.min.css\">\n<style>\n  .hide {\n    display: none!important;\n  }\n  typebot-standard {\n    position: relative;\n    z-index: 9999;\n  }\n  #__next {\n    position: relative;\n    z-index: 9999;\n}\n  /* User Bar */\n.user-bar {\n  width: 100%;\n  height: 55px;\n  background: #005e54;\n  color: #fff;\n  padding: 0;\n  font-size: 24px;\n  position: fixed;\n  z-index: 99999;\n  display: block;\n  top: 0;\n}\n\n.user-bar:after {\n  content: \"\";\n  display: table;\n  clear: both;\n}\n\n.user-bar div {\n    float: left;\n    transform: translateY(-50%);\n    position: relative;\n    top: 50%;\n    margin-left: 10px;\n}\n\n.user-bar .actions {\n  float: right;\n  margin: 0 0 0 20px;\n}\n\n.user-bar .actions.more {\n  margin: 0 12px 0 32px;\n}\n\n.user-bar .actions.attachment {\n  margin: 0 0 0 30px;\n}\n\n.user-bar .actions.attachment i {\n  display: block;\n  transform: rotate(-45deg);\n}\n\n.user-bar .avatar {\n  margin: 0 0 0 5px;\n  width: 36px;\n  height: 36px;\n}\n\n.user-bar .avatar img {\n  border-radius: 50%;\n  box-shadow: 0 1px 0 rgba(255, 255, 255, 0.1);\n  display: block;\n  width: 100%;\n}\n\n.user-bar .name {\n  font-size: 17px;\n  font-weight: 600;\n  text-overflow: ellipsis;\n  letter-spacing: 0.3px;\n  margin: 0 0 0 8px;\n  overflow: hidden;\n  white-space: nowrap;\n  width: 150px;\n}\n\n.user-bar .status {\n  display: block;\n  font-size: 13px;\n  font-weight: 400;\n  letter-spacing: 0;\n}\n</style>\n\n<script>\nfunction criarBarra() {\n  var userBar = document.createElement(\"div\");\n  userBar.className = \"user-bar\";\n\n  var backButton = document.createElement(\"div\");\n  backButton.className = \"back\";\n  backButton.innerHTML = '<i class=\"zmdi zmdi-arrow-left\"></i>';\n\n  var avatar = document.createElement(\"div\");\n  avatar.className = \"avatar\";\n  avatar.innerHTML = '<img src=\"https://i.postimg.cc/15xPt910/Expert.png\" alt=\"CF DO JEFF\">';\n\n  var name = document.createElement(\"div\");\n  name.className = \"name\";\n  name.innerHTML = '<span>Dra. Lara Cardoso</span><span class=\"status\">online</span>';\n\n  var moreActions = document.createElement(\"div\");\n  moreActions.className = \"actions more\";\n  moreActions.innerHTML = '<i class=\"zmdi zmdi-more-vert\"></i>';\n\n  var attachmentAction = document.createElement(\"div\");\n  attachmentAction.className = \"actions attachment\";\n  attachmentAction.innerHTML = '<i class=\"zmdi zmdi-attachment-alt\"></i>';\n\n  var phoneAction = document.createElement(\"div\");\n  phoneAction.className = \"actions\";\n  phoneAction.innerHTML = '<i class=\"zmdi zmdi-phone\"></i>';\n\n  userBar.appendChild(backButton);\n  userBar.appendChild(avatar);\n  userBar.appendChild(name);\n  userBar.appendChild(moreActions);\n  userBar.appendChild(attachmentAction);\n  userBar.appendChild(phoneAction);\n\n  var elementoPai = document.querySelector(\"#__next\");\n  if (elementoPai) {\n    elementoPai.insertBefore(userBar, elementoPai.firstChild);\n  }\n}\n\ncriarBarra();\n</script>\n"},"typingEmulation":{"speed":300,"enabled":true,"maxDelay":1.5}}}