{"id":"clkhitiyv003amm0fsiziqzt5","version":"3","groups":[{"id":"imab20298azdnwdxjdiijg7t","title":"Start","blocks":[{"id":"w88jq3xxcz11a6alhyyhmqma","type":"start","label":"Start","groupId":"imab20298azdnwdxjdiijg7t","outgoingEdgeId":"zawmn9oe9jblij2svxm4pfwn"}],"graphCoordinates":{"x":0,"y":0}},{"id":"jmmnxl05ir4381rj20jm4b1g","title":"Tempo","blocks":[{"id":"cvj3v6fkb53cg5uzev39wb4s","type":"Wait","groupId":"jmmnxl05ir4381rj20jm4b1g","options":{"secondsToWaitFor":"6"},"outgoingEdgeId":"mg8amxslh5x32opupyhas9qq"}],"graphCoordinates":{"x":390,"y":362.88}},{"id":"r23ea2hfl0gmz9z8xpbpc7l2","title":"Resposta","blocks":[{"id":"kur8ai211f4tpz8lst6x7um8","type":"text input","groupId":"r23ea2hfl0gmz9z8xpbpc7l2","options":{"isLong":true,"labels":{"button":"Enviar","placeholder":"Digite seu nome"},"variableId":"vticjuko9zys6iqy771er28w7"},"outgoingEdgeId":"at0p16l6fv263n23ebrtub1z"}],"graphCoordinates":{"x":1187.92,"y":295.58}},{"id":"a434gwe109pi0f5qafr6xtbi","title":"Mensagem 1 Pergunta","blocks":[{"id":"rr5w456wjtq9n28lj3nqv09x","type":"text","content":{"richText":[{"type":"p","children":[{"text":"Primeiramente, qual é o seu nome?"}]}]},"groupId":"a434gwe109pi0f5qafr6xtbi","outgoingEdgeId":"y5uyhfqkvyctwxzagaj4ps6v"}],"graphCoordinates":{"x":792.08,"y":362.88}},{"id":"pf1xe4x6bdbzfafucjy7tq4f","title":"Mensagem 2 Pergunta","blocks":[{"id":"x56d59dga104s35xht34qtfc","type":"text","content":{"richText":[{"type":"p","children":[{"text":"Quantos quilos você quer perder {{nome}}?"}]}]},"groupId":"pf1xe4x6bdbzfafucjy7tq4f","outgoingEdgeId":"rryrommqlactw8arrbr8zd7f"}],"graphCoordinates":{"x":2074.17,"y":339.75}},{"id":"m1bt27wnpdn0ex5j0xin2xxt","title":"Tempo","blocks":[{"id":"aeqwrgwvxird04vpyja0pwi4","type":"Wait","groupId":"m1bt27wnpdn0ex5j0xin2xxt","options":{"secondsToWaitFor":"2"},"outgoingEdgeId":"h49x8fgh0d5ttiztuu0jlc18"}],"graphCoordinates":{"x":1620.41,"y":290.18}},{"id":"fykryjpdyoc9buvgymud68or","title":"Boas Vindas","blocks":[{"id":"vcm9enqf1ijqe0f377b1upzw","type":"text","content":{"richText":[{"type":"p","children":[{"text":"Olá, tudo bem?"}]},{"type":"p","children":[{"text":""}]},{"type":"p","children":[{"text":"Eu me chamo Marina."}]},{"type":"p","children":[{"text":"Fico feliz que me mandou uma mensagem☺️"}]},{"type":"p","children":[{"text":""}]},{"type":"p","children":[{"text":"Sei que tem interesse em emagrecer, mas antes de qualquer coisa, gostaria de fazer umas perguntas, pra poder te ajudar, pode ser? Vai ser rapidinho."}]}]},"groupId":"fykryjpdyoc9buvgymud68or","outgoingEdgeId":"o45b99oydvai0zwljtr8rrjf"}],"graphCoordinates":{"x":10.75,"y":227.83}},{"id":"etabgqdy1yuxhscem8otks7t","title":"Resposta","blocks":[{"id":"ibwmf1nkaj3u3v5xdj8uftdk","type":"text input","groupId":"etabgqdy1yuxhscem8otks7t","options":{"isLong":false,"labels":{"button":"Enviar","placeholder":""},"variableId":"vbx36n01wzbsvxge89ry0mg4l"},"outgoingEdgeId":"zetvuydmaixz4tcadp0ocm86"}],"graphCoordinates":{"x":2530.42,"y":361.83}},{"id":"v78vsobmgpaqdy8r14u87jet","title":"Mensagem 3.1 Pergunta","blocks":[{"id":"bq86t34pvxihlr12xg8q9lk9","type":"text","content":{"richText":[{"type":"p","children":[{"text":"Tudo bem, nós vamos te ajudar."}]}]},"groupId":"v78vsobmgpaqdy8r14u87jet","outgoingEdgeId":"h95tmn27kyx1n9us6fejalwk"}],"graphCoordinates":{"x":3010.42,"y":308.5}},{"id":"jcnst3htfzqj39mbu6824qm2","title":"Mensagem 3.2 Pergunta","blocks":[{"id":"wlkrwcmecr7tuhqhfb32855v","type":"text","content":{"richText":[{"type":"p","children":[{"text":"Você está seguindo alguma dieta?"}]}]},"groupId":"jcnst3htfzqj39mbu6824qm2","outgoingEdgeId":"wqpr4oceiyuw8giehwrqvhqt"}],"graphCoordinates":{"x":3415.42,"y":305.16}},{"id":"n17l0uiw32fiezy1jk796zjz","title":"Resposta","blocks":[{"id":"c7y54201lun9e28jrfm0ys92","type":"text input","groupId":"n17l0uiw32fiezy1jk796zjz","options":{"isLong":false,"labels":{"button":"Enviar","placeholder":""}},"outgoingEdgeId":"itzh4hbsqqof2k3p2pmtj9h9"}],"graphCoordinates":{"x":3830.42,"y":308.5}},{"id":"xa2mlcw1i7dtez7o74i9khwn","title":"Mensagem 4","blocks":[{"id":"nvxdk864l1k1oiq2f2cik1vt","type":"text","content":{"richText":[{"type":"p","children":[{"text":"Você está tendo dificuldade para emagrecer? Se \"Sim\" qual está sendo sua maior dificuldade?"}]},{"type":"p","children":[{"text":"Exemplo: Má alimentação, sobrepeso, ansiedade, metabolismo lento, falta de ânimo, etc..."}]}]},"groupId":"xa2mlcw1i7dtez7o74i9khwn","outgoingEdgeId":"zvrjy0qh28c6ikvtw1kvp8dk"}],"graphCoordinates":{"x":4242.08,"y":241.83}},{"id":"ffrrljjdiqn27se7bx4v2zhv","title":"Resposta","blocks":[{"id":"j03fcawazlqa8k54a2cgub40","type":"text input","groupId":"ffrrljjdiqn27se7bx4v2zhv","options":{"isLong":false,"labels":{"button":"Enviar","placeholder":""}},"outgoingEdgeId":"tvg94vo0yomrbivcvklujwon"}],"graphCoordinates":{"x":4697.08,"y":318.5}},{"id":"h2hly0hz7tmtwbj5pywpt9ak","title":"Mensagem 5.1","blocks":[{"id":"m2zrnta4dox04c86gk5z6rge","type":"text","content":{"richText":[{"type":"p","children":[{"text":"Tudo bem, vamos superar qualquer dificuldade juntas."}]}]},"groupId":"h2hly0hz7tmtwbj5pywpt9ak","outgoingEdgeId":"ybu1jcxhg0r28zsu9191udtc"}],"graphCoordinates":{"x":5123.75,"y":295.17}},{"id":"xvf2aiveqeznga09hgtu15zr","title":"Mensagem 5.2","blocks":[{"id":"dqialnnhwcilc6334r7gba6g","type":"text","content":{"richText":[{"type":"p","children":[{"text":"Onde a gordura mais te incomoda?"}]}]},"groupId":"xvf2aiveqeznga09hgtu15zr","outgoingEdgeId":"rtuxuslvyti47mnliaw0r64u"}],"graphCoordinates":{"x":5477.09,"y":285.17}},{"id":"mehipovis91q015n65hk7piz","title":"Resposta","blocks":[{"id":"qvmg6pdnspz1275tqu5cm8qs","type":"text input","groupId":"mehipovis91q015n65hk7piz","options":{"isLong":false,"labels":{"button":"Enviar","placeholder":""}},"outgoingEdgeId":"iutr644j3wjp8selh65qwv8j"}],"graphCoordinates":{"x":5928.75,"y":295.17}},{"id":"obekcxwchbvwlgovxenc9nq4","title":"Mensagem 6.1","blocks":[{"id":"k2a5o36lqdd5t7p8o788zp3v","type":"text","content":{"richText":[{"type":"p","children":[{"text":"Ok tudo bem."}]}]},"groupId":"obekcxwchbvwlgovxenc9nq4","outgoingEdgeId":"e1ovt5hftpg09taajwoc528b"}],"graphCoordinates":{"x":6370.42,"y":281.84}},{"id":"m5flj54wgqqjoffokktfjfum","title":"Mensagem 6.2","blocks":[{"id":"llef5szhg17h0l7hoaht1oj2","type":"text","content":{"richText":[{"type":"p","children":[{"text":"Se eu te ajudasse a "},{"bold":true,"text":"eliminar 10Kg em até 23 dias"},{"text":", sem passar fome, sem passar horas na academia, seguindo uma dieta, exercícios focados na queima de gordura em casa. "}]},{"type":"p","children":[{"text":""}]},{"type":"p","children":[{"text":"Além disso, tendo um acompanhamento no nosso grupo VIP no Facebook e no WhatsApp, com instruções diárias, sendo uma comunidade exclusiva de mulheres motivadas na perda de peso, que ajuda umas às outras para ter uma mudança de hábitos, onde conseguimos ótimos resultados, "},{"bold":true,"text":"você aceitaria?"}]}]},"groupId":"m5flj54wgqqjoffokktfjfum","outgoingEdgeId":"pbqm37r63tjo8vw5l9tk9fra"}],"graphCoordinates":{"x":6755.42,"y":238.5}},{"id":"p45knmajb9p2obx2bh567pot","title":"Resposta","blocks":[{"id":"if92urxsjmxo6m0keq5d3bab","type":"text input","groupId":"p45knmajb9p2obx2bh567pot","options":{"isLong":false,"labels":{"button":"Enviar","placeholder":""}},"outgoingEdgeId":"nm7z3lkfbws9qcke25lnkin0"}],"graphCoordinates":{"x":7149.16,"y":389.75}},{"id":"t67e9eypk2jcrn1fdms5jcly","title":"Mensagem 7.3","blocks":[{"id":"ahg238cmzjoqanh1tqew8mxj","type":"image","content":{"url":"https://s3.fr-par.scw.cloud/typebot/public/typebots/clkhafl250004mf0ftq7a3vqt/blocks/ahg238cmzjoqanh1tqew8mxj?v=1690239774095"},"groupId":"t67e9eypk2jcrn1fdms5jcly","outgoingEdgeId":"q1ikj630ptfqisel94k5zcn6"}],"graphCoordinates":{"x":8850.36,"y":240.79}},{"id":"po3a0407g9fyz9qmezfm16gc","title":"Mensagem 7.4","blocks":[{"id":"tpcz0fbeaix8syqgtbnilp18","type":"image","content":{"url":"https://s3.fr-par.scw.cloud/typebot/public/typebots/clkhafl250004mf0ftq7a3vqt/blocks/tpcz0fbeaix8syqgtbnilp18?v=1690239820129"},"groupId":"po3a0407g9fyz9qmezfm16gc","outgoingEdgeId":"e2ajpviwrk88km9vx0i9gjxv"}],"graphCoordinates":{"x":9537.39,"y":232.66}},{"id":"shyjdvbmy28sx9rt1jrzvnr5","title":"Mensagem 7.2","blocks":[{"id":"nghhuxe7lvl4hea7hmike54b","type":"image","content":{"url":"https://s3.fr-par.scw.cloud/typebot/public/typebots/clkhafl250004mf0ftq7a3vqt/blocks/nghhuxe7lvl4hea7hmike54b?v=1690239738588"},"groupId":"shyjdvbmy28sx9rt1jrzvnr5","outgoingEdgeId":"hfnmdptbi95plzeakaik3sva"}],"graphCoordinates":{"x":8134.59,"y":292.88}},{"id":"ahq959e8lrkya24emd99uiiu","title":"Mensagem 7.5","blocks":[{"id":"uch0hyl7xd2o7rg819lsg1ri","type":"image","content":{"url":"https://s3.fr-par.scw.cloud/typebot/public/typebots/clkhafl250004mf0ftq7a3vqt/blocks/uch0hyl7xd2o7rg819lsg1ri?v=1690239845155"},"groupId":"ahq959e8lrkya24emd99uiiu","outgoingEdgeId":"l0av39xgouahdf7cq9t89kg5"}],"graphCoordinates":{"x":10210,"y":339.54}},{"id":"s81wrycxa3o0ec49mihvrxkv","title":"Tempo","blocks":[{"id":"x4m4a3lz2fez3qwtgrxq60sh","type":"Wait","groupId":"s81wrycxa3o0ec49mihvrxkv","options":{"secondsToWaitFor":"8"},"outgoingEdgeId":"qebwy7tmtwpjp8heqz4ta6di"}],"graphCoordinates":{"x":10581.7,"y":832.01}},{"id":"qvshrffd71vt8eu0m4u9yi3z","title":"Tempo","blocks":[{"id":"i0v1lhdf00clgj2b0crd7x51","type":"Wait","groupId":"qvshrffd71vt8eu0m4u9yi3z","options":{"secondsToWaitFor":"2"},"outgoingEdgeId":"xsu8duhlhmkxns0rn140tty4"}],"graphCoordinates":{"x":11292.17,"y":832.48}},{"id":"x8htgaf44nx69r8xeshunluj","title":"Mensagem 7.6","blocks":[{"id":"fpnq2v7jez8lujohb8znlygt","type":"text","content":{"richText":[{"type":"p","children":[{"text":"Tem uma coisa que as mulheres amam, que é o nosso suco detox. Sua pele fica mais macia e limpa, elimina as estrias, desincha e fortifica o cabelo. "},{"bold":true,"text":"Você perde até 2 Kg em 4 dias."}]}]},"groupId":"x8htgaf44nx69r8xeshunluj","outgoingEdgeId":"zsll1d80daz2ip8jjyckd5y1"}],"graphCoordinates":{"x":10924.65,"y":328.05}},{"id":"kvifgov7ovuinxhio6fcg32e","title":"Mensagem 7.1","blocks":[{"id":"dag7ahqk597ugx0gpiomf2oa","type":"text","content":{"richText":[{"type":"p","children":[{"text":"Ótimo. Então, ver só. Nosso programa custa apenas R$ 25,00 reais, "},{"bold":true,"text":"valor único"},{"text":". Olha os depoimentos das meninas que participam do nosso programa, que ajudamos a vencer a obesidade e perder barriga"}]}]},"groupId":"kvifgov7ovuinxhio6fcg32e","outgoingEdgeId":"gukvicstwjflki5wuj4mmhcu"}],"graphCoordinates":{"x":7512.5,"y":323.62}},{"id":"agrh358grk9mjik5b8gydh0e","title":"Tempo","blocks":[{"id":"h6iyz11o2j3ph6kk1chfll66","type":"Wait","groupId":"agrh358grk9mjik5b8gydh0e","options":{"secondsToWaitFor":"6"},"outgoingEdgeId":"gdh23y7918kp4948i388uevv"}],"graphCoordinates":{"x":7797.26,"y":716.95}},{"id":"q6pnyhsf5j996dirbywxfjbi","title":"Tempo","blocks":[{"id":"r28hppkaa0uadqrql517amh6","type":"Wait","groupId":"q6pnyhsf5j996dirbywxfjbi","options":{"secondsToWaitFor":"4"},"outgoingEdgeId":"gssywcdw7imam82zb47d3dw4"}],"graphCoordinates":{"x":8488.69,"y":768.37}},{"id":"negs2ibre87yz4m3zrjlv57y","title":"Tempo","blocks":[{"id":"ch2fov5jrtcmcrcdcm9yate3","type":"Wait","groupId":"negs2ibre87yz4m3zrjlv57y","options":{"secondsToWaitFor":"4"},"outgoingEdgeId":"ol7zrdiqldtol8ypddckzs3z"}],"graphCoordinates":{"x":9195.83,"y":836.37}},{"id":"mjy4jndg9zl05j76uz27l9o7","title":"Tempo","blocks":[{"id":"zhn2bmqxj5yk4d8hhgsoke73","type":"Wait","groupId":"mjy4jndg9zl05j76uz27l9o7","options":{"secondsToWaitFor":"4"},"outgoingEdgeId":"m51ifo61odl6kfylrid065l0"}],"graphCoordinates":{"x":9907.26,"y":841.23}},{"id":"owagld1qlbc6s96niuemh078","title":"Mensagem 7.7","blocks":[{"id":"fbvvmqavfkd77c7nz30anv5n","type":"text","content":{"richText":[{"type":"p","children":[{"text":"Também temos o "},{"bold":true,"text":"super chá seca barriga"},{"text":", pra eliminar as gorduras localizadas e afinar sua cintura. Esse chá desincha, elimina toxinas e o melhor de tudo: Ele reduz medidas e evita retenção de líquidos."}]},{"type":"p","children":[{"text":""}]},{"type":"p","children":[{"bold":true,"text":"O que achou? Gostaria de saber mais e participar?"}]}]},"groupId":"owagld1qlbc6s96niuemh078"},{"id":"xkfutcklxtmhl3skg7yne0g9","type":"choice input","items":[{"id":"wk1jzfchxwgwlhcq68xcofvw","type":0,"blockId":"xkfutcklxtmhl3skg7yne0g9","content":"SIM, GOSTARIA...","outgoingEdgeId":"jz09zkjiz4pwakk06tk2p4lm"},{"id":"mr8eepssfaes6d3duumvjw8m","type":0,"blockId":"xkfutcklxtmhl3skg7yne0g9","content":"NÃO, OBRIGADA...","outgoingEdgeId":"dskekb68w3sc3r7se6pmsmy9"}],"groupId":"owagld1qlbc6s96niuemh078","options":{"buttonLabel":"Send","isSearchable":false,"isMultipleChoice":false,"searchInputPlaceholder":"Filter the options..."}}],"graphCoordinates":{"x":11747.83,"y":330.48}},{"id":"lojuf3ydguh1x2f3mb1npfgl","title":"Mensagem 8.1","blocks":[{"id":"xj14bqsenl87926rgf3v08kn","type":"text","content":{"richText":[{"type":"p","children":[{"text":"Se tiver interesse em participar, você vai receber: "}]},{"type":"p","children":[{"text":""}]},{"type":"p","children":[{"bold":true,"text":"- Uma Dieta preparada por especialista"}]},{"type":"p","children":[{"bold":true,"text":"- Receitas emagrecedoras fáceis de preparar"}]},{"type":"p","children":[{"bold":true,"text":"- Exercícios físicos para fazer em casa"}]},{"type":"p","children":[{"text":"- "},{"bold":true,"text":"A receita do super chá seca barriga (exclusivo do nosso desafio)"}]},{"type":"p","children":[{"text":""}]},{"type":"p","children":[{"text":"Tudo isso e muito mais, dentro do nosso "},{"bold":true,"text":"aplicativo exclusivo"},{"text":" que você terá no seu celular! Em seguida será colocada no nosso grupo vip do Facebook, com uma comunidade exclusiva de mulheres focadas na perda de peso, você nunca estará sozinha. Caso não tenha Facebook, não tem problema, você terá todo o suporte e orientação pelo WhatsApp "},{"bold":true,"text":"todos os dias"},{"text":" para te ajudar a emagrecer."}]}]},"groupId":"lojuf3ydguh1x2f3mb1npfgl","outgoingEdgeId":"k7ixuo8pzhzkl06p74xkaxmc"}],"graphCoordinates":{"x":12482.97,"y":35.9}},{"id":"l1ukku3k7vkroqrjmqteeumm","title":"Tempo","blocks":[{"id":"ktxdpkbbo08vbgz5x6s3jd9r","type":"Wait","groupId":"l1ukku3k7vkroqrjmqteeumm","options":{"secondsToWaitFor":"8"},"outgoingEdgeId":"s3lq4kc6b23hln2574pf1yu6"}],"graphCoordinates":{"x":12961.07,"y":765.05}},{"id":"ntsiijtxhka39bma7gey5y8g","title":"Mensagem 8.2","blocks":[{"id":"szf3nx7v7jxpl0uvstz65sti","type":"text","content":{"richText":[{"type":"p","children":[{"text":"Tenha certeza que sua vida vai mudar completamente, é incrível a transformação."},{"bold":true,"text":" Você vai se tornar outra mulher"},{"text":", mais cheia de vida, com outra disposição, sem crises de compulsão alimentar e vai usar as roupas que sempre sonhou."}]}]},"groupId":"ntsiijtxhka39bma7gey5y8g","outgoingEdgeId":"eseuu7n2de9pht0hgita6lsw"}],"graphCoordinates":{"x":13416.78,"y":50.76}},{"id":"mx9dd3ew1kccb4q5tlh7k3cb","title":"Mensagem 8.3","blocks":[{"id":"s52aoon94tvwiscwrucmj1cd","type":"text","content":{"richText":[{"type":"p","children":[{"bold":true,"text":"Vamos fazer sua inscrição?"}]}]},"groupId":"mx9dd3ew1kccb4q5tlh7k3cb"},{"id":"djxc76ioor3niq5m99kaimdq","type":"choice input","items":[{"id":"o9kn2fmlrmt96szrm4xc2rxp","type":0,"blockId":"djxc76ioor3niq5m99kaimdq","content":"SIM!","outgoingEdgeId":"gbqstqwuply0jr7d4952fiaj"}],"groupId":"mx9dd3ew1kccb4q5tlh7k3cb","options":{"buttonLabel":"Send","isSearchable":false,"isMultipleChoice":false,"searchInputPlaceholder":"Filter the options..."}}],"graphCoordinates":{"x":14135.35,"y":83.14}},{"id":"brym5mcfvael1qj16fo7rrb5","title":"Tempo","blocks":[{"id":"z3rur28ama45r3mux71bm1x0","type":"Wait","groupId":"brym5mcfvael1qj16fo7rrb5","options":{"secondsToWaitFor":"2"},"outgoingEdgeId":"q9wg6c1uixpdbcze9v06f94b"}],"graphCoordinates":{"x":13767.74,"y":493.61}},{"id":"pdshinqjwpmv5cp362k8ivgr","title":"Mensagem 9.2","blocks":[{"id":"pl00jioyxvdxvfgpjmy68g2p","type":"text","content":{"richText":[{"type":"p","children":[{"text":"Que bom :)"}]},{"type":"p","children":[{"text":""}]},{"type":"p","children":[{"text":"Você prefere PIX ou Cartão?"}]}]},"groupId":"pdshinqjwpmv5cp362k8ivgr"},{"id":"qcz8uh879owmmh9rgxys7cjr","type":"choice input","items":[{"id":"hm1ypwhqgfq41t2rreg3iucy","type":0,"blockId":"qcz8uh879owmmh9rgxys7cjr","content":"PIX","outgoingEdgeId":"h49a6tn9qdy4ywy7kg4bhdgz"},{"id":"mhd3ztauxkfbi7ew4oli210d","type":0,"blockId":"qcz8uh879owmmh9rgxys7cjr","content":"CARTÃO","outgoingEdgeId":"naja9lexr88j0jm19p06vanj"}],"groupId":"pdshinqjwpmv5cp362k8ivgr","options":{"buttonLabel":"Send","isSearchable":false,"isMultipleChoice":false,"searchInputPlaceholder":"Filter the options..."}}],"graphCoordinates":{"x":15285.36,"y":-48.77}},{"id":"ps61448yn15bemctrnuqtahf","title":"Mensagem 9.1","blocks":[{"id":"ybkfo4gkccaevqxs84wnnhta","type":"text","content":{"richText":[{"type":"p","children":[{"text":"Vale lembrar que meu objetivo é ajudar o maior número de pessoas possíveis. "}]},{"type":"p","children":[{"text":""}]},{"type":"p","children":[{"text":"Se inscrevendo agora, você pagará "},{"bold":true,"text":"apenas R$25,00 (vagas limitadas)"},{"text":" podendo parcelar em até 2x de R$12,97. "}]},{"type":"p","children":[{"text":""}]},{"type":"p","children":[{"text":"Essa taxa é um "},{"bold":true,"text":"valor único, não é mensalidade"},{"text":". Paga uma vez e terá acesso a dieta para sempre, sem precisar pagar mais nada"}]}]},"groupId":"ps61448yn15bemctrnuqtahf","outgoingEdgeId":"frqh9axr02tlmq97m3wac67o"}],"graphCoordinates":{"x":14542.02,"y":-62.09}},{"id":"cwtl38ws4dehy205u86k4lnh","title":"Mensagem 9.3","blocks":[{"id":"mdvs825jjil1t67gsgxkdqys","type":"text","content":{"richText":[{"type":"p","children":[{"text":"Ok, você poderá fazer sua inscrição no site oficial clicando no botão abaixo:"}]}]},"groupId":"cwtl38ws4dehy205u86k4lnh"},{"id":"vcjs9jrb6dy8w1s2z5d36z98","type":"choice input","items":[{"id":"x16gncw83w54ikueustfp6pr","type":0,"blockId":"vcjs9jrb6dy8w1s2z5d36z98","content":"QUERO ME INSCREVER","outgoingEdgeId":"b2xwvd0s4kwjl9bjp8lj6vwh"}],"groupId":"cwtl38ws4dehy205u86k4lnh","options":{"buttonLabel":"Send","isSearchable":false,"isMultipleChoice":false,"searchInputPlaceholder":"Filter the options..."}}],"graphCoordinates":{"x":15819.17,"y":-24}},{"id":"djzkt5ze8nhcfhgu14vhd3n2","title":"Tempo","blocks":[{"id":"f8amulbeilx4u72xydo82et9","type":"Wait","groupId":"djzkt5ze8nhcfhgu14vhd3n2","options":{"secondsToWaitFor":"5"},"outgoingEdgeId":"y1eg5fwb8dyys1ak5ur06lbn"}],"graphCoordinates":{"x":14900.02,"y":494.48}},{"id":"j1kpng4k35l2l0ikfmzzq91c","title":"Group #41","blocks":[{"id":"g73wqc5uhpon6ednqhof2776","type":"Redirect","groupId":"j1kpng4k35l2l0ikfmzzq91c","options":{"url":"https://bit.ly/D23JaComece","isNewTab":false}}],"graphCoordinates":{"x":16291.90476190476,"y":116.8333333333334}}],"variables":[{"id":"vticjuko9zys6iqy771er28w7","name":"nome"},{"id":"vbx36n01wzbsvxge89ry0mg4l","name":"pesoaperder"}],"edges":[{"id":"o45b99oydvai0zwljtr8rrjf","to":{"groupId":"jmmnxl05ir4381rj20jm4b1g"},"from":{"blockId":"vcm9enqf1ijqe0f377b1upzw","groupId":"fykryjpdyoc9buvgymud68or"}},{"id":"mg8amxslh5x32opupyhas9qq","to":{"groupId":"a434gwe109pi0f5qafr6xtbi"},"from":{"blockId":"cvj3v6fkb53cg5uzev39wb4s","groupId":"jmmnxl05ir4381rj20jm4b1g"}},{"id":"y5uyhfqkvyctwxzagaj4ps6v","to":{"blockId":"kur8ai211f4tpz8lst6x7um8","groupId":"r23ea2hfl0gmz9z8xpbpc7l2"},"from":{"blockId":"rr5w456wjtq9n28lj3nqv09x","groupId":"a434gwe109pi0f5qafr6xtbi"}},{"id":"at0p16l6fv263n23ebrtub1z","to":{"blockId":"aeqwrgwvxird04vpyja0pwi4","groupId":"m1bt27wnpdn0ex5j0xin2xxt"},"from":{"blockId":"kur8ai211f4tpz8lst6x7um8","groupId":"r23ea2hfl0gmz9z8xpbpc7l2"}},{"id":"h49x8fgh0d5ttiztuu0jlc18","to":{"blockId":"x56d59dga104s35xht34qtfc","groupId":"pf1xe4x6bdbzfafucjy7tq4f"},"from":{"blockId":"aeqwrgwvxird04vpyja0pwi4","groupId":"m1bt27wnpdn0ex5j0xin2xxt"}},{"id":"zawmn9oe9jblij2svxm4pfwn","to":{"groupId":"fykryjpdyoc9buvgymud68or"},"from":{"blockId":"w88jq3xxcz11a6alhyyhmqma","groupId":"imab20298azdnwdxjdiijg7t"}},{"id":"rryrommqlactw8arrbr8zd7f","to":{"groupId":"etabgqdy1yuxhscem8otks7t"},"from":{"blockId":"x56d59dga104s35xht34qtfc","groupId":"pf1xe4x6bdbzfafucjy7tq4f"}},{"id":"zetvuydmaixz4tcadp0ocm86","to":{"groupId":"v78vsobmgpaqdy8r14u87jet"},"from":{"blockId":"ibwmf1nkaj3u3v5xdj8uftdk","groupId":"etabgqdy1yuxhscem8otks7t"}},{"id":"h95tmn27kyx1n9us6fejalwk","to":{"groupId":"jcnst3htfzqj39mbu6824qm2"},"from":{"blockId":"bq86t34pvxihlr12xg8q9lk9","groupId":"v78vsobmgpaqdy8r14u87jet"}},{"id":"wqpr4oceiyuw8giehwrqvhqt","to":{"groupId":"n17l0uiw32fiezy1jk796zjz"},"from":{"blockId":"wlkrwcmecr7tuhqhfb32855v","groupId":"jcnst3htfzqj39mbu6824qm2"}},{"id":"itzh4hbsqqof2k3p2pmtj9h9","to":{"groupId":"xa2mlcw1i7dtez7o74i9khwn"},"from":{"blockId":"c7y54201lun9e28jrfm0ys92","groupId":"n17l0uiw32fiezy1jk796zjz"}},{"id":"zvrjy0qh28c6ikvtw1kvp8dk","to":{"groupId":"ffrrljjdiqn27se7bx4v2zhv"},"from":{"blockId":"nvxdk864l1k1oiq2f2cik1vt","groupId":"xa2mlcw1i7dtez7o74i9khwn"}},{"id":"tvg94vo0yomrbivcvklujwon","to":{"groupId":"h2hly0hz7tmtwbj5pywpt9ak"},"from":{"blockId":"j03fcawazlqa8k54a2cgub40","groupId":"ffrrljjdiqn27se7bx4v2zhv"}},{"id":"ybu1jcxhg0r28zsu9191udtc","to":{"groupId":"xvf2aiveqeznga09hgtu15zr"},"from":{"blockId":"m2zrnta4dox04c86gk5z6rge","groupId":"h2hly0hz7tmtwbj5pywpt9ak"}},{"id":"rtuxuslvyti47mnliaw0r64u","to":{"groupId":"mehipovis91q015n65hk7piz"},"from":{"blockId":"dqialnnhwcilc6334r7gba6g","groupId":"xvf2aiveqeznga09hgtu15zr"}},{"id":"iutr644j3wjp8selh65qwv8j","to":{"groupId":"obekcxwchbvwlgovxenc9nq4"},"from":{"blockId":"qvmg6pdnspz1275tqu5cm8qs","groupId":"mehipovis91q015n65hk7piz"}},{"id":"e1ovt5hftpg09taajwoc528b","to":{"groupId":"m5flj54wgqqjoffokktfjfum"},"from":{"blockId":"k2a5o36lqdd5t7p8o788zp3v","groupId":"obekcxwchbvwlgovxenc9nq4"}},{"id":"pbqm37r63tjo8vw5l9tk9fra","to":{"groupId":"p45knmajb9p2obx2bh567pot"},"from":{"blockId":"llef5szhg17h0l7hoaht1oj2","groupId":"m5flj54wgqqjoffokktfjfum"}},{"id":"l0av39xgouahdf7cq9t89kg5","to":{"groupId":"s81wrycxa3o0ec49mihvrxkv"},"from":{"blockId":"uch0hyl7xd2o7rg819lsg1ri","groupId":"ahq959e8lrkya24emd99uiiu"}},{"id":"qebwy7tmtwpjp8heqz4ta6di","to":{"groupId":"x8htgaf44nx69r8xeshunluj"},"from":{"blockId":"x4m4a3lz2fez3qwtgrxq60sh","groupId":"s81wrycxa3o0ec49mihvrxkv"}},{"id":"nm7z3lkfbws9qcke25lnkin0","to":{"groupId":"kvifgov7ovuinxhio6fcg32e"},"from":{"blockId":"if92urxsjmxo6m0keq5d3bab","groupId":"p45knmajb9p2obx2bh567pot"}},{"id":"gukvicstwjflki5wuj4mmhcu","to":{"groupId":"agrh358grk9mjik5b8gydh0e"},"from":{"blockId":"dag7ahqk597ugx0gpiomf2oa","groupId":"kvifgov7ovuinxhio6fcg32e"}},{"id":"gdh23y7918kp4948i388uevv","to":{"groupId":"shyjdvbmy28sx9rt1jrzvnr5"},"from":{"blockId":"h6iyz11o2j3ph6kk1chfll66","groupId":"agrh358grk9mjik5b8gydh0e"}},{"id":"hfnmdptbi95plzeakaik3sva","to":{"groupId":"q6pnyhsf5j996dirbywxfjbi"},"from":{"blockId":"nghhuxe7lvl4hea7hmike54b","groupId":"shyjdvbmy28sx9rt1jrzvnr5"}},{"id":"gssywcdw7imam82zb47d3dw4","to":{"groupId":"t67e9eypk2jcrn1fdms5jcly"},"from":{"blockId":"r28hppkaa0uadqrql517amh6","groupId":"q6pnyhsf5j996dirbywxfjbi"}},{"id":"q1ikj630ptfqisel94k5zcn6","to":{"groupId":"negs2ibre87yz4m3zrjlv57y"},"from":{"blockId":"ahg238cmzjoqanh1tqew8mxj","groupId":"t67e9eypk2jcrn1fdms5jcly"}},{"id":"ol7zrdiqldtol8ypddckzs3z","to":{"blockId":"tpcz0fbeaix8syqgtbnilp18","groupId":"po3a0407g9fyz9qmezfm16gc"},"from":{"blockId":"ch2fov5jrtcmcrcdcm9yate3","groupId":"negs2ibre87yz4m3zrjlv57y"}},{"id":"e2ajpviwrk88km9vx0i9gjxv","to":{"groupId":"mjy4jndg9zl05j76uz27l9o7"},"from":{"blockId":"tpcz0fbeaix8syqgtbnilp18","groupId":"po3a0407g9fyz9qmezfm16gc"}},{"id":"m51ifo61odl6kfylrid065l0","to":{"groupId":"ahq959e8lrkya24emd99uiiu"},"from":{"blockId":"zhn2bmqxj5yk4d8hhgsoke73","groupId":"mjy4jndg9zl05j76uz27l9o7"}},{"id":"jz09zkjiz4pwakk06tk2p4lm","to":{"groupId":"lojuf3ydguh1x2f3mb1npfgl"},"from":{"itemId":"wk1jzfchxwgwlhcq68xcofvw","blockId":"xkfutcklxtmhl3skg7yne0g9","groupId":"owagld1qlbc6s96niuemh078"}},{"id":"zsll1d80daz2ip8jjyckd5y1","to":{"groupId":"qvshrffd71vt8eu0m4u9yi3z"},"from":{"blockId":"fpnq2v7jez8lujohb8znlygt","groupId":"x8htgaf44nx69r8xeshunluj"}},{"id":"xsu8duhlhmkxns0rn140tty4","to":{"groupId":"owagld1qlbc6s96niuemh078"},"from":{"blockId":"i0v1lhdf00clgj2b0crd7x51","groupId":"qvshrffd71vt8eu0m4u9yi3z"}},{"id":"k7ixuo8pzhzkl06p74xkaxmc","to":{"groupId":"l1ukku3k7vkroqrjmqteeumm"},"from":{"blockId":"xj14bqsenl87926rgf3v08kn","groupId":"lojuf3ydguh1x2f3mb1npfgl"}},{"id":"s3lq4kc6b23hln2574pf1yu6","to":{"blockId":"szf3nx7v7jxpl0uvstz65sti","groupId":"ntsiijtxhka39bma7gey5y8g"},"from":{"blockId":"ktxdpkbbo08vbgz5x6s3jd9r","groupId":"l1ukku3k7vkroqrjmqteeumm"}},{"id":"eseuu7n2de9pht0hgita6lsw","to":{"groupId":"brym5mcfvael1qj16fo7rrb5"},"from":{"blockId":"szf3nx7v7jxpl0uvstz65sti","groupId":"ntsiijtxhka39bma7gey5y8g"}},{"id":"q9wg6c1uixpdbcze9v06f94b","to":{"groupId":"mx9dd3ew1kccb4q5tlh7k3cb"},"from":{"blockId":"z3rur28ama45r3mux71bm1x0","groupId":"brym5mcfvael1qj16fo7rrb5"}},{"id":"gbqstqwuply0jr7d4952fiaj","to":{"groupId":"ps61448yn15bemctrnuqtahf"},"from":{"itemId":"o9kn2fmlrmt96szrm4xc2rxp","blockId":"djxc76ioor3niq5m99kaimdq","groupId":"mx9dd3ew1kccb4q5tlh7k3cb"}},{"id":"h49a6tn9qdy4ywy7kg4bhdgz","to":{"groupId":"cwtl38ws4dehy205u86k4lnh"},"from":{"itemId":"hm1ypwhqgfq41t2rreg3iucy","blockId":"qcz8uh879owmmh9rgxys7cjr","groupId":"pdshinqjwpmv5cp362k8ivgr"}},{"id":"frqh9axr02tlmq97m3wac67o","to":{"blockId":"f8amulbeilx4u72xydo82et9","groupId":"djzkt5ze8nhcfhgu14vhd3n2"},"from":{"blockId":"ybkfo4gkccaevqxs84wnnhta","groupId":"ps61448yn15bemctrnuqtahf"}},{"id":"y1eg5fwb8dyys1ak5ur06lbn","to":{"groupId":"pdshinqjwpmv5cp362k8ivgr"},"from":{"blockId":"f8amulbeilx4u72xydo82et9","groupId":"djzkt5ze8nhcfhgu14vhd3n2"}},{"id":"dskekb68w3sc3r7se6pmsmy9","to":{"groupId":"lojuf3ydguh1x2f3mb1npfgl"},"from":{"itemId":"mr8eepssfaes6d3duumvjw8m","blockId":"xkfutcklxtmhl3skg7yne0g9","groupId":"owagld1qlbc6s96niuemh078"}},{"id":"naja9lexr88j0jm19p06vanj","to":{"blockId":"mdvs825jjil1t67gsgxkdqys","groupId":"cwtl38ws4dehy205u86k4lnh"},"from":{"itemId":"mhd3ztauxkfbi7ew4oli210d","blockId":"qcz8uh879owmmh9rgxys7cjr","groupId":"pdshinqjwpmv5cp362k8ivgr"}},{"id":"b2xwvd0s4kwjl9bjp8lj6vwh","to":{"blockId":"g73wqc5uhpon6ednqhof2776","groupId":"j1kpng4k35l2l0ikfmzzq91c"},"from":{"itemId":"x16gncw83w54ikueustfp6pr","blockId":"vcjs9jrb6dy8w1s2z5d36z98","groupId":"cwtl38ws4dehy205u86k4lnh"}}],"theme":{"chat":{"inputs":{"color":"#303235","backgroundColor":"#FFFFFF","placeholderColor":"#9095A0"},"buttons":{"color":"#FFFFFF","backgroundColor":"#0042DA"},"hostAvatar":{"url":"https://s3.fr-par.scw.cloud/typebot/public/typebots/clkhafl250004mf0ftq7a3vqt/hostAvatar?v=1690243040267","isEnabled":true},"guestAvatar":{"isEnabled":false},"hostBubbles":{"color":"#303235","backgroundColor":"#F7F8FF"},"guestBubbles":{"color":"#FFFFFF","backgroundColor":"#FF8E21"}},"general":{"font":"Open Sans","background":{"type":"Color","content":"#ffffff"}}},"settings":{"general":{"rememberUser":{"isEnabled":false},"isBrandingEnabled":true,"isInputPrefillEnabled":true,"isHideQueryParamsEnabled":true},"metadata":{"favIconUrl":"https://s3.fr-par.scw.cloud/typebot/public/typebots/clkhafl250004mf0ftq7a3vqt/favIcon?v=1690242922701","description":"Vou te ajudar a ter uma vida mais saudável através da reeducação alimentar."},"typingEmulation":{"speed":300,"enabled":true,"maxDelay":1.5}}}