{"id":"clkhfzubh000ujw0fm2bu429h","version":"3","groups":[{"id":"ub0vz728vyd3x2kzhu2lkucp","title":"Start","blocks":[{"id":"cx5iel8jxfo4caorf8rnjiw0","type":"start","label":"Start","groupId":"ub0vz728vyd3x2kzhu2lkucp","outgoingEdgeId":"gyv8c2gngh0trtmmmwoxbh3w"}],"graphCoordinates":{"x":-1804.43,"y":-11.61}},{"id":"mipidk3cqixn62t1irgik4ab","title":"","blocks":[{"id":"kl16bf94mpvm7ux0w9yhaksc","type":"text","content":{"richText":[{"type":"p","children":[{"text":"Parabéns, você ganhou uma "},{"bold":true,"text":"consulta gratuita...","underline":true}]}]},"groupId":"mipidk3cqixn62t1irgik4ab"},{"id":"h9jhpsm5w83cfrwtlqtvsd38","type":"Wait","groupId":"mipidk3cqixn62t1irgik4ab","options":{"secondsToWaitFor":"2"}},{"id":"mtsg8lz81lw2xvqjkjj1blwo","type":"audio","content":{"url":"https://s3.fr-par.scw.cloud/typebot/public/typebots/y1a99p97fnhtmqbcnrt2kw2e/blocks/mtsg8lz81lw2xvqjkjj1blwo?v=1690236821145"},"groupId":"mipidk3cqixn62t1irgik4ab"},{"id":"amfwk99rwrspc7o6hro0bv7v","type":"Wait","groupId":"mipidk3cqixn62t1irgik4ab","options":{"secondsToWaitFor":"7"}},{"id":"midmbldv9zuqjjxz40wo13a3","type":"audio","content":{"url":"https://s3.fr-par.scw.cloud/typebot/public/typebots/y1a99p97fnhtmqbcnrt2kw2e/blocks/midmbldv9zuqjjxz40wo13a3?v=1690237039965"},"groupId":"mipidk3cqixn62t1irgik4ab"},{"id":"g91i1t2tlt9qkl5dvxggin3o","type":"image","content":{"url":"https://s3.fr-par.scw.cloud/typebot/public/typebots/y1a99p97fnhtmqbcnrt2kw2e/blocks/g91i1t2tlt9qkl5dvxggin3o?v=1690252895361"},"groupId":"mipidk3cqixn62t1irgik4ab"},{"id":"dbi2zwoddcnec8xrykof79b8","type":"Wait","groupId":"mipidk3cqixn62t1irgik4ab","options":{"secondsToWaitFor":"7"}},{"id":"n6ovqaf72o9x0l0htkvkzq9x","type":"audio","content":{"url":"https://s3.fr-par.scw.cloud/typebot/public/typebots/y1a99p97fnhtmqbcnrt2kw2e/blocks/n6ovqaf72o9x0l0htkvkzq9x?v=1690237523856"},"groupId":"mipidk3cqixn62t1irgik4ab"},{"id":"qhsn3hpjgckbc8pcevxd0zg9","type":"Wait","groupId":"mipidk3cqixn62t1irgik4ab","options":{"secondsToWaitFor":"10"}},{"id":"ly6qeqomgc2hdvvwsquerjt0","type":"audio","content":{"url":"https://s3.fr-par.scw.cloud/typebot/public/typebots/y1a99p97fnhtmqbcnrt2kw2e/blocks/ly6qeqomgc2hdvvwsquerjt0?v=1690238463226"},"groupId":"mipidk3cqixn62t1irgik4ab"},{"id":"eb8kg2qpykfe4ovxdmkoywmx","type":"Wait","groupId":"mipidk3cqixn62t1irgik4ab","options":{"secondsToWaitFor":"11"}},{"id":"kt4c4zfbcz8r2tc0napo4e52","type":"audio","content":{"url":"https://s3.fr-par.scw.cloud/typebot/public/typebots/y1a99p97fnhtmqbcnrt2kw2e/blocks/kt4c4zfbcz8r2tc0napo4e52?v=1690238611630"},"groupId":"mipidk3cqixn62t1irgik4ab"},{"id":"b1f8a6julksi4ui2y7e7r2iu","type":"Wait","groupId":"mipidk3cqixn62t1irgik4ab","options":{"secondsToWaitFor":"6"}},{"id":"mwl5nb9burosm3ipjgn8hnl8","type":"text","content":{"richText":[{"type":"p","children":[{"text":"Você gostaria de saber como reprogramar essa molécula no seu corpo para"},{"bold":true,"text":" eliminar a gordura?"}]}]},"groupId":"mipidk3cqixn62t1irgik4ab"},{"id":"o6ow1fpjmku0flo2uw6hfmme","type":"choice input","items":[{"id":"rivfat9tcdhqk3r7giqil81z","type":0,"blockId":"o6ow1fpjmku0flo2uw6hfmme","content":"Sim, quero saber!","outgoingEdgeId":"rpku045jflyae4f7l6kj8kdv"}],"groupId":"mipidk3cqixn62t1irgik4ab","options":{"buttonLabel":"Send","isSearchable":false,"isMultipleChoice":false,"searchInputPlaceholder":"Filter the options..."}}],"graphCoordinates":{"x":-1434.69,"y":23.22}},{"id":"jsrpirqnxlzdhvo2hql7j195","title":"","blocks":[{"id":"fzfumyw7ixn08k4jnwnxssas","type":"Wait","groupId":"jsrpirqnxlzdhvo2hql7j195","options":{"secondsToWaitFor":"4"}},{"id":"p72v7j6oia4oy91v9dwbeind","type":"text","content":{"richText":[{"type":"p","children":[{"text":"Interessante... Seu objetivo é bem parecido com o dessas minhas pacientes:"}]}]},"groupId":"jsrpirqnxlzdhvo2hql7j195"},{"id":"en1vvqqqn0bq0qw11eas9nxv","type":"Wait","groupId":"jsrpirqnxlzdhvo2hql7j195","options":{"secondsToWaitFor":"4"}},{"id":"wpa1bo7yvenljhojot5m6fej","type":"audio","content":{"url":"https://s3.fr-par.scw.cloud/typebot/public/typebots/y1a99p97fnhtmqbcnrt2kw2e/blocks/wpa1bo7yvenljhojot5m6fej?v=1690240005087"},"groupId":"jsrpirqnxlzdhvo2hql7j195"},{"id":"tqrx408qz0zt8ecoigbemlvv","type":"Wait","groupId":"jsrpirqnxlzdhvo2hql7j195","options":{"secondsToWaitFor":"2"}},{"id":"nuuilppotqxhdjs66p689c4b","type":"image","content":{"url":"https://s3.fr-par.scw.cloud/typebot/public/typebots/y1a99p97fnhtmqbcnrt2kw2e/blocks/nuuilppotqxhdjs66p689c4b?v=1690230131662"},"groupId":"jsrpirqnxlzdhvo2hql7j195"},{"id":"ep3y54bihou14gpgthwg09fx","type":"Wait","groupId":"jsrpirqnxlzdhvo2hql7j195","options":{"secondsToWaitFor":"22"}},{"id":"ozgvc1ky3hb0hc3qwqihbto0","type":"audio","content":{"url":"https://s3.fr-par.scw.cloud/typebot/public/typebots/y1a99p97fnhtmqbcnrt2kw2e/blocks/ozgvc1ky3hb0hc3qwqihbto0?v=1690240383537"},"groupId":"jsrpirqnxlzdhvo2hql7j195"},{"id":"spg2xvw7ec28gd07g7yk5ru9","type":"Wait","groupId":"jsrpirqnxlzdhvo2hql7j195","options":{"secondsToWaitFor":"2"}},{"id":"hm139yxzlfd7qtnu3qmlk3nr","type":"image","content":{"url":"https://s3.fr-par.scw.cloud/typebot/public/typebots/y1a99p97fnhtmqbcnrt2kw2e/blocks/hm139yxzlfd7qtnu3qmlk3nr?v=1690230820531"},"groupId":"jsrpirqnxlzdhvo2hql7j195"},{"id":"zui2rgpps5hpl8ojufhjt71p","type":"Wait","groupId":"jsrpirqnxlzdhvo2hql7j195","options":{"secondsToWaitFor":"19"}},{"id":"qlzpncdli50qn183tmygy5zl","type":"text","content":{"richText":[{"type":"p","children":[{"bold":true,"text":"Você"},{"text":" "},{"bold":true,"text":"ficaria"},{"text":" "},{"bold":true,"text":"feliz"},{"text":" tendo esses resultados?"}]}]},"groupId":"jsrpirqnxlzdhvo2hql7j195"},{"id":"b2923j6eho3hoitcyt7t2elu","type":"text input","groupId":"jsrpirqnxlzdhvo2hql7j195","options":{"isLong":false,"labels":{"button":"Enviar","placeholder":"Digite aqui..."}},"outgoingEdgeId":"qoeacsud8kphk4mqepxve8m2"}],"graphCoordinates":{"x":-644.02,"y":24.34}},{"id":"k1wlwogph6wdi5d1ltiiz032","title":"","blocks":[{"id":"ajrb9odpovoh1qrju3wubv7r","type":"Wait","groupId":"k1wlwogph6wdi5d1ltiiz032","options":{"secondsToWaitFor":"3"}},{"id":"jod99kisimo8xbxjd1sfga1q","type":"text","content":{"richText":[{"type":"p","children":[{"text":"E eu te digo que é totalmente possível para você também... E eu vou te ajudar nisso!"}]}]},"groupId":"k1wlwogph6wdi5d1ltiiz032"},{"id":"gbzpwbaw3qshyha3sostm9pe","type":"Wait","groupId":"k1wlwogph6wdi5d1ltiiz032","options":{"secondsToWaitFor":"2"}},{"id":"m9wbp9b622z9n3d4kz0k4d1k","type":"audio","content":{"url":"https://s3.fr-par.scw.cloud/typebot/public/typebots/y1a99p97fnhtmqbcnrt2kw2e/blocks/m9wbp9b622z9n3d4kz0k4d1k?v=1690240683468"},"groupId":"k1wlwogph6wdi5d1ltiiz032"},{"id":"r71m0lrndv4h6zyi4tx0v30q","type":"Wait","groupId":"k1wlwogph6wdi5d1ltiiz032","options":{"secondsToWaitFor":"28"}},{"id":"ke0ltv1x7aqyr5sicikto5yj","type":"audio","content":{"url":"https://s3.fr-par.scw.cloud/typebot/public/typebots/y1a99p97fnhtmqbcnrt2kw2e/blocks/ke0ltv1x7aqyr5sicikto5yj?v=1690241017151"},"groupId":"k1wlwogph6wdi5d1ltiiz032"},{"id":"h4y18j9x036y2ab2ymk0sl94","type":"Wait","groupId":"k1wlwogph6wdi5d1ltiiz032","options":{"secondsToWaitFor":"19"}},{"id":"hf78ouh6zhf54wkgo89t9fep","type":"phone number input","groupId":"k1wlwogph6wdi5d1ltiiz032","options":{"labels":{"button":"Enviar","placeholder":"Digite aqui seu WhatsApp!"},"variableId":"vaasicrm333l5uet1zaxrmdfb","defaultCountryCode":"BR","retryMessageContent":"Número Inválido."}},{"id":"mbmp9a01kd75qhjl67eyhvan","type":"audio","content":{"url":"https://s3.fr-par.scw.cloud/typebot/public/typebots/y1a99p97fnhtmqbcnrt2kw2e/blocks/mbmp9a01kd75qhjl67eyhvan?v=1690241086300"},"groupId":"k1wlwogph6wdi5d1ltiiz032"},{"id":"jpxr9lbg9rojp79nab94qr57","type":"Wait","groupId":"k1wlwogph6wdi5d1ltiiz032","options":{"secondsToWaitFor":"8"}},{"id":"ksowcbx72l551ivc7q7w3zk5","type":"choice input","items":[{"id":"jdsas9np961u54ch4447ecp3","type":0,"blockId":"ksowcbx72l551ivc7q7w3zk5","content":"CLARO, QUERO PARTICIPAR!","outgoingEdgeId":"a9n6tg3a468nyqdpnybktty9"}],"groupId":"k1wlwogph6wdi5d1ltiiz032","options":{"buttonLabel":"Send","isSearchable":false,"isMultipleChoice":false,"searchInputPlaceholder":"Filter the options..."}}],"graphCoordinates":{"x":-201.29,"y":-14.82}},{"id":"k8nawaitbmgo3g0jro1vv4kg","title":"","blocks":[{"id":"k4efu3ihuewkgqrltk4yq7w2","type":"text","content":{"richText":[{"type":"p","children":[{"text":"Ótimo... É muito bom saber que você confia no meu trabalho!"}]}]},"groupId":"k8nawaitbmgo3g0jro1vv4kg"},{"id":"nagbcw3jkh0qfwi9ixzkf9u2","type":"audio","content":{"url":"https://s3.fr-par.scw.cloud/typebot/public/typebots/y1a99p97fnhtmqbcnrt2kw2e/blocks/nagbcw3jkh0qfwi9ixzkf9u2?v=1690241470842"},"groupId":"k8nawaitbmgo3g0jro1vv4kg"},{"id":"hlmvj6as1sn6ofemd56y8qo9","type":"Wait","groupId":"k8nawaitbmgo3g0jro1vv4kg","options":{"secondsToWaitFor":"25"}},{"id":"ee3br22z4bwr8l2h014y8rvy","type":"audio","content":{"url":"https://s3.fr-par.scw.cloud/typebot/public/typebots/y1a99p97fnhtmqbcnrt2kw2e/blocks/ee3br22z4bwr8l2h014y8rvy?v=1690242114161"},"groupId":"k8nawaitbmgo3g0jro1vv4kg"},{"id":"n77t51ddgnxzlotk2k2jd2ox","type":"Wait","groupId":"k8nawaitbmgo3g0jro1vv4kg","options":{"secondsToWaitFor":"29"}},{"id":"joqrj26lqgheb66nnzc5ih55","type":"text","content":{"richText":[{"type":"p","children":[{"text":"Sabendo de tudo isso, você ainda está disposta a participar do programa?"}]}]},"groupId":"k8nawaitbmgo3g0jro1vv4kg"},{"id":"btwvagmrfgrrkfw2030o69ie","type":"text input","groupId":"k8nawaitbmgo3g0jro1vv4kg","options":{"isLong":false,"labels":{"button":"Send","placeholder":"Digite aqui..."}},"outgoingEdgeId":"wm5tnf3p2ci87rp0ih827d2o"}],"graphCoordinates":{"x":232.94,"y":14.02}},{"id":"xaxnqivldl0pppfm0wjcij7l","title":"","blocks":[{"id":"qxhdyp7zce3in4k4hozn96ij","type":"text","content":{"richText":[{"type":"p","children":[{"text":"Ótimo... Vou te mandar alguns áudios te contando tudo, ok?"}]}]},"groupId":"xaxnqivldl0pppfm0wjcij7l"},{"id":"tn2zoescgbr0qrouqo56920u","type":"Wait","groupId":"xaxnqivldl0pppfm0wjcij7l","options":{"secondsToWaitFor":"5"}},{"id":"vcnn5alg1mn3r1q8t1b39v6c","type":"audio","content":{"url":"https://s3.fr-par.scw.cloud/typebot/public/typebots/y1a99p97fnhtmqbcnrt2kw2e/blocks/vcnn5alg1mn3r1q8t1b39v6c?v=1690237611729"},"groupId":"xaxnqivldl0pppfm0wjcij7l"},{"id":"ud1b4rjos3d0czl174bwar60","type":"Wait","groupId":"xaxnqivldl0pppfm0wjcij7l","options":{"secondsToWaitFor":"14"}},{"id":"lkp9avrht52lr5bgxc8beiff","type":"text","content":{"richText":[{"type":"p","children":[{"text":"Além de tudo, eu sou totalmente contra remédios para emagrecer, e eu fiquei muito animada porque entendi o motivo deles "},{"bold":true,"text":"não funcionarem..."}]}]},"groupId":"xaxnqivldl0pppfm0wjcij7l"},{"id":"udr1ziis42beoyhp6wey8tqr","type":"audio","content":{"url":"https://s3.fr-par.scw.cloud/typebot/public/typebots/y1a99p97fnhtmqbcnrt2kw2e/blocks/udr1ziis42beoyhp6wey8tqr?v=1690239350278"},"groupId":"xaxnqivldl0pppfm0wjcij7l"},{"id":"urfjkd58u1h1qt8rx8etsdv0","type":"Wait","groupId":"xaxnqivldl0pppfm0wjcij7l","options":{"secondsToWaitFor":"18"}},{"id":"tyqz1yw06u64wejiih042kln","type":"audio","content":{"url":"https://s3.fr-par.scw.cloud/typebot/public/typebots/y1a99p97fnhtmqbcnrt2kw2e/blocks/tyqz1yw06u64wejiih042kln?v=1690239667120"},"groupId":"xaxnqivldl0pppfm0wjcij7l"},{"id":"cr5hlihp24befi9axfu17os2","type":"Wait","groupId":"xaxnqivldl0pppfm0wjcij7l","options":{"secondsToWaitFor":"20"}},{"id":"v250pmkxg2i2s2yhkloqolmq","type":"audio","content":{"url":"https://s3.fr-par.scw.cloud/typebot/public/typebots/y1a99p97fnhtmqbcnrt2kw2e/blocks/v250pmkxg2i2s2yhkloqolmq?v=1690239764488"},"groupId":"xaxnqivldl0pppfm0wjcij7l"},{"id":"p8lgbx168xhylcmfdc3s5ctj","type":"Wait","groupId":"xaxnqivldl0pppfm0wjcij7l","options":{"secondsToWaitFor":"15"}},{"id":"e8mqj8gqgyz96scxoua4qeg6","type":"audio","content":{"url":"https://s3.fr-par.scw.cloud/typebot/public/typebots/y1a99p97fnhtmqbcnrt2kw2e/blocks/e8mqj8gqgyz96scxoua4qeg6?v=1690239831825"},"groupId":"xaxnqivldl0pppfm0wjcij7l"},{"id":"nx2vdmu76bggu8oenb0myucr","type":"Wait","groupId":"xaxnqivldl0pppfm0wjcij7l","options":{"secondsToWaitFor":"20"}},{"id":"h1j9r3ix9c5n0c7odrdxbvl8","type":"text","content":{"richText":[{"type":"p","children":[{"text":"Se você me ouviu até aqui, acredito que tenha algum problema com sobrepeso... Me diga, quantos quilos você "},{"bold":true,"text":"precisa perder?"}]}]},"groupId":"xaxnqivldl0pppfm0wjcij7l"},{"id":"pftp3s36rd6dygtiq95zn73k","type":"text input","groupId":"xaxnqivldl0pppfm0wjcij7l","options":{"isLong":false,"labels":{"button":"Enviar","placeholder":"Digite aqui..."}},"outgoingEdgeId":"odygsk1vwadj2ojdpiwmjxf7"}],"graphCoordinates":{"x":-1034.51,"y":22.07}},{"id":"t5doxy2jt150w2ify0u4o2l3","title":"","blocks":[{"id":"l8pk4gsg6qoohui94i3x3ns4","type":"text","content":{"richText":[{"type":"p","children":[{"text":"Show... "}]}]},"groupId":"t5doxy2jt150w2ify0u4o2l3"},{"id":"kkjllqn4mmi6bv0ov759b7ff","type":"Wait","groupId":"t5doxy2jt150w2ify0u4o2l3","options":{"secondsToWaitFor":"2"}},{"id":"wejdynh2tbv0d6ku1dwo7o45","type":"audio","content":{"url":"https://s3.fr-par.scw.cloud/typebot/public/typebots/y1a99p97fnhtmqbcnrt2kw2e/blocks/wejdynh2tbv0d6ku1dwo7o45?v=1690242776966"},"groupId":"t5doxy2jt150w2ify0u4o2l3"},{"id":"od1zom0te9g5sonhv7zsz72e","type":"Wait","groupId":"t5doxy2jt150w2ify0u4o2l3","options":{"secondsToWaitFor":"18"}},{"id":"mkrio32o0rz75s5og6vivccu","type":"audio","content":{"url":"https://s3.fr-par.scw.cloud/typebot/public/typebots/y1a99p97fnhtmqbcnrt2kw2e/blocks/mkrio32o0rz75s5og6vivccu?v=1690243033280"},"groupId":"t5doxy2jt150w2ify0u4o2l3"},{"id":"b5vjefb4ktfxy7uk2v5fvwje","type":"Wait","groupId":"t5doxy2jt150w2ify0u4o2l3","options":{"secondsToWaitFor":"8"}},{"id":"qr2iwy2i09r2qb7s6sd0igex","type":"audio","content":{"url":"https://s3.fr-par.scw.cloud/typebot/public/typebots/y1a99p97fnhtmqbcnrt2kw2e/blocks/qr2iwy2i09r2qb7s6sd0igex?v=1690243431267"},"groupId":"t5doxy2jt150w2ify0u4o2l3"},{"id":"o6puth19ig31g2fzydnoxnr7","type":"Wait","groupId":"t5doxy2jt150w2ify0u4o2l3","options":{"secondsToWaitFor":"14"}},{"id":"s9ukru27h6pmpqbzun6zhe4v","type":"audio","content":{"url":"https://s3.fr-par.scw.cloud/typebot/public/typebots/y1a99p97fnhtmqbcnrt2kw2e/blocks/s9ukru27h6pmpqbzun6zhe4v?v=1690244159713"},"groupId":"t5doxy2jt150w2ify0u4o2l3"},{"id":"j1y8qct2jstwv04m8yezfgbx","type":"Wait","groupId":"t5doxy2jt150w2ify0u4o2l3","options":{"secondsToWaitFor":"25"}},{"id":"ao8v7g5kfcefw6pu25g9u3cs","type":"audio","content":{"url":"https://s3.fr-par.scw.cloud/typebot/public/typebots/y1a99p97fnhtmqbcnrt2kw2e/blocks/ao8v7g5kfcefw6pu25g9u3cs?v=1690244482421"},"groupId":"t5doxy2jt150w2ify0u4o2l3"},{"id":"n1802kj0kas6ryirunlfltmo","type":"Wait","groupId":"t5doxy2jt150w2ify0u4o2l3","options":{"secondsToWaitFor":"20"}},{"id":"kuvmzhhi56lzcorfjprpazn6","type":"audio","content":{"url":"https://s3.fr-par.scw.cloud/typebot/public/typebots/y1a99p97fnhtmqbcnrt2kw2e/blocks/kuvmzhhi56lzcorfjprpazn6?v=1690245175313"},"groupId":"t5doxy2jt150w2ify0u4o2l3"},{"id":"r4f7hp5vosdeptsma3p6fef1","type":"Wait","groupId":"t5doxy2jt150w2ify0u4o2l3","options":{"secondsToWaitFor":"28"}},{"id":"op38p5jy03sb86xy2gy7y951","type":"audio","content":{"url":"https://s3.fr-par.scw.cloud/typebot/public/typebots/y1a99p97fnhtmqbcnrt2kw2e/blocks/op38p5jy03sb86xy2gy7y951?v=1690245627430"},"groupId":"t5doxy2jt150w2ify0u4o2l3"},{"id":"mufijc12gj3st3nachq75y95","type":"Wait","groupId":"t5doxy2jt150w2ify0u4o2l3","options":{"secondsToWaitFor":"10"}},{"id":"x5okisgxp2u6q06hqd2mzpf2","type":"audio","content":{"url":"https://s3.fr-par.scw.cloud/typebot/public/typebots/y1a99p97fnhtmqbcnrt2kw2e/blocks/x5okisgxp2u6q06hqd2mzpf2?v=1690245798749"},"groupId":"t5doxy2jt150w2ify0u4o2l3"},{"id":"kx9w88gax45llq7qnktceww6","type":"Wait","groupId":"t5doxy2jt150w2ify0u4o2l3","options":{"secondsToWaitFor":"5"}},{"id":"vq2wqekzomicwqw9i6kigwwq","type":"Redirect","groupId":"t5doxy2jt150w2ify0u4o2l3","options":{"url":"https://pepper.com.br/checkout/index.html?p=57356&o=61628","isNewTab":false}}],"graphCoordinates":{"x":569.68,"y":21}}],"variables":[{"id":"vprp91gkcj6ooz2wteh9qrvjn","name":"NOME"},{"id":"vylhptebpxvgxs98ah9vf9q1p","name":"PESO"},{"id":"vpel0viottucscnen8zdlejaf","name":"IDADE"},{"id":"vlnuxmidqsek5hmsy83v55c7h","name":"PERDER"},{"id":"va2xubuj795oo62rxwti3hudj","name":"TEMPO"},{"id":"vaasicrm333l5uet1zaxrmdfb","name":"NUMERO"}],"edges":[{"id":"odygsk1vwadj2ojdpiwmjxf7","to":{"blockId":"p72v7j6oia4oy91v9dwbeind","groupId":"jsrpirqnxlzdhvo2hql7j195"},"from":{"blockId":"pftp3s36rd6dygtiq95zn73k","groupId":"xaxnqivldl0pppfm0wjcij7l"}},{"id":"lzjy06mx7kihan3kd43orm0z","to":{"blockId":"qxhdyp7zce3in4k4hozn96ij","groupId":"xaxnqivldl0pppfm0wjcij7l"},"from":{"blockId":"c8zvdcs07rxg9q2yckyprsyn","groupId":"mipidk3cqixn62t1irgik4ab"}},{"id":"gyv8c2gngh0trtmmmwoxbh3w","to":{"blockId":"kl16bf94mpvm7ux0w9yhaksc","groupId":"mipidk3cqixn62t1irgik4ab"},"from":{"blockId":"cx5iel8jxfo4caorf8rnjiw0","groupId":"ub0vz728vyd3x2kzhu2lkucp"}},{"id":"qoeacsud8kphk4mqepxve8m2","to":{"blockId":"jod99kisimo8xbxjd1sfga1q","groupId":"k1wlwogph6wdi5d1ltiiz032"},"from":{"blockId":"b2923j6eho3hoitcyt7t2elu","groupId":"jsrpirqnxlzdhvo2hql7j195"}},{"id":"a9n6tg3a468nyqdpnybktty9","to":{"groupId":"k8nawaitbmgo3g0jro1vv4kg"},"from":{"itemId":"jdsas9np961u54ch4447ecp3","blockId":"ksowcbx72l551ivc7q7w3zk5","groupId":"k1wlwogph6wdi5d1ltiiz032"}},{"id":"rpku045jflyae4f7l6kj8kdv","to":{"groupId":"xaxnqivldl0pppfm0wjcij7l"},"from":{"itemId":"rivfat9tcdhqk3r7giqil81z","blockId":"o6ow1fpjmku0flo2uw6hfmme","groupId":"mipidk3cqixn62t1irgik4ab"}},{"id":"wm5tnf3p2ci87rp0ih827d2o","to":{"groupId":"t5doxy2jt150w2ify0u4o2l3"},"from":{"blockId":"btwvagmrfgrrkfw2030o69ie","groupId":"k8nawaitbmgo3g0jro1vv4kg"}}],"theme":{"chat":{"inputs":{"color":"#000000","backgroundColor":"#FFFFFF","placeholderColor":"#28292a"},"buttons":{"color":"#FFFFFF","backgroundColor":"#128C7E"},"roundness":"medium","hostAvatar":{"url":"https://i.postimg.cc/rFg9R6Kv/Design-sem-nome.png","isEnabled":true},"guestAvatar":{"url":"https://s3.fr-par.scw.cloud/typebot/public/typebots/cli88mae30010mh0f0yzjqn48/guestAvatar?v=1685330799682","isEnabled":false},"hostBubbles":{"color":"#303235","backgroundColor":"#FFFFFF"},"guestBubbles":{"color":"#303235","backgroundColor":"#e1ffc7"}},"general":{"font":"Open Sans","background":{"type":"Image","content":"https://s3.fr-par.scw.cloud/typebot/public/typebots/cli88mae30010mh0f0yzjqn48/background?v=1685470080750"}},"customCss":".typebot-chat-view > .flex:first-child {\n    padding-top: 30px;\n}\n\n.typebot-input {\n    position: fixed;\n    bottom: 0;\n    align-items: center;\n    z-index: 999;\n    right: 0;\n}\n\n.typebot-input .typebot-button {\n    background: #008a7c;\n    border-radius: 50%;\n    color: #fff;\n    position: relative;\n    width: 50px;\n    height: 50px;\n    display: flex;\n    align-items: center;\n    justify-content: center;\n}\n\n.typebot-container {\n    background-size: initial!important;\n    background-repeat: repeat-x!important;\n}\n\n.typebot-host-bubble>.bubble-typing {\n  border-radius: 0 5px 5px 5px;\n}\n\n.typebot-host-bubble>.bubble-typing:after {\n    position: absolute;\n    content: \"\";\n    width: 0;\n    height: 0;\n    border-style: solid;\n    border-width: 0px 10px 10px 0;\n    border-color: transparent #fff transparent transparent;\n    top: 0;\n    left: -10px;\n}\n\n.typebot-guest-bubble {\n  position: relative;\n  border-radius: 5px 0 5px 5px;\n}\n\n.typebot-guest-bubble:after {\n  position: absolute;\n  content: \"\";\n  width: 0;\n  height: 0;\n  border-style: solid;\n}\n\n.typebot-guest-bubble:after {\n    border-width: 0px 0 10px 10px;\n    border-color: transparent transparent transparent #e1ffc7;\n    top: 0;\n    right: -10px;\n    border-style: solid;\n}\n\niframe[src=\"\"] {\n  position: fixed;\n  top: 0;\n  left: 0;\n  display: relative;\n  width: 100%;\n  height: 100% !important;\n  z-index: 999999;\n  border: none;\n  padding: 0;\n  margin: 0;\n}\n\na#lite-badge {\n  display: none!important;\n}"},"settings":{"general":{"rememberUser":{"isEnabled":false},"isBrandingEnabled":true,"isInputPrefillEnabled":false,"isHideQueryParamsEnabled":false},"metadata":{"title":"WhatsApp Web","imageUrl":"https://images.unsplash.com/photo-1611077544170-be90a2f68add?crop=entropy&cs=tinysrgb&fit=max&fm=jpg&ixid=M3w0MjU2MDR8MHwxfHNlYXJjaHwyN3x8d2VpZ2h0JTIwbG9zc3xlbnwwfDB8fHwxNjg2MjAzMzA4fDA&ixlib=rb-4.0.3&q=80&w=1080","favIconUrl":"https://s3.fr-par.scw.cloud/typebot/public/typebots/fwlzp9t2f2xjx6o1ru5u4i4z/favIcon?v=1686203350295","description":"Faça agora sua consulta com Dra. Myriam no WhatsApp.","customHeadCode":"<!-- Facebook Pixel Code -->\n<script>\n   !function(f,b,e,v,n,t,s)\n  {if(f.fbq)return;n=f.fbq=function(){n.callMethod?\n    n.callMethod.apply(n,arguments):n.queue.push(arguments)};\n    if(!f._fbq)f._fbq=n;n.push=n;n.loaded=!0;n.version='2.0';\n    n.queue=[];t=b.createElement(e);t.async=!0;\n    t.src=v;s=b.getElementsByTagName(e)[0];\n    s.parentNode.insertBefore(t,s)}(window, document,'script',\n    'https://connect.facebook.net/en_US/fbevents.js');\n    fbq('init', '1349614998967844');\n    fbq('track', 'PageView');\n    fbq('track', 'ViewContent');\n \n</script>\n<!-- End Facebook Pixel Code -->\n<link rel=\"stylesheet\" href=\"https://cdnjs.cloudflare.com/ajax/libs/material-design-iconic-font/2.2.0/css/material-design-iconic-font.min.css\">\n<style>\n  .hide {\n    display: none!important;\n  }\n  typebot-standard {\n    position: relative;\n    z-index: 9999;\n  }\n  #__next {\n    position: relative;\n    z-index: 9999;\n}\n  /* User Bar */\n.user-bar {\n  width: 100%;\n  height: 55px;\n  background: #005e54;\n  color: #fff;\n  padding: 0;\n  font-size: 24px;\n  position: fixed;\n  z-index: 99999;\n  display: block;\n  top: 0;\n}\n\n.user-bar:after {\n  content: \"\";\n  display: table;\n  clear: both;\n}\n\n.user-bar div {\n    float: left;\n    transform: translateY(-50%);\n    position: relative;\n    top: 50%;\n    margin-left: 10px;\n}\n\n.user-bar .actions {\n  float: right;\n  margin: 0 0 0 20px;\n}\n\n.user-bar .actions.more {\n  margin: 0 12px 0 32px;\n}\n\n.user-bar .actions.attachment {\n  margin: 0 0 0 30px;\n}\n\n.user-bar .actions.attachment i {\n  display: block;\n  transform: rotate(-45deg);\n}\n\n.user-bar .avatar {\n  margin: 0 0 0 5px;\n  width: 36px;\n  height: 36px;\n}\n\n.user-bar .avatar img {\n  border-radius: 50%;\n  box-shadow: 0 1px 0 rgba(255, 255, 255, 0.1);\n  display: block;\n  width: 100%;\n}\n\n.user-bar .name {\n  font-size: 17px;\n  font-weight: 600;\n  text-overflow: ellipsis;\n  letter-spacing: 0.3px;\n  margin: 0 0 0 8px;\n  overflow: hidden;\n  white-space: nowrap;\n  width: 150px;\n}\n\n.user-bar .status {\n  display: block;\n  font-size: 13px;\n  font-weight: 400;\n  letter-spacing: 0;\n}\n</style>\n\n<script>\nfunction criarBarra() {\n  var userBar = document.createElement(\"div\");\n  userBar.className = \"user-bar\";\n\n  var backButton = document.createElement(\"div\");\n  backButton.className = \"back\";\n  backButton.innerHTML = '<i class=\"zmdi zmdi-arrow-left\"></i>';\n\n  var avatar = document.createElement(\"div\");\n  avatar.className = \"avatar\";\n  avatar.innerHTML = '<img src=\"https://i.postimg.cc/rFg9R6Kv/Design-sem-nome.png\" alt=\"Dra. Myriam\">';\n\n  var name = document.createElement(\"div\");\n  name.className = \"name\";\n  name.innerHTML = '<span>Dra. Myriam</span><span class=\"status\">online</span>';\n\n  var moreActions = document.createElement(\"div\");\n  moreActions.className = \"actions more\";\n  moreActions.innerHTML = '<i class=\"zmdi zmdi-more-vert\"></i>';\n\n  var attachmentAction = document.createElement(\"div\");\n  attachmentAction.className = \"actions attachment\";\n  attachmentAction.innerHTML = '<i class=\"zmdi zmdi-attachment-alt\"></i>';\n\n  var phoneAction = document.createElement(\"div\");\n  phoneAction.className = \"actions\";\n  phoneAction.innerHTML = '<i class=\"zmdi zmdi-phone\"></i>';\n\n  userBar.appendChild(backButton);\n  userBar.appendChild(avatar);\n  userBar.appendChild(name);\n  userBar.appendChild(moreActions);\n  userBar.appendChild(attachmentAction);\n  userBar.appendChild(phoneAction);\n\n  var elementoPai = document.querySelector(\"#__next\");\n  if (elementoPai) {\n    elementoPai.insertBefore(userBar, elementoPai.firstChild);\n  }\n}\n\ncriarBarra();\n</script>\n\n\n"},"typingEmulation":{"speed":300,"enabled":true,"maxDelay":1.5}}}