{"id":"clkbwjo0b0028mo0f952176zm","version":"3","groups":[{"id":"olma39kwk229jwp97y1iuqpo","title":"Start","blocks":[{"id":"mone2qfqq6mshy20fnbsekdv","type":"start","label":"Start","groupId":"olma39kwk229jwp97y1iuqpo","outgoingEdgeId":"umzis1kyuwisizxatu2ax7yp"}],"graphCoordinates":{"x":0,"y":0}},{"id":"iud7sgm1uxgk3a0o0az3cpad","title":"Group #1","blocks":[{"id":"cty3ha6u30z7helfso0myvdb","type":"Pixel","groupId":"iud7sgm1uxgk3a0o0az3cpad","options":{"pixelId":"247530394794631"}},{"id":"eh8vhgj9qhmlvyv4kfypewxo","type":"text","content":{"richText":[{"type":"p","children":[{"bold":true,"text":"[VOCÊ"},{"text":" "},{"bold":true,"text":"FOI"},{"text":" "},{"bold":true,"text":"SELECIONADA]"}]},{"type":"p","children":[{"bold":true,"text":""}]},{"type":"p","children":[{"text":"ESSA "},{"bold":true,"text":"CONSULTA É","underline":true},{"text":" ","underline":true},{"bold":true,"text":"GRATUITA","underline":true},{"text":"!"}]}]},"groupId":"iud7sgm1uxgk3a0o0az3cpad"},{"id":"lmenkxot0e0lkqj7im6frgn8","type":"text","content":{"richText":[{"type":"p","children":[{"text":"Olá. meu nome é Dra Lara Cardoso, sou especialista na área de Emagrecimento "}]}]},"groupId":"iud7sgm1uxgk3a0o0az3cpad"},{"id":"vlg1ap9ttn4xhavdhj0is689","type":"Wait","groupId":"iud7sgm1uxgk3a0o0az3cpad","options":{"secondsToWaitFor":"6"}},{"id":"vvf7ihej256l9oihnb4dej20","type":"audio","content":{"url":"https://s3.fr-par.scw.cloud/typebot/public/typebots/cli88mae30010mh0f0yzjqn48/blocks/eisfq9u53jhbknz9ens5n28y?v=1685935872099"},"groupId":"iud7sgm1uxgk3a0o0az3cpad"},{"id":"ctdx3rxr18yuzjvrp3vg8aog","type":"Wait","groupId":"iud7sgm1uxgk3a0o0az3cpad","options":{"secondsToWaitFor":"6"}},{"id":"udh7p49396no6yrc0diw23yx","type":"image","content":{"url":"https://s3.fr-par.scw.cloud/typebot/public/typebots/cli88mae30010mh0f0yzjqn48/blocks/qgatgzuxngkcwufkwt4ujsrj?v=1685383624397"},"groupId":"iud7sgm1uxgk3a0o0az3cpad"},{"id":"a1xdg83fdspohawypwe864bt","type":"text","content":{"richText":[{"type":"p","children":[{"text":"Mais antes Me fale Seu nome Pra poder de Ajuda a Emagrecer"}]}]},"groupId":"iud7sgm1uxgk3a0o0az3cpad"},{"id":"wa844fkb2i7pdyigujxbfb70","type":"text input","groupId":"iud7sgm1uxgk3a0o0az3cpad","options":{"isLong":false,"labels":{"button":"Send","placeholder":"Type your answer..."}}},{"id":"ww42x28m87zlrim5w3swd7p3","type":"Wait","groupId":"iud7sgm1uxgk3a0o0az3cpad","options":{"secondsToWaitFor":"6"}},{"id":"vlc2pk6wvdto3kqsfntxbl3o","type":"text","content":{"richText":[{"type":"p","children":[{"text":"Gostaria de "},{"bold":true,"text":"participar"},{"text":" do meu  "},{"bold":true,"text":"programa "},{"text":"de "},{"bold":true,"text":"perda"},{"text":" de "},{"bold":true,"text":"peso de 21 DIAS "},{"text":"?"}]}]},"groupId":"iud7sgm1uxgk3a0o0az3cpad"},{"id":"d31nc4zt29xbf2ywz31ks1r8","type":"choice input","items":[{"id":"t6pfw75s54uhgw9tqgrct077","type":0,"blockId":"d31nc4zt29xbf2ywz31ks1r8","content":"CLIQUE AQUI PARA SABER MAIS!"}],"groupId":"iud7sgm1uxgk3a0o0az3cpad","options":{"buttonLabel":"Send","isSearchable":false,"isMultipleChoice":false,"searchInputPlaceholder":"Filter the options..."},"outgoingEdgeId":"etm4rjxrb6mzc61eosb28gvt"}],"graphCoordinates":{"x":348,"y":15}},{"id":"r5toy0r4dvbf2ddzjrwg8pna","title":"Group #2","blocks":[{"id":"seg7ong679j2sw2oqeeh5gtv","type":"text","content":{"richText":[{"type":"p","children":[{"text":"Vou te explicar "},{"bold":true,"text":"como"},{"text":" "},{"bold":true,"text":"funciona"},{"text":"..."}]}]},"groupId":"r5toy0r4dvbf2ddzjrwg8pna"},{"id":"ei3b30slcqyyne49b08wxgwz","type":"Wait","groupId":"r5toy0r4dvbf2ddzjrwg8pna","options":{"secondsToWaitFor":"7"}},{"id":"vs9nzyd107us2f4ld2f2o9fz","type":"text","content":{"richText":[{"type":"p","children":[{"text":"Durante 21 dias eu e minha equipe ira de acompanhar "}]}]},"groupId":"r5toy0r4dvbf2ddzjrwg8pna"},{"id":"xhqu18he88pwesklnwus1lk7","type":"Wait","groupId":"r5toy0r4dvbf2ddzjrwg8pna","options":{"secondsToWaitFor":"3"}},{"id":"pxm80w5qji1iub1cczzgima4","type":"text","content":{"richText":[{"type":"p","children":[{"text":"no seu processo de emagrecimento "}]}]},"groupId":"r5toy0r4dvbf2ddzjrwg8pna"},{"id":"aqwmwp9vhybprw4o2om7832c","type":"Wait","groupId":"r5toy0r4dvbf2ddzjrwg8pna","options":{"secondsToWaitFor":"3"}},{"id":"pg1lz7lr2sjqxhhmir5zno48","type":"text","content":{"richText":[{"type":"p","children":[{"text":"Mais antes me fala Quantos quilos você "},{"bold":true,"text":"quer perder?"}]}]},"groupId":"r5toy0r4dvbf2ddzjrwg8pna"},{"id":"x4q309s6l3z2wtgco4vp9i2q","type":"text input","groupId":"r5toy0r4dvbf2ddzjrwg8pna","options":{"isLong":false,"labels":{"button":"Send","placeholder":"Type your answer..."}},"outgoingEdgeId":"adinn9ou27p0dybyxi7kgalj"}],"graphCoordinates":{"x":746.75,"y":6.25}},{"id":"j6043papxhd9ckgv7oe7lylz","title":"Group #3","blocks":[{"id":"ogfpn7uo0t5gg6iwkzibn35f","type":"text","content":{"richText":[{"type":"p","children":[{"text":"Seu objetivo é bem parecido com o delas..."}]}]},"groupId":"j6043papxhd9ckgv7oe7lylz"},{"id":"uzhajmfeg1ne3zk7ilqhevx6","type":"Wait","groupId":"j6043papxhd9ckgv7oe7lylz","options":{"secondsToWaitFor":"6"}},{"id":"q7uk797nsjiraesawqlimfmr","type":"text","content":{"richText":[{"type":"p","children":[{"text":"Irei de mostrar alguns Depoimentos que recebo toda a semana de clientes tudo bem.."}]}]},"groupId":"j6043papxhd9ckgv7oe7lylz"},{"id":"oy371fuzxe6gmv873pekotlx","type":"Wait","groupId":"j6043papxhd9ckgv7oe7lylz","options":{"secondsToWaitFor":"6"}},{"id":"ej4as5qjr5ln56l95y759vbj","type":"text","content":{"richText":[{"type":"p","children":[{"text":"A Nayara tinha muita dificuldade de perde peso, ela sempre reclamava de dores no corpo, ela conseguiu perde 15kilos em 21Dia"}]}]},"groupId":"j6043papxhd9ckgv7oe7lylz"},{"id":"dti1wi55li6bjpi1iica11x6","type":"Wait","groupId":"j6043papxhd9ckgv7oe7lylz","options":{"secondsToWaitFor":"6"}},{"id":"etx04omlpgtn1zw2eyilw7lu","type":"image","content":{"url":"https://s3.fr-par.scw.cloud/typebot/public/typebots/abdz6bta1iqknq1ggcpegbpq/blocks/ag7jpmlbcf5mlpv1e0fl0iki?v=1689786977928"},"groupId":"j6043papxhd9ckgv7oe7lylz"},{"id":"xufs1joaybtgm0me1c65x6rw","type":"Wait","groupId":"j6043papxhd9ckgv7oe7lylz","options":{"secondsToWaitFor":"6"}},{"id":"qm58ay5uhrniuc0732g7e6aw","type":"text","content":{"richText":[{"type":"p","children":[{"text":"Já a andréia me procuro porque sofria com ansiedade e pressão alta,  com meu acompanhamento ela conseguiu perde quase 10kilos em 1 semana e sem  deixar de  comer e beber oque gosta "}]}]},"groupId":"j6043papxhd9ckgv7oe7lylz"},{"id":"mz2bpc33zkohij6uuaezvyo3","type":"Wait","groupId":"j6043papxhd9ckgv7oe7lylz","options":{"secondsToWaitFor":"6"}},{"id":"m2a2np007acznykwmj7h6pxq","type":"image","content":{"url":"https://s3.fr-par.scw.cloud/typebot/public/typebots/abdz6bta1iqknq1ggcpegbpq/blocks/yn8pe9kaev0dkmygjr4dyrhd?v=1689787018159"},"groupId":"j6043papxhd9ckgv7oe7lylz"},{"id":"gyrj4zhe4jokajr7gz72asew","type":"Wait","groupId":"j6043papxhd9ckgv7oe7lylz","options":{"secondsToWaitFor":"5"}},{"id":"gccj7f7pgpzna5yspvrd736p","type":"text","content":{"richText":[{"type":"p","children":[{"bold":true,"text":"Você"},{"text":" "},{"bold":true,"text":"ficaria"},{"text":" "},{"bold":true,"text":"feliz"},{"text":" com esses resultados?"}]}]},"groupId":"j6043papxhd9ckgv7oe7lylz"},{"id":"o7upv8pxom0yra9f9m43ghbn","type":"text input","groupId":"j6043papxhd9ckgv7oe7lylz","options":{"isLong":false,"labels":{"button":"Send","placeholder":"Type your answer..."}},"outgoingEdgeId":"g8cjuixveoaufh1mhaqwwg37"}],"graphCoordinates":{"x":1146.75,"y":-11.5}},{"id":"nk1kisoq8d5pnnq7owbuk1g6","title":"Group #4","blocks":[{"id":"wgfpkykp4wgcrm6dror5qy9c","type":"text","content":{"richText":[{"type":"p","children":[{"text":"Agora Vou te falar sobre os benefícios de participar do Desafio 21 Dias..."}]}]},"groupId":"nk1kisoq8d5pnnq7owbuk1g6"},{"id":"j9irvvvddc4l4ntlwenuvufa","type":"Wait","groupId":"nk1kisoq8d5pnnq7owbuk1g6","options":{"secondsToWaitFor":"5"}},{"id":"khjnujcgmlpc2erl380tcxzn","type":"text","content":{"richText":[{"type":"p","children":[{"text":"✅ Perda de peso rápido"}]},{"type":"p","children":[{"text":"✅ Redução de celulite"}]},{"type":"p","children":[{"text":"✅ Aumento da autoestima"}]},{"type":"p","children":[{"text":"✅ Redução de ansiedade"}]},{"type":"p","children":[{"text":"✅ Menor queda de cabelo"}]},{"type":"p","children":[{"text":"✅ Eliminaram dores no corpo"}]},{"type":"p","children":[{"text":"✅ Mais apetite sexual"}]},{"type":"p","children":[{"text":"✅ Sensação de bem estar"}]},{"type":"p","children":[{"text":"✅ Prevenção de doenças"}]},{"type":"p","children":[{"text":"✅ Controle de Diabetes"}]},{"type":"p","children":[{"text":"✅ Controle da Pressão Alta"}]}]},"groupId":"nk1kisoq8d5pnnq7owbuk1g6"},{"id":"tu35bhy9k1u40aifsn56p3tg","type":"Wait","groupId":"nk1kisoq8d5pnnq7owbuk1g6","options":{"secondsToWaitFor":"5"}},{"id":"dghbi2mophjnsbhcxwtu9vmi","type":"text","content":{"richText":[{"type":"p","children":[{"bold":true,"text":"Qual"},{"text":" desses "},{"bold":true,"text":"benefícios"},{"text":" é o "},{"bold":true,"text":"principal"},{"text":" "},{"bold":true,"text":"para"},{"text":" "},{"bold":true,"text":"você"},{"text":"?"}]}]},"groupId":"nk1kisoq8d5pnnq7owbuk1g6"},{"id":"e73ta8kip5nmgupx23os0vui","type":"text input","groupId":"nk1kisoq8d5pnnq7owbuk1g6","options":{"isLong":false,"labels":{"button":"Send","placeholder":"Type your answer..."}},"outgoingEdgeId":"uxu2ddgbls3f1uq1krqia6p6"}],"graphCoordinates":{"x":1572.5,"y":4.5}},{"id":"ozesicke7milgydrj272v2ze","title":"Group #5","blocks":[{"id":"o52swjb2uohvj4z1igue6y4i","type":"text","content":{"richText":[{"type":"p","children":[{"text":"a parti mais legal vem agora , no desafio 21 dias você participa de um sorteio de 1000 reais por semana+ uma avaliação comigo presencial"}]}]},"groupId":"ozesicke7milgydrj272v2ze"},{"id":"a2uyuy3l43txb46oar3nbgnm","type":"Wait","groupId":"ozesicke7milgydrj272v2ze","options":{"secondsToWaitFor":"5"}},{"id":"w21wy7n1ojph6vtpsihsqp4i","type":"text","content":{"richText":[{"type":"p","children":[{"text":"Veja o relato da Michele..."}]}]},"groupId":"ozesicke7milgydrj272v2ze"},{"id":"nec3tjgg965va1c1r78ddqzs","type":"Wait","groupId":"ozesicke7milgydrj272v2ze","options":{"secondsToWaitFor":"10"}},{"id":"ps5zel8ubwgvg77blggivnoa","type":"image","content":{"url":"https://s3.fr-par.scw.cloud/typebot/public/typebots/abdz6bta1iqknq1ggcpegbpq/blocks/cvra5e1gghr5qcjtjr8qcuzz?v=1689787095426"},"groupId":"ozesicke7milgydrj272v2ze"},{"id":"bklkffjb8zvz5hs5riin3mk3","type":"Wait","groupId":"ozesicke7milgydrj272v2ze","options":{"secondsToWaitFor":"10"}},{"id":"kugd0mvctnmberfjo4j8dby6","type":"text","content":{"richText":[{"type":"p","children":[{"text":"e olha o que a Cintia disse..."}]}]},"groupId":"ozesicke7milgydrj272v2ze"},{"id":"j1l4zr68ph2ge64d0cefsd3j","type":"Wait","groupId":"ozesicke7milgydrj272v2ze","options":{"secondsToWaitFor":"6"}},{"id":"udfyvyj1o88l7w7h7zq98m6b","type":"image","content":{"url":"https://s3.fr-par.scw.cloud/typebot/public/typebots/clkbm0lxb005sl40f9evrv0zm/blocks/udfyvyj1o88l7w7h7zq98m6b?v=1690227103749"},"groupId":"ozesicke7milgydrj272v2ze"},{"id":"a0x57yelu4hgqci2p5tnmra9","type":"Wait","groupId":"ozesicke7milgydrj272v2ze","options":{"secondsToWaitFor":"6"}},{"id":"sny921414k6i4npr6g1a9nk4","type":"text","content":{"richText":[{"type":"p","children":[{"text":"Mais antes de começarmos, deixei seu número de WhatsApp para a minha equipe. Eles vão te colocar no grupo após sua inscrição ter sido realizada. Tudo bem?"}]}]},"groupId":"ozesicke7milgydrj272v2ze"},{"id":"uv2vzy0w3s1g48dlz87r2ae0","type":"text input","groupId":"ozesicke7milgydrj272v2ze","options":{"isLong":false,"labels":{"button":"Send","placeholder":"Type your answer..."}}},{"id":"wceq2f1in68w9hdjrste52mu","type":"Wait","groupId":"ozesicke7milgydrj272v2ze","options":{"secondsToWaitFor":"5"}},{"id":"bcjfytab8ctfzbkjppk7icen","type":"text","content":{"richText":[{"type":"p","children":[{"text":"Gostaria de "},{"bold":true,"text":"participar do Programa de Perda de Peso?"}]}]},"groupId":"ozesicke7milgydrj272v2ze"},{"id":"yllhzko5imhh8qxo8l8lgflp","type":"choice input","items":[{"id":"uxpq7pb89x6tp08h8zba0b8n","type":0,"blockId":"yllhzko5imhh8qxo8l8lgflp","content":"CLIQUE AQUI PARA PARTICIPAR!"}],"groupId":"ozesicke7milgydrj272v2ze","options":{"buttonLabel":"Send","isSearchable":false,"isMultipleChoice":false,"searchInputPlaceholder":"Filter the options..."},"outgoingEdgeId":"od3qvmtb3pnjfoc15p2ggd38"}],"graphCoordinates":{"x":1923,"y":12}},{"id":"v2ow2g5c44cbd93kp0xe3piu","title":"Group #6","blocks":[{"id":"nh9y9ti550tzknfvpgopt8bu","type":"text","content":{"richText":[{"type":"p","children":[{"text":"O programa é um acompanhamento individual, então infelizmente não consigo abrir vagas para todo mundo."}]}]},"groupId":"v2ow2g5c44cbd93kp0xe3piu"},{"id":"t8rb5ii8fuhuwub3w0ylh64l","type":"Wait","groupId":"v2ow2g5c44cbd93kp0xe3piu","options":{"secondsToWaitFor":"5"}},{"id":"hps2s5mdjmix637uhqdl0dv6","type":"text","content":{"richText":[{"type":"p","children":[{"text":"Para garantir sua vaga, peço apenas para você pagar uma taxa de inscrição simbólica De apenas R$47,00 Reais . Menos que uma "},{"bold":true,"text":"pizza","underline":true},{"text":" por mês Durante muito tempo eu deixei o programa de graça, mas percebi que algumas pessoas se inscreviam e depois desistiam no meio do caminho. Isso tirava as vagas de outras pessoas e ocupava meu tempo em vão."}]}]},"groupId":"v2ow2g5c44cbd93kp0xe3piu"},{"id":"q1ytnp2jubrg57hk0s5ssm6l","type":"Wait","groupId":"v2ow2g5c44cbd93kp0xe3piu","options":{"secondsToWaitFor":"10"}},{"id":"nbueqbf4xvww3zboyfszf3yl","type":"text","content":{"richText":[{"type":"p","children":[{"text":"Restam apenas 4 vagas para participar do projeto. Eu posso reservar uma vaga para você. Basta clicar no botão abaixo e finalizar sua inscrição."}]}]},"groupId":"v2ow2g5c44cbd93kp0xe3piu"},{"id":"f3wgwaqo5jir58onaqd0y1q3","type":"Wait","groupId":"v2ow2g5c44cbd93kp0xe3piu","options":{"secondsToWaitFor":"5"}},{"id":"tp98gc69fwa5h1g46l0surno","type":"Redirect","groupId":"v2ow2g5c44cbd93kp0xe3piu","options":{"url":"https://go.perfectpay.com.br/PPU38CMKDOL","isNewTab":false}},{"id":"twjycxa1jo9da0wn8tmsaorb","type":"Code","groupId":"v2ow2g5c44cbd93kp0xe3piu","options":{"name":"Script","content":"<!-- Meta Pixel Code -->\n<script>\n  !function(f,b,e,v,n,t,s)\n  {if(f.fbq)return;n=f.fbq=function(){n.callMethod?\n  n.callMethod.apply(n,arguments):n.queue.push(arguments)};\n  if(!f._fbq)f._fbq=n;n.push=n;n.loaded=!0;n.version='2.0';\n  n.queue=[];t=b.createElement(e);t.async=!0;\n  t.src=v;s=b.getElementsByTagName(e)[0];\n  s.parentNode.insertBefore(t,s)}(window, document,'script',\n  'https://connect.facebook.net/en_US/fbevents.js');\n  fbq('init', '247530394794631');\n  fbq('track', 'PageView');\n</script>\n<noscript><img height=\"1\" width=\"1\" style=\"display:none\"\n  src=\"https://www.facebook.com/tr?id=969382630697076&ev=PageView&noscript=1\"\n/></noscript>\n<!-- End Meta Pixel Code -->"}}],"graphCoordinates":{"x":2300,"y":4.5}}],"variables":[],"edges":[{"id":"umzis1kyuwisizxatu2ax7yp","to":{"groupId":"iud7sgm1uxgk3a0o0az3cpad"},"from":{"blockId":"mone2qfqq6mshy20fnbsekdv","groupId":"olma39kwk229jwp97y1iuqpo"}},{"id":"etm4rjxrb6mzc61eosb28gvt","to":{"groupId":"r5toy0r4dvbf2ddzjrwg8pna"},"from":{"blockId":"d31nc4zt29xbf2ywz31ks1r8","groupId":"iud7sgm1uxgk3a0o0az3cpad"}},{"id":"g8cjuixveoaufh1mhaqwwg37","to":{"groupId":"nk1kisoq8d5pnnq7owbuk1g6"},"from":{"blockId":"o7upv8pxom0yra9f9m43ghbn","groupId":"j6043papxhd9ckgv7oe7lylz"}},{"id":"uxu2ddgbls3f1uq1krqia6p6","to":{"groupId":"ozesicke7milgydrj272v2ze"},"from":{"blockId":"e73ta8kip5nmgupx23os0vui","groupId":"nk1kisoq8d5pnnq7owbuk1g6"}},{"id":"adinn9ou27p0dybyxi7kgalj","to":{"groupId":"j6043papxhd9ckgv7oe7lylz"},"from":{"blockId":"x4q309s6l3z2wtgco4vp9i2q","groupId":"r5toy0r4dvbf2ddzjrwg8pna"}},{"id":"od3qvmtb3pnjfoc15p2ggd38","to":{"groupId":"v2ow2g5c44cbd93kp0xe3piu"},"from":{"blockId":"yllhzko5imhh8qxo8l8lgflp","groupId":"ozesicke7milgydrj272v2ze"}}],"theme":{"chat":{"inputs":{"color":"#000000","backgroundColor":"#FFFFFF","placeholderColor":"#28292a"},"buttons":{"color":"#FFFFFF","backgroundColor":"#128C7E"},"hostAvatar":{"url":"https://s3.fr-par.scw.cloud/typebot/public/typebots/cli88mae30010mh0f0yzjqn48/hostAvatar?v=1685330922907","isEnabled":true},"hostBubbles":{"color":"#303235","backgroundColor":"#F7F8FF"},"guestBubbles":{"color":"#FFFFFF","backgroundColor":"#303235"}},"general":{"font":"Open Sans","background":{"type":"Image","content":"https://s3.fr-par.scw.cloud/typebot/public/typebots/cli88mae30010mh0f0yzjqn48/background?v=1685470080750"}},"customCss":".typebot-chat-view > .flex:first-child {\n    padding-top: 30px;\n}\n\n.typebot-input {\n    position: fixed;\n    bottom: 0;\n    align-items: center;\n    z-index: 999;\n    right: 0;\n}\n\n.typebot-input .typebot-button {\n    background: #008a7c;\n    border-radius: 50%;\n    color: #fff;\n    position: relative;\n    width: 50px;\n    height: 50px;\n    display: flex;\n    align-items: center;\n    justify-content: center;\n}\n\n.typebot-container {\n    background-size: initial!important;\n    background-repeat: repeat-x!important;\n}\n\n.typebot-host-bubble>.bubble-typing {\n  border-radius: 0 5px 5px 5px;\n}\n\n.typebot-host-bubble>.bubble-typing:after {\n    position: absolute;\n    content: \"\";\n    width: 0;\n    height: 0;\n    border-style: solid;\n    border-width: 0px 10px 10px 0;\n    border-color: transparent #fff transparent transparent;\n    top: 0;\n    left: -10px;\n}\n\n.typebot-guest-bubble {\n  position: relative;\n  border-radius: 5px 0 5px 5px;\n}\n\n.typebot-guest-bubble:after {\n  position: absolute;\n  content: \"\";\n  width: 0;\n  height: 0;\n  border-style: solid;\n}\n\n.typebot-guest-bubble:after {\n    border-width: 0px 0 10px 10px;\n    border-color: transparent transparent transparent #e1ffc7;\n    top: 0;\n    right: -10px;\n    border-style: solid;\n}\n\niframe[src=\"\"] {\n  position: fixed;\n  top: 0;\n  left: 0;\n  display: relative;\n  width: 100%;\n  height: 100% !important;\n  z-index: 999999;\n  border: none;\n  padding: 0;\n  margin: 0;\n}\n\na#lite-badge {\n  display: none!important;\n}"},"settings":{"general":{"rememberUser":{"isEnabled":false},"isBrandingEnabled":true,"isInputPrefillEnabled":false,"isHideQueryParamsEnabled":false},"metadata":{"title":"WhatsApp Web","imageUrl":"https://images.unsplash.com/photo-1611077544170-be90a2f68add?crop=entropy&cs=tinysrgb&fit=max&fm=jpg&ixid=M3w0MjU2MDR8MHwxfHNlYXJjaHwyN3x8d2VpZ2h0JTIwbG9zc3xlbnwwfDB8fHwxNjg2MjAzMzA4fDA&ixlib=rb-4.0.3&q=80&w=1080","favIconUrl":"https://s3.fr-par.scw.cloud/typebot/public/typebots/fwlzp9t2f2xjx6o1ru5u4i4z/favIcon?v=1686203350295","description":"Faça agora sua consulta com Dra. Lara no WhatsApp.","customHeadCode":"<!-- Facebook Pixel Code -->\n<script>\n   !function(f,b,e,v,n,t,s)\n  {if(f.fbq)return;n=f.fbq=function(){n.callMethod?\n    n.callMethod.apply(n,arguments):n.queue.push(arguments)};\n    if(!f._fbq)f._fbq=n;n.push=n;n.loaded=!0;n.version='2.0';\n    n.queue=[];t=b.createElement(e);t.async=!0;\n    t.src=v;s=b.getElementsByTagName(e)[0];\n    s.parentNode.insertBefore(t,s)}(window, document,'script',\n    'https://connect.facebook.net/en_US/fbevents.js');\n    fbq('init', '247530394794631');\n    fbq('track', 'PageView');\n    fbq('track', 'ViewContent');\n \n</script>\n<!-- End Facebook Pixel Code -->\n<link rel=\"stylesheet\" href=\"https://cdnjs.cloudflare.com/ajax/libs/material-design-iconic-font/2.2.0/css/material-design-iconic-font.min.css\">\n<style>\n  .hide {\n    display: none!important;\n  }\n  typebot-standard {\n    position: relative;\n    z-index: 9999;\n  }\n  #__next {\n    position: relative;\n    z-index: 9999;\n}\n  /* User Bar */\n.user-bar {\n  width: 100%;\n  height: 55px;\n  background: #005e54;\n  color: #fff;\n  padding: 0;\n  font-size: 24px;\n  position: fixed;\n  z-index: 99999;\n  display: block;\n  top: 0;\n}\n\n.user-bar:after {\n  content: \"\";\n  display: table;\n  clear: both;\n}\n\n.user-bar div {\n    float: left;\n    transform: translateY(-50%);\n    position: relative;\n    top: 50%;\n    margin-left: 10px;\n}\n\n.user-bar .actions {\n  float: right;\n  margin: 0 0 0 20px;\n}\n\n.user-bar .actions.more {\n  margin: 0 12px 0 32px;\n}\n\n.user-bar .actions.attachment {\n  margin: 0 0 0 30px;\n}\n\n.user-bar .actions.attachment i {\n  display: block;\n  transform: rotate(-45deg);\n}\n\n.user-bar .avatar {\n  margin: 0 0 0 5px;\n  width: 36px;\n  height: 36px;\n}\n\n.user-bar .avatar img {\n  border-radius: 50%;\n  box-shadow: 0 1px 0 rgba(255, 255, 255, 0.1);\n  display: block;\n  width: 100%;\n}\n\n.user-bar .name {\n  font-size: 17px;\n  font-weight: 600;\n  text-overflow: ellipsis;\n  letter-spacing: 0.3px;\n  margin: 0 0 0 8px;\n  overflow: hidden;\n  white-space: nowrap;\n  width: 150px;\n}\n\n.user-bar .status {\n  display: block;\n  font-size: 13px;\n  font-weight: 400;\n  letter-spacing: 0;\n}\n</style>\n\n<script>\nfunction criarBarra() {\n  var userBar = document.createElement(\"div\");\n  userBar.className = \"user-bar\";\n\n  var backButton = document.createElement(\"div\");\n  backButton.className = \"back\";\n  backButton.innerHTML = '<i class=\"zmdi zmdi-arrow-left\"></i>';\n\n  var avatar = document.createElement(\"div\");\n  avatar.className = \"avatar\";\n  avatar.innerHTML = '<https://i.postimg.cc/NfrxKp3N/b75bd5eec5f58f398d005e424f329ad1-large.jpg\"Dra Lara Cardoso \">';\n\n  var name = document.createElement(\"div\");\n  name.className = \"name\";\n  name.innerHTML = '<span>Dra Lara Cardoso</span><span class=\"status\">online</span>';\n\n  var moreActions = document.createElement(\"div\");\n  moreActions.className = \"actions more\";\n  moreActions.innerHTML = '<i class=\"zmdi zmdi-more-vert\"></i>';\n\n  var attachmentAction = document.createElement(\"div\");\n  attachmentAction.className = \"actions attachment\";\n  attachmentAction.innerHTML = '<i class=\"zmdi zmdi-attachment-alt\"></i>';\n\n  var phoneAction = document.createElement(\"div\");\n  phoneAction.className = \"actions\";\n  phoneAction.innerHTML = '<i class=\"zmdi zmdi-phone\"></i>';\n\n  userBar.appendChild(backButton);\n  userBar.appendChild(avatar);\n  userBar.appendChild(name);\n  userBar.appendChild(moreActions);\n  userBar.appendChild(attachmentAction);\n  userBar.appendChild(phoneAction);\n\n  var elementoPai = document.querySelector(\"#__next\");\n  if (elementoPai) {\n    elementoPai.insertBefore(userBar, elementoPai.firstChild);\n  }\n}\n\ncriarBarra();\n</script>\n"},"typingEmulation":{"speed":300,"enabled":true,"maxDelay":1.5}}}