{"id":"clk7jdxrt001ll70ftt9qlj75","version":"3","groups":[{"id":"zna812dugha9s5lypzrkscfy","title":"Start","blocks":[{"id":"cl1qz4lui00027w1a19prdgzd","type":"start","label":"Start","groupId":"zna812dugha9s5lypzrkscfy","outgoingEdgeId":"v8scqyvn7lyyq63cdla1b0nc"}],"graphCoordinates":{"x":-541.19,"y":-27.36}},{"id":"qaptk8ehx5nv8ytpwnv3sro3","title":"Q1","blocks":[{"id":"t34aq4mpzn3l4ir9278sidll","type":"Wait","groupId":"qaptk8ehx5nv8ytpwnv3sro3","options":{"secondsToWaitFor":"2"}},{"id":"rf4n21jv2gx692bwwv2tn23u","type":"text","content":{"richText":[{"type":"p","children":[{"text":"Ok... Poderia me falar seu nome?"}]}]},"groupId":"qaptk8ehx5nv8ytpwnv3sro3"},{"id":"pksaff4n02j0bt7bc974n715","type":"text input","groupId":"qaptk8ehx5nv8ytpwnv3sro3","options":{"isLong":false,"labels":{"button":"Enviar","placeholder":"Digite seu nome..."},"variableId":"vamxkq0bu314hgcpr2pr0q16l"}},{"id":"w7820vlakbdaw6kgjb31vtee","type":"Wait","groupId":"qaptk8ehx5nv8ytpwnv3sro3","options":{"secondsToWaitFor":"5"}},{"id":"ce8c03fac20zmbigl9mudzdo","type":"text","content":{"richText":[{"type":"p","children":[{"text":"Poderia me falar seu nome? Relaxa, não vou ficar te mandando mensagem. Isso é caso a nossa conexão falhe e não perdemos o contato."}]}]},"groupId":"qaptk8ehx5nv8ytpwnv3sro3"},{"id":"fb9plwv7d7wi6ps0vznl7f9a","type":"phone number input","groupId":"qaptk8ehx5nv8ytpwnv3sro3","options":{"labels":{"button":"Enviar","placeholder":"Digite seu Telefone com (DDD) aqui..."},"variableId":"vlpgg83tbmcy95qmj5xw05f2j","defaultCountryCode":"BR","retryMessageContent":"Este número de telefone não é válido. Poderia digitar novamente?"}},{"id":"gg7eqxqc74dpkl0qjidlgy9j","type":"Wait","groupId":"qaptk8ehx5nv8ytpwnv3sro3","options":{"secondsToWaitFor":"5"}},{"id":"j0c54faxup9mhpuw9q8ojhud","type":"text","content":{"richText":[{"type":"p","children":[{"text":"Qual é o seu peso aproximadamente?"}]}]},"groupId":"qaptk8ehx5nv8ytpwnv3sro3"},{"id":"qe7bd5olupuhdd8xxwr09azq","type":"text input","groupId":"qaptk8ehx5nv8ytpwnv3sro3","options":{"isLong":false,"labels":{"button":"Enviar","placeholder":"Digite seu peso..."},"variableId":"vkdg8dbbeg4w1xqyvxacmasmg"}},{"id":"yctxyunqbsyc0ar942vec75y","type":"Wait","groupId":"qaptk8ehx5nv8ytpwnv3sro3","options":{"secondsToWaitFor":"5"}},{"id":"uvnr27dtdzxtwirmzxjtk7z0","type":"text","content":{"richText":[{"type":"p","children":[{"text":"Qual é a sua altura?"}]}]},"groupId":"qaptk8ehx5nv8ytpwnv3sro3"},{"id":"fk79xwcyjm3awa9coz0xasvv","type":"text input","groupId":"qaptk8ehx5nv8ytpwnv3sro3","options":{"isLong":false,"labels":{"button":"Enviar","placeholder":"Digite sua altura aqui..."},"variableId":"vqmzatxj6pg792bqm7rezqzf8"}},{"id":"odp5rejwnowo9vx0sx6jteq3","type":"Wait","groupId":"qaptk8ehx5nv8ytpwnv3sro3","options":{"secondsToWaitFor":"5"}},{"id":"xhj96q79hqhegbthcg4p70hi","type":"text","content":{"richText":[{"type":"p","children":[{"text":"Eu estou analisando seu caso, aguarde um momento por favor."}]}]},"groupId":"qaptk8ehx5nv8ytpwnv3sro3"},{"id":"r6kabvjsrondbl89vclu4n1x","type":"Wait","groupId":"qaptk8ehx5nv8ytpwnv3sro3","options":{"secondsToWaitFor":"15"}},{"id":"r62lu5r7c3cp5iqznu60z9ee","type":"audio","content":{"url":"https://s3.fr-par.scw.cloud/typebot/public/typebots/k8umw3iwb14nta6nadij25gm/blocks/r62lu5r7c3cp5iqznu60z9ee?v=1689630584252"},"groupId":"qaptk8ehx5nv8ytpwnv3sro3"},{"id":"xs1j4j2i6i6ycizlni6aq6ri","type":"Wait","groupId":"qaptk8ehx5nv8ytpwnv3sro3","options":{"secondsToWaitFor":"9"}},{"id":"w4e59ihdl298ks0fetjjze2y","type":"audio","content":{"url":"https://s3.fr-par.scw.cloud/typebot/public/typebots/k8umw3iwb14nta6nadij25gm/blocks/w4e59ihdl298ks0fetjjze2y?v=1689630588481"},"groupId":"qaptk8ehx5nv8ytpwnv3sro3"},{"id":"y2fh261tqii0x6r8akg7pkde","type":"Wait","groupId":"qaptk8ehx5nv8ytpwnv3sro3","options":{"secondsToWaitFor":"9"}},{"id":"heuq67dvmfoaei4nedadhkoh","type":"audio","content":{"url":"https://s3.fr-par.scw.cloud/typebot/public/typebots/k8umw3iwb14nta6nadij25gm/blocks/heuq67dvmfoaei4nedadhkoh?v=1689630593317"},"groupId":"qaptk8ehx5nv8ytpwnv3sro3"},{"id":"zejtkrhjtsnoqz6pj9bfw2hb","type":"Wait","groupId":"qaptk8ehx5nv8ytpwnv3sro3","options":{"secondsToWaitFor":"5"}},{"id":"m57yqrilpa2fseq4z3vrn2np","type":"text","content":{"richText":[{"type":"p","children":[{"text":"Podemos continuar a sua consulta?"}]}]},"groupId":"qaptk8ehx5nv8ytpwnv3sro3"},{"id":"zt4lxpvlfrfkpkzoi6mct6nt","type":"Wait","groupId":"qaptk8ehx5nv8ytpwnv3sro3","options":{"secondsToWaitFor":"3"}},{"id":"mq9fr329u5ga4m30qkgwwyvv","type":"choice input","items":[{"id":"ze0vspgmccpejdhopqgy54zx","type":0,"blockId":"mq9fr329u5ga4m30qkgwwyvv","content":"Sim, podemos!","outgoingEdgeId":"rjs89j3i8eloc754elld4xy0"}],"groupId":"qaptk8ehx5nv8ytpwnv3sro3","options":{"buttonLabel":"Send","isSearchable":false,"isMultipleChoice":false,"searchInputPlaceholder":"Filter the options..."}}],"graphCoordinates":{"x":4.11,"y":184.44}},{"id":"jqcz8razxwrxjh3fzefc0mzl","title":"Q2","blocks":[{"id":"rdduwpdyycgqo0e68qgx5sub","type":"Wait","groupId":"jqcz8razxwrxjh3fzefc0mzl","options":{"secondsToWaitFor":"2"}},{"id":"cl1r0d8zi00142e6d4tl2yenk","type":"text","content":{"richText":[{"type":"p","children":[{"text":"A "},{"bold":true,"text":"Tatiane "},{"text":"e a "},{"bold":true,"text":"Marcia "},{"text":"participaram do programa de emagrecimento..."}]}]},"groupId":"jqcz8razxwrxjh3fzefc0mzl"},{"id":"bb0xgnq69retij3fx3ew3b3q","type":"Wait","groupId":"jqcz8razxwrxjh3fzefc0mzl","options":{"secondsToWaitFor":"4"}},{"id":"rb0eszljxorqw0k6w0lemkv2","type":"audio","content":{"url":"https://s3.fr-par.scw.cloud/typebot/public/typebots/k8umw3iwb14nta6nadij25gm/blocks/rb0eszljxorqw0k6w0lemkv2?v=1689630898259"},"groupId":"jqcz8razxwrxjh3fzefc0mzl"},{"id":"p1qobmoqq3apda8v37e1asuc","type":"Wait","groupId":"jqcz8razxwrxjh3fzefc0mzl","options":{"secondsToWaitFor":"8"}},{"id":"upv5ot4iz5nukqqdhhv2ezfe","type":"image","content":{"url":"https://s3.fr-par.scw.cloud/typebot/public/typebots/k8umw3iwb14nta6nadij25gm/blocks/upv5ot4iz5nukqqdhhv2ezfe?v=1689631208812"},"groupId":"jqcz8razxwrxjh3fzefc0mzl"},{"id":"jfo26hmr4xumgkn24ks1dmad","type":"Wait","groupId":"jqcz8razxwrxjh3fzefc0mzl","options":{"secondsToWaitFor":"15"}},{"id":"aia66k59x6131pjzxdhsgfmm","type":"audio","content":{"url":"https://s3.fr-par.scw.cloud/typebot/public/typebots/k8umw3iwb14nta6nadij25gm/blocks/aia66k59x6131pjzxdhsgfmm?v=1689631535922"},"groupId":"jqcz8razxwrxjh3fzefc0mzl"},{"id":"mkkw6tn0ra2dbpnnmk836mhd","type":"Wait","groupId":"jqcz8razxwrxjh3fzefc0mzl","options":{"secondsToWaitFor":"15"}},{"id":"vdbxuk9if1wfn2fynoj9dqf3","type":"image","content":{"url":"https://s3.fr-par.scw.cloud/typebot/public/typebots/k8umw3iwb14nta6nadij25gm/blocks/vdbxuk9if1wfn2fynoj9dqf3?v=1689631457553"},"groupId":"jqcz8razxwrxjh3fzefc0mzl"},{"id":"x9u4s2o6y8sdx4zwnvqsf2v0","type":"Wait","groupId":"jqcz8razxwrxjh3fzefc0mzl","options":{"secondsToWaitFor":"15"}},{"id":"vgianh5sprafpagtgdxvvyyf","type":"audio","content":{"url":"https://s3.fr-par.scw.cloud/typebot/public/typebots/k8umw3iwb14nta6nadij25gm/blocks/vgianh5sprafpagtgdxvvyyf?v=1689631603627"},"groupId":"jqcz8razxwrxjh3fzefc0mzl"},{"id":"f6f28fv3clqys3wy2p9imiyz","type":"Wait","groupId":"jqcz8razxwrxjh3fzefc0mzl","options":{"secondsToWaitFor":"10"}},{"id":"cd7cj9gjzuu867agz05tacnq","type":"text","content":{"richText":[{"type":"p","children":[{"bold":true,"text":"Você"},{"text":" "},{"bold":true,"text":"ficaria"},{"text":" "},{"bold":true,"text":"feliz"},{"text":" com esses resultados?"}]}]},"groupId":"jqcz8razxwrxjh3fzefc0mzl"},{"id":"mx9cabvqd2wwupbj9m4exrui","type":"Wait","groupId":"jqcz8razxwrxjh3fzefc0mzl","options":{"secondsToWaitFor":"2"}},{"id":"dpkdk9p9ji2g7mtsc74f08m5","type":"choice input","items":[{"id":"nzlxoh2tofuuz0fxzb31ae6e","type":0,"blockId":"dpkdk9p9ji2g7mtsc74f08m5","content":"Sim, muito!!!","outgoingEdgeId":"ne89g40w09t58p66avieq3sq"}],"groupId":"jqcz8razxwrxjh3fzefc0mzl","options":{"buttonLabel":"Send","isSearchable":false,"isMultipleChoice":false,"searchInputPlaceholder":"Filter the options..."}}],"graphCoordinates":{"x":457.88,"y":159.84}},{"id":"ord8r6sqj9fglixycsiskyqh","title":"Q4","blocks":[{"id":"dns68fecgif7ayo4f2rnojep","type":"Wait","groupId":"ord8r6sqj9fglixycsiskyqh","options":{"secondsToWaitFor":"2"}},{"id":"ffz31w3tijem4ot1mf73nf1i","type":"audio","content":{"url":"https://s3.fr-par.scw.cloud/typebot/public/typebots/k8umw3iwb14nta6nadij25gm/blocks/ffz31w3tijem4ot1mf73nf1i?v=1689637759241"},"groupId":"ord8r6sqj9fglixycsiskyqh"},{"id":"opf9rn2srmpfxro1mxi9eh25","type":"Wait","groupId":"ord8r6sqj9fglixycsiskyqh","options":{"secondsToWaitFor":"15"}},{"id":"omd2u5rndhok958iddtwl9pl","type":"audio","content":{"url":"https://s3.fr-par.scw.cloud/typebot/public/typebots/k8umw3iwb14nta6nadij25gm/blocks/omd2u5rndhok958iddtwl9pl?v=1689637787132"},"groupId":"ord8r6sqj9fglixycsiskyqh"},{"id":"tgzx77o53oba2whqn6zz307g","type":"Wait","groupId":"ord8r6sqj9fglixycsiskyqh","options":{"secondsToWaitFor":"10"}},{"id":"pxia218g4kmzavzoclk8qv73","type":"audio","content":{"url":"https://s3.fr-par.scw.cloud/typebot/public/typebots/k8umw3iwb14nta6nadij25gm/blocks/pxia218g4kmzavzoclk8qv73?v=1689637811005"},"groupId":"ord8r6sqj9fglixycsiskyqh"},{"id":"mvgkrz3jc7hlysy9mgf8rv3t","type":"Wait","groupId":"ord8r6sqj9fglixycsiskyqh","options":{"secondsToWaitFor":"12"}},{"id":"xw0bfsxwxvd8mngwblawsk07","type":"text","content":{"richText":[{"type":"p","children":[{"text":"Por isso, para "},{"bold":true,"text":"garantir a sua vaga"},{"text":", eu peço apenas que você pague uma "},{"bold":true,"text":"Taxa de Inscrição"},{"text":" que é apenas "},{"bold":true,"text":"R$37,00"},{"text":". Isso é apenas para garantir que você vai se "},{"bold":true,"text":"comprometer com o Programa"},{"text":" e que não vai abandona-lo. Antes era de graça, mas muitas pessoas abandonavam e acabava ocupando meu tempo atoa."}]}]},"groupId":"ord8r6sqj9fglixycsiskyqh"},{"id":"vwg4b420pyoxtcz6ntfxt6lg","type":"Wait","groupId":"ord8r6sqj9fglixycsiskyqh","options":{"secondsToWaitFor":"12"}},{"id":"m4n4eracnndj645ckf22bqr9","type":"audio","content":{"url":"https://s3.fr-par.scw.cloud/typebot/public/typebots/k8umw3iwb14nta6nadij25gm/blocks/m4n4eracnndj645ckf22bqr9?v=1689638058471"},"groupId":"ord8r6sqj9fglixycsiskyqh"},{"id":"iqvygf7nbq3txyngpuofgb3e","type":"Wait","groupId":"ord8r6sqj9fglixycsiskyqh","options":{"secondsToWaitFor":"20"}},{"id":"g519mrf7q8f107alk3e667rw","type":"text","content":{"richText":[{"type":"p","children":[{"text":"Restam "},{"bold":true,"text":"APENAS 4 VAGAS"},{"text":" para participar do"},{"bold":true,"text":" Programa de Emagrecimento"},{"text":" e eu "},{"bold":true,"text":"posso reservar uma vaga para você"},{"text":", mas é "},{"bold":true,"text":"somente agora"},{"text":"."}]}]},"groupId":"ord8r6sqj9fglixycsiskyqh"},{"id":"ar0oaa3he7pmd0btp012a17b","type":"Wait","groupId":"ord8r6sqj9fglixycsiskyqh","options":{"secondsToWaitFor":"5"}},{"id":"riiq1dg9p3lieecpxvdy7q02","type":"text","content":{"richText":[{"type":"p","children":[{"text":"Basta clicar no botão e fazer sua "},{"bold":true,"text":"INSCRIÇÃO"},{"text":"!"}]}]},"groupId":"ord8r6sqj9fglixycsiskyqh"},{"id":"grdwlvzrnam794z2e8rmi9bl","type":"image","content":{"url":"https://s3.fr-par.scw.cloud/typebot/public/typebots/k8umw3iwb14nta6nadij25gm/blocks/grdwlvzrnam794z2e8rmi9bl?v=1689645144209","clickLink":{"url":"https://app.monetizze.com.br/checkout/KRG67129"}},"groupId":"ord8r6sqj9fglixycsiskyqh"},{"id":"o4wmj7lni88nk6wtuy0ykcri","type":"Code","groupId":"ord8r6sqj9fglixycsiskyqh","options":{"name":"Script","content":"fbq('track', 'InitiateCheckout');"}},{"id":"s08thgw50w71jn1sqlx97jsu","type":"Wait","groupId":"ord8r6sqj9fglixycsiskyqh","options":{"secondsToWaitFor":"20"}},{"id":"via7huxkwlml0gchnaz528ww","type":"text","content":{"richText":[{"type":"p","children":[{"text":"Ou... redirecionaremos você automaticamente em alguns segundos..."}]}]},"groupId":"ord8r6sqj9fglixycsiskyqh"},{"id":"ojc35c7lqflx7c98wszj01mq","type":"Wait","groupId":"ord8r6sqj9fglixycsiskyqh","options":{"secondsToWaitFor":"10"}},{"id":"ggimr5qkp6wg4o5fscr00lvx","type":"Redirect","groupId":"ord8r6sqj9fglixycsiskyqh","options":{"url":"https://app.monetizze.com.br/checkout/KRG67129","isNewTab":false}}],"graphCoordinates":{"x":1262.72,"y":156.27}},{"id":"a90d9qy9dppw9mkunk2kjgei","title":"Welcome","blocks":[{"id":"cl1r16nes005z2e6d3aj23kfz","type":"text","content":{"richText":[{"type":"p","children":[{"text":"Dra. Fernanda está digitando..."}]}]},"groupId":"a90d9qy9dppw9mkunk2kjgei"},{"id":"cl1r15w5p005t2e6d670v9nbi","type":"text","content":{"richText":[{"type":"p","children":[{"bold":true,"text":"[VOCÊ FOI ESCOLHIDA]"}]},{"type":"p","children":[{"text":""}]},{"type":"p","children":[{"bold":true,"text":"ESSA "},{"bold":true,"text":"CONSULTA É GRATUITA!","underline":true}]}]},"groupId":"a90d9qy9dppw9mkunk2kjgei"},{"id":"xgk7msszu8hj13y3019mi8ye","type":"Wait","groupId":"a90d9qy9dppw9mkunk2kjgei","options":{"secondsToWaitFor":"2"}},{"id":"cl1r16rt400622e6d32uta7mi","type":"text","content":{"richText":[{"type":"p","children":[{"text":"Olá, tudo bem com você? Meu nome é Dra. Fernanda... "}]}]},"groupId":"a90d9qy9dppw9mkunk2kjgei"},{"id":"rmsnqyvvmmszgqa8haaxx5vu","type":"Wait","groupId":"a90d9qy9dppw9mkunk2kjgei","options":{"secondsToWaitFor":"3"}},{"id":"fsdq7uv4675d9lf0mqnok9sl","type":"text","content":{"richText":[{"type":"p","children":[{"text":"Sou Nutricionista há 8 anos e "},{"bold":true,"text":"Criadora Oficial do Chá Seca Barriga"}]}]},"groupId":"a90d9qy9dppw9mkunk2kjgei"},{"id":"cel6jqe2odt70jsyyejn3b76","type":"Wait","groupId":"a90d9qy9dppw9mkunk2kjgei","options":{"secondsToWaitFor":"4"}},{"id":"bn0gus1yvecndzd8ut3lehkl","type":"audio","content":{"url":"https://s3.fr-par.scw.cloud/typebot/public/typebots/k8umw3iwb14nta6nadij25gm/blocks/bn0gus1yvecndzd8ut3lehkl?v=1689629130981"},"groupId":"a90d9qy9dppw9mkunk2kjgei"},{"id":"w4jb37lyxdbeg74ofnsxlt5g","type":"Wait","groupId":"a90d9qy9dppw9mkunk2kjgei","options":{"secondsToWaitFor":"10"}},{"id":"twaoh89qvg5kdshb8qlqimwj","type":"image","content":{"url":"https://s3.fr-par.scw.cloud/typebot/public/typebots/k8umw3iwb14nta6nadij25gm/blocks/twaoh89qvg5kdshb8qlqimwj?v=1689629166340"},"groupId":"a90d9qy9dppw9mkunk2kjgei"},{"id":"b8yqt0efziw73thc053dcf00","type":"Wait","groupId":"a90d9qy9dppw9mkunk2kjgei","options":{"secondsToWaitFor":"10"}},{"id":"tjvebkyt8ok8s79e3wikbjz6","type":"audio","content":{"url":"https://s3.fr-par.scw.cloud/typebot/public/typebots/k8umw3iwb14nta6nadij25gm/blocks/tjvebkyt8ok8s79e3wikbjz6?v=1689629203007"},"groupId":"a90d9qy9dppw9mkunk2kjgei"},{"id":"xqjr5tzv4gs141letypcs3ii","type":"Wait","groupId":"a90d9qy9dppw9mkunk2kjgei","options":{"secondsToWaitFor":"12"}},{"id":"cl1r176e900692e6d8u3k6sdq","type":"choice input","items":[{"id":"cl1r176e9006a2e6dpvp0974z","type":0,"blockId":"cl1r176e900692e6d8u3k6sdq","content":"Sim, Tenho Interesse!","outgoingEdgeId":"p3tp47rthkkozdf0x2zezl0s"}],"groupId":"a90d9qy9dppw9mkunk2kjgei","options":{"buttonLabel":"Send","isMultipleChoice":false}}],"graphCoordinates":{"x":-453.77,"y":182.65}},{"id":"ygqr83ks8snbt4i2hrp8n28f","title":"Q3","blocks":[{"id":"a4jys1y9ivejtd0c0deumylt","type":"Wait","groupId":"ygqr83ks8snbt4i2hrp8n28f","options":{"secondsToWaitFor":"2"}},{"id":"cl1r0eril001b2e6dh43cqhv5","type":"text","content":{"richText":[{"type":"p","children":[{"text":"Que legal! "}]}]},"groupId":"ygqr83ks8snbt4i2hrp8n28f"},{"id":"cuibnef3cho76uoqkeatfnxj","type":"Wait","groupId":"ygqr83ks8snbt4i2hrp8n28f","options":{"secondsToWaitFor":"2"}},{"id":"d0quxebnnxn3rr5fn88nxaf0","type":"text","content":{"richText":[{"type":"p","children":[{"text":"Quero te falar que, com "},{"bold":true,"text":"meu auxilio"},{"text":" e "},{"bold":true,"text":"sua dedicação"},{"text":" isso "},{"bold":true,"text":"será possível!"}]}]},"groupId":"ygqr83ks8snbt4i2hrp8n28f"},{"id":"sgibywow5sawc8schza0b47t","type":"Wait","groupId":"ygqr83ks8snbt4i2hrp8n28f","options":{"secondsToWaitFor":"10"}},{"id":"bsyqiapmou9ttr1t4n0kzob6","type":"text","content":{"richText":[{"type":"p","children":[{"text":"Vou te explicar como funciona o "},{"bold":true,"text":"Programa de Emagrecimento"},{"text":", ok?"}]}]},"groupId":"ygqr83ks8snbt4i2hrp8n28f"},{"id":"wrlu54emsvsm6t1oihocjr0m","type":"Wait","groupId":"ygqr83ks8snbt4i2hrp8n28f","options":{"secondsToWaitFor":"10"}},{"id":"pkcbnz62lwpo4cl09af7wxtk","type":"text","content":{"richText":[{"type":"p","children":[{"text":"É "},{"bold":true,"text":"bem simples e fácil"},{"text":" de executar nosso programa..."}]}]},"groupId":"ygqr83ks8snbt4i2hrp8n28f"},{"id":"yd1wdj2uw9145gfa4bx7oex3","type":"Wait","groupId":"ygqr83ks8snbt4i2hrp8n28f","options":{"secondsToWaitFor":"8"}},{"id":"l72se21m5p8f5hju613ondhn","type":"text","content":{"richText":[{"type":"p","children":[{"text":"Você receberá um e-book onde se encontra todo o passo a passo para fazer o "},{"bold":true,"text":"Chá Seca Barriga!"}]}]},"groupId":"ygqr83ks8snbt4i2hrp8n28f"},{"id":"bqgplbqpmmhdpmyxcdf89jwi","type":"Wait","groupId":"ygqr83ks8snbt4i2hrp8n28f","options":{"secondsToWaitFor":"10"}},{"id":"s3mhgkts68egscphm3z3flrv","type":"text","content":{"richText":[{"type":"p","children":[{"text":"Com a receita em mãos, você poderá utilizar o Chá "},{"bold":true,"text":"conforme está descrito"},{"text":" no e-book."}]}]},"groupId":"ygqr83ks8snbt4i2hrp8n28f"},{"id":"i2irambmj7w5evseh2jfr0ja","type":"Wait","groupId":"ygqr83ks8snbt4i2hrp8n28f","options":{"secondsToWaitFor":"10"}},{"id":"mhpjdwwma2eo2hjcl5z1zqhn","type":"text","content":{"richText":[{"type":"p","children":[{"text":"Não tem "},{"bold":true,"text":"segredo"},{"text":", nem "},{"bold":true,"text":"truque"},{"text":", nem "},{"bold":true,"text":"mágica"},{"text":". Simplesmente é só "},{"bold":true,"text":"seguir todo o passo a passo corretamente"},{"text":" e ver seu "},{"bold":true,"text":"resultad"},{"text":"o de perto."}]}]},"groupId":"ygqr83ks8snbt4i2hrp8n28f"},{"id":"q6mwpl5sjyom5fmi2rw6ojyw","type":"Wait","groupId":"ygqr83ks8snbt4i2hrp8n28f","options":{"secondsToWaitFor":"12"}},{"id":"fjsmki4k5qnk4ot28yq44yqv","type":"text","content":{"richText":[{"type":"p","children":[{"text":"Se você não está acreditando no potencial do chá, olha aqui o depoimento da "},{"bold":true,"text":"Rose"},{"text":"..."}]}]},"groupId":"ygqr83ks8snbt4i2hrp8n28f"},{"id":"i32rc5c3f55xopvy7o1hbo8w","type":"Wait","groupId":"ygqr83ks8snbt4i2hrp8n28f","options":{"secondsToWaitFor":"8"}},{"id":"g4f82oq7myn1gny5i6jt1jl2","type":"image","content":{"url":"https://s3.fr-par.scw.cloud/typebot/public/typebots/k8umw3iwb14nta6nadij25gm/blocks/g4f82oq7myn1gny5i6jt1jl2?v=1689633327918"},"groupId":"ygqr83ks8snbt4i2hrp8n28f"},{"id":"uquceoekl7h2d8gxzs4j79r0","type":"Wait","groupId":"ygqr83ks8snbt4i2hrp8n28f","options":{"secondsToWaitFor":"10"}},{"id":"eycnoohdf9ewzcx2cioase80","type":"text","content":{"richText":[{"type":"p","children":[{"text":"Você gostaria de saber mais sobre o nosso"},{"bold":true,"text":" Programa de Emagrecimento"},{"text":"?"}]}]},"groupId":"ygqr83ks8snbt4i2hrp8n28f"},{"id":"c17txg4hp4ufcrfyz02x9uz9","type":"Wait","groupId":"ygqr83ks8snbt4i2hrp8n28f","options":{"secondsToWaitFor":"2"}},{"id":"s6fvf65uxmetqiu4yuhdgapk","type":"choice input","items":[{"id":"uc73vsl58u89sv7mos5qwrr7","type":0,"blockId":"s6fvf65uxmetqiu4yuhdgapk","content":"Sim, Gostaria!"}],"groupId":"ygqr83ks8snbt4i2hrp8n28f","options":{"buttonLabel":"Send","isSearchable":false,"isMultipleChoice":false,"searchInputPlaceholder":"Filter the options..."}},{"id":"grtqku19a5t2z075f6r279cx","type":"Wait","groupId":"ygqr83ks8snbt4i2hrp8n28f","options":{"secondsToWaitFor":"3"}},{"id":"g7r5q3eq7qxnqf7p0if0rz7l","type":"text","content":{"richText":[{"type":"p","children":[{"text":"Até o momento, mais de 200 mulheres "},{"bold":true,"text":"participaram"},{"text":" do nosso "},{"bold":true,"text":"Programa de Emagrecimento"},{"text":"..."}]}]},"groupId":"ygqr83ks8snbt4i2hrp8n28f"},{"id":"p4i56plog70xen418rcmbt2z","type":"Wait","groupId":"ygqr83ks8snbt4i2hrp8n28f","options":{"secondsToWaitFor":"8"}},{"id":"az002bh9bmjdug4b6au57uvo","type":"text","content":{"richText":[{"type":"p","children":[{"text":"Vou te citar alguns dos benefícios ao participar do nosso "},{"bold":true,"text":"Programa"}]}]},"groupId":"ygqr83ks8snbt4i2hrp8n28f"},{"id":"e0c43qxpci9fretjvk6o2scs","type":"Wait","groupId":"ygqr83ks8snbt4i2hrp8n28f","options":{"secondsToWaitFor":"5"}},{"id":"i96l6stb3nwbh22s9zce4ax3","type":"text","content":{"richText":[{"type":"p","children":[{"text":"✅ Perda de peso rápido"}]},{"type":"p","children":[{"text":"✅ Redução de celulite"}]},{"type":"p","children":[{"text":"✅ Aumento da autoestima"}]},{"type":"p","children":[{"text":"✅ Redução de ansiedade"}]},{"type":"p","children":[{"text":"✅ Menor queda de cabelo"}]},{"type":"p","children":[{"text":"✅ Eliminaram dores no corpo"}]},{"type":"p","children":[{"text":"✅ Mais apetite sexual"}]},{"type":"p","children":[{"text":"✅ Sensação de bem estar"}]},{"type":"p","children":[{"text":"✅ Prevenção de doenças"}]}]},"groupId":"ygqr83ks8snbt4i2hrp8n28f"},{"id":"aqjoxyue6pj81sfe9xn8r9jm","type":"Wait","groupId":"ygqr83ks8snbt4i2hrp8n28f","options":{"secondsToWaitFor":"10"}},{"id":"g7lpdotcqplgy9sku63cbuh8","type":"audio","content":{"url":"https://s3.fr-par.scw.cloud/typebot/public/typebots/k8umw3iwb14nta6nadij25gm/blocks/g7lpdotcqplgy9sku63cbuh8?v=1689633693393"},"groupId":"ygqr83ks8snbt4i2hrp8n28f"},{"id":"er977lk2whji6vbmsm5ifvsa","type":"Wait","groupId":"ygqr83ks8snbt4i2hrp8n28f","options":{"secondsToWaitFor":"5"}},{"id":"h24mswoiuwt9c816oasymum0","type":"text","content":{"richText":[{"type":"p","children":[{"text":"Gostaria de "},{"bold":true,"text":"PARTICIPAR"},{"text":"?"}]}]},"groupId":"ygqr83ks8snbt4i2hrp8n28f"},{"id":"qjd83ku32rwltldee5t5ras1","type":"Wait","groupId":"ygqr83ks8snbt4i2hrp8n28f","options":{"secondsToWaitFor":"2"}},{"id":"po3s02ae5rqryb23cmv98duv","type":"choice input","items":[{"id":"hha0ze4zydw2ivonz43ilqzm","type":0,"blockId":"po3s02ae5rqryb23cmv98duv","content":"Sim, Gostaria!","outgoingEdgeId":"la3bnbkemyotxghk4v0amyiw"}],"groupId":"ygqr83ks8snbt4i2hrp8n28f","options":{"buttonLabel":"Send","isSearchable":false,"isMultipleChoice":false,"searchInputPlaceholder":"Filter the options..."}}],"graphCoordinates":{"x":853.48,"y":160.31}}],"variables":[{"id":"vamxkq0bu314hgcpr2pr0q16l","name":"Nome"},{"id":"vkdg8dbbeg4w1xqyvxacmasmg","name":"Peso"},{"id":"vqmzatxj6pg792bqm7rezqzf8","name":"Altura"},{"id":"vlpgg83tbmcy95qmj5xw05f2j","name":"Telefone"}],"edges":[{"id":"v8scqyvn7lyyq63cdla1b0nc","to":{"groupId":"a90d9qy9dppw9mkunk2kjgei"},"from":{"blockId":"cl1qz4lui00027w1a19prdgzd","groupId":"zna812dugha9s5lypzrkscfy"}},{"id":"p3tp47rthkkozdf0x2zezl0s","to":{"groupId":"qaptk8ehx5nv8ytpwnv3sro3"},"from":{"itemId":"cl1r176e9006a2e6dpvp0974z","blockId":"cl1r176e900692e6d8u3k6sdq","groupId":"a90d9qy9dppw9mkunk2kjgei"}},{"id":"rjs89j3i8eloc754elld4xy0","to":{"groupId":"jqcz8razxwrxjh3fzefc0mzl"},"from":{"itemId":"ze0vspgmccpejdhopqgy54zx","blockId":"mq9fr329u5ga4m30qkgwwyvv","groupId":"qaptk8ehx5nv8ytpwnv3sro3"}},{"id":"ne89g40w09t58p66avieq3sq","to":{"groupId":"ygqr83ks8snbt4i2hrp8n28f"},"from":{"itemId":"nzlxoh2tofuuz0fxzb31ae6e","blockId":"dpkdk9p9ji2g7mtsc74f08m5","groupId":"jqcz8razxwrxjh3fzefc0mzl"}},{"id":"la3bnbkemyotxghk4v0amyiw","to":{"groupId":"ord8r6sqj9fglixycsiskyqh"},"from":{"itemId":"hha0ze4zydw2ivonz43ilqzm","blockId":"po3s02ae5rqryb23cmv98duv","groupId":"ygqr83ks8snbt4i2hrp8n28f"}}],"theme":{"chat":{"inputs":{"color":"#303235","backgroundColor":"#FFFFFF","placeholderColor":"#9095A0"},"buttons":{"color":"#FFFFFF","backgroundColor":"#0d9488"},"hostAvatar":{"url":"https://s3.fr-par.scw.cloud/typebot/public/typebots/k8umw3iwb14nta6nadij25gm/hostAvatar?v=1689639074604","isEnabled":true},"guestAvatar":{"url":"https://s3.fr-par.scw.cloud/typebot/public/typebots/k8umw3iwb14nta6nadij25gm/guestAvatar?v=1689639071440","isEnabled":false},"hostBubbles":{"color":"#303235","backgroundColor":"#F7F8FF"},"guestBubbles":{"color":"#303235","backgroundColor":"#F7F8FF"}},"general":{"font":"Inter","background":{"type":"Image","content":"https://s3.fr-par.scw.cloud/typebot/public/typebots/k8umw3iwb14nta6nadij25gm/background?v=1689641808679"}},"customCss":""},"settings":{"general":{"rememberUser":{"isEnabled":false},"isBrandingEnabled":true,"isInputPrefillEnabled":true,"isResultSavingEnabled":true,"isHideQueryParamsEnabled":true,"isNewResultOnRefreshEnabled":true},"metadata":{"title":"WhatsApp Web","favIconUrl":"https://s3.fr-par.scw.cloud/typebot/public/typebots/k8umw3iwb14nta6nadij25gm/favIcon?v=1689641205272","description":"","customHeadCode":"<!-- Meta Pixel Code -->\n<script>\n  !function(f,b,e,v,n,t,s)\n  {if(f.fbq)return;n=f.fbq=function(){n.callMethod?\n  n.callMethod.apply(n,arguments):n.queue.push(arguments)};\n  if(!f._fbq)f._fbq=n;n.push=n;n.loaded=!0;n.version='2.0';\n  n.queue=[];t=b.createElement(e);t.async=!0;\n  t.src=v;s=b.getElementsByTagName(e)[0];\n  s.parentNode.insertBefore(t,s)}(window, document,'script',\n  'https://connect.facebook.net/en_US/fbevents.js');\n  fbq('init', '232851229670614');\n  fbq('track', 'PageView');\n</script>\n<noscript><img height=\"1\" width=\"1\" style=\"display:none\"\n  src=\"https://www.facebook.com/tr?id=232851229670614&ev=PageView&noscript=1\"\n/></noscript>\n<!-- End Meta Pixel Code -->"},"typingEmulation":{"speed":100,"enabled":true,"maxDelay":5}}}