{"id":"clksj1mgd001sjy0fdnguev78","version":"3","groups":[{"id":"bfqy30kxp6lw6vovp2t4ol3w","title":"Start","blocks":[{"id":"cx5iel8jxfo4caorf8rnjiw0","type":"start","label":"Start","groupId":"bfqy30kxp6lw6vovp2t4ol3w","outgoingEdgeId":"c99livd1ircrotiitfm7mmc4"}],"graphCoordinates":{"x":-2172.72,"y":20.35}},{"id":"g7re6of7erkkbi2f1oa7gdge","title":"","blocks":[{"id":"kl16bf94mpvm7ux0w9yhaksc","type":"text","content":{"richText":[{"type":"p","children":[{"bold":true,"text":"[VOCÊ"},{"text":" "},{"bold":true,"text":"FOI"},{"text":" "},{"bold":true,"text":"SELECIONADA]"}]},{"type":"p","children":[{"bold":true,"text":""}]},{"type":"p","children":[{"bold":true,"text":"ESSA CONSULTA ASTROLÓGICA É","underline":true},{"text":" ","underline":true},{"bold":true,"text":"GRATUITA","underline":true},{"bold":true,"text":"!"}]}]},"groupId":"g7re6of7erkkbi2f1oa7gdge"},{"id":"eup7zzysyzl3405c8c9e8wce","type":"Wait","groupId":"g7re6of7erkkbi2f1oa7gdge","options":{"secondsToWaitFor":"2"}},{"id":"ojoiuqw11ol7mluihnpdkffy","type":"text","content":{"richText":[{"type":"p","children":[{"text":"Olá minha cara, eu me chamo "},{"bold":true,"text":"Luna "},{"text":"🌙✨"}]}]},"groupId":"g7re6of7erkkbi2f1oa7gdge"},{"id":"h9jhpsm5w83cfrwtlqtvsd38","type":"Wait","groupId":"g7re6of7erkkbi2f1oa7gdge","options":{"secondsToWaitFor":"5"}},{"id":"jbzqhf8x0ahkeojqxrbwzi5t","type":"audio","content":{"url":"https://s3.fr-par.scw.cloud/typebot/public/typebots/njvbi9pvrkr92neltjy609q8/blocks/jbzqhf8x0ahkeojqxrbwzi5t?v=1689448720580"},"groupId":"g7re6of7erkkbi2f1oa7gdge"},{"id":"amfwk99rwrspc7o6hro0bv7v","type":"Wait","groupId":"g7re6of7erkkbi2f1oa7gdge","options":{"secondsToWaitFor":"17"}},{"id":"q73uerlls0d86v1x9d7ftsd1","type":"text","content":{"richText":[{"type":"p","children":[{"text":"👇"}]}]},"groupId":"g7re6of7erkkbi2f1oa7gdge"},{"id":"fide1ea2losfqc4q3ifpyvzw","type":"Wait","groupId":"g7re6of7erkkbi2f1oa7gdge","options":{"secondsToWaitFor":"2"}},{"id":"g91i1t2tlt9qkl5dvxggin3o","type":"image","content":{"url":"https://s3.fr-par.scw.cloud/typebot/public/typebots/njvbi9pvrkr92neltjy609q8/blocks/g91i1t2tlt9qkl5dvxggin3o?v=1689894566511"},"groupId":"g7re6of7erkkbi2f1oa7gdge"},{"id":"dbi2zwoddcnec8xrykof79b8","type":"Wait","groupId":"g7re6of7erkkbi2f1oa7gdge","options":{"secondsToWaitFor":"4"}},{"id":"qgabe8bc82icxs4d0qnrazvx","type":"text","content":{"richText":[{"type":"p","children":[{"text":"Você gostaria de "},{"bold":true,"text":"descobrir"},{"text":" o rosto da sua verdadeira "},{"bold":true,"text":"alma gêmea? "},{"text":"💞"},{"bold":true,"text":" "}]}]},"groupId":"g7re6of7erkkbi2f1oa7gdge"},{"id":"lm9dgkb4dygaq3pcs1zzt7hd","type":"choice input","items":[{"id":"blo4688li2ckll8q6rpx4oz7","type":0,"blockId":"lm9dgkb4dygaq3pcs1zzt7hd","content":"Sim, Luna!","outgoingEdgeId":"ti0y74d7604em4yo0zsrls4r"}],"groupId":"g7re6of7erkkbi2f1oa7gdge","options":{"buttonLabel":"Send","isSearchable":false,"isMultipleChoice":false,"searchInputPlaceholder":"Filter the options..."}}],"graphCoordinates":{"x":-1790.56,"y":28.55}},{"id":"dthlz6q4qkw8eyuwvcrr2xdo","title":"","blocks":[{"id":"py35azjk4pk4bcbr52j9b7vn","type":"Wait","groupId":"dthlz6q4qkw8eyuwvcrr2xdo","options":{"secondsToWaitFor":"5"}},{"id":"zjpkxfmfsvxezj9p0xww1k3k","type":"text","content":{"richText":[{"type":"p","children":[{"text":"Chegou aqui a foto"}]}]},"groupId":"dthlz6q4qkw8eyuwvcrr2xdo"},{"id":"oj5f19zeiqkr12ed4qbuxlcl","type":"Wait","groupId":"dthlz6q4qkw8eyuwvcrr2xdo","options":{"secondsToWaitFor":"2"}},{"id":"lzvuxflu4pw03w2p1bvthso0","type":"text","content":{"richText":[{"type":"p","children":[{"text":"Ficou perfeita! "}]}]},"groupId":"dthlz6q4qkw8eyuwvcrr2xdo"},{"id":"ubidv1uga98xhtf2k2y2ife0","type":"Wait","groupId":"dthlz6q4qkw8eyuwvcrr2xdo","options":{"secondsToWaitFor":"3"}},{"id":"p72v7j6oia4oy91v9dwbeind","type":"text","content":{"richText":[{"type":"p","children":[{"text":"Agora me conte {{NOME}}, como anda sua "},{"bold":true,"text":"vida amorosa atualmente?"},{"text":" "}]}]},"groupId":"dthlz6q4qkw8eyuwvcrr2xdo"},{"id":"dh9whvlcx5w0s9bk8monaw2z","type":"text input","groupId":"dthlz6q4qkw8eyuwvcrr2xdo","options":{"isLong":false,"labels":{"button":"Enviar","placeholder":"Digite aqui..."}}},{"id":"fzfumyw7ixn08k4jnwnxssas","type":"Wait","groupId":"dthlz6q4qkw8eyuwvcrr2xdo","options":{"secondsToWaitFor":"6"}},{"id":"cfqaoidzqv9eagezal55d4q2","type":"text","content":{"richText":[{"type":"p","children":[{"bold":true,"text":"Entendo"},{"text":" perfeitamente viu..."}]}]},"groupId":"dthlz6q4qkw8eyuwvcrr2xdo"},{"id":"yl15plqeork342h13bff7d3r","type":"Wait","groupId":"dthlz6q4qkw8eyuwvcrr2xdo","options":{"secondsToWaitFor":"3"}},{"id":"ai7xfennwh2w18hy1iwmam7l","type":"text","content":{"richText":[{"type":"p","children":[{"text":"Encontrar a pessoa "},{"bold":true,"text":"certa "},{"text":"pra se relacionar pode ser uma "},{"bold":true,"text":"jornada desafiadora..."}]}]},"groupId":"dthlz6q4qkw8eyuwvcrr2xdo"},{"id":"emxcn0p1q3ggfjljykvenxk9","type":"Wait","groupId":"dthlz6q4qkw8eyuwvcrr2xdo","options":{"secondsToWaitFor":"10"}},{"id":"b67yqw5t665wip4u448klheu","type":"audio","content":{"url":"https://s3.fr-par.scw.cloud/typebot/public/typebots/njvbi9pvrkr92neltjy609q8/blocks/b67yqw5t665wip4u448klheu?v=1689371947327"},"groupId":"dthlz6q4qkw8eyuwvcrr2xdo"},{"id":"dplbiuj8idg6nuio0wam2o2x","type":"Wait","groupId":"dthlz6q4qkw8eyuwvcrr2xdo","options":{"secondsToWaitFor":"18"}},{"id":"fbtbbjrt1a8rjl9a4wo7b2o2","type":"image","content":{"url":"https://s3.fr-par.scw.cloud/typebot/public/typebots/njvbi9pvrkr92neltjy609q8/blocks/fbtbbjrt1a8rjl9a4wo7b2o2?v=1689373219484"},"groupId":"dthlz6q4qkw8eyuwvcrr2xdo"},{"id":"nz46ui68a16gtcbtln1vf8ac","type":"Wait","groupId":"dthlz6q4qkw8eyuwvcrr2xdo","options":{"secondsToWaitFor":"2"}},{"id":"ogte1omn91aqtetowze80is5","type":"text","content":{"richText":[{"type":"p","children":[{"text":"Hoje eles estão morando juntos e até adotaram um filhote 🥰"}]}]},"groupId":"dthlz6q4qkw8eyuwvcrr2xdo"},{"id":"tqrx408qz0zt8ecoigbemlvv","type":"Wait","groupId":"dthlz6q4qkw8eyuwvcrr2xdo","options":{"secondsToWaitFor":"8"}},{"id":"pt25tv657uxw5omj9h3gm0ia","type":"audio","content":{"url":"https://s3.fr-par.scw.cloud/typebot/public/typebots/njvbi9pvrkr92neltjy609q8/blocks/pt25tv657uxw5omj9h3gm0ia?v=1689371995029"},"groupId":"dthlz6q4qkw8eyuwvcrr2xdo"},{"id":"k5qaiu60f53pzbogd2est5q4","type":"Wait","groupId":"dthlz6q4qkw8eyuwvcrr2xdo","options":{"secondsToWaitFor":"8"}},{"id":"w0aur5w6im2bjg7x1s8qq2ay","type":"text","content":{"richText":[{"type":"p","children":[{"text":"Veja só… 👇"}]}]},"groupId":"dthlz6q4qkw8eyuwvcrr2xdo"},{"id":"wpbkb85q0m3o8wn8vfv3x742","type":"embed","content":{"url":"https://scripts.converteai.net/763786a3-7c36-4dbe-959f-ce911d5a49ee/players/64b1cbc64d8d330009adf2e3/embed.html","height":190},"groupId":"dthlz6q4qkw8eyuwvcrr2xdo"},{"id":"zg4eijag4kioo4uqx9b250yi","type":"Wait","groupId":"dthlz6q4qkw8eyuwvcrr2xdo","options":{"secondsToWaitFor":"45"},"outgoingEdgeId":"l7l1z9nm9rjtrvrpcdgn6az6"}],"graphCoordinates":{"x":118.85,"y":44.65}},{"id":"l1k34iy5lgkcfbr382vhgq5p","title":"","blocks":[{"id":"glqv1kxo1gzmxxqm8sx6kk40","type":"Wait","groupId":"l1k34iy5lgkcfbr382vhgq5p","options":{"secondsToWaitFor":"6"}},{"id":"d5j0hyi5trlt2iq2d121lx8a","type":"audio","content":{"url":"https://s3.fr-par.scw.cloud/typebot/public/typebots/njvbi9pvrkr92neltjy609q8/blocks/d5j0hyi5trlt2iq2d121lx8a?v=1689372262031"},"groupId":"l1k34iy5lgkcfbr382vhgq5p"},{"id":"kct1yw51p9oksvrk01nyrgy5","type":"Wait","groupId":"l1k34iy5lgkcfbr382vhgq5p","options":{"secondsToWaitFor":"15"}},{"id":"mcongxrwnqq8jn4t3ffkrxnh","type":"audio","content":{"url":"https://s3.fr-par.scw.cloud/typebot/public/typebots/njvbi9pvrkr92neltjy609q8/blocks/mcongxrwnqq8jn4t3ffkrxnh?v=1689372315061"},"groupId":"l1k34iy5lgkcfbr382vhgq5p","outgoingEdgeId":"t94cdq8kl1n5onwe7jqj0taj"}],"graphCoordinates":{"x":915.57,"y":42.2}},{"id":"npy5totr5v0r5dwohtb3go6o","title":"","blocks":[{"id":"jnwyu4r5ml5zf2qx8g9wzckw","type":"Wait","groupId":"npy5totr5v0r5dwohtb3go6o","options":{"secondsToWaitFor":"2"}},{"id":"z89gndevzji9x12r1pu15tkf","type":"text","content":{"richText":[{"type":"p","children":[{"text":"Maravilha!"}]}]},"groupId":"npy5totr5v0r5dwohtb3go6o"},{"id":"baq3wk2lcdmwsolt6l7c5f7h","type":"Wait","groupId":"npy5totr5v0r5dwohtb3go6o","options":{"secondsToWaitFor":"2"}},{"id":"vavp9uaggsvn6zejhe31amz4","type":"text","content":{"richText":[{"type":"p","children":[{"text":"Qual é o seu "},{"bold":true,"text":"nome?"}]}]},"groupId":"npy5totr5v0r5dwohtb3go6o"},{"id":"y7yjygq9j1wx2igyp2qoznad","type":"text input","groupId":"npy5totr5v0r5dwohtb3go6o","options":{"isLong":false,"labels":{"button":"Enviar","placeholder":"Digite aqui..."},"variableId":"vprp91gkcj6ooz2wteh9qrvjn"}},{"id":"foui626rt3xcv436bt8ams0u","type":"Wait","groupId":"npy5totr5v0r5dwohtb3go6o","options":{"secondsToWaitFor":"2"}},{"id":"wo3z7nujqsy3nq6eco52sfau","type":"text","content":{"richText":[{"type":"p","children":[{"text":"Muito prazer {{NOME}}"}]}]},"groupId":"npy5totr5v0r5dwohtb3go6o"},{"id":"jef823cp0he7hf24v1v5ylfi","type":"Wait","groupId":"npy5totr5v0r5dwohtb3go6o","options":{"secondsToWaitFor":"2"}},{"id":"qxhdyp7zce3in4k4hozn96ij","type":"text","content":{"richText":[{"type":"p","children":[{"text":"Vou te explicar "},{"bold":true,"text":"como"},{"text":" "},{"bold":true,"text":"funciona"},{"text":"..."}]}]},"groupId":"npy5totr5v0r5dwohtb3go6o"},{"id":"tn2zoescgbr0qrouqo56920u","type":"Wait","groupId":"npy5totr5v0r5dwohtb3go6o","options":{"secondsToWaitFor":"4"}},{"id":"vcnn5alg1mn3r1q8t1b39v6c","type":"audio","content":{"url":"https://s3.fr-par.scw.cloud/typebot/public/typebots/njvbi9pvrkr92neltjy609q8/blocks/vcnn5alg1mn3r1q8t1b39v6c?v=1689371531760"},"groupId":"npy5totr5v0r5dwohtb3go6o"},{"id":"ud1b4rjos3d0czl174bwar60","type":"Wait","groupId":"npy5totr5v0r5dwohtb3go6o","options":{"secondsToWaitFor":"7"}},{"id":"m435v6oefxku0cm0oyzcg2mb","type":"audio","content":{"url":"https://s3.fr-par.scw.cloud/typebot/public/typebots/njvbi9pvrkr92neltjy609q8/blocks/m435v6oefxku0cm0oyzcg2mb?v=1689371603595"},"groupId":"npy5totr5v0r5dwohtb3go6o"},{"id":"p8lgbx168xhylcmfdc3s5ctj","type":"Wait","groupId":"npy5totr5v0r5dwohtb3go6o","options":{"secondsToWaitFor":"10"}},{"id":"h1j9r3ix9c5n0c7odrdxbvl8","type":"text","content":{"richText":[{"type":"p","children":[{"text":"Podemos continuar? 😌"}]}]},"groupId":"npy5totr5v0r5dwohtb3go6o"},{"id":"pftp3s36rd6dygtiq95zn73k","type":"text input","groupId":"npy5totr5v0r5dwohtb3go6o","options":{"isLong":false,"labels":{"button":"Enviar","placeholder":"Digite aqui..."}},"outgoingEdgeId":"fpesmoay1jvsz014ytk7r3fh"}],"graphCoordinates":{"x":-1407.85,"y":35.41}},{"id":"eh06hpdo9y5uv6z4ex63alqq","title":"","blocks":[{"id":"ajrb9odpovoh1qrju3wubv7r","type":"Wait","groupId":"eh06hpdo9y5uv6z4ex63alqq","options":{"secondsToWaitFor":"2"}},{"id":"fl7yvv8p1u5p4hwuh3no0d3v","type":"text","content":{"richText":[{"type":"p","children":[{"text":"Muito bem..."}]}]},"groupId":"eh06hpdo9y5uv6z4ex63alqq"},{"id":"cjaxb79gf8wqdcr7d7ooxii3","type":"Wait","groupId":"eh06hpdo9y5uv6z4ex63alqq","options":{"secondsToWaitFor":"3"}},{"id":"vxurv0evtg9b6gxnvv0kw282","type":"text","content":{"richText":[{"type":"p","children":[{"bold":true,"text":"Primeiro, escolhe"},{"text":" "},{"bold":true,"text":"seu"},{"text":" "},{"bold":true,"text":"signo"},{"text":" clicando em uma das "},{"bold":true,"text":"imagens"},{"text":" abaixo 👇"}]}]},"groupId":"eh06hpdo9y5uv6z4ex63alqq"},{"id":"gonrvms1wbnz3dery4sk57ku","type":"Wait","groupId":"eh06hpdo9y5uv6z4ex63alqq","options":{"secondsToWaitFor":"2"}},{"id":"wuf1ejam45e0zu9mid36x4x0","type":"picture choice input","items":[{"id":"fs21dyzip8mhz65bttntzrju","type":3,"title":"ÁRIES","blockId":"wuf1ejam45e0zu9mid36x4x0","pictureSrc":"https://s3.fr-par.scw.cloud/typebot/public/typebots/p6z8sw64v7ai0k1epulm9t9o/blocks/wuf1ejam45e0zu9mid36x4x0/items/fs21dyzip8mhz65bttntzrju?v=1689360193592","description":"21 Mar - 20 Abr","outgoingEdgeId":"cnqkyn0csqvr2psiyktfn4av"},{"id":"stq0d7h1ysfjmne6gyepy9ju","type":3,"title":"TOURO","blockId":"wuf1ejam45e0zu9mid36x4x0","pictureSrc":"https://s3.fr-par.scw.cloud/typebot/public/typebots/p6z8sw64v7ai0k1epulm9t9o/blocks/wuf1ejam45e0zu9mid36x4x0/items/stq0d7h1ysfjmne6gyepy9ju?v=1689360211828","description":"21 Abr - 20 Mai","outgoingEdgeId":"q0bccb410hl1icu3mye654wy"},{"id":"fa94z8x3nwx14ujo6fnzftee","type":3,"title":"GÊMEOS","blockId":"wuf1ejam45e0zu9mid36x4x0","pictureSrc":"https://s3.fr-par.scw.cloud/typebot/public/typebots/p6z8sw64v7ai0k1epulm9t9o/blocks/wuf1ejam45e0zu9mid36x4x0/items/fa94z8x3nwx14ujo6fnzftee?v=1689360224633","description":"21 Mai - 20 Jun","outgoingEdgeId":"z5hfa714ymisxez6x8o1va3w"},{"id":"ynjvp1td5uqd9t8yodle2vhl","type":3,"title":"CÂNCER","blockId":"wuf1ejam45e0zu9mid36x4x0","pictureSrc":"https://s3.fr-par.scw.cloud/typebot/public/typebots/p6z8sw64v7ai0k1epulm9t9o/blocks/wuf1ejam45e0zu9mid36x4x0/items/ynjvp1td5uqd9t8yodle2vhl?v=1689360177413","description":"21 Jun - 22 Jul","outgoingEdgeId":"bjesa18fxxgo0i2ijtbuoito"},{"id":"ozgqs433dgmfwee1z1bt640h","type":3,"title":"LEÃO","blockId":"wuf1ejam45e0zu9mid36x4x0","pictureSrc":"https://s3.fr-par.scw.cloud/typebot/public/typebots/p6z8sw64v7ai0k1epulm9t9o/blocks/wuf1ejam45e0zu9mid36x4x0/items/ozgqs433dgmfwee1z1bt640h?v=1689360240947","description":"23 Jul - 22 Ago","outgoingEdgeId":"hnaooi75dcoqx5ux3ahdb9ui"},{"id":"lbu022ivipd3aefznyoy4o29","type":3,"title":"VIRGEM","blockId":"wuf1ejam45e0zu9mid36x4x0","pictureSrc":"https://s3.fr-par.scw.cloud/typebot/public/typebots/p6z8sw64v7ai0k1epulm9t9o/blocks/wuf1ejam45e0zu9mid36x4x0/items/lbu022ivipd3aefznyoy4o29?v=1689360360919","description":"23 Ago - 22 Set","outgoingEdgeId":"vemkxy7rojdp3lbnk33j1glm"},{"id":"phdiopwdijsdb3saz83p5j8y","type":3,"title":"LIBRA","blockId":"wuf1ejam45e0zu9mid36x4x0","pictureSrc":"https://s3.fr-par.scw.cloud/typebot/public/typebots/p6z8sw64v7ai0k1epulm9t9o/blocks/wuf1ejam45e0zu9mid36x4x0/items/phdiopwdijsdb3saz83p5j8y?v=1689360374133","description":"23 Set - 22 Out","outgoingEdgeId":"w3rm4u3kxylra1zrg701vlrn"},{"id":"iva8ia3iewfjip2otva2r3iu","type":3,"title":"ESCORPIÃO","blockId":"wuf1ejam45e0zu9mid36x4x0","pictureSrc":"https://s3.fr-par.scw.cloud/typebot/public/typebots/p6z8sw64v7ai0k1epulm9t9o/blocks/wuf1ejam45e0zu9mid36x4x0/items/iva8ia3iewfjip2otva2r3iu?v=1689360389465","description":"23 Out - 21 Nov","outgoingEdgeId":"lqxya8mod3vesbhipyqhot1m"},{"id":"hczg5t4xzluv8guft2oeyhk1","type":3,"title":"SARGITÁRIO","blockId":"wuf1ejam45e0zu9mid36x4x0","pictureSrc":"https://s3.fr-par.scw.cloud/typebot/public/typebots/p6z8sw64v7ai0k1epulm9t9o/blocks/wuf1ejam45e0zu9mid36x4x0/items/hczg5t4xzluv8guft2oeyhk1?v=1689360405186","description":"22 Nov - 21 Dez","outgoingEdgeId":"z5g93tmrk2oxesy2bfqxp3nz"},{"id":"e25a0evrhv5j3k64u1mhoo1w","type":3,"title":"CAPRICÓRNIO","blockId":"wuf1ejam45e0zu9mid36x4x0","pictureSrc":"https://s3.fr-par.scw.cloud/typebot/public/typebots/p6z8sw64v7ai0k1epulm9t9o/blocks/wuf1ejam45e0zu9mid36x4x0/items/e25a0evrhv5j3k64u1mhoo1w?v=1689360417858","description":"22 Dez - 20 Jan","outgoingEdgeId":"jp2ur4ii92mb6ryau7pp41o9"},{"id":"vtkhwbthrn7z79q6bduftfxf","type":3,"title":"AQUÁRIO","blockId":"wuf1ejam45e0zu9mid36x4x0","pictureSrc":"https://s3.fr-par.scw.cloud/typebot/public/typebots/p6z8sw64v7ai0k1epulm9t9o/blocks/wuf1ejam45e0zu9mid36x4x0/items/vtkhwbthrn7z79q6bduftfxf?v=1689360431986","description":"21 Jan - 18 Fev","outgoingEdgeId":"fk5fqpeugvslvw15q1d3wy1g"},{"id":"dfvkqre6paahgje894f843mx","type":3,"title":"PEIXES","blockId":"wuf1ejam45e0zu9mid36x4x0","pictureSrc":"https://s3.fr-par.scw.cloud/typebot/public/typebots/p6z8sw64v7ai0k1epulm9t9o/blocks/wuf1ejam45e0zu9mid36x4x0/items/dfvkqre6paahgje894f843mx?v=1689360444792","description":"19 Fev - 20 Mar","outgoingEdgeId":"nlxhhvrb65xvlef1fa5orrrh"}],"groupId":"eh06hpdo9y5uv6z4ex63alqq","options":{"variableId":"vxr6e4e28p5jel42ux9rnglun","buttonLabel":"Send","searchInputPlaceholder":"Filter the options..."}}],"graphCoordinates":{"x":-1018.57,"y":34.07}},{"id":"fol3rxmszjk74jfesikp2qm2","title":"","blocks":[{"id":"pfskpydg9e0e9zdg1t53vmzy","type":"Wait","groupId":"fol3rxmszjk74jfesikp2qm2","options":{"secondsToWaitFor":"2"}},{"id":"aogcfv45tvw1r6pqtyagchc7","type":"text","content":{"richText":[{"type":"p","children":[{"text":"Agora me diga..."}]}]},"groupId":"fol3rxmszjk74jfesikp2qm2"},{"id":"qnjimntpnhvavrmv8ophvx3e","type":"Wait","groupId":"fol3rxmszjk74jfesikp2qm2","options":{"secondsToWaitFor":"2"}},{"id":"mc3tebssu8a88qt6fe51rldk","type":"text","content":{"richText":[{"type":"p","children":[{"bold":true,"text":"Qual"},{"text":" é sua "},{"bold":true,"text":"data de nascimento? "},{"text":"📅✨"}]}]},"groupId":"fol3rxmszjk74jfesikp2qm2"},{"id":"wxso3jatsxdjkvnamma6mg4a","type":"text input","groupId":"fol3rxmszjk74jfesikp2qm2","options":{"isLong":false,"labels":{"button":"Enviar","placeholder":"Digite aqui..."},"variableId":"vu0exlqlqyjqfl8ix0qhr3zdz"}},{"id":"t4912z8ovrnk7v0plox9yacj","type":"Wait","groupId":"fol3rxmszjk74jfesikp2qm2","options":{"secondsToWaitFor":"3"}},{"id":"veh97gz9o7eq34abhm21rhyv","type":"text","content":{"richText":[{"type":"p","children":[{"text":"Me diz também a "},{"bold":true,"text":"hora em que você nasceu? "},{"text":"🕰️✨\n"}]}]},"groupId":"fol3rxmszjk74jfesikp2qm2"},{"id":"e4rxec3uv7duma4rq54nuex9","type":"Wait","groupId":"fol3rxmszjk74jfesikp2qm2","options":{"secondsToWaitFor":"2"}},{"id":"wo34tuqepqrnjef29clgm0up","type":"text","content":{"richText":[{"type":"p","children":[{"text":"Se você"},{"bold":true,"text":" não souber"},{"text":" a hora exata, não tem "},{"bold":true,"text":"problema"},{"text":"..."}]}]},"groupId":"fol3rxmszjk74jfesikp2qm2"},{"id":"z699xnkbs3i446v93rnwe166","type":"text input","groupId":"fol3rxmszjk74jfesikp2qm2","options":{"isLong":false,"labels":{"button":"Enviar","placeholder":"Digite aqui..."},"variableId":"vutktvbldtvkfwhjdx708pppe"},"outgoingEdgeId":"q59a4g4o3170xqcdxsqqrsh3"}],"graphCoordinates":{"x":-635.32,"y":46.75}},{"id":"t1bnenss6bu0j1cxl4vz033h","title":"","blocks":[{"id":"c6piu05ukqsoaoaczutqkyfo","type":"Wait","groupId":"t1bnenss6bu0j1cxl4vz033h","options":{"secondsToWaitFor":"2"}},{"id":"icrft4tlhu48isz73ucyz0ya","type":"text","content":{"richText":[{"type":"p","children":[{"text":"Certo..."}]}]},"groupId":"t1bnenss6bu0j1cxl4vz033h"},{"id":"b0ia9mrr8sr8041zw6rj303m","type":"Wait","groupId":"t1bnenss6bu0j1cxl4vz033h","options":{"secondsToWaitFor":"2"}},{"id":"vowjtwmlsb5pf9r7qw4qn29r","type":"text","content":{"richText":[{"type":"p","children":[{"text":"Agora pra garantir uma"},{"bold":true,"text":" leitura precisa"}]}]},"groupId":"t1bnenss6bu0j1cxl4vz033h"},{"id":"g5jbvvrgrwfh2o2zfa4780aw","type":"Wait","groupId":"t1bnenss6bu0j1cxl4vz033h","options":{"secondsToWaitFor":"2"}},{"id":"n2fwma80m1v54vaavvbsfha0","type":"text","content":{"richText":[{"type":"p","children":[{"text":"Vou pedir que você me "},{"bold":true,"text":"envie"},{"text":" uma"},{"bold":true,"text":" foto da palma da sua mão… "},{"text":"📸✋"}]}]},"groupId":"t1bnenss6bu0j1cxl4vz033h"},{"id":"oocovm7v7s7brhltjtswowgj","type":"Wait","groupId":"t1bnenss6bu0j1cxl4vz033h","options":{"secondsToWaitFor":"4"}},{"id":"hprarvnsokxsffok9afcavqe","type":"audio","content":{"url":"https://s3.fr-par.scw.cloud/typebot/public/typebots/njvbi9pvrkr92neltjy609q8/blocks/hprarvnsokxsffok9afcavqe?v=1689821572205"},"groupId":"t1bnenss6bu0j1cxl4vz033h"},{"id":"frp72bbax012idi2spxnq9v5","type":"Wait","groupId":"t1bnenss6bu0j1cxl4vz033h","options":{"secondsToWaitFor":"8"}},{"id":"mue3y39yg6c9gg9nihjpf71g","type":"text","content":{"richText":[{"type":"p","children":[{"text":"Pode ser de qualquer uma das mãos, querida... 😌"}]}]},"groupId":"t1bnenss6bu0j1cxl4vz033h"},{"id":"p2v410wp70j3racn4holblbb","type":"Wait","groupId":"t1bnenss6bu0j1cxl4vz033h","options":{"secondsToWaitFor":"2"}},{"id":"u2oq8ptx8we5cg6x43rf0akk","type":"file input","groupId":"t1bnenss6bu0j1cxl4vz033h","options":{"labels":{"skip":"Skip","clear":"Limpar","button":"Carregar","placeholder":"<strong>\n      Clique aqui para tirar a foto\n    </strong> <br>"},"sizeLimit":8,"isRequired":true,"isMultipleAllowed":false},"outgoingEdgeId":"yklpj3rismkwekzk9633p6i2"}],"graphCoordinates":{"x":-257.94,"y":42.67}},{"id":"frga59w7ywgxfqojzowj56cj","title":"","blocks":[{"id":"qhart0clguaghhl6gwmolt55","type":"text","content":{"richText":[{"type":"p","children":[{"text":"Imagino que você deve estar se perguntando, "},{"bold":true,"text":"como tudo isso é possível..."}]}]},"groupId":"frga59w7ywgxfqojzowj56cj"},{"id":"el4asnxphfpv4u6v2iafac94","type":"Wait","groupId":"frga59w7ywgxfqojzowj56cj","options":{"secondsToWaitFor":"2"}},{"id":"dz0qkgsb26m24k9b3aohvxbp","type":"text","content":{"richText":[{"type":"p","children":[{"text":"Não é mesmo {{NOME}}?"}]}]},"groupId":"frga59w7ywgxfqojzowj56cj"},{"id":"y8m65p0lxwniqbqc8d0vl8zh","type":"text input","groupId":"frga59w7ywgxfqojzowj56cj","options":{"isLong":false,"labels":{"button":"Enviar","placeholder":"Digite aqui..."}}},{"id":"pqp32y3hsgrrfb6ynvsxng9p","type":"Wait","groupId":"frga59w7ywgxfqojzowj56cj","options":{"secondsToWaitFor":"4"}},{"id":"k8sqj5mb84pecpqpeewuqmt8","type":"text","content":{"richText":[{"type":"p","children":[{"text":"Sei que pode "},{"bold":true,"text":"parecer"},{"text":" loucura, mas isso vai muito "},{"bold":true,"text":"além"},{"text":" da nossa "},{"bold":true,"text":"compreensão"},{"text":"..."}]}]},"groupId":"frga59w7ywgxfqojzowj56cj"},{"id":"urfjkd58u1h1qt8rx8etsdv0","type":"Wait","groupId":"frga59w7ywgxfqojzowj56cj","options":{"secondsToWaitFor":"8"}},{"id":"muaybu8r4douw2gfjyikbaa4","type":"audio","content":{"url":"https://s3.fr-par.scw.cloud/typebot/public/typebots/njvbi9pvrkr92neltjy609q8/blocks/muaybu8r4douw2gfjyikbaa4?v=1689448496430"},"groupId":"frga59w7ywgxfqojzowj56cj"},{"id":"ersb6yx2mt6dd2y9byut5u5e","type":"Wait","groupId":"frga59w7ywgxfqojzowj56cj","options":{"secondsToWaitFor":"18"}},{"id":"pvrw5fyiy0n9z5jftlks0xu0","type":"text","content":{"richText":[{"type":"p","children":[{"text":"Veja só mais alguns "},{"bold":true,"text":"casais"},{"text":" "},{"bold":true,"text":"que"},{"text":" "},{"bold":true,"text":"ajudei"},{"text":" a formar com minhas "},{"bold":true,"text":"leituras e desenhos"},{"text":"..."}]}]},"groupId":"frga59w7ywgxfqojzowj56cj"},{"id":"xogh379plwul01z4w6katpfy","type":"Wait","groupId":"frga59w7ywgxfqojzowj56cj","options":{"secondsToWaitFor":"2"}},{"id":"ax80ktw9jq7dziri204qxwvk","type":"embed","content":{"url":"https://sua-almagemea.online/depoimentos/","height":460},"groupId":"frga59w7ywgxfqojzowj56cj"},{"id":"wpb7otii0ylx448pgpru94k2","type":"Wait","groupId":"frga59w7ywgxfqojzowj56cj","options":{"secondsToWaitFor":"6"}},{"id":"qlzpncdli50qn183tmygy5zl","type":"text","content":{"richText":[{"type":"p","children":[{"text":"Agora me conte, você "},{"bold":true,"text":"acredita"},{"text":" em "},{"bold":true,"text":"destino?"}]}]},"groupId":"frga59w7ywgxfqojzowj56cj"},{"id":"uenc1d8wnen74u9tsu2ngoga","type":"Wait","groupId":"frga59w7ywgxfqojzowj56cj","options":{"secondsToWaitFor":"2"}},{"id":"iss4y8xb6lu64490jtsxqdby","type":"choice input","items":[{"id":"djal1mb0uypw81r3cq69bok6","type":0,"blockId":"iss4y8xb6lu64490jtsxqdby","content":"Sim, com toda certeza!","outgoingEdgeId":"x6apf0c520f8ty4qpmsy73zc"},{"id":"f0dg6hdmjezt39oz3pfrrddg","type":0,"blockId":"iss4y8xb6lu64490jtsxqdby","content":"Não, sou meio cética.","outgoingEdgeId":"uealul1c218vdon7yzo0kxld"}],"groupId":"frga59w7ywgxfqojzowj56cj","options":{"buttonLabel":"Send","isSearchable":false,"isMultipleChoice":false,"searchInputPlaceholder":"Filter the options..."}}],"graphCoordinates":{"x":521.14,"y":43.86}},{"id":"x5sibjvi43t2fn8bl4qo8th8","title":"","blocks":[{"id":"jpai0xzwqnk3ovywwpfkn32f","type":"Wait","groupId":"x5sibjvi43t2fn8bl4qo8th8","options":{"secondsToWaitFor":"18"}},{"id":"mp93g87c5hzp4swub0paingu","type":"text","content":{"richText":[{"type":"p","children":[{"text":"Mas agora"},{"bold":true,"text":" "},{"text":"preste"},{"bold":true,"text":" muita atenção "},{"text":"querida..."}]}]},"groupId":"x5sibjvi43t2fn8bl4qo8th8"},{"id":"hlmvj6as1sn6ofemd56y8qo9","type":"Wait","groupId":"x5sibjvi43t2fn8bl4qo8th8","options":{"secondsToWaitFor":"3"}},{"id":"td6dhpm5sszo7qdzam0qq36j","type":"text","content":{"richText":[{"type":"p","children":[{"text":"Eu "},{"bold":true,"text":"não"},{"text":" estou "},{"bold":true,"text":"cobrando nada"},{"text":" pelos "},{"bold":true,"text":"desenhos"},{"text":"..."}]}]},"groupId":"x5sibjvi43t2fn8bl4qo8th8"},{"id":"txkzg3nq7zg9xg4ip5kaicx9","type":"Wait","groupId":"x5sibjvi43t2fn8bl4qo8th8","options":{"secondsToWaitFor":"4"}},{"id":"vsafe4gx7xy9yv58od7rs273","type":"audio","content":{"url":"https://s3.fr-par.scw.cloud/typebot/public/typebots/njvbi9pvrkr92neltjy609q8/blocks/vsafe4gx7xy9yv58od7rs273?v=1689364930362"},"groupId":"x5sibjvi43t2fn8bl4qo8th8"},{"id":"n77t51ddgnxzlotk2k2jd2ox","type":"Wait","groupId":"x5sibjvi43t2fn8bl4qo8th8","options":{"secondsToWaitFor":"8"}},{"id":"rqaczuc5rugi42oz624keu18","type":"audio","content":{"url":"https://s3.fr-par.scw.cloud/typebot/public/typebots/njvbi9pvrkr92neltjy609q8/blocks/rqaczuc5rugi42oz624keu18?v=1689364943706"},"groupId":"x5sibjvi43t2fn8bl4qo8th8"},{"id":"rfkgq6wzessbjef2h5d5fj5v","type":"Wait","groupId":"x5sibjvi43t2fn8bl4qo8th8","options":{"secondsToWaitFor":"11"}},{"id":"ax69lxb6qkea8pzdy0v3v8zi","type":"text","content":{"richText":[{"type":"p","children":[{"text":"A taxa"},{"bold":true,"text":" "},{"text":"é de "},{"bold":true,"text":"apenas"},{"text":" "},{"bold":true,"text":"R$27,90"}]}]},"groupId":"x5sibjvi43t2fn8bl4qo8th8"},{"id":"eulhpcmlz57ggp8o5ypfphtt","type":"Wait","groupId":"x5sibjvi43t2fn8bl4qo8th8","options":{"secondsToWaitFor":"8"}},{"id":"qvuebu51w5d1amfglr4cmct9","type":"audio","content":{"url":"https://s3.fr-par.scw.cloud/typebot/public/typebots/njvbi9pvrkr92neltjy609q8/blocks/qvuebu51w5d1amfglr4cmct9?v=1689365004131"},"groupId":"x5sibjvi43t2fn8bl4qo8th8"},{"id":"hufr7s6b9a1n0thxegpjyezm","type":"Wait","groupId":"x5sibjvi43t2fn8bl4qo8th8","options":{"secondsToWaitFor":"13"}},{"id":"r91wnverlkvf4xpm0m3ow9oe","type":"text","content":{"richText":[{"type":"p","children":[{"text":"Clique no botão que está aqui embaixo {{NOME}} 👇"}]}]},"groupId":"x5sibjvi43t2fn8bl4qo8th8"},{"id":"c62pyq0wlk1oinsepr19m351","type":"Wait","groupId":"x5sibjvi43t2fn8bl4qo8th8","options":{"secondsToWaitFor":"2"}},{"id":"sc7n79gnh85pbrafhrqlx6qk","type":"embed","content":{"url":"https://sua-almagemea.online/botao?src=tfgfb-alma-49-ca1-cp3-cj09","height":75},"groupId":"x5sibjvi43t2fn8bl4qo8th8"},{"id":"kpwa24wwzzi3ju6wdualcj61","type":"Wait","groupId":"x5sibjvi43t2fn8bl4qo8th8","options":{"secondsToWaitFor":"3"}},{"id":"ty9fycksenezw0idif8p779b","type":"audio","content":{"url":"https://s3.fr-par.scw.cloud/typebot/public/typebots/njvbi9pvrkr92neltjy609q8/blocks/ty9fycksenezw0idif8p779b?v=1689365075191"},"groupId":"x5sibjvi43t2fn8bl4qo8th8"}],"graphCoordinates":{"x":1294.81,"y":47.17}},{"id":"asreslgejp2txyfva5jy1s84","title":"Group #12","blocks":[{"id":"pfqoq50xg9phzxj3l3jo8lff","type":"text","content":{"richText":[{"type":"p","children":[{"text":"Sou astróloga especializada em leitura de astros e possuo o dom de capturar a essência das almas gêmeas através das linhas das mãos…"}]}]},"groupId":"asreslgejp2txyfva5jy1s84"},{"id":"w2fxfo41ng2osqj1sjm5dq7m","type":"text","content":{"richText":[{"type":"p","children":[{"text":""}]}]},"groupId":"asreslgejp2txyfva5jy1s84"},{"id":"ha5w9lckjtfjzyfhqmu561ji","type":"text","content":{"richText":[{"type":"p","children":[{"text":"Primeiro irei algumas perguntinhas sobre você e depois vou pedir que você me envie uma foto da palma das suas mãos…"}]}]},"groupId":"asreslgejp2txyfva5jy1s84"},{"id":"p3ikozcxql9w06t461yt9d8w","type":"text","content":{"richText":[{"type":"p","children":[{"text":"Com essas informações eu poderei me concentrar em analisar as linhas da sua mão, interpretar os sinais e as energias presentes… E traduzir tudo isso em um retrato que revelará o rosto da sua alma gêmea!\n"}]}]},"groupId":"asreslgejp2txyfva5jy1s84"},{"id":"efrtxdlmumcphel2ijdtxvp8","type":"text","content":{"richText":[{"type":"p","children":[{"text":"A Mônima mesmo… Estava extremamente frustrada com sua vida amorosa… Vivia entrando e saindo de relacionamentos conturbados e tóxicos… Mas dentro de algumas semanas, logo após ela fazer o retrato da alma gêmea comigo... Ela encontrou o Gabriel na fila do supermercado! E era simplesmente o mesmo rosto que estava no desenho...\n"}]}]},"groupId":"asreslgejp2txyfva5jy1s84"},{"id":"fu9acjqs5bezyymtidz2csh8","type":"text","content":{"richText":[{"type":"p","children":[{"text":"Já a Júlia morria de saudades do ex… Eles tinham terminado por motivos pessoais e desde então nunca mais tinham se falado… E foi graças ao meu desenho que eles reataram e estão juntos até hoje…\n"}]}]},"groupId":"asreslgejp2txyfva5jy1s84"},{"id":"jh40dqvhh75l3nmr17dheokq","type":"text","content":{"richText":[{"type":"p","children":[{"text":"Inclusive este mês eu estive em uma reportagem na globo falando sobre o meu trabalho…"}]}]},"groupId":"asreslgejp2txyfva5jy1s84"},{"id":"kznatr01e13ae182d8ob7apt","type":"text","content":{"richText":[{"type":"p","children":[{"text":""}]}]},"groupId":"asreslgejp2txyfva5jy1s84"},{"id":"luosfiprqx7qod5zv5ito9ky","type":"text","content":{"richText":[{"type":"p","children":[{"text":""}]}]},"groupId":"asreslgejp2txyfva5jy1s84"},{"id":"ndepy0y5fegk55vf71e3g7xb","type":"text","content":{"richText":[{"type":"p","children":[{"text":""}]}]},"groupId":"asreslgejp2txyfva5jy1s84"}],"graphCoordinates":{"x":2167.82,"y":89.53}},{"id":"a5wm2qyzxvuinzjjpd3ro0pe","title":"Group #11","blocks":[{"id":"h08mdvasimtc3wwg7l8bz7b2","type":"Wait","groupId":"a5wm2qyzxvuinzjjpd3ro0pe","options":{"secondsToWaitFor":"6"}},{"id":"qgnkb8vpx81evdup10seld26","type":"audio","content":{"url":"https://s3.fr-par.scw.cloud/typebot/public/typebots/njvbi9pvrkr92neltjy609q8/blocks/qgnkb8vpx81evdup10seld26?v=1689372186277"},"groupId":"a5wm2qyzxvuinzjjpd3ro0pe"},{"id":"bqcoec52xyj7cfmufeaekkxr","type":"text","content":{"richText":[{"type":"p","children":[{"text":"Isso já aconteceu com você também?"}]}]},"groupId":"a5wm2qyzxvuinzjjpd3ro0pe"},{"id":"spg2xvw7ec28gd07g7yk5ru9","type":"Wait","groupId":"a5wm2qyzxvuinzjjpd3ro0pe","options":{"secondsToWaitFor":"4"}},{"id":"yh2qmmshd63xe96ox3vur1bc","type":"Wait","groupId":"a5wm2qyzxvuinzjjpd3ro0pe","options":{"secondsToWaitFor":"4"}},{"id":"baijlifgixdqry7uf0z03wdo","type":"audio","content":{"url":"https://s3.fr-par.scw.cloud/typebot/public/typebots/njvbi9pvrkr92neltjy609q8/blocks/baijlifgixdqry7uf0z03wdo?v=1689372805973"},"groupId":"a5wm2qyzxvuinzjjpd3ro0pe"},{"id":"j9adwb140b9dvtb7i23p7eni","type":"audio","content":{"url":"https://s3.fr-par.scw.cloud/typebot/public/typebots/njvbi9pvrkr92neltjy609q8/blocks/j9adwb140b9dvtb7i23p7eni?v=1689449051004"},"groupId":"a5wm2qyzxvuinzjjpd3ro0pe"},{"id":"bgf3dxkxv1hcpib240uhnhb8","type":"text","content":{"richText":[{"type":"p","children":[{"text":"Pode ser de qualquer uma das mãos"}]}]},"groupId":"a5wm2qyzxvuinzjjpd3ro0pe"}],"graphCoordinates":{"x":2498.1,"y":70.01}},{"id":"xtfvg7v2k11riripzf5d1vdx","title":"","blocks":[{"id":"go54uozo7ids9z4webf0qgbn","type":"Pixel","groupId":"xtfvg7v2k11riripzf5d1vdx","options":{"params":[{"id":"wffv4em8i26ulm3roj5upznp"}],"pixelId":"822178972757010","eventType":"InitiateCheckout","isInitSkip":true},"outgoingEdgeId":"s95y0sc3aw22j5axnw09v5g0"}],"graphCoordinates":{"x":951.4,"y":1113.17}},{"id":"f78fg4j0ccfgwt54ir2e8qgl","title":"","blocks":[{"id":"z6hpe4adtfcfwfg6w33fw5v1","type":"Pixel","groupId":"f78fg4j0ccfgwt54ir2e8qgl","options":{"pixelId":"822178972757010","isInitSkip":true},"outgoingEdgeId":"q4obn4snswaamyo0i7umpgv6"}],"graphCoordinates":{"x":-2539.79,"y":24.21}}],"variables":[{"id":"vprp91gkcj6ooz2wteh9qrvjn","name":"NOME"},{"id":"vu0exlqlqyjqfl8ix0qhr3zdz","name":"DATA"},{"id":"vutktvbldtvkfwhjdx708pppe","name":"HORA"},{"id":"vxr6e4e28p5jel42ux9rnglun","name":"SIGNO"}],"edges":[{"id":"ti0y74d7604em4yo0zsrls4r","to":{"groupId":"npy5totr5v0r5dwohtb3go6o"},"from":{"itemId":"blo4688li2ckll8q6rpx4oz7","blockId":"lm9dgkb4dygaq3pcs1zzt7hd","groupId":"g7re6of7erkkbi2f1oa7gdge"}},{"id":"cnqkyn0csqvr2psiyktfn4av","to":{"groupId":"fol3rxmszjk74jfesikp2qm2"},"from":{"itemId":"fs21dyzip8mhz65bttntzrju","blockId":"wuf1ejam45e0zu9mid36x4x0","groupId":"eh06hpdo9y5uv6z4ex63alqq"}},{"id":"q0bccb410hl1icu3mye654wy","to":{"groupId":"fol3rxmszjk74jfesikp2qm2"},"from":{"itemId":"stq0d7h1ysfjmne6gyepy9ju","blockId":"wuf1ejam45e0zu9mid36x4x0","groupId":"eh06hpdo9y5uv6z4ex63alqq"}},{"id":"z5hfa714ymisxez6x8o1va3w","to":{"groupId":"fol3rxmszjk74jfesikp2qm2"},"from":{"itemId":"fa94z8x3nwx14ujo6fnzftee","blockId":"wuf1ejam45e0zu9mid36x4x0","groupId":"eh06hpdo9y5uv6z4ex63alqq"}},{"id":"bjesa18fxxgo0i2ijtbuoito","to":{"groupId":"fol3rxmszjk74jfesikp2qm2"},"from":{"itemId":"ynjvp1td5uqd9t8yodle2vhl","blockId":"wuf1ejam45e0zu9mid36x4x0","groupId":"eh06hpdo9y5uv6z4ex63alqq"}},{"id":"hnaooi75dcoqx5ux3ahdb9ui","to":{"groupId":"fol3rxmszjk74jfesikp2qm2"},"from":{"itemId":"ozgqs433dgmfwee1z1bt640h","blockId":"wuf1ejam45e0zu9mid36x4x0","groupId":"eh06hpdo9y5uv6z4ex63alqq"}},{"id":"vemkxy7rojdp3lbnk33j1glm","to":{"groupId":"fol3rxmszjk74jfesikp2qm2"},"from":{"itemId":"lbu022ivipd3aefznyoy4o29","blockId":"wuf1ejam45e0zu9mid36x4x0","groupId":"eh06hpdo9y5uv6z4ex63alqq"}},{"id":"w3rm4u3kxylra1zrg701vlrn","to":{"groupId":"fol3rxmszjk74jfesikp2qm2"},"from":{"itemId":"phdiopwdijsdb3saz83p5j8y","blockId":"wuf1ejam45e0zu9mid36x4x0","groupId":"eh06hpdo9y5uv6z4ex63alqq"}},{"id":"lqxya8mod3vesbhipyqhot1m","to":{"groupId":"fol3rxmszjk74jfesikp2qm2"},"from":{"itemId":"iva8ia3iewfjip2otva2r3iu","blockId":"wuf1ejam45e0zu9mid36x4x0","groupId":"eh06hpdo9y5uv6z4ex63alqq"}},{"id":"z5g93tmrk2oxesy2bfqxp3nz","to":{"groupId":"fol3rxmszjk74jfesikp2qm2"},"from":{"itemId":"hczg5t4xzluv8guft2oeyhk1","blockId":"wuf1ejam45e0zu9mid36x4x0","groupId":"eh06hpdo9y5uv6z4ex63alqq"}},{"id":"jp2ur4ii92mb6ryau7pp41o9","to":{"groupId":"fol3rxmszjk74jfesikp2qm2"},"from":{"itemId":"e25a0evrhv5j3k64u1mhoo1w","blockId":"wuf1ejam45e0zu9mid36x4x0","groupId":"eh06hpdo9y5uv6z4ex63alqq"}},{"id":"fk5fqpeugvslvw15q1d3wy1g","to":{"groupId":"fol3rxmszjk74jfesikp2qm2"},"from":{"itemId":"vtkhwbthrn7z79q6bduftfxf","blockId":"wuf1ejam45e0zu9mid36x4x0","groupId":"eh06hpdo9y5uv6z4ex63alqq"}},{"id":"nlxhhvrb65xvlef1fa5orrrh","to":{"groupId":"fol3rxmszjk74jfesikp2qm2"},"from":{"itemId":"dfvkqre6paahgje894f843mx","blockId":"wuf1ejam45e0zu9mid36x4x0","groupId":"eh06hpdo9y5uv6z4ex63alqq"}},{"id":"q59a4g4o3170xqcdxsqqrsh3","to":{"groupId":"t1bnenss6bu0j1cxl4vz033h"},"from":{"blockId":"z699xnkbs3i446v93rnwe166","groupId":"fol3rxmszjk74jfesikp2qm2"}},{"id":"x6apf0c520f8ty4qpmsy73zc","to":{"groupId":"l1k34iy5lgkcfbr382vhgq5p"},"from":{"itemId":"djal1mb0uypw81r3cq69bok6","blockId":"iss4y8xb6lu64490jtsxqdby","groupId":"frga59w7ywgxfqojzowj56cj"}},{"id":"uealul1c218vdon7yzo0kxld","to":{"groupId":"l1k34iy5lgkcfbr382vhgq5p"},"from":{"itemId":"f0dg6hdmjezt39oz3pfrrddg","blockId":"iss4y8xb6lu64490jtsxqdby","groupId":"frga59w7ywgxfqojzowj56cj"}},{"id":"l7l1z9nm9rjtrvrpcdgn6az6","to":{"groupId":"frga59w7ywgxfqojzowj56cj"},"from":{"blockId":"zg4eijag4kioo4uqx9b250yi","groupId":"dthlz6q4qkw8eyuwvcrr2xdo"}},{"id":"fpesmoay1jvsz014ytk7r3fh","to":{"groupId":"eh06hpdo9y5uv6z4ex63alqq"},"from":{"blockId":"pftp3s36rd6dygtiq95zn73k","groupId":"npy5totr5v0r5dwohtb3go6o"}},{"id":"t94cdq8kl1n5onwe7jqj0taj","to":{"groupId":"x5sibjvi43t2fn8bl4qo8th8"},"from":{"blockId":"mcongxrwnqq8jn4t3ffkrxnh","groupId":"l1k34iy5lgkcfbr382vhgq5p"}},{"id":"yklpj3rismkwekzk9633p6i2","to":{"groupId":"dthlz6q4qkw8eyuwvcrr2xdo"},"from":{"blockId":"u2oq8ptx8we5cg6x43rf0akk","groupId":"t1bnenss6bu0j1cxl4vz033h"}},{"id":"q4obn4snswaamyo0i7umpgv6","to":{"groupId":"bfqy30kxp6lw6vovp2t4ol3w"},"from":{"blockId":"z6hpe4adtfcfwfg6w33fw5v1","groupId":"f78fg4j0ccfgwt54ir2e8qgl"}},{"id":"c99livd1ircrotiitfm7mmc4","to":{"groupId":"g7re6of7erkkbi2f1oa7gdge"},"from":{"blockId":"cx5iel8jxfo4caorf8rnjiw0","groupId":"bfqy30kxp6lw6vovp2t4ol3w"}},{"id":"s95y0sc3aw22j5axnw09v5g0","to":{"blockId":"sc7n79gnh85pbrafhrqlx6qk","groupId":"x5sibjvi43t2fn8bl4qo8th8"},"from":{"blockId":"go54uozo7ids9z4webf0qgbn","groupId":"xtfvg7v2k11riripzf5d1vdx"}}],"theme":{"chat":{"inputs":{"color":"#000000","backgroundColor":"#FFFFFF","placeholderColor":"#28292a"},"buttons":{"color":"#FFFFFF","backgroundColor":"#128C7E"},"roundness":"medium","hostAvatar":{"url":"https://s3.fr-par.scw.cloud/typebot/public/typebots/njvbi9pvrkr92neltjy609q8/hostAvatar?v=1689894328809","isEnabled":true},"guestAvatar":{"url":"https://s3.fr-par.scw.cloud/typebot/public/typebots/cli88mae30010mh0f0yzjqn48/guestAvatar?v=1685330799682","isEnabled":false},"hostBubbles":{"color":"#303235","backgroundColor":"#FFFFFF"},"guestBubbles":{"color":"#303235","backgroundColor":"#e1ffc7"}},"general":{"font":"Open Sans","background":{"type":"Image","content":"https://s3.fr-par.scw.cloud/typebot/public/typebots/cli88mae30010mh0f0yzjqn48/background?v=1685470080750"}},"customCss":".typebot-chat-view > .flex:first-child {\n    padding-top: 30px;\n}\n\n.typebot-input {\n    position: fixed;\n    bottom: 0;\n    align-items: center;\n    z-index: 999;\n    right: 0;\n}\n\n.typebot-input .typebot-button {\n    background: #008a7c;\n    border-radius: 50%;\n    color: #fff;\n    position: relative;\n    width: 50px;\n    height: 50px;\n    display: flex;\n    align-items: center;\n    justify-content: center;\n}\n\n.typebot-container {\n    background-size: initial!important;\n    background-repeat: repeat-x!important;\n}\n\n.typebot-host-bubble>.bubble-typing {\n  border-radius: 0 5px 5px 5px;\n}\n\n.typebot-host-bubble>.bubble-typing:after {\n    position: absolute;\n    content: \"\";\n    width: 0;\n    height: 0;\n    border-style: solid;\n    border-width: 0px 10px 10px 0;\n    border-color: transparent #fff transparent transparent;\n    top: 0;\n    left: -10px;\n}\n\n.typebot-guest-bubble {\n  position: relative;\n  border-radius: 5px 0 5px 5px;\n}\n\n.typebot-guest-bubble:after {\n  position: absolute;\n  content: \"\";\n  width: 0;\n  height: 0;\n  border-style: solid;\n}\n\n.typebot-guest-bubble:after {\n    border-width: 0px 0 10px 10px;\n    border-color: transparent transparent transparent #e1ffc7;\n    top: 0;\n    right: -10px;\n    border-style: solid;\n}\n\niframe[src=\"\"] {\n  position: fixed;\n  top: 0;\n  left: 0;\n  display: relative;\n  width: 100%;\n  height: 100% !important;\n  z-index: 999999;\n  border: none;\n  padding: 0;\n  margin: 0;\n}\n\na#lite-badge {\n  display: none!important;\n}"},"settings":{"general":{"rememberUser":{"isEnabled":false},"isBrandingEnabled":true,"isInputPrefillEnabled":false,"isHideQueryParamsEnabled":false},"metadata":{"title":"WhatsApp Web","imageUrl":"https://s3.fr-par.scw.cloud/typebot/public/typebots/njvbi9pvrkr92neltjy609q8/ogImage?v=1689369693313","favIconUrl":"https://s3.fr-par.scw.cloud/typebot/public/typebots/njvbi9pvrkr92neltjy609q8/favIcon?v=1689369684150","description":"Faça agora sua consulta com a Astróloga Luna.","customHeadCode":"<!-- Meta Pixel Code -->\n<script>\n!function(f,b,e,v,n,t,s)\n{if(f.fbq)return;n=f.fbq=function(){n.callMethod?\nn.callMethod.apply(n,arguments):n.queue.push(arguments)};\nif(!f._fbq)f._fbq=n;n.push=n;n.loaded=!0;n.version='2.0';\nn.queue=[];t=b.createElement(e);t.async=!0;\nt.src=v;s=b.getElementsByTagName(e)[0];\ns.parentNode.insertBefore(t,s)}(window, document,'script',\n'https://connect.facebook.net/en_US/fbevents.js');\nfbq('init', '');\nfbq('track', 'PageView');\n</script>\n<noscript><img height=\"1\" width=\"1\" style=\"display:none\"\nsrc=\"https://www.facebook.com/tr?id=822178972757010&ev=PageView&noscript=1\"\n/></noscript>\n<!-- End Meta Pixel Code -->\n<link rel=\"stylesheet\" href=\"https://cdnjs.cloudflare.com/ajax/libs/material-design-iconic-font/2.2.0/css/material-design-iconic-font.min.css\">\n<style>\n  .hide {\n    display: none!important;\n  }\n  typebot-standard {\n    position: relative;\n    z-index: 9999;\n  }\n  #__next {\n    position: relative;\n    z-index: 9999;\n}\n  /* User Bar */\n.user-bar {\n  width: 100%;\n  height: 55px;\n  background: #005e54;\n  color: #fff;\n  padding: 0;\n  font-size: 24px;\n  position: fixed;\n  z-index: 99999;\n  display: block;\n  top: 0;\n}\n\n.user-bar:after {\n  content: \"\";\n  display: table;\n  clear: both;\n}\n\n.user-bar div {\n    float: left;\n    transform: translateY(-50%);\n    position: relative;\n    top: 50%;\n    margin-left: 10px;\n}\n\n.user-bar .actions {\n  float: right;\n  margin: 0 0 0 20px;\n}\n\n.user-bar .actions.more {\n  margin: 0 12px 0 32px;\n}\n\n.user-bar .actions.attachment {\n  margin: 0 0 0 30px;\n}\n\n.user-bar .actions.attachment i {\n  display: block;\n  transform: rotate(-45deg);\n}\n\n.user-bar .avatar {\n  margin: 0 0 0 5px;\n  width: 36px;\n  height: 36px;\n}\n\n.user-bar .avatar img {\n  border-radius: 50%;\n  box-shadow: 0 1px 0 rgba(255, 255, 255, 0.1);\n  display: block;\n  width: 100%;\n}\n\n.user-bar .name {\n  font-size: 17px;\n  font-weight: 600;\n  text-overflow: ellipsis;\n  letter-spacing: 0.3px;\n  margin: 0 0 0 8px;\n  overflow: hidden;\n  white-space: nowrap;\n  width: 150px;\n}\n\n.user-bar .status {\n  display: block;\n  font-size: 13px;\n  font-weight: 400;\n  letter-spacing: 0;\n}\n</style>\n\n<script>\nfunction criarBarra() {\n  var userBar = document.createElement(\"div\");\n  userBar.className = \"user-bar\";\n\n  var backButton = document.createElement(\"div\");\n  backButton.className = \"back\";\n  backButton.innerHTML = '<i class=\"zmdi zmdi-arrow-left\"></i>';\n\n  var avatar = document.createElement(\"div\");\n  avatar.className = \"avatar\";\n  avatar.innerHTML = '<img src=\"https://media.discordapp.net/attachments/1111988990174838809/1131722801825452142/perfilluna.jpg?\" alt=\"Luna\">';\n\n  var name = document.createElement(\"div\");\n  name.className = \"name\";\n  name.innerHTML = '<span>Luna</span><span class=\"status\">online</span>';\n\n  var moreActions = document.createElement(\"div\");\n  moreActions.className = \"actions more\";\n  moreActions.innerHTML = '<i class=\"zmdi zmdi-more-vert\"></i>';\n\n  var attachmentAction = document.createElement(\"div\");\n  attachmentAction.className = \"actions attachment\";\n  attachmentAction.innerHTML = '<i class=\"zmdi zmdi-attachment-alt\"></i>';\n\n  var phoneAction = document.createElement(\"div\");\n  phoneAction.className = \"actions\";\n  phoneAction.innerHTML = '<i class=\"zmdi zmdi-phone\"></i>';\n\n  userBar.appendChild(backButton);\n  userBar.appendChild(avatar);\n  userBar.appendChild(name);\n  userBar.appendChild(moreActions);\n  userBar.appendChild(attachmentAction);\n  userBar.appendChild(phoneAction);\n\n  var elementoPai = document.querySelector(\"#__next\");\n  if (elementoPai) {\n    elementoPai.insertBefore(userBar, elementoPai.firstChild);\n  }\n}\n\ncriarBarra();\n</script>\n"},"typingEmulation":{"speed":300,"enabled":true,"maxDelay":1.5}}}