{"id":"clkhopu8q004bkw0ff2ccd251","version":"3","groups":[{"id":"f07og9php43l3ozded3lwldi","title":"Start","blocks":[{"id":"joxdcw9byuicc5v4gpdvbfdw","type":"start","label":"Start","groupId":"f07og9php43l3ozded3lwldi","outgoingEdgeId":"wu8atwfmwykt10cg8f0siru0"}],"graphCoordinates":{"x":-243.5,"y":-377.51}},{"id":"tayemb136arorxlpfexf6x5b","title":"Group #1","blocks":[{"id":"piex0h7tq5qdbybse861zckp","type":"Pixel","groupId":"tayemb136arorxlpfexf6x5b","options":{"params":[],"pixelId":"2623574947792675","eventType":"ViewContent"}},{"id":"wwtcqpoahza3ly70u9sclgqf","type":"text","content":{"richText":[{"type":"p","children":[{"text":"Atenção!!! Esse é um ATENDIMENTO "},{"bold":true,"text":"GRATUITO "},{"text":"apenas "},{"bold":true,"text":"para mulheres"},{"text":" que querem resgatar seus relacionamentos."}]}]},"groupId":"tayemb136arorxlpfexf6x5b","outgoingEdgeId":"yfvucm9qbls08an5x1honmud"}],"graphCoordinates":{"x":174.5,"y":-237}},{"id":"eufpwu64zrmvb8h56xngay2x","title":"Group #2","blocks":[{"id":"kuncw1kzq53gzt6e2fht7wft","type":"Wait","groupId":"eufpwu64zrmvb8h56xngay2x","options":{"secondsToWaitFor":"1"}},{"id":"fos9j71s49bme7qmyzi6nq4g","type":"text","content":{"richText":[{"type":"p","children":[{"text":"É isso que você está buscando?"}]}]},"groupId":"eufpwu64zrmvb8h56xngay2x","outgoingEdgeId":"rszx07w4j8l5cgzc98wltp5a"}],"graphCoordinates":{"x":172.84,"y":88}},{"id":"ktgqiafs1qrpjucy2ypmzjof","title":"Group #3","blocks":[{"id":"ddhapq5x95btj58aa3cj8mfj","type":"Wait","groupId":"ktgqiafs1qrpjucy2ypmzjof","options":{"secondsToWaitFor":"1"}},{"id":"p6ars8zt7k2jx7cvhc16feds","type":"choice input","items":[{"id":"uemwxl5z8lau9hfkktmbhydv","type":0,"blockId":"p6ars8zt7k2jx7cvhc16feds","content":"SIM","outgoingEdgeId":"cz5kelpiu46gp6k12sn1n1zt"}],"groupId":"ktgqiafs1qrpjucy2ypmzjof","options":{"buttonLabel":"Send","isSearchable":false,"isMultipleChoice":false,"searchInputPlaceholder":"Filter the options..."}}],"graphCoordinates":{"x":672.84,"y":316.33}},{"id":"ixuelmbcrsr13qfi48hkhvu0","title":"Group #4","blocks":[{"id":"f922yj4dgvep4n0cqmv692n4","type":"embed","content":{"url":"https://cellabrabo.github.io/ana/template-audio-1%20(2).html","height":90},"groupId":"ixuelmbcrsr13qfi48hkhvu0","outgoingEdgeId":"p8jprlk9pbcwyvhvd6fcue0l"}],"graphCoordinates":{"x":213.17,"y":465.33}},{"id":"ue72dy0s6tdu7d0noi1q00nf","title":"Group #5","blocks":[{"id":"nmslno6qq49h6a8q9ckl5gbe","type":"Wait","groupId":"ue72dy0s6tdu7d0noi1q00nf","options":{"secondsToWaitFor":"5"}},{"id":"hpr6ywa03h10m5n3ekvtfg0i","type":"text","content":{"richText":[{"type":"p","children":[{"text":"Qual seu nome?"}]}]},"groupId":"ue72dy0s6tdu7d0noi1q00nf","outgoingEdgeId":"gxrpomt08985zj6dl76lrky2"}],"graphCoordinates":{"x":220.33,"y":756.33}},{"id":"dlxbco7is3h3w53t5ck3du16","title":"Group #6","blocks":[{"id":"xyfoa9cyed6k80jhz0o3kwd8","type":"text input","groupId":"dlxbco7is3h3w53t5ck3du16","options":{"isLong":false,"labels":{"button":"Enviar","placeholder":"Escreva seu Nome..."},"variableId":"vvoyuquile9ymxp2rj5l18plp"},"outgoingEdgeId":"xhaij97godiip9qkeyoe59bd"}],"graphCoordinates":{"x":687.83,"y":908.83}},{"id":"f3vksxu0beotmk6884v2dna3","title":"Group #8","blocks":[{"id":"o7egn9hgcz2rud4atl810j37","type":"Wait","groupId":"f3vksxu0beotmk6884v2dna3","options":{"secondsToWaitFor":"2"}},{"id":"z3ne95k6u4nm4dgjufpylqfo","type":"text","content":{"richText":[{"type":"p","children":[{"text":"Seja muito bem vinda {{(NOME)}}  , você não está mais sozinha. Conte comigo."}]}]},"groupId":"f3vksxu0beotmk6884v2dna3","outgoingEdgeId":"f10mswbnjphftwa1bkdaq9q7"}],"graphCoordinates":{"x":187,"y":994.66}},{"id":"bfcak514wam6c7zr1ozetztn","title":"Group #8","blocks":[{"id":"qgzq0xej9bvdf5c3vbzix98h","type":"Wait","groupId":"bfcak514wam6c7zr1ozetztn","options":{"secondsToWaitFor":"1"}},{"id":"sfb2vu7kyov8kkdgnrrd0iqo","type":"text","content":{"richText":[{"type":"p","children":[{"text":"Vamos começar..."}]}]},"groupId":"bfcak514wam6c7zr1ozetztn","outgoingEdgeId":"junxy5tgt5m4kc720hhdy73k"}],"graphCoordinates":{"x":204.5,"y":1337.16}},{"id":"k8yc264rf76ir17d6e6pfcsv","title":"Group #10","blocks":[{"id":"zs9ncnu6oqp0i3gufy7j6zgx","type":"Wait","groupId":"k8yc264rf76ir17d6e6pfcsv","options":{"secondsToWaitFor":"2"}},{"id":"y93rfbg495wrjia43tka6fse","type":"text","content":{"richText":[{"type":"p","children":[{"text":"Qual é o estado atual vocês?"}]}]},"groupId":"k8yc264rf76ir17d6e6pfcsv","outgoingEdgeId":"tpdd3g262bzukeir83g2qkyv"}],"graphCoordinates":{"x":104.5,"y":1684.67}},{"id":"qadfu8uzsdovwu7wjkhxbaf6","title":"Group #10","blocks":[{"id":"lrm1tl5ilp9tcnpibmvsni6l","type":"Wait","groupId":"qadfu8uzsdovwu7wjkhxbaf6","options":{"secondsToWaitFor":"1"}},{"id":"wwpmommwkahdxmpwcyk3adku","type":"choice input","items":[{"id":"jjzat27bkygfm07o5wfw8ll1","type":0,"blockId":"wwpmommwkahdxmpwcyk3adku","content":"Acho que não tem mais volta","outgoingEdgeId":"wq5wknp25z2wel13b5pe2vkm"},{"id":"bbymbzwwym2qwcf3v8voqbog","type":0,"blockId":"wwpmommwkahdxmpwcyk3adku","content":"Está por um fio","outgoingEdgeId":"s7pvnakdjpcnfhzxaizrjkpy"},{"id":"esu5n8ahdl8k6ma9ser5h0p3","type":0,"blockId":"wwpmommwkahdxmpwcyk3adku","content":"Terminamos","outgoingEdgeId":"p0h7w5r1snlcss02kc7d7yu1"}],"groupId":"qadfu8uzsdovwu7wjkhxbaf6","options":{"buttonLabel":"Send","isSearchable":false,"isMultipleChoice":false,"searchInputPlaceholder":"Filter the options..."}}],"graphCoordinates":{"x":698,"y":1684.82}},{"id":"e0grwrebnx83daicu0yv7f0y","title":"Group #11","blocks":[{"id":"wx43oer4uoyx63he2hwnfgmo","type":"Wait","groupId":"e0grwrebnx83daicu0yv7f0y","options":{"secondsToWaitFor":"2"}},{"id":"lqe1d3q65fi036bryq5zcyc9","type":"text","content":{"richText":[{"type":"p","children":[{"text":"{{(NOME)}}, eu vivi isso na pele, sei bem como é."}]}]},"groupId":"e0grwrebnx83daicu0yv7f0y","outgoingEdgeId":"i0i9qw11pmnpnfb4pzsl5y6e"}],"graphCoordinates":{"x":250.5,"y":1996.5}},{"id":"lb2t037o5y3m2yf2n6n3rr8c","title":"Group #12","blocks":[{"id":"boczvz87ft23b6mac0ud5xii","type":"Wait","groupId":"lb2t037o5y3m2yf2n6n3rr8c","options":{"secondsToWaitFor":"2"}},{"id":"szvywviugjkj7b2izo4g5m7f","type":"embed","content":{"url":"https://cellabrabo.github.io/ana/template-audio-1%20(1).html","height":90},"groupId":"lb2t037o5y3m2yf2n6n3rr8c","outgoingEdgeId":"nbaobladkhsh754kqd9o84m7"}],"graphCoordinates":{"x":266.5,"y":2311.15}},{"id":"kim4nhpj38i7uo5wpykhu95d","title":"Group #13","blocks":[{"id":"yd6ojexaeham4jg76o83i6vv","type":"Wait","groupId":"kim4nhpj38i7uo5wpykhu95d","options":{"secondsToWaitFor":"5"}},{"id":"ph7q92ejhh5rq87rl208ou4l","type":"text","content":{"richText":[{"type":"p","children":[{"text":"Veja o que aconteceu com a Marcela..."}]}]},"groupId":"kim4nhpj38i7uo5wpykhu95d","outgoingEdgeId":"vd59uhqld49l8x9abd870k09"}],"graphCoordinates":{"x":252.33,"y":2622.82}},{"id":"o192zvvjkwepxs0qhi6wfo1a","title":"Group #16","blocks":[{"id":"dach7qmk29wdpgo4d7jbscf9","type":"Wait","groupId":"o192zvvjkwepxs0qhi6wfo1a","options":{"secondsToWaitFor":"50"}},{"id":"fp0rcy16z3pp8pvh88p067k9","type":"text","content":{"richText":[{"type":"p","children":[{"text":"Se não existisse mais chance ele já teria sumido de vez da sua vida..."}]}]},"groupId":"o192zvvjkwepxs0qhi6wfo1a"},{"id":"acnt7aculckl0jxa3dyszugv","type":"Wait","groupId":"o192zvvjkwepxs0qhi6wfo1a","options":{"secondsToWaitFor":"2"}},{"id":"hiaau9fg66ffy1sz84ut1uue","type":"text","content":{"richText":[{"type":"p","children":[{"text":"{{(NOME)}}, vou te mostrar agora uma técnica "},{"bold":true,"text":"americana"},{"text":", "},{"bold":true,"text":"nunca vista no Brasil"},{"text":" e que já resgatou mais de "},{"bold":true,"text":"7.380 "},{"text":"relacionamentos."}]}]},"groupId":"o192zvvjkwepxs0qhi6wfo1a"},{"id":"clvtfaahp5qv4kteqwpjv4gs","type":"Wait","groupId":"o192zvvjkwepxs0qhi6wfo1a","options":{"secondsToWaitFor":"4"}},{"id":"f8r77iymyrh4gu3s7aonpv6h","type":"text","content":{"richText":[{"type":"p","children":[{"text":"Assim como da Erika..."}]}]},"groupId":"o192zvvjkwepxs0qhi6wfo1a","outgoingEdgeId":"q6ticnk17c9fx2w0y5oebnkd"}],"graphCoordinates":{"x":281.5,"y":3106.67}},{"id":"g9kf3csx6hwueuebbd19hi8h","title":"Group #16","blocks":[{"id":"vcblf37hi342czatgpwthtak","type":"embed","content":{"url":"https://scripts.converteai.net/bc37f75e-629c-4e6a-b4da-51a09eb26448/players/64c00f1e9c46270009427f91/embed.html","height":465},"groupId":"g9kf3csx6hwueuebbd19hi8h","outgoingEdgeId":"kxy77b7foeaphs32fuv6mrlt"}],"graphCoordinates":{"x":244.5,"y":3730.82}},{"id":"e1ffyuhlxn6tzdvtl1akcen8","title":"Group #17","blocks":[{"id":"wf0hb7scy5klbxlbop5443us","type":"Wait","groupId":"e1ffyuhlxn6tzdvtl1akcen8","options":{"secondsToWaitFor":"40"}},{"id":"szevelexgp2mvai5r5uar38v","type":"text","content":{"richText":[{"type":"p","children":[{"text":"Quer ver na prática essa técnica?"}]}]},"groupId":"e1ffyuhlxn6tzdvtl1akcen8","outgoingEdgeId":"en7qitbel5fjm5bvjkeqbjmg"}],"graphCoordinates":{"x":246.5,"y":3935.82}},{"id":"xmpm6gspzhdwz08qteit3s3x","title":"Group #18","blocks":[{"id":"hqb0p9avv3ii5zkrohx6hlqt","type":"embed","content":{"url":"https://scripts.converteai.net/bc37f75e-629c-4e6a-b4da-51a09eb26448/players/64c00ed7a8a4d900084c5414/embed.html","height":465},"groupId":"xmpm6gspzhdwz08qteit3s3x","outgoingEdgeId":"ew2qr3jryqgiluwcitv21pez"}],"graphCoordinates":{"x":255,"y":2904.82}},{"id":"qahxza5gs82xc6o21ld0g89n","title":"Group #18","blocks":[{"id":"oazlgbyp1bj18fbz1tcwfxsg","type":"Wait","groupId":"qahxza5gs82xc6o21ld0g89n","options":{"secondsToWaitFor":"1"}},{"id":"jgc9n79dezl3p0lfaipj2pso","type":"choice input","items":[{"id":"dhms46xbjaxk390wysawvkev","type":0,"blockId":"jgc9n79dezl3p0lfaipj2pso","content":"SIM, EU QUERO!"}],"groupId":"qahxza5gs82xc6o21ld0g89n","options":{"buttonLabel":"Send","isSearchable":false,"isMultipleChoice":false,"searchInputPlaceholder":"Filter the options..."},"outgoingEdgeId":"iw67mqprode5io6rbflp08c4"}],"graphCoordinates":{"x":623.33,"y":4107.32}},{"id":"t9cil6yhuv6pdkkxr9ao7dqn","title":"Group #19","blocks":[{"id":"mzyuds08kcpvxinb5zmziyxw","type":"Wait","groupId":"t9cil6yhuv6pdkkxr9ao7dqn","options":{"secondsToWaitFor":"1,5"}},{"id":"sbnjndnf8ghryosc886ll5lf","type":"text","content":{"richText":[{"type":"p","children":[{"text":"Mesmo que você ache que não tem mais jeito, eu te "},{"bold":true,"text":"garanto que essa técnica "},{"text":"vai te ajudar..."}]}]},"groupId":"t9cil6yhuv6pdkkxr9ao7dqn"},{"id":"uakjh9lxi3fld9562k3hxod5","type":"Wait","groupId":"t9cil6yhuv6pdkkxr9ao7dqn","options":{"secondsToWaitFor":"1"}},{"id":"qoyx46735limsdemu70iauth","type":"text","content":{"richText":[{"type":"p","children":[{"text":"Você promete que vai assistir tudo?"}]}]},"groupId":"t9cil6yhuv6pdkkxr9ao7dqn","outgoingEdgeId":"oq3txjuib19s111ir33wgvvd"}],"graphCoordinates":{"x":235.83,"y":4421.49}},{"id":"olx5fzw21ylrrmgjieecgeu5","title":"Group #20","blocks":[{"id":"yg37mmhkggjdk1wlkuvj7ctp","type":"Wait","groupId":"olx5fzw21ylrrmgjieecgeu5","options":{"secondsToWaitFor":"1"}},{"id":"wgtsevhh4wjhzy5uixvurw5y","type":"choice input","items":[{"id":"vn7vfsnbbirdr5zasvmh9nwu","type":0,"blockId":"wgtsevhh4wjhzy5uixvurw5y","content":"SIM PROMETO!","outgoingEdgeId":"qc38ysxu8o6n0rja85sf8b4s"}],"groupId":"olx5fzw21ylrrmgjieecgeu5","options":{"buttonLabel":"Send","isSearchable":false,"isMultipleChoice":false,"searchInputPlaceholder":"Filter the options..."}}],"graphCoordinates":{"x":633.33,"y":4887.32}},{"id":"bnv7mlzx3hhvf6f84unzyept","title":"Group #21","blocks":[{"id":"n4e300ap9z2tinvku91fza4x","type":"Wait","groupId":"bnv7mlzx3hhvf6f84unzyept","options":{"secondsToWaitFor":"1"}},{"id":"gmyyd9ks68g0sx7horij7sja","type":"text","content":{"richText":[{"type":"p","children":[{"text":"Perfeito, então vamos lá!"}]}]},"groupId":"bnv7mlzx3hhvf6f84unzyept","outgoingEdgeId":"mt8oqre625tshcisnii7ls9y"}],"graphCoordinates":{"x":207.5,"y":5110.66}},{"id":"wy722ebiyun8d43hitpencfc","title":"Group #22","blocks":[{"id":"pul0ulwaxt8bz2wi4zdtmkk6","type":"embed","content":{"url":"https://scripts.converteai.net/bc37f75e-629c-4e6a-b4da-51a09eb26448/players/64c00435899aeb000890a049/embed.html","height":300},"groupId":"wy722ebiyun8d43hitpencfc","outgoingEdgeId":"qxxjlwdo60mtuumd4wi15wxx"}],"graphCoordinates":{"x":205.83,"y":5367.33}},{"id":"rpuibjzmvmba6fdq5w8wi40f","title":"Group #23","blocks":[{"id":"kzpho3m22anw6whfsc6237q6","type":"Wait","groupId":"rpuibjzmvmba6fdq5w8wi40f","options":{"secondsToWaitFor":"10"}},{"id":"a8vygwuldy54dnvfkfzq0yr8","type":"text","content":{"richText":[{"type":"p","children":[{"text":"{{(NOME)}}, no final tenho uma "},{"bold":true,"text":"surpresa pra você."}]}]},"groupId":"rpuibjzmvmba6fdq5w8wi40f","outgoingEdgeId":"y7gitxo5dvxx4zfge9thdot0"}],"graphCoordinates":{"x":206.33,"y":5555.82}},{"id":"y7ggrwsxr3s1ralkaub883s9","title":"Group #24","blocks":[{"id":"prtkf4jhe9x1u9nbqbig8ogl","type":"Wait","groupId":"y7ggrwsxr3s1ralkaub883s9","options":{"secondsToWaitFor":"671"}},{"id":"f6ghj2bc3juoetw3kc4iddbi","type":"choice input","items":[{"id":"wfxkxfyvv2c01p4s4e23l6is","type":0,"blockId":"f6ghj2bc3juoetw3kc4iddbi","content":"VER VALOR PROMOCIONAL!!","outgoingEdgeId":"alb5s7f8bcglhchm2jo0vdwo"}],"groupId":"y7ggrwsxr3s1ralkaub883s9","options":{"buttonLabel":"Send","isSearchable":false,"isMultipleChoice":false,"searchInputPlaceholder":"Filter the options..."}}],"graphCoordinates":{"x":588,"y":5783.32}},{"id":"c3vychmyly3gcvbvu5q6perv","title":"Group #25","blocks":[{"id":"tkillw9539z7mluogi6a8xu2","type":"Redirect","groupId":"c3vychmyly3gcvbvu5q6perv","options":{"url":"https://go.perfectpay.com.br/PPU38CMM2QJ","isNewTab":false},"outgoingEdgeId":"d2oaiy6hum6rxczaj7u8jeu5"}],"graphCoordinates":{"x":199.67,"y":6089.16}},{"id":"hs4g85pn42zkm8lggs9xcvmn","title":"Group #26","blocks":[{"id":"xz4zvrlpr8qykxt3jca9771h","type":"Pixel","groupId":"hs4g85pn42zkm8lggs9xcvmn","options":{"params":[],"pixelId":"2623574947792675","eventType":"InitiateCheckout"}}],"graphCoordinates":{"x":691.5,"y":6304.49}}],"variables":[{"id":"vvoyuquile9ymxp2rj5l18plp","name":"(NOME)"}],"edges":[{"id":"wu8atwfmwykt10cg8f0siru0","to":{"blockId":"wwtcqpoahza3ly70u9sclgqf","groupId":"tayemb136arorxlpfexf6x5b"},"from":{"blockId":"joxdcw9byuicc5v4gpdvbfdw","groupId":"f07og9php43l3ozded3lwldi"}},{"id":"yfvucm9qbls08an5x1honmud","to":{"groupId":"eufpwu64zrmvb8h56xngay2x"},"from":{"blockId":"wwtcqpoahza3ly70u9sclgqf","groupId":"tayemb136arorxlpfexf6x5b"}},{"id":"rszx07w4j8l5cgzc98wltp5a","to":{"blockId":"p6ars8zt7k2jx7cvhc16feds","groupId":"ktgqiafs1qrpjucy2ypmzjof"},"from":{"blockId":"fos9j71s49bme7qmyzi6nq4g","groupId":"eufpwu64zrmvb8h56xngay2x"}},{"id":"gxrpomt08985zj6dl76lrky2","to":{"blockId":"xyfoa9cyed6k80jhz0o3kwd8","groupId":"dlxbco7is3h3w53t5ck3du16"},"from":{"blockId":"hpr6ywa03h10m5n3ekvtfg0i","groupId":"ue72dy0s6tdu7d0noi1q00nf"}},{"id":"wq5wknp25z2wel13b5pe2vkm","to":{"groupId":"e0grwrebnx83daicu0yv7f0y"},"from":{"itemId":"jjzat27bkygfm07o5wfw8ll1","blockId":"wwpmommwkahdxmpwcyk3adku","groupId":"qadfu8uzsdovwu7wjkhxbaf6"}},{"id":"s7pvnakdjpcnfhzxaizrjkpy","to":{"groupId":"e0grwrebnx83daicu0yv7f0y"},"from":{"itemId":"bbymbzwwym2qwcf3v8voqbog","blockId":"wwpmommwkahdxmpwcyk3adku","groupId":"qadfu8uzsdovwu7wjkhxbaf6"}},{"id":"p0h7w5r1snlcss02kc7d7yu1","to":{"groupId":"e0grwrebnx83daicu0yv7f0y"},"from":{"itemId":"esu5n8ahdl8k6ma9ser5h0p3","blockId":"wwpmommwkahdxmpwcyk3adku","groupId":"qadfu8uzsdovwu7wjkhxbaf6"}},{"id":"q6ticnk17c9fx2w0y5oebnkd","to":{"blockId":"vcblf37hi342czatgpwthtak","groupId":"g9kf3csx6hwueuebbd19hi8h"},"from":{"blockId":"f8r77iymyrh4gu3s7aonpv6h","groupId":"o192zvvjkwepxs0qhi6wfo1a"}},{"id":"vd59uhqld49l8x9abd870k09","to":{"blockId":"hqb0p9avv3ii5zkrohx6hlqt","groupId":"xmpm6gspzhdwz08qteit3s3x"},"from":{"blockId":"ph7q92ejhh5rq87rl208ou4l","groupId":"kim4nhpj38i7uo5wpykhu95d"}},{"id":"mt8oqre625tshcisnii7ls9y","to":{"blockId":"pul0ulwaxt8bz2wi4zdtmkk6","groupId":"wy722ebiyun8d43hitpencfc"},"from":{"blockId":"gmyyd9ks68g0sx7horij7sja","groupId":"bnv7mlzx3hhvf6f84unzyept"}},{"id":"alb5s7f8bcglhchm2jo0vdwo","to":{"blockId":"tkillw9539z7mluogi6a8xu2","groupId":"c3vychmyly3gcvbvu5q6perv"},"from":{"itemId":"wfxkxfyvv2c01p4s4e23l6is","blockId":"f6ghj2bc3juoetw3kc4iddbi","groupId":"y7ggrwsxr3s1ralkaub883s9"}},{"id":"cz5kelpiu46gp6k12sn1n1zt","to":{"groupId":"ixuelmbcrsr13qfi48hkhvu0"},"from":{"itemId":"uemwxl5z8lau9hfkktmbhydv","blockId":"p6ars8zt7k2jx7cvhc16feds","groupId":"ktgqiafs1qrpjucy2ypmzjof"}},{"id":"y7gitxo5dvxx4zfge9thdot0","to":{"blockId":"prtkf4jhe9x1u9nbqbig8ogl","groupId":"y7ggrwsxr3s1ralkaub883s9"},"from":{"blockId":"a8vygwuldy54dnvfkfzq0yr8","groupId":"rpuibjzmvmba6fdq5w8wi40f"}},{"id":"xhaij97godiip9qkeyoe59bd","to":{"blockId":"o7egn9hgcz2rud4atl810j37","groupId":"f3vksxu0beotmk6884v2dna3"},"from":{"blockId":"xyfoa9cyed6k80jhz0o3kwd8","groupId":"dlxbco7is3h3w53t5ck3du16"}},{"id":"f10mswbnjphftwa1bkdaq9q7","to":{"blockId":"qgzq0xej9bvdf5c3vbzix98h","groupId":"bfcak514wam6c7zr1ozetztn"},"from":{"blockId":"z3ne95k6u4nm4dgjufpylqfo","groupId":"f3vksxu0beotmk6884v2dna3"}},{"id":"junxy5tgt5m4kc720hhdy73k","to":{"blockId":"zs9ncnu6oqp0i3gufy7j6zgx","groupId":"k8yc264rf76ir17d6e6pfcsv"},"from":{"blockId":"sfb2vu7kyov8kkdgnrrd0iqo","groupId":"bfcak514wam6c7zr1ozetztn"}},{"id":"tpdd3g262bzukeir83g2qkyv","to":{"blockId":"lrm1tl5ilp9tcnpibmvsni6l","groupId":"qadfu8uzsdovwu7wjkhxbaf6"},"from":{"blockId":"y93rfbg495wrjia43tka6fse","groupId":"k8yc264rf76ir17d6e6pfcsv"}},{"id":"i0i9qw11pmnpnfb4pzsl5y6e","to":{"blockId":"boczvz87ft23b6mac0ud5xii","groupId":"lb2t037o5y3m2yf2n6n3rr8c"},"from":{"blockId":"lqe1d3q65fi036bryq5zcyc9","groupId":"e0grwrebnx83daicu0yv7f0y"}},{"id":"iw67mqprode5io6rbflp08c4","to":{"blockId":"mzyuds08kcpvxinb5zmziyxw","groupId":"t9cil6yhuv6pdkkxr9ao7dqn"},"from":{"blockId":"jgc9n79dezl3p0lfaipj2pso","groupId":"qahxza5gs82xc6o21ld0g89n"}},{"id":"oq3txjuib19s111ir33wgvvd","to":{"blockId":"yg37mmhkggjdk1wlkuvj7ctp","groupId":"olx5fzw21ylrrmgjieecgeu5"},"from":{"blockId":"qoyx46735limsdemu70iauth","groupId":"t9cil6yhuv6pdkkxr9ao7dqn"}},{"id":"qc38ysxu8o6n0rja85sf8b4s","to":{"blockId":"n4e300ap9z2tinvku91fza4x","groupId":"bnv7mlzx3hhvf6f84unzyept"},"from":{"itemId":"vn7vfsnbbirdr5zasvmh9nwu","blockId":"wgtsevhh4wjhzy5uixvurw5y","groupId":"olx5fzw21ylrrmgjieecgeu5"}},{"id":"qxxjlwdo60mtuumd4wi15wxx","to":{"blockId":"kzpho3m22anw6whfsc6237q6","groupId":"rpuibjzmvmba6fdq5w8wi40f"},"from":{"blockId":"pul0ulwaxt8bz2wi4zdtmkk6","groupId":"wy722ebiyun8d43hitpencfc"}},{"id":"en7qitbel5fjm5bvjkeqbjmg","to":{"blockId":"oazlgbyp1bj18fbz1tcwfxsg","groupId":"qahxza5gs82xc6o21ld0g89n"},"from":{"blockId":"szevelexgp2mvai5r5uar38v","groupId":"e1ffyuhlxn6tzdvtl1akcen8"}},{"id":"kxy77b7foeaphs32fuv6mrlt","to":{"blockId":"wf0hb7scy5klbxlbop5443us","groupId":"e1ffyuhlxn6tzdvtl1akcen8"},"from":{"blockId":"vcblf37hi342czatgpwthtak","groupId":"g9kf3csx6hwueuebbd19hi8h"}},{"id":"ew2qr3jryqgiluwcitv21pez","to":{"blockId":"dach7qmk29wdpgo4d7jbscf9","groupId":"o192zvvjkwepxs0qhi6wfo1a"},"from":{"blockId":"hqb0p9avv3ii5zkrohx6hlqt","groupId":"xmpm6gspzhdwz08qteit3s3x"}},{"id":"p8jprlk9pbcwyvhvd6fcue0l","to":{"groupId":"ue72dy0s6tdu7d0noi1q00nf"},"from":{"blockId":"f922yj4dgvep4n0cqmv692n4","groupId":"ixuelmbcrsr13qfi48hkhvu0"}},{"id":"nbaobladkhsh754kqd9o84m7","to":{"groupId":"kim4nhpj38i7uo5wpykhu95d"},"from":{"blockId":"szvywviugjkj7b2izo4g5m7f","groupId":"lb2t037o5y3m2yf2n6n3rr8c"}},{"id":"d2oaiy6hum6rxczaj7u8jeu5","to":{"blockId":"xz4zvrlpr8qykxt3jca9771h","groupId":"hs4g85pn42zkm8lggs9xcvmn"},"from":{"blockId":"tkillw9539z7mluogi6a8xu2","groupId":"c3vychmyly3gcvbvu5q6perv"}}],"theme":{"chat":{"inputs":{"color":"#303235","backgroundColor":"#FFFFFF","placeholderColor":"#9095A0"},"buttons":{"color":"#FFFFFF","backgroundColor":"#0d9488"},"hostAvatar":{"url":"https://s3.fr-par.scw.cloud/typebot/public/typebots/cljneqv08003bjt0fdhg58d53/hostAvatar?v=1688430054606","isEnabled":true},"hostBubbles":{"color":"#303235","backgroundColor":"#F7F8FF"},"guestBubbles":{"color":"#303235","backgroundColor":"#F7F8FF"}},"general":{"font":"Inter","background":{"type":"Image","content":"https://s3.fr-par.scw.cloud/typebot/public/typebots/cljneqv08003bjt0fdhg58d53/background?v=1688429844346"}},"customCss":".typebot-chat-view > .flex:first-child {\n    padding-top: 30px;\n}\n\n.typebot-input {\n    position: fixed;\n    bottom: 0;\n    align-items: center;\n    z-index: 999;\n    right: 0;\n}\n\n.typebot-input .typebot-button {\n    background: #008a7c;\n    border-radius: 50%;\n    color: #fff;\n    position: relative;\n    width: 50px;\n    height: 50px;\n    display: flex;\n    align-items: center;\n    justify-content: center;\n}\n\n.typebot-container {\n    background-size: initial!important;\n    background-repeat: repeat-x!important;\n}\n\n.typebot-host-bubble>.bubble-typing {\n  border-radius: 0 5px 5px 5px;\n}\n\n.typebot-host-bubble>.bubble-typing:after {\n    position: absolute;\n    content: \"\";\n    width: 0;\n    height: 0;\n    border-style: solid;\n    border-width: 0px 10px 10px 0;\n    border-color: transparent #fff transparent transparent;\n    top: 0;\n    left: -10px;\n}\n\n.typebot-guest-bubble {\n  position: relative;\n  border-radius: 5px 0 5px 5px;\n}\n\n.typebot-guest-bubble:after {\n  position: absolute;\n  content: \"\";\n  width: 0;\n  height: 0;\n  border-style: solid;\n}\n\n.typebot-guest-bubble:after {\n    border-width: 0px 0 10px 10px;\n    border-color: transparent transparent transparent #e1ffc7;\n    top: 0;\n    right: -10px;\n    border-style: solid;\n}\n\niframe[src=\"\"] {\n  position: fixed;\n  top: 0;\n  left: 0;\n  display: relative;\n  width: 100%;\n  height: 100% !important;\n  z-index: 999999;\n  border: none;\n  padding: 0;\n  margin: 0;\n}\n\na#lite-badge {\n  display: none!important;\n}"},"settings":{"general":{"rememberUser":{"isEnabled":true},"isBrandingEnabled":true,"isInputPrefillEnabled":true,"isHideQueryParamsEnabled":true},"metadata":{"title":"WhatsA","imageUrl":"https://s3.fr-par.scw.cloud/typebot/public/typebots/r84jdu7bjz19lcijs97fohsc/ogImage?v=1687632342887","favIconUrl":"https://s3.fr-par.scw.cloud/typebot/public/typebots/resfowkekoqwbebckrs3pypi/favIcon?v=1690248136116","description":"Fale com a Dra. Ana e descubra os segredos da sua relação.","customHeadCode":"<!-- Facebook Pixel Code -->\n<script>\n   !function(f,b,e,v,n,t,s)\n  {if(f.fbq)return;n=f.fbq=function(){n.callMethod?\n    n.callMethod.apply(n,arguments):n.queue.push(arguments)};\n    if(!f._fbq)f._fbq=n;n.push=n;n.loaded=!0;n.version='2.0';\n    n.queue=[];t=b.createElement(e);t.async=!0;\n    t.src=v;s=b.getElementsByTagName(e)[0];\n    s.parentNode.insertBefore(t,s)}(window, document,'script',\n    'https://connect.facebook.net/en_US/fbevents.js');\n    fbq('init', 'SEUPIXELAQUI');\n    fbq('track', 'PageView');\n    fbq('track', 'ViewContent');\n \n</script>\n<!-- End Facebook Pixel Code -->\n<link rel=\"stylesheet\" href=\"https://cdnjs.cloudflare.com/ajax/libs/material-design-iconic-font/2.2.0/css/material-design-iconic-font.min.css\">\n<style>\n  .hide {\n    display: none!important;\n  }\n  typebot-standard {\n    position: relative;\n    z-index: 9999;\n  }\n  #__next {\n    position: relative;\n    z-index: 9999;\n}\n  /* User Bar */\n.user-bar {\n  width: 100%;\n  height: 55px;\n  background: #005e54;\n  color: #fff;\n  padding: 0;\n  font-size: 24px;\n  position: fixed;\n  z-index: 99999;\n  display: block;\n  top: 0;\n}\n\n.user-bar:after {\n  content: \"\";\n  display: table;\n  clear: both;\n}\n\n.user-bar div {\n    float: left;\n    transform: translateY(-50%);\n    position: relative;\n    top: 50%;\n    margin-left: 10px;\n}\n\n.user-bar .actions {\n  float: right;\n  margin: 0 0 0 20px;\n}\n\n.user-bar .actions.more {\n  margin: 0 12px 0 32px;\n}\n\n.user-bar .actions.attachment {\n  margin: 0 0 0 30px;\n}\n\n.user-bar .actions.attachment i {\n  display: block;\n  transform: rotate(-45deg);\n}\n\n.user-bar .avatar {\n  margin: 0 0 0 5px;\n  width: 36px;\n  height: 36px;\n}\n\n.user-bar .avatar img {\n  border-radius: 50%;\n  box-shadow: 0 1px 0 rgba(255, 255, 255, 0.1);\n  display: block;\n  width: 100%;\n}\n\n.user-bar .name {\n  font-size: 17px;\n  font-weight: 600;\n  text-overflow: ellipsis;\n  letter-spacing: 0.3px;\n  margin: 0 0 0 8px;\n  overflow: hidden;\n  white-space: nowrap;\n  width: 150px;\n}\n\n.user-bar .status {\n  display: block;\n  font-size: 13px;\n  font-weight: 400;\n  letter-spacing: 0;\n}\n</style>\n\n<script>\nfunction criarBarra() {\n  var userBar = document.createElement(\"div\");\n  userBar.className = \"user-bar\";\n\n  var backButton = document.createElement(\"div\");\n  backButton.className = \"back\";\n  backButton.innerHTML = '<i class=\"zmdi zmdi-arrow-left\"></i>';\n\n  var avatar = document.createElement(\"div\");\n  avatar.className = \"avatar\";\n  avatar.innerHTML = '<img src=\"https://s3.fr-par.scw.cloud/typebot/public/typebots/cljneqv08003bjt0fdhg58d53/hostAvatar?v=1688430054606\">';\n\n  var name = document.createElement(\"div\");\n  name.className = \"name\";\n  name.innerHTML = '<span>Dra Ana</span><span class=\"status\">online</span>';\n\n  var moreActions = document.createElement(\"div\");\n  moreActions.className = \"actions more\";\n  moreActions.innerHTML = '<i class=\"zmdi zmdi-more-vert\"></i>';\n\n  var attachmentAction = document.createElement(\"div\");\n  attachmentAction.className = \"actions attachment\";\n  attachmentAction.innerHTML = '<i class=\"zmdi zmdi-attachment-alt\"></i>';\n\n  var phoneAction = document.createElement(\"div\");\n  phoneAction.className = \"actions\";\n  phoneAction.innerHTML = '<i class=\"zmdi zmdi-phone\"></i>';\n\n  userBar.appendChild(backButton);\n  userBar.appendChild(avatar);\n  userBar.appendChild(name);\n  userBar.appendChild(moreActions);\n  userBar.appendChild(attachmentAction);\n  userBar.appendChild(phoneAction);\n\n  var elementoPai = document.querySelector(\"#__next\");\n  if (elementoPai) {\n    elementoPai.insertBefore(userBar, elementoPai.firstChild);\n  }\n}\n\ncriarBarra();\n</script>"},"typingEmulation":{"speed":300,"enabled":true,"maxDelay":1.5}}}