{"id":"clkg6jkob000ul40f7mvgg8su","version":"3","groups":[{"id":"xviktjy9fgtjknsk3tl104tl","title":"Start","blocks":[{"id":"dnrp2swfuno9gik1a7ofl4q8","type":"start","label":"Start","groupId":"xviktjy9fgtjknsk3tl104tl","outgoingEdgeId":"ntbr4n556v9hgbcnu2cz3now"}],"graphCoordinates":{"x":-912,"y":-403.33}},{"id":"jv6tof93cuvqbn2uvam1pune","title":"","blocks":[{"id":"lfkeyvsotbivvd5eqpuxw8ba","type":"text","content":{"richText":[{"type":"p","children":[{"text":"Olá, me chamo Dr. Manuel Monteiro..."}]}]},"groupId":"jv6tof93cuvqbn2uvam1pune"},{"id":"e384uoqd8yyciqgpu8007f3h","type":"Wait","groupId":"jv6tof93cuvqbn2uvam1pune","options":{"secondsToWaitFor":"3"}},{"id":"d5shrn0eao1bv4invsw21b4u","type":"text","content":{"richText":[{"type":"p","children":[{"text":"Sou especialista em relacionamentos e tenho a missão de ajudar casais a resgatar a harmonia perdida. "}]},{"type":"p","children":[{"text":""}]},{"type":"p","children":[{"text":"Recentemente, meu trabalho foi reconhecido em uma reportagem, destacando os resultados positivos que tenho alcançado."}]}]},"groupId":"jv6tof93cuvqbn2uvam1pune"},{"id":"aq75bqhojt3vwk5rsv1t3v2q","type":"Wait","groupId":"jv6tof93cuvqbn2uvam1pune","options":{"secondsToWaitFor":"5"}},{"id":"qpp13b89jhwkpggciweps5ee","type":"image","content":{"url":"https://s3.fr-par.scw.cloud/typebot/public/typebots/cljroqx7a000gmb0fzosyyuc0/blocks/qpp13b89jhwkpggciweps5ee?v=1688833471603"},"groupId":"jv6tof93cuvqbn2uvam1pune"},{"id":"zh7zuctjvx3ok53zh2pxmyll","type":"Wait","groupId":"jv6tof93cuvqbn2uvam1pune","options":{"secondsToWaitFor":"4"}},{"id":"rof4qcsnjdq7rf6roblow9tz","type":"text","content":{"richText":[{"type":"p","children":[{"text":"Qual é o seu nome?"}]}]},"groupId":"jv6tof93cuvqbn2uvam1pune"},{"id":"gyfwbr47nut6vmbwzthxbqss","type":"text input","groupId":"jv6tof93cuvqbn2uvam1pune","options":{"isLong":false,"labels":{"button":"Enviar","placeholder":"Digite aqui..."},"variableId":"vnsrddo4rkpmq9bhag0baalfv"},"outgoingEdgeId":"dq61t8tf6lxt7qr3nge3uy3q"}],"graphCoordinates":{"x":-921.83,"y":-0.7}},{"id":"qpgimxb5p8mpr3lv969nh8td","title":"","blocks":[{"id":"mtmdzv8d39l1laynipsseh7j","type":"Wait","groupId":"qpgimxb5p8mpr3lv969nh8td","options":{"secondsToWaitFor":"3"}},{"id":"o3bmfnig6b0rpierf9h2acgs","type":"text","content":{"richText":[{"type":"p","children":[{"text":"Entendo {{NOME}}..."}]}]},"groupId":"qpgimxb5p8mpr3lv969nh8td"},{"id":"g4q5j80fcxjh115dj6bqjc6e","type":"Wait","groupId":"qpgimxb5p8mpr3lv969nh8td","options":{"secondsToWaitFor":"3"}},{"id":"yubg29jcky91scz6l3plidzv","type":"text","content":{"richText":[{"type":"p","children":[{"text":"Já atendi pacientes que estavam em situações bem piores que a sua!"}]}]},"groupId":"qpgimxb5p8mpr3lv969nh8td"},{"id":"m6wjhsfa2pbp1rp9ii2ca7ve","type":"Wait","groupId":"qpgimxb5p8mpr3lv969nh8td","options":{"secondsToWaitFor":"3"}},{"id":"ncbhh9rq0muh4h4vlvw9t97y","type":"text","content":{"richText":[{"type":"p","children":[{"text":"Mas hoje elas me mandam mensagem deste tipo:"}]}]},"groupId":"qpgimxb5p8mpr3lv969nh8td"},{"id":"whe5rx4m7iky0nagcb8mp8fp","type":"Wait","groupId":"qpgimxb5p8mpr3lv969nh8td","options":{"secondsToWaitFor":"3"}},{"id":"gt8vc7aatidc648ln4ovzivx","type":"image","content":{"url":"https://s3.fr-par.scw.cloud/typebot/public/typebots/gwi5do1d7xyzccs1jgn90eky/blocks/gt8vc7aatidc648ln4ovzivx?v=1690122940967"},"groupId":"qpgimxb5p8mpr3lv969nh8td"},{"id":"sm06m37x4war5p7x10esk2qj","type":"Wait","groupId":"qpgimxb5p8mpr3lv969nh8td","options":{"secondsToWaitFor":"10"}},{"id":"mi99t5nrsxaxujpa6nrkc5r6","type":"image","content":{"url":"https://s3.fr-par.scw.cloud/typebot/public/typebots/gwi5do1d7xyzccs1jgn90eky/blocks/mi99t5nrsxaxujpa6nrkc5r6?v=1690122964296"},"groupId":"qpgimxb5p8mpr3lv969nh8td"},{"id":"qwteg8mc5abc1bh6ccgmffgn","type":"Wait","groupId":"qpgimxb5p8mpr3lv969nh8td","options":{"secondsToWaitFor":"10"}},{"id":"v1ftw3z0792b14iyoqkc2t85","type":"image","content":{"url":"https://s3.fr-par.scw.cloud/typebot/public/typebots/gwi5do1d7xyzccs1jgn90eky/blocks/v1ftw3z0792b14iyoqkc2t85?v=1690122973432"},"groupId":"qpgimxb5p8mpr3lv969nh8td"},{"id":"wlfo37hfh25158iibyx95k99","type":"Wait","groupId":"qpgimxb5p8mpr3lv969nh8td","options":{"secondsToWaitFor":"10"},"outgoingEdgeId":"aqhbbqbn6xl6j87w3qrrbl9z"}],"graphCoordinates":{"x":1461.89,"y":-272.88}},{"id":"mkvvdunzkl43khhpr6xrt25p","title":"","blocks":[{"id":"kdddmnz7rdql4voel33v2dg6","type":"text","content":{"richText":[{"type":"p","children":[{"text":"Essa é uma "},{"bold":true,"text":"CONSULTA GRATUITA","underline":true},{"text":"!"}]}]},"groupId":"mkvvdunzkl43khhpr6xrt25p"},{"id":"ksci6y1r6s1eapjk33eu04bn","type":"Wait","groupId":"mkvvdunzkl43khhpr6xrt25p","options":{"secondsToWaitFor":"2"},"outgoingEdgeId":"ztqd441v0bqk84fmxfwp0abk"}],"graphCoordinates":{"x":-929.8,"y":-223.35}},{"id":"kte21cc7md5v5kgitxjsw2b0","title":"","blocks":[{"id":"h05cafpc705ishmnecym56nq","type":"Redirect","groupId":"kte21cc7md5v5kgitxjsw2b0","options":{"url":"https://pay.kiwify.com.br/Xz1Pe8P","isNewTab":false}}],"graphCoordinates":{"x":3695.48,"y":-12.79}},{"id":"c8js56m5nemandsa584o5mdm","title":"","blocks":[{"id":"n9ak9dkuty8vrr4fpl3wvj5j","type":"Redirect","groupId":"c8js56m5nemandsa584o5mdm","options":{"url":"https://pay.kiwify.com.br/aT98QjP","isNewTab":false}}],"graphCoordinates":{"x":3746.77,"y":289.6}},{"id":"irpduc4afapgloqhqw8wwpeh","title":"Problemas","blocks":[{"id":"e5yfsewct6h1esw85gu5zvmj","type":"text","content":{"richText":[{"type":"p","children":[{"text":"Você acredita que seu relacionamento esteja passando por problemas?"}]}]},"groupId":"irpduc4afapgloqhqw8wwpeh"},{"id":"wa2uupffshclyvfdj4lham1c","type":"choice input","items":[{"id":"ufm6bdit4agcp464k39ek6dr","type":0,"blockId":"wa2uupffshclyvfdj4lham1c","content":"SIM"},{"id":"zc0bh85po5cc7f7g5wsyps2h","type":0,"blockId":"wa2uupffshclyvfdj4lham1c","content":"NÃO"}],"groupId":"irpduc4afapgloqhqw8wwpeh","options":{"buttonLabel":"Send","isSearchable":false,"isMultipleChoice":false,"searchInputPlaceholder":"Filter the options..."},"outgoingEdgeId":"ruwfea3nr6ap279kmxz5kn9a"}],"graphCoordinates":{"x":100.88,"y":-166}},{"id":"f0u1qwqs0hgircxndhvr13fm","title":"Insastifação","blocks":[{"id":"qxpu71zxng9wd0yd5ax69i65","type":"text","content":{"richText":[{"type":"p","children":[{"text":"Qual a sua maior insatisfação no seu relacionamento atualmente?"}]}]},"groupId":"f0u1qwqs0hgircxndhvr13fm"},{"id":"y6kb8gb842f31cc5683dxhnf","type":"text input","groupId":"f0u1qwqs0hgircxndhvr13fm","options":{"isLong":false,"labels":{"button":"Enviar","placeholder":"Digite aqui..."}},"outgoingEdgeId":"pdj5aakokib6am1sqsp1auls"}],"graphCoordinates":{"x":152.62,"y":304.58}},{"id":"hak1djnbkuk07ri9yuok4arg","title":"Insastifação Término","blocks":[{"id":"ppkx87kl8ijgilx6tnoj686i","type":"text","content":{"richText":[{"type":"p","children":[{"text":"Qual era a sua maior insatisfação no seu relacionamento ?"}]}]},"groupId":"hak1djnbkuk07ri9yuok4arg"},{"id":"rpn1lsssu8obkxpan7fh2tpf","type":"text input","groupId":"hak1djnbkuk07ri9yuok4arg","options":{"isLong":false,"labels":{"button":"Enviar","placeholder":"Digite aqui..."}},"outgoingEdgeId":"fc3rfhhc93jqnjbygid70a2n"}],"graphCoordinates":{"x":35.12,"y":685.42}},{"id":"f59a64cej0y7zub66ip2yglk","title":"Expectativas","blocks":[{"id":"jdmn4dcgj391tr4pdbfhbuap","type":"text","content":{"richText":[{"type":"p","children":[{"text":"Você acredita que as suas expectativas estão alinhadas com as do seu parceiro?"}]}]},"groupId":"f59a64cej0y7zub66ip2yglk"},{"id":"t63b5stmefz2mlitq6ir7gtz","type":"text input","groupId":"f59a64cej0y7zub66ip2yglk","options":{"isLong":false,"labels":{"button":"Enviar","placeholder":"Digite aqui..."}},"outgoingEdgeId":"p2ex72dstkc060n9ea4od2tv"}],"graphCoordinates":{"x":438.88,"y":-628.34}},{"id":"pdptbgx0tuppuxld4f1p4xe1","title":"Expectativas Término","blocks":[{"id":"vl4g0fu340eq8oa1hdiaiso8","type":"text","content":{"richText":[{"type":"p","children":[{"text":"Você acredita que as suas expectativas estão alinhadas com as do seu parceiro?"}]}]},"groupId":"pdptbgx0tuppuxld4f1p4xe1"},{"id":"u40r8oi0nv35sh443fanlcv8","type":"text input","groupId":"pdptbgx0tuppuxld4f1p4xe1","options":{"isLong":false,"labels":{"button":"Enviar","placeholder":"Digite aqui..."}},"outgoingEdgeId":"uwlxq6cd6uqrqexumb90vit6"}],"graphCoordinates":{"x":-8.62,"y":1048.33}},{"id":"kpz2aig3p7i9yc1k1fhgdkhr","title":"Abusivo","blocks":[{"id":"cyjr7gx3121re9f8kqcgqj2o","type":"text","content":{"richText":[{"type":"p","children":[{"text":"Entendo {{NOME}}..."}]}]},"groupId":"kpz2aig3p7i9yc1k1fhgdkhr"},{"id":"oyhkq6rmokkxf8bgosdl4vf2","type":"Wait","groupId":"kpz2aig3p7i9yc1k1fhgdkhr","options":{"secondsToWaitFor":"3"}},{"id":"gmsglxo6tydmjmskd3xbdvsn","type":"text","content":{"richText":[{"type":"p","children":[{"text":"Isso é bem comum nos relacionamentos, vejo isso em outros casais que eu auxilio"}]}]},"groupId":"kpz2aig3p7i9yc1k1fhgdkhr"},{"id":"y4fumywz7xzrqx00kfrrlvj9","type":"Wait","groupId":"kpz2aig3p7i9yc1k1fhgdkhr","options":{"secondsToWaitFor":"3"}},{"id":"i5j1vgoox2fge1u0fzk034wf","type":"text","content":{"richText":[{"type":"p","children":[{"text":"Mas é importante prestar atenção..."}]}]},"groupId":"kpz2aig3p7i9yc1k1fhgdkhr"},{"id":"p22ex03a6ccmbwavteklffyk","type":"Wait","groupId":"kpz2aig3p7i9yc1k1fhgdkhr","options":{"secondsToWaitFor":"3"}},{"id":"ggignttrk4m0cvblcvtand6y","type":"text","content":{"richText":[{"type":"p","children":[{"text":"Pois seu relacionamento pode estar se tornando "},{"bold":true,"text":"abusivo "},{"text":"ou "},{"bold":true,"text":"prestes a terminar"}]}]},"groupId":"kpz2aig3p7i9yc1k1fhgdkhr"},{"id":"sx73vckh10xpfccs3022wblf","type":"Wait","groupId":"kpz2aig3p7i9yc1k1fhgdkhr","options":{"secondsToWaitFor":"6"}},{"id":"pcwmjng7kizbcw9x5d6gsgzu","type":"text","content":{"richText":[{"type":"p","children":[{"text":"Você consegue reconhecer algum sinal se seu relacionamento é "},{"bold":true,"text":"abusivo"},{"text":"?"}]}]},"groupId":"kpz2aig3p7i9yc1k1fhgdkhr"},{"id":"fd1wd48e4a7jedgs35cf8j0n","type":"choice input","items":[{"id":"y8qk87w7dqsqketridhtjhbf","type":0,"blockId":"fd1wd48e4a7jedgs35cf8j0n","content":"SIM"},{"id":"hm5cxrqpfz1t7dkz5ogjc12j","type":0,"blockId":"fd1wd48e4a7jedgs35cf8j0n","content":"NÃO"}],"groupId":"kpz2aig3p7i9yc1k1fhgdkhr","options":{"buttonLabel":"Send","isSearchable":false,"isMultipleChoice":false,"searchInputPlaceholder":"Filter the options..."},"outgoingEdgeId":"zozdqcjwepdtab4m59ut9ohj"}],"graphCoordinates":{"x":555.13,"y":-342.31}},{"id":"arhjieuj05ajquo20bm23fdm","title":"Abusivo Término","blocks":[{"id":"q1344u66wjxwvbujj3wvqo9r","type":"text","content":{"richText":[{"type":"p","children":[{"text":"Entendo {{NOME}}..."}]}]},"groupId":"arhjieuj05ajquo20bm23fdm"},{"id":"krpx0slkw3lzbqhonddaodbl","type":"Wait","groupId":"arhjieuj05ajquo20bm23fdm","options":{"secondsToWaitFor":"3"}},{"id":"itx3q4x5bquncm4t7wz9a4hm","type":"text","content":{"richText":[{"type":"p","children":[{"text":"Isso é bem comum nos relacionamentos, vejo isso em outros casais que eu auxilio"}]}]},"groupId":"arhjieuj05ajquo20bm23fdm"},{"id":"c6shdtvqohevz30kutxmz1mg","type":"Wait","groupId":"arhjieuj05ajquo20bm23fdm","options":{"secondsToWaitFor":"3"}},{"id":"wsi5w5niz81q6eavj0fadokm","type":"text","content":{"richText":[{"type":"p","children":[{"text":"Você consegue reconhecer algum sinal se seu relacionamento era "},{"bold":true,"text":"abusivo"},{"text":"?"}]}]},"groupId":"arhjieuj05ajquo20bm23fdm"},{"id":"j52jy0ib710fwf64z1mbqups","type":"choice input","items":[{"id":"iogiqko97e5y1e73r0fn46jy","type":0,"blockId":"j52jy0ib710fwf64z1mbqups","content":"SIM"},{"id":"z1ax4w8hem2pxpjbuh3gp3in","type":0,"blockId":"j52jy0ib710fwf64z1mbqups","content":"NÃO"}],"groupId":"arhjieuj05ajquo20bm23fdm","options":{"buttonLabel":"Send","isSearchable":false,"isMultipleChoice":false,"searchInputPlaceholder":"Filter the options..."},"outgoingEdgeId":"nwvdaoge15t2t20ao456fkhp"}],"graphCoordinates":{"x":385.13,"y":880.19}},{"id":"exfpj3o7e47njhm0qpp6fhbs","title":"Sinais","blocks":[{"id":"pl6ecpku23ps26zonzhpnyr7","type":"text","content":{"richText":[{"type":"p","children":[{"text":"Existem vários sinais que podem indicar que você está em um relacionamento "},{"bold":true,"text":"tóxico"},{"text":"..."}]}]},"groupId":"exfpj3o7e47njhm0qpp6fhbs"},{"id":"yt48wk72ktdy08qymqkd9ope","type":"Wait","groupId":"exfpj3o7e47njhm0qpp6fhbs","options":{"secondsToWaitFor":"6"}},{"id":"jm84nbidgw0kbwu7w3q6gbhu","type":"text","content":{"richText":[{"type":"p","children":[{"text":"- Controle excessivo"}]},{"type":"p","children":[{"text":"- Isolamento social"}]},{"type":"p","children":[{"text":"- Manipulação emocional"}]},{"type":"p","children":[{"text":"- Violência física ou ameaças"}]},{"type":"p","children":[{"text":"- Humilhação pública"}]},{"type":"p","children":[{"text":"- Controle financeiro"}]},{"type":"p","children":[{"text":"- Ciúme doentio"}]},{"type":"p","children":[{"text":"- Manipulação sexual"}]},{"type":"p","children":[{"text":"- Isolamento emocional"}]},{"type":"p","children":[{"text":"- Constantes críticas e depreciação"}]}]},"groupId":"exfpj3o7e47njhm0qpp6fhbs"},{"id":"spv1cwimwd2f39uottfpewvy","type":"Wait","groupId":"exfpj3o7e47njhm0qpp6fhbs","options":{"secondsToWaitFor":"4"}},{"id":"jnz9oezegjyj3mw4wqi5c4z1","type":"text","content":{"richText":[{"type":"p","children":[{"text":"Você identifica algum desses sinais ou algum outro, no seu relacionamento?"}]}]},"groupId":"exfpj3o7e47njhm0qpp6fhbs"},{"id":"wg6ja4gt4je6qwlxsll5ju22","type":"text input","groupId":"exfpj3o7e47njhm0qpp6fhbs","options":{"isLong":false,"labels":{"button":"Enviar","placeholder":"Digite aqui..."}},"outgoingEdgeId":"cj1lhm2zc5mjpg9hsom2h80s"}],"graphCoordinates":{"x":972.41,"y":-359.16}},{"id":"wh3nq6irz1dqq6y270jrxy89","title":"Sinais término","blocks":[{"id":"xujh4dnuhkgsd2yg4g0lnm6p","type":"text","content":{"richText":[{"type":"p","children":[{"text":"Existem vários sinais que podem indicar que você estava em um relacionamento "},{"bold":true,"text":"tóxico"},{"text":"..."}]}]},"groupId":"wh3nq6irz1dqq6y270jrxy89"},{"id":"pyt4f5k53o9sn5ghue0w38kd","type":"Wait","groupId":"wh3nq6irz1dqq6y270jrxy89","options":{"secondsToWaitFor":"6"}},{"id":"dhxlx2gbwk9uakc2hbzwfob2","type":"text","content":{"richText":[{"type":"p","children":[{"text":"- Controle excessivo"}]},{"type":"p","children":[{"text":"- Isolamento social"}]},{"type":"p","children":[{"text":"- Manipulação emocional"}]},{"type":"p","children":[{"text":"- Violência física ou ameaças"}]},{"type":"p","children":[{"text":"- Humilhação pública"}]},{"type":"p","children":[{"text":"- Controle financeiro"}]},{"type":"p","children":[{"text":"- Ciúme doentio"}]},{"type":"p","children":[{"text":"- Manipulação sexual"}]},{"type":"p","children":[{"text":"- Isolamento emocional"}]},{"type":"p","children":[{"text":"- Constantes críticas e depreciação"}]}]},"groupId":"wh3nq6irz1dqq6y270jrxy89"},{"id":"bt657zrf32ycw4e5q993qg72","type":"Wait","groupId":"wh3nq6irz1dqq6y270jrxy89","options":{"secondsToWaitFor":"4"}},{"id":"qoprucx8a3arhv8f9dndpx70","type":"text","content":{"richText":[{"type":"p","children":[{"text":"Você identifica algum desses sinais ou algum outro, que tinha no seu relacionamento?"}]}]},"groupId":"wh3nq6irz1dqq6y270jrxy89"},{"id":"tbiatxtyimvqa9rmqd5oclma","type":"text input","groupId":"wh3nq6irz1dqq6y270jrxy89","options":{"isLong":false,"labels":{"button":"Enviar","placeholder":"Digite aqui..."}},"outgoingEdgeId":"u5a8fwbgxgvwuu81scu557m1"}],"graphCoordinates":{"x":794.5,"y":805.84}},{"id":"nplly7l65n8efyo52fsxbwdu","title":"Benefícios","blocks":[{"id":"k4jvc9lc7o8pqdw2km4jt71p","type":"Wait","groupId":"nplly7l65n8efyo52fsxbwdu","options":{"secondsToWaitFor":"3"}},{"id":"cwinc6661wanv3fvaxepq30m","type":"text","content":{"richText":[{"type":"p","children":[{"text":"Todas essas pacientes estavam em situações críticas e hoje desfrutam um relacionamento saudável!"}]}]},"groupId":"nplly7l65n8efyo52fsxbwdu"},{"id":"v6a0p3pfasohryqop7zhkbnl","type":"Wait","groupId":"nplly7l65n8efyo52fsxbwdu","options":{"secondsToWaitFor":"3"}},{"id":"mofthqh7njuk9jnpf3b45nfr","type":"text","content":{"richText":[{"type":"p","children":[{"text":"Vou te falar alguns dos benefícios de estar em um relacionamento saudável..."}]}]},"groupId":"nplly7l65n8efyo52fsxbwdu"},{"id":"slopggaou7rhhikvh7y4e7j2","type":"Wait","groupId":"nplly7l65n8efyo52fsxbwdu","options":{"secondsToWaitFor":"3"}},{"id":"jqsgs24jjd34zsy5j9qm3st0","type":"text","content":{"richText":[{"type":"p","children":[{"text":"✅ Apoio emocional mútuo\n✅ Companheirismo e compartilhamento de experiências\n✅ Estímulo ao crescimento pessoal\n✅ Intimidade emocional e física\n✅ Suporte durante desafios e dificuldades\n✅ Melhoria na comunicação e resolução de conflitos\n✅ Sentimento de segurança e confiança no parceiro\n✅ Aumento da empatia e compreensão mútua\n✅ Compartilhamento de metas e objetivos de vida"}]}]},"groupId":"nplly7l65n8efyo52fsxbwdu"},{"id":"yjzaec85y8zjbrhyfgnbfep7","type":"Wait","groupId":"nplly7l65n8efyo52fsxbwdu","options":{"secondsToWaitFor":"14"}},{"id":"slty1uui5gsth60sxoxuebrq","type":"text","content":{"richText":[{"type":"p","children":[{"bold":true,"text":"Qual"},{"text":" desses "},{"bold":true,"text":"benefícios"},{"text":" é o "}]},{"type":"p","children":[{"bold":true,"text":"principal"},{"text":" "},{"bold":true,"text":"para"},{"text":" "},{"bold":true,"text":"você"},{"text":"?"}]}]},"groupId":"nplly7l65n8efyo52fsxbwdu"},{"id":"fm9yrm20h7xfdwhbdszqp7fa","type":"text input","groupId":"nplly7l65n8efyo52fsxbwdu","options":{"isLong":false,"labels":{"button":"Enviar","placeholder":"Digite aqui..."}},"outgoingEdgeId":"kc4w9uosyq6db6vhhmrlnyli"}],"graphCoordinates":{"x":1874.74,"y":-361.31}},{"id":"kuq6u8p8hzal8i5igwyijsry","title":"Pitch","blocks":[{"id":"nqpna4zzftze60eskpj56dal","type":"text","content":{"richText":[{"type":"p","children":[{"text":"Meu objetivo principal é "},{"bold":true,"text":"ajudar casais a salvar seus relacionamentos e promover a harmonia"},{"text":". "}]}]},"groupId":"kuq6u8p8hzal8i5igwyijsry"},{"id":"ooquf3ppy00vxjycnvoclzmn","type":"Wait","groupId":"kuq6u8p8hzal8i5igwyijsry","options":{"secondsToWaitFor":"3"}},{"id":"ogx11i3bnr0usyawd2s3ympy","type":"text","content":{"richText":[{"type":"p","children":[{"text":"E como mencionado no começo de nossa conversa, eu não cobro "},{"bold":true,"text":"NADA "},{"text":"por esta consulta"}]}]},"groupId":"kuq6u8p8hzal8i5igwyijsry"},{"id":"lzftpi29aqxse5exzuiazbif","type":"Wait","groupId":"kuq6u8p8hzal8i5igwyijsry","options":{"secondsToWaitFor":"3"}},{"id":"bell2fnpnjeg4oj5r1uiptzt","type":"text","content":{"richText":[{"type":"p","children":[{"text":"e normalmente essas dicas por serem um guia prático ensinando o passo a passo era cobrado o valor de 197 reais."}]}]},"groupId":"kuq6u8p8hzal8i5igwyijsry"},{"id":"dqr9qz31ug16gitzu81sojo6","type":"Wait","groupId":"kuq6u8p8hzal8i5igwyijsry","options":{"secondsToWaitFor":"3"}},{"id":"pqe10isdzslablp27cwnz6oy","type":"text","content":{"richText":[{"type":"p","children":[{"text":"Mas você não vai precisar investir nada disso , a única coisas que pedimos é um valor simbólico de apenas R$ 5 reais mensais para manter a plataforma online e funcionando."}]}]},"groupId":"kuq6u8p8hzal8i5igwyijsry"},{"id":"a3ppknvbzbobxr1lt9wpikyj","type":"Wait","groupId":"kuq6u8p8hzal8i5igwyijsry","options":{"secondsToWaitFor":"3"}},{"id":"l15bfabh4h0k28nb3wfkxe4q","type":"text","content":{"richText":[{"type":"p","children":[{"text":"Agora se você não pode contribuir tudo bem sua vaga será passada para próxima pessoa da fila, e está tudo bem."}]}]},"groupId":"kuq6u8p8hzal8i5igwyijsry"},{"id":"bc3wzb7j77fgl9vmo6nhmywy","type":"Wait","groupId":"kuq6u8p8hzal8i5igwyijsry","options":{"secondsToWaitFor":"3"},"outgoingEdgeId":"l0tclz49if0d8yvqa4hvta9u"}],"graphCoordinates":{"x":2789.74,"y":-309.17}},{"id":"a9pa9igvzzfrm15n01uad5rn","title":"","blocks":[{"id":"yjuc9ck6053okymufft44udi","type":"text","content":{"richText":[{"type":"p","children":[{"text":"Não saia da conversa ainda..."}]}]},"groupId":"a9pa9igvzzfrm15n01uad5rn"},{"id":"bu7fvkqmcbchbpxzldzwcd9m","type":"Wait","groupId":"a9pa9igvzzfrm15n01uad5rn","options":{"secondsToWaitFor":"3"}},{"id":"wya1jpqpum17evoa6wwryh33","type":"text","content":{"richText":[{"type":"p","children":[{"text":"Eu realmente quero te ajudar a melhorar seu relacionamento, e não quero que o dinheiro impeça isso"}]}]},"groupId":"a9pa9igvzzfrm15n01uad5rn"},{"id":"jselkh2zx1hk72m9ugwv2j78","type":"Wait","groupId":"a9pa9igvzzfrm15n01uad5rn","options":{"secondsToWaitFor":"3"}},{"id":"atgat8gh17iw86lg5f3e95uc","type":"text","content":{"richText":[{"type":"p","children":[{"text":"Invés de você pagar o valor mencionado anteriormente, irei te dar um desconto de "},{"bold":true,"text":"30%!"}]}]},"groupId":"a9pa9igvzzfrm15n01uad5rn"},{"id":"d3od2sqgr190raxbqjgiwrk9","type":"Wait","groupId":"a9pa9igvzzfrm15n01uad5rn","options":{"secondsToWaitFor":"3"},"outgoingEdgeId":"krrk6xbrundlmg4o284e3ijh"}],"graphCoordinates":{"x":3248.93,"y":359.59}},{"id":"o0c4gfcrbt1o5tzz57fywyg9","title":"Tipo do problema","blocks":[{"id":"qwa7ns5oahsq6x8rg8vp7tnx","type":"text","content":{"richText":[{"type":"p","children":[{"text":"Muito prazer {{NOME}}."}]}]},"groupId":"o0c4gfcrbt1o5tzz57fywyg9"},{"id":"v42dxg0s7rxbkfzn8ybvcxau","type":"Wait","groupId":"o0c4gfcrbt1o5tzz57fywyg9","options":{"secondsToWaitFor":"3"}},{"id":"e0vu903ag9iex0bqcribdiqi","type":"text","content":{"richText":[{"type":"p","children":[{"text":"Antes de começar, gostaria de te conhecer melhor"}]}]},"groupId":"o0c4gfcrbt1o5tzz57fywyg9"},{"id":"vk3f36ce0avpu1paji7m8fie","type":"Wait","groupId":"o0c4gfcrbt1o5tzz57fywyg9","options":{"secondsToWaitFor":"3"}},{"id":"hs5d7wj0z5koxpuybmo7v5gj","type":"text","content":{"richText":[{"type":"p","children":[{"text":"Como está seu relacionamento?"}]}]},"groupId":"o0c4gfcrbt1o5tzz57fywyg9"},{"id":"fwugnismu2le93tjh5dwpeoq","type":"choice input","items":[{"id":"xj63qu6clpmswivakp9pm6dr","type":0,"blockId":"fwugnismu2le93tjh5dwpeoq","content":"Esfriando","outgoingEdgeId":"zucrg7r00i104wyvlwh5i2qf","displayCondition":{"isEnabled":true}},{"id":"sh9rhxg8q069yhkirnc77h9r","type":0,"blockId":"fwugnismu2le93tjh5dwpeoq","content":"Terminamos","outgoingEdgeId":"xzw4kmwasf62wlx0bu5ebbis"},{"id":"mo167ik5lzhdfs78z0cw61zq","type":0,"blockId":"fwugnismu2le93tjh5dwpeoq","content":"Outro","outgoingEdgeId":"uugwr52zzsgt3dgh3zq64y7r"}],"groupId":"o0c4gfcrbt1o5tzz57fywyg9","options":{"buttonLabel":"Send","isSearchable":false,"isMultipleChoice":false,"searchInputPlaceholder":"Filter the options..."}}],"graphCoordinates":{"x":-407.58,"y":-400.83}},{"id":"rcp6t3blwbhozn4g78lgg9uc","title":"Outro","blocks":[{"id":"b4whv565ru6r0rn872ykafp8","type":"text","content":{"richText":[{"type":"p","children":[{"text":"Descreva como ele está?"}]}]},"groupId":"rcp6t3blwbhozn4g78lgg9uc"},{"id":"htbyuhznhzogxnx2b8cfzqhq","type":"text input","groupId":"rcp6t3blwbhozn4g78lgg9uc","options":{"isLong":false,"labels":{"button":"Enviar","placeholder":"Digite aqui..."}},"outgoingEdgeId":"sm4qke1cf2irao14gl2tt9h1"}],"graphCoordinates":{"x":-391.93,"y":460.65}},{"id":"lm8mj4ox183sn5c473t174f2","title":"Perguntas","blocks":[{"id":"kbgp3csq7zr7uph8swlqjskc","type":"Wait","groupId":"lm8mj4ox183sn5c473t174f2","options":{"secondsToWaitFor":"3"}},{"id":"x9ev6uj8f2bnwts54rmdcqih","type":"text","content":{"richText":[{"type":"p","children":[{"text":"Agora que eu já entendi como está seu relacionamento"}]}]},"groupId":"lm8mj4ox183sn5c473t174f2"},{"id":"sqw98abqbdsfcdaod9h81j9t","type":"Wait","groupId":"lm8mj4ox183sn5c473t174f2","options":{"secondsToWaitFor":"3"}},{"id":"x09wphrtv11v66j0jmb1pnzt","type":"text","content":{"richText":[{"type":"p","children":[{"text":"Irei fazer algumas perguntas..."}]}]},"groupId":"lm8mj4ox183sn5c473t174f2","outgoingEdgeId":"uqsz5c4w17zp41kampjqq5ga"}],"graphCoordinates":{"x":51.12,"y":-631.22}},{"id":"kjviw2ybewsldsvtgw7irk4s","title":"Perguntas Término","blocks":[{"id":"dacbbzuivz17in7j7hnxnzqg","type":"Wait","groupId":"kjviw2ybewsldsvtgw7irk4s","options":{"secondsToWaitFor":"3"}},{"id":"u82mnjwvfk55utubu9etdna2","type":"text","content":{"richText":[{"type":"p","children":[{"text":"Agora que eu já entendi como está seu relacionamento"}]}]},"groupId":"kjviw2ybewsldsvtgw7irk4s"},{"id":"ual4s700doau91bfrgqg117y","type":"Wait","groupId":"kjviw2ybewsldsvtgw7irk4s","options":{"secondsToWaitFor":"3"}},{"id":"a9qtpyr4v2q4p1swpvnlwg0l","type":"text","content":{"richText":[{"type":"p","children":[{"text":"Irei fazer algumas perguntas..."}]}]},"groupId":"kjviw2ybewsldsvtgw7irk4s","outgoingEdgeId":"a9luwc0z0rbb2li1ljfvifk6"}],"graphCoordinates":{"x":-393.88,"y":740.45}},{"id":"gh5lkk3d3kbhtbn7dy0wie92","title":"Disposta","blocks":[{"id":"w14857qaq30es8eo0nnalebu","type":"text","content":{"richText":[{"type":"p","children":[{"text":"Perfeito {{NOME}}!"}]}]},"groupId":"gh5lkk3d3kbhtbn7dy0wie92"},{"id":"gou12m7goxj9hh7kvenwnnnr","type":"Wait","groupId":"gh5lkk3d3kbhtbn7dy0wie92","options":{"secondsToWaitFor":"3"}},{"id":"kq4mhj6ieigptisky0sfeb74","type":"text","content":{"richText":[{"type":"p","children":[{"text":"Vou te explicar como "}]},{"type":"p","children":[{"text":"fazer para "},{"bold":true,"text":"receber "},{"text":"minhas "},{"bold":true,"text":"dicas "},{"text":"e "},{"bold":true,"text":"como elas funcionam"},{"text":"..."}]}]},"groupId":"gh5lkk3d3kbhtbn7dy0wie92"},{"id":"tl2lgpzq5jmif0u1nqsdxnzp","type":"Wait","groupId":"gh5lkk3d3kbhtbn7dy0wie92","options":{"secondsToWaitFor":"3"}},{"id":"rpkw4krtjq6f1aigvt5p13bv","type":"text","content":{"richText":[{"type":"p","children":[{"text":"Para que você possa dar o próximo passo "},{"bold":true,"text":"rumo à felicidade e ao sucesso em seu relacionamento"},{"text":", gostaria de oferecer a você a oportunidade de adquirir minhas "},{"bold":true,"text":"dicas exclusivas"},{"text":"."}]}]},"groupId":"gh5lkk3d3kbhtbn7dy0wie92"},{"id":"jrw5zh7juqnrw9y8e1to8nm4","type":"Wait","groupId":"gh5lkk3d3kbhtbn7dy0wie92","options":{"secondsToWaitFor":"10"}},{"id":"ob3ijjp0mbjbk3lh2cn4o189","type":"text","content":{"richText":[{"type":"p","children":[{"text":"Elas são um guia prático, embasado em minha experiência e conhecimento, que aborda os principais desafios enfrentados pelos casais."}]}]},"groupId":"gh5lkk3d3kbhtbn7dy0wie92"},{"id":"ql78l0cvi0itsq6qsuhc7xbi","type":"Wait","groupId":"gh5lkk3d3kbhtbn7dy0wie92","options":{"secondsToWaitFor":"10"}},{"id":"xx6bajec3hfgkhkk9hnd6pie","type":"text","content":{"richText":[{"type":"p","children":[{"text":"Você está disposta a se comprometer a seguir as minhas dicas?"}]}]},"groupId":"gh5lkk3d3kbhtbn7dy0wie92"},{"id":"bz4o64i1cz6j3zpe9ha1crf2","type":"choice input","items":[{"id":"unkd0qrctx7vn2cc3wrppz2n","type":0,"blockId":"bz4o64i1cz6j3zpe9ha1crf2","content":"Sim!"},{"id":"r2fan7b9bjbx6f3g09mvovqm","type":0,"blockId":"bz4o64i1cz6j3zpe9ha1crf2","content":"Posso tentar"}],"groupId":"gh5lkk3d3kbhtbn7dy0wie92","options":{"buttonLabel":"Send","isSearchable":false,"isMultipleChoice":false,"searchInputPlaceholder":"Filter the options..."},"outgoingEdgeId":"vtwxc2u9nkwp416vf2970bq7"}],"graphCoordinates":{"x":2358.99,"y":-327.03}},{"id":"m6glrhi389zwzcze05cw9231","title":"Aceitou?","blocks":[{"id":"w5vr7kd3udg4kdh3dt42q3l6","type":"text","content":{"richText":[{"type":"p","children":[{"text":"Bom não quero mais tomar seu tempo , se você quiser ter acesso a tudo isso em menos de 2 minutos , aperte em \"Tenho Interesse!\" e faça sua inscrição ."}]}]},"groupId":"m6glrhi389zwzcze05cw9231"},{"id":"s34xbfpxl3743vla4uvwgzoe","type":"choice input","items":[{"id":"etait4tmmc9zz5onaxntsy57","type":0,"blockId":"s34xbfpxl3743vla4uvwgzoe","content":"Tenho Interesse!","outgoingEdgeId":"xxs6qhaxs4kteeedxdtcpsau"},{"id":"p5aad2qhljzo9mhgh2y92s27","type":0,"blockId":"s34xbfpxl3743vla4uvwgzoe","content":"Não tenho interesse","outgoingEdgeId":"rl2cl098n34gudllp33ftik8"}],"groupId":"m6glrhi389zwzcze05cw9231","options":{"buttonLabel":"Send","isSearchable":false,"isMultipleChoice":false,"searchInputPlaceholder":"Filter the options..."}}],"graphCoordinates":{"x":3194.22,"y":-210.08}}],"variables":[{"id":"vnsrddo4rkpmq9bhag0baalfv","name":"NOME"}],"edges":[{"id":"ztqd441v0bqk84fmxfwp0abk","to":{"groupId":"jv6tof93cuvqbn2uvam1pune"},"from":{"blockId":"ksci6y1r6s1eapjk33eu04bn","groupId":"mkvvdunzkl43khhpr6xrt25p"}},{"id":"ntbr4n556v9hgbcnu2cz3now","to":{"groupId":"mkvvdunzkl43khhpr6xrt25p"},"from":{"blockId":"dnrp2swfuno9gik1a7ofl4q8","groupId":"xviktjy9fgtjknsk3tl104tl"}},{"id":"pdj5aakokib6am1sqsp1auls","to":{"groupId":"f59a64cej0y7zub66ip2yglk"},"from":{"blockId":"y6kb8gb842f31cc5683dxhnf","groupId":"f0u1qwqs0hgircxndhvr13fm"}},{"id":"p2ex72dstkc060n9ea4od2tv","to":{"groupId":"kpz2aig3p7i9yc1k1fhgdkhr"},"from":{"blockId":"t63b5stmefz2mlitq6ir7gtz","groupId":"f59a64cej0y7zub66ip2yglk"}},{"id":"zozdqcjwepdtab4m59ut9ohj","to":{"groupId":"exfpj3o7e47njhm0qpp6fhbs"},"from":{"blockId":"fd1wd48e4a7jedgs35cf8j0n","groupId":"kpz2aig3p7i9yc1k1fhgdkhr"}},{"id":"xxs6qhaxs4kteeedxdtcpsau","to":{"groupId":"kte21cc7md5v5kgitxjsw2b0"},"from":{"itemId":"etait4tmmc9zz5onaxntsy57","blockId":"s34xbfpxl3743vla4uvwgzoe","groupId":"m6glrhi389zwzcze05cw9231"}},{"id":"rl2cl098n34gudllp33ftik8","to":{"groupId":"a9pa9igvzzfrm15n01uad5rn"},"from":{"itemId":"p5aad2qhljzo9mhgh2y92s27","blockId":"s34xbfpxl3743vla4uvwgzoe","groupId":"m6glrhi389zwzcze05cw9231"}},{"id":"krrk6xbrundlmg4o284e3ijh","to":{"groupId":"c8js56m5nemandsa584o5mdm"},"from":{"blockId":"d3od2sqgr190raxbqjgiwrk9","groupId":"a9pa9igvzzfrm15n01uad5rn"}},{"id":"dq61t8tf6lxt7qr3nge3uy3q","to":{"groupId":"o0c4gfcrbt1o5tzz57fywyg9"},"from":{"blockId":"gyfwbr47nut6vmbwzthxbqss","groupId":"jv6tof93cuvqbn2uvam1pune"}},{"id":"ruwfea3nr6ap279kmxz5kn9a","to":{"groupId":"f0u1qwqs0hgircxndhvr13fm"},"from":{"blockId":"wa2uupffshclyvfdj4lham1c","groupId":"irpduc4afapgloqhqw8wwpeh"}},{"id":"uugwr52zzsgt3dgh3zq64y7r","to":{"groupId":"rcp6t3blwbhozn4g78lgg9uc"},"from":{"itemId":"mo167ik5lzhdfs78z0cw61zq","blockId":"fwugnismu2le93tjh5dwpeoq","groupId":"o0c4gfcrbt1o5tzz57fywyg9"}},{"id":"zucrg7r00i104wyvlwh5i2qf","to":{"groupId":"lm8mj4ox183sn5c473t174f2"},"from":{"itemId":"xj63qu6clpmswivakp9pm6dr","blockId":"fwugnismu2le93tjh5dwpeoq","groupId":"o0c4gfcrbt1o5tzz57fywyg9"}},{"id":"sm4qke1cf2irao14gl2tt9h1","to":{"groupId":"lm8mj4ox183sn5c473t174f2"},"from":{"blockId":"htbyuhznhzogxnx2b8cfzqhq","groupId":"rcp6t3blwbhozn4g78lgg9uc"}},{"id":"xzw4kmwasf62wlx0bu5ebbis","to":{"groupId":"kjviw2ybewsldsvtgw7irk4s"},"from":{"itemId":"sh9rhxg8q069yhkirnc77h9r","blockId":"fwugnismu2le93tjh5dwpeoq","groupId":"o0c4gfcrbt1o5tzz57fywyg9"}},{"id":"fc3rfhhc93jqnjbygid70a2n","to":{"groupId":"pdptbgx0tuppuxld4f1p4xe1"},"from":{"blockId":"rpn1lsssu8obkxpan7fh2tpf","groupId":"hak1djnbkuk07ri9yuok4arg"}},{"id":"uwlxq6cd6uqrqexumb90vit6","to":{"groupId":"arhjieuj05ajquo20bm23fdm"},"from":{"blockId":"u40r8oi0nv35sh443fanlcv8","groupId":"pdptbgx0tuppuxld4f1p4xe1"}},{"id":"nwvdaoge15t2t20ao456fkhp","to":{"groupId":"wh3nq6irz1dqq6y270jrxy89"},"from":{"blockId":"j52jy0ib710fwf64z1mbqups","groupId":"arhjieuj05ajquo20bm23fdm"}},{"id":"u5a8fwbgxgvwuu81scu557m1","to":{"groupId":"qpgimxb5p8mpr3lv969nh8td"},"from":{"blockId":"tbiatxtyimvqa9rmqd5oclma","groupId":"wh3nq6irz1dqq6y270jrxy89"}},{"id":"cj1lhm2zc5mjpg9hsom2h80s","to":{"groupId":"qpgimxb5p8mpr3lv969nh8td"},"from":{"blockId":"wg6ja4gt4je6qwlxsll5ju22","groupId":"exfpj3o7e47njhm0qpp6fhbs"}},{"id":"aqhbbqbn6xl6j87w3qrrbl9z","to":{"groupId":"nplly7l65n8efyo52fsxbwdu"},"from":{"blockId":"wlfo37hfh25158iibyx95k99","groupId":"qpgimxb5p8mpr3lv969nh8td"}},{"id":"l0tclz49if0d8yvqa4hvta9u","to":{"groupId":"m6glrhi389zwzcze05cw9231"},"from":{"blockId":"bc3wzb7j77fgl9vmo6nhmywy","groupId":"kuq6u8p8hzal8i5igwyijsry"}},{"id":"uqsz5c4w17zp41kampjqq5ga","to":{"groupId":"irpduc4afapgloqhqw8wwpeh"},"from":{"blockId":"x09wphrtv11v66j0jmb1pnzt","groupId":"lm8mj4ox183sn5c473t174f2"}},{"id":"a9luwc0z0rbb2li1ljfvifk6","to":{"groupId":"hak1djnbkuk07ri9yuok4arg"},"from":{"blockId":"a9qtpyr4v2q4p1swpvnlwg0l","groupId":"kjviw2ybewsldsvtgw7irk4s"}},{"id":"kc4w9uosyq6db6vhhmrlnyli","to":{"groupId":"gh5lkk3d3kbhtbn7dy0wie92"},"from":{"blockId":"fm9yrm20h7xfdwhbdszqp7fa","groupId":"nplly7l65n8efyo52fsxbwdu"}},{"id":"vtwxc2u9nkwp416vf2970bq7","to":{"groupId":"kuq6u8p8hzal8i5igwyijsry"},"from":{"blockId":"bz4o64i1cz6j3zpe9ha1crf2","groupId":"gh5lkk3d3kbhtbn7dy0wie92"}}],"theme":{"chat":{"inputs":{"color":"#000000","backgroundColor":"#FFFFFF","placeholderColor":"#28292a"},"buttons":{"color":"#FFFFFF","backgroundColor":"#128C7E"},"roundness":"medium","hostAvatar":{"url":"https://i.postimg.cc/W4h547tG/pexels-tima-miroshnichenko-5336914.jpg","isEnabled":true},"guestAvatar":{"url":"https://s3.fr-par.scw.cloud/typebot/public/typebots/cljroqx7a000gmb0fzosyyuc0/guestAvatar?v=1688681956759","isEnabled":false},"hostBubbles":{"color":"#303235","backgroundColor":"#FFFFFF"},"guestBubbles":{"color":"#303235","backgroundColor":"#e1ffc7"}},"general":{"font":"Open Sans","background":{"type":"Image","content":"https://s3.fr-par.scw.cloud/typebot/public/typebots/cli88mae30010mh0f0yzjqn48/background?v=1685470080750"}},"customCss":".typebot-chat-view > .flex:first-child {\n    padding-top: 30px;\n}\n\n.typebot-input {\n    position: fixed;\n    bottom: 0;\n    align-items: center;\n    z-index: 999;\n    right: 0;\n}\n\n.typebot-input .typebot-button {\n    background: #008a7c;\n    border-radius: 50%;\n    color: #fff;\n    position: relative;\n    width: 50px;\n    height: 50px;\n    display: flex;\n    align-items: center;\n    justify-content: center;\n}\n\n.typebot-container {\n    background-size: initial!important;\n    background-repeat: repeat-x!important;\n}\n\n.typebot-host-bubble>.bubble-typing {\n  border-radius: 0 5px 5px 5px;\n}\n\n.typebot-host-bubble>.bubble-typing:after {\n    position: absolute;\n    content: \"\";\n    width: 0;\n    height: 0;\n    border-style: solid;\n    border-width: 0px 10px 10px 0;\n    border-color: transparent #fff transparent transparent;\n    top: 0;\n    left: -10px;\n}\n\n.typebot-guest-bubble {\n  position: relative;\n  border-radius: 5px 0 5px 5px;\n}\n\n.typebot-guest-bubble:after {\n  position: absolute;\n  content: \"\";\n  width: 0;\n  height: 0;\n  border-style: solid;\n}\n\n.typebot-guest-bubble:after {\n    border-width: 0px 0 10px 10px;\n    border-color: transparent transparent transparent #e1ffc7;\n    top: 0;\n    right: -10px;\n    border-style: solid;\n}\n\niframe[src=\"\"] {\n  position: fixed;\n  top: 0;\n  left: 0;\n  display: relative;\n  width: 100%;\n  height: 100% !important;\n  z-index: 999999;\n  border: none;\n  padding: 0;\n  margin: 0;\n}\n\na#lite-badge {\n  display: none!important;\n}"},"settings":{"general":{"rememberUser":{"isEnabled":false},"isBrandingEnabled":true,"isInputPrefillEnabled":false,"isHideQueryParamsEnabled":false},"metadata":{"title":"WhatsApp Web","imageUrl":"https://s3.fr-par.scw.cloud/typebot/public/typebots/cljroqx7a000gmb0fzosyyuc0/ogImage?v=1688826542808","favIconUrl":"https://i.postimg.cc/h4ybXmWM/whatsapp.png","description":"Faça agora sua consulta com Dr. Manuel Monteiro no WhatsApp.","customHeadCode":"<!-- Facebook Pixel Code -->\n<script>\n   !function(f,b,e,v,n,t,s)\n  {if(f.fbq)return;n=f.fbq=function(){n.callMethod?\n    n.callMethod.apply(n,arguments):n.queue.push(arguments)};\n    if(!f._fbq)f._fbq=n;n.push=n;n.loaded=!0;n.version='2.0';\n    n.queue=[];t=b.createElement(e);t.async=!0;\n    t.src=v;s=b.getElementsByTagName(e)[0];\n    s.parentNode.insertBefore(t,s)}(window, document,'script',\n    'https://connect.facebook.net/en_US/fbevents.js');\n    fbq('init', 'SEUPIXELAQUI');\n    fbq('track', 'PageView');\n    fbq('track', 'ViewContent');\n \n</script>\n<!-- End Facebook Pixel Code -->\n<link rel=\"stylesheet\" href=\"https://cdnjs.cloudflare.com/ajax/libs/material-design-iconic-font/2.2.0/css/material-design-iconic-font.min.css\">\n<style>\n  .hide {\n    display: none!important;\n  }\n  typebot-standard {\n    position: relative;\n    z-index: 9999;\n  }\n  #__next {\n    position: relative;\n    z-index: 9999;\n}\n  /* User Bar */\n.user-bar {\n  width: 100%;\n  height: 55px;\n  background: #005e54;\n  color: #fff;\n  padding: 0;\n  font-size: 24px;\n  position: fixed;\n  z-index: 99999;\n  display: block;\n  top: 0;\n}\n\n.user-bar:after {\n  content: \"\";\n  display: table;\n  clear: both;\n}\n\n.user-bar div {\n    float: left;\n    transform: translateY(-50%);\n    position: relative;\n    top: 50%;\n    margin-left: 10px;\n}\n\n.user-bar .actions {\n  float: right;\n  margin: 0 0 0 20px;\n}\n\n.user-bar .actions.more {\n  margin: 0 12px 0 32px;\n}\n\n.user-bar .actions.attachment {\n  margin: 0 0 0 30px;\n}\n\n.user-bar .actions.attachment i {\n  display: block;\n  transform: rotate(-45deg);\n}\n\n.user-bar .avatar {\n  margin: 0 0 0 5px;\n  width: 36px;\n  height: 36px;\n}\n\n.user-bar .avatar img {\n  border-radius: 50%;\n  box-shadow: 0 1px 0 rgba(255, 255, 255, 0.1);\n  display: block;\n  width: 100%;\n}\n\n.user-bar .name {\n  font-size: 17px;\n  font-weight: 600;\n  text-overflow: ellipsis;\n  letter-spacing: 0.3px;\n  margin: 0 0 0 8px;\n  overflow: hidden;\n  white-space: nowrap;\n  width: 150px;\n}\n\n.user-bar .status {\n  display: block;\n  font-size: 13px;\n  font-weight: 400;\n  letter-spacing: 0;\n}\n</style>\n\n<script>\nfunction criarBarra() {\n  var userBar = document.createElement(\"div\");\n  userBar.className = \"user-bar\";\n\n  var backButton = document.createElement(\"div\");\n  backButton.className = \"back\";\n  backButton.innerHTML = '<i class=\"zmdi zmdi-arrow-left\"></i>';\n\n  var avatar = document.createElement(\"div\");\n  avatar.className = \"avatar\";\n  avatar.innerHTML = '<img src=\"https://i.postimg.cc/W4h547tG/pexels-tima-miroshnichenko-5336914.jpg\" alt=\"Dr. Manuel M.\">';\n\n  var name = document.createElement(\"div\");\n  name.className = \"name\";\n  name.innerHTML = '<span>Dr. Manuel M.</span><span class=\"status\">online</span>';\n\n  var moreActions = document.createElement(\"div\");\n  moreActions.className = \"actions more\";\n  moreActions.innerHTML = '<i class=\"zmdi zmdi-more-vert\"></i>';\n\n  var attachmentAction = document.createElement(\"div\");\n  attachmentAction.className = \"actions attachment\";\n  attachmentAction.innerHTML = '<i class=\"zmdi zmdi-attachment-alt\"></i>';\n\n  var phoneAction = document.createElement(\"div\");\n  phoneAction.className = \"actions\";\n  phoneAction.innerHTML = '<i class=\"zmdi zmdi-phone\"></i>';\n\n  userBar.appendChild(backButton);\n  userBar.appendChild(avatar);\n  userBar.appendChild(name);\n  userBar.appendChild(moreActions);\n  userBar.appendChild(attachmentAction);\n  userBar.appendChild(phoneAction);\n\n  var elementoPai = document.querySelector(\"#__next\");\n  if (elementoPai) {\n    elementoPai.insertBefore(userBar, elementoPai.firstChild);\n  }\n}\n\ncriarBarra();\n</script>\n"},"typingEmulation":{"speed":300,"enabled":true,"maxDelay":1.5}}}