{"id":"clkd89gv80015l80fa27cazy6","version":"3","groups":[{"id":"uhrkc7s593bdsrtyk45pp7wd","title":"Start","blocks":[{"id":"cx5iel8jxfo4caorf8rnjiw0","type":"start","label":"Start","groupId":"uhrkc7s593bdsrtyk45pp7wd","outgoingEdgeId":"p26q3zjwfjmczain7xyar3ym"}],"graphCoordinates":{"x":-2268.68,"y":-20.78}},{"id":"zt8bd90436iy5cppgl57elmb","title":"campo:Inicio","blocks":[{"id":"prxfb3l0goxye13gan7rklqh","type":"Pixel","groupId":"zt8bd90436iy5cppgl57elmb","options":{"params":[],"pixelId":"242341308690929","eventType":"Lead","isInitSkip":false}},{"id":"kl16bf94mpvm7ux0w9yhaksc","type":"text","content":{"richText":[{"type":"p","children":[{"bold":true,"text":"[ESSA CONSULTA E GRATUITA]"}]},{"type":"p","children":[{"bold":true,"text":""}]},{"type":"p","children":[{"bold":true,"text":"Bem-vinda "},{"text":"ao nosso consultório virtual."}]}]},"groupId":"zt8bd90436iy5cppgl57elmb"},{"id":"ttaqq3swhvfrw29ji5astcvi","type":"Wait","groupId":"zt8bd90436iy5cppgl57elmb","options":{"secondsToWaitFor":"2"}},{"id":"ojoiuqw11ol7mluihnpdkffy","type":"text","content":{"richText":[{"type":"p","children":[{"text":"Olá, meu nome é Dr. Jorge"}]}]},"groupId":"zt8bd90436iy5cppgl57elmb"},{"id":"hvw0ptqr09zuaoka1tieyb8m","type":"Wait","groupId":"zt8bd90436iy5cppgl57elmb","options":{"secondsToWaitFor":"2"}},{"id":"xi5qxqefn0g4h7d0plrgjbr5","type":"audio","content":{"url":"https://s3.fr-par.scw.cloud/typebot/public/typebots/tmb4sf0wb0xbmen69uw119gg/blocks/xi5qxqefn0g4h7d0plrgjbr5?v=1689203245947"},"groupId":"zt8bd90436iy5cppgl57elmb"},{"id":"amfwk99rwrspc7o6hro0bv7v","type":"Wait","groupId":"zt8bd90436iy5cppgl57elmb","options":{"secondsToWaitFor":"7"}},{"id":"g91i1t2tlt9qkl5dvxggin3o","type":"image","content":{"url":"https://s3.fr-par.scw.cloud/typebot/public/typebots/tmb4sf0wb0xbmen69uw119gg/blocks/g91i1t2tlt9qkl5dvxggin3o?v=1689213759002"},"groupId":"zt8bd90436iy5cppgl57elmb"},{"id":"dbi2zwoddcnec8xrykof79b8","type":"Wait","groupId":"zt8bd90436iy5cppgl57elmb","options":{"secondsToWaitFor":"3"}},{"id":"qgabe8bc82icxs4d0qnrazvx","type":"text","content":{"richText":[{"type":"p","children":[{"text":"Gostaria de participar do meu programa "},{"bold":true,"text":"GRATUITO"},{"text":" de tratamento e prevenção de "},{"bold":true,"text":"varizes e vasinhos?"}]}]},"groupId":"zt8bd90436iy5cppgl57elmb"},{"id":"gduh4rnj9crwue909r2yupub","type":"Wait","groupId":"zt8bd90436iy5cppgl57elmb","options":{"secondsToWaitFor":"2"}},{"id":"c8zvdcs07rxg9q2yckyprsyn","type":"choice input","items":[{"id":"cigszfogy5e8w000i07vu0rl","type":0,"blockId":"c8zvdcs07rxg9q2yckyprsyn","content":"CLIQUE AQUI PARA SABER MAIS!","outgoingEdgeId":"xblgas7h9e0zupe8030xw061"}],"groupId":"zt8bd90436iy5cppgl57elmb","options":{"buttonLabel":"Send","isSearchable":false,"isMultipleChoice":false,"searchInputPlaceholder":"Filter the options..."}}],"graphCoordinates":{"x":-1885.76,"y":-82.44}},{"id":"nwgm2svmlsshdoa41lz9rvok","title":"Campo: objetivo","blocks":[{"id":"h45s173m64xgz0pgrj03m2h9","type":"Pixel","groupId":"nwgm2svmlsshdoa41lz9rvok","options":{"params":[],"pixelId":"242341308690929","eventType":"ViewContent"}},{"id":"rgoreldbxlyizfd9jps32530","type":"text","content":{"richText":[{"type":"p","children":[{"text":"Poisé..."}]}]},"groupId":"nwgm2svmlsshdoa41lz9rvok"},{"id":"ddpwxr4v1cf7l68d6ks90i8v","type":"Wait","groupId":"nwgm2svmlsshdoa41lz9rvok","options":{"secondsToWaitFor":"2"}},{"id":"p72v7j6oia4oy91v9dwbeind","type":"text","content":{"richText":[{"type":"p","children":[{"text":"É bem parecido com o delas..."}]}]},"groupId":"nwgm2svmlsshdoa41lz9rvok"},{"id":"fzfumyw7ixn08k4jnwnxssas","type":"Wait","groupId":"nwgm2svmlsshdoa41lz9rvok","options":{"secondsToWaitFor":"3"}},{"id":"bslly28j77cdp5h9twefgosw","type":"audio","content":{"url":"https://s3.fr-par.scw.cloud/typebot/public/typebots/tmb4sf0wb0xbmen69uw119gg/blocks/bslly28j77cdp5h9twefgosw?v=1689207846649"},"groupId":"nwgm2svmlsshdoa41lz9rvok"},{"id":"tqrx408qz0zt8ecoigbemlvv","type":"Wait","groupId":"nwgm2svmlsshdoa41lz9rvok","options":{"secondsToWaitFor":"10"}},{"id":"nb2rc95laehz7uuan56snt6t","type":"text","content":{"richText":[{"type":"p","children":[{"text":"C"},{"bold":true,"text":"lique no video"}]}]},"groupId":"nwgm2svmlsshdoa41lz9rvok"},{"id":"l2uduc7kag2noq7hf8oab9ga","type":"Wait","groupId":"nwgm2svmlsshdoa41lz9rvok","options":{"secondsToWaitFor":"2"}},{"id":"j5dobpbzuhdmnzjkjx35quf6","type":"embed","content":{"url":"https://player-vz-3f795a73-b41.tv.pandavideo.com.br/embed/?v=12b83d89-0965-41c4-b4f9-5c4621548bfc","height":400},"groupId":"nwgm2svmlsshdoa41lz9rvok"},{"id":"ep3y54bihou14gpgthwg09fx","type":"Wait","groupId":"nwgm2svmlsshdoa41lz9rvok","options":{"secondsToWaitFor":"14"}},{"id":"s0tqwlinwffv5t23yxypxnbd","type":"audio","content":{"url":"https://s3.fr-par.scw.cloud/typebot/public/typebots/tmb4sf0wb0xbmen69uw119gg/blocks/s0tqwlinwffv5t23yxypxnbd?v=1689207998341"},"groupId":"nwgm2svmlsshdoa41lz9rvok"},{"id":"spg2xvw7ec28gd07g7yk5ru9","type":"Wait","groupId":"nwgm2svmlsshdoa41lz9rvok","options":{"secondsToWaitFor":"12"}},{"id":"fkgvhpjn3zft548dchy0c1ov","type":"embed","content":{"url":"https://player-vz-3f795a73-b41.tv.pandavideo.com.br/embed/?v=b38674e9-04c0-4388-999b-ddf33c5a08a2","height":400},"groupId":"nwgm2svmlsshdoa41lz9rvok"},{"id":"zui2rgpps5hpl8ojufhjt71p","type":"Wait","groupId":"nwgm2svmlsshdoa41lz9rvok","options":{"secondsToWaitFor":"17"}},{"id":"qlzpncdli50qn183tmygy5zl","type":"text","content":{"richText":[{"type":"p","children":[{"bold":true,"text":"Você"},{"text":" "},{"bold":true,"text":"ficaria"},{"text":" "},{"bold":true,"text":"feliz"},{"text":" com esses resultados?"}]}]},"groupId":"nwgm2svmlsshdoa41lz9rvok"},{"id":"b2923j6eho3hoitcyt7t2elu","type":"text input","groupId":"nwgm2svmlsshdoa41lz9rvok","options":{"isLong":false,"labels":{"button":"Enviar","placeholder":"Digite aqui..."}},"outgoingEdgeId":"hso71tawfujauxjffqjmqfub"}],"graphCoordinates":{"x":-355.36,"y":567.34}},{"id":"eu93dqd4k6of8ttxsk236ygh","title":"Campo: Beneficios","blocks":[{"id":"z4rq3v7i9u0hgdi0x50wznhj","type":"Pixel","groupId":"eu93dqd4k6of8ttxsk236ygh","options":{"params":[],"pixelId":"242341308690929","eventType":"Schedule"}},{"id":"jod99kisimo8xbxjd1sfga1q","type":"text","content":{"richText":[{"type":"p","children":[{"text":"Vou te falar sobre os benefícios de participar..."}]}]},"groupId":"eu93dqd4k6of8ttxsk236ygh"},{"id":"txkzg3nq7zg9xg4ip5kaicx9","type":"Wait","groupId":"eu93dqd4k6of8ttxsk236ygh","options":{"secondsToWaitFor":"3"}},{"id":"f79ru6dedcyjtkkye1yid1v3","type":"text","content":{"richText":[{"type":"p","children":[{"text":"✅ Prevenção de úlceras venosas"}]},{"type":"p","children":[{"text":"✅ Redução do risco de trombose venosa profunda"}]},{"type":"p","children":[{"text":"✅Aumento da qualidade de vida"}]},{"type":"p","children":[{"text":"✅ Prevenção de complicações a longo prazo"}]},{"type":"p","children":[{"text":"✅ Melhora da circulação sanguínea"}]},{"type":"p","children":[{"text":"✅Melhora da capacidade de realizar atividades diárias"}]},{"type":"p","children":[{"text":"✅Melhora da qualidade de vida emocional"}]},{"type":"p","children":[{"text":"✅ Melhora da aparência estética"}]},{"type":"p","children":[{"text":"✅Melhora da qualidade do sono "}]},{"type":"p","children":[{"text":"✅ Alívio dos sintomas"}]}]},"groupId":"eu93dqd4k6of8ttxsk236ygh"},{"id":"ajrb9odpovoh1qrju3wubv7r","type":"Wait","groupId":"eu93dqd4k6of8ttxsk236ygh","options":{"secondsToWaitFor":"5"}},{"id":"mc3tebssu8a88qt6fe51rldk","type":"text","content":{"richText":[{"type":"p","children":[{"bold":true,"text":"Qual"},{"text":" "},{"bold":true,"text":"desses"},{"text":" "},{"bold":true,"text":"benefícios"},{"text":" "},{"bold":true,"text":"é o"},{"text":" "}]},{"type":"p","children":[{"bold":true,"text":"principal"},{"text":" "},{"bold":true,"text":"para"},{"text":" "},{"bold":true,"text":"você?"}]}]},"groupId":"eu93dqd4k6of8ttxsk236ygh"},{"id":"wxso3jatsxdjkvnamma6mg4a","type":"text input","groupId":"eu93dqd4k6of8ttxsk236ygh","options":{"isLong":false,"labels":{"button":"Enviar","placeholder":"Digite aqui..."}},"outgoingEdgeId":"m42ebgaoru5s7m7gslfoti55"}],"graphCoordinates":{"x":256.01,"y":-516.76}},{"id":"o3ygvg3epwr2rkn2gu9wdy56","title":"Campo: Depoimento","blocks":[{"id":"qcrqhrtd295dqmodusf6h4sx","type":"Pixel","groupId":"o3ygvg3epwr2rkn2gu9wdy56","options":{"params":[],"eventType":"AddToCart"}},{"id":"mjekz3ml2hc824whrdwww9gl","type":"audio","content":{"url":"https://s3.fr-par.scw.cloud/typebot/public/typebots/tmb4sf0wb0xbmen69uw119gg/blocks/mjekz3ml2hc824whrdwww9gl?v=1689208190954"},"groupId":"o3ygvg3epwr2rkn2gu9wdy56"},{"id":"hlmvj6as1sn6ofemd56y8qo9","type":"Wait","groupId":"o3ygvg3epwr2rkn2gu9wdy56","options":{"secondsToWaitFor":"10"}},{"id":"k4efu3ihuewkgqrltk4yq7w2","type":"text","content":{"richText":[{"type":"p","children":[{"text":"veja o relato da fernanda...."}]}]},"groupId":"o3ygvg3epwr2rkn2gu9wdy56"},{"id":"n77t51ddgnxzlotk2k2jd2ox","type":"Wait","groupId":"o3ygvg3epwr2rkn2gu9wdy56","options":{"secondsToWaitFor":"2"}},{"id":"tgxg8fjistrjlfjco0dg743v","type":"embed","content":{"url":"https://player-vz-3f795a73-b41.tv.pandavideo.com.br/embed/?v=9cdf502f-6fb9-49b2-a035-00d07846347a","height":400},"groupId":"o3ygvg3epwr2rkn2gu9wdy56"},{"id":"u2bo0kpr20pqogr7eqf2agye","type":"Wait","groupId":"o3ygvg3epwr2rkn2gu9wdy56","options":{"secondsToWaitFor":"30"}},{"id":"joqrj26lqgheb66nnzc5ih55","type":"text","content":{"richText":[{"type":"p","children":[{"text":"Gostaria de "},{"bold":true,"text":"participar do"}]},{"type":"p","children":[{"bold":true,"text":"Programa removendo varizes e vasinhos?"}]}]},"groupId":"o3ygvg3epwr2rkn2gu9wdy56"},{"id":"ksowcbx72l551ivc7q7w3zk5","type":"choice input","items":[{"id":"jdsas9np961u54ch4447ecp3","type":0,"blockId":"ksowcbx72l551ivc7q7w3zk5","content":"CLIQUE AQUI PARA PARTICIPAR!","outgoingEdgeId":"g88ux2zme455qwb27q1s9bhu"}],"groupId":"o3ygvg3epwr2rkn2gu9wdy56","options":{"buttonLabel":"Send","isSearchable":false,"isMultipleChoice":false,"searchInputPlaceholder":"Filter the options..."}}],"graphCoordinates":{"x":264.39,"y":557.59}},{"id":"rknfeatat1orxstb9p7cho4w","title":"Campo: Idade","blocks":[{"id":"wuaavrbzq44is3d2bt1fwt5n","type":"Pixel","groupId":"rknfeatat1orxstb9p7cho4w","options":{"params":[],"pixelId":"242341308690929","eventType":"Donate"}},{"id":"vbrxsgz27krwdtzc0qs6gh8g","type":"text","content":{"richText":[{"type":"p","children":[{"bold":true,"text":"Qual é a sua idade?"}]}]},"groupId":"rknfeatat1orxstb9p7cho4w"},{"id":"itxy203mmt2t51f5mje4xv52","type":"text input","groupId":"rknfeatat1orxstb9p7cho4w","options":{"isLong":false,"labels":{"button":"Enviar","placeholder":"Digite aqui"}}},{"id":"z9zqo9ke10xtkiihy9yslg29","type":"text","content":{"richText":[{"type":"p","children":[{"text":"Entre as opções de imagens a seguir, qual você acha que representa melhor as suas pernas?"}]}]},"groupId":"rknfeatat1orxstb9p7cho4w","outgoingEdgeId":"jiup6zq6i2almke7ch9tudmj"}],"graphCoordinates":{"x":-1481.49,"y":-392.3}},{"id":"dydlqkcc3bgi3nhc8m23o3xf","title":"Campo: final","blocks":[{"id":"hutleobirzpryx87y6r7484s","type":"Pixel","groupId":"dydlqkcc3bgi3nhc8m23o3xf","options":{"params":[],"pixelId":"242341308690929","eventType":"CompleteRegistration"}},{"id":"l8pk4gsg6qoohui94i3x3ns4","type":"text","content":{"richText":[{"type":"p","children":[{"bold":true,"text":"Vou te"},{"text":" "},{"bold":true,"text":"explicar"},{"text":" "},{"bold":true,"text":"como"},{"text":"  "},{"bold":true,"text":"fazer para"},{"text":" "},{"bold":true,"text":"participar"},{"text":"..."}]}]},"groupId":"dydlqkcc3bgi3nhc8m23o3xf"},{"id":"kkjllqn4mmi6bv0ov759b7ff","type":"Wait","groupId":"dydlqkcc3bgi3nhc8m23o3xf","options":{"secondsToWaitFor":"4"}},{"id":"f8slb1uhkx8ne1dohvr5qw3j","type":"audio","content":{"url":"https://s3.fr-par.scw.cloud/typebot/public/typebots/tmb4sf0wb0xbmen69uw119gg/blocks/f8slb1uhkx8ne1dohvr5qw3j?v=1689208428609"},"groupId":"dydlqkcc3bgi3nhc8m23o3xf"},{"id":"od1zom0te9g5sonhv7zsz72e","type":"Wait","groupId":"dydlqkcc3bgi3nhc8m23o3xf","options":{"secondsToWaitFor":"8"}},{"id":"tma4hndxomrlhkhcfkna0068","type":"audio","content":{"url":"https://s3.fr-par.scw.cloud/typebot/public/typebots/tmb4sf0wb0xbmen69uw119gg/blocks/tma4hndxomrlhkhcfkna0068?v=1689208582950"},"groupId":"dydlqkcc3bgi3nhc8m23o3xf"},{"id":"gn1jx5x2gpcmz5j1e0lcfc7a","type":"Wait","groupId":"dydlqkcc3bgi3nhc8m23o3xf","options":{"secondsToWaitFor":"14"}},{"id":"ey0nieti57q11yshap8upmyy","type":"audio","content":{"url":"https://s3.fr-par.scw.cloud/typebot/public/typebots/tmb4sf0wb0xbmen69uw119gg/blocks/ey0nieti57q11yshap8upmyy?v=1689208800824"},"groupId":"dydlqkcc3bgi3nhc8m23o3xf"},{"id":"b5vjefb4ktfxy7uk2v5fvwje","type":"Wait","groupId":"dydlqkcc3bgi3nhc8m23o3xf","options":{"secondsToWaitFor":"11"}},{"id":"ijnbu7k7wl3xp1t7wrmjo7va","type":"audio","content":{"url":"https://s3.fr-par.scw.cloud/typebot/public/typebots/tmb4sf0wb0xbmen69uw119gg/blocks/ijnbu7k7wl3xp1t7wrmjo7va?v=1689208952193"},"groupId":"dydlqkcc3bgi3nhc8m23o3xf"},{"id":"o6puth19ig31g2fzydnoxnr7","type":"Wait","groupId":"dydlqkcc3bgi3nhc8m23o3xf","options":{"secondsToWaitFor":"8"}},{"id":"o17vqbx03ikuikax867h47d0","type":"audio","content":{"url":"https://s3.fr-par.scw.cloud/typebot/public/typebots/tmb4sf0wb0xbmen69uw119gg/blocks/o17vqbx03ikuikax867h47d0?v=1689209085353"},"groupId":"dydlqkcc3bgi3nhc8m23o3xf"},{"id":"j1y8qct2jstwv04m8yezfgbx","type":"Wait","groupId":"dydlqkcc3bgi3nhc8m23o3xf","options":{"secondsToWaitFor":"25"}},{"id":"qjsj4jrr821lm056gj9nv539","type":"audio","content":{"url":"https://s3.fr-par.scw.cloud/typebot/public/typebots/tmb4sf0wb0xbmen69uw119gg/blocks/qjsj4jrr821lm056gj9nv539?v=1689209179193"},"groupId":"dydlqkcc3bgi3nhc8m23o3xf"},{"id":"n1802kj0kas6ryirunlfltmo","type":"Wait","groupId":"dydlqkcc3bgi3nhc8m23o3xf","options":{"secondsToWaitFor":"24"}},{"id":"qv6kt2c4ykqcgi72v2r821bn","type":"audio","content":{"url":"https://s3.fr-par.scw.cloud/typebot/public/typebots/tmb4sf0wb0xbmen69uw119gg/blocks/qv6kt2c4ykqcgi72v2r821bn?v=1689209315701"},"groupId":"dydlqkcc3bgi3nhc8m23o3xf"},{"id":"r4f7hp5vosdeptsma3p6fef1","type":"Wait","groupId":"dydlqkcc3bgi3nhc8m23o3xf","options":{"secondsToWaitFor":"16"}},{"id":"wuso2hvtv0z8ne0azjj3vpd8","type":"choice input","items":[{"id":"p3rpbcf00a3rcxz8husj47z3","type":0,"blockId":"wuso2hvtv0z8ne0azjj3vpd8","content":"CLIQUE AQUI PARA PARTICIPAR!","outgoingEdgeId":"hq9dm4a0g545449l358jny58"}],"groupId":"dydlqkcc3bgi3nhc8m23o3xf","options":{"buttonLabel":"Send","isSearchable":false,"isMultipleChoice":false,"searchInputPlaceholder":"Filter the options..."}},{"id":"vq2wqekzomicwqw9i6kigwwq","type":"Redirect","groupId":"dydlqkcc3bgi3nhc8m23o3xf","options":{"url":"https://pay.kiwify.com.br/mU16typ","isNewTab":true}}],"graphCoordinates":{"x":793.85,"y":327.67}},{"id":"lnfrk0harxm576wi5xn75e1m","title":"FUNCIONA","blocks":[{"id":"qxhdyp7zce3in4k4hozn96ij","type":"text","content":{"richText":[{"type":"p","children":[{"text":"Vou te explicar "},{"bold":true,"text":"como"},{"text":" "},{"bold":true,"text":"funciona"},{"text":"..."}]}]},"groupId":"lnfrk0harxm576wi5xn75e1m"},{"id":"s7wd3zgs55hmg1ip5j07cwen","type":"audio","content":{"url":"https://s3.fr-par.scw.cloud/typebot/public/typebots/tmb4sf0wb0xbmen69uw119gg/blocks/s7wd3zgs55hmg1ip5j07cwen?v=1689207006606"},"groupId":"lnfrk0harxm576wi5xn75e1m"},{"id":"ud1b4rjos3d0czl174bwar60","type":"Wait","groupId":"lnfrk0harxm576wi5xn75e1m","options":{"secondsToWaitFor":"11"}},{"id":"sm5aquj2d6zo0g6pip7fiv89","type":"audio","content":{"url":"https://s3.fr-par.scw.cloud/typebot/public/typebots/tmb4sf0wb0xbmen69uw119gg/blocks/sm5aquj2d6zo0g6pip7fiv89?v=1689207181811"},"groupId":"lnfrk0harxm576wi5xn75e1m"},{"id":"urfjkd58u1h1qt8rx8etsdv0","type":"Wait","groupId":"lnfrk0harxm576wi5xn75e1m","options":{"secondsToWaitFor":"10"}},{"id":"x58zh8qego5myot5t09nahv6","type":"audio","content":{"url":"https://s3.fr-par.scw.cloud/typebot/public/typebots/tmb4sf0wb0xbmen69uw119gg/blocks/x58zh8qego5myot5t09nahv6?v=1689207432323"},"groupId":"lnfrk0harxm576wi5xn75e1m"},{"id":"h08mdvasimtc3wwg7l8bz7b2","type":"Wait","groupId":"lnfrk0harxm576wi5xn75e1m","options":{"secondsToWaitFor":"6"}},{"id":"w20txsg3lafo1tgn4lqp29ta","type":"audio","content":{"url":"https://s3.fr-par.scw.cloud/typebot/public/typebots/tmb4sf0wb0xbmen69uw119gg/blocks/w20txsg3lafo1tgn4lqp29ta?v=1689207576185"},"groupId":"lnfrk0harxm576wi5xn75e1m"},{"id":"kxm3nf8zx8rtz4svul0uthjb","type":"text","content":{"richText":[{"type":"p","children":[{"text":"Descreva como elas estão"}]}]},"groupId":"lnfrk0harxm576wi5xn75e1m"},{"id":"pftp3s36rd6dygtiq95zn73k","type":"text input","groupId":"lnfrk0harxm576wi5xn75e1m","options":{"isLong":false,"labels":{"button":"Enviar","placeholder":"Digite aqui..."}},"outgoingEdgeId":"gh1j2e74q79dcwgikwvas73i"}],"graphCoordinates":{"x":-275.2,"y":-351.79}},{"id":"bvg6kxhr88tf8k9r1mkhga6z","title":"2- vasinhos","blocks":[{"id":"sqhg5r1z1k00rst7iryp49f1","type":"text","content":{"richText":[{"type":"p","children":[{"bold":true,"text":"Isso é um alerta!"}]},{"type":"p","children":[{"bold":true,"text":""}]},{"type":"p","children":[{"bold":true,"text":"faz quanto tempo que você começou a notar os vasinhos?"}]}]},"groupId":"bvg6kxhr88tf8k9r1mkhga6z"},{"id":"fo0yxt1ufltyjlam6pttuknn","type":"text input","groupId":"bvg6kxhr88tf8k9r1mkhga6z","options":{"isLong":false,"labels":{"button":"Enviar","placeholder":"Digite aqui"}}},{"id":"yr2yso95t7cc4q12txfui4cd","type":"Wait","groupId":"bvg6kxhr88tf8k9r1mkhga6z","options":{"secondsToWaitFor":"2"}},{"id":"xtf7eutounr6grhkdfventb0","type":"text","content":{"richText":[{"type":"p","children":[{"text":"olha..."}]}]},"groupId":"bvg6kxhr88tf8k9r1mkhga6z"},{"id":"mb1xrw6zfrub0p11vv0l6he4","type":"Wait","groupId":"bvg6kxhr88tf8k9r1mkhga6z","options":{"secondsToWaitFor":"3"}},{"id":"gu5pyliqrx9p5kke7mqea7gu","type":"text","content":{"richText":[{"type":"p","children":[{"bold":true,"text":"Você precisar começar a agir rapido antes que seja tarde!"}]}]},"groupId":"bvg6kxhr88tf8k9r1mkhga6z"},{"id":"zmdaxj85lx0gtlaxn37pf56y","type":"Wait","groupId":"bvg6kxhr88tf8k9r1mkhga6z","options":{"secondsToWaitFor":"2"}},{"id":"tq8q8yqju3w9zmu9kutg7q4k","type":"text","content":{"richText":[{"type":"p","children":[{"text":"Em pouco tempo vai se progredir se não forem tratadas..."}]}]},"groupId":"bvg6kxhr88tf8k9r1mkhga6z"},{"id":"bp49flnh8ifccyoopj7rc3gr","type":"Wait","groupId":"bvg6kxhr88tf8k9r1mkhga6z","options":{"secondsToWaitFor":"1"}},{"id":"duv18xkbdnq8zhsd2us1fajq","type":"text","content":{"richText":[{"type":"p","children":[{"text":"Mais eu tenho uma boa noticia para você!"}]}]},"groupId":"bvg6kxhr88tf8k9r1mkhga6z"},{"id":"ikkjrvact1x8hdjktoejg2eb","type":"Wait","groupId":"bvg6kxhr88tf8k9r1mkhga6z","options":{"secondsToWaitFor":"1"}},{"id":"ugyw196rvdt9vkxbzt3h4d9h","type":"choice input","items":[{"id":"d4irm4tdveii3or9h7it2zuo","type":0,"blockId":"ugyw196rvdt9vkxbzt3h4d9h","content":"CLIQUE AQUI PARA SABER MAIS!","outgoingEdgeId":"gmehijoumncsth8b3ny3fje7"}],"groupId":"bvg6kxhr88tf8k9r1mkhga6z","options":{"buttonLabel":"Send","isSearchable":false,"isMultipleChoice":false,"searchInputPlaceholder":"Filter the options..."}}],"graphCoordinates":{"x":-1069.96,"y":-1378.37}},{"id":"ihr1x1efcys29nlprdow9pyx","title":"3- Veias Varicosas","blocks":[{"id":"chr2t5ff78hkk76f54jsixol","type":"text","content":{"richText":[{"type":"p","children":[{"bold":true,"text":"faz quanto tempo que você já que você sofre com as varicosas?"}]}]},"groupId":"ihr1x1efcys29nlprdow9pyx"},{"id":"mixj1ywq8wsvkbdbfbqyrpvb","type":"text input","groupId":"ihr1x1efcys29nlprdow9pyx","options":{"isLong":false,"labels":{"button":"Enviar","placeholder":"Digite aqui"}}},{"id":"xti7v4bn03lb2dt5mwg5vcdc","type":"text","content":{"richText":[{"type":"p","children":[{"bold":true,"text":"Você precisa começar a agir rapido antes que seja tarde!"}]}]},"groupId":"ihr1x1efcys29nlprdow9pyx"},{"id":"yc1nzwhtu868td8xz66ne0u0","type":"Wait","groupId":"ihr1x1efcys29nlprdow9pyx","options":{"secondsToWaitFor":"2"}},{"id":"wfijduu2dwjip8ynwtpzf2ze","type":"text","content":{"richText":[{"type":"p","children":[{"bold":true,"text":"Em pouco tempo vai se progredir se não forem tratadas..."}]},{"type":"p","children":[{"bold":true,"text":""}]},{"type":"p","children":[{"bold":true,"text":"COM EMERGÊNCIA!"}]}]},"groupId":"ihr1x1efcys29nlprdow9pyx"},{"id":"vs1nxgzzre5lr2xvnjhhpq75","type":"Wait","groupId":"ihr1x1efcys29nlprdow9pyx","options":{"secondsToWaitFor":"2"}},{"id":"rw0lrz1ik9srv2vc2qfw9qoy","type":"text","content":{"richText":[{"type":"p","children":[{"bold":true,"text":"Mais eu tenho uma boa noticia para você!"}]}]},"groupId":"ihr1x1efcys29nlprdow9pyx"},{"id":"dunfyl1ehmghz4b7mmt7grzj","type":"choice input","items":[{"id":"a2um39ll3rhc25jc3a8aoto7","type":0,"blockId":"dunfyl1ehmghz4b7mmt7grzj","content":"CLIQUE AQUI PARA SABER MAIS!","outgoingEdgeId":"qgiikkzqmx94mfj831yhnduo"}],"groupId":"ihr1x1efcys29nlprdow9pyx","options":{"buttonLabel":"Send","isSearchable":false,"isMultipleChoice":false,"searchInputPlaceholder":"Filter the options..."}}],"graphCoordinates":{"x":-1027.82,"y":-207.25}},{"id":"d5zvpwkgkjimha0uhywa2v6z","title":"4- Edema","blocks":[{"id":"di753x8x5kd3pmgrjn9brwvb","type":"text","content":{"richText":[{"type":"p","children":[{"bold":true,"text":"faz quanto tempo que você já chegou nesse estagio 4?"}]}]},"groupId":"d5zvpwkgkjimha0uhywa2v6z"},{"id":"yuf3zv5ttfpt2q08o8ep7bx4","type":"text input","groupId":"d5zvpwkgkjimha0uhywa2v6z","options":{"isLong":false,"labels":{"button":"Enviar","placeholder":"Digite aqui"}}},{"id":"kfsy89eslzlq12s5uwbn1fds","type":"text","content":{"richText":[{"type":"p","children":[{"bold":true,"text":"Você precisa começar a agir rapido antes que seja tarde!"}]}]},"groupId":"d5zvpwkgkjimha0uhywa2v6z"},{"id":"lo2c1ri3aym1lsmsf5m0396z","type":"Wait","groupId":"d5zvpwkgkjimha0uhywa2v6z","options":{"secondsToWaitFor":"2"}},{"id":"b8sh0qf9eke89frpzr0x7qm8","type":"text","content":{"richText":[{"type":"p","children":[{"bold":true,"text":"Em pouco tempo vai se progredir ainda mais se não forem tratadas..."}]},{"type":"p","children":[{"bold":true,"text":""}]},{"type":"p","children":[{"bold":true,"text":"COM EMERGÊNCIA!"}]}]},"groupId":"d5zvpwkgkjimha0uhywa2v6z"},{"id":"iecrmikx9a2yymlsjiq70j8q","type":"Wait","groupId":"d5zvpwkgkjimha0uhywa2v6z","options":{"secondsToWaitFor":"2"}},{"id":"hztgk1k8s8senob440gvn7jq","type":"text","content":{"richText":[{"type":"p","children":[{"bold":true,"text":"Mais eu tenho uma boa noticia para você!"}]}]},"groupId":"d5zvpwkgkjimha0uhywa2v6z"},{"id":"r5oyyvi36j4gpnogjawhci5j","type":"choice input","items":[{"id":"miqx9te847xxpifvuhdmnoem","type":0,"blockId":"r5oyyvi36j4gpnogjawhci5j","content":"CLIQUE AQUI PARA SABER MAIS!","outgoingEdgeId":"pcfwngn4b723qq0db5d2kquw"}],"groupId":"d5zvpwkgkjimha0uhywa2v6z","options":{"buttonLabel":"Send","isSearchable":false,"isMultipleChoice":false,"searchInputPlaceholder":"Filter the options..."}}],"graphCoordinates":{"x":-1056.61,"y":760.15}},{"id":"cm5sxyc2bz32tapbj5zx2srl","title":"5- Úlcera","blocks":[{"id":"xr6vk6cbgaqt9s1hlurtiwlx","type":"text","content":{"richText":[{"type":"p","children":[{"text":"Faz quanto tempo que você esta sofrendo com úlcera?"}]}]},"groupId":"cm5sxyc2bz32tapbj5zx2srl"},{"id":"a6ecptubsgpkwuobovshzh0x","type":"text input","groupId":"cm5sxyc2bz32tapbj5zx2srl","options":{"isLong":false,"labels":{"button":"Enviar","placeholder":"Digite aqui"}}},{"id":"i5zd61zfwgdi6eonjf3madad","type":"Wait","groupId":"cm5sxyc2bz32tapbj5zx2srl","options":{"secondsToWaitFor":"2"}},{"id":"rjrq635baue6c6lz3rd56qk5","type":"text","content":{"richText":[{"type":"p","children":[{"bold":true,"text":"Você precisa começar a agir rapido antes que seja tarde!"}]}]},"groupId":"cm5sxyc2bz32tapbj5zx2srl"},{"id":"cp64dekbivl5779i21b3c7wb","type":"Wait","groupId":"cm5sxyc2bz32tapbj5zx2srl","options":{"secondsToWaitFor":"3"}},{"id":"nekvfk97hzvuhwlgl6yzs0ob","type":"text","content":{"richText":[{"type":"p","children":[{"bold":true,"text":"Você pode até perde a perna..."}]}]},"groupId":"cm5sxyc2bz32tapbj5zx2srl"},{"id":"gwu0ts2um4lspgjw2ft0zzah","type":"Wait","groupId":"cm5sxyc2bz32tapbj5zx2srl","options":{"secondsToWaitFor":"2"}},{"id":"d8661nuuj0cyxjj617ymyphh","type":"text","content":{"richText":[{"type":"p","children":[{"bold":true,"text":"Mais eu tenho uma boa noticia para você!"}]}]},"groupId":"cm5sxyc2bz32tapbj5zx2srl"},{"id":"zth6cwf5gpt1sdu5sxddyix5","type":"choice input","items":[{"id":"p7p44x08fm2p9bilxyk5htsl","type":0,"blockId":"zth6cwf5gpt1sdu5sxddyix5","content":"CLIQUE AQUI PARA SABER MAIS!","outgoingEdgeId":"noh9zxofn38vss6llw3d46yu"}],"groupId":"cm5sxyc2bz32tapbj5zx2srl","options":{"buttonLabel":"Send","isSearchable":false,"isMultipleChoice":false,"searchInputPlaceholder":"Filter the options..."}}],"graphCoordinates":{"x":-1407.84,"y":1214.56}},{"id":"cmjadugy2evi61zsc4d9kqro","title":"Group #12","blocks":[{"id":"a7up60qvhhufbn4l4newfba9","type":"Wait","groupId":"cmjadugy2evi61zsc4d9kqro","options":{"secondsToWaitFor":"2"}},{"id":"wqmu2gysboj40nr2clylajne","type":"picture choice input","items":[{"id":"jv5l1e8suv4i972upeelwv2c","type":3,"title":"vasinhos","blockId":"wqmu2gysboj40nr2clylajne","pictureSrc":"https://i.postimg.cc/TwMspWXh/Design-sem-nome-2023-07-22-T171017-847.png","outgoingEdgeId":"vbk8ekbm0ds05o5fz6agl3gn","displayCondition":{"condition":{"comparisons":[{"id":"hnda4l93eqsdjdd8w5y48rtx","value":""},{"id":"q06t6i71e74v03nki93fj1sy"}],"logicalOperator":"AND"},"isEnabled":false}},{"id":"q04v1wm67rpd69sn8bvg3kac","type":3,"title":"VEIAS VARICOSAS","blockId":"wqmu2gysboj40nr2clylajne","pictureSrc":"https://i.postimg.cc/VkF9jrMd/Design-sem-nome-2023-07-22-T171316-871.png","outgoingEdgeId":"qq125w8x6ir1qfpabckwq9pr"},{"id":"d0bimp7rnkxy1aqhfxon7l1g","type":3,"title":"EDEMA","blockId":"wqmu2gysboj40nr2clylajne","pictureSrc":"https://i.postimg.cc/QxhHc6qJ/Design-sem-nome-2023-07-22-T171423-682.png","outgoingEdgeId":"ita8ryklobpbdf35m8da2dab"},{"id":"uuozkuc5pv4ahmj1dyi5xou3","type":3,"title":"ÚLCERA VARICOSA","blockId":"wqmu2gysboj40nr2clylajne","pictureSrc":"https://i.postimg.cc/HxzFRsfx/Design-sem-nome-2023-07-22-T171522-439.png","outgoingEdgeId":"s2p1l9p50ztjql6hwx6qqrdp"}],"groupId":"cmjadugy2evi61zsc4d9kqro","options":{"buttonLabel":"Send","searchInputPlaceholder":"Filter the options..."}}],"graphCoordinates":{"x":-1491.19,"y":84.73}}],"variables":[{"id":"vprp91gkcj6ooz2wteh9qrvjn","name":"NOME"},{"id":"vylhptebpxvgxs98ah9vf9q1p","name":"PESO"},{"id":"vpel0viottucscnen8zdlejaf","name":"IDADE"},{"id":"vlnuxmidqsek5hmsy83v55c7h","name":"PERDER"},{"id":"va2xubuj795oo62rxwti3hudj","name":"TEMPO"}],"edges":[{"id":"gh1j2e74q79dcwgikwvas73i","to":{"groupId":"nwgm2svmlsshdoa41lz9rvok"},"from":{"blockId":"pftp3s36rd6dygtiq95zn73k","groupId":"lnfrk0harxm576wi5xn75e1m"}},{"id":"m42ebgaoru5s7m7gslfoti55","to":{"groupId":"o3ygvg3epwr2rkn2gu9wdy56"},"from":{"blockId":"wxso3jatsxdjkvnamma6mg4a","groupId":"eu93dqd4k6of8ttxsk236ygh"}},{"id":"g88ux2zme455qwb27q1s9bhu","to":{"groupId":"dydlqkcc3bgi3nhc8m23o3xf"},"from":{"itemId":"jdsas9np961u54ch4447ecp3","blockId":"ksowcbx72l551ivc7q7w3zk5","groupId":"o3ygvg3epwr2rkn2gu9wdy56"}},{"id":"hso71tawfujauxjffqjmqfub","to":{"groupId":"eu93dqd4k6of8ttxsk236ygh"},"from":{"blockId":"b2923j6eho3hoitcyt7t2elu","groupId":"nwgm2svmlsshdoa41lz9rvok"}},{"id":"hq9dm4a0g545449l358jny58","to":{"blockId":"vq2wqekzomicwqw9i6kigwwq","groupId":"dydlqkcc3bgi3nhc8m23o3xf"},"from":{"itemId":"p3rpbcf00a3rcxz8husj47z3","blockId":"wuso2hvtv0z8ne0azjj3vpd8","groupId":"dydlqkcc3bgi3nhc8m23o3xf"}},{"id":"qp15ipyq5yzq07vlnxvmwfs1","to":{"groupId":"bvg6kxhr88tf8k9r1mkhga6z"},"from":{"itemId":"owc3pq0hendlha0ednqaz5ra","blockId":"wqmu2gysboj40nr2clylajne","groupId":"rknfeatat1orxstb9p7cho4w"}},{"id":"gmehijoumncsth8b3ny3fje7","to":{"groupId":"lnfrk0harxm576wi5xn75e1m"},"from":{"itemId":"d4irm4tdveii3or9h7it2zuo","blockId":"ugyw196rvdt9vkxbzt3h4d9h","groupId":"bvg6kxhr88tf8k9r1mkhga6z"}},{"id":"qgiikkzqmx94mfj831yhnduo","to":{"groupId":"lnfrk0harxm576wi5xn75e1m"},"from":{"itemId":"a2um39ll3rhc25jc3a8aoto7","blockId":"dunfyl1ehmghz4b7mmt7grzj","groupId":"ihr1x1efcys29nlprdow9pyx"}},{"id":"pcfwngn4b723qq0db5d2kquw","to":{"groupId":"lnfrk0harxm576wi5xn75e1m"},"from":{"itemId":"miqx9te847xxpifvuhdmnoem","blockId":"r5oyyvi36j4gpnogjawhci5j","groupId":"d5zvpwkgkjimha0uhywa2v6z"}},{"id":"noh9zxofn38vss6llw3d46yu","to":{"groupId":"lnfrk0harxm576wi5xn75e1m"},"from":{"itemId":"p7p44x08fm2p9bilxyk5htsl","blockId":"zth6cwf5gpt1sdu5sxddyix5","groupId":"cm5sxyc2bz32tapbj5zx2srl"}},{"id":"jiup6zq6i2almke7ch9tudmj","to":{"groupId":"cmjadugy2evi61zsc4d9kqro"},"from":{"blockId":"z9zqo9ke10xtkiihy9yslg29","groupId":"rknfeatat1orxstb9p7cho4w"}},{"id":"s2p1l9p50ztjql6hwx6qqrdp","to":{"blockId":"xr6vk6cbgaqt9s1hlurtiwlx","groupId":"cm5sxyc2bz32tapbj5zx2srl"},"from":{"itemId":"uuozkuc5pv4ahmj1dyi5xou3","blockId":"wqmu2gysboj40nr2clylajne","groupId":"cmjadugy2evi61zsc4d9kqro"}},{"id":"ita8ryklobpbdf35m8da2dab","to":{"blockId":"di753x8x5kd3pmgrjn9brwvb","groupId":"d5zvpwkgkjimha0uhywa2v6z"},"from":{"itemId":"d0bimp7rnkxy1aqhfxon7l1g","blockId":"wqmu2gysboj40nr2clylajne","groupId":"cmjadugy2evi61zsc4d9kqro"}},{"id":"qq125w8x6ir1qfpabckwq9pr","to":{"blockId":"chr2t5ff78hkk76f54jsixol","groupId":"ihr1x1efcys29nlprdow9pyx"},"from":{"itemId":"q04v1wm67rpd69sn8bvg3kac","blockId":"wqmu2gysboj40nr2clylajne","groupId":"cmjadugy2evi61zsc4d9kqro"}},{"id":"vbk8ekbm0ds05o5fz6agl3gn","to":{"blockId":"sqhg5r1z1k00rst7iryp49f1","groupId":"bvg6kxhr88tf8k9r1mkhga6z"},"from":{"itemId":"jv5l1e8suv4i972upeelwv2c","blockId":"wqmu2gysboj40nr2clylajne","groupId":"cmjadugy2evi61zsc4d9kqro"}},{"id":"xblgas7h9e0zupe8030xw061","to":{"groupId":"rknfeatat1orxstb9p7cho4w"},"from":{"itemId":"cigszfogy5e8w000i07vu0rl","blockId":"c8zvdcs07rxg9q2yckyprsyn","groupId":"zt8bd90436iy5cppgl57elmb"}},{"id":"p26q3zjwfjmczain7xyar3ym","to":{"groupId":"zt8bd90436iy5cppgl57elmb"},"from":{"blockId":"cx5iel8jxfo4caorf8rnjiw0","groupId":"uhrkc7s593bdsrtyk45pp7wd"}}],"theme":{"chat":{"inputs":{"color":"#000000","backgroundColor":"#FFFFFF","placeholderColor":"#28292a"},"buttons":{"color":"#FFFFFF","backgroundColor":"#128C7E"},"roundness":"medium","hostAvatar":{"url":"https://i.postimg.cc/MGrG6GF1/Whats-App-Image-2023-07-12-at-22-25-24.jpg","isEnabled":true},"guestAvatar":{"url":"https://s3.fr-par.scw.cloud/typebot/public/typebots/cli88mae30010mh0f0yzjqn48/guestAvatar?v=1685330799682","isEnabled":false},"hostBubbles":{"color":"#303235","backgroundColor":"#FFFFFF"},"guestBubbles":{"color":"#303235","backgroundColor":"#e1ffc7"}},"general":{"font":"Open Sans","background":{"type":"Image","content":"https://s3.fr-par.scw.cloud/typebot/public/typebots/cli88mae30010mh0f0yzjqn48/background?v=1685470080750"}},"customCss":".typebot-chat-view > .flex:first-child {\n    padding-top: 30px;\n}\n\n.typebot-input {\n    position: fixed;\n    bottom: 0;\n    align-items: center;\n    z-index: 999;\n    right: 0;\n}\n\n.typebot-input .typebot-button {\n    background: #008a7c;\n    border-radius: 50%;\n    color: #fff;\n    position: relative;\n    width: 50px;\n    height: 50px;\n    display: flex;\n    align-items: center;\n    justify-content: center;\n}\n\n.typebot-container {\n    background-size: initial!important;\n    background-repeat: repeat-x!important;\n}\n\n.typebot-host-bubble>.bubble-typing {\n  border-radius: 0 5px 5px 5px;\n}\n\n.typebot-host-bubble>.bubble-typing:after {\n    position: absolute;\n    content: \"\";\n    width: 0;\n    height: 0;\n    border-style: solid;\n    border-width: 0px 10px 10px 0;\n    border-color: transparent #fff transparent transparent;\n    top: 0;\n    left: -10px;\n}\n\n.typebot-guest-bubble {\n  position: relative;\n  border-radius: 5px 0 5px 5px;\n}\n\n.typebot-guest-bubble:after {\n  position: absolute;\n  content: \"\";\n  width: 0;\n  height: 0;\n  border-style: solid;\n}\n\n.typebot-guest-bubble:after {\n    border-width: 0px 0 10px 10px;\n    border-color: transparent transparent transparent #e1ffc7;\n    top: 0;\n    right: -10px;\n    border-style: solid;\n}\n\niframe[src=\"\"] {\n  position: fixed;\n  top: 0;\n  left: 0;\n  display: relative;\n  width: 100%;\n  height: 100% !important;\n  z-index: 999999;\n  border: none;\n  padding: 0;\n  margin: 0;\n}\n\na#lite-badge {\n  display: none!important;\n}"},"settings":{"general":{"rememberUser":{"isEnabled":false},"isBrandingEnabled":true,"isInputPrefillEnabled":false,"isHideQueryParamsEnabled":false},"metadata":{"title":"WhatsApp Web","imageUrl":"","favIconUrl":"https://i.postimg.cc/x15ZbNYN/download.jpg","description":"Faça agora sua consulta com Dr. Jorge no WhatsApp.","customHeadCode":" \n</script>\n<!-- End Facebook Pixel Code -->\n<link rel=\"stylesheet\" href=\"https://cdnjs.cloudflare.com/ajax/libs/material-design-iconic-font/2.2.0/css/material-design-iconic-font.min.css\">\n<style>\n  .hide {\n    display: none!important;\n  }\n  typebot-standard {\n    position: relative;\n    z-index: 9999;\n  }\n  #__next {\n    position: relative;\n    z-index: 9999;\n}\n  /* User Bar */\n.user-bar {\n  width: 100%;\n  height: 55px;\n  background: #005e54;\n  color: #fff;\n  padding: 0;\n  font-size: 24px;\n  position: fixed;\n  z-index: 99999;\n  display: block;\n  top: 0;\n}\n\n.user-bar:after {\n  content: \"\";\n  display: table;\n  clear: both;\n}\n\n.user-bar div {\n    float: left;\n    transform: translateY(-50%);\n    position: relative;\n    top: 50%;\n    margin-left: 10px;\n}\n\n.user-bar .actions {\n  float: right;\n  margin: 0 0 0 20px;\n}\n\n.user-bar .actions.more {\n  margin: 0 12px 0 32px;\n}\n\n.user-bar .actions.attachment {\n  margin: 0 0 0 30px;\n}\n\n.user-bar .actions.attachment i {\n  display: block;\n  transform: rotate(-45deg);\n}\n\n.user-bar .avatar {\n  margin: 0 0 0 5px;\n  width: 36px;\n  height: 36px;\n}\n\n.user-bar .avatar img {\n  border-radius: 50%;\n  box-shadow: 0 1px 0 rgba(255, 255, 255, 0.1);\n  display: block;\n  width: 100%;\n}\n\n.user-bar .name {\n  font-size: 17px;\n  font-weight: 600;\n  text-overflow: ellipsis;\n  letter-spacing: 0.3px;\n  margin: 0 0 0 8px;\n  overflow: hidden;\n  white-space: nowrap;\n  width: 150px;\n}\n\n.user-bar .status {\n  display: block;\n  font-size: 13px;\n  font-weight: 400;\n  letter-spacing: 0;\n}\n</style>\n\n<script>\nfunction criarBarra() {\n  var userBar = document.createElement(\"div\");\n  userBar.className = \"user-bar\";\n\n  var backButton = document.createElement(\"div\");\n  backButton.className = \"back\";\n  backButton.innerHTML = '<i class=\"zmdi zmdi-arrow-left\"></i>';\n\n  var avatar = document.createElement(\"div\");\n  avatar.className = \"avatar\";\n  avatar.innerHTML = '<img src=\"https://i.postimg.cc/MGrG6GF1/Whats-App-Image-2023-07-12-at-22-25-24.jpg\" alt=\"Dr. Jorge\">';\n\n  var name = document.createElement(\"div\");\n  name.className = \"name\";\n  name.innerHTML = '<span>Dr. Jorge</span><span class=\"status\">online</span>';\n\n  var moreActions = document.createElement(\"div\");\n  moreActions.className = \"actions more\";\n  moreActions.innerHTML = '<i class=\"zmdi zmdi-more-vert\"></i>';\n\n  var attachmentAction = document.createElement(\"div\");\n  attachmentAction.className = \"actions attachment\";\n  attachmentAction.innerHTML = '<i class=\"zmdi zmdi-attachment-alt\"></i>';\n\n  var phoneAction = document.createElement(\"div\");\n  phoneAction.className = \"actions\";\n  phoneAction.innerHTML = '<i class=\"zmdi zmdi-phone\"></i>';\n\n  userBar.appendChild(backButton);\n  userBar.appendChild(avatar);\n  userBar.appendChild(name);\n  userBar.appendChild(moreActions);\n  userBar.appendChild(attachmentAction);\n  userBar.appendChild(phoneAction);\n\n  var elementoPai = document.querySelector(\"#__next\");\n  if (elementoPai) {\n    elementoPai.insertBefore(userBar, elementoPai.firstChild);\n  }\n}\n\ncriarBarra();\n</script>\n"},"typingEmulation":{"speed":300,"enabled":true,"maxDelay":1.5}}}