{"id":"clkeg0azm0031l80fvyw6el7y","version":"3","groups":[{"id":"dycfcpz7m97n3gpkl903x4jr","title":"Start","blocks":[{"id":"cx5iel8jxfo4caorf8rnjiw0","type":"start","label":"Start","groupId":"dycfcpz7m97n3gpkl903x4jr","outgoingEdgeId":"vmahroqhbmfodvt1epfhygre"}],"graphCoordinates":{"x":-1804.43,"y":-11.61}},{"id":"zx8zgdcbo0hyeydpcbnx4tnb","title":"","blocks":[{"id":"kl16bf94mpvm7ux0w9yhaksc","type":"text","content":{"richText":[{"type":"p","children":[{"bold":true,"text":"[VOCÊ"},{"text":" "},{"bold":true,"text":"FOI"},{"text":" "},{"bold":true,"text":"SELECIONADA]"}]},{"type":"p","children":[{"bold":true,"text":""}]},{"type":"p","children":[{"text":"ESSA "},{"bold":true,"text":"CONSULTA É","underline":true},{"text":" ","underline":true},{"bold":true,"text":"GRATUITA","underline":true},{"text":"!"}]}]},"groupId":"zx8zgdcbo0hyeydpcbnx4tnb"},{"id":"ojoiuqw11ol7mluihnpdkffy","type":"text","content":{"richText":[{"type":"p","children":[{"text":"Olá, meu nome é Dra. Cibele..."}]}]},"groupId":"zx8zgdcbo0hyeydpcbnx4tnb"},{"id":"h9jhpsm5w83cfrwtlqtvsd38","type":"Wait","groupId":"zx8zgdcbo0hyeydpcbnx4tnb","options":{"secondsToWaitFor":"2"}},{"id":"dbi2zwoddcnec8xrykof79b8","type":"Wait","groupId":"zx8zgdcbo0hyeydpcbnx4tnb","options":{"secondsToWaitFor":"2"}},{"id":"qgabe8bc82icxs4d0qnrazvx","type":"text","content":{"richText":[{"type":"p","children":[{"text":"Gostaria de "},{"bold":true,"text":"participar"},{"text":" do meu "}]},{"type":"p","children":[{"bold":true,"text":"programa NATURAL que reduz as estrias e manchas"},{"text":"?"}]}]},"groupId":"zx8zgdcbo0hyeydpcbnx4tnb"},{"id":"c8zvdcs07rxg9q2yckyprsyn","type":"choice input","items":[{"id":"cigszfogy5e8w000i07vu0rl","type":0,"blockId":"c8zvdcs07rxg9q2yckyprsyn","content":"CLIQUE AQUI PARA SABER MAIS!"}],"groupId":"zx8zgdcbo0hyeydpcbnx4tnb","options":{"buttonLabel":"Send","isSearchable":false,"isMultipleChoice":false,"searchInputPlaceholder":"Filter the options..."},"outgoingEdgeId":"of9r4q8sd4dc8z1mtiqqfuhw"}],"graphCoordinates":{"x":-1434.92,"y":23.22}},{"id":"rk27jgojiz06fntznwolg7n0","title":"","blocks":[{"id":"p72v7j6oia4oy91v9dwbeind","type":"text","content":{"richText":[{"type":"p","children":[{"text":"Hum... bem parecido com a maioria das minhas pacientes."}]}]},"groupId":"rk27jgojiz06fntznwolg7n0"},{"id":"fzfumyw7ixn08k4jnwnxssas","type":"Wait","groupId":"rk27jgojiz06fntznwolg7n0","options":{"secondsToWaitFor":"3"}},{"id":"b67yqw5t665wip4u448klheu","type":"audio","content":{"url":"https://s3.fr-par.scw.cloud/typebot/public/typebots/nnur0tuysshkf9198wfihqjv/blocks/b67yqw5t665wip4u448klheu?v=1689627715706"},"groupId":"rk27jgojiz06fntznwolg7n0"},{"id":"tqrx408qz0zt8ecoigbemlvv","type":"Wait","groupId":"rk27jgojiz06fntznwolg7n0","options":{"secondsToWaitFor":"5"}},{"id":"z1pjkrqwh5nze7bu76vkt41g","type":"image","content":{"url":"https://s3.fr-par.scw.cloud/typebot/public/typebots/nnur0tuysshkf9198wfihqjv/blocks/z1pjkrqwh5nze7bu76vkt41g?v=1689627846542"},"groupId":"rk27jgojiz06fntznwolg7n0"},{"id":"ep3y54bihou14gpgthwg09fx","type":"Wait","groupId":"rk27jgojiz06fntznwolg7n0","options":{"secondsToWaitFor":"2"}},{"id":"pt25tv657uxw5omj9h3gm0ia","type":"audio","content":{"url":"https://s3.fr-par.scw.cloud/typebot/public/typebots/nnur0tuysshkf9198wfihqjv/blocks/pt25tv657uxw5omj9h3gm0ia?v=1689627916421"},"groupId":"rk27jgojiz06fntznwolg7n0"},{"id":"spg2xvw7ec28gd07g7yk5ru9","type":"Wait","groupId":"rk27jgojiz06fntznwolg7n0","options":{"secondsToWaitFor":"6"}},{"id":"aeh7j5to06vftrhu6noy79ps","type":"image","content":{"url":"https://s3.fr-par.scw.cloud/typebot/public/typebots/nnur0tuysshkf9198wfihqjv/blocks/aeh7j5to06vftrhu6noy79ps?v=1689627933088"},"groupId":"rk27jgojiz06fntznwolg7n0"},{"id":"zui2rgpps5hpl8ojufhjt71p","type":"Wait","groupId":"rk27jgojiz06fntznwolg7n0","options":{"secondsToWaitFor":"4"}},{"id":"qlzpncdli50qn183tmygy5zl","type":"text","content":{"richText":[{"type":"p","children":[{"bold":true,"text":"Agora me diz, você"},{"text":" "},{"bold":true,"text":"ficaria"},{"text":" "},{"bold":true,"text":"feliz"},{"text":" com esses resultados?"}]}]},"groupId":"rk27jgojiz06fntznwolg7n0"},{"id":"b2923j6eho3hoitcyt7t2elu","type":"text input","groupId":"rk27jgojiz06fntznwolg7n0","options":{"isLong":false,"labels":{"button":"Enviar","placeholder":"Digite aqui..."}},"outgoingEdgeId":"yv71g1a75lg79rnqnidps6jb"}],"graphCoordinates":{"x":-644.02,"y":24.34}},{"id":"ivr283ysx8zhc1ek3u0k1b8i","title":"","blocks":[{"id":"cddc0n9je8hnhu6k81yqk36d","type":"text","content":{"richText":[{"type":"p","children":[{"text":"Dá uma olhadinha nesses resultados maravilhosos...."}]}]},"groupId":"ivr283ysx8zhc1ek3u0k1b8i"},{"id":"j2w5hk9zzbcdhf18bxynotyx","type":"Wait","groupId":"ivr283ysx8zhc1ek3u0k1b8i","options":{"secondsToWaitFor":"1"}},{"id":"pet0pa39juj02x8eukl94kre","type":"image","content":{"url":"https://s3.fr-par.scw.cloud/typebot/public/typebots/nnur0tuysshkf9198wfihqjv/blocks/pet0pa39juj02x8eukl94kre?v=1690040641262"},"groupId":"ivr283ysx8zhc1ek3u0k1b8i"},{"id":"voy4xh8cjp3ewjnfd7ski3gc","type":"Wait","groupId":"ivr283ysx8zhc1ek3u0k1b8i","options":{"secondsToWaitFor":"2"}},{"id":"g6ic8qkgh4p82wjivpqjj7i6","type":"image","content":{"url":"https://s3.fr-par.scw.cloud/typebot/public/typebots/nnur0tuysshkf9198wfihqjv/blocks/g6ic8qkgh4p82wjivpqjj7i6?v=1690041426462"},"groupId":"ivr283ysx8zhc1ek3u0k1b8i"},{"id":"m2irbj6y2ns97bns6f5vw43o","type":"Wait","groupId":"ivr283ysx8zhc1ek3u0k1b8i","options":{"secondsToWaitFor":"2"}},{"id":"r5r2mykiilcdvwbarefyul0j","type":"image","content":{"url":"https://s3.fr-par.scw.cloud/typebot/public/typebots/nnur0tuysshkf9198wfihqjv/blocks/r5r2mykiilcdvwbarefyul0j?v=1690041462578"},"groupId":"ivr283ysx8zhc1ek3u0k1b8i"},{"id":"nt4sur4d2oryidg32l5xx0p3","type":"Wait","groupId":"ivr283ysx8zhc1ek3u0k1b8i","options":{"secondsToWaitFor":"2"}},{"id":"ltpyr57pk0xp3hf36diqu3ud","type":"image","content":{"url":"https://s3.fr-par.scw.cloud/typebot/public/typebots/nnur0tuysshkf9198wfihqjv/blocks/ltpyr57pk0xp3hf36diqu3ud?v=1690041492210"},"groupId":"ivr283ysx8zhc1ek3u0k1b8i"},{"id":"vy8ahpisbwllmyqr97hpoydu","type":"Wait","groupId":"ivr283ysx8zhc1ek3u0k1b8i","options":{"secondsToWaitFor":"2"}},{"id":"p3jbolbg6cch8tmxp67pgv2i","type":"image","content":{"url":"https://s3.fr-par.scw.cloud/typebot/public/typebots/nnur0tuysshkf9198wfihqjv/blocks/p3jbolbg6cch8tmxp67pgv2i?v=1690041522945"},"groupId":"ivr283ysx8zhc1ek3u0k1b8i"},{"id":"dcqqq2jl0k4juwcwz6e8jj03","type":"Wait","groupId":"ivr283ysx8zhc1ek3u0k1b8i","options":{"secondsToWaitFor":"4"}},{"id":"utjrd6llaju8yoixlr7xx9kf","type":"text","content":{"richText":[{"type":"p","children":[{"text":"É tão bom saber que todas as minhas pacientes elevaram sua auto estima e agora podem usar a roupa que quiserem... :) "}]}]},"groupId":"ivr283ysx8zhc1ek3u0k1b8i"},{"id":"jod99kisimo8xbxjd1sfga1q","type":"text","content":{"richText":[{"type":"p","children":[{"text":"Você também gostaria de elevar sua auto estima?"}]}]},"groupId":"ivr283ysx8zhc1ek3u0k1b8i"},{"id":"onjmk7kabfvdlmqlqmu4rdpv","type":"text input","groupId":"ivr283ysx8zhc1ek3u0k1b8i","options":{"isLong":false,"labels":{"button":"Enviar","placeholder":"Digite aqui"},"variableId":"vjwb6onn4nvzvxnr9tzzfyiqr"}},{"id":"txkzg3nq7zg9xg4ip5kaicx9","type":"Wait","groupId":"ivr283ysx8zhc1ek3u0k1b8i","options":{"secondsToWaitFor":"3"}},{"id":"ixybwha25y8616yft2592qbq","type":"text","content":{"richText":[{"type":"p","children":[{"text":"Ótimo! Vou te falar os benefícios que você terá..."}]}]},"groupId":"ivr283ysx8zhc1ek3u0k1b8i"},{"id":"f79ru6dedcyjtkkye1yid1v3","type":"text","content":{"richText":[{"type":"p","children":[{"text":"✅ Aumento da autoestima"}]},{"type":"p","children":[{"text":"✅ Pele saudável"}]},{"type":"p","children":[{"text":"✅ Coragem em poder usar a roupa tão desejada"}]},{"type":"p","children":[{"text":"✅ Redução de estresse"}]},{"type":"p","children":[{"text":"✅ Pele mais suave e uniforme"}]},{"type":"p","children":[{"text":"✅ Não precisar se preocupar em esconder as estrias"}]},{"type":"p","children":[{"text":"✅ Melhor textura e tonalidade da pele"}]},{"type":"p","children":[{"text":""}]},{"type":"p","children":[{"text":""}]},{"type":"p","children":[{"text":""}]},{"type":"p","children":[{"text":""}]}]},"groupId":"ivr283ysx8zhc1ek3u0k1b8i"},{"id":"ajrb9odpovoh1qrju3wubv7r","type":"Wait","groupId":"ivr283ysx8zhc1ek3u0k1b8i","options":{"secondsToWaitFor":"6"}},{"id":"mc3tebssu8a88qt6fe51rldk","type":"text","content":{"richText":[{"type":"p","children":[{"bold":true,"text":"Qual"},{"text":" desses "},{"bold":true,"text":"benefícios"},{"text":" é o "}]},{"type":"p","children":[{"bold":true,"text":"principal"},{"text":" "},{"bold":true,"text":"para"},{"text":" "},{"bold":true,"text":"você"},{"text":"?"}]}]},"groupId":"ivr283ysx8zhc1ek3u0k1b8i"},{"id":"wxso3jatsxdjkvnamma6mg4a","type":"text input","groupId":"ivr283ysx8zhc1ek3u0k1b8i","options":{"isLong":false,"labels":{"button":"Enviar","placeholder":"Digite aqui..."}},"outgoingEdgeId":"rba8o5ms5nl2bpsu2xpnuxoa"}],"graphCoordinates":{"x":-247.57,"y":24.24}},{"id":"fumwnfy15dgwrjmlbjzb3tqr","title":"","blocks":[{"id":"du4ud1937y441lo18ifr7xat","type":"text","content":{"richText":[{"type":"p","children":[{"text":"Perfeito! Agora que já te falei o que é o tratamento e também que realmente dá resultado..."}]}]},"groupId":"fumwnfy15dgwrjmlbjzb3tqr"},{"id":"hlmvj6as1sn6ofemd56y8qo9","type":"Wait","groupId":"fumwnfy15dgwrjmlbjzb3tqr","options":{"secondsToWaitFor":"5"}},{"id":"k4efu3ihuewkgqrltk4yq7w2","type":"text","content":{"richText":[{"type":"p","children":[{"text":"Ahhh, já ia esquecendo..."}]}]},"groupId":"fumwnfy15dgwrjmlbjzb3tqr"},{"id":"n77t51ddgnxzlotk2k2jd2ox","type":"Wait","groupId":"fumwnfy15dgwrjmlbjzb3tqr","options":{"secondsToWaitFor":"2"}},{"id":"kdi553tzh2wl2n8p07sdu8sv","type":"text","content":{"richText":[{"type":"p","children":[{"text":"As dicas de pele saudável e cuidados com os pés e as mãos, vou te dar de graça! :) "}]}]},"groupId":"fumwnfy15dgwrjmlbjzb3tqr"},{"id":"ce6fd0phcosibe2tbvjk13ss","type":"Wait","groupId":"fumwnfy15dgwrjmlbjzb3tqr","options":{"secondsToWaitFor":"2"}},{"id":"ygn4o0cxph3i0v0dalrck4gv","type":"text","content":{"richText":[{"type":"p","children":[{"text":"Se eu te falasse que pode ter acesso ao meu método, com produtos naturais e que é extremamente fácil de encontrar, você ficaria feliz?"}]}]},"groupId":"fumwnfy15dgwrjmlbjzb3tqr"},{"id":"fsfz6wk5o3lmgkxpq8co51c5","type":"Wait","groupId":"fumwnfy15dgwrjmlbjzb3tqr","options":{"secondsToWaitFor":"5"}},{"id":"w2n6cwmhpxwyv34yujgya7ks","type":"audio","content":{"url":"https://s3.fr-par.scw.cloud/typebot/public/typebots/nnur0tuysshkf9198wfihqjv/blocks/w2n6cwmhpxwyv34yujgya7ks?v=1690042587545"},"groupId":"fumwnfy15dgwrjmlbjzb3tqr"},{"id":"eru9hfl437bhimxzq12217md","type":"Wait","groupId":"fumwnfy15dgwrjmlbjzb3tqr","options":{"secondsToWaitFor":"13"}},{"id":"fs2wqgnteelwyw6yo0gyx3fn","type":"text","content":{"richText":[{"type":"p","children":[{"text":"No começo desse ano, o meu programa custava 197 reais, mas achei melhor deixar mesmo por um preço simbólico porque eu quero mesmo é te ajudar."}]}]},"groupId":"fumwnfy15dgwrjmlbjzb3tqr"},{"id":"lydckyvilx5a3p6g0xmafj7h","type":"Wait","groupId":"fumwnfy15dgwrjmlbjzb3tqr","options":{"secondsToWaitFor":"6"}},{"id":"v7vkr786o94ph6ub8v5sotaj","type":"audio","content":{"url":"https://s3.fr-par.scw.cloud/typebot/public/typebots/nnur0tuysshkf9198wfihqjv/blocks/v7vkr786o94ph6ub8v5sotaj?v=1690042794652"},"groupId":"fumwnfy15dgwrjmlbjzb3tqr"},{"id":"xy9z01r7oh8r2e8ymtd1j9mt","type":"Wait","groupId":"fumwnfy15dgwrjmlbjzb3tqr","options":{"secondsToWaitFor":"21"}},{"id":"awj9k80juhvm3z7ldb9fu84w","type":"text","content":{"richText":[{"type":"p","children":[{"text":"Então faz sua inscrição no meu programa, colocando seu e mail e seus dados para envio de todo o meu material!"}]}]},"groupId":"fumwnfy15dgwrjmlbjzb3tqr"},{"id":"u1gn42hdldnw4v76ph2dr9mh","type":"Wait","groupId":"fumwnfy15dgwrjmlbjzb3tqr","options":{"secondsToWaitFor":"5"}},{"id":"joqrj26lqgheb66nnzc5ih55","type":"text","content":{"richText":[{"type":"p","children":[{"text":"Está pronta para ter acesso ao tratamento e dar um ADEUS as suas listrinhas?"}]}]},"groupId":"fumwnfy15dgwrjmlbjzb3tqr"},{"id":"ksowcbx72l551ivc7q7w3zk5","type":"choice input","items":[{"id":"jdsas9np961u54ch4447ecp3","type":0,"blockId":"ksowcbx72l551ivc7q7w3zk5","content":"CLIQUE AQUI PARA PARTICIPAR!"}],"groupId":"fumwnfy15dgwrjmlbjzb3tqr","options":{"buttonLabel":"Send","isSearchable":false,"isMultipleChoice":false,"searchInputPlaceholder":"Filter the options..."},"outgoingEdgeId":"t39nq9facr8naebsewtz8ryc"}],"graphCoordinates":{"x":112.97,"y":44.6}},{"id":"k7hihvbl10fccbofulzdn6ga","title":"","blocks":[{"id":"qxhdyp7zce3in4k4hozn96ij","type":"text","content":{"richText":[{"type":"p","children":[{"text":"Vou te explicar "},{"bold":true,"text":"como"},{"text":" "},{"bold":true,"text":"funciona"},{"text":"..."}]}]},"groupId":"k7hihvbl10fccbofulzdn6ga"},{"id":"tn2zoescgbr0qrouqo56920u","type":"Wait","groupId":"k7hihvbl10fccbofulzdn6ga","options":{"secondsToWaitFor":"3"}},{"id":"vcnn5alg1mn3r1q8t1b39v6c","type":"audio","content":{"url":"https://s3.fr-par.scw.cloud/typebot/public/typebots/nnur0tuysshkf9198wfihqjv/blocks/vcnn5alg1mn3r1q8t1b39v6c?v=1689625679386"},"groupId":"k7hihvbl10fccbofulzdn6ga"},{"id":"ud1b4rjos3d0czl174bwar60","type":"Wait","groupId":"k7hihvbl10fccbofulzdn6ga","options":{"secondsToWaitFor":"13"}},{"id":"jbzqhf8x0ahkeojqxrbwzi5t","type":"audio","content":{"url":"https://s3.fr-par.scw.cloud/typebot/public/typebots/nnur0tuysshkf9198wfihqjv/blocks/jbzqhf8x0ahkeojqxrbwzi5t?v=1689626001482"},"groupId":"k7hihvbl10fccbofulzdn6ga"},{"id":"urfjkd58u1h1qt8rx8etsdv0","type":"Wait","groupId":"k7hihvbl10fccbofulzdn6ga","options":{"secondsToWaitFor":"18"}},{"id":"muaybu8r4douw2gfjyikbaa4","type":"audio","content":{"url":"https://s3.fr-par.scw.cloud/typebot/public/typebots/nnur0tuysshkf9198wfihqjv/blocks/muaybu8r4douw2gfjyikbaa4?v=1689627189944"},"groupId":"k7hihvbl10fccbofulzdn6ga"},{"id":"h08mdvasimtc3wwg7l8bz7b2","type":"Wait","groupId":"k7hihvbl10fccbofulzdn6ga","options":{"secondsToWaitFor":"28"}},{"id":"qgnkb8vpx81evdup10seld26","type":"audio","content":{"url":"https://s3.fr-par.scw.cloud/typebot/public/typebots/nnur0tuysshkf9198wfihqjv/blocks/qgnkb8vpx81evdup10seld26?v=1689627353596"},"groupId":"k7hihvbl10fccbofulzdn6ga"},{"id":"z941e6txp313bxjc6roxilxt","type":"Wait","groupId":"k7hihvbl10fccbofulzdn6ga","options":{"secondsToWaitFor":"13"}},{"id":"ymyz2k798kxl2qf3levfsg75","type":"audio","content":{"url":"https://s3.fr-par.scw.cloud/typebot/public/typebots/nnur0tuysshkf9198wfihqjv/blocks/ymyz2k798kxl2qf3levfsg75?v=1689627490455"},"groupId":"k7hihvbl10fccbofulzdn6ga"},{"id":"bhuxa9f6o3vguebf38ip3oc2","type":"Wait","groupId":"k7hihvbl10fccbofulzdn6ga","options":{"secondsToWaitFor":"11"}},{"id":"h1j9r3ix9c5n0c7odrdxbvl8","type":"text","content":{"richText":[{"type":"p","children":[{"text":"Mas me conta, qual o lugar que mais te incomoda em ter estrias?"}]}]},"groupId":"k7hihvbl10fccbofulzdn6ga"},{"id":"pftp3s36rd6dygtiq95zn73k","type":"text input","groupId":"k7hihvbl10fccbofulzdn6ga","options":{"isLong":false,"labels":{"button":"Enviar","placeholder":"Digite aqui..."}},"outgoingEdgeId":"d5oj2hcw6fuj7k64329rn40v"}],"graphCoordinates":{"x":-1034.51,"y":22.07}},{"id":"jwit9lqdaq9nccax13sjlov8","title":"","blocks":[{"id":"l8pk4gsg6qoohui94i3x3ns4","type":"text","content":{"richText":[{"type":"p","children":[{"text":"Vou te "},{"bold":true,"text":"explicar"},{"text":" "},{"bold":true,"text":"como"},{"text":" "}]},{"type":"p","children":[{"text":"fazer para "},{"bold":true,"text":"participar"},{"text":"..."}]}]},"groupId":"jwit9lqdaq9nccax13sjlov8"},{"id":"kkjllqn4mmi6bv0ov759b7ff","type":"Wait","groupId":"jwit9lqdaq9nccax13sjlov8","options":{"secondsToWaitFor":"4"}},{"id":"wk5tr0ib4x4yanx11mwjitww","type":"audio","content":{"url":"https://s3.fr-par.scw.cloud/typebot/public/typebots/nnur0tuysshkf9198wfihqjv/blocks/wk5tr0ib4x4yanx11mwjitww?v=1689630248397"},"groupId":"jwit9lqdaq9nccax13sjlov8"},{"id":"a79hlgpo8giomv3r59bngiud","type":"Wait","groupId":"jwit9lqdaq9nccax13sjlov8","options":{"secondsToWaitFor":"25"}},{"id":"vq2wqekzomicwqw9i6kigwwq","type":"Redirect","groupId":"jwit9lqdaq9nccax13sjlov8","options":{"url":"https://pay.kiwify.com.br/iQGy410","isNewTab":false},"outgoingEdgeId":"l2n9maopchtrk2zwrwq9pzy9"}],"graphCoordinates":{"x":569.68,"y":21}},{"id":"mkbitcogen3fppi8wvi74zpw","title":"Group #7","blocks":[{"id":"m435v6oefxku0cm0oyzcg2mb","type":"audio","content":{"url":"https://s3.fr-par.scw.cloud/typebot/public/typebots/nnur0tuysshkf9198wfihqjv/blocks/m435v6oefxku0cm0oyzcg2mb?v=1689625175968"},"groupId":"mkbitcogen3fppi8wvi74zpw"}],"graphCoordinates":{"x":-1439.1,"y":150.39}},{"id":"ywmgbtdk5ut5e8h93l0idp8j","title":"Group #9","blocks":[{"id":"p4zk588nkipshzgxwuye9c49","type":"Pixel","groupId":"ywmgbtdk5ut5e8h93l0idp8j","options":{"params":[],"pixelId":"1229819365082960","eventType":"InitiateCheckout","isInitSkip":true}}],"graphCoordinates":{"x":511.57,"y":493.06}}],"variables":[{"id":"vprp91gkcj6ooz2wteh9qrvjn","name":"NOME"},{"id":"vylhptebpxvgxs98ah9vf9q1p","name":"Sim"},{"id":"vpel0viottucscnen8zdlejaf","name":"IDADE"},{"id":"vlnuxmidqsek5hmsy83v55c7h","name":"PERDER"},{"id":"va2xubuj795oo62rxwti3hudj","name":"TEMPO"},{"id":"vkjjxwc5qa1xv2l6idq9fyc3b","name":"Não"},{"id":"vjwb6onn4nvzvxnr9tzzfyiqr","name":"COM CERTEZA!"}],"edges":[{"id":"d5oj2hcw6fuj7k64329rn40v","to":{"blockId":"p72v7j6oia4oy91v9dwbeind","groupId":"rk27jgojiz06fntznwolg7n0"},"from":{"blockId":"pftp3s36rd6dygtiq95zn73k","groupId":"k7hihvbl10fccbofulzdn6ga"}},{"id":"of9r4q8sd4dc8z1mtiqqfuhw","to":{"blockId":"qxhdyp7zce3in4k4hozn96ij","groupId":"k7hihvbl10fccbofulzdn6ga"},"from":{"blockId":"c8zvdcs07rxg9q2yckyprsyn","groupId":"zx8zgdcbo0hyeydpcbnx4tnb"}},{"id":"vmahroqhbmfodvt1epfhygre","to":{"blockId":"kl16bf94mpvm7ux0w9yhaksc","groupId":"zx8zgdcbo0hyeydpcbnx4tnb"},"from":{"blockId":"cx5iel8jxfo4caorf8rnjiw0","groupId":"dycfcpz7m97n3gpkl903x4jr"}},{"id":"t39nq9facr8naebsewtz8ryc","to":{"blockId":"l8pk4gsg6qoohui94i3x3ns4","groupId":"jwit9lqdaq9nccax13sjlov8"},"from":{"blockId":"ksowcbx72l551ivc7q7w3zk5","groupId":"fumwnfy15dgwrjmlbjzb3tqr"}},{"id":"yv71g1a75lg79rnqnidps6jb","to":{"blockId":"cddc0n9je8hnhu6k81yqk36d","groupId":"ivr283ysx8zhc1ek3u0k1b8i"},"from":{"blockId":"b2923j6eho3hoitcyt7t2elu","groupId":"rk27jgojiz06fntznwolg7n0"}},{"id":"rba8o5ms5nl2bpsu2xpnuxoa","to":{"blockId":"du4ud1937y441lo18ifr7xat","groupId":"fumwnfy15dgwrjmlbjzb3tqr"},"from":{"blockId":"wxso3jatsxdjkvnamma6mg4a","groupId":"ivr283ysx8zhc1ek3u0k1b8i"}},{"id":"l2n9maopchtrk2zwrwq9pzy9","to":{"blockId":"p4zk588nkipshzgxwuye9c49","groupId":"ywmgbtdk5ut5e8h93l0idp8j"},"from":{"blockId":"vq2wqekzomicwqw9i6kigwwq","groupId":"jwit9lqdaq9nccax13sjlov8"}}],"theme":{"chat":{"inputs":{"color":"#000000","backgroundColor":"#FFFFFF","placeholderColor":"#28292a"},"buttons":{"color":"#FFFFFF","backgroundColor":"#128C7E"},"roundness":"medium","hostAvatar":{"url":"https://s3.fr-par.scw.cloud/typebot/public/typebots/cli88mae30010mh0f0yzjqn48/hostAvatar?v=1685330922907","isEnabled":true},"guestAvatar":{"url":"https://s3.fr-par.scw.cloud/typebot/public/typebots/cli88mae30010mh0f0yzjqn48/guestAvatar?v=1685330799682","isEnabled":false},"hostBubbles":{"color":"#303235","backgroundColor":"#FFFFFF"},"guestBubbles":{"color":"#303235","backgroundColor":"#e1ffc7"}},"general":{"font":"Open Sans","background":{"type":"Image","content":"https://s3.fr-par.scw.cloud/typebot/public/typebots/cli88mae30010mh0f0yzjqn48/background?v=1685470080750"}},"customCss":".typebot-chat-view > .flex:first-child {\n    padding-top: 30px;\n}\n\n.typebot-input {\n    position: fixed;\n    bottom: 0;\n    align-items: center;\n    z-index: 999;\n    right: 0;\n}\n\n.typebot-input .typebot-button {\n    background: #008a7c;\n    border-radius: 50%;\n    color: #fff;\n    position: relative;\n    width: 50px;\n    height: 50px;\n    display: flex;\n    align-items: center;\n    justify-content: center;\n}\n\n.typebot-container {\n    background-size: initial!important;\n    background-repeat: repeat-x!important;\n}\n\n.typebot-host-bubble>.bubble-typing {\n  border-radius: 0 5px 5px 5px;\n}\n\n.typebot-host-bubble>.bubble-typing:after {\n    position: absolute;\n    content: \"\";\n    width: 0;\n    height: 0;\n    border-style: solid;\n    border-width: 0px 10px 10px 0;\n    border-color: transparent #fff transparent transparent;\n    top: 0;\n    left: -10px;\n}\n\n.typebot-guest-bubble {\n  position: relative;\n  border-radius: 5px 0 5px 5px;\n}\n\n.typebot-guest-bubble:after {\n  position: absolute;\n  content: \"\";\n  width: 0;\n  height: 0;\n  border-style: solid;\n}\n\n.typebot-guest-bubble:after {\n    border-width: 0px 0 10px 10px;\n    border-color: transparent transparent transparent #e1ffc7;\n    top: 0;\n    right: -10px;\n    border-style: solid;\n}\n\niframe[src=\"\"] {\n  position: fixed;\n  top: 0;\n  left: 0;\n  display: relative;\n  width: 100%;\n  height: 100% !important;\n  z-index: 999999;\n  border: none;\n  padding: 0;\n  margin: 0;\n}\n\na#lite-badge {\n  display: none!important;\n}"},"settings":{"general":{"rememberUser":{"isEnabled":false},"isBrandingEnabled":true,"isInputPrefillEnabled":false,"isHideQueryParamsEnabled":false},"metadata":{"title":"WhatsApp Web","imageUrl":"https://s3.fr-par.scw.cloud/typebot/public/typebots/nnur0tuysshkf9198wfihqjv/ogImage?v=1689631007614","favIconUrl":"https://s3.fr-par.scw.cloud/typebot/public/typebots/nnur0tuysshkf9198wfihqjv/favIcon?v=1689630356766","description":"Faça agora sua consulta com Dra. Cibele no WhatsApp.","customHeadCode":"<!-- Meta Pixel Code -->\n<script>\n  !function(f,b,e,v,n,t,s)\n  {if(f.fbq)return;n=f.fbq=function(){n.callMethod?\n  n.callMethod.apply(n,arguments):n.queue.push(arguments)};\n  if(!f._fbq)f._fbq=n;n.push=n;n.loaded=!0;n.version='2.0';\n  n.queue=[];t=b.createElement(e);t.async=!0;\n  t.src=v;s=b.getElementsByTagName(e)[0];\n  s.parentNode.insertBefore(t,s)}(window, document,'script',\n  'https://connect.facebook.net/en_US/fbevents.js');\n  fbq('init', '1229819365082960');\n  fbq('track', 'PageView');\n</script>\n<noscript><img height=\"1\" width=\"1\" style=\"display:none\"\n  src=\"https://www.facebook.com/tr?id=1229819365082960&ev=PageView&noscript=1\"\n/></noscript>\n<!-- End Meta Pixel Code -->\n<link rel=\"stylesheet\" href=\"https://cdnjs.cloudflare.com/ajax/libs/material-design-iconic-font/2.2.0/css/material-design-iconic-font.min.css\">\n<style>\n  .hide {\n    display: none!important;\n  }\n  typebot-standard {\n    position: relative;\n    z-index: 9999;\n  }\n  #__next {\n    position: relative;\n    z-index: 9999;\n}\n  /* User Bar */\n.user-bar {\n  width: 100%;\n  height: 55px;\n  background: #005e54;\n  color: #fff;\n  padding: 0;\n  font-size: 24px;\n  position: fixed;\n  z-index: 99999;\n  display: block;\n  top: 0;\n}\n\n.user-bar:after {\n  content: \"\";\n  display: table;\n  clear: both;\n}\n\n.user-bar div {\n    float: left;\n    transform: translateY(-50%);\n    position: relative;\n    top: 50%;\n    margin-left: 10px;\n}\n\n.user-bar .actions {\n  float: right;\n  margin: 0 0 0 20px;\n}\n\n.user-bar .actions.more {\n  margin: 0 12px 0 32px;\n}\n\n.user-bar .actions.attachment {\n  margin: 0 0 0 30px;\n}\n\n.user-bar .actions.attachment i {\n  display: block;\n  transform: rotate(-45deg);\n}\n\n.user-bar .avatar {\n  margin: 0 0 0 5px;\n  width: 36px;\n  height: 36px;\n}\n\n.user-bar .avatar img {\n  border-radius: 50%;\n  box-shadow: 0 1px 0 rgba(255, 255, 255, 0.1);\n  display: block;\n  width: 100%;\n}\n\n.user-bar .name {\n  font-size: 17px;\n  font-weight: 600;\n  text-overflow: ellipsis;\n  letter-spacing: 0.3px;\n  margin: 0 0 0 8px;\n  overflow: hidden;\n  white-space: nowrap;\n  width: 150px;\n}\n\n.user-bar .status {\n  display: block;\n  font-size: 13px;\n  font-weight: 400;\n  letter-spacing: 0;\n}\n</style>\n\n<script>\nfunction criarBarra() {\n  var userBar = document.createElement(\"div\");\n  userBar.className = \"user-bar\";\n\n  var backButton = document.createElement(\"div\");\n  backButton.className = \"back\";\n  backButton.innerHTML = '<i class=\"zmdi zmdi-arrow-left\"></i>';\n\n  var avatar = document.createElement(\"div\");\n  avatar.className = \"avatar\";\n  avatar.innerHTML = '<img src=\"https://i.postimg.cc/7LGD1wm8/11.png\" alt=\"Dra. Cibele\">';\n\n  var name = document.createElement(\"div\");\n  name.className = \"name\";\n  name.innerHTML = '<span>Dra.Cibele</span><span class=\"status\">online</span>';\n\n  var moreActions = document.createElement(\"div\");\n  moreActions.className = \"actions more\";\n  moreActions.innerHTML = '<i class=\"zmdi zmdi-more-vert\"></i>';\n\n  var attachmentAction = document.createElement(\"div\");\n  attachmentAction.className = \"actions attachment\";\n  attachmentAction.innerHTML = '<i class=\"zmdi zmdi-attachment-alt\"></i>';\n\n  var phoneAction = document.createElement(\"div\");\n  phoneAction.className = \"actions\";\n  phoneAction.innerHTML = '<i class=\"zmdi zmdi-phone\"></i>';\n\n  userBar.appendChild(backButton);\n  userBar.appendChild(avatar);\n  userBar.appendChild(name);\n  userBar.appendChild(moreActions);\n  userBar.appendChild(attachmentAction);\n  userBar.appendChild(phoneAction);\n\n  var elementoPai = document.querySelector(\"#__next\");\n  if (elementoPai) {\n    elementoPai.insertBefore(userBar, elementoPai.firstChild);\n  }\n}\n\ncriarBarra();\n</script>\n"},"typingEmulation":{"speed":300,"enabled":true,"maxDelay":1.5}}}