{"id":"clk3i5ur0005uml0fgakndzqj","version":"3","groups":[{"id":"fe4fbttbqkn3q1zi5yy0nb0x","title":"Start","blocks":[{"id":"cx5iel8jxfo4caorf8rnjiw0","type":"start","label":"Start","groupId":"fe4fbttbqkn3q1zi5yy0nb0x","outgoingEdgeId":"eu2yqw5ipiq0l69jmc965p1o"}],"graphCoordinates":{"x":-1804.43,"y":-11.61}},{"id":"eldqhulbuq4u9p94tg1v8610","title":"","blocks":[{"id":"kl16bf94mpvm7ux0w9yhaksc","type":"text","content":{"richText":[{"type":"p","children":[{"bold":true,"text":"[VOCÊ"},{"text":" "},{"bold":true,"text":"FOI"},{"text":" "},{"bold":true,"text":"SELECIONADA]"}]},{"type":"p","children":[{"bold":true,"text":""}]},{"type":"p","children":[{"text":"ESSA "},{"bold":true,"text":"CONSULTA É","underline":true},{"text":" ","underline":true},{"bold":true,"text":"GRATUITA","underline":true},{"text":"!"}]}]},"groupId":"eldqhulbuq4u9p94tg1v8610"},{"id":"ojoiuqw11ol7mluihnpdkffy","type":"text","content":{"richText":[{"type":"p","children":[{"text":"Olá, meu nome é Dra. Ana Paula..."}]}]},"groupId":"eldqhulbuq4u9p94tg1v8610"},{"id":"h9jhpsm5w83cfrwtlqtvsd38","type":"Wait","groupId":"eldqhulbuq4u9p94tg1v8610","options":{"secondsToWaitFor":"2"}},{"id":"m435v6oefxku0cm0oyzcg2mb","type":"audio","content":{"url":"https://s3.fr-par.scw.cloud/typebot/public/typebots/eaccm4dy6aflymbp43jf5ru2/blocks/m435v6oefxku0cm0oyzcg2mb?v=1689393815734"},"groupId":"eldqhulbuq4u9p94tg1v8610"},{"id":"amfwk99rwrspc7o6hro0bv7v","type":"Wait","groupId":"eldqhulbuq4u9p94tg1v8610","options":{"secondsToWaitFor":"2"}},{"id":"g91i1t2tlt9qkl5dvxggin3o","type":"image","content":{"url":"https://s3.fr-par.scw.cloud/typebot/public/typebots/eaccm4dy6aflymbp43jf5ru2/blocks/g91i1t2tlt9qkl5dvxggin3o?v=1689393742184"},"groupId":"eldqhulbuq4u9p94tg1v8610"},{"id":"dbi2zwoddcnec8xrykof79b8","type":"Wait","groupId":"eldqhulbuq4u9p94tg1v8610","options":{"secondsToWaitFor":"2"}},{"id":"qgabe8bc82icxs4d0qnrazvx","type":"text","content":{"richText":[{"type":"p","children":[{"text":"Cansado de gastar com produtos que não funcionam para a sua pele? Que tal uma solução sem custo? Gostaria de saber mais sobre o nosso desafio "},{"bold":true,"text":"GRATUITO"},{"text":" de "},{"bold":true,"text":"tratamento de pele e cuidados com a pele"},{"text":"?"}]}]},"groupId":"eldqhulbuq4u9p94tg1v8610"},{"id":"c8zvdcs07rxg9q2yckyprsyn","type":"choice input","items":[{"id":"cigszfogy5e8w000i07vu0rl","type":0,"blockId":"c8zvdcs07rxg9q2yckyprsyn","content":"CLIQUE AQUI PARA SABER MAIS!"}],"groupId":"eldqhulbuq4u9p94tg1v8610","options":{"buttonLabel":"Send","isSearchable":false,"isMultipleChoice":false,"searchInputPlaceholder":"Filter the options..."},"outgoingEdgeId":"eharsz0q1z7yzd9k3ladmhjo"}],"graphCoordinates":{"x":-1434.92,"y":23.22}},{"id":"hhoxwd2ovc9j3yhhe60bfijy","title":"","blocks":[{"id":"p72v7j6oia4oy91v9dwbeind","type":"text","content":{"richText":[{"type":"p","children":[{"text":"Seu objetivo é bem parecido com o delas..."}]}]},"groupId":"hhoxwd2ovc9j3yhhe60bfijy"},{"id":"fzfumyw7ixn08k4jnwnxssas","type":"Wait","groupId":"hhoxwd2ovc9j3yhhe60bfijy","options":{"secondsToWaitFor":"3"}},{"id":"b67yqw5t665wip4u448klheu","type":"audio","content":{"url":"https://s3.fr-par.scw.cloud/typebot/public/typebots/eaccm4dy6aflymbp43jf5ru2/blocks/b67yqw5t665wip4u448klheu?v=1689394065528"},"groupId":"hhoxwd2ovc9j3yhhe60bfijy"},{"id":"tqrx408qz0zt8ecoigbemlvv","type":"Wait","groupId":"hhoxwd2ovc9j3yhhe60bfijy","options":{"secondsToWaitFor":"12"}},{"id":"lltruueptke1pnl7qfg1iyka","type":"image","content":{"url":"https://s3.fr-par.scw.cloud/typebot/public/typebots/eaccm4dy6aflymbp43jf5ru2/blocks/lltruueptke1pnl7qfg1iyka?v=1689824520108"},"groupId":"hhoxwd2ovc9j3yhhe60bfijy"},{"id":"ep3y54bihou14gpgthwg09fx","type":"Wait","groupId":"hhoxwd2ovc9j3yhhe60bfijy","options":{"secondsToWaitFor":"22"}},{"id":"pt25tv657uxw5omj9h3gm0ia","type":"audio","content":{"url":"https://s3.fr-par.scw.cloud/typebot/public/typebots/eaccm4dy6aflymbp43jf5ru2/blocks/pt25tv657uxw5omj9h3gm0ia?v=1689394082981"},"groupId":"hhoxwd2ovc9j3yhhe60bfijy"},{"id":"spg2xvw7ec28gd07g7yk5ru9","type":"Wait","groupId":"hhoxwd2ovc9j3yhhe60bfijy","options":{"secondsToWaitFor":"13"}},{"id":"g5ju5c0exeq8crqkg1cresm3","type":"image","content":{"url":"https://s3.fr-par.scw.cloud/typebot/public/typebots/eaccm4dy6aflymbp43jf5ru2/blocks/g5ju5c0exeq8crqkg1cresm3?v=1689394601426"},"groupId":"hhoxwd2ovc9j3yhhe60bfijy"},{"id":"zui2rgpps5hpl8ojufhjt71p","type":"Wait","groupId":"hhoxwd2ovc9j3yhhe60bfijy","options":{"secondsToWaitFor":"10"}},{"id":"p891rs6qab21rakhnz7qs9mx","type":"audio","content":{"url":"https://s3.fr-par.scw.cloud/typebot/public/typebots/eaccm4dy6aflymbp43jf5ru2/blocks/p891rs6qab21rakhnz7qs9mx?v=1690048165435"},"groupId":"hhoxwd2ovc9j3yhhe60bfijy"},{"id":"qlzpncdli50qn183tmygy5zl","type":"text","content":{"richText":[{"type":"p","children":[{"bold":true,"text":"Você"},{"text":" "},{"bold":true,"text":"ficaria"},{"text":" "},{"bold":true,"text":"feliz"},{"text":" com esses resultados?"}]}]},"groupId":"hhoxwd2ovc9j3yhhe60bfijy"},{"id":"b2923j6eho3hoitcyt7t2elu","type":"text input","groupId":"hhoxwd2ovc9j3yhhe60bfijy","options":{"isLong":false,"labels":{"button":"Enviar","placeholder":"Digite aqui..."}},"outgoingEdgeId":"vuzvou44xe7v98jvoxb4ipoj"}],"graphCoordinates":{"x":-644.02,"y":24.34}},{"id":"b3m8zz00dn0ly0uinlckjd9p","title":"","blocks":[{"id":"jod99kisimo8xbxjd1sfga1q","type":"text","content":{"richText":[{"type":"p","children":[{"text":"Vou te falar sobre os benefícios de participar..."}]}]},"groupId":"b3m8zz00dn0ly0uinlckjd9p"},{"id":"txkzg3nq7zg9xg4ip5kaicx9","type":"Wait","groupId":"b3m8zz00dn0ly0uinlckjd9p","options":{"secondsToWaitFor":"3"}},{"id":"f79ru6dedcyjtkkye1yid1v3","type":"text","content":{"richText":[{"type":"p","children":[{"text":"✅ Previne o envelhecimento precoce"}]},{"type":"p","children":[{"text":"✅ Reduz a aparência de rugas, linhas de expressão e manchas."}]},{"type":"p","children":[{"text":"✅ Aumento da autoestima"}]},{"type":"p","children":[{"text":"✅ Redução de ansiedade"}]},{"type":"p","children":[{"text":"✅ Torna a pele mais saudável e bonita"}]},{"type":"p","children":[{"text":"✅ Melhorar o humor"}]},{"type":"p","children":[{"text":"✅ Sensação de bem estar"}]},{"type":"p","children":[{"text":"✅ Melhora a aparência das manchas de sol"}]},{"type":"p","children":[{"text":"✅ Reduz o risco de câncer de pele."}]},{"type":"p","children":[{"text":"✅ Previne o envelhecimento precoce"}]}]},"groupId":"b3m8zz00dn0ly0uinlckjd9p"},{"id":"ajrb9odpovoh1qrju3wubv7r","type":"Wait","groupId":"b3m8zz00dn0ly0uinlckjd9p","options":{"secondsToWaitFor":"10"}},{"id":"mc3tebssu8a88qt6fe51rldk","type":"text","content":{"richText":[{"type":"p","children":[{"text":"Qual desses "},{"bold":true,"text":"objetivos"},{"text":" é o seu?"}]}]},"groupId":"b3m8zz00dn0ly0uinlckjd9p"},{"id":"wxso3jatsxdjkvnamma6mg4a","type":"text input","groupId":"b3m8zz00dn0ly0uinlckjd9p","options":{"isLong":false,"labels":{"button":"Enviar","placeholder":"Digite aqui..."}},"outgoingEdgeId":"ixg91st1jsxfwkorzyolluck"}],"graphCoordinates":{"x":-248.82,"y":24.24}},{"id":"gtj9ztgzgq6hgu0sq1pm979q","title":"","blocks":[{"id":"nagbcw3jkh0qfwi9ixzkf9u2","type":"audio","content":{"url":"https://s3.fr-par.scw.cloud/typebot/public/typebots/eaccm4dy6aflymbp43jf5ru2/blocks/nagbcw3jkh0qfwi9ixzkf9u2?v=1689394181559"},"groupId":"gtj9ztgzgq6hgu0sq1pm979q"},{"id":"hlmvj6as1sn6ofemd56y8qo9","type":"Wait","groupId":"gtj9ztgzgq6hgu0sq1pm979q","options":{"secondsToWaitFor":"10"}},{"id":"zenny6iub5yyet2a5ltevzzb","type":"text","content":{"richText":[{"type":"p","children":[{"text":"Veja o relato da Fernanda..."}]},{"type":"p","children":[{"text":""}]},{"type":"p","children":[{"text":""}]},{"type":"p","children":[{"text":"\"Eu quase desisti! Tentei de tudo e gastei o que não podia para me sentir bem. Minha última tentativa foi o \"desafio dos 15 dias\". Gente, mal pude acreditar neste resultado. Estou tão feliz! Hoje me sinto uma nova mulher.\""}]},{"type":"p","children":[{"text":""}]}]},"groupId":"gtj9ztgzgq6hgu0sq1pm979q"},{"id":"dxejskdh2zckvnrp1sashr8x","type":"image","content":{"url":"https://s3.fr-par.scw.cloud/typebot/public/typebots/eaccm4dy6aflymbp43jf5ru2/blocks/dxejskdh2zckvnrp1sashr8x?v=1689394670444"},"groupId":"gtj9ztgzgq6hgu0sq1pm979q"},{"id":"u2bo0kpr20pqogr7eqf2agye","type":"Wait","groupId":"gtj9ztgzgq6hgu0sq1pm979q","options":{"secondsToWaitFor":"24"}},{"id":"joqrj26lqgheb66nnzc5ih55","type":"text","content":{"richText":[{"type":"p","children":[{"text":"Você está cansado de lutar contra problemas de pele? Sentindo que sua autoestima está sendo afetada? Que tal uma mudança? Gostaria de participar do nosso desafio de tratamento de pele para começar a jornada de transformação da sua pele?"}]}]},"groupId":"gtj9ztgzgq6hgu0sq1pm979q"},{"id":"ksowcbx72l551ivc7q7w3zk5","type":"choice input","items":[{"id":"jdsas9np961u54ch4447ecp3","type":0,"blockId":"ksowcbx72l551ivc7q7w3zk5","content":"CLIQUE AQUI PARA PARTICIPAR!"}],"groupId":"gtj9ztgzgq6hgu0sq1pm979q","options":{"buttonLabel":"Send","isSearchable":false,"isMultipleChoice":false,"searchInputPlaceholder":"Filter the options..."},"outgoingEdgeId":"vop5svc9ksi0ouqy1e9tcf39"}],"graphCoordinates":{"x":120.55,"y":23.93}},{"id":"lnfujyj1lh050p2o5kw7n6n1","title":"","blocks":[{"id":"qxhdyp7zce3in4k4hozn96ij","type":"text","content":{"richText":[{"type":"p","children":[{"text":"Vou te explicar "},{"bold":true,"text":"como"},{"text":" "},{"bold":true,"text":"funciona"},{"text":"..."}]}]},"groupId":"lnfujyj1lh050p2o5kw7n6n1"},{"id":"tn2zoescgbr0qrouqo56920u","type":"Wait","groupId":"lnfujyj1lh050p2o5kw7n6n1","options":{"secondsToWaitFor":"3"}},{"id":"vcnn5alg1mn3r1q8t1b39v6c","type":"audio","content":{"url":"https://s3.fr-par.scw.cloud/typebot/public/typebots/eaccm4dy6aflymbp43jf5ru2/blocks/vcnn5alg1mn3r1q8t1b39v6c?v=1689393881433"},"groupId":"lnfujyj1lh050p2o5kw7n6n1"},{"id":"ud1b4rjos3d0czl174bwar60","type":"Wait","groupId":"lnfujyj1lh050p2o5kw7n6n1","options":{"secondsToWaitFor":"11"}},{"id":"jbzqhf8x0ahkeojqxrbwzi5t","type":"audio","content":{"url":"https://s3.fr-par.scw.cloud/typebot/public/typebots/eaccm4dy6aflymbp43jf5ru2/blocks/jbzqhf8x0ahkeojqxrbwzi5t?v=1689393918478"},"groupId":"lnfujyj1lh050p2o5kw7n6n1"},{"id":"urfjkd58u1h1qt8rx8etsdv0","type":"Wait","groupId":"lnfujyj1lh050p2o5kw7n6n1","options":{"secondsToWaitFor":"10"}},{"id":"muaybu8r4douw2gfjyikbaa4","type":"audio","content":{"url":"https://s3.fr-par.scw.cloud/typebot/public/typebots/eaccm4dy6aflymbp43jf5ru2/blocks/muaybu8r4douw2gfjyikbaa4?v=1689394008686"},"groupId":"lnfujyj1lh050p2o5kw7n6n1"},{"id":"h08mdvasimtc3wwg7l8bz7b2","type":"Wait","groupId":"lnfujyj1lh050p2o5kw7n6n1","options":{"secondsToWaitFor":"15"}},{"id":"qgnkb8vpx81evdup10seld26","type":"audio","content":{"url":"https://s3.fr-par.scw.cloud/typebot/public/typebots/eaccm4dy6aflymbp43jf5ru2/blocks/qgnkb8vpx81evdup10seld26?v=1689394023671"},"groupId":"lnfujyj1lh050p2o5kw7n6n1"},{"id":"p8lgbx168xhylcmfdc3s5ctj","type":"Wait","groupId":"lnfujyj1lh050p2o5kw7n6n1","options":{"secondsToWaitFor":"9"}},{"id":"h1j9r3ix9c5n0c7odrdxbvl8","type":"text","content":{"richText":[{"type":"p","children":[{"text":"Está cansado de acordar todos os dias e "},{"bold":true,"text":"ver manchas e imperfeições"},{"text":" no espelho? Deseja uma "},{"bold":true,"text":"pele saudável e bonita"},{"text":", mas se sente desesperado e sem soluções? Você gostaria de ter uma "},{"bold":true,"text":"pele saudável, bonita e sem manchas"},{"text":"?"}]}]},"groupId":"lnfujyj1lh050p2o5kw7n6n1"},{"id":"pftp3s36rd6dygtiq95zn73k","type":"text input","groupId":"lnfujyj1lh050p2o5kw7n6n1","options":{"isLong":false,"labels":{"button":"Enviar","placeholder":"Digite aqui..."}},"outgoingEdgeId":"i11k0d64ppxyrxfvunlhptum"}],"graphCoordinates":{"x":-1034.51,"y":22.07}},{"id":"l7afehifw8hg96dwqryjv9u8","title":"","blocks":[{"id":"l8pk4gsg6qoohui94i3x3ns4","type":"text","content":{"richText":[{"type":"p","children":[{"text":"Vou te "},{"bold":true,"text":"explicar"},{"text":" "},{"bold":true,"text":"como"},{"text":" "}]},{"type":"p","children":[{"text":"fazer para "},{"bold":true,"text":"participar"},{"text":"..."}]}]},"groupId":"l7afehifw8hg96dwqryjv9u8"},{"id":"kkjllqn4mmi6bv0ov759b7ff","type":"Wait","groupId":"l7afehifw8hg96dwqryjv9u8","options":{"secondsToWaitFor":"4"}},{"id":"kjbfh67z9jjtngekezooid1p","type":"audio","content":{"url":"https://s3.fr-par.scw.cloud/typebot/public/typebots/eaccm4dy6aflymbp43jf5ru2/blocks/kjbfh67z9jjtngekezooid1p?v=1689394234761"},"groupId":"l7afehifw8hg96dwqryjv9u8"},{"id":"od1zom0te9g5sonhv7zsz72e","type":"Wait","groupId":"l7afehifw8hg96dwqryjv9u8","options":{"secondsToWaitFor":"9"}},{"id":"m7fdycmddpjjt9fvoh510vr8","type":"audio","content":{"url":"https://s3.fr-par.scw.cloud/typebot/public/typebots/eaccm4dy6aflymbp43jf5ru2/blocks/m7fdycmddpjjt9fvoh510vr8?v=1689394253998"},"groupId":"l7afehifw8hg96dwqryjv9u8"},{"id":"gn1jx5x2gpcmz5j1e0lcfc7a","type":"Wait","groupId":"l7afehifw8hg96dwqryjv9u8","options":{"secondsToWaitFor":"13"}},{"id":"tz3xluurjoq5csx9cnue2430","type":"audio","content":{"url":"https://s3.fr-par.scw.cloud/typebot/public/typebots/eaccm4dy6aflymbp43jf5ru2/blocks/tz3xluurjoq5csx9cnue2430?v=1689394311127"},"groupId":"l7afehifw8hg96dwqryjv9u8"},{"id":"b5vjefb4ktfxy7uk2v5fvwje","type":"Wait","groupId":"l7afehifw8hg96dwqryjv9u8","options":{"secondsToWaitFor":"11"}},{"id":"lm6882bsbnzo8tjoru33is9k","type":"audio","content":{"url":"https://s3.fr-par.scw.cloud/typebot/public/typebots/eaccm4dy6aflymbp43jf5ru2/blocks/lm6882bsbnzo8tjoru33is9k?v=1689394339826"},"groupId":"l7afehifw8hg96dwqryjv9u8"},{"id":"o6puth19ig31g2fzydnoxnr7","type":"Wait","groupId":"l7afehifw8hg96dwqryjv9u8","options":{"secondsToWaitFor":"8"}},{"id":"mxkpmsr1hhiub1g08r3jrh12","type":"audio","content":{"url":"https://s3.fr-par.scw.cloud/typebot/public/typebots/eaccm4dy6aflymbp43jf5ru2/blocks/mxkpmsr1hhiub1g08r3jrh12?v=1689394473854"},"groupId":"l7afehifw8hg96dwqryjv9u8"},{"id":"j1y8qct2jstwv04m8yezfgbx","type":"Wait","groupId":"l7afehifw8hg96dwqryjv9u8","options":{"secondsToWaitFor":"22"}},{"id":"ao8v7g5kfcefw6pu25g9u3cs","type":"audio","content":{"url":"https://s3.fr-par.scw.cloud/typebot/public/typebots/eaccm4dy6aflymbp43jf5ru2/blocks/ao8v7g5kfcefw6pu25g9u3cs?v=1689394489264"},"groupId":"l7afehifw8hg96dwqryjv9u8"},{"id":"n1802kj0kas6ryirunlfltmo","type":"Wait","groupId":"l7afehifw8hg96dwqryjv9u8","options":{"secondsToWaitFor":"23"}},{"id":"p84a7mxo9gratngsrgid9e8m","type":"audio","content":{"url":"https://s3.fr-par.scw.cloud/typebot/public/typebots/eaccm4dy6aflymbp43jf5ru2/blocks/p84a7mxo9gratngsrgid9e8m?v=1689394507544"},"groupId":"l7afehifw8hg96dwqryjv9u8"},{"id":"r4f7hp5vosdeptsma3p6fef1","type":"Wait","groupId":"l7afehifw8hg96dwqryjv9u8","options":{"secondsToWaitFor":"17"}},{"id":"vq2wqekzomicwqw9i6kigwwq","type":"Redirect","groupId":"l7afehifw8hg96dwqryjv9u8","options":{"url":"https://pay.kiwify.com.br/xlKYCVn","isNewTab":false}}],"graphCoordinates":{"x":569.68,"y":21}}],"variables":[{"id":"vprp91gkcj6ooz2wteh9qrvjn","name":"NOME"},{"id":"vylhptebpxvgxs98ah9vf9q1p","name":"PESO"},{"id":"vpel0viottucscnen8zdlejaf","name":"IDADE"},{"id":"vlnuxmidqsek5hmsy83v55c7h","name":"PERDER"},{"id":"va2xubuj795oo62rxwti3hudj","name":"TEMPO"}],"edges":[{"id":"i11k0d64ppxyrxfvunlhptum","to":{"blockId":"p72v7j6oia4oy91v9dwbeind","groupId":"hhoxwd2ovc9j3yhhe60bfijy"},"from":{"blockId":"pftp3s36rd6dygtiq95zn73k","groupId":"lnfujyj1lh050p2o5kw7n6n1"}},{"id":"ixg91st1jsxfwkorzyolluck","to":{"blockId":"nagbcw3jkh0qfwi9ixzkf9u2","groupId":"gtj9ztgzgq6hgu0sq1pm979q"},"from":{"blockId":"wxso3jatsxdjkvnamma6mg4a","groupId":"b3m8zz00dn0ly0uinlckjd9p"}},{"id":"eharsz0q1z7yzd9k3ladmhjo","to":{"blockId":"qxhdyp7zce3in4k4hozn96ij","groupId":"lnfujyj1lh050p2o5kw7n6n1"},"from":{"blockId":"c8zvdcs07rxg9q2yckyprsyn","groupId":"eldqhulbuq4u9p94tg1v8610"}},{"id":"eu2yqw5ipiq0l69jmc965p1o","to":{"blockId":"kl16bf94mpvm7ux0w9yhaksc","groupId":"eldqhulbuq4u9p94tg1v8610"},"from":{"blockId":"cx5iel8jxfo4caorf8rnjiw0","groupId":"fe4fbttbqkn3q1zi5yy0nb0x"}},{"id":"vuzvou44xe7v98jvoxb4ipoj","to":{"blockId":"jod99kisimo8xbxjd1sfga1q","groupId":"b3m8zz00dn0ly0uinlckjd9p"},"from":{"blockId":"b2923j6eho3hoitcyt7t2elu","groupId":"hhoxwd2ovc9j3yhhe60bfijy"}},{"id":"vop5svc9ksi0ouqy1e9tcf39","to":{"blockId":"l8pk4gsg6qoohui94i3x3ns4","groupId":"l7afehifw8hg96dwqryjv9u8"},"from":{"blockId":"ksowcbx72l551ivc7q7w3zk5","groupId":"gtj9ztgzgq6hgu0sq1pm979q"}}],"theme":{"chat":{"inputs":{"color":"#000000","backgroundColor":"#FFFFFF","placeholderColor":"#28292a"},"buttons":{"color":"#FFFFFF","backgroundColor":"#128C7E"},"roundness":"medium","hostAvatar":{"url":"https://s3.fr-par.scw.cloud/typebot/public/typebots/eaccm4dy6aflymbp43jf5ru2/hostAvatar?v=1689428259796","isEnabled":true},"guestAvatar":{"url":"https://s3.fr-par.scw.cloud/typebot/public/typebots/cli88mae30010mh0f0yzjqn48/guestAvatar?v=1685330799682","isEnabled":false},"hostBubbles":{"color":"#303235","backgroundColor":"#FFFFFF"},"guestBubbles":{"color":"#303235","backgroundColor":"#e1ffc7"}},"general":{"font":"Open Sans","background":{"type":"Image","content":"https://s3.fr-par.scw.cloud/typebot/public/typebots/cli88mae30010mh0f0yzjqn48/background?v=1685470080750"}},"customCss":".typebot-chat-view > .flex:first-child {\n    padding-top: 30px;\n}\n\n.typebot-input {\n    position: fixed;\n    bottom: 0;\n    align-items: center;\n    z-index: 999;\n    right: 0;\n}\n\n.typebot-input .typebot-button {\n    background: #008a7c;\n    border-radius: 50%;\n    color: #fff;\n    position: relative;\n    width: 50px;\n    height: 50px;\n    display: flex;\n    align-items: center;\n    justify-content: center;\n}\n\n.typebot-container {\n    background-size: initial!important;\n    background-repeat: repeat-x!important;\n}\n\n.typebot-host-bubble>.bubble-typing {\n  border-radius: 0 5px 5px 5px;\n}\n\n.typebot-host-bubble>.bubble-typing:after {\n    position: absolute;\n    content: \"\";\n    width: 0;\n    height: 0;\n    border-style: solid;\n    border-width: 0px 10px 10px 0;\n    border-color: transparent #fff transparent transparent;\n    top: 0;\n    left: -10px;\n}\n\n.typebot-guest-bubble {\n  position: relative;\n  border-radius: 5px 0 5px 5px;\n}\n\n.typebot-guest-bubble:after {\n  position: absolute;\n  content: \"\";\n  width: 0;\n  height: 0;\n  border-style: solid;\n}\n\n.typebot-guest-bubble:after {\n    border-width: 0px 0 10px 10px;\n    border-color: transparent transparent transparent #e1ffc7;\n    top: 0;\n    right: -10px;\n    border-style: solid;\n}\n\niframe[src=\"\"] {\n  position: fixed;\n  top: 0;\n  left: 0;\n  display: relative;\n  width: 100%;\n  height: 100% !important;\n  z-index: 999999;\n  border: none;\n  padding: 0;\n  margin: 0;\n}\n\na#lite-badge {\n  display: none!important;\n}"},"settings":{"general":{"rememberUser":{"isEnabled":false},"isBrandingEnabled":false,"isInputPrefillEnabled":false,"isHideQueryParamsEnabled":false},"metadata":{"title":"WhatsApp Web","imageUrl":"https://images.unsplash.com/photo-1611077544170-be90a2f68add?crop=entropy&cs=tinysrgb&fit=max&fm=jpg&ixid=M3w0MjU2MDR8MHwxfHNlYXJjaHwyN3x8d2VpZ2h0JTIwbG9zc3xlbnwwfDB8fHwxNjg2MjAzMzA4fDA&ixlib=rb-4.0.3&q=80&w=1080","favIconUrl":"https://s3.fr-par.scw.cloud/typebot/public/typebots/eaccm4dy6aflymbp43jf5ru2/favIcon?v=1689465409372","description":"Faça agora sua consulta com Dra. Ana Paula no WhatsApp.","customHeadCode":"<!-- Facebook Pixel Code -->\n<script>\n   !function(f,b,e,v,n,t,s)\n  {if(f.fbq)return;n=f.fbq=function(){n.callMethod?\n    n.callMethod.apply(n,arguments):n.queue.push(arguments)};\n    if(!f._fbq)f._fbq=n;n.push=n;n.loaded=!0;n.version='2.0';\n    n.queue=[];t=b.createElement(e);t.async=!0;\n    t.src=v;s=b.getElementsByTagName(e)[0];\n    s.parentNode.insertBefore(t,s)}(window, document,'script',\n    'https://connect.facebook.net/en_US/fbevents.js');\n    fbq('init', '596616949292729');\n    fbq('track', 'PageView');\n    fbq('track', 'ViewContent');\n \n</script>\n<!-- End Facebook Pixel Code -->\n<link rel=\"stylesheet\" href=\"https://cdnjs.cloudflare.com/ajax/libs/material-design-iconic-font/2.2.0/css/material-design-iconic-font.min.css\">\n<style>\n  .hide {\n    display: none!important;\n  }\n  typebot-standard {\n    position: relative;\n    z-index: 9999;\n  }\n  #__next {\n    position: relative;\n    z-index: 9999;\n}\n  /* User Bar */\n.user-bar {\n  width: 100%;\n  height: 55px;\n  background: #005e54;\n  color: #fff;\n  padding: 0;\n  font-size: 24px;\n  position: fixed;\n  z-index: 99999;\n  display: block;\n  top: 0;\n}\n\n.user-bar:after {\n  content: \"\";\n  display: table;\n  clear: both;\n}\n\n.user-bar div {\n    float: left;\n    transform: translateY(-50%);\n    position: relative;\n    top: 50%;\n    margin-left: 10px;\n}\n\n.user-bar .actions {\n  float: right;\n  margin: 0 0 0 20px;\n}\n\n.user-bar .actions.more {\n  margin: 0 12px 0 32px;\n}\n\n.user-bar .actions.attachment {\n  margin: 0 0 0 30px;\n}\n\n.user-bar .actions.attachment i {\n  display: block;\n  transform: rotate(-45deg);\n}\n\n.user-bar .avatar {\n  margin: 0 0 0 5px;\n  width: 36px;\n  height: 36px;\n}\n\n.user-bar .avatar img {\n  border-radius: 50%;\n  box-shadow: 0 1px 0 rgba(255, 255, 255, 0.1);\n  display: block;\n  width: 100%;\n}\n\n.user-bar .name {\n  font-size: 17px;\n  font-weight: 600;\n  text-overflow: ellipsis;\n  letter-spacing: 0.3px;\n  margin: 0 0 0 8px;\n  overflow: hidden;\n  white-space: nowrap;\n  width: 150px;\n}\n\n.user-bar .status {\n  display: block;\n  font-size: 13px;\n  font-weight: 400;\n  letter-spacing: 0;\n}\n</style>\n\n<script>\nfunction criarBarra() {\n  var userBar = document.createElement(\"div\");\n  userBar.className = \"user-bar\";\n\n  var backButton = document.createElement(\"div\");\n  backButton.className = \"back\";\n  backButton.innerHTML = '<i class=\"zmdi zmdi-arrow-left\"></i>';\n\n  var avatar = document.createElement(\"div\");\n  avatar.className = \"avatar\";\n  avatar.innerHTML = '<img src=\"https://i.postimg.cc/FsTm3Y8N/Screenshot-14.png\" alt=\"DR.Ana Paula\">';\n\n  var name = document.createElement(\"div\");\n  name.className = \"name\";\n  name.innerHTML = '<span>DR.Ana Paula</span><span class=\"status\">online</span>';\n\n  var moreActions = document.createElement(\"div\");\n  moreActions.className = \"actions more\";\n  moreActions.innerHTML = '<i class=\"zmdi zmdi-more-vert\"></i>';\n\n  var attachmentAction = document.createElement(\"div\");\n  attachmentAction.className = \"actions attachment\";\n  attachmentAction.innerHTML = '<i class=\"zmdi zmdi-attachment-alt\"></i>';\n\n  var phoneAction = document.createElement(\"div\");\n  phoneAction.className = \"actions\";\n  phoneAction.innerHTML = '<i class=\"zmdi zmdi-phone\"></i>';\n\n  userBar.appendChild(backButton);\n  userBar.appendChild(avatar);\n  userBar.appendChild(name);\n  userBar.appendChild(moreActions);\n  userBar.appendChild(attachmentAction);\n  userBar.appendChild(phoneAction);\n\n  var elementoPai = document.querySelector(\"#__next\");\n  if (elementoPai) {\n    elementoPai.insertBefore(userBar, elementoPai.firstChild);\n  }\n}\n\ncriarBarra();\n</script>\n"},"typingEmulation":{"speed":300,"enabled":true,"maxDelay":1.5}}}