{"id":"clieue03n002dmm0fc37zk9li","version":"3","groups":[{"id":"m2z92wsuhw20bucn8dk4jmz1","title":"Start","blocks":[{"id":"clbk0lonb000908l701ns28kv","type":"start","label":"Start","groupId":"m2z92wsuhw20bucn8dk4jmz1","outgoingEdgeId":"tcznw8yz3g8tt1c4c9veq3tv"}],"graphCoordinates":{"x":0.86,"y":93.66}},{"id":"uwjixtmgukf0e0k2b06154dc","title":"Apresentação","blocks":[{"id":"clbk0mq9q000l356emf2f36fj","type":"text","content":{"richText":[{"type":"p","children":[{"text":"Bem vindo a Cellular Dealers "}]}]},"groupId":"uwjixtmgukf0e0k2b06154dc"},{"id":"clbk0upxx000n356eg6kkhmzn","type":"text","content":{"richText":[{"type":"p","children":[{"text":"Somos a maior "},{"bold":true,"text":"importadora de iPhones do Paraguay. "},{"text":"Se você já revende iPhones e quer os melhores preços com garantia e qualidade, você está no lugar certo! "}]}]},"groupId":"uwjixtmgukf0e0k2b06154dc"},{"id":"clbk11nxi000t356ezqe62m91","type":"text","content":{"richText":[{"type":"p","children":[{"bold":true,"text":"Aplique apenas se for o seu caso!"}]}]},"groupId":"uwjixtmgukf0e0k2b06154dc","outgoingEdgeId":"hj2pgmhm6ldf4380dyo7nsnj"}],"graphCoordinates":{"x":437,"y":103}},{"id":"w1l30lrxrzyfl9dprjp4d28g","title":"Vamos Lá","blocks":[{"id":"clbk0z0ba000p356eska8yqde","type":"choice input","items":[{"id":"clbk0z0ba000q356e6z89oeso","type":0,"blockId":"clbk0z0ba000p356eska8yqde","content":"Toque para começar","outgoingEdgeId":"ews96ihffjfmw4ivpog3x2o4"}],"groupId":"w1l30lrxrzyfl9dprjp4d28g","options":{"buttonLabel":"Send","isMultipleChoice":false}}],"graphCoordinates":{"x":856,"y":105}},{"id":"svqyygkkhgkbhccrghjm4qp4","title":"Pedindo Nome","blocks":[{"id":"clbk16eil000x356ef46p5nft","type":"text","content":{"html":"<div>Qual o seu nome?</div>","richText":[{"type":"p","children":[{"text":"Qual o seu nome?"}]}],"plainText":"Qual o seu nome?"},"groupId":"svqyygkkhgkbhccrghjm4qp4","outgoingEdgeId":"g2qz5egdhmz32fpu5fzfzuyt"}],"graphCoordinates":{"x":1288.43,"y":176.6}},{"id":"dg88bqim7u1qbwrcausdspjs","title":"Nome","blocks":[{"id":"clbk16s0u0010356eml8xllcc","type":"text input","groupId":"dg88bqim7u1qbwrcausdspjs","options":{"isLong":false,"labels":{"button":"Enviar","placeholder":"Digite Seu Nome"},"variableId":"vclbk1764g0012356e41p1jrmd"},"outgoingEdgeId":"oeecszogffustrz3rfo63lys"}],"graphCoordinates":{"x":1669.86,"y":218.02}},{"id":"cs8b90qxt07hxfk7an4t5u7a","title":"Pedindo Whatsapp","blocks":[{"id":"clbk1cm19001e356e4aekule8","type":"text","content":{"richText":[{"type":"p","children":[{"bold":true,"text":"Importante: "},{"text":"Para que eu consiga entrar em contato."}]}]},"groupId":"cs8b90qxt07hxfk7an4t5u7a"},{"id":"clbk1e959001g356eoix4mgwp","type":"text","content":{"html":"<div>Qual o seu Whatsapp?</div>","richText":[{"type":"p","children":[{"text":"Qual o seu Whatsapp?"}]}],"plainText":"Qual o seu Whatsapp?"},"groupId":"cs8b90qxt07hxfk7an4t5u7a","outgoingEdgeId":"tvj11m20tu6lpd5vtqx3z24u"}],"graphCoordinates":{"x":1999.28,"y":222.81}},{"id":"x7tj8bkenqrhf7spd8gzikpb","title":"Whatsapp","blocks":[{"id":"clbk1em91001i356ecvct77vh","type":"phone number input","groupId":"x7tj8bkenqrhf7spd8gzikpb","options":{"labels":{"button":"Enviar","placeholder":"Digite seu Whatsapp"},"variableId":"vclbk1gzv4001l356egriemesh","defaultCountryCode":"BR","retryMessageContent":"Este número parece estar errado. Por favor, verifique e digite novamente."},"outgoingEdgeId":"p6l3ds5ngb178hixeqpccdoy"}],"graphCoordinates":{"x":2331.65,"y":296.67}},{"id":"vx9p9cm094p1y9mjcheybr6f","title":"Group #9","blocks":[{"id":"clbk1hwpi001n356e30a4mrou","type":"text","content":{"richText":[{"type":"p","children":[{"text":"Então, {{Nome}}. O número {{Telefone}} está correto? "},{"bold":true,"text":"(Um número errado pode fazer você perder essa oportunidade)"}]}]},"groupId":"vx9p9cm094p1y9mjcheybr6f","outgoingEdgeId":"k3m9jheoaj1jv4bjvpwrawny"}],"graphCoordinates":{"x":2651.3,"y":240.31}},{"id":"ecidkacattxa4nbu4bwiydld","title":"Group #10","blocks":[{"id":"clbk1kf47001q356e1gz8fghe","type":"choice input","items":[{"id":"clbk1kf47001r356ea80aoqy9","type":0,"blockId":"clbk1kf47001q356e1gz8fghe","content":"Sim","outgoingEdgeId":"pccqxptcpkzbkx6w80la9zv2"},{"id":"clbk1kpa5001s356efydz5jz3","type":0,"blockId":"clbk1kf47001q356e1gz8fghe","content":"Não","outgoingEdgeId":"gjv4u005bip63n2bsjqzq8e9"}],"groupId":"ecidkacattxa4nbu4bwiydld","options":{"buttonLabel":"Send","isMultipleChoice":false}}],"graphCoordinates":{"x":2901.37,"y":-118.31}},{"id":"pe3qzzo19uqsrmkv8stvx2zs","title":"Group #11","blocks":[{"id":"clbk1ny5r001w356ea5t3f73u","type":"text","content":{"html":"<div>Maravilha! Qual o seu site? </div>","richText":[{"type":"p","children":[{"text":"Maravilha! Qual o seu site? "}]}],"plainText":"Maravilha! Qual o seu site? "},"groupId":"pe3qzzo19uqsrmkv8stvx2zs"},{"id":"pgwk2tod3omur02s0bj90a62","type":"text","content":{"html":"<div>Caso não tiver site, coloque aqui seu Instagram.</div>","richText":[{"type":"p","children":[{"text":"Caso não tiver site, coloque aqui seu Instagram."}]}],"plainText":"Caso não tiver site, coloque aqui seu Instagram."},"groupId":"pe3qzzo19uqsrmkv8stvx2zs","outgoingEdgeId":"uxioeho0djgyzmfdrlm4e6ux"}],"graphCoordinates":{"x":3912.75,"y":252.29}},{"id":"k9nwg5rzf11a3z50fmd118hy","title":"Group #12","blocks":[{"id":"clbk1oi1a001z356eamhoiu7i","type":"text input","groupId":"k9nwg5rzf11a3z50fmd118hy","options":{"isLong":false,"labels":{"button":"Enviar","placeholder":"Digite o @ do Instagram"},"variableId":"vdpap1wiudtjvhhsdm9xe20wz"},"outgoingEdgeId":"age2ka5p18xlu8wo4p59nfqn"}],"graphCoordinates":{"x":4293.57,"y":249.45}},{"id":"qvalmxa8ch0kuojiq4b5p8ju","title":"Group #13","blocks":[{"id":"clbk1sy9i0023356e08lcr4ic","type":"text","content":{"richText":[{"type":"p","children":[{"text":"Entendo!"}]}]},"groupId":"qvalmxa8ch0kuojiq4b5p8ju"},{"id":"clbk1te3q0025356eyublaeqf","type":"text","content":{"richText":[{"type":"p","children":[{"text":"{{Nome}}, Quantos Iphones você vende mensalmente?"}]}]},"groupId":"qvalmxa8ch0kuojiq4b5p8ju","outgoingEdgeId":"mvsikftgq9we9kbxgdx260aw"}],"graphCoordinates":{"x":4711.42,"y":252.86}},{"id":"m8dcdu9lfmzsthsjiexj5t6u","title":"Numeros de Iphones","blocks":[{"id":"clbk1uqmg0027356erbti8sho","type":"choice input","items":[{"id":"clbk202fz002g356eqput25md","type":0,"blockId":"clbk1uqmg0027356erbti8sho","content":"1 - 5","outgoingEdgeId":"hittmj0eqfygsl9q3c8a1qqt"},{"id":"clbl27fal002o356etnjuwdhn","type":0,"blockId":"clbk1uqmg0027356erbti8sho","content":"6 - 10","outgoingEdgeId":"wjxxzxhscpnggr1q7bgbkxcg"},{"id":"clbl27nbz002p356e6y52424s","type":0,"blockId":"clbk1uqmg0027356erbti8sho","content":"11 - 20","outgoingEdgeId":"emay89ear35uemgxoe04zvb9"},{"id":"clbk1vlso0029356epy3ptp6w","type":0,"blockId":"clbk1uqmg0027356erbti8sho","content":"Mais de 20","outgoingEdgeId":"tkbkhtalua1svvl88pce06m9"}],"groupId":"m8dcdu9lfmzsthsjiexj5t6u","options":{"buttonLabel":"Send","isMultipleChoice":false},"outgoingEdgeId":"xqk8sfjmb28iaedm7swp6h4g"}],"graphCoordinates":{"x":5139.98,"y":241.26}},{"id":"to637a811xdsb0kc96tlddsf","title":"Buyer Jorney","blocks":[{"id":"clbk2wg820046356e2uh2e6na","type":"text","content":{"richText":[{"type":"p","children":[{"text":"{{Nome}}, Já entraremos em contato com você"}]}]},"groupId":"to637a811xdsb0kc96tlddsf","outgoingEdgeId":"tmhgu9pfqin3o113igceiwjj"}],"graphCoordinates":{"x":7448.13,"y":425.99}},{"id":"hhmygl0r9bu9zfo5alnsbri8","title":"Group #24","blocks":[{"id":"clbk362vl004n356epwv31bfb","type":"text","content":{"richText":[{"type":"p","children":[{"text":"Olha, {{Nome}}"}]}]},"groupId":"hhmygl0r9bu9zfo5alnsbri8"},{"id":"clbk36xmn004o356ey50womgp","type":"text","content":{"richText":[{"type":"p","children":[{"text":"Reunindo as informações que foram passadas, infelizmente não conseguimos te ajudar "}]}]},"groupId":"hhmygl0r9bu9zfo5alnsbri8"},{"id":"cld0j51d7000p356jnmbbl3oa","type":"text","content":{"html":"<div>De qualquer forma, agradecemos muito pelo seu tempo e te parabenizamos pela vontade de poder expandir seu negócio</div>","richText":[{"type":"p","children":[{"text":"De qualquer forma, agradecemos muito pelo seu tempo e te parabenizamos pela vontade de poder expandir seu negócio"}]}],"plainText":"De qualquer forma, agradecemos muito pelo seu tempo e te parabenizamos pela vontade de poder expandir seu negócio"},"groupId":"hhmygl0r9bu9zfo5alnsbri8","outgoingEdgeId":"z95u3d99w3uo0cuztb5q28cr"}],"graphCoordinates":{"x":6780.8,"y":1695.18}},{"id":"zw51jhg24v8kw6hssnytyumm","title":"Obrigado","blocks":[{"id":"clbk3pl7n0052356eo60y2c5q","type":"Redirect","groupId":"zw51jhg24v8kw6hssnytyumm","options":{"url":"https://www.cellular-dealers.com.br/obrigado","isNewTab":false}}],"graphCoordinates":{"x":8329.17,"y":427.21}},{"id":"u87doovrxdykhjoau1vzhwez","title":"Group #21","blocks":[{"id":"clcalt7hl000g356j3095igrh","type":"Set variable","groupId":"u87doovrxdykhjoau1vzhwez","options":{"variableId":"vclcaltzov000h356jl744lc8i"}},{"id":"clcalv4kw000k356jn5d7i2qr","type":"Set variable","groupId":"u87doovrxdykhjoau1vzhwez","options":{"variableId":"vclcalvi5e000l356jf39aqysd"}},{"id":"clcalvnt6000m356jd9yr78ox","type":"Set variable","groupId":"u87doovrxdykhjoau1vzhwez","options":{"variableId":"vclcalvys4000o356juq0uzlb8"}},{"id":"clcalvqgs000n356jdcyfywzr","type":"Set variable","groupId":"u87doovrxdykhjoau1vzhwez","options":{"variableId":"vclcalwa3y000p356jsujofdso"}}],"graphCoordinates":{"x":93.67,"y":288}},{"id":"hos9zn6onclwsof4x3yywjiz","title":"Confirmando o Investimento","blocks":[{"id":"cld0iqxcb000c356jb3tlf8z4","type":"text","content":{"html":"<div>{{Nome}}.</div>","richText":[{"type":"p","children":[{"text":"{{Nome}}."}]}],"plainText":"{{Nome}}."},"groupId":"hos9zn6onclwsof4x3yywjiz"},{"id":"cld0iramx000d356jebt0gsyg","type":"text","content":{"richText":[{"type":"p","children":[{"text":"Nosso pedido mínimo é de 5 aparelhos."}]}]},"groupId":"hos9zn6onclwsof4x3yywjiz","outgoingEdgeId":"jbiz533nnu7p7dt2h278ulb8"}],"graphCoordinates":{"x":5696.83,"y":978}},{"id":"wcjoq45dkkzjraqo1acxtoey","title":"Group #23","blocks":[{"id":"cld0j82u6000x356j45un5e7d","type":"Redirect","groupId":"wcjoq45dkkzjraqo1acxtoey","options":{"url":"instagram.com","isNewTab":false}}],"graphCoordinates":{"x":7209.56,"y":2172.33}},{"id":"c2ydav1yvr6arhuw81lf06mc","title":"Group #24","blocks":[{"id":"cld0ixpej000f356jyfki2s0o","type":"choice input","items":[{"id":"cld0ixpej000g356jcw3l5h3f","type":0,"blockId":"cld0ixpej000f356jyfki2s0o","content":"Se eu gostar dos preços posso encaixar no meu financeiro","outgoingEdgeId":"njrk7o6pokvgu4fplmwt7kaj"},{"id":"cld0izn6k000j356jzjjsajt8","type":0,"blockId":"cld0ixpej000f356jyfki2s0o","content":"No momento, este valor está fora da minha realidade","outgoingEdgeId":"ohry8tyjkhk0062ymrpjvsid"}],"groupId":"c2ydav1yvr6arhuw81lf06mc","options":{"buttonLabel":"Send","isMultipleChoice":false}}],"graphCoordinates":{"x":6465,"y":1072.11}},{"id":"b5dy44l6sz84555wg8qcbfe2","title":"Group #25","blocks":[{"id":"cld0j7m2b000t356jmywlfwvd","type":"choice input","items":[{"id":"cld0j7m2b000u356jg7b2wdcn","type":0,"blockId":"cld0j7m2b000t356jmywlfwvd","content":"Toque para retornar ao seu FEED","outgoingEdgeId":"yoma2b12myfowm91wp6izjmm"}],"groupId":"b5dy44l6sz84555wg8qcbfe2","options":{"buttonLabel":"Send","isMultipleChoice":false}}],"graphCoordinates":{"x":7197.54,"y":1870.71}},{"id":"oue3f6qmtabj503yso68gnhu","title":"Group #22","blocks":[{"id":"i65vt2zp458kgn156aetgmjk","type":"Wait","groupId":"oue3f6qmtabj503yso68gnhu","options":{"secondsToWaitFor":"1"},"outgoingEdgeId":"s11efoknxlbef6zs525iw94i"}],"graphCoordinates":{"x":7913.05,"y":447.8}},{"id":"k6a9utkcybcf48nqi5hznyny","title":"Group #23","blocks":[{"id":"vnsc3e9q72vv204dam7cebas","type":"text","content":{"richText":[{"type":"p","children":[{"text":"De onde é o seu fornecedor atualmente?"}]}]},"groupId":"k6a9utkcybcf48nqi5hznyny","outgoingEdgeId":"zsgty3q1kmbg8e0bd5vt9uno"}],"graphCoordinates":{"x":4287.7,"y":488.93}},{"id":"cjr84mz1hassss4b90jhi1zb","title":"Group #24","blocks":[{"id":"fvtxihlkx395pq0nsj7oskyn","type":"choice input","items":[{"id":"xg8se9vozifs793pbs9dmdwo","type":0,"blockId":"fvtxihlkx395pq0nsj7oskyn","content":"Brasil 🇧🇷","outgoingEdgeId":"llwrvwxr4fvktjzqgmgf2syg"},{"id":"cmox9c09m3lvx8gmluwasoyc","type":0,"blockId":"fvtxihlkx395pq0nsj7oskyn","content":"Estados Unidos 🇺🇸","outgoingEdgeId":"h3g8bm0993k7qfsv0g3c9f4u"},{"id":"ucv22wouiz5sdno1irmo4r8h","type":0,"blockId":"fvtxihlkx395pq0nsj7oskyn","content":"Paraguay 🇵🇾","outgoingEdgeId":"stjgujm5yz98ysm83xw1rs60"},{"id":"py8jk3ghjjtfz83wexdhv6gm","type":0,"blockId":"fvtxihlkx395pq0nsj7oskyn","content":"Outro","outgoingEdgeId":"tvk426z2w47sqrxrzkag01u3","displayCondition":{"isEnabled":false}}],"groupId":"cjr84mz1hassss4b90jhi1zb","options":{"buttonLabel":"Send","isSearchable":false,"isMultipleChoice":false,"searchInputPlaceholder":"Filter the options..."}}],"graphCoordinates":{"x":4665.46,"y":586.3}}],"variables":[{"id":"vclbk1764g0012356e41p1jrmd","name":"Nome"},{"id":"vclbk1by25001c356etu4woeew","name":"Email"},{"id":"vclbk1gzv4001l356egriemesh","name":"Telefone"},{"id":"vclbk1p2gm0021356e7g1k593h","name":"Instagram"},{"id":"vclbk2fpu70038356eub3h27ej","name":"Dispon.Investimento"},{"id":"vclbk2gx8m003a356ef9agegf9","name":"Faturamento Mensal"},{"id":"vclbk2zk5t004g356e070mvbam","name":"Buyer Jorney"},{"id":"vclbk30tlb004k356e2p48812g","name":"Solution Selection"},{"id":"vclcaltzov000h356jl744lc8i","name":"utm_campaign"},{"id":"vclcalvi5e000l356jf39aqysd","name":"utm_medium"},{"id":"vclcalvys4000o356juq0uzlb8","name":"utm_source"},{"id":"vclcalwa3y000p356jsujofdso","name":"utm_content"},{"id":"vdpap1wiudtjvhhsdm9xe20wz","name":"site"}],"edges":[{"id":"tcznw8yz3g8tt1c4c9veq3tv","to":{"groupId":"uwjixtmgukf0e0k2b06154dc"},"from":{"blockId":"clbk0lonb000908l701ns28kv","groupId":"m2z92wsuhw20bucn8dk4jmz1"}},{"id":"hj2pgmhm6ldf4380dyo7nsnj","to":{"groupId":"w1l30lrxrzyfl9dprjp4d28g"},"from":{"blockId":"clbk11nxi000t356ezqe62m91","groupId":"uwjixtmgukf0e0k2b06154dc"}},{"id":"ews96ihffjfmw4ivpog3x2o4","to":{"groupId":"svqyygkkhgkbhccrghjm4qp4"},"from":{"itemId":"clbk0z0ba000q356e6z89oeso","blockId":"clbk0z0ba000p356eska8yqde","groupId":"w1l30lrxrzyfl9dprjp4d28g"}},{"id":"tvj11m20tu6lpd5vtqx3z24u","to":{"groupId":"x7tj8bkenqrhf7spd8gzikpb"},"from":{"blockId":"clbk1e959001g356eoix4mgwp","groupId":"cs8b90qxt07hxfk7an4t5u7a"}},{"id":"p6l3ds5ngb178hixeqpccdoy","to":{"groupId":"vx9p9cm094p1y9mjcheybr6f"},"from":{"blockId":"clbk1em91001i356ecvct77vh","groupId":"x7tj8bkenqrhf7spd8gzikpb"}},{"id":"k3m9jheoaj1jv4bjvpwrawny","to":{"groupId":"ecidkacattxa4nbu4bwiydld"},"from":{"blockId":"clbk1hwpi001n356e30a4mrou","groupId":"vx9p9cm094p1y9mjcheybr6f"}},{"id":"gjv4u005bip63n2bsjqzq8e9","to":{"groupId":"cs8b90qxt07hxfk7an4t5u7a"},"from":{"itemId":"clbk1kpa5001s356efydz5jz3","blockId":"clbk1kf47001q356e1gz8fghe","groupId":"ecidkacattxa4nbu4bwiydld"}},{"id":"mvsikftgq9we9kbxgdx260aw","to":{"groupId":"m8dcdu9lfmzsthsjiexj5t6u"},"from":{"blockId":"clbk1te3q0025356eyublaeqf","groupId":"qvalmxa8ch0kuojiq4b5p8ju"}},{"id":"g2qz5egdhmz32fpu5fzfzuyt","to":{"groupId":"dg88bqim7u1qbwrcausdspjs"},"from":{"blockId":"clbk16eil000x356ef46p5nft","groupId":"svqyygkkhgkbhccrghjm4qp4"}},{"id":"yoma2b12myfowm91wp6izjmm","to":{"groupId":"wcjoq45dkkzjraqo1acxtoey"},"from":{"itemId":"cld0j7m2b000u356jg7b2wdcn","blockId":"cld0j7m2b000t356jmywlfwvd","groupId":"b5dy44l6sz84555wg8qcbfe2"}},{"id":"oeecszogffustrz3rfo63lys","to":{"blockId":"clbk1cm19001e356e4aekule8","groupId":"cs8b90qxt07hxfk7an4t5u7a"},"from":{"blockId":"clbk16s0u0010356eml8xllcc","groupId":"dg88bqim7u1qbwrcausdspjs"}},{"id":"uxioeho0djgyzmfdrlm4e6ux","to":{"groupId":"k9nwg5rzf11a3z50fmd118hy"},"from":{"blockId":"pgwk2tod3omur02s0bj90a62","groupId":"pe3qzzo19uqsrmkv8stvx2zs"}},{"id":"njrk7o6pokvgu4fplmwt7kaj","to":{"blockId":"clbk2wg820046356e2uh2e6na","groupId":"to637a811xdsb0kc96tlddsf"},"from":{"itemId":"cld0ixpej000g356jcw3l5h3f","blockId":"cld0ixpej000f356jyfki2s0o","groupId":"c2ydav1yvr6arhuw81lf06mc"}},{"id":"z95u3d99w3uo0cuztb5q28cr","to":{"blockId":"cld0j7m2b000t356jmywlfwvd","groupId":"b5dy44l6sz84555wg8qcbfe2"},"from":{"blockId":"cld0j51d7000p356jnmbbl3oa","groupId":"hhmygl0r9bu9zfo5alnsbri8"}},{"id":"wjxxzxhscpnggr1q7bgbkxcg","to":{"blockId":"clbk2wg820046356e2uh2e6na","groupId":"to637a811xdsb0kc96tlddsf"},"from":{"itemId":"clbl27fal002o356etnjuwdhn","blockId":"clbk1uqmg0027356erbti8sho","groupId":"m8dcdu9lfmzsthsjiexj5t6u"}},{"id":"emay89ear35uemgxoe04zvb9","to":{"blockId":"clbk2wg820046356e2uh2e6na","groupId":"to637a811xdsb0kc96tlddsf"},"from":{"itemId":"clbl27nbz002p356e6y52424s","blockId":"clbk1uqmg0027356erbti8sho","groupId":"m8dcdu9lfmzsthsjiexj5t6u"}},{"id":"tkbkhtalua1svvl88pce06m9","to":{"blockId":"clbk2wg820046356e2uh2e6na","groupId":"to637a811xdsb0kc96tlddsf"},"from":{"itemId":"clbk1vlso0029356epy3ptp6w","blockId":"clbk1uqmg0027356erbti8sho","groupId":"m8dcdu9lfmzsthsjiexj5t6u"}},{"id":"xqk8sfjmb28iaedm7swp6h4g","to":{"groupId":"to637a811xdsb0kc96tlddsf"},"from":{"blockId":"clbk1uqmg0027356erbti8sho","groupId":"m8dcdu9lfmzsthsjiexj5t6u"}},{"id":"jbiz533nnu7p7dt2h278ulb8","to":{"blockId":"cld0ixpej000f356jyfki2s0o","groupId":"c2ydav1yvr6arhuw81lf06mc"},"from":{"blockId":"cld0iramx000d356jebt0gsyg","groupId":"hos9zn6onclwsof4x3yywjiz"}},{"id":"s11efoknxlbef6zs525iw94i","to":{"groupId":"zw51jhg24v8kw6hssnytyumm"},"from":{"blockId":"i65vt2zp458kgn156aetgmjk","groupId":"oue3f6qmtabj503yso68gnhu"}},{"id":"hittmj0eqfygsl9q3c8a1qqt","to":{"groupId":"hos9zn6onclwsof4x3yywjiz"},"from":{"itemId":"clbk202fz002g356eqput25md","blockId":"clbk1uqmg0027356erbti8sho","groupId":"m8dcdu9lfmzsthsjiexj5t6u"}},{"id":"pccqxptcpkzbkx6w80la9zv2","to":{"groupId":"pe3qzzo19uqsrmkv8stvx2zs"},"from":{"itemId":"clbk1kf47001r356ea80aoqy9","blockId":"clbk1kf47001q356e1gz8fghe","groupId":"ecidkacattxa4nbu4bwiydld"}},{"id":"age2ka5p18xlu8wo4p59nfqn","to":{"groupId":"k6a9utkcybcf48nqi5hznyny"},"from":{"blockId":"clbk1oi1a001z356eamhoiu7i","groupId":"k9nwg5rzf11a3z50fmd118hy"}},{"id":"zsgty3q1kmbg8e0bd5vt9uno","to":{"groupId":"cjr84mz1hassss4b90jhi1zb"},"from":{"blockId":"vnsc3e9q72vv204dam7cebas","groupId":"k6a9utkcybcf48nqi5hznyny"}},{"id":"llwrvwxr4fvktjzqgmgf2syg","to":{"groupId":"qvalmxa8ch0kuojiq4b5p8ju"},"from":{"itemId":"xg8se9vozifs793pbs9dmdwo","blockId":"fvtxihlkx395pq0nsj7oskyn","groupId":"cjr84mz1hassss4b90jhi1zb"}},{"id":"h3g8bm0993k7qfsv0g3c9f4u","to":{"groupId":"qvalmxa8ch0kuojiq4b5p8ju"},"from":{"itemId":"cmox9c09m3lvx8gmluwasoyc","blockId":"fvtxihlkx395pq0nsj7oskyn","groupId":"cjr84mz1hassss4b90jhi1zb"}},{"id":"stjgujm5yz98ysm83xw1rs60","to":{"groupId":"qvalmxa8ch0kuojiq4b5p8ju"},"from":{"itemId":"ucv22wouiz5sdno1irmo4r8h","blockId":"fvtxihlkx395pq0nsj7oskyn","groupId":"cjr84mz1hassss4b90jhi1zb"}},{"id":"tvk426z2w47sqrxrzkag01u3","to":{"groupId":"qvalmxa8ch0kuojiq4b5p8ju"},"from":{"itemId":"py8jk3ghjjtfz83wexdhv6gm","blockId":"fvtxihlkx395pq0nsj7oskyn","groupId":"cjr84mz1hassss4b90jhi1zb"}},{"id":"ohry8tyjkhk0062ymrpjvsid","to":{"groupId":"hhmygl0r9bu9zfo5alnsbri8"},"from":{"itemId":"cld0izn6k000j356jzjjsajt8","blockId":"cld0ixpej000f356jyfki2s0o","groupId":"c2ydav1yvr6arhuw81lf06mc"}},{"id":"tmhgu9pfqin3o113igceiwjj","to":{"blockId":"i65vt2zp458kgn156aetgmjk","groupId":"oue3f6qmtabj503yso68gnhu"},"from":{"blockId":"clbk2wg820046356e2uh2e6na","groupId":"to637a811xdsb0kc96tlddsf"}}],"theme":{"chat":{"inputs":{"color":"#303235","backgroundColor":"#FFFFFF","placeholderColor":"#9095A0"},"buttons":{"color":"#FFFFFF","backgroundColor":"#0042DA"},"hostAvatar":{"url":"https://s3.fr-par.scw.cloud/typebot/public/typebots/b2gvd6zs6414xidb0d7i33iz/hostAvatar?v=1685733004601","isEnabled":true},"guestAvatar":{"isEnabled":false},"hostBubbles":{"color":"#303235","backgroundColor":"#F7F8FF"},"guestBubbles":{"color":"#FFFFFF","backgroundColor":"#FF8E21"}},"general":{"font":"Open Sans","background":{"type":"None"}}},"settings":{"general":{"isBrandingEnabled":true,"isInputPrefillEnabled":true,"isResultSavingEnabled":true,"isHideQueryParamsEnabled":true,"isNewResultOnRefreshEnabled":false},"metadata":{"description":"Build beautiful conversational forms and embed them directly in your applications without a line of code. Triple your response rate and collect answers that has more value compared to a traditional form."},"typingEmulation":{"speed":750,"enabled":true,"maxDelay":1.5}}}