{"id":"clk9rnrs3000sl40f8quiluc8","version":"3","groups":[{"id":"w7ikouh9ajrkzua13xo3ruo4","title":"Start","blocks":[{"id":"t2n5p6jx0i3i7hazj3rthrgh","type":"start","label":"Start","groupId":"w7ikouh9ajrkzua13xo3ruo4","outgoingEdgeId":"y8oog0swpcnxntx9nbafmvaz"}],"graphCoordinates":{"x":17,"y":-242}},{"id":"fr76g9nvdg3fgc19njy0gaso","title":"Group #1","blocks":[{"id":"pnvohu9curmjsbxo9e4nylnf","type":"text","content":{"richText":[{"type":"p","children":[{"text":"Olá, Meu nome é Claudia vou Apresentar o Nosso Produto.."}]}]},"groupId":"fr76g9nvdg3fgc19njy0gaso"},{"id":"xcnub9c3aihltdiytbmde6o0","type":"image","content":{"url":"https://s3.fr-par.scw.cloud/typebot/public/typebots/clk9pyihe003pm90fzfem5k5w/blocks/xcnub9c3aihltdiytbmde6o0?v=1689781044328"},"groupId":"fr76g9nvdg3fgc19njy0gaso"},{"id":"q56rcskexyugjo4kyfxeujaf","type":"Wait","groupId":"fr76g9nvdg3fgc19njy0gaso","options":{"secondsToWaitFor":"2"}},{"id":"gfs2of094i7ap94a31ni1ox0","type":"text","content":{"richText":[{"type":"p","children":[{"text":"com quem estou falando ??"}]}]},"groupId":"fr76g9nvdg3fgc19njy0gaso"},{"id":"jaigu47mzn5g11gwma3hmr50","type":"text input","groupId":"fr76g9nvdg3fgc19njy0gaso","options":{"isLong":false,"labels":{"button":"enviar","placeholder":"Escreva seu Nome "},"variableId":"vu0elxpeoe6kl4ls1z45uuvej"},"outgoingEdgeId":"p6d48ntiyyf0ozcz4pdfr3ui"}],"graphCoordinates":{"x":359,"y":-143}},{"id":"syw1f9vptsz60zoj0bc1dp65","title":"Group #2","blocks":[{"id":"a5l5w9il9bf6fthj86tz0yv0","type":"text","content":{"richText":[{"type":"p","children":[{"text":"Muito Prazer {{Nome do cliente}}."}]}]},"groupId":"syw1f9vptsz60zoj0bc1dp65"},{"id":"elahgdu6gaeobkqjqbsiubc3","type":"Wait","groupId":"syw1f9vptsz60zoj0bc1dp65","options":{"secondsToWaitFor":"2"}},{"id":"vytkz0xzz46gqtz0sk6rntjl","type":"text","content":{"richText":[{"type":"p","children":[{"text":"{{Nome do cliente}}. "},{"bold":true,"text":"A carteira masilou e Tendencia e elegância"},{"text":"  para conquista o mundo feminino "}]}]},"groupId":"syw1f9vptsz60zoj0bc1dp65"},{"id":"ird5vb3ekwkg7qr4ilfdrknu","type":"text","content":{"richText":[{"type":"p","children":[{"bold":true,"text":"Masilou"},{"text":" e um "},{"bold":true,"text":"item essencial"},{"text":" para você {{Nome do cliente}}. "},{"bold":true,"text":"Que se encaixa"},{"text":" nos padrões de "},{"bold":true,"text":"uma mulher moderna"},{"text":" e Vaidosa"}]}]},"groupId":"syw1f9vptsz60zoj0bc1dp65"},{"id":"g6zuxu2ixtkru7vgw4w4emq7","type":"text","content":{"richText":[{"type":"p","children":[{"text":"Você e Vaidosa ??"}]}]},"groupId":"syw1f9vptsz60zoj0bc1dp65"},{"id":"uw96ygyhwm3zhh4zpeqg6bc6","type":"choice input","items":[{"id":"opdtbgxylebehdo08dotpaae","type":0,"blockId":"uw96ygyhwm3zhh4zpeqg6bc6","content":"sim","outgoingEdgeId":"hbq5ldcia3r61fncgit997f0"},{"id":"x2orsfjuzau014ug9t6i03s4","type":0,"blockId":"uw96ygyhwm3zhh4zpeqg6bc6","content":"Não ","outgoingEdgeId":"ecik46vhwjscrnenoircw48f"}],"groupId":"syw1f9vptsz60zoj0bc1dp65","options":{"buttonLabel":"Send","isSearchable":false,"isMultipleChoice":false,"searchInputPlaceholder":"Filter the options..."}}],"graphCoordinates":{"x":715.33,"y":-299}},{"id":"pjnbfxj55et16nhg3tbii5ff","title":"Group #3","blocks":[{"id":"x8jktzg8hzanuq146ruxykxm","type":"text","content":{"richText":[{"type":"p","children":[{"text":"Qual cor você gostou ?"}]}]},"groupId":"pjnbfxj55et16nhg3tbii5ff"},{"id":"anauue92gjee9mo1fij70beo","type":"choice input","items":[{"id":"p9iw1eqn3oo3yp8lpx7n17fe","type":0,"blockId":"anauue92gjee9mo1fij70beo","content":"Marrom","outgoingEdgeId":"o7htsvv16h7gvqh0jlakbchb"},{"id":"ocuzc7amxnj8vzantluzeclv","type":0,"blockId":"anauue92gjee9mo1fij70beo","content":"Preto","outgoingEdgeId":"owa5f6e0xcm9t9he9x97bbf3"}],"groupId":"pjnbfxj55et16nhg3tbii5ff","options":{"buttonLabel":"Send","isSearchable":false,"isMultipleChoice":false,"searchInputPlaceholder":"Filter the options..."}}],"graphCoordinates":{"x":1857.16,"y":734.33}},{"id":"ancn3h1vik7uc1j9oeq4pkza","title":"Group #4","blocks":[{"id":"xaoue6jqcdzhr7x14i37vfnd","type":"image","content":{"url":"https://s3.fr-par.scw.cloud/typebot/public/typebots/clk9pyihe003pm90fzfem5k5w/blocks/xaoue6jqcdzhr7x14i37vfnd?v=1689780338459"},"groupId":"ancn3h1vik7uc1j9oeq4pkza","outgoingEdgeId":"b9u7cotdcqbjt5wb4sf9cnfb"}],"graphCoordinates":{"x":2390.67,"y":-315}},{"id":"b6oq9ya037do4z3r7rxwpxzl","title":"Group #5","blocks":[{"id":"wgug2p0lvaoufkgno4ooz8zm","type":"image","content":{"url":"https://s3.fr-par.scw.cloud/typebot/public/typebots/clk9pyihe003pm90fzfem5k5w/blocks/wgug2p0lvaoufkgno4ooz8zm?v=1689780627094"},"groupId":"b6oq9ya037do4z3r7rxwpxzl","outgoingEdgeId":"v7s1rveh86pf0l7ty0kq02b3"}],"graphCoordinates":{"x":2389,"y":283.66}},{"id":"gf4twt2qn6x6x4ns91hzwg3h","title":"Group #6","blocks":[{"id":"iuz7iovuek7a47eef1aakzpq","type":"text","content":{"richText":[{"type":"p","children":[{"text":"Então você esta no local certo "}]}]},"groupId":"gf4twt2qn6x6x4ns91hzwg3h"},{"id":"fha9wia24lmd398bcox1rlmp","type":"text","content":{"richText":[{"type":"p","children":[{"text":"olhe as qualidade do produto "}]}]},"groupId":"gf4twt2qn6x6x4ns91hzwg3h"},{"id":"u9mznw0qx28f4fs0lz4aeqfs","type":"Wait","groupId":"gf4twt2qn6x6x4ns91hzwg3h","options":{"secondsToWaitFor":"2"}},{"id":"pdrskjn5ldr1q4ods40bawb3","type":"text","content":{"richText":[{"type":"p","children":[{"text":"São vários compartimentos onde você pode levar tudo que precisa "}]}]},"groupId":"gf4twt2qn6x6x4ns91hzwg3h"},{"id":"rdzyunwea70v1iffcardtx4u","type":"image","content":{"url":"https://s3.fr-par.scw.cloud/typebot/public/typebots/clk9pyihe003pm90fzfem5k5w/blocks/rdzyunwea70v1iffcardtx4u?v=1689781135463"},"groupId":"gf4twt2qn6x6x4ns91hzwg3h"},{"id":"fwn9su4x0yh3jeypa7yxhc1i","type":"Wait","groupId":"gf4twt2qn6x6x4ns91hzwg3h","options":{"secondsToWaitFor":"2"}},{"id":"iqoo9odpgiviffvj9wmb1mgl","type":"text","content":{"richText":[{"type":"p","children":[{"text":"tem tecnologia para bloqueio de aproximação do cartão de credito"}]}]},"groupId":"gf4twt2qn6x6x4ns91hzwg3h"},{"id":"if0ufnumt385s469vlmesjl3","type":"image","content":{"url":"https://s3.fr-par.scw.cloud/typebot/public/typebots/clk9pyihe003pm90fzfem5k5w/blocks/if0ufnumt385s469vlmesjl3?v=1689781787967"},"groupId":"gf4twt2qn6x6x4ns91hzwg3h"},{"id":"t7ip111puqrvk4c0d8xerz4p","type":"Wait","groupId":"gf4twt2qn6x6x4ns91hzwg3h","options":{"secondsToWaitFor":"1"}},{"id":"p8qddkgidg7w38vk3y1oflw7","type":"text","content":{"richText":[{"type":"p","children":[{"bold":true,"text":"✅"},{"text":" Material de couro"}]},{"type":"p","children":[{"bold":true,"text":"✅"},{"text":" Zip de metal"}]},{"type":"p","children":[{"bold":true,"text":"✅"},{"text":" Toda na costura"}]},{"type":"p","children":[{"bold":true,"text":"✅"},{"text":" Bolso interno para moedas"}]},{"type":"p","children":[{"text":""}]}]},"groupId":"gf4twt2qn6x6x4ns91hzwg3h"},{"id":"utfpab48s2l1nyvg99h18l0v","type":"image","content":{"url":"https://s3.fr-par.scw.cloud/typebot/public/typebots/clk9pyihe003pm90fzfem5k5w/blocks/utfpab48s2l1nyvg99h18l0v?v=1689782238859"},"groupId":"gf4twt2qn6x6x4ns91hzwg3h"},{"id":"kd97eu48q3qm0n8f2d5tvhod","type":"Wait","groupId":"gf4twt2qn6x6x4ns91hzwg3h","options":{"secondsToWaitFor":"3"},"outgoingEdgeId":"c68koi5pnf6t0iu7beelyk59"}],"graphCoordinates":{"x":1111.67,"y":-372.5}},{"id":"gurra9s6rr81nyv492sd7azj","title":"Group #7","blocks":[{"id":"rm9kei8yl5fztil60firibqy","type":"Wait","groupId":"gurra9s6rr81nyv492sd7azj","options":{"secondsToWaitFor":"1"}},{"id":"s2djohtyvnc4ml116ab2k53f","type":"text","content":{"richText":[{"type":"p","children":[{"text":"{{Nome do cliente}}. posso continuar?"}]}]},"groupId":"gurra9s6rr81nyv492sd7azj","outgoingEdgeId":"z0zfabxyido3863ubr7bg2ae"}],"graphCoordinates":{"x":1485,"y":-369.16}},{"id":"r0rswyxwa9i22mupxb6cgun8","title":"Group #8","blocks":[{"id":"ckszn1d8szhwjamm1wbhdptr","type":"choice input","items":[{"id":"i6y122avivm4p8r6l04au353","type":0,"blockId":"ckszn1d8szhwjamm1wbhdptr","content":"sim ","outgoingEdgeId":"opgamsw4d859lawxero572se"},{"id":"oxu910d9csba82jqkcbgluys","type":0,"blockId":"ckszn1d8szhwjamm1wbhdptr","content":"Não","outgoingEdgeId":"czzm8q9gyc7v1099ai39kfi7"}],"groupId":"r0rswyxwa9i22mupxb6cgun8","options":{"buttonLabel":"Send","isSearchable":false,"isMultipleChoice":false,"searchInputPlaceholder":"Filter the options..."}},{"id":"it2b95lnqoswvzulynp4qv0c","type":"text","content":{"richText":[{"type":"p","children":[{"text":"Só um segundo {{Nome do cliente}}. Vou enviar as fotos e cores para você escolher "}]}]},"groupId":"r0rswyxwa9i22mupxb6cgun8"},{"id":"xey91fe5u81lsiopjleclbty","type":"image","content":{"url":"https://s3.fr-par.scw.cloud/typebot/public/typebots/clk9pyihe003pm90fzfem5k5w/blocks/xey91fe5u81lsiopjleclbty?v=1689779973851"},"groupId":"r0rswyxwa9i22mupxb6cgun8"},{"id":"rzkkcxsjaa43kyz87av73cb5","type":"text","content":{"richText":[{"type":"p","children":[{"text":"Cor Marrom {{marrom}}"}]}]},"groupId":"r0rswyxwa9i22mupxb6cgun8"},{"id":"fq2fq9q3j16bmdfz3zs0qur7","type":"image","content":{"url":"https://s3.fr-par.scw.cloud/typebot/public/typebots/clk9pyihe003pm90fzfem5k5w/blocks/fq2fq9q3j16bmdfz3zs0qur7?v=1689780025976"},"groupId":"r0rswyxwa9i22mupxb6cgun8"},{"id":"e79bflqtsnly43t0e5264bqa","type":"text","content":{"richText":[{"type":"p","children":[{"text":"Cor Preta {{preta}}"}]}]},"groupId":"r0rswyxwa9i22mupxb6cgun8","outgoingEdgeId":"xr4k6mbk7wryyc92qhedu49k"}],"graphCoordinates":{"x":1469.33,"y":630.5}},{"id":"b69ixmgas4t3o74ttey34l9n","title":"Group #9","blocks":[{"id":"q3jlycb30wmeqh84yxicv3f0","type":"text","content":{"richText":[{"type":"p","children":[{"text":"Ok {{Nome do cliente}}. você vai perder a oportunidade de ganhar um Desconto Gigante "}]}]},"groupId":"b69ixmgas4t3o74ttey34l9n"},{"id":"ecs1ixix0haxr40au3b0uort","type":"text","content":{"richText":[{"type":"p","children":[{"bold":true,"text":"Você Ganha "}]},{"type":"p","children":[{"text":" "},{"bold":true,"text":"✅ "},{"text":"7 dias de Garantia "}]},{"type":"p","children":[{"text":" "},{"bold":true,"text":"✅ "},{"text":"30 dias para troca ou "}]},{"type":"p","children":[{"text":" "},{"bold":true,"text":"✅ "},{"text":"Devolução "}]},{"type":"p","children":[{"text":" "},{"bold":true,"text":"✅ "},{"text":"Entrega Grátis "}]},{"type":"p","children":[{"text":""}]}]},"groupId":"b69ixmgas4t3o74ttey34l9n"},{"id":"fbznpb1ufg93c8gefhp7lutw","type":"text","content":{"richText":[{"type":"p","children":[{"text":" {{Nome do cliente}}.voce e uma pessoa maravilha e eu vou te ajudar..."}]}]},"groupId":"b69ixmgas4t3o74ttey34l9n"},{"id":"n1l9u3zr5e88wui4cwjyo7cf","type":"text input","groupId":"b69ixmgas4t3o74ttey34l9n","options":{"isLong":false,"labels":{"button":"Send","placeholder":"Você tem interesse ?? "}}},{"id":"uddt3ychu94s0a6vzmzeo9pq","type":"Wait","groupId":"b69ixmgas4t3o74ttey34l9n","options":{"secondsToWaitFor":"5"}},{"id":"s2yqe7r894uc83lnowu1c8ze","type":"text","content":{"richText":[{"type":"p","children":[{"text":"Vou deixa o "},{"bold":true,"text":"desconto"},{"text":" aqui de "},{"bold":true,"text":"50%"},{"text":" Esolha uma das cores e continue ! "}]}]},"groupId":"b69ixmgas4t3o74ttey34l9n"},{"id":"jxc2974bh55i3eq2ohy7swxu","type":"choice input","items":[{"id":"h8safdghcpfj0bos8n5x4kso","type":0,"blockId":"jxc2974bh55i3eq2ohy7swxu","content":"MARROM","outgoingEdgeId":"r2dot7oze899gncld5cphgeg"},{"id":"jnvn33bdyu69qe5jubs41xmk","type":0,"blockId":"jxc2974bh55i3eq2ohy7swxu","content":"PRETA","outgoingEdgeId":"uqwpo8qk19dr2m82uqfezxe9"}],"groupId":"b69ixmgas4t3o74ttey34l9n","options":{"buttonLabel":"Send","isSearchable":false,"isMultipleChoice":false,"searchInputPlaceholder":"Filter the options..."}}],"graphCoordinates":{"x":1982.5,"y":-335}},{"id":"kl1wlolqg5sfv02gx4ddu9im","title":"Group #10","blocks":[{"id":"qaxg8qlw2a3y80fki9t7c5ou","type":"Redirect","groupId":"kl1wlolqg5sfv02gx4ddu9im","options":{"url":"https://pagamento.dezcont.com.br/checkout/80543724:1","isNewTab":false}}],"graphCoordinates":{"x":3540.42,"y":-371.58}},{"id":"q3lcc7ldnth219ws703alqne","title":"Group #11","blocks":[{"id":"kgcdpmdlr44lgw1kzspoldc9","type":"Redirect","groupId":"q3lcc7ldnth219ws703alqne","options":{"url":"https://pagamento.dezcont.com.br/checkout/80543723:1","isNewTab":false}}],"graphCoordinates":{"x":3637.92,"y":526.58}},{"id":"a6lrwsuq2kcz53cfz51u71oz","title":"Group #13","blocks":[{"id":"andt1ag1zx5gsflythpskc95","type":"choice input","items":[{"id":"wrczrqksw11k0k8389g9rto2","type":0,"blockId":"andt1ag1zx5gsflythpskc95","content":"sim","outgoingEdgeId":"kcmjqgkqdvgwacta63cxp8ql"},{"id":"j3pqbal0l663w6epdummudp7","type":0,"blockId":"andt1ag1zx5gsflythpskc95","content":"Não","outgoingEdgeId":"bgx9vb3r724f9o1g011jslbc"}],"groupId":"a6lrwsuq2kcz53cfz51u71oz","options":{"buttonLabel":"Send","isSearchable":false,"isMultipleChoice":false,"searchInputPlaceholder":"Filter the options..."}}],"graphCoordinates":{"x":1478.33,"y":-118.33}},{"id":"qtwsaq3in0gtp1a34suqzk1l","title":"Group #14","blocks":[{"id":"gq1vbql63y1p8cnoi6iysghz","type":"text","content":{"richText":[{"type":"p","children":[{"bold":true,"text":"Você Ganha 50% de Desconto "}]},{"type":"p","children":[{"text":" "},{"bold":true,"text":"✅ "},{"text":"7 dias de Garantia "}]},{"type":"p","children":[{"text":" "},{"bold":true,"text":"✅ "},{"text":"30 dias para troca ou "}]},{"type":"p","children":[{"text":" "},{"bold":true,"text":"✅ "},{"text":"Devolução "}]},{"type":"p","children":[{"text":" "},{"bold":true,"text":"✅ "},{"text":"Entrega Grátis "}]},{"type":"p","children":[{"text":""}]}]},"groupId":"qtwsaq3in0gtp1a34suqzk1l"},{"id":"gdg7b03oyz6bnthd23noyi7d","type":"Wait","groupId":"qtwsaq3in0gtp1a34suqzk1l","options":{"secondsToWaitFor":"5"}},{"id":"d6yy8tz3umw173ovkuxgt1a3","type":"text","content":{"richText":[{"type":"p","children":[{"text":"Você tem interesse ?"}]}]},"groupId":"qtwsaq3in0gtp1a34suqzk1l","outgoingEdgeId":"cpkqhb69rrfl4ry3q107xjhs"}],"graphCoordinates":{"x":1469.5,"y":204.5}},{"id":"nj0fzcuru9m5f7g9dxcww0tu","title":"Group #14","blocks":[{"id":"ybsyoevuj2u11ttm1zlkj1mu","type":"choice input","items":[{"id":"z8cu1si924nf5q4lztkzpn8v","type":0,"blockId":"ybsyoevuj2u11ttm1zlkj1mu","content":"{{Nome do cliente}}. Click Aqui para fazer o pedido","outgoingEdgeId":"awwdq2eaoz3as41kje5obaho"}],"groupId":"nj0fzcuru9m5f7g9dxcww0tu","options":{"buttonLabel":"Send","isSearchable":false,"isMultipleChoice":false,"searchInputPlaceholder":"Filter the options..."}}],"graphCoordinates":{"x":3203.08,"y":461.67}},{"id":"r6ritf2qnt43xbbockfcfb8x","title":"Group #15","blocks":[{"id":"upe6bb4cacf10sgoxowtnhpr","type":"choice input","items":[{"id":"wvb11v5h3afwbce3asuxbpsl","type":0,"blockId":"upe6bb4cacf10sgoxowtnhpr","content":"Click aqui Para Fazer o Pedido ","outgoingEdgeId":"xsr23g5z6xaqfks0c9d0tc92"}],"groupId":"r6ritf2qnt43xbbockfcfb8x","options":{"buttonLabel":"Send","isSearchable":false,"isMultipleChoice":false,"searchInputPlaceholder":"Filter the options..."}}],"graphCoordinates":{"x":2837.5,"y":-394.75}},{"id":"ql85xr9ck08mkdji6p4heyh7","title":"Group #17","blocks":[{"id":"u3f9uvkf5tltqdlt5bhbecyo","type":"text","content":{"richText":[{"type":"p","children":[{"bold":true,"text":"Gostou da cor ? "},{"text":"posso enviar o link para você concluir o pagamento e endereço de entrega ??"}]}]},"groupId":"ql85xr9ck08mkdji6p4heyh7","outgoingEdgeId":"lzgrb0littwifk1g18tqez75"}],"graphCoordinates":{"x":2778.17,"y":178.88}},{"id":"jvxoq4r3nfis1hsg87hj34j7","title":"Group #17 copy","blocks":[{"id":"phdrzwe3ynwvjac4zk6o1goj","type":"text","content":{"richText":[{"type":"p","children":[{"bold":true,"text":"Gostou da cor ? "},{"text":"posso enviar o link para você concluir o pagamento e endereço de entrega ??"}]}]},"groupId":"jvxoq4r3nfis1hsg87hj34j7","outgoingEdgeId":"wq78m8kfdpq4x68xi5g1ui2x"}],"graphCoordinates":{"x":2768.17,"y":-54.87}},{"id":"smbg6hvp67cy4awqeeriw8tg","title":"Group #18","blocks":[{"id":"jtz13ovivtuifq4sqgulo5qk","type":"choice input","items":[{"id":"qh2enotkze9vdaztsvno62nn","type":0,"blockId":"jtz13ovivtuifq4sqgulo5qk","content":"SIM EU QUERO 🥰","outgoingEdgeId":"plkvshy2gbh70g8yrli7xww5"},{"id":"l0b5l04cnvpteqqjzspquebq","type":0,"blockId":"jtz13ovivtuifq4sqgulo5qk","content":"NÃO"}],"groupId":"smbg6hvp67cy4awqeeriw8tg","options":{"buttonLabel":"Send","isSearchable":false,"isMultipleChoice":false,"searchInputPlaceholder":"Filter the options..."}}],"graphCoordinates":{"x":3195.67,"y":95.13}},{"id":"n9moyp3u7l7inbaqsys1uy1k","title":"Group #18 copy","blocks":[{"id":"i5heutfcjtuwgotl11ae7pix","type":"choice input","items":[{"id":"clhksb88ighllfcrrzioyc9a","type":0,"blockId":"i5heutfcjtuwgotl11ae7pix","content":"SIM EU QUERO 🥰","outgoingEdgeId":"amzkgrp6jmagaeq9vgudqc4e"},{"id":"foxxtvdsi89n8h0j12tnn6sq","type":0,"blockId":"i5heutfcjtuwgotl11ae7pix","content":"NÃO"}],"groupId":"n9moyp3u7l7inbaqsys1uy1k","options":{"buttonLabel":"Send","isSearchable":false,"isMultipleChoice":false,"searchInputPlaceholder":"Filter the options..."}}],"graphCoordinates":{"x":3171.92,"y":-203.62}}],"variables":[{"id":"vu0elxpeoe6kl4ls1z45uuvej","name":"Nome do cliente"}],"edges":[{"id":"y8oog0swpcnxntx9nbafmvaz","to":{"groupId":"fr76g9nvdg3fgc19njy0gaso"},"from":{"blockId":"t2n5p6jx0i3i7hazj3rthrgh","groupId":"w7ikouh9ajrkzua13xo3ruo4"}},{"id":"p6d48ntiyyf0ozcz4pdfr3ui","to":{"groupId":"syw1f9vptsz60zoj0bc1dp65"},"from":{"blockId":"jaigu47mzn5g11gwma3hmr50","groupId":"fr76g9nvdg3fgc19njy0gaso"}},{"id":"o7htsvv16h7gvqh0jlakbchb","to":{"groupId":"ancn3h1vik7uc1j9oeq4pkza"},"from":{"itemId":"p9iw1eqn3oo3yp8lpx7n17fe","blockId":"anauue92gjee9mo1fij70beo","groupId":"pjnbfxj55et16nhg3tbii5ff"}},{"id":"owa5f6e0xcm9t9he9x97bbf3","to":{"groupId":"b6oq9ya037do4z3r7rxwpxzl"},"from":{"itemId":"ocuzc7amxnj8vzantluzeclv","blockId":"anauue92gjee9mo1fij70beo","groupId":"pjnbfxj55et16nhg3tbii5ff"}},{"id":"hbq5ldcia3r61fncgit997f0","to":{"groupId":"gf4twt2qn6x6x4ns91hzwg3h"},"from":{"itemId":"opdtbgxylebehdo08dotpaae","blockId":"uw96ygyhwm3zhh4zpeqg6bc6","groupId":"syw1f9vptsz60zoj0bc1dp65"}},{"id":"ecik46vhwjscrnenoircw48f","to":{"groupId":"gf4twt2qn6x6x4ns91hzwg3h"},"from":{"itemId":"x2orsfjuzau014ug9t6i03s4","blockId":"uw96ygyhwm3zhh4zpeqg6bc6","groupId":"syw1f9vptsz60zoj0bc1dp65"}},{"id":"c68koi5pnf6t0iu7beelyk59","to":{"groupId":"gurra9s6rr81nyv492sd7azj"},"from":{"blockId":"kd97eu48q3qm0n8f2d5tvhod","groupId":"gf4twt2qn6x6x4ns91hzwg3h"}},{"id":"xr4k6mbk7wryyc92qhedu49k","to":{"blockId":"x8jktzg8hzanuq146ruxykxm","groupId":"pjnbfxj55et16nhg3tbii5ff"},"from":{"blockId":"e79bflqtsnly43t0e5264bqa","groupId":"r0rswyxwa9i22mupxb6cgun8"}},{"id":"r2dot7oze899gncld5cphgeg","to":{"groupId":"ancn3h1vik7uc1j9oeq4pkza"},"from":{"itemId":"h8safdghcpfj0bos8n5x4kso","blockId":"jxc2974bh55i3eq2ohy7swxu","groupId":"b69ixmgas4t3o74ttey34l9n"}},{"id":"uqwpo8qk19dr2m82uqfezxe9","to":{"groupId":"b6oq9ya037do4z3r7rxwpxzl"},"from":{"itemId":"jnvn33bdyu69qe5jubs41xmk","blockId":"jxc2974bh55i3eq2ohy7swxu","groupId":"b69ixmgas4t3o74ttey34l9n"}},{"id":"kcmjqgkqdvgwacta63cxp8ql","to":{"groupId":"qtwsaq3in0gtp1a34suqzk1l"},"from":{"itemId":"wrczrqksw11k0k8389g9rto2","blockId":"andt1ag1zx5gsflythpskc95","groupId":"a6lrwsuq2kcz53cfz51u71oz"}},{"id":"bgx9vb3r724f9o1g011jslbc","to":{"blockId":"q3jlycb30wmeqh84yxicv3f0","groupId":"b69ixmgas4t3o74ttey34l9n"},"from":{"itemId":"j3pqbal0l663w6epdummudp7","blockId":"andt1ag1zx5gsflythpskc95","groupId":"a6lrwsuq2kcz53cfz51u71oz"}},{"id":"z0zfabxyido3863ubr7bg2ae","to":{"groupId":"a6lrwsuq2kcz53cfz51u71oz"},"from":{"blockId":"s2djohtyvnc4ml116ab2k53f","groupId":"gurra9s6rr81nyv492sd7azj"}},{"id":"xsr23g5z6xaqfks0c9d0tc92","to":{"groupId":"kl1wlolqg5sfv02gx4ddu9im"},"from":{"itemId":"wvb11v5h3afwbce3asuxbpsl","blockId":"upe6bb4cacf10sgoxowtnhpr","groupId":"r6ritf2qnt43xbbockfcfb8x"}},{"id":"cpkqhb69rrfl4ry3q107xjhs","to":{"groupId":"r0rswyxwa9i22mupxb6cgun8"},"from":{"blockId":"d6yy8tz3umw173ovkuxgt1a3","groupId":"qtwsaq3in0gtp1a34suqzk1l"}},{"id":"czzm8q9gyc7v1099ai39kfi7","to":{"blockId":"q3jlycb30wmeqh84yxicv3f0","groupId":"b69ixmgas4t3o74ttey34l9n"},"from":{"itemId":"oxu910d9csba82jqkcbgluys","blockId":"ckszn1d8szhwjamm1wbhdptr","groupId":"r0rswyxwa9i22mupxb6cgun8"}},{"id":"opgamsw4d859lawxero572se","to":{"blockId":"it2b95lnqoswvzulynp4qv0c","groupId":"r0rswyxwa9i22mupxb6cgun8"},"from":{"itemId":"i6y122avivm4p8r6l04au353","blockId":"ckszn1d8szhwjamm1wbhdptr","groupId":"r0rswyxwa9i22mupxb6cgun8"}},{"id":"v7s1rveh86pf0l7ty0kq02b3","to":{"groupId":"ql85xr9ck08mkdji6p4heyh7"},"from":{"blockId":"wgug2p0lvaoufkgno4ooz8zm","groupId":"b6oq9ya037do4z3r7rxwpxzl"}},{"id":"awwdq2eaoz3as41kje5obaho","to":{"groupId":"q3lcc7ldnth219ws703alqne"},"from":{"itemId":"z8cu1si924nf5q4lztkzpn8v","blockId":"ybsyoevuj2u11ttm1zlkj1mu","groupId":"nj0fzcuru9m5f7g9dxcww0tu"}},{"id":"b9u7cotdcqbjt5wb4sf9cnfb","to":{"groupId":"jvxoq4r3nfis1hsg87hj34j7"},"from":{"blockId":"xaoue6jqcdzhr7x14i37vfnd","groupId":"ancn3h1vik7uc1j9oeq4pkza"}},{"id":"lzgrb0littwifk1g18tqez75","to":{"blockId":"jtz13ovivtuifq4sqgulo5qk","groupId":"smbg6hvp67cy4awqeeriw8tg"},"from":{"blockId":"u3f9uvkf5tltqdlt5bhbecyo","groupId":"ql85xr9ck08mkdji6p4heyh7"}},{"id":"plkvshy2gbh70g8yrli7xww5","to":{"groupId":"nj0fzcuru9m5f7g9dxcww0tu"},"from":{"itemId":"qh2enotkze9vdaztsvno62nn","blockId":"jtz13ovivtuifq4sqgulo5qk","groupId":"smbg6hvp67cy4awqeeriw8tg"}},{"id":"wq78m8kfdpq4x68xi5g1ui2x","to":{"blockId":"i5heutfcjtuwgotl11ae7pix","groupId":"n9moyp3u7l7inbaqsys1uy1k"},"from":{"blockId":"phdrzwe3ynwvjac4zk6o1goj","groupId":"jvxoq4r3nfis1hsg87hj34j7"}},{"id":"amzkgrp6jmagaeq9vgudqc4e","to":{"blockId":"upe6bb4cacf10sgoxowtnhpr","groupId":"r6ritf2qnt43xbbockfcfb8x"},"from":{"itemId":"clhksb88ighllfcrrzioyc9a","blockId":"i5heutfcjtuwgotl11ae7pix","groupId":"n9moyp3u7l7inbaqsys1uy1k"}}],"theme":{"chat":{"inputs":{"color":"#303235","backgroundColor":"#FFFFFF","placeholderColor":"#598E71"},"buttons":{"color":"#F7F8FF","backgroundColor":"#598E71"},"roundness":"medium","hostAvatar":{"url":"https://s3.fr-par.scw.cloud/typebot/public/typebots/clk9pyihe003pm90fzfem5k5w/hostAvatar?v=1689823359750","isEnabled":true},"guestAvatar":{"url":"https://s3.fr-par.scw.cloud/typebot/public/typebots/clk9pyihe003pm90fzfem5k5w/guestAvatar?v=1689773478986","isEnabled":false},"hostBubbles":{"color":"#303235","backgroundColor":"#F7F8FF"},"guestBubbles":{"color":"#FFFFFF","backgroundColor":"#598E71"}},"general":{"font":"Open Sans","background":{"type":"Image","content":"https://s3.fr-par.scw.cloud/typebot/public/typebots/cli88mae30010mh0f0yzjqn48/background?v=1685470080750"}},"customCss":".typebot-chat-view > .flex:first-child {\n    padding-top: 30px;\n}\n\n.typebot-input {\n    position: fixed;\n    bottom: 0;\n    align-items: center;\n    z-index: 999;\n    right: 0;\n}\n\n.typebot-input .typebot-button {\n    background: #008a7c;\n    border-radius: 50%;\n    color: #fff;\n    position: relative;\n    width: 50px;\n    height: 50px;\n    display: flex;\n    align-items: center;\n    justify-content: center;\n}\n\n.typebot-container {\n    background-size: initial!important;\n    background-repeat: repeat-x!important;\n}\n\n.typebot-host-bubble>.bubble-typing {\n  border-radius: 0 5px 5px 5px;\n}\n\n.typebot-host-bubble>.bubble-typing:after {\n    position: absolute;\n    content: \"\";\n    width: 0;\n    height: 0;\n    border-style: solid;\n    border-width: 0px 10px 10px 0;\n    border-color: transparent #fff transparent transparent;\n    top: 0;\n    left: -10px;\n}\n\n.typebot-guest-bubble {\n  position: relative;\n  border-radius: 5px 0 5px 5px;\n}\n\n.typebot-guest-bubble:after {\n  position: absolute;\n  content: \"\";\n  width: 0;\n  height: 0;\n  border-style: solid;\n}\n\n.typebot-guest-bubble:after {\n    border-width: 0px 0 10px 10px;\n    border-color: transparent transparent transparent #e1ffc7;\n    top: 0;\n    right: -10px;\n    border-style: solid;\n}\n\niframe[src=\"\"] {\n  position: fixed;\n  top: 0;\n  left: 0;\n  display: relative;\n  width: 100%;\n  height: 100% !important;\n  z-index: 999999;\n  border: none;\n  padding: 0;\n  margin: 0;\n}\n\na#lite-badge {\n  display: none!important;\n}"},"settings":{"general":{"rememberUser":{"isEnabled":false},"isBrandingEnabled":true,"isInputPrefillEnabled":true,"isHideQueryParamsEnabled":true},"metadata":{"title":"WhatsApp Web","imageUrl":"https://s3.fr-par.scw.cloud/typebot/public/typebots/clk9pyihe003pm90fzfem5k5w/ogImage?v=1689823389465","favIconUrl":"https://s3.fr-par.scw.cloud/typebot/public/typebots/clk9pyihe003pm90fzfem5k5w/favIcon?v=1689823516198","description":"Atendimento com a Claudia","customHeadCode":"<!-- Facebook Pixel Code -->\n<script>\n   !function(f,b,e,v,n,t,s)\n  {if(f.fbq)return;n=f.fbq=function(){n.callMethod?\n    n.callMethod.apply(n,arguments):n.queue.push(arguments)};\n    if(!f._fbq)f._fbq=n;n.push=n;n.loaded=!0;n.version='2.0';\n    n.queue=[];t=b.createElement(e);t.async=!0;\n    t.src=v;s=b.getElementsByTagName(e)[0];\n    s.parentNode.insertBefore(t,s)}(window, document,'script',\n    'https://connect.facebook.net/en_US/fbevents.js');\n    fbq('init', '3368480620037315');\n    fbq('track', 'PageView');\n    fbq('track', 'ViewContent');\n \n</script>\n<!-- End Facebook Pixel Code -->\n<link rel=\"stylesheet\" href=\"https://cdnjs.cloudflare.com/ajax/libs/material-design-iconic-font/2.2.0/css/material-design-iconic-font.min.css\">\n<style>\n.hide {\n    display: none!important;\n  }\n  typebot-standard {\n    position: relative;\n    z-index: 9999;\n  }\n  #__next {\n    position: relative;\n    z-index: 9999;\n}\n  /* User Bar */\n.user-bar {\n  width: 100%;\n  height: 55px;\n  background: #005e54;\n  color: #fff;\n  padding: 0;\n  font-size: 24px;\n  position: fixed;\n  z-index: 99999;\n  display: block;\n  top: 0;\n}\n\n.user-bar:after {\n  content: \"\";\n  display: table;\n  clear: both;\n}\n\n.user-bar div {\n    float: left;\n    transform: translateY(-50%);\n    position: relative;\n    top: 50%;\n    margin-left: 10px;\n}\n\n.user-bar .actions {\n  float: right;\n  margin: 0 0 0 20px;\n}\n\n.user-bar .actions.more {\n  margin: 0 12px 0 32px;\n}\n\n.user-bar .actions.attachment {\n  margin: 0 0 0 30px;\n}\n\n.user-bar .actions.attachment i {\n  display: block;\n  transform: rotate(-45deg);\n}\n\n.user-bar .avatar {\n  margin: 0 0 0 5px;\n  width: 36px;\n  height: 36px;\n}\n\n.user-bar .avatar img {\n  border-radius: 50%;\n  box-shadow: 0 1px 0 rgba(255, 255, 255, 0.1);\n  display: block;\n  width: 100%;\n}\n\n.user-bar .name {\n  font-size: 17px;\n  font-weight: 600;\n  text-overflow: ellipsis;\n  letter-spacing: 0.3px;\n  margin: 0 0 0 8px;\n  overflow: hidden;\n  white-space: nowrap;\n  width: 150px;\n}\n\n.user-bar .status {\n  display: block;\n  font-size: 13px;\n  font-weight: 400;\n  letter-spacing: 0;\n}\n</style>\n\n<script>\nfunction criarBarra() {\n  var userBar = document.createElement(\"div\");\n  userBar.className = \"user-bar\";\n\n  var backButton = document.createElement(\"div\");\n  backButton.className = \"back\";\n  backButton.innerHTML = '<i class=\"zmdi zmdi-arrow-left\"></i>';\n\n  var avatar = document.createElement(\"div\");\n  avatar.className = \"avatar\";\n  avatar.innerHTML = '<https://s3.fr-par.scw.cloud/typebot/public/typebots/clk9pyihe003pm90fzfem5k5w/guestAvatar?v=1689773478986>';\n\n  var name = document.createElement(\"div\");\n  name.className = \"name\";\n  name.innerHTML = '<span>Claudia Atendente </span><span class=\"status\">online</span>';\n\n  var moreActions = document.createElement(\"div\");\n  moreActions.className = \"actions more\";\n  moreActions.innerHTML = '<i class=\"zmdi zmdi-more-vert\"></i>';\n\n  var attachmentAction = document.createElement(\"div\");\n  attachmentAction.className = \"actions attachment\";\n  attachmentAction.innerHTML = '<i class=\"zmdi zmdi-attachment-alt\"></i>';\n\n  var phoneAction = document.createElement(\"div\");\n  phoneAction.className = \"actions\";\n  phoneAction.innerHTML = '<i class=\"zmdi zmdi-phone\"></i>';\n\n  userBar.appendChild(backButton);\n  userBar.appendChild(avatar);\n  userBar.appendChild(name);\n  userBar.appendChild(moreActions);\n  userBar.appendChild(attachmentAction);\n  userBar.appendChild(phoneAction);\n\n  var elementoPai = document.querySelector(\"#__next\");\n  if (elementoPai) {\n    elementoPai.insertBefore(userBar, elementoPai.firstChild);\n  }\n}\n\ncriarBarra();\n</script>\n"},"typingEmulation":{"speed":300,"enabled":true,"maxDelay":1.5}}}