{"id":"clirydf0f002ml60f86y47t60","version":"3","groups":[{"id":"mh7ch2789cukyyx98qrj9t3i","title":"Start","blocks":[{"id":"clduye5rg000a08jk9ss65wjd","type":"start","label":"Start","groupId":"mh7ch2789cukyyx98qrj9t3i","outgoingEdgeId":"fza66s5e75459q29car2m6dx"}],"graphCoordinates":{"x":-564.73,"y":-115.3}},{"id":"fcd0tg21cga5b4s3e6lp0gle","title":"Dono?","blocks":[{"id":"clduyz6fb0015356i5sard4f4","type":"text","content":{"richText":[{"type":"p","children":[{"text":"Bem-vindo ao processo de inscrição para a sua sessão estratégica, onde iremos desenhar na sua instituição de ensino o"},{"bold":true,"text":" Gerador de Matrículas 4.0"},{"text":", uma metodologia totalmente validada com nossos clientes e capaz de gerar de"},{"bold":true,"text":" 2 a 5 matrículas toda semana."}]}]},"groupId":"fcd0tg21cga5b4s3e6lp0gle"},{"id":"ks27cyl0r6j2n0i0l1f6ofhy","type":"text","content":{"richText":[{"type":"p","children":[{"text":"Esta é uma sessão gratuita exclusiva para diretores (as) de e gestores (as) escolas, cursos ou instituições de ensino que enfrentam problemas na captação de matrículas. Aplique apenas se for o seu caso.\n"}]}]},"groupId":"fcd0tg21cga5b4s3e6lp0gle"},{"id":"x3lleo38cae769ub0zcnogm3","type":"text","content":{"richText":[{"type":"p","children":[{"text":"IMPORTANTE: A aplicação através deste formulário não garante sua vaga. Vamos analisar cuidadosamente as aplicações e aceitar apenas quem tem capacidade máxima de tirar valor desta sessão estratégica gratuita."}]}]},"groupId":"fcd0tg21cga5b4s3e6lp0gle"},{"id":"clduz0afr001a356ijc3fehcu","type":"choice input","items":[{"id":"clduz0afr001b356irppjpumh","type":0,"blockId":"clduz0afr001a356ijc3fehcu","content":"Aperte para iniciar","outgoingEdgeId":"w06u2ovfmyccmjmpro4ei1h2"}],"groupId":"fcd0tg21cga5b4s3e6lp0gle","options":{"buttonLabel":"Send","isMultipleChoice":false}}],"graphCoordinates":{"x":83.22,"y":-122.07}},{"id":"li5lgc0c40b5z0h07hxfozug","title":"Nome:","blocks":[{"id":"advdfbb3gib2yl60kl2um1ks","type":"text","content":{"html":"<div>Qual seu primeiro nome?</div>","richText":[{"type":"p","children":[{"text":"Qual seu primeiro nome?"}]}],"plainText":"Qual seu primeiro nome?"},"groupId":"li5lgc0c40b5z0h07hxfozug"},{"id":"clduz2fcn001g356idjp9ze53","type":"text input","groupId":"li5lgc0c40b5z0h07hxfozug","options":{"isLong":false,"labels":{"button":"Enviar","placeholder":"Digite seu nome..."},"variableId":"vclduz2syo001h356i56e8glxn"},"outgoingEdgeId":"p5sg1fhkw4dj9vnklhgzl2i6"}],"graphCoordinates":{"x":439.97,"y":-123.13}},{"id":"e0g2bdz4rfwnkozijhyang88","title":"Email:","blocks":[{"id":"clduz3g0y001j356ir6psk9b9","type":"text","content":{"html":"<div>{{Nome}} qual seu melhor e-mail? </div>","richText":[{"type":"p","children":[{"text":"{{Nome}} qual seu melhor e-mail? "}]}],"plainText":"{{Nome}} qual seu melhor e-mail? "},"groupId":"e0g2bdz4rfwnkozijhyang88"},{"id":"m4nnjdougvndspgy82rcxg3p","type":"text","content":{"html":"<div>(você irá receber o acesso ao link da sessão estratégica através dele)</div>","richText":[{"type":"p","children":[{"text":"(você irá receber o acesso ao link da sessão estratégica através dele)"}]}],"plainText":"(você irá receber o acesso ao link da sessão estratégica através dele)"},"groupId":"e0g2bdz4rfwnkozijhyang88"},{"id":"clduz6wdr001n356ibne70yp4","type":"email input","groupId":"e0g2bdz4rfwnkozijhyang88","options":{"labels":{"button":"Enviar","placeholder":"Digite o seu e-mail..."},"variableId":"vclduzjmkg001y356iki74ytvn","retryMessageContent":"Hmm, isso não parece ser um e-mail válido!"},"outgoingEdgeId":"n9ub52kk2b332l52e934llnf"}],"graphCoordinates":{"x":1535.7,"y":-55.05}},{"id":"a2a0w19uxgoljrawxxhnhgq0","title":"Telefone:","blocks":[{"id":"clduzgw48001u356i7tug0ztx","type":"text","content":{"html":"<div>Show {{Nome}}!</div>","richText":[{"type":"p","children":[{"text":"Show {{Nome}}!"}]}],"plainText":"Show {{Nome}}!"},"groupId":"a2a0w19uxgoljrawxxhnhgq0"},{"id":"clduzhsm0001v356icjefqwv6","type":"text","content":{"html":"<div>E qual o seu melhor número para contato? </div>","richText":[{"type":"p","children":[{"text":"E qual o seu melhor número para contato? "}]}],"plainText":"E qual o seu melhor número para contato? "},"groupId":"a2a0w19uxgoljrawxxhnhgq0"},{"id":"t875qu6d68d764f19soh0w7k","type":"text","content":{"html":"<div>(nosso especialista entrará em contato através dele)</div>","richText":[{"type":"p","children":[{"text":"(nosso especialista entrará em contato através dele)"}]}],"plainText":"(nosso especialista entrará em contato através dele)"},"groupId":"a2a0w19uxgoljrawxxhnhgq0"},{"id":"gqz69606w0m5ruu4kcwavbrd","type":"phone number input","groupId":"a2a0w19uxgoljrawxxhnhgq0","options":{"labels":{"button":"Enviar","placeholder":"Digite seu Número..."},"variableId":"vclduzjgw8001x356iumqf3apk","defaultCountryCode":"BR","retryMessageContent":"Esse número de telefone parece não ser válido. Por favor, tente novamente."},"outgoingEdgeId":"o05fsaxuhwe631bddtokow68"}],"graphCoordinates":{"x":795.12,"y":-119.57}},{"id":"dwjvkn9ld78dsfcpqy9co3iw","title":"Numero certo","blocks":[{"id":"clduzk4wg0021356i22568zpu","type":"text","content":{"html":"<div>{{Nome}} o número {{Numero}} está correto?</div>","richText":[{"type":"p","children":[{"text":"{{Nome}} o número {{Numero}} está correto?"}]}],"plainText":"{{Nome}} o número {{Numero}} está correto?"},"groupId":"dwjvkn9ld78dsfcpqy9co3iw"},{"id":"clduzl1mj0025356i6o293mmv","type":"choice input","items":[{"id":"clduzl1mk0026356iq2bu6m0e","type":0,"blockId":"clduzl1mj0025356i6o293mmv","content":"Sim, está correto!","outgoingEdgeId":"vn4cl7b2oqn9gxdbnk5ig2tj"},{"id":"clduzl8wg0027356iw3eej2jm","type":0,"blockId":"clduzl1mj0025356i6o293mmv","content":"Não, preciso editar!","outgoingEdgeId":"bn8zivcgghvwj374mxjc2vwm"}],"groupId":"dwjvkn9ld78dsfcpqy9co3iw","options":{"buttonLabel":"Send","isMultipleChoice":false}}],"graphCoordinates":{"x":1193.47,"y":-117.57}},{"id":"fnm82bupm5flw6uuyytgm379","title":"Group #6","blocks":[{"id":"clduzlv2g002a356ikszd2wwa","type":"text","content":{"html":"<div>{{Nome}} estamos quase lá!</div>","richText":[{"type":"p","children":[{"text":"{{Nome}} estamos quase lá!"}]}],"plainText":"{{Nome}} estamos quase lá!"},"groupId":"fnm82bupm5flw6uuyytgm379"},{"id":"clduzmxdk002c356iji5g4zej","type":"text","content":{"richText":[{"type":"p","children":[{"text":"Qual o site da sua instituição de ensino? Se não tiver, pode deixar o @ do instagram."}]}]},"groupId":"fnm82bupm5flw6uuyytgm379"},{"id":"mmwkzgbt95pa74ouxegmbu4p","type":"text input","groupId":"fnm82bupm5flw6uuyytgm379","options":{"isLong":false,"labels":{"button":"Enviar","placeholder":"Digite aqui..."},"variableId":"vclduzoc68002e356iwtb4au8v"},"outgoingEdgeId":"ejmvgq9euu53zkeej8zcezc5"}],"graphCoordinates":{"x":1866,"y":-51}},{"id":"ezhfxsblx2kplfklstmptlou","title":"Faturamento","blocks":[{"id":"clduzoowp002g356i0yqicg6a","type":"text","content":{"richText":[{"type":"p","children":[{"text":"Qual o "},{"bold":true,"text":"faturamento mensal"},{"text":" da sua instituição de Ensino?"}]}]},"groupId":"ezhfxsblx2kplfklstmptlou"},{"id":"clduzpdu8002h356i3pfvs6m1","type":"choice input","items":[{"id":"jg654b8owr03g5rxrht66r9k","type":0,"blockId":"clduzpdu8002h356i3pfvs6m1","content":"Ainda não tenho faturamento","outgoingEdgeId":"coxj6qm7st4re39rdh6yon9x"},{"id":"a0tmvv9n7kxrgt4il742v6qt","type":0,"blockId":"clduzpdu8002h356i3pfvs6m1","content":"De R$1,00 a R$999,00","outgoingEdgeId":"vdzwhmuzrof6bltfk0q8yjyk"},{"id":"tbz5nppe5oeysprktlyqbw09","type":0,"blockId":"clduzpdu8002h356i3pfvs6m1","content":"De R$1.000,00 a R$4.999,00","outgoingEdgeId":"qh6i5567afszbgkhaifwasck"},{"id":"otxjtpzdw2r6yn0hs8mvo8in","type":0,"blockId":"clduzpdu8002h356i3pfvs6m1","content":"De R$5.000,00 a R$19.999,00","outgoingEdgeId":"twigr5irkswkwjhp55th53b9"},{"id":"fyrf5m95jy8d543vkp3ddubf","type":0,"blockId":"clduzpdu8002h356i3pfvs6m1","content":"De R$20.000,00 a R$49.999,00","outgoingEdgeId":"nfwgfakdutawh38pmwxm0c7o"},{"id":"n4pj8rlxnxuaotsqiytzladd","type":0,"blockId":"clduzpdu8002h356i3pfvs6m1","content":"De R$50.000,00 a R$149.999,00","outgoingEdgeId":"iuqkg8qnmeuc5h5sx0dmeeup"},{"id":"z4a1m99ycbk4t3u26ukqwb2d","type":0,"blockId":"clduzpdu8002h356i3pfvs6m1","content":"De R$150.000,00 a R$299.999,00","outgoingEdgeId":"f100v7y7zcj2hqs21rurb35z"},{"id":"dzq0f78jlzht4ckw5fue3rdk","type":0,"blockId":"clduzpdu8002h356i3pfvs6m1","content":"De R$300.000,00 a R$999.999,00","outgoingEdgeId":"wa1nk2vxptmgsyqnewahxsph"},{"id":"p6mdx88p0nwv6vuhj1cz0zxg","type":0,"blockId":"clduzpdu8002h356i3pfvs6m1","content":"De R$1.000.000,00 a R$4.999.999,00","outgoingEdgeId":"e9cyzkwtu4fdgi1odiko38i5"},{"id":"k3zbvmif5nyc8l9xhod3nv55","type":0,"blockId":"clduzpdu8002h356i3pfvs6m1","content":"Mais de R$5.000.000,00","outgoingEdgeId":"f44z3am7i9uzznv8k0s1ieh5"}],"groupId":"ezhfxsblx2kplfklstmptlou","options":{"variableId":"vzpb61uuamehpkllug2pdb06l","buttonLabel":"Send","isMultipleChoice":false}}],"graphCoordinates":{"x":2226.17,"y":-49.33}},{"id":"hwgm01o6p97ioigyn6na68r9","title":"Investimento","blocks":[{"id":"ir6y503bfl51bm8jokuyton8","type":"text","content":{"richText":[{"type":"p","children":[{"text":"Certo! E me diz uma coisa:"}]}]},"groupId":"hwgm01o6p97ioigyn6na68r9"},{"id":"clduzu8s8002u356il5yt14t1","type":"text","content":{"richText":[{"type":"p","children":[{"bold":true,"text":"{{Nome}} se você tiver a solução perfeita para aumentar as suas matrículas, quanto está disposto a investir por mês?"}]}]},"groupId":"hwgm01o6p97ioigyn6na68r9"},{"id":"clduzvmvk0031356iwexbyd50","type":"choice input","items":[{"id":"clduzvmvl0032356iitw9yes6","type":0,"blockId":"clduzvmvk0031356iwexbyd50","content":"Menos de R$2.800,00","outgoingEdgeId":"iq517bgrxv4u6g00yfits6yv"},{"id":"clduzwiqv0033356ijs0xyqv7","type":0,"blockId":"clduzvmvk0031356iwexbyd50","content":"De R$2.800,00 a R$3.999,00","outgoingEdgeId":"j1va8l93zfbd7eh4hb4l9nz6"},{"id":"cldv1fjcj007n356iwim7d6ef","type":0,"blockId":"clduzvmvk0031356iwexbyd50","content":"De R$4.000,00 a R$6.499,00","outgoingEdgeId":"kli97yq0mqcowi0s2i31o56k"},{"id":"clduzy8wp0035356ifvfdlkk4","type":0,"blockId":"clduzvmvk0031356iwexbyd50","content":"De R$6.500,00 a R$10.000,00","outgoingEdgeId":"n8gsa121ebe07m04st2u647j"},{"id":"clduzz40h0036356i7r1ut2pd","type":0,"blockId":"clduzvmvk0031356iwexbyd50","content":"De R$10.000,00 a R$24.999,00","outgoingEdgeId":"ggsvjaozqkbew82w8jvk3tlg"},{"id":"cxeeghvvf6clw0ywdd06unmq","type":0,"blockId":"clduzvmvk0031356iwexbyd50","content":"Acima de R$25.000","outgoingEdgeId":"m711d4cllbvl3kijgy5g0bng"}],"groupId":"hwgm01o6p97ioigyn6na68r9","options":{"variableId":"vdctet6jcyhxbigwa89oleyov","buttonLabel":"Send","isMultipleChoice":false}}],"graphCoordinates":{"x":3109.08,"y":223.63}},{"id":"sy78kswpbb5e85shfr3286ay","title":"Sem Faturamento","blocks":[{"id":"lrp416864fn2qq6tdl9mnhk0","type":"text","content":{"richText":[{"type":"p","children":[{"text":"Vish... foi mal :/"}]}]},"groupId":"sy78kswpbb5e85shfr3286ay"},{"id":"oaf2ttt541dz8q1yy8jft534","type":"text","content":{"richText":[{"type":"p","children":[{"text":"Infelizmente não consigo te ajudar hoje. A minha metodologia só faz sentido para quem já tem uma instituição em funcionamento."}]}]},"groupId":"sy78kswpbb5e85shfr3286ay"},{"id":"m9190ja18zffv7js9iznmhf1","type":"text","content":{"richText":[{"type":"p","children":[{"text":"Mas pra entender... de 0 a 10 o quanto você considera que sua instituição está pronta para receber novas matrículas?"}]}]},"groupId":"sy78kswpbb5e85shfr3286ay"},{"id":"yif5777rupn182bail6n38rn","type":"rating input","groupId":"sy78kswpbb5e85shfr3286ay","options":{"labels":{"left":"pouco...","right":"muito!","button":"Send"},"length":10,"buttonType":"Numbers","customIcon":{"isEnabled":false},"variableId":"vbgucp9c0l8rs3swd41rpwq0z","isOneClickSubmitEnabled":true},"outgoingEdgeId":"en4gl36ys2kwj7bo10mljg57"}],"graphCoordinates":{"x":2508.84,"y":-908.14}},{"id":"f6l5tczxqt3v0ky9rpalaaax","title":"Faturamento Baixo","blocks":[{"id":"d34hibwdf21p74iorolp3l40","type":"text","content":{"richText":[{"type":"p","children":[{"text":"Especificamente, no último mês, você tinha quantos alunos matrículados?"}]}]},"groupId":"f6l5tczxqt3v0ky9rpalaaax"},{"id":"gee7yjjel6a9ouiehqdfc4di","type":"choice input","items":[{"id":"okhgrqa9vrzbakq6xpdd379y","type":0,"blockId":"gee7yjjel6a9ouiehqdfc4di","content":"1 a 30","outgoingEdgeId":"j5h9hzeh85phsu34b0o6pmri"},{"id":"jozf86trjp589m262opz9mkl","type":0,"blockId":"gee7yjjel6a9ouiehqdfc4di","content":"30 a 100","outgoingEdgeId":"injsrd2g88llphqnsu6bl9ty"},{"id":"vch5n71gtqv0qlif8x6qj5ra","type":0,"blockId":"gee7yjjel6a9ouiehqdfc4di","content":"100 a 250","outgoingEdgeId":"twilzwv72zbtnlee3iia93n0"},{"id":"fuid2h7v5ixvc5r5psf0jqqx","type":0,"blockId":"gee7yjjel6a9ouiehqdfc4di","content":"Mais de 250","outgoingEdgeId":"ikri0kuxy2rbrubjskdkwzgx"}],"groupId":"f6l5tczxqt3v0ky9rpalaaax","options":{"buttonLabel":"Send","isSearchable":false,"isMultipleChoice":false,"searchInputPlaceholder":"Filter the options..."}}],"graphCoordinates":{"x":2731.42,"y":-298.27}},{"id":"jla433847qo3fejkgy02jq3j","title":"Pq Vc","blocks":[{"id":"d6v8rs21ktsvojuw1l7w7zpx","type":"text","content":{"richText":[{"type":"p","children":[{"text":"Show, entendi."}]}]},"groupId":"jla433847qo3fejkgy02jq3j"},{"id":"rh7vnuogvmql6psc88rkjghk","type":"text","content":{"richText":[{"type":"p","children":[{"text":"Bom, pelo que analisei os dados que tu me passou não sei se você é o perfil que mais posso gerar valor. Me conta: porque eu deveria te ajudar?\n"}]}]},"groupId":"jla433847qo3fejkgy02jq3j"},{"id":"br6bx8mkai4suns3xho5qfsj","type":"text input","groupId":"jla433847qo3fejkgy02jq3j","options":{"isLong":false,"labels":{"button":"Enviar","placeholder":"Por que você?"},"variableId":"vfvil7kaztvhrfjcqz6iq4hi9"},"outgoingEdgeId":"ppce24w85621lswakt83o9jf"}],"graphCoordinates":{"x":4745.11,"y":-1103.16}},{"id":"xwvzp7ypdh8jlrz1acsc6ncd","title":"Por que nós?","blocks":[{"id":"bynpsz66m6lqcm94m6ursz1b","type":"text","content":{"richText":[{"type":"p","children":[{"text":"Show... Estamos quase acabando… "},{"bold":true,"text":"FIQUE COMIGO"},{"text":"!"}]}]},"groupId":"xwvzp7ypdh8jlrz1acsc6ncd"},{"id":"z1djzv6sd2unsfefa5gb92cw","type":"text","content":{"richText":[{"type":"p","children":[{"text":"{{Nome}} por que você acredita que receber minha ajuda é a oportunidade ideal para você e para o crescimento do seu negócio? \n"}]}]},"groupId":"xwvzp7ypdh8jlrz1acsc6ncd"},{"id":"nmcsxqsnielupg06y1s7j6j6","type":"text","content":{"richText":[{"type":"p","children":[{"text":"Tipo... várias pessoas ensinando aí espalhados na internet, porque nós?"}]}]},"groupId":"xwvzp7ypdh8jlrz1acsc6ncd"},{"id":"p60p323ntw036ftxbiug1uqp","type":"text input","groupId":"xwvzp7ypdh8jlrz1acsc6ncd","options":{"isLong":false,"labels":{"button":"Send","placeholder":"Type your answer..."},"variableId":"vavi605myj0v76ro23gua2jay"},"outgoingEdgeId":"xizsjjy2626nldhe4g0nhegm"}],"graphCoordinates":{"x":4751.68,"y":233.82}},{"id":"q0djj8buaf7pcakfuotqxsiy","title":"Por que Você?","blocks":[{"id":"pucd1qfq804nnubqo7u3134b","type":"text","content":{"richText":[{"type":"p","children":[{"text":"Certo, entendi"}]}]},"groupId":"q0djj8buaf7pcakfuotqxsiy"},{"id":"jkv8ijpuybsyz3rn3sjaj5j2","type":"text","content":{"richText":[{"type":"p","children":[{"text":"E assim, essa sessão não é pra todo mundo. Escreva abaixo o porque eu deveria escolher você entre os interessados!"}]}]},"groupId":"q0djj8buaf7pcakfuotqxsiy"},{"id":"zamj49p4ix1r1j1can7bau28","type":"text input","groupId":"q0djj8buaf7pcakfuotqxsiy","options":{"isLong":false,"labels":{"button":"Enviar","placeholder":"Por que você?"},"variableId":"vfvil7kaztvhrfjcqz6iq4hi9"},"outgoingEdgeId":"tz15cwrtvwf0togq9m8h2rcs"}],"graphCoordinates":{"x":5111.26,"y":260.4}},{"id":"eqih9wlmvuevm2m635vlh9tg","title":"Finalização - Sem Faturamento","blocks":[{"id":"mwabjva34evyt0b00p2sraq0","type":"text","content":{"richText":[{"type":"p","children":[{"text":"Maravilha. Vou pensar se consigo te ajudar em algo, e caso eu consiga, entro em contato."}]}]},"groupId":"eqih9wlmvuevm2m635vlh9tg"},{"id":"quojtizqhbp6yyyz206vynsw","type":"text","content":{"richText":[{"type":"p","children":[{"text":"Tmj"}]}]},"groupId":"eqih9wlmvuevm2m635vlh9tg"},{"id":"rg1lgadtmt0n2ljzg0evxqav","type":"text","content":{"richText":[{"type":"p","children":[{"text":"Abs!"}]}]},"groupId":"eqih9wlmvuevm2m635vlh9tg"}],"graphCoordinates":{"x":3357.48,"y":-984.31}},{"id":"rurcdxu78j2sfq6pgh48nx2p","title":"Finalização - Sem Faturamento copy","blocks":[{"id":"idyfw05ccteh1315yic6o10n","type":"text","content":{"richText":[{"type":"p","children":[{"text":"Show. Vou pensar se consigo te ajudar em algo..."}]}]},"groupId":"rurcdxu78j2sfq6pgh48nx2p"},{"id":"m7nd1sz2gw8l3lihzq7p0ulk","type":"text","content":{"richText":[{"type":"p","children":[{"text":"Caso eu consiga, entro em contato."}]}]},"groupId":"rurcdxu78j2sfq6pgh48nx2p"},{"id":"ccfzcd2nhdrq4qd9bh5borb5","type":"text","content":{"richText":[{"type":"p","children":[{"text":"Tmj"}]}]},"groupId":"rurcdxu78j2sfq6pgh48nx2p"}],"graphCoordinates":{"x":5361.93,"y":-594.89}},{"id":"lvebrtj7ef1y6vnk5crcm7e9","title":"Buyer Journey","blocks":[{"id":"cnj547ssasep6902mlyh41pb","type":"text","content":{"richText":[{"type":"p","children":[{"text":"Certo {{Nome}} e pra eu entender um pouco mais sobre teu cenário..."}]}]},"groupId":"lvebrtj7ef1y6vnk5crcm7e9"},{"id":"cldv035te003k356ih1xvwelw","type":"text","content":{"richText":[{"type":"p","children":[{"bold":true,"text":"Qual das opções abaixo melhor descreve seu momento atual?"}]}]},"groupId":"lvebrtj7ef1y6vnk5crcm7e9"},{"id":"cldv03kxc003l356ik7d1bf0h","type":"choice input","items":[{"id":"cldv03kxd003m356ifungdpiu","type":0,"blockId":"cldv03kxc003l356ik7d1bf0h","content":"Ouvi falar que marketing digital pode ajudar meu negócio","outgoingEdgeId":"azp4yistzyzvtt55dyywf911"},{"id":"cldv040nf003n356i9m4s2742","type":0,"blockId":"cldv03kxc003l356ik7d1bf0h","content":"Acredito que marketing digital é bom p/ o meu negócio, mas preciso saber mais","outgoingEdgeId":"dhzgf2oahasjtfg2ofic9x07"},{"id":"cldv04855003o356i2qmezgn7","type":0,"blockId":"cldv03kxc003l356ik7d1bf0h","content":"Estou escolhendo uma empresa de marketing digital para contratar","outgoingEdgeId":"xlew8ic39pl38bpuvcbgoenw"}],"groupId":"lvebrtj7ef1y6vnk5crcm7e9","options":{"variableId":"vfwizjfi5f2qg44i82i4seiso","buttonLabel":"Send","isMultipleChoice":false}}],"graphCoordinates":{"x":4091.06,"y":827.51}},{"id":"jsmee6xxfqo81kofm62re34v","title":"Investe < 2 Mil","blocks":[{"id":"ngom4n81kv7b4yc2jx914n9w","type":"text","content":{"richText":[{"type":"p","children":[{"text":"Olha, considerando todas as ferramentas necessárias para aplicação da metodologia"}]}]},"groupId":"jsmee6xxfqo81kofm62re34v"},{"id":"m6q474v8lq1ebo2st4o9qxk6","type":"text","content":{"richText":[{"type":"p","children":[{"text":"O "},{"text":"mínimo","underline":true},{"text":" para investir mensalmente é R$2.800."}]}]},"groupId":"jsmee6xxfqo81kofm62re34v"},{"id":"zdlp1rfiphu4oj0id5pgbt8d","type":"text","content":{"richText":[{"type":"p","children":[{"text":"Se você entender que o "},{"bold":true,"text":"Gerador de Matrículas 4.0"},{"text":" faz sentido pra tua instituição, seria possível encaixar esse investimento no seu orçamento?"}]}]},"groupId":"jsmee6xxfqo81kofm62re34v"},{"id":"qvfveonmxq58wuzworm4qgqi","type":"choice input","items":[{"id":"cjv2293ikc0cx7q8dhpzr08c","type":0,"blockId":"qvfveonmxq58wuzworm4qgqi","content":"Posso dar um jeito de encaixar no orçamento.","outgoingEdgeId":"utid49t4glj46evau8q27npq"},{"id":"pdlhizxveu1ax0fkdf92ylmo","type":0,"blockId":"qvfveonmxq58wuzworm4qgqi","content":"Por enquanto, não.","outgoingEdgeId":"d4e7zw36j9rithlj01v5lo4k"},{"id":"z19y8d7uyo3px7ga131eslgw","type":0,"blockId":"qvfveonmxq58wuzworm4qgqi","content":"Impossível","outgoingEdgeId":"p7f7v6elqluplka7fjq9e8i0"}],"groupId":"jsmee6xxfqo81kofm62re34v","options":{"variableId":"vfwizjfi5f2qg44i82i4seiso","buttonLabel":"Send","isMultipleChoice":false}}],"graphCoordinates":{"x":3710.86,"y":-180.05}},{"id":"h53b2h0la2r6oh9c9tzom38l","title":"Escala -  Buyer Journey","blocks":[{"id":"n6o8tdyta8vwgv5ua6lkl9qc","type":"text","content":{"richText":[{"type":"p","children":[{"text":"Humm, acho que entendi {{nome}} ..."}]}]},"groupId":"h53b2h0la2r6oh9c9tzom38l"},{"id":"hzbowhl4u7a7pygekba1dn6y","type":"text","content":{"richText":[{"type":"p","children":[{"text":"No caso hoje você tem um bom"},{"bold":true,"text":" ticket médio"},{"text":", o que faz com que provavelmente tu tenha uma boa margem de lucro."}]}]},"groupId":"h53b2h0la2r6oh9c9tzom38l"},{"id":"fcmr8ckzsahex8xmvmqklx8r","type":"text","content":{"richText":[{"type":"p","children":[{"text":"Te recomendo muito a focar na "},{"bold":true,"text":"escala"},{"text":", porém com "},{"text":"responsabilidade ","underline":true},{"text":"- não deixa a qualidade do atendimento/ produto cair."}]}]},"groupId":"h53b2h0la2r6oh9c9tzom38l"},{"id":"xloz17nud451p41qf7jk596r","type":"text","content":{"richText":[{"type":"p","children":[{"bold":true,"text":"E me conta das opções abaixo melhor descreve seu momento atual?"}]}]},"groupId":"h53b2h0la2r6oh9c9tzom38l"},{"id":"fp2hccw0qaa2uh59l2litnvc","type":"choice input","items":[{"id":"jnju7tpekm0cv0wd726qb6kx","type":0,"blockId":"fp2hccw0qaa2uh59l2litnvc","content":"Ouvi falar que marketing digital pode ajudar meu negócio","outgoingEdgeId":"m3th7orrbpy0u7s38m0crc1w"},{"id":"q20sk84l48qtg38ric470wu7","type":0,"blockId":"fp2hccw0qaa2uh59l2litnvc","content":"Acredito que marketing digital é bom p/ o meu negócio, mas preciso saber mais","outgoingEdgeId":"u1aobf097tn5b5pe9d2nyndx"},{"id":"mrks3xzzpwtjyksify7i1jgz","type":0,"blockId":"fp2hccw0qaa2uh59l2litnvc","content":"Estou escolhendo uma empresa de marketing digital para contratar","outgoingEdgeId":"a1wr5homqku92vgs3sh82qgd"}],"groupId":"h53b2h0la2r6oh9c9tzom38l","options":{"variableId":"vfwizjfi5f2qg44i82i4seiso","buttonLabel":"Send","isMultipleChoice":false}}],"graphCoordinates":{"x":4154.17,"y":-2231.6}},{"id":"gvglqh34yky7jf33ldul1c9e","title":"TKM -  Buyer Journey","blocks":[{"id":"p9yed0fqzq4mjltt3p7685cl","type":"text","content":{"richText":[{"type":"p","children":[{"text":"Humm, acho que entendi {{nome}} ..."}]}]},"groupId":"gvglqh34yky7jf33ldul1c9e"},{"id":"us6qhpjvpakd2rdqu3pfrdxt","type":"text","content":{"richText":[{"type":"p","children":[{"text":"Analisando seu faturamento vs número de alunos, "},{"text":"recomendo fortemente","underline":true},{"text":" que você foque no momento em "},{"bold":true,"text":"aumentar seu ticket médio"},{"text":" por venda.\n"}]}]},"groupId":"gvglqh34yky7jf33ldul1c9e"},{"id":"gv8iq31id683yciafa8a7uez","type":"text","content":{"richText":[{"type":"p","children":[{"bold":true,"text":"E me conta das opções abaixo melhor descreve seu momento atual?"}]}]},"groupId":"gvglqh34yky7jf33ldul1c9e"},{"id":"qma8fi03t6flsh2i5ekhvojk","type":"choice input","items":[{"id":"tuh9yf5hm3kerw5drvdiwx0j","type":0,"blockId":"qma8fi03t6flsh2i5ekhvojk","content":"Ouvi falar que marketing digital pode ajudar meu negócio","outgoingEdgeId":"o7t6vq7xebcqk99xtq0otnby"},{"id":"p8ssxmc2251pxpmgm7e9hj2u","type":0,"blockId":"qma8fi03t6flsh2i5ekhvojk","content":"Acredito que marketing digital é bom p/ o meu negócio, mas preciso saber mais","outgoingEdgeId":"c2818lvjdhpo7u9bx5lm9tuq"},{"id":"dsksev2rol7pn9vvhftg3l7x","type":0,"blockId":"qma8fi03t6flsh2i5ekhvojk","content":"Estou escolhendo uma empresa de marketing digital para contratar","outgoingEdgeId":"pr5lj73pcavx28a5stbwisjg"}],"groupId":"gvglqh34yky7jf33ldul1c9e","options":{"variableId":"vfwizjfi5f2qg44i82i4seiso","buttonLabel":"Send","isMultipleChoice":false}}],"graphCoordinates":{"x":3811.76,"y":-1333.41}},{"id":"oe99acjpo0l79fw8wulnhf3d","title":"Final","blocks":[{"id":"cldv1mnq4007u356iaro7hrsy","type":"text","content":{"html":"<div>Obrigado {{Nome}}!</div><div>Vamos analisar suas respostas.</div>","richText":[{"type":"p","children":[{"text":"Obrigado {{Nome}}!"}]},{"type":"p","children":[{"text":"Vamos analisar suas respostas."}]}],"plainText":"Obrigado {{Nome}}!\nVamos analisar suas respostas."},"groupId":"oe99acjpo0l79fw8wulnhf3d"},{"id":"m7xmdal3ttiy7qdnpzpsgiwa","type":"text","content":{"html":"<div>Caso a gente te encaixe, entraremos em contato em breve.</div>","richText":[{"type":"p","children":[{"text":"Caso a gente te encaixe, entraremos em contato em breve."}]}],"plainText":"Caso a gente te encaixe, entraremos em contato em breve."},"groupId":"oe99acjpo0l79fw8wulnhf3d"},{"id":"vb6jqa3a8wfajkfzkdcvjly2","type":"Redirect","groupId":"oe99acjpo0l79fw8wulnhf3d","options":{"url":"https://www.pearsgarden.com.br/obrigado","isNewTab":true}},{"id":"upyle3k4rijau274o5sapa65","type":"Email","groupId":"oe99acjpo0l79fw8wulnhf3d","options":{"subject":"Temos um novo lead no funil \"V4 - E-com Inteligente\"","recipients":["pablo@pearsgarden.com.br","emily@pearsgarden.com.br"],"isCustomBody":false,"credentialsId":"default"}}],"graphCoordinates":{"x":5985.64,"y":200.68}},{"id":"z9peq11a6w56jkqwct7wc4oj","title":"Group #19","blocks":[{"id":"ow0yklabnq3346hcnkrm57w6","type":"Set variable","groupId":"z9peq11a6w56jkqwct7wc4oj","options":{"isCode":false,"variableId":"vb8g6xid1kfebbvw3p9a8maeb"}},{"id":"vk5nlje7lisbt97bwwvlkg1w","type":"Set variable","groupId":"z9peq11a6w56jkqwct7wc4oj","options":{"variableId":"vn2er3t00f3toiw73dv6cjto4"}},{"id":"eqs7jeyk53arlito09p5x254","type":"Set variable","groupId":"z9peq11a6w56jkqwct7wc4oj","options":{"variableId":"vft5im6oi1145vkczxiagckap"}},{"id":"hitng5ftpxgb55pyqm7d1xek","type":"Set variable","groupId":"z9peq11a6w56jkqwct7wc4oj","options":{"variableId":"vvlmpeq9631ur0umuylyc89y7"}}],"graphCoordinates":{"x":-565.73,"y":213.82}},{"id":"y6oxaqn75z0dxrtmzyfx5l2q","title":"Group #16","blocks":[{"id":"yqyk6ggecbesqu9vi3b6z2jz","type":"Webhook","groupId":"y6oxaqn75z0dxrtmzyfx5l2q","options":{"isCustomBody":false,"isAdvancedConfig":false,"variablesForTest":[],"responseVariableMapping":[]},"webhookId":"b012qcpk1lrv6z1ruskceqnp","outgoingEdgeId":"jdvssj9w73gnt4vahsalgdl9"}],"graphCoordinates":{"x":5479.16,"y":338.59}},{"id":"sgt807thvq0qyde9s9onc2yt","title":"Group #16 copy","blocks":[{"id":"z7vhkw0w4cvgaffgj4afpx32","type":"Webhook","groupId":"sgt807thvq0qyde9s9onc2yt","options":{"isCustomBody":false,"isAdvancedConfig":false,"variablesForTest":[],"responseVariableMapping":[]},"webhookId":"hcln9e790t8xgucihfu9wsgp","outgoingEdgeId":"apzx8rzu73p0n6632fher1ua"}],"graphCoordinates":{"x":4963.16,"y":-522.74}},{"id":"rbpv06zm2xppziv9npqvufkm","title":"Group #16 copy copy","blocks":[{"id":"kkd5hvpyfe3xc42gmvoznpnw","type":"Webhook","groupId":"rbpv06zm2xppziv9npqvufkm","options":{"isCustomBody":false,"isAdvancedConfig":false,"variablesForTest":[],"responseVariableMapping":[]},"webhookId":"lfbadhcdnrr9u8vbin8c72ux","outgoingEdgeId":"ki444rjtletwjpatevn3m0st"}],"graphCoordinates":{"x":2958.72,"y":-853.85}}],"variables":[{"id":"vclduz2syo001h356i56e8glxn","name":"Nome"},{"id":"vclduzjgw8001x356iumqf3apk","name":"Numero"},{"id":"vclduzjmkg001y356iki74ytvn","name":"Email"},{"id":"vclduzoc68002e356iwtb4au8v","name":"Site"},{"id":"vb8g6xid1kfebbvw3p9a8maeb","name":"utm_source"},{"id":"vn2er3t00f3toiw73dv6cjto4","name":"utm_medium"},{"id":"vvlmpeq9631ur0umuylyc89y7","name":"utm_content"},{"id":"vft5im6oi1145vkczxiagckap","name":"utm_campaign"},{"id":"vzpb61uuamehpkllug2pdb06l","name":"Faturamento"},{"id":"veq95l0x2ibk1yfyk3podx2bk","name":"Lucra?"},{"id":"vdctet6jcyhxbigwa89oleyov","name":"Investimento"},{"id":"vfwizjfi5f2qg44i82i4seiso","name":"Qualificação"},{"id":"vavi605myj0v76ro23gua2jay","name":"Pq Nós"},{"id":"vmdb04zp1b7cvr1dobuw108q7","name":"Mentoria"},{"id":"vbgucp9c0l8rs3swd41rpwq0z","name":"nivel-ecom"},{"id":"vfvil7kaztvhrfjcqz6iq4hi9","name":"Pq-Vc"}],"edges":[{"id":"w06u2ovfmyccmjmpro4ei1h2","to":{"groupId":"li5lgc0c40b5z0h07hxfozug"},"from":{"itemId":"clduz0afr001b356irppjpumh","blockId":"clduz0afr001a356ijc3fehcu","groupId":"fcd0tg21cga5b4s3e6lp0gle"}},{"id":"bn8zivcgghvwj374mxjc2vwm","to":{"groupId":"a2a0w19uxgoljrawxxhnhgq0"},"from":{"itemId":"clduzl8wg0027356iw3eej2jm","blockId":"clduzl1mj0025356i6o293mmv","groupId":"dwjvkn9ld78dsfcpqy9co3iw"}},{"id":"p5sg1fhkw4dj9vnklhgzl2i6","to":{"groupId":"a2a0w19uxgoljrawxxhnhgq0"},"from":{"blockId":"clduz2fcn001g356idjp9ze53","groupId":"li5lgc0c40b5z0h07hxfozug"}},{"id":"o05fsaxuhwe631bddtokow68","to":{"groupId":"dwjvkn9ld78dsfcpqy9co3iw"},"from":{"blockId":"gqz69606w0m5ruu4kcwavbrd","groupId":"a2a0w19uxgoljrawxxhnhgq0"}},{"id":"vn4cl7b2oqn9gxdbnk5ig2tj","to":{"groupId":"e0g2bdz4rfwnkozijhyang88"},"from":{"itemId":"clduzl1mk0026356iq2bu6m0e","blockId":"clduzl1mj0025356i6o293mmv","groupId":"dwjvkn9ld78dsfcpqy9co3iw"}},{"id":"n9ub52kk2b332l52e934llnf","to":{"groupId":"fnm82bupm5flw6uuyytgm379"},"from":{"blockId":"clduz6wdr001n356ibne70yp4","groupId":"e0g2bdz4rfwnkozijhyang88"}},{"id":"azp4yistzyzvtt55dyywf911","to":{"groupId":"xwvzp7ypdh8jlrz1acsc6ncd"},"from":{"itemId":"cldv03kxd003m356ifungdpiu","blockId":"cldv03kxc003l356ik7d1bf0h","groupId":"lvebrtj7ef1y6vnk5crcm7e9"}},{"id":"dhzgf2oahasjtfg2ofic9x07","to":{"groupId":"xwvzp7ypdh8jlrz1acsc6ncd"},"from":{"itemId":"cldv040nf003n356i9m4s2742","blockId":"cldv03kxc003l356ik7d1bf0h","groupId":"lvebrtj7ef1y6vnk5crcm7e9"}},{"id":"xlew8ic39pl38bpuvcbgoenw","to":{"groupId":"xwvzp7ypdh8jlrz1acsc6ncd"},"from":{"itemId":"cldv04855003o356i2qmezgn7","blockId":"cldv03kxc003l356ik7d1bf0h","groupId":"lvebrtj7ef1y6vnk5crcm7e9"}},{"id":"xizsjjy2626nldhe4g0nhegm","to":{"groupId":"q0djj8buaf7pcakfuotqxsiy"},"from":{"blockId":"p60p323ntw036ftxbiug1uqp","groupId":"xwvzp7ypdh8jlrz1acsc6ncd"}},{"id":"j1va8l93zfbd7eh4hb4l9nz6","to":{"groupId":"lvebrtj7ef1y6vnk5crcm7e9"},"from":{"itemId":"clduzwiqv0033356ijs0xyqv7","blockId":"clduzvmvk0031356iwexbyd50","groupId":"hwgm01o6p97ioigyn6na68r9"}},{"id":"kli97yq0mqcowi0s2i31o56k","to":{"groupId":"lvebrtj7ef1y6vnk5crcm7e9"},"from":{"itemId":"cldv1fjcj007n356iwim7d6ef","blockId":"clduzvmvk0031356iwexbyd50","groupId":"hwgm01o6p97ioigyn6na68r9"}},{"id":"n8gsa121ebe07m04st2u647j","to":{"groupId":"lvebrtj7ef1y6vnk5crcm7e9"},"from":{"itemId":"clduzy8wp0035356ifvfdlkk4","blockId":"clduzvmvk0031356iwexbyd50","groupId":"hwgm01o6p97ioigyn6na68r9"}},{"id":"ggsvjaozqkbew82w8jvk3tlg","to":{"groupId":"lvebrtj7ef1y6vnk5crcm7e9"},"from":{"itemId":"clduzz40h0036356i7r1ut2pd","blockId":"clduzvmvk0031356iwexbyd50","groupId":"hwgm01o6p97ioigyn6na68r9"}},{"id":"m711d4cllbvl3kijgy5g0bng","to":{"groupId":"lvebrtj7ef1y6vnk5crcm7e9"},"from":{"itemId":"cxeeghvvf6clw0ywdd06unmq","blockId":"clduzvmvk0031356iwexbyd50","groupId":"hwgm01o6p97ioigyn6na68r9"}},{"id":"fza66s5e75459q29car2m6dx","to":{"groupId":"fcd0tg21cga5b4s3e6lp0gle"},"from":{"blockId":"clduye5rg000a08jk9ss65wjd","groupId":"mh7ch2789cukyyx98qrj9t3i"}},{"id":"tz15cwrtvwf0togq9m8h2rcs","to":{"groupId":"y6oxaqn75z0dxrtmzyfx5l2q"},"from":{"blockId":"zamj49p4ix1r1j1can7bau28","groupId":"q0djj8buaf7pcakfuotqxsiy"}},{"id":"jdvssj9w73gnt4vahsalgdl9","to":{"groupId":"oe99acjpo0l79fw8wulnhf3d"},"from":{"blockId":"yqyk6ggecbesqu9vi3b6z2jz","groupId":"y6oxaqn75z0dxrtmzyfx5l2q"}},{"id":"coxj6qm7st4re39rdh6yon9x","to":{"groupId":"sy78kswpbb5e85shfr3286ay"},"from":{"itemId":"jg654b8owr03g5rxrht66r9k","blockId":"clduzpdu8002h356i3pfvs6m1","groupId":"ezhfxsblx2kplfklstmptlou"}},{"id":"n3othayr76q99u9jvu8cdcru","to":{"groupId":"f6l5tczxqt3v0ky9rpalaaax"},"from":{"itemId":"amqmpt6xsef5v5v8t9otvec2","blockId":"clduzpdu8002h356i3pfvs6m1","groupId":"ezhfxsblx2kplfklstmptlou"}},{"id":"j5h9hzeh85phsu34b0o6pmri","to":{"groupId":"h53b2h0la2r6oh9c9tzom38l"},"from":{"itemId":"okhgrqa9vrzbakq6xpdd379y","blockId":"gee7yjjel6a9ouiehqdfc4di","groupId":"f6l5tczxqt3v0ky9rpalaaax"}},{"id":"injsrd2g88llphqnsu6bl9ty","to":{"groupId":"h53b2h0la2r6oh9c9tzom38l"},"from":{"itemId":"jozf86trjp589m262opz9mkl","blockId":"gee7yjjel6a9ouiehqdfc4di","groupId":"f6l5tczxqt3v0ky9rpalaaax"}},{"id":"twilzwv72zbtnlee3iia93n0","to":{"groupId":"h53b2h0la2r6oh9c9tzom38l"},"from":{"itemId":"vch5n71gtqv0qlif8x6qj5ra","blockId":"gee7yjjel6a9ouiehqdfc4di","groupId":"f6l5tczxqt3v0ky9rpalaaax"}},{"id":"o7t6vq7xebcqk99xtq0otnby","to":{"groupId":"jla433847qo3fejkgy02jq3j"},"from":{"itemId":"tuh9yf5hm3kerw5drvdiwx0j","blockId":"qma8fi03t6flsh2i5ekhvojk","groupId":"gvglqh34yky7jf33ldul1c9e"}},{"id":"c2818lvjdhpo7u9bx5lm9tuq","to":{"groupId":"jla433847qo3fejkgy02jq3j"},"from":{"itemId":"p8ssxmc2251pxpmgm7e9hj2u","blockId":"qma8fi03t6flsh2i5ekhvojk","groupId":"gvglqh34yky7jf33ldul1c9e"}},{"id":"pr5lj73pcavx28a5stbwisjg","to":{"groupId":"jla433847qo3fejkgy02jq3j"},"from":{"itemId":"dsksev2rol7pn9vvhftg3l7x","blockId":"qma8fi03t6flsh2i5ekhvojk","groupId":"gvglqh34yky7jf33ldul1c9e"}},{"id":"a1wr5homqku92vgs3sh82qgd","to":{"groupId":"jla433847qo3fejkgy02jq3j"},"from":{"itemId":"mrks3xzzpwtjyksify7i1jgz","blockId":"fp2hccw0qaa2uh59l2litnvc","groupId":"h53b2h0la2r6oh9c9tzom38l"}},{"id":"u1aobf097tn5b5pe9d2nyndx","to":{"groupId":"jla433847qo3fejkgy02jq3j"},"from":{"itemId":"q20sk84l48qtg38ric470wu7","blockId":"fp2hccw0qaa2uh59l2litnvc","groupId":"h53b2h0la2r6oh9c9tzom38l"}},{"id":"m3th7orrbpy0u7s38m0crc1w","to":{"groupId":"jla433847qo3fejkgy02jq3j"},"from":{"itemId":"jnju7tpekm0cv0wd726qb6kx","blockId":"fp2hccw0qaa2uh59l2litnvc","groupId":"h53b2h0la2r6oh9c9tzom38l"}},{"id":"ikri0kuxy2rbrubjskdkwzgx","to":{"groupId":"gvglqh34yky7jf33ldul1c9e"},"from":{"itemId":"fuid2h7v5ixvc5r5psf0jqqx","blockId":"gee7yjjel6a9ouiehqdfc4di","groupId":"f6l5tczxqt3v0ky9rpalaaax"}},{"id":"iq517bgrxv4u6g00yfits6yv","to":{"groupId":"jsmee6xxfqo81kofm62re34v"},"from":{"itemId":"clduzvmvl0032356iitw9yes6","blockId":"clduzvmvk0031356iwexbyd50","groupId":"hwgm01o6p97ioigyn6na68r9"}},{"id":"utid49t4glj46evau8q27npq","to":{"groupId":"lvebrtj7ef1y6vnk5crcm7e9"},"from":{"itemId":"cjv2293ikc0cx7q8dhpzr08c","blockId":"qvfveonmxq58wuzworm4qgqi","groupId":"jsmee6xxfqo81kofm62re34v"}},{"id":"p7f7v6elqluplka7fjq9e8i0","to":{"groupId":"jla433847qo3fejkgy02jq3j"},"from":{"itemId":"z19y8d7uyo3px7ga131eslgw","blockId":"qvfveonmxq58wuzworm4qgqi","groupId":"jsmee6xxfqo81kofm62re34v"}},{"id":"d4e7zw36j9rithlj01v5lo4k","to":{"groupId":"jla433847qo3fejkgy02jq3j"},"from":{"itemId":"pdlhizxveu1ax0fkdf92ylmo","blockId":"qvfveonmxq58wuzworm4qgqi","groupId":"jsmee6xxfqo81kofm62re34v"}},{"id":"ppce24w85621lswakt83o9jf","to":{"groupId":"sgt807thvq0qyde9s9onc2yt"},"from":{"blockId":"br6bx8mkai4suns3xho5qfsj","groupId":"jla433847qo3fejkgy02jq3j"}},{"id":"apzx8rzu73p0n6632fher1ua","to":{"groupId":"rurcdxu78j2sfq6pgh48nx2p"},"from":{"blockId":"z7vhkw0w4cvgaffgj4afpx32","groupId":"sgt807thvq0qyde9s9onc2yt"}},{"id":"ki444rjtletwjpatevn3m0st","to":{"groupId":"eqih9wlmvuevm2m635vlh9tg"},"from":{"blockId":"kkd5hvpyfe3xc42gmvoznpnw","groupId":"rbpv06zm2xppziv9npqvufkm"}},{"id":"en4gl36ys2kwj7bo10mljg57","to":{"groupId":"rbpv06zm2xppziv9npqvufkm"},"from":{"blockId":"yif5777rupn182bail6n38rn","groupId":"sy78kswpbb5e85shfr3286ay"}},{"id":"nfwgfakdutawh38pmwxm0c7o","to":{"groupId":"hwgm01o6p97ioigyn6na68r9"},"from":{"itemId":"fyrf5m95jy8d543vkp3ddubf","blockId":"clduzpdu8002h356i3pfvs6m1","groupId":"ezhfxsblx2kplfklstmptlou"}},{"id":"m951podzr55jig19epd8j0t6","to":{"groupId":"hwgm01o6p97ioigyn6na68r9"},"from":{"itemId":"clduzrg1k002k356iu7picil9","blockId":"clduzpdu8002h356i3pfvs6m1","groupId":"ezhfxsblx2kplfklstmptlou"}},{"id":"paqifl9fe2fooxoyc3zbtvek","to":{"groupId":"hwgm01o6p97ioigyn6na68r9"},"from":{"itemId":"clduzs3dk002l356il31kpfuk","blockId":"clduzpdu8002h356i3pfvs6m1","groupId":"ezhfxsblx2kplfklstmptlou"}},{"id":"qalxn7f9u8dmvoig75f7xamv","to":{"groupId":"hwgm01o6p97ioigyn6na68r9"},"from":{"itemId":"clduzso7z002n356ikig9l5cj","blockId":"clduzpdu8002h356i3pfvs6m1","groupId":"ezhfxsblx2kplfklstmptlou"}},{"id":"e9cyzkwtu4fdgi1odiko38i5","to":{"groupId":"hwgm01o6p97ioigyn6na68r9"},"from":{"itemId":"p6mdx88p0nwv6vuhj1cz0zxg","blockId":"clduzpdu8002h356i3pfvs6m1","groupId":"ezhfxsblx2kplfklstmptlou"}},{"id":"nnbpd77icoja5e7tnrw0u8i5","to":{"groupId":"hwgm01o6p97ioigyn6na68r9"},"from":{"itemId":"clduzt7ew002p356it5lh8at7","blockId":"clduzpdu8002h356i3pfvs6m1","groupId":"ezhfxsblx2kplfklstmptlou"}},{"id":"ejmvgq9euu53zkeej8zcezc5","to":{"groupId":"ezhfxsblx2kplfklstmptlou"},"from":{"blockId":"mmwkzgbt95pa74ouxegmbu4p","groupId":"fnm82bupm5flw6uuyytgm379"}},{"id":"vdzwhmuzrof6bltfk0q8yjyk","to":{"groupId":"f6l5tczxqt3v0ky9rpalaaax"},"from":{"itemId":"a0tmvv9n7kxrgt4il742v6qt","blockId":"clduzpdu8002h356i3pfvs6m1","groupId":"ezhfxsblx2kplfklstmptlou"}},{"id":"qh6i5567afszbgkhaifwasck","to":{"groupId":"f6l5tczxqt3v0ky9rpalaaax"},"from":{"itemId":"tbz5nppe5oeysprktlyqbw09","blockId":"clduzpdu8002h356i3pfvs6m1","groupId":"ezhfxsblx2kplfklstmptlou"}},{"id":"twigr5irkswkwjhp55th53b9","to":{"groupId":"f6l5tczxqt3v0ky9rpalaaax"},"from":{"itemId":"otxjtpzdw2r6yn0hs8mvo8in","blockId":"clduzpdu8002h356i3pfvs6m1","groupId":"ezhfxsblx2kplfklstmptlou"}},{"id":"iuqkg8qnmeuc5h5sx0dmeeup","to":{"groupId":"hwgm01o6p97ioigyn6na68r9"},"from":{"itemId":"n4pj8rlxnxuaotsqiytzladd","blockId":"clduzpdu8002h356i3pfvs6m1","groupId":"ezhfxsblx2kplfklstmptlou"}},{"id":"f100v7y7zcj2hqs21rurb35z","to":{"groupId":"hwgm01o6p97ioigyn6na68r9"},"from":{"itemId":"z4a1m99ycbk4t3u26ukqwb2d","blockId":"clduzpdu8002h356i3pfvs6m1","groupId":"ezhfxsblx2kplfklstmptlou"}},{"id":"wa1nk2vxptmgsyqnewahxsph","to":{"groupId":"hwgm01o6p97ioigyn6na68r9"},"from":{"itemId":"dzq0f78jlzht4ckw5fue3rdk","blockId":"clduzpdu8002h356i3pfvs6m1","groupId":"ezhfxsblx2kplfklstmptlou"}},{"id":"f44z3am7i9uzznv8k0s1ieh5","to":{"groupId":"hwgm01o6p97ioigyn6na68r9"},"from":{"itemId":"k3zbvmif5nyc8l9xhod3nv55","blockId":"clduzpdu8002h356i3pfvs6m1","groupId":"ezhfxsblx2kplfklstmptlou"}}],"theme":{"chat":{"inputs":{"color":"#303235","backgroundColor":"#FFFFFF","placeholderColor":"#9095A0"},"buttons":{"color":"#FF0000","backgroundColor":"#fff"},"hostAvatar":{"url":"https://s3.fr-par.scw.cloud/typebot/public/typebots/clduye5rh000yjk080mvtdv27/hostAvatar?v=1676328360310","isEnabled":true},"guestAvatar":{"isEnabled":false},"hostBubbles":{"color":"#303235","backgroundColor":"#F7F8FF"},"guestBubbles":{"color":"#FFFFFF","backgroundColor":"#ff0000"}},"general":{"font":"Open Sans","background":{"type":"Color","content":"#1a1a1a"}}},"settings":{"general":{"isBrandingEnabled":true,"isInputPrefillEnabled":false,"isResultSavingEnabled":true,"isHideQueryParamsEnabled":true,"isNewResultOnRefreshEnabled":false},"metadata":{"title":"Gerador de Matrículas 4.0","imageUrl":"","description":"Aplique para a Sessão Estratégica Gratuita."},"typingEmulation":{"speed":300,"enabled":true,"maxDelay":1}}}