{"id":"clkcvi6z70057k00f7vbx2is9","version":"3","groups":[{"id":"yfwc4ihin1jwad3kmecu2wp3","title":"Start","blocks":[{"id":"czhgs5ccljd1kpp2buutdaof","type":"start","label":"Start","groupId":"yfwc4ihin1jwad3kmecu2wp3","outgoingEdgeId":"w2e7gdy2bnupo7nxd3d10v9d"}],"graphCoordinates":{"x":-157.67,"y":-116.33}},{"id":"kk6hzx1uswzjpqdtf1cwv69a","title":"Group #1","blocks":[{"id":"qy1q21cqk915j31v9p5qwo58","type":"image","content":{"url":"https://s3.fr-par.scw.cloud/typebot/public/typebots/clkcpbtwv003zma0f4h2xpedi/blocks/qy1q21cqk915j31v9p5qwo58?v=1689952182058"},"groupId":"kk6hzx1uswzjpqdtf1cwv69a"},{"id":"z417pmfq95sa3jlq1nr7blfi","type":"text","content":{"richText":[{"type":"p","children":[{"text":"Bem-vindo ao "},{"bold":true,"text":"Vereda,"},{"text":" o caminho do seu bem-estar em Campo Grande."}]}]},"groupId":"kk6hzx1uswzjpqdtf1cwv69a"},{"id":"afs9yujgtjeu2x6j50r1gojj","type":"text","content":{"richText":[{"type":"p","children":[{"text":"Por aqui vamos entender se o Vereda é o empreendimento ideal para você."}]}]},"groupId":"kk6hzx1uswzjpqdtf1cwv69a"},{"id":"jegfjmrmje56uwqs80mkkkpa","type":"text","content":{"richText":[{"type":"p","children":[{"text":"Não se preocupe, já adianto que você terá uma estimativa de "},{"bold":true,"text":"valores e condições "},{"text":"mais adiante."}]}]},"groupId":"kk6hzx1uswzjpqdtf1cwv69a","outgoingEdgeId":"h6lumhly05jk09je5ml6ybrg"}],"graphCoordinates":{"x":249,"y":-249.66}},{"id":"jvhz92fge1yxxqllpmu7d1jj","title":"Group #3","blocks":[{"id":"g77jrntgorhp6vihptf85wam","type":"choice input","items":[{"id":"vyf8uwu0f0ky2rsrq80bxgnf","type":0,"blockId":"g77jrntgorhp6vihptf85wam","content":"Vamos começar.","outgoingEdgeId":"l6gg8csdky0w7x90zs5vhny0"}],"groupId":"jvhz92fge1yxxqllpmu7d1jj","options":{"buttonLabel":"Send","isSearchable":false,"isMultipleChoice":false,"searchInputPlaceholder":"Filter the options..."}}],"graphCoordinates":{"x":715.67,"y":91}},{"id":"bm76qtfsvo06n5okggp809ry","title":"Group #3","blocks":[{"id":"eulcxhhm9504g01z3bj5rfps","type":"text","content":{"richText":[{"type":"p","children":[{"text":"O Vereda tem sido um dos "},{"bold":true,"text":"empreendimentos na planta mais procurados"},{"text":" de Campo Grande, por ser um produto realmente completo, com plantas inteligentes, excelente localização e lazer diferenciado."}]}]},"groupId":"bm76qtfsvo06n5okggp809ry"},{"id":"yu20wiux7wc54l77q959l20k","type":"text","content":{"richText":[{"type":"p","children":[{"text":"Prova disso, é o seu sucesso de vendas, com 60% das unidades vendidas em pouco tempo."}]}]},"groupId":"bm76qtfsvo06n5okggp809ry"},{"id":"qr6oe3pu3cnokwobrvbcw27c","type":"text","content":{"richText":[{"type":"p","children":[{"text":"Vou começar te falando sobre o tamanho dos apartamentos e opções de plantas, ok?"}]}]},"groupId":"bm76qtfsvo06n5okggp809ry","outgoingEdgeId":"ymtua4bc1c1yqsv51yie3o0r"}],"graphCoordinates":{"x":1165.67,"y":49.33}},{"id":"ja9i6zo8rpbvkblpeln7uijb","title":"Group #6","blocks":[{"id":"fybmmfgr6i3u7bobmjcr92d5","type":"choice input","items":[{"id":"n7tkj5243j7tv1cedbk3fwto","type":0,"blockId":"fybmmfgr6i3u7bobmjcr92d5","content":"Sim, podemos prosseguir","outgoingEdgeId":"gkkghdtq0l6tcibdbxaa4bot"}],"groupId":"ja9i6zo8rpbvkblpeln7uijb","options":{"buttonLabel":"Send","isSearchable":false,"isMultipleChoice":false,"searchInputPlaceholder":"Filter the options..."}}],"graphCoordinates":{"x":2415.66,"y":491.34}},{"id":"dno917ijbrd5h61tmv9wzbjv","title":"Group #7","blocks":[{"id":"d5rn3ayo7mtwegcu796pc4ab","type":"text","content":{"richText":[{"type":"p","children":[{"text":"Ótimo."}]}]},"groupId":"dno917ijbrd5h61tmv9wzbjv"},{"id":"uihi54k9oby52yzkesxzd9lj","type":"text","content":{"richText":[{"type":"p","children":[{"text":"O Vereda será na Rua Hélio Yoshiaki, ao lado do Parque das Nações e Shopping Campo Grande. Região incomparável!"}]}]},"groupId":"dno917ijbrd5h61tmv9wzbjv"},{"id":"kedr6pgbwgd4h21k4n9e0eeb","type":"image","content":{"url":"https://s3.fr-par.scw.cloud/typebot/public/typebots/clkcpbtwv003zma0f4h2xpedi/blocks/kedr6pgbwgd4h21k4n9e0eeb?v=1689960778567"},"groupId":"dno917ijbrd5h61tmv9wzbjv"},{"id":"gs8x36933jvngb0mfvgqdxa3","type":"text","content":{"richText":[{"type":"p","children":[{"text":"Excelente localização, certo? Agora eu vou falar para você da Área de Lazer e facilidades do Vereda."}]}]},"groupId":"dno917ijbrd5h61tmv9wzbjv","outgoingEdgeId":"ncgt2eo1f7mcr8s100u147x9"}],"graphCoordinates":{"x":2908.33,"y":570.34}},{"id":"d3mhah5pthqqtvnis899969n","title":"Group #10","blocks":[{"id":"mhr6f0ij7z8lus2vdek4ak09","type":"text","content":{"richText":[{"type":"p","children":[{"text":"O Vereda será um empreendimento único, com mais de 30 itens de lazer e comodidades. Segue abaixo um breve resumo de alguns destes:"}]}]},"groupId":"d3mhah5pthqqtvnis899969n"},{"id":"l4u4f1k22uueo7oy95u2xrsb","type":"image","content":{"url":"https://s3.fr-par.scw.cloud/typebot/public/typebots/clkcpbtwv003zma0f4h2xpedi/blocks/l4u4f1k22uueo7oy95u2xrsb?v=1689953076577"},"groupId":"d3mhah5pthqqtvnis899969n"},{"id":"vfb0a3xmdwsgz47iy0jnw9b1","type":"text","content":{"richText":[{"type":"p","children":[{"text":"Podemos seguir para a estimativa de valores?"}]}]},"groupId":"d3mhah5pthqqtvnis899969n","outgoingEdgeId":"jjs3jfedotza37c0u1snjenh"}],"graphCoordinates":{"x":3993.34,"y":650.33}},{"id":"ocpx9zfnb28id8x8ze8b2scz","title":"","blocks":[{"id":"zb6ondj5x2nlcpi312m5calc","type":"text","content":{"richText":[{"type":"p","children":[{"text":"Primeiramente gostaria de deixar claro que não consigo te passar valores exatos por aqui, pois depende muito do andar, posição e outras questões."}]}]},"groupId":"ocpx9zfnb28id8x8ze8b2scz"},{"id":"rz6usszgql009qc9xv3rzhyq","type":"text","content":{"richText":[{"type":"p","children":[{"text":"O Vereda tem o melhor m² da região, a partir de R$10.000 e com excelente condições de pagamento, reveladas em atendimentos presenciais."}]},{"type":"p","children":[{"text":""}]},{"type":"p","children":[{"text":"O perfil de renda para aprovação de crédito junto à construtora normalmente é a partir de R$15 mil."}]}]},"groupId":"ocpx9zfnb28id8x8ze8b2scz"},{"id":"gu5e9birm3070e0ugrj4h1hg","type":"text","content":{"richText":[{"type":"p","children":[{"text":"Com essas informações que eu te passei, você se interessa em receber mais detalhes sobre o Vereda?"}]}]},"groupId":"ocpx9zfnb28id8x8ze8b2scz","outgoingEdgeId":"wwzm8i5gc58d34q9eehrmkfo"}],"graphCoordinates":{"x":4829.67,"y":862.67}},{"id":"btvdgde9jolzldkb59bvy3e0","title":"Group #13","blocks":[{"id":"g1at0mdj3m4k4pwucf1j7aeq","type":"choice input","items":[{"id":"i4lvcr6vcdy6povado0cm7qw","type":0,"blockId":"g1at0mdj3m4k4pwucf1j7aeq","content":"Claro, gostei muito do projeto","outgoingEdgeId":"ktzlx1gwgspvpq7iahjtw5v0"},{"id":"qs8b0bfi8fh4ipvv8ozq3fsv","type":0,"blockId":"g1at0mdj3m4k4pwucf1j7aeq","content":"Não, o Vereda não é para mim","outgoingEdgeId":"fykt7wgbf65mxvbyvsdwk3so"}],"groupId":"btvdgde9jolzldkb59bvy3e0","options":{"buttonLabel":"Send","isSearchable":false,"isMultipleChoice":false,"searchInputPlaceholder":"Filter the options..."}}],"graphCoordinates":{"x":5232.33,"y":1094}},{"id":"s4iff02kmuddy3wmk415adyq","title":"Group #11","blocks":[{"id":"ed3yg15y1ii85k6wvtdc676o","type":"text","content":{"richText":[{"type":"p","children":[{"text":"Certo, vou pedir algumas informações para darmos sequência."}]}]},"groupId":"s4iff02kmuddy3wmk415adyq"},{"id":"i23lphb5bm96a0eic3j2tna5","type":"text","content":{"richText":[{"type":"p","children":[{"text":"Qual é o seu nome?"}]}]},"groupId":"s4iff02kmuddy3wmk415adyq","outgoingEdgeId":"ga6qi4d3gkja3t6ekwnvlri8"}],"graphCoordinates":{"x":5569,"y":1004.27}},{"id":"rm4sgd5wg4ojpfla515ivhab","title":"Group #12","blocks":[{"id":"tm9ctowsfxq7snwvm26e3qf1","type":"text input","groupId":"rm4sgd5wg4ojpfla515ivhab","options":{"isLong":false,"labels":{"button":"Nome","placeholder":"Nome"},"variableId":"vvet5kx5imp5tol8por60yn3a"},"outgoingEdgeId":"gu79mqueis2djbsuon5tv4ys"}],"graphCoordinates":{"x":6009.33,"y":1192.94}},{"id":"n297nyr5l4ht8rkab0h526tl","title":"Group #14","blocks":[{"id":"q48zhe87e7ire9rkdt0zejjw","type":"text","content":{"richText":[{"type":"p","children":[{"text":"E o seu número de telefone?"}]}]},"groupId":"n297nyr5l4ht8rkab0h526tl","outgoingEdgeId":"fnsorbmp2qi6hp0ss7epqnlm"}],"graphCoordinates":{"x":6367.33,"y":1166.6}},{"id":"djnm9vt13n0qiksslbw3ol51","title":"Group #14","blocks":[{"id":"jryssvzr1yj9kli6noqfugkl","type":"number input","groupId":"djnm9vt13n0qiksslbw3ol51","options":{"labels":{"button":"Enviar","placeholder":"DDD + NÚMERO"},"variableId":"vrrncroxg77nuje6ne1r0xhwn"},"outgoingEdgeId":"kz8stzzasblofpse8s2hyy9j"}],"graphCoordinates":{"x":6757,"y":1174.94}},{"id":"v8e81dg6wzmsztdw7jr4t5sy","title":"Group #15","blocks":[{"id":"sncytqdm7wjtpl63kcec5x2i","type":"text","content":{"richText":[{"type":"p","children":[{"text":"Última coisa! Agora o seu e-mail..."}]}]},"groupId":"v8e81dg6wzmsztdw7jr4t5sy","outgoingEdgeId":"aootas5d3rzgf5z3yh6nhfu3"}],"graphCoordinates":{"x":7145.67,"y":1167.94}},{"id":"bukswupq6r1ke223qblux9k3","title":"Group #16","blocks":[{"id":"u2yffmf2aycprwe6bf8pb19y","type":"email input","groupId":"bukswupq6r1ke223qblux9k3","options":{"labels":{"button":"Enviar","placeholder":"Digite seu e-mail"},"variableId":"vgvm52z3myt5rnkrx73dmolz9","retryMessageContent":"Insira um e-mail valido"},"outgoingEdgeId":"vgz2hl5im6dph7x4a17gt0xd"}],"graphCoordinates":{"x":7589.33,"y":1190.6}},{"id":"foird2hox761b9a803q9xeam","title":"Group #17","blocks":[{"id":"rykoq49x6euskd98tzb78ov2","type":"Redirect","groupId":"foird2hox761b9a803q9xeam","options":{"url":"https://veredacampogrande.com.br/obrigado/","isNewTab":false}}],"graphCoordinates":{"x":8745.33,"y":1047.94}},{"id":"h1fyvocmooyxwrx300slo0yq","title":"Group #19","blocks":[{"id":"re8imf5o3ghogkudn3fqxvj0","type":"text","content":{"richText":[{"type":"p","children":[{"text":"São apartamentos de 2 ou 3 quartos em torre única, com apenas 98 unidades: "}]},{"type":"p","children":[{"text":"\n🛏3 quartos, sendo 3 suítes, 126,46 m²"}]},{"type":"p","children":[{"text":"\n🛏 3 quartos, sendo 1 suíte e 2 semi-suítes, 103,47 m²"}]},{"type":"p","children":[{"text":"\n🛏 2 quartos, sendo 2 suítes, 82,47 m² de bem-estar (100% vendidos)"}]}]},"groupId":"h1fyvocmooyxwrx300slo0yq"},{"id":"cj7m6viak45kwh6u0b2xewbg","type":"image","content":{"url":"https://s3.fr-par.scw.cloud/typebot/public/typebots/clkcpbtwv003zma0f4h2xpedi/blocks/cj7m6viak45kwh6u0b2xewbg?v=1689952576371"},"groupId":"h1fyvocmooyxwrx300slo0yq"},{"id":"o2g0izizstnad4utbqoypus7","type":"text","content":{"richText":[{"type":"p","children":[{"text":"Podemos continuar para informações sobre a localização?"}]}]},"groupId":"h1fyvocmooyxwrx300slo0yq","outgoingEdgeId":"on3b0zxrqtdowv70a47eugh0"}],"graphCoordinates":{"x":1823.9,"y":192.07}},{"id":"umogn59uqvvfzypqfqvnr2y4","title":"Group #19","blocks":[{"id":"tdq34gh6y60gjz6ghwu8gngi","type":"choice input","items":[{"id":"b2wpt2rmdqdi14icpyntqi7s","type":0,"blockId":"tdq34gh6y60gjz6ghwu8gngi","content":"Certo, pode prosseguir","outgoingEdgeId":"cv6wfeh7acocoupr8fs9ekgj"}],"groupId":"umogn59uqvvfzypqfqvnr2y4","options":{"buttonLabel":"Send","isSearchable":false,"isMultipleChoice":false,"searchInputPlaceholder":"Filter the options..."}}],"graphCoordinates":{"x":3456.33,"y":777.27}},{"id":"v3vsml9pjkkda9007ojluz1u","title":"Group #19","blocks":[{"id":"xolxr0yoyqm0k6e70z8g8rjp","type":"choice input","items":[{"id":"k0rhvxt8ux74533aip33arv5","type":0,"blockId":"xolxr0yoyqm0k6e70z8g8rjp","content":"Sim, por favor.","outgoingEdgeId":"i4u7aa67swui1t3d2r08o93d"}],"groupId":"v3vsml9pjkkda9007ojluz1u","options":{"buttonLabel":"Send","isSearchable":false,"isMultipleChoice":false,"searchInputPlaceholder":"Filter the options..."}}],"graphCoordinates":{"x":4383,"y":984.94}},{"id":"ihfr57yjms5d9ksgb4ub8jy8","title":"Group #20","blocks":[{"id":"rgsgcgr38db0or1c2d0xjs3n","type":"choice input","items":[{"id":"nuj75th3igb0ffbbfdsj5wu5","type":0,"blockId":"rgsgcgr38db0or1c2d0xjs3n","content":"Ok, pode continuar.","outgoingEdgeId":"ly3kucvl71uo62cq1bqb6hfg"}],"groupId":"ihfr57yjms5d9ksgb4ub8jy8","options":{"buttonLabel":"Send","isSearchable":false,"isMultipleChoice":false,"searchInputPlaceholder":"Filter the options..."}}],"graphCoordinates":{"x":1491.73,"y":433.74}},{"id":"np0c8atqjiealc4z8jf5olgw","title":"Group #22","blocks":[{"id":"hiy4gjh6zcfmnwykjn9fjpj7","type":"Set variable","groupId":"np0c8atqjiealc4z8jf5olgw","options":{"variableId":"vyx9kv9eo72qk09jqmsx9wedz"}},{"id":"b24up3o7rymogh6tdpclrjqw","type":"Set variable","groupId":"np0c8atqjiealc4z8jf5olgw","options":{"variableId":"vtba4arbm9vkin25b4vg12j8u"}},{"id":"fnt4e4982bavm7vg1ushx6oh","type":"Set variable","groupId":"np0c8atqjiealc4z8jf5olgw","options":{"variableId":"vojcgpacwrddj4auzljd37wxr"}},{"id":"w03bx7r4hnibqdfdgogw28ga","type":"Set variable","groupId":"np0c8atqjiealc4z8jf5olgw","options":{"variableId":"vp7vz1v4k15gd0we580lfh3d7"}}],"graphCoordinates":{"x":-105.27,"y":538.53}},{"id":"hkogwso0wbb7250lhrjqowwu","title":"Group #21","blocks":[{"id":"cb2difp15hdvvj1j7mtgs59x","type":"Code","groupId":"hkogwso0wbb7250lhrjqowwu","options":{"name":"Script1","content":"dataLayer.push({\n    'event': 'typebot_finalizado',\n    nome: {{Nome}},\n    email: {{E-mail}},\n    telefone: {{Telefone}}\n});"},"outgoingEdgeId":"kw72o2f7wtcylp901pfcugaa"}],"graphCoordinates":{"x":8385.4,"y":1206.87}},{"id":"wa9n0xu6rqr1csazy6e24xyr","title":"Group #22","blocks":[{"id":"m2jfmuq48epjkoic2x9jx45j","type":"text","content":{"richText":[{"type":"p","children":[{"text":"Que pena! Estamos sempre à disposição."}]}]},"groupId":"wa9n0xu6rqr1csazy6e24xyr","outgoingEdgeId":"ad68xkhwo832ndjnggyfl0cc"}],"graphCoordinates":{"x":5628.86,"y":1326.14}},{"id":"ymqqbi7o9e3jds6918lhdtcu","title":"Group #23","blocks":[{"id":"xq0nw4ibphu7owep8ai3dglg","type":"Redirect","groupId":"ymqqbi7o9e3jds6918lhdtcu","options":{"url":"https://www.instagram.com/veredaroyalpark","isNewTab":false}}],"graphCoordinates":{"x":6047.2,"y":1404.14}},{"id":"dr6lphlaznxofljb3jmt3jxl","title":"Group #24","blocks":[{"id":"zw4tjkvhxnexz57l59m16uhc","type":"Zapier","groupId":"dr6lphlaznxofljb3jmt3jxl","options":{"isCustomBody":false,"isAdvancedConfig":false,"variablesForTest":[],"responseVariableMapping":[]},"webhookId":"scz8uvdi6nyw0fzrq321zkx6","outgoingEdgeId":"s6jrkbokisfx6n19q4itvssp"}],"graphCoordinates":{"x":8022,"y":1112.94}}],"variables":[{"id":"vvet5kx5imp5tol8por60yn3a","name":"Nome"},{"id":"vrrncroxg77nuje6ne1r0xhwn","name":"Telefone"},{"id":"vgvm52z3myt5rnkrx73dmolz9","name":"E-mail"},{"id":"vyx9kv9eo72qk09jqmsx9wedz","name":"utm_campaign"},{"id":"vtba4arbm9vkin25b4vg12j8u","name":"utm_medium"},{"id":"vojcgpacwrddj4auzljd37wxr","name":"utm_source"},{"id":"vp7vz1v4k15gd0we580lfh3d7","name":"utm_content"}],"edges":[{"id":"w2e7gdy2bnupo7nxd3d10v9d","to":{"groupId":"kk6hzx1uswzjpqdtf1cwv69a"},"from":{"blockId":"czhgs5ccljd1kpp2buutdaof","groupId":"yfwc4ihin1jwad3kmecu2wp3"}},{"id":"l6gg8csdky0w7x90zs5vhny0","to":{"groupId":"bm76qtfsvo06n5okggp809ry"},"from":{"itemId":"vyf8uwu0f0ky2rsrq80bxgnf","blockId":"g77jrntgorhp6vihptf85wam","groupId":"jvhz92fge1yxxqllpmu7d1jj"}},{"id":"on3b0zxrqtdowv70a47eugh0","to":{"groupId":"ja9i6zo8rpbvkblpeln7uijb"},"from":{"blockId":"o2g0izizstnad4utbqoypus7","groupId":"h1fyvocmooyxwrx300slo0yq"}},{"id":"wwzm8i5gc58d34q9eehrmkfo","to":{"groupId":"btvdgde9jolzldkb59bvy3e0"},"from":{"blockId":"gu5e9birm3070e0ugrj4h1hg","groupId":"ocpx9zfnb28id8x8ze8b2scz"}},{"id":"gkkghdtq0l6tcibdbxaa4bot","to":{"groupId":"dno917ijbrd5h61tmv9wzbjv"},"from":{"itemId":"n7tkj5243j7tv1cedbk3fwto","blockId":"fybmmfgr6i3u7bobmjcr92d5","groupId":"ja9i6zo8rpbvkblpeln7uijb"}},{"id":"ktzlx1gwgspvpq7iahjtw5v0","to":{"groupId":"s4iff02kmuddy3wmk415adyq"},"from":{"itemId":"i4lvcr6vcdy6povado0cm7qw","blockId":"g1at0mdj3m4k4pwucf1j7aeq","groupId":"btvdgde9jolzldkb59bvy3e0"}},{"id":"ga6qi4d3gkja3t6ekwnvlri8","to":{"groupId":"rm4sgd5wg4ojpfla515ivhab"},"from":{"blockId":"i23lphb5bm96a0eic3j2tna5","groupId":"s4iff02kmuddy3wmk415adyq"}},{"id":"gu79mqueis2djbsuon5tv4ys","to":{"groupId":"n297nyr5l4ht8rkab0h526tl"},"from":{"blockId":"tm9ctowsfxq7snwvm26e3qf1","groupId":"rm4sgd5wg4ojpfla515ivhab"}},{"id":"fnsorbmp2qi6hp0ss7epqnlm","to":{"groupId":"djnm9vt13n0qiksslbw3ol51"},"from":{"blockId":"q48zhe87e7ire9rkdt0zejjw","groupId":"n297nyr5l4ht8rkab0h526tl"}},{"id":"aootas5d3rzgf5z3yh6nhfu3","to":{"groupId":"bukswupq6r1ke223qblux9k3"},"from":{"blockId":"sncytqdm7wjtpl63kcec5x2i","groupId":"v8e81dg6wzmsztdw7jr4t5sy"}},{"id":"ncgt2eo1f7mcr8s100u147x9","to":{"groupId":"umogn59uqvvfzypqfqvnr2y4"},"from":{"blockId":"gs8x36933jvngb0mfvgqdxa3","groupId":"dno917ijbrd5h61tmv9wzbjv"}},{"id":"cv6wfeh7acocoupr8fs9ekgj","to":{"groupId":"d3mhah5pthqqtvnis899969n"},"from":{"itemId":"b2wpt2rmdqdi14icpyntqi7s","blockId":"tdq34gh6y60gjz6ghwu8gngi","groupId":"umogn59uqvvfzypqfqvnr2y4"}},{"id":"jjs3jfedotza37c0u1snjenh","to":{"groupId":"v3vsml9pjkkda9007ojluz1u"},"from":{"blockId":"vfb0a3xmdwsgz47iy0jnw9b1","groupId":"d3mhah5pthqqtvnis899969n"}},{"id":"i4u7aa67swui1t3d2r08o93d","to":{"groupId":"ocpx9zfnb28id8x8ze8b2scz"},"from":{"itemId":"k0rhvxt8ux74533aip33arv5","blockId":"xolxr0yoyqm0k6e70z8g8rjp","groupId":"v3vsml9pjkkda9007ojluz1u"}},{"id":"ymtua4bc1c1yqsv51yie3o0r","to":{"groupId":"ihfr57yjms5d9ksgb4ub8jy8"},"from":{"blockId":"qr6oe3pu3cnokwobrvbcw27c","groupId":"bm76qtfsvo06n5okggp809ry"}},{"id":"ly3kucvl71uo62cq1bqb6hfg","to":{"groupId":"h1fyvocmooyxwrx300slo0yq"},"from":{"itemId":"nuj75th3igb0ffbbfdsj5wu5","blockId":"rgsgcgr38db0or1c2d0xjs3n","groupId":"ihfr57yjms5d9ksgb4ub8jy8"}},{"id":"kz8stzzasblofpse8s2hyy9j","to":{"groupId":"v8e81dg6wzmsztdw7jr4t5sy"},"from":{"blockId":"jryssvzr1yj9kli6noqfugkl","groupId":"djnm9vt13n0qiksslbw3ol51"}},{"id":"h6lumhly05jk09je5ml6ybrg","to":{"groupId":"jvhz92fge1yxxqllpmu7d1jj"},"from":{"blockId":"jegfjmrmje56uwqs80mkkkpa","groupId":"kk6hzx1uswzjpqdtf1cwv69a"}},{"id":"ad68xkhwo832ndjnggyfl0cc","to":{"groupId":"ymqqbi7o9e3jds6918lhdtcu"},"from":{"blockId":"m2jfmuq48epjkoic2x9jx45j","groupId":"wa9n0xu6rqr1csazy6e24xyr"}},{"id":"vgz2hl5im6dph7x4a17gt0xd","to":{"groupId":"dr6lphlaznxofljb3jmt3jxl"},"from":{"blockId":"u2yffmf2aycprwe6bf8pb19y","groupId":"bukswupq6r1ke223qblux9k3"}},{"id":"s6jrkbokisfx6n19q4itvssp","to":{"blockId":"cb2difp15hdvvj1j7mtgs59x","groupId":"hkogwso0wbb7250lhrjqowwu"},"from":{"blockId":"zw4tjkvhxnexz57l59m16uhc","groupId":"dr6lphlaznxofljb3jmt3jxl"}},{"id":"kw72o2f7wtcylp901pfcugaa","to":{"groupId":"foird2hox761b9a803q9xeam"},"from":{"blockId":"cb2difp15hdvvj1j7mtgs59x","groupId":"hkogwso0wbb7250lhrjqowwu"}},{"id":"fykt7wgbf65mxvbyvsdwk3so","to":{"groupId":"wa9n0xu6rqr1csazy6e24xyr"},"from":{"itemId":"qs8b0bfi8fh4ipvv8ozq3fsv","blockId":"g1at0mdj3m4k4pwucf1j7aeq","groupId":"btvdgde9jolzldkb59bvy3e0"}}],"theme":{"chat":{"inputs":{"color":"#303235","backgroundColor":"#FFFFFF","placeholderColor":"#9095A0"},"buttons":{"color":"#FFFFFF","backgroundColor":"#0042DA"},"hostAvatar":{"isEnabled":false},"guestAvatar":{"isEnabled":false},"hostBubbles":{"color":"#303235","backgroundColor":"#F7F8FF"},"guestBubbles":{"color":"#FFFFFF","backgroundColor":"#FF8E21"}},"general":{"font":"Open Sans","background":{"type":"Color","content":"#7D9186"}}},"settings":{"general":{"rememberUser":{"isEnabled":false},"isBrandingEnabled":true,"isInputPrefillEnabled":true,"isHideQueryParamsEnabled":true},"metadata":{"title":"Vereda","description":"","googleTagManagerId":"GTM-PHWMDTD"},"typingEmulation":{"speed":300,"enabled":true,"maxDelay":1.5}}}