{"id":"clkg597y0003ml60f7dhhs84v","version":"3","groups":[{"id":"laciu10omy95fnx9huhd6bkq","title":"Start","blocks":[{"id":"t3bggdjqihzjvuhbio6hyedo","type":"start","label":"Start","groupId":"laciu10omy95fnx9huhd6bkq","outgoingEdgeId":"y2aclctlax803shjifn1e8if"}],"graphCoordinates":{"x":0,"y":0}},{"id":"o99lfc3419ema1vj1jsyhl5c","title":"Group #1","blocks":[{"id":"hzl0nreuhicduyzwgb8e5456","type":"text","content":{"richText":[{"type":"p","children":[{"bold":true,"text":"[INICIANDO SEU ATENDIMENTO]"}]},{"type":"p","children":[{"text":""}]},{"type":"p","children":[{"text":"Essa consulta é GRATUITA!","underline":true}]},{"type":"p","children":[{"bold":true,"text":"","italic":true}]}]},"groupId":"o99lfc3419ema1vj1jsyhl5c"},{"id":"wsjzs896yfvcqb2plhia1owf","type":"Wait","groupId":"o99lfc3419ema1vj1jsyhl5c","options":{"secondsToWaitFor":"1"}},{"id":"pq74wdcmy44v5nbspwumywap","type":"text","content":{"richText":[{"type":"p","children":[{"text":"Anderson entrou na conversa...","italic":true,"underline":true}]}]},"groupId":"o99lfc3419ema1vj1jsyhl5c"},{"id":"e9o2eb017ay6qchyab317uon","type":"Wait","groupId":"o99lfc3419ema1vj1jsyhl5c","options":{"secondsToWaitFor":"1"}},{"id":"ylsxwqs9og4l6178aq25apex","type":"text","content":{"richText":[{"type":"p","children":[{"text":"Anderson está aguardando você.","italic":true,"underline":true}]}]},"groupId":"o99lfc3419ema1vj1jsyhl5c"},{"id":"qz7dh7oh575n2tuacbfhp7qg","type":"picture choice input","items":[{"id":"w7ykrdy37441id9tv82xq0wv","type":3,"title":"Iniciar atendimento!","blockId":"qz7dh7oh575n2tuacbfhp7qg","pictureSrc":"https://media4.giphy.com/media/DQcqDjL0vcxz7lEhNT/giphy.gif?cid=fe3852a3a6nofk4yn6fej8yitpeolw75e9b9cdwf54g9rtgm&ep=v1_gifs_search&rid=giphy.gif&ct=g","description":"CLIQUE AQUI PARA INICIAR"}],"groupId":"o99lfc3419ema1vj1jsyhl5c","options":{"buttonLabel":"Send","searchInputPlaceholder":"Filter the options..."}},{"id":"ul8zoqvkld6jlj6bukn34d29","type":"text","content":{"richText":[{"type":"p","children":[{"text":"Muito prazer, me chamo "},{"bold":true,"text":"Anderson."},{"text":" "}]}]},"groupId":"o99lfc3419ema1vj1jsyhl5c"},{"id":"okdwlwvfu6zkkamutqwgwwog","type":"Wait","groupId":"o99lfc3419ema1vj1jsyhl5c","options":{"secondsToWaitFor":"3"}},{"id":"t2kmheuzn7rfbgbegf9wyp5j","type":"text","content":{"richText":[{"type":"p","children":[{"text":"Esta é uma sessão gratuita exclusivamente para "},{"bold":true,"text":"DONO(A)S DE NEGÓCIOS."},{"text":"  Aplique apenas se for o seu caso"}]}]},"groupId":"o99lfc3419ema1vj1jsyhl5c"},{"id":"awqatlz02hv12a91o7yvwt1f","type":"Wait","groupId":"o99lfc3419ema1vj1jsyhl5c","options":{"secondsToWaitFor":"2"}},{"id":"hmw75upyw6mezwaectyccqs3","type":"text","content":{"richText":[{"type":"p","children":[{"bold":true,"text":"IMPORTANTE: "},{"text":"A aplicação através deste formulário não garante a sua vaga. Vou analisar cuidadosamente as aplicações e aceitar a apenas as empresas que tem perfil e capacidate para duplicar ou até mesmo triplicar seu faturamento mensal."}]}]},"groupId":"o99lfc3419ema1vj1jsyhl5c"},{"id":"dg9slqe5efupy4llte8r2niv","type":"Wait","groupId":"o99lfc3419ema1vj1jsyhl5c","options":{"secondsToWaitFor":"3"}},{"id":"b5qr1hsfzk8ku4ucplydhtmi","type":"text","content":{"richText":[{"type":"p","children":[{"text":"Qual é o "},{"bold":true,"text":"seu"},{"text":" "},{"bold":true,"text":"nome"},{"text":"? "}]}]},"groupId":"o99lfc3419ema1vj1jsyhl5c"},{"id":"jjohsft1rh0pu6ck486lb0c0","type":"text input","groupId":"o99lfc3419ema1vj1jsyhl5c","options":{"isLong":false,"labels":{"button":"Enviar","placeholder":"Digite seu nome..."},"variableId":"vly358ppn8b3s0ueq6zv9ofus"}},{"id":"pt18ji9d4v07t3np9j5mhind","type":"text","content":{"richText":[{"type":"p","children":[{"text":"Muito prazer, "},{"bold":true,"text":"{{Nome }}!"}]}]},"groupId":"o99lfc3419ema1vj1jsyhl5c"},{"id":"m4yula0b671ee93bhmh0oo5v","type":"Wait","groupId":"o99lfc3419ema1vj1jsyhl5c","options":{"secondsToWaitFor":"2"}},{"id":"iha6q17675e37yt9g6vp3quz","type":"text","content":{"richText":[{"type":"p","children":[{"bold":true,"text":"Importante: "},{"text":"Para que eu consiga entrar em contato pra te avisar sobre sua aprovação"}]},{"type":"p","children":[{"text":"Qual o seu Whatsapp?"}]},{"type":"p","children":[{"text":"Digite apenas os números."}]}]},"groupId":"o99lfc3419ema1vj1jsyhl5c"},{"id":"xa9t1fv7hjnv0ego79o4fpbz","type":"phone number input","groupId":"o99lfc3419ema1vj1jsyhl5c","options":{"labels":{"button":"Enviar","placeholder":"Digite seu WhatsApp"},"variableId":"vk1yllb1fi2jrwx88k5q78fe6","defaultCountryCode":"BR","retryMessageContent":"Esse telefone não existe "}},{"id":"se1lt8d41lgp09tgjf35edoa","type":"Wait","groupId":"o99lfc3419ema1vj1jsyhl5c","options":{"secondsToWaitFor":"2"},"outgoingEdgeId":"kugvvepzk8tevxchkv5ose7s"}],"graphCoordinates":{"x":367.65,"y":-32.74}},{"id":"xqq02dlnzgadgrenqc1q2j4u","title":"Group #2","blocks":[{"id":"vkfklvkowyn0cxvj2sozi8pu","type":"text","content":{"richText":[{"type":"p","children":[{"text":"Então, {{Nome }}. O número {{WhatsApp}} está correto? "},{"bold":true,"text":"(Um número errado pode fazer você perder sua vaga)"}]}]},"groupId":"xqq02dlnzgadgrenqc1q2j4u"},{"id":"lvah5c7n16ovpfotpp3n36nw","type":"choice input","items":[{"id":"w6o9fqapyyxojao2i4d3pjhm","type":0,"blockId":"lvah5c7n16ovpfotpp3n36nw","content":"Sim","outgoingEdgeId":"x5hr7wpahpia9v47k200p3ze"},{"id":"f8lg1wn6odax6eg1lud9i9sk","type":0,"blockId":"lvah5c7n16ovpfotpp3n36nw","content":"Não","outgoingEdgeId":"zgouwexcbudpa3xcph9jojy9"}],"groupId":"xqq02dlnzgadgrenqc1q2j4u","options":{"buttonLabel":"Send","isSearchable":false,"isMultipleChoice":false,"searchInputPlaceholder":"Filter the options..."}}],"graphCoordinates":{"x":710.89,"y":-0.78}},{"id":"s7aw5fi1o3t61hxwph1wq0gp","title":"Group #3.1","blocks":[{"id":"pc4chpmwcdw3e4nj8i0fa6f6","type":"text","content":{"richText":[{"type":"p","children":[{"text":"{{Nome do broxa}}, a "},{"bold":true,"text":"ejaculação precoce"},{"text":" é um problema muito comum na sua idade..."}]}]},"groupId":"s7aw5fi1o3t61hxwph1wq0gp"},{"id":"xoqpe7uqlsd1kkefu05kx1lz","type":"Wait","groupId":"s7aw5fi1o3t61hxwph1wq0gp","options":{"secondsToWaitFor":"3"}},{"id":"c2ookse6v2plddgry1cnssxm","type":"text","content":{"richText":[{"type":"p","children":[{"text":"mas esse problema tem solução!"}]}]},"groupId":"s7aw5fi1o3t61hxwph1wq0gp"},{"id":"g9dmszpoxdeg1hnugpnyu7b5","type":"Wait","groupId":"s7aw5fi1o3t61hxwph1wq0gp","options":{"secondsToWaitFor":"2"}},{"id":"yh95u33co8ui6i1saohc05y1","type":"text","content":{"richText":[{"type":"p","children":[{"text":"Vou te mandar um áudio "}]},{"type":"p","children":[{"text":"pra explicar melhor, ok?"}]}]},"groupId":"s7aw5fi1o3t61hxwph1wq0gp"},{"id":"q6strcfmxyke7nploptgvch2","type":"Wait","groupId":"s7aw5fi1o3t61hxwph1wq0gp","options":{"secondsToWaitFor":"3"}},{"id":"k951faobtmmn5965y3pzs6jp","type":"audio","content":{"url":"https://s3.fr-par.scw.cloud/typebot/public/typebots/clj33dgbo000hjw0fr4wky9tf/blocks/k951faobtmmn5965y3pzs6jp?v=1687210939789"},"groupId":"s7aw5fi1o3t61hxwph1wq0gp"},{"id":"z6q8ywivn42septpklbmt3b4","type":"Wait","groupId":"s7aw5fi1o3t61hxwph1wq0gp","options":{"secondsToWaitFor":"21"}},{"id":"xcwrdjgmn4ilqm5sgib1xgsi","type":"audio","content":{"url":"https://s3.fr-par.scw.cloud/typebot/public/typebots/clj33dgbo000hjw0fr4wky9tf/blocks/xcwrdjgmn4ilqm5sgib1xgsi?v=1687210953027"},"groupId":"s7aw5fi1o3t61hxwph1wq0gp"},{"id":"iq1kuwwfabamtu65otzjg089","type":"Wait","groupId":"s7aw5fi1o3t61hxwph1wq0gp","options":{"secondsToWaitFor":"29"}},{"id":"dtgx4w0xvsyk87v7h3uhw6bw","type":"audio","content":{"url":"https://s3.fr-par.scw.cloud/typebot/public/typebots/clj33dgbo000hjw0fr4wky9tf/blocks/dtgx4w0xvsyk87v7h3uhw6bw?v=1687211013936"},"groupId":"s7aw5fi1o3t61hxwph1wq0gp"},{"id":"lpewet9l4u8iouzwbwxqcfq7","type":"Wait","groupId":"s7aw5fi1o3t61hxwph1wq0gp","options":{"secondsToWaitFor":"18"}},{"id":"ofplipk0vqyxtziht9os7a57","type":"audio","content":{"url":"https://s3.fr-par.scw.cloud/typebot/public/typebots/clj33dgbo000hjw0fr4wky9tf/blocks/ofplipk0vqyxtziht9os7a57?v=1687210981928"},"groupId":"s7aw5fi1o3t61hxwph1wq0gp"},{"id":"spupicg6lljpzk8qlb35qp3s","type":"Wait","groupId":"s7aw5fi1o3t61hxwph1wq0gp","options":{"secondsToWaitFor":"18"}},{"id":"yz5jqks5i3qxe42i9nyjtnsi","type":"audio","content":{"url":"https://s3.fr-par.scw.cloud/typebot/public/typebots/clj33dgbo000hjw0fr4wky9tf/blocks/yz5jqks5i3qxe42i9nyjtnsi?v=1687214966875"},"groupId":"s7aw5fi1o3t61hxwph1wq0gp"},{"id":"asd2lxev4s3ovfsjg1la3vx1","type":"Wait","groupId":"s7aw5fi1o3t61hxwph1wq0gp","options":{"secondsToWaitFor":"14"}},{"id":"vyt7bkj4wulmh24hftskyz2v","type":"audio","content":{"url":"https://s3.fr-par.scw.cloud/typebot/public/typebots/clj33dgbo000hjw0fr4wky9tf/blocks/yvnuypjum4y5zv4l1twgzbcg?v=1687215066010"},"groupId":"s7aw5fi1o3t61hxwph1wq0gp"},{"id":"go3f7ltsuou5ztyerjicnogn","type":"Wait","groupId":"s7aw5fi1o3t61hxwph1wq0gp","options":{"secondsToWaitFor":"15"}},{"id":"a7u4bhktzj1qr2tfnuwmg0ms","type":"audio","content":{"url":"https://s3.fr-par.scw.cloud/typebot/public/typebots/clj33dgbo000hjw0fr4wky9tf/blocks/v2x881c4nnl9sg2z7t5p3c98?v=1687215114115"},"groupId":"s7aw5fi1o3t61hxwph1wq0gp"},{"id":"fd3arkbadpy35htum5k6jqr0","type":"Wait","groupId":"s7aw5fi1o3t61hxwph1wq0gp","options":{"secondsToWaitFor":"22"}},{"id":"ch0lcilm3ackp6dgflvorsvp","type":"text","content":{"richText":[{"type":"p","children":[{"text":"Você gostaria de "},{"bold":true,"text":"acabar"},{"text":" "},{"bold":true,"text":"com"},{"text":" "},{"bold":true,"text":"esse"},{"text":" "}]},{"type":"p","children":[{"bold":true,"text":"problema"},{"text":" de uma vez por todas?"}]}]},"groupId":"s7aw5fi1o3t61hxwph1wq0gp"},{"id":"n1qdk61bwdic1pzd3nfqurlt","type":"Wait","groupId":"s7aw5fi1o3t61hxwph1wq0gp","options":{"secondsToWaitFor":"2"}},{"id":"ukkk2iaa1r2o6o72bnqx89iv","type":"choice input","items":[{"id":"qg9tlbjqbscjk1zq9yzq5sn7","type":0,"blockId":"ukkk2iaa1r2o6o72bnqx89iv","content":"Quero me livrar da ejaculação precoce!"}],"groupId":"s7aw5fi1o3t61hxwph1wq0gp","options":{"buttonLabel":"Send","isSearchable":false,"isMultipleChoice":false,"searchInputPlaceholder":"Filter the options..."}}],"graphCoordinates":{"x":1059.22,"y":2089.97}},{"id":"n6sny4sxe8d4xh0l144leq2z","title":"Group #4","blocks":[{"id":"xn1qds5c5av8gvc9li2050jy","type":"picture choice input","items":[{"id":"ofuj9ibqphmq9lit2tc62tgl","type":3,"title":"Pois então reescreva...","blockId":"xn1qds5c5av8gvc9li2050jy","pictureSrc":"https://media2.giphy.com/media/iFU36VwXUd2O43gdcr/giphy.gif?cid=fe3852a36pqvvekqhwgar47rub5dsa0oqeas7i0wnvakott0&ep=v1_gifs_search&rid=giphy.gif&ct=g","outgoingEdgeId":"rxr4m7nqcfiaji1uxuxd8z37"}],"groupId":"n6sny4sxe8d4xh0l144leq2z","options":{"buttonLabel":"Send","searchInputPlaceholder":"Filter the options..."}},{"id":"rowtck9n871v9wi2wbnljbxr","type":"phone number input","groupId":"n6sny4sxe8d4xh0l144leq2z","options":{"labels":{"button":"Enviar","placeholder":"Digite seu WhatsApp com muita calma"},"variableId":"vk1yllb1fi2jrwx88k5q78fe6","defaultCountryCode":"BR","retryMessageContent":"Esse telefone não existe "},"outgoingEdgeId":"jzqwib6vr7psh52bxiqccguy"}],"graphCoordinates":{"x":774,"y":548.5}},{"id":"zbaashawce42ty6qf9a1yhz6","title":"Group #5","blocks":[{"id":"a5v4jlb9s4liez90hlknyqgb","type":"text","content":{"richText":[{"type":"p","children":[{"text":"E qual o seu e-mail? (Não vou te mandar emails chatos, fique tranquilo) "}]}]},"groupId":"zbaashawce42ty6qf9a1yhz6"},{"id":"kwabn06jiw8q0ugy8sie06mh","type":"email input","groupId":"zbaashawce42ty6qf9a1yhz6","options":{"labels":{"button":"Enviar ","placeholder":"Digite seu e-mail"},"retryMessageContent":"This email doesn't seem to be valid. Can you type it again?"},"outgoingEdgeId":"ki313ovmxres3gngk48g921g"}],"graphCoordinates":{"x":1271,"y":16.5}},{"id":"uirh0mgbgmaj4jqzdpuyxkyp","title":"Group #6","blocks":[{"id":"duptljx2puy7ef095qg1crwj","type":"text","content":{"richText":[{"type":"p","children":[{"text":"Muito bom, {{Nome }}. Você possui sócio(s) no seu negócio?"}]}]},"groupId":"uirh0mgbgmaj4jqzdpuyxkyp"},{"id":"m4ept5avjh8npn4ufrr32ha8","type":"choice input","items":[{"id":"e6nooka3hf1f68ebl2a1v9ue","type":0,"blockId":"m4ept5avjh8npn4ufrr32ha8","content":"Sim","outgoingEdgeId":"xxre1f1wowmnfnnh6ll33ljr"},{"id":"cacfxf4khu6e18yq3tikrpxo","type":0,"blockId":"m4ept5avjh8npn4ufrr32ha8","content":"Não","outgoingEdgeId":"nkg00utbwf8gtbwxb2dz1bxu"}],"groupId":"uirh0mgbgmaj4jqzdpuyxkyp","options":{"buttonLabel":"Send","isSearchable":false,"isMultipleChoice":false,"searchInputPlaceholder":"Filter the options..."}}],"graphCoordinates":{"x":1687,"y":13.5}},{"id":"hfb1ziu2rkj0f2nyf5w7n1wn","title":"Group #7","blocks":[{"id":"rsruskbtzjmozkrvgzsq887w","type":"text","content":{"richText":[{"type":"p","children":[{"bold":true,"text":"**ATENÇÃO**"},{"text":"É muito importante que pelo menos um dos sócios participe dessa reunião estratégica, onde Eu e Vocês vamos desenhar o vosso funil de vendas usando A NOVA INTELIGÊNCIA ARTIFICIAL  para Gerar leads ultra qualificados todos os dias.  Assim, poderão discutir os pontos abordados com mais propriedade e tirar o melhor proveito dessa sessão,"}]}]},"groupId":"hfb1ziu2rkj0f2nyf5w7n1wn"},{"id":"qp2x50ckl2t6mvcv2w4gvb88","type":"Wait","groupId":"hfb1ziu2rkj0f2nyf5w7n1wn","options":{"secondsToWaitFor":"3"}},{"id":"lyrezb535txou7gk9frvrstd","type":"text","content":{"richText":[{"type":"p","children":[{"text":"Tudo bem, {{Nome }}. Agora vamos prosseguir? Só preciso que me informes o seu site. Qual o seu site? "}]}]},"groupId":"hfb1ziu2rkj0f2nyf5w7n1wn"},{"id":"y9jch7n1imjs4omhnpstribe","type":"picture choice input","items":[{"id":"diukfsci1kc6pcvfanudildl","type":3,"title":"Digite seu site ou Instagram","blockId":"y9jch7n1imjs4omhnpstribe","pictureSrc":"https://media0.giphy.com/media/XIqCQx02E1U9W/giphy.gif?cid=fe3852a39is7idb616ypsezuazdj7xvj25jizhvs4v2c6tdl&ep=v1_gifs_search&rid=giphy.gif&ct=g","description":"Digite por favor.","outgoingEdgeId":"ifhnh5p775vnea8k1hvh0o3o"}],"groupId":"hfb1ziu2rkj0f2nyf5w7n1wn","options":{"buttonLabel":"Send","searchInputPlaceholder":"Filter the options..."}},{"id":"sf447d3tfelzfjc1lar4ss9m","type":"text input","groupId":"hfb1ziu2rkj0f2nyf5w7n1wn","options":{"isLong":false,"labels":{"button":"Enviar ","placeholder":"Digite seu site ou Instagram"},"variableId":"vjwog2jdsdugpwbcq0ehwpoy0"},"outgoingEdgeId":"n9h01on6kzclt9hu33f1bhb6"}],"graphCoordinates":{"x":2156.33,"y":21.5}},{"id":"drn3o913riqkf1qx3gj6s51q","title":"Group #8","blocks":[{"id":"okmw9h4sgq0cmmf594kgvixf","type":"text","content":{"richText":[{"type":"p","children":[{"text":"Obrigado!"}]}]},"groupId":"drn3o913riqkf1qx3gj6s51q"},{"id":"phaxajhao0i3wclfa88i44pl","type":"Wait","groupId":"drn3o913riqkf1qx3gj6s51q","options":{"secondsToWaitFor":"2"}},{"id":"ryaamt4lbqr5xd2t0zbn30i6","type":"text","content":{"richText":[{"type":"p","children":[{"text":"{{Nome }}, qual o faturamento MENSAL do seu negócio?"}]}]},"groupId":"drn3o913riqkf1qx3gj6s51q"},{"id":"x58ti3u7gchrf97wxdkrss1o","type":"choice input","items":[{"id":"gwpwsit2cfo0gf1ltebxucwu","type":0,"blockId":"x58ti3u7gchrf97wxdkrss1o","content":"Menos de R$20 mil ","outgoingEdgeId":"zrg0zlfgjoobj14lz85ptz3s"},{"id":"leynn0g32vqinmnu21wwftad","type":0,"blockId":"x58ti3u7gchrf97wxdkrss1o","content":"De 21 mil até 50 mil","outgoingEdgeId":"t7ing0t2zxmevkk6ops07u0g"},{"id":"zwrxxgl7n6r0h9raxsxuiiqw","type":0,"blockId":"x58ti3u7gchrf97wxdkrss1o","content":"De 51 mil até 75 mil","outgoingEdgeId":"kx1qrmhwgo3xogwf1t7t7q14"},{"id":"ms7ct4m84mjraywdx6540xjz","type":0,"blockId":"x58ti3u7gchrf97wxdkrss1o","content":"De 76 mil até 150 mil","outgoingEdgeId":"e41z7a4ealr2m66suquu6kx4"},{"id":"lvtfo483zsmudh0eojhylikb","type":0,"blockId":"x58ti3u7gchrf97wxdkrss1o","content":"De 151 mil até 499 mil","outgoingEdgeId":"km2uyp7hggiigpqwqhw08bxs"},{"id":"jp1n8cqb1juxbdd6fj39kg7l","type":0,"blockId":"x58ti3u7gchrf97wxdkrss1o","content":"De 500 mil até 1 milhão ","outgoingEdgeId":"fp1d4hxbgf2zmuulo52jj72u"},{"id":"ehjy2imq52the40oeak8dbq0","type":0,"blockId":"x58ti3u7gchrf97wxdkrss1o","content":"Mais de 1 milhão","outgoingEdgeId":"gqlg96wuh7siichpcsra8vg5"}],"groupId":"drn3o913riqkf1qx3gj6s51q","options":{"buttonLabel":"Send","isSearchable":false,"isMultipleChoice":false,"searchInputPlaceholder":"Filter the options..."},"outgoingEdgeId":"o9wuhdvin1w954t2cayvct1k"}],"graphCoordinates":{"x":2664.17,"y":583}},{"id":"foximvp10pdaplgeollpgobz","title":"OURO","blocks":[{"id":"mdajv8bxth0b4dkok3i20yyp","type":"Redirect","groupId":"foximvp10pdaplgeollpgobz","options":{"url":"https://wa.me/5511995233880?text=Ol%C3%A1%2C+quero+atendimento+personalizado%21","isNewTab":false}}],"graphCoordinates":{"x":3311.83,"y":1343.17}},{"id":"glbpkzjt3c49jc8h46zw42jx","title":"Group #10","blocks":[{"id":"i5ee0wgyovqkeewpni68leel","type":"text","content":{"richText":[{"type":"p","children":[{"text":"Se você tivesse acesso a estratégia perfeita para aumentar o faturamento da sua empresa, quanto estaria disposto a investir por mês em anúncios pagos?"}]}]},"groupId":"glbpkzjt3c49jc8h46zw42jx"},{"id":"dghtz6fb6cc22vbc28e2gss2","type":"choice input","items":[{"id":"yewvj1y4gxysvkud4ccjghxt","type":0,"blockId":"dghtz6fb6cc22vbc28e2gss2","content":"De R$1.500 a R$1.999","outgoingEdgeId":"d219lflgwk54o7zmcrzldtj0"},{"id":"bq5zrsi8zn3y10ffxxe29xnc","type":0,"blockId":"dghtz6fb6cc22vbc28e2gss2","content":"De R$4.100 a R$6.000","outgoingEdgeId":"wko60nbgxv3t63lpww72u0iz"},{"id":"nqwm36u6hipminm34v6aogmc","type":0,"blockId":"dghtz6fb6cc22vbc28e2gss2","content":"Acima de R$15.000","outgoingEdgeId":"h0jl9baa1yxda7tswnhecppd"},{"id":"wbtb52j5f06n0evtpjeicv2c","type":0,"blockId":"dghtz6fb6cc22vbc28e2gss2","content":"Não Estou Disposto a Investir Nada","outgoingEdgeId":"jc5vmgva731hc9hnesudvwao"},{"id":"fvn9owlbtmqaj3d9b2bxglhw","type":0,"blockId":"dghtz6fb6cc22vbc28e2gss2","content":"Menos de R$1.500","outgoingEdgeId":"znps7bcxlsorxb24suf3w6mm"}],"groupId":"glbpkzjt3c49jc8h46zw42jx","options":{"buttonLabel":"Send","isSearchable":false,"isMultipleChoice":false,"searchInputPlaceholder":"Filter the options..."}}],"graphCoordinates":{"x":3314.83,"y":471.17}},{"id":"vlm1u3juoie9b31cx942jefm","title":"Group #12","blocks":[{"id":"b776a926mkjo9dzak67mdq62","type":"text","content":{"richText":[{"type":"p","children":[{"text":"{{Nome }}, normalmente nossos clientes investem um valor inicial de R$2.000,00/mês"}]}]},"groupId":"vlm1u3juoie9b31cx942jefm"},{"id":"bxrkrmisbx2atve6g08sowwy","type":"Wait","groupId":"vlm1u3juoie9b31cx942jefm","options":{"secondsToWaitFor":"2"}},{"id":"fc5xk2fznaq7gmf2uc6pj0ab","type":"text","content":{"richText":[{"type":"p","children":[{"text":"Caso você se identifique com o  nosso funil de vendas usando A NOVA INTELIGÊNCIA ARTIFICIAL para Gerar leads Ultra Qualificados Todos os Dias, que vamos aplicar para te ajudar a fechar vendas Todos os Meses, você consideraria esse valor no seu orçamento ou está fora da sua realidade neste momento?"}]}]},"groupId":"vlm1u3juoie9b31cx942jefm"},{"id":"f1msae5myszjgr4ptmtgh7eh","type":"Wait","groupId":"vlm1u3juoie9b31cx942jefm","options":{"secondsToWaitFor":"2"}},{"id":"w1gdquujqce5qsoozm167x1j","type":"choice input","items":[{"id":"s3zja51vp6phjwbx0pdnwr4a","type":0,"blockId":"w1gdquujqce5qsoozm167x1j","content":"Se eu gostar posso encaixar no meu financeiro","outgoingEdgeId":"wyw1ca0bw61s40jkuywsma04"},{"id":"gefjm08lvhaltfapijxcx8s1","type":0,"blockId":"w1gdquujqce5qsoozm167x1j","content":"No momento, este valor está fora da minha realidade ","outgoingEdgeId":"a9gdufpyh38cqyujvklatc2f"}],"groupId":"vlm1u3juoie9b31cx942jefm","options":{"buttonLabel":"Send","isSearchable":false,"isMultipleChoice":false,"searchInputPlaceholder":"Filter the options..."}}],"graphCoordinates":{"x":3999.67,"y":-96}},{"id":"qghqe0r4oftjtl2be55ja3k3","title":"Group #12","blocks":[{"id":"eo2kizlsxe1jph9kxyncbwbq","type":"text","content":{"richText":[{"type":"p","children":[{"text":"Perfeito nos possuimos estratégias de menor valor mas lembre-se existe o valor da nossa prestação de serviço. Você deseja continuar?"}]}]},"groupId":"qghqe0r4oftjtl2be55ja3k3"},{"id":"tsmov4xzg13uxqq66qei1425","type":"choice input","items":[{"id":"k9j5n2mdgwrzlx3hh7bj8ts7","type":0,"blockId":"tsmov4xzg13uxqq66qei1425","content":"Sim ","outgoingEdgeId":"tho0xiebmran3hjc8ynhddj7"},{"id":"xbl5helzimh7qiiai26c7u0p","type":0,"blockId":"tsmov4xzg13uxqq66qei1425","content":"Não","outgoingEdgeId":"i4yl25mv27r46jzmv257gz9q"}],"groupId":"qghqe0r4oftjtl2be55ja3k3","options":{"buttonLabel":"Send","isSearchable":false,"isMultipleChoice":false,"searchInputPlaceholder":"Filter the options..."}}],"graphCoordinates":{"x":4400.67,"y":1249}},{"id":"aa14imwbsinbmjfyrk53zwnx","title":"Group #14","blocks":[{"id":"fogmg0r3ml713yk22ve38irk","type":"text","content":{"richText":[{"type":"p","children":[{"text":"Certo, não se preocupe. Nesse caso, Eu e Você vamos desenhar o seu funil de vendas usando A NOVA INTELIGÊNCIA ARTIFICIAL para Gerar leads Ultra Qualificados Todos os Dias"}]}]},"groupId":"aa14imwbsinbmjfyrk53zwnx","outgoingEdgeId":"cz9hxf09e1ptndbm4eck34os"}],"graphCoordinates":{"x":1711.67,"y":490}},{"id":"w774kk73xpbg7i8a0d6bw80u","title":"Group #14","blocks":[{"id":"hm64xeiqp95ykqwp8tjbyy3h","type":"picture choice input","items":[{"id":"aqagy3vm6emctnxnv87565sn","type":3,"blockId":"hm64xeiqp95ykqwp8tjbyy3h","pictureSrc":"https://media3.giphy.com/media/8Wub2WCMscABvWt3DP/giphy-downsized.gif?cid=fe3852a3tvr5llo5d53gkx36t3ioh3qtdxcox9fvzrj8v2ie&ep=v1_gifs_search&rid=giphy-downsized.gif&ct=g"}],"groupId":"w774kk73xpbg7i8a0d6bw80u","options":{"buttonLabel":"Send","searchInputPlaceholder":"Filter the options..."}}],"graphCoordinates":{"x":4834.67,"y":1566.5}},{"id":"kk4o8oapkb58xrpq0jppwd09","title":"Group #15","blocks":[{"id":"s4nfl5r6k3lu9n9e25c11eox","type":"Redirect","groupId":"kk4o8oapkb58xrpq0jppwd09","options":{"url":"https://wa.me/5511995233880?text=Ol%C3%A1%2C+quero+o+menor+plano","isNewTab":false}}],"graphCoordinates":{"x":4874.67,"y":1317.5}},{"id":"furm70voovouax1bpkask3pg","title":"Group #17","blocks":[{"id":"zhypnifcu0sdtgw8go9dqt1n","type":"text","content":{"richText":[{"type":"p","children":[{"text":"Perfeito! Chegou a hora de dar opróximo passo!"}]},{"type":"p","children":[{"text":"Aproveite a oportunidade de receber uma avaliação gratuita do seu negócio e uma proposta 100% personalizada de marketing digital!"}]}]},"groupId":"furm70voovouax1bpkask3pg"},{"id":"mvgxg9c7jv7roxtvoi7z4d9p","type":"Wait","groupId":"furm70voovouax1bpkask3pg","options":{"secondsToWaitFor":"2"}},{"id":"w3thf8d5fjy31dlaic9wtk88","type":"Redirect","groupId":"furm70voovouax1bpkask3pg","options":{"url":"https://wa.me/5511995233880?text=Ol%C3%A1%2C+quero+dar+o+pr%C3%B3ximo+passo%21","isNewTab":false}}],"graphCoordinates":{"x":4845.83,"y":627.83}}],"variables":[{"id":"vly358ppn8b3s0ueq6zv9ofus","name":"Nome "},{"id":"vewl87tqnk9cketzxatr54kba","name":"Idade do broxa"},{"id":"vk1yllb1fi2jrwx88k5q78fe6","name":"WhatsApp"},{"id":"vjwog2jdsdugpwbcq0ehwpoy0","name":"Site"}],"edges":[{"id":"y2aclctlax803shjifn1e8if","to":{"groupId":"o99lfc3419ema1vj1jsyhl5c"},"from":{"blockId":"t3bggdjqihzjvuhbio6hyedo","groupId":"laciu10omy95fnx9huhd6bkq"}},{"id":"kugvvepzk8tevxchkv5ose7s","to":{"groupId":"xqq02dlnzgadgrenqc1q2j4u"},"from":{"blockId":"se1lt8d41lgp09tgjf35edoa","groupId":"o99lfc3419ema1vj1jsyhl5c"}},{"id":"zgouwexcbudpa3xcph9jojy9","to":{"groupId":"n6sny4sxe8d4xh0l144leq2z"},"from":{"itemId":"f8lg1wn6odax6eg1lud9i9sk","blockId":"lvah5c7n16ovpfotpp3n36nw","groupId":"xqq02dlnzgadgrenqc1q2j4u"}},{"id":"x5hr7wpahpia9v47k200p3ze","to":{"groupId":"zbaashawce42ty6qf9a1yhz6"},"from":{"itemId":"w6o9fqapyyxojao2i4d3pjhm","blockId":"lvah5c7n16ovpfotpp3n36nw","groupId":"xqq02dlnzgadgrenqc1q2j4u"}},{"id":"jzqwib6vr7psh52bxiqccguy","to":{"groupId":"zbaashawce42ty6qf9a1yhz6"},"from":{"blockId":"rowtck9n871v9wi2wbnljbxr","groupId":"n6sny4sxe8d4xh0l144leq2z"}},{"id":"ki313ovmxres3gngk48g921g","to":{"groupId":"uirh0mgbgmaj4jqzdpuyxkyp"},"from":{"blockId":"kwabn06jiw8q0ugy8sie06mh","groupId":"zbaashawce42ty6qf9a1yhz6"}},{"id":"xxre1f1wowmnfnnh6ll33ljr","to":{"groupId":"hfb1ziu2rkj0f2nyf5w7n1wn"},"from":{"itemId":"e6nooka3hf1f68ebl2a1v9ue","blockId":"m4ept5avjh8npn4ufrr32ha8","groupId":"uirh0mgbgmaj4jqzdpuyxkyp"}},{"id":"rxr4m7nqcfiaji1uxuxd8z37","to":{"blockId":"rowtck9n871v9wi2wbnljbxr","groupId":"n6sny4sxe8d4xh0l144leq2z"},"from":{"itemId":"ofuj9ibqphmq9lit2tc62tgl","blockId":"xn1qds5c5av8gvc9li2050jy","groupId":"n6sny4sxe8d4xh0l144leq2z"}},{"id":"ifhnh5p775vnea8k1hvh0o3o","to":{"blockId":"sf447d3tfelzfjc1lar4ss9m","groupId":"hfb1ziu2rkj0f2nyf5w7n1wn"},"from":{"itemId":"diukfsci1kc6pcvfanudildl","blockId":"y9jch7n1imjs4omhnpstribe","groupId":"hfb1ziu2rkj0f2nyf5w7n1wn"}},{"id":"n9h01on6kzclt9hu33f1bhb6","to":{"blockId":"okmw9h4sgq0cmmf594kgvixf","groupId":"drn3o913riqkf1qx3gj6s51q"},"from":{"blockId":"sf447d3tfelzfjc1lar4ss9m","groupId":"hfb1ziu2rkj0f2nyf5w7n1wn"}},{"id":"fp1d4hxbgf2zmuulo52jj72u","to":{"blockId":"mdajv8bxth0b4dkok3i20yyp","groupId":"foximvp10pdaplgeollpgobz"},"from":{"itemId":"jp1n8cqb1juxbdd6fj39kg7l","blockId":"x58ti3u7gchrf97wxdkrss1o","groupId":"drn3o913riqkf1qx3gj6s51q"}},{"id":"gqlg96wuh7siichpcsra8vg5","to":{"groupId":"foximvp10pdaplgeollpgobz"},"from":{"itemId":"ehjy2imq52the40oeak8dbq0","blockId":"x58ti3u7gchrf97wxdkrss1o","groupId":"drn3o913riqkf1qx3gj6s51q"}},{"id":"zrg0zlfgjoobj14lz85ptz3s","to":{"groupId":"glbpkzjt3c49jc8h46zw42jx"},"from":{"itemId":"gwpwsit2cfo0gf1ltebxucwu","blockId":"x58ti3u7gchrf97wxdkrss1o","groupId":"drn3o913riqkf1qx3gj6s51q"}},{"id":"t7ing0t2zxmevkk6ops07u0g","to":{"groupId":"glbpkzjt3c49jc8h46zw42jx"},"from":{"itemId":"leynn0g32vqinmnu21wwftad","blockId":"x58ti3u7gchrf97wxdkrss1o","groupId":"drn3o913riqkf1qx3gj6s51q"}},{"id":"kx1qrmhwgo3xogwf1t7t7q14","to":{"groupId":"glbpkzjt3c49jc8h46zw42jx"},"from":{"itemId":"zwrxxgl7n6r0h9raxsxuiiqw","blockId":"x58ti3u7gchrf97wxdkrss1o","groupId":"drn3o913riqkf1qx3gj6s51q"}},{"id":"e41z7a4ealr2m66suquu6kx4","to":{"groupId":"glbpkzjt3c49jc8h46zw42jx"},"from":{"itemId":"ms7ct4m84mjraywdx6540xjz","blockId":"x58ti3u7gchrf97wxdkrss1o","groupId":"drn3o913riqkf1qx3gj6s51q"}},{"id":"km2uyp7hggiigpqwqhw08bxs","to":{"groupId":"glbpkzjt3c49jc8h46zw42jx"},"from":{"itemId":"lvtfo483zsmudh0eojhylikb","blockId":"x58ti3u7gchrf97wxdkrss1o","groupId":"drn3o913riqkf1qx3gj6s51q"}},{"id":"o9wuhdvin1w954t2cayvct1k","to":{"blockId":"i5ee0wgyovqkeewpni68leel","groupId":"glbpkzjt3c49jc8h46zw42jx"},"from":{"blockId":"x58ti3u7gchrf97wxdkrss1o","groupId":"drn3o913riqkf1qx3gj6s51q"}},{"id":"d219lflgwk54o7zmcrzldtj0","to":{"blockId":"b776a926mkjo9dzak67mdq62","groupId":"vlm1u3juoie9b31cx942jefm"},"from":{"itemId":"yewvj1y4gxysvkud4ccjghxt","blockId":"dghtz6fb6cc22vbc28e2gss2","groupId":"glbpkzjt3c49jc8h46zw42jx"}},{"id":"jc5vmgva731hc9hnesudvwao","to":{"groupId":"vlm1u3juoie9b31cx942jefm"},"from":{"itemId":"wbtb52j5f06n0evtpjeicv2c","blockId":"dghtz6fb6cc22vbc28e2gss2","groupId":"glbpkzjt3c49jc8h46zw42jx"}},{"id":"znps7bcxlsorxb24suf3w6mm","to":{"groupId":"vlm1u3juoie9b31cx942jefm"},"from":{"itemId":"fvn9owlbtmqaj3d9b2bxglhw","blockId":"dghtz6fb6cc22vbc28e2gss2","groupId":"glbpkzjt3c49jc8h46zw42jx"}},{"id":"a9gdufpyh38cqyujvklatc2f","to":{"groupId":"qghqe0r4oftjtl2be55ja3k3"},"from":{"itemId":"gefjm08lvhaltfapijxcx8s1","blockId":"w1gdquujqce5qsoozm167x1j","groupId":"vlm1u3juoie9b31cx942jefm"}},{"id":"nkg00utbwf8gtbwxb2dz1bxu","to":{"groupId":"aa14imwbsinbmjfyrk53zwnx"},"from":{"itemId":"cacfxf4khu6e18yq3tikrpxo","blockId":"m4ept5avjh8npn4ufrr32ha8","groupId":"uirh0mgbgmaj4jqzdpuyxkyp"}},{"id":"cz9hxf09e1ptndbm4eck34os","to":{"blockId":"lyrezb535txou7gk9frvrstd","groupId":"hfb1ziu2rkj0f2nyf5w7n1wn"},"from":{"blockId":"fogmg0r3ml713yk22ve38irk","groupId":"aa14imwbsinbmjfyrk53zwnx"}},{"id":"i4yl25mv27r46jzmv257gz9q","to":{"groupId":"w774kk73xpbg7i8a0d6bw80u"},"from":{"itemId":"xbl5helzimh7qiiai26c7u0p","blockId":"tsmov4xzg13uxqq66qei1425","groupId":"qghqe0r4oftjtl2be55ja3k3"}},{"id":"tho0xiebmran3hjc8ynhddj7","to":{"blockId":"s4nfl5r6k3lu9n9e25c11eox","groupId":"kk4o8oapkb58xrpq0jppwd09"},"from":{"itemId":"k9j5n2mdgwrzlx3hh7bj8ts7","blockId":"tsmov4xzg13uxqq66qei1425","groupId":"qghqe0r4oftjtl2be55ja3k3"}},{"id":"wko60nbgxv3t63lpww72u0iz","to":{"groupId":"furm70voovouax1bpkask3pg"},"from":{"itemId":"bq5zrsi8zn3y10ffxxe29xnc","blockId":"dghtz6fb6cc22vbc28e2gss2","groupId":"glbpkzjt3c49jc8h46zw42jx"}},{"id":"h0jl9baa1yxda7tswnhecppd","to":{"groupId":"furm70voovouax1bpkask3pg"},"from":{"itemId":"nqwm36u6hipminm34v6aogmc","blockId":"dghtz6fb6cc22vbc28e2gss2","groupId":"glbpkzjt3c49jc8h46zw42jx"}},{"id":"wyw1ca0bw61s40jkuywsma04","to":{"groupId":"furm70voovouax1bpkask3pg"},"from":{"itemId":"s3zja51vp6phjwbx0pdnwr4a","blockId":"w1gdquujqce5qsoozm167x1j","groupId":"vlm1u3juoie9b31cx942jefm"}}],"theme":{"chat":{"inputs":{"color":"#303235","backgroundColor":"#FFFFFF","placeholderColor":"#9095A0"},"buttons":{"color":"#FFFFFF","backgroundColor":"#035d54"},"roundness":"large","hostAvatar":{"url":"https://s3.fr-par.scw.cloud/typebot/public/typebots/f4w2dtfvvyyhshmhda7gnedu/hostAvatar?v=1690159247238","isEnabled":true},"hostBubbles":{"color":"#303235","backgroundColor":"#FFFFFF"},"guestBubbles":{"color":"#303235","backgroundColor":"#e1ffc7"}},"general":{"font":"Open Sans","background":{"type":"Image","content":"https://s3.fr-par.scw.cloud/typebot/public/typebots/cli88mae30010mh0f0yzjqn48/background?v=1685470080750"}},"customCss":".typebot-chat-view > .flex:first-child {\n    padding-top: 30px;\n}\n\n.typebot-input {\n    position: fixed;\n    bottom: 0;\n    align-items: center;\n    z-index: 999;\n    right: 0;\n}\n\n.typebot-input .typebot-button {\n    background: #008a7c;\n    border-radius: 50%;\n    color: #fff;\n    position: relative;\n    width: 50px;\n    height: 50px;\n    display: flex;\n    align-items: center;\n    justify-content: center;\n}\n\n.typebot-container {\n    background-size: initial!important;\n    background-repeat: repeat-x!important;\n}\n\n.typebot-host-bubble>.bubble-typing {\n  border-radius: 0 5px 5px 5px;\n}\n\n.typebot-host-bubble>.bubble-typing:after {\n    position: absolute;\n    content: \"\";\n    width: 0;\n    height: 0;\n    border-style: solid;\n    border-width: 0px 10px 10px 0;\n    border-color: transparent #fff transparent transparent;\n    top: 0;\n    left: -10px;\n}\n\n.typebot-guest-bubble {\n  position: relative;\n  border-radius: 5px 0 5px 5px;\n}\n\n.typebot-guest-bubble:after {\n  position: absolute;\n  content: \"\";\n  width: 0;\n  height: 0;\n  border-style: solid;\n}\n\n.typebot-guest-bubble:after {\n    border-width: 0px 0 10px 10px;\n    border-color: transparent transparent transparent #e1ffc7;\n    top: 0;\n    right: -10px;\n    border-style: solid;\n}\n\niframe[src=\"\"] {\n  position: fixed;\n  top: 0;\n  left: 0;\n  display: relative;\n  width: 100%;\n  height: 100% !important;\n  z-index: 999999;\n  border: none;\n  padding: 0;\n  margin: 0;\n}\n\na#lite-badge {\n  display: none!important;\n}"},"settings":{"general":{"rememberUser":{"isEnabled":false},"isBrandingEnabled":false,"isInputPrefillEnabled":false,"isHideQueryParamsEnabled":false},"metadata":{"title":"WhatsApp","imageUrl":"https://s3.fr-par.scw.cloud/typebot/public/typebots/f4w2dtfvvyyhshmhda7gnedu/ogImage?v=1690170906104","favIconUrl":"https://s3.fr-par.scw.cloud/typebot/public/typebots/f4w2dtfvvyyhshmhda7gnedu/favIcon?v=1690170897862","description":"Faça agora sua consultoria com Anderson no WhatsApp.","customHeadCode":"<!-- Meta Pixel Code -->\n<script>\n!function(f,b,e,v,n,t,s)\n{if(f.fbq)return;n=f.fbq=function(){n.callMethod?\nn.callMethod.apply(n,arguments):n.queue.push(arguments)};\nif(!f._fbq)f._fbq=n;n.push=n;n.loaded=!0;n.version='2.0';\nn.queue=[];t=b.createElement(e);t.async=!0;\nt.src=v;s=b.getElementsByTagName(e)[0];\ns.parentNode.insertBefore(t,s)}(window, document,'script',\n'https://connect.facebook.net/en_US/fbevents.js');\nfbq('init', '419818646897332');\nfbq('track', 'PageView');\n</script>\n<noscript><img height=\"1\" width=\"1\" style=\"display:none\"\nsrc=\"https://www.facebook.com/tr?id=419818646897332&ev=PageView&noscript=1\"\n/></noscript>\n<!-- End Meta Pixel Code -->\n<link rel=\"stylesheet\" href=\"https://cdnjs.cloudflare.com/ajax/libs/material-design-iconic-font/2.2.0/css/material-design-iconic-font.min.css\">\n<style>\n  .hide {\n    display: none!important;\n  }\n  typebot-standard {\n    position: relative;\n    z-index: 9999;\n  }\n  #__next {\n    position: relative;\n    z-index: 9999;\n}\n  /* User Bar */\n.user-bar {\n  width: 100%;\n  height: 55px;\n  background: #005e54;\n  color: #fff;\n  padding: 0;\n  font-size: 24px;\n  position: fixed;\n  z-index: 99999;\n  display: block;\n  top: 0;\n}\n\n.user-bar:after {\n  content: \"\";\n  display: table;\n  clear: both;\n}\n\n.user-bar div {\n    float: left;\n    transform: translateY(-50%);\n    position: relative;\n    top: 50%;\n    margin-left: 10px;\n}\n\n.user-bar .actions {\n  float: right;\n  margin: 0 0 0 20px;\n}\n\n.user-bar .actions.more {\n  margin: 0 12px 0 32px;\n}\n\n.user-bar .actions.attachment {\n  margin: 0 0 0 30px;\n}\n\n.user-bar .actions.attachment i {\n  display: block;\n  transform: rotate(-45deg);\n}\n\n.user-bar .avatar {\n  margin: 0 0 0 5px;\n  width: 36px;\n  height: 36px;\n}\n\n.user-bar .avatar img {\n  border-radius: 50%;\n  box-shadow: 0 1px 0 rgba(255, 255, 255, 0.1);\n  display: block;\n  width: 100%;\n}\n\n.user-bar .name {\n  font-size: 17px;\n  font-weight: 600;\n  text-overflow: ellipsis;\n  letter-spacing: 0.3px;\n  margin: 0 0 0 8px;\n  overflow: hidden;\n  white-space: nowrap;\n  width: 150px;\n}\n\n.user-bar .status {\n  display: block;\n  font-size: 13px;\n  font-weight: 400;\n  letter-spacing: 0;\n}\n</style>\n\n<script>\nfunction criarBarra() {\n  var userBar = document.createElement(\"div\");\n  userBar.className = \"user-bar\";\n\n  var backButton = document.createElement(\"div\");\n  backButton.className = \"back\";\n  backButton.innerHTML = '<i class=\"zmdi zmdi-arrow-left\"></i>';\n\n  var avatar = document.createElement(\"div\");\n  avatar.className = \"avatar\";\n  avatar.innerHTML = '<img src=\"https://i.postimg.cc/t4RWYGXW/Captura-de-tela-2023-07-23-214027.png\" alt=\"Anderson MKT\">';\n\n  var name = document.createElement(\"div\");\n  name.className = \"name\";\n  name.innerHTML = '<span>Anderson MKT</span> <span data-testid=\"psa-verified\" data-icon=\"psa-verified\" class=\"\"><svg viewBox=\"0 0 18 18\" height=\"18\" width=\"18\" preserveAspectRatio=\"xMidYMid meet\" class=\"\" version=\"1.1\" x=\"0px\" y=\"0px\" enable-background=\"new 0 0 18 18\" xml:space=\"preserve\"><polygon id=\"Star-2\" fill=\"#00DA60\" points=\"9,16 7.1,16.9 5.8,15.2 3.7,15.1 3.4,13 1.5,12 2.2,9.9 1.1,8.2 2.6,6.7 2.4,4.6 4.5,4 5.3,2 7.4,2.4 9,1.1 10.7,2.4 12.7,2 13.6,4 15.6,4.6 15.5,6.7 17,8.2 15.9,9.9 16.5,12 14.7,13 14.3,15.1 12.2,15.2 10.9,16.9 \"></polygon><polygon id=\"Check-Icon\" fill=\"#FFFFFF\" points=\"13.1,7.3 12.2,6.5 8.1,10.6 5.9,8.5 5,9.4 8,12.4 \"></polygon></svg></span><span class=\"status\">online</span>';\n\n  var moreActions = document.createElement(\"div\");\n  moreActions.className = \"actions more\";\n  moreActions.innerHTML = '<i class=\"zmdi zmdi-more-vert\"></i>';\n\n  var attachmentAction = document.createElement(\"div\");\n  attachmentAction.className = \"actions attachment\";\n  attachmentAction.innerHTML = '<i class=\"zmdi zmdi-attachment-alt\"></i>';\n\n  var phoneAction = document.createElement(\"div\");\n  phoneAction.className = \"actions\";\n  phoneAction.innerHTML = '<i class=\"zmdi zmdi-phone\"></i>';\n\n  userBar.appendChild(backButton);\n  userBar.appendChild(avatar);\n  userBar.appendChild(name);\n  userBar.appendChild(moreActions);\n  userBar.appendChild(attachmentAction);\n  userBar.appendChild(phoneAction);\n\n  var elementoPai = document.querySelector(\"#__next\");\n  if (elementoPai) {\n    elementoPai.insertBefore(userBar, elementoPai.firstChild);\n  }\n}\n\ncriarBarra();\n</script>\n","googleTagManagerId":"GTM-WLCVJ5G"},"typingEmulation":{"speed":300,"enabled":true,"maxDelay":2}}}