{"id":"clk4irfj0005fld0fjtv2wdbg","version":"3","groups":[{"id":"c7upygnmgj4czdh9lzcrhvod","title":"Start","blocks":[{"id":"cx5iel8jxfo4caorf8rnjiw0","type":"start","label":"Start","groupId":"c7upygnmgj4czdh9lzcrhvod","outgoingEdgeId":"r21wx39w3oebog9jepiv88yo"}],"graphCoordinates":{"x":-1804.43,"y":-11.61}},{"id":"k0rvhimq7j3svachn41wi7aj","title":"","blocks":[{"id":"ojoiuqw11ol7mluihnpdkffy","type":"text","content":{"richText":[{"type":"p","children":[{"text":"Olá, meu nome é Josias, Consultor de Negócios..."}]}]},"groupId":"k0rvhimq7j3svachn41wi7aj"},{"id":"h9jhpsm5w83cfrwtlqtvsd38","type":"Wait","groupId":"k0rvhimq7j3svachn41wi7aj","options":{"secondsToWaitFor":"2"}},{"id":"a4s8rdrkzzptrokanrz874zk","type":"audio","content":{"url":"https://s3.fr-par.scw.cloud/typebot/public/typebots/pgj4hizrsmz4ab6mtwdses8r/blocks/a4s8rdrkzzptrokanrz874zk?v=1689553179684"},"groupId":"k0rvhimq7j3svachn41wi7aj"},{"id":"amfwk99rwrspc7o6hro0bv7v","type":"Wait","groupId":"k0rvhimq7j3svachn41wi7aj","options":{"secondsToWaitFor":"21"}},{"id":"m7hyad5p6ut0xvivxnkmkdgy","type":"image","content":{"url":"https://s3.fr-par.scw.cloud/typebot/public/typebots/pgj4hizrsmz4ab6mtwdses8r/blocks/m7hyad5p6ut0xvivxnkmkdgy?v=1689547267362"},"groupId":"k0rvhimq7j3svachn41wi7aj"},{"id":"dbi2zwoddcnec8xrykof79b8","type":"Wait","groupId":"k0rvhimq7j3svachn41wi7aj","options":{"secondsToWaitFor":"2"}},{"id":"qgabe8bc82icxs4d0qnrazvx","type":"text","content":{"richText":[{"type":"p","children":[{"text":"Gostaria de "},{"bold":true,"text":"participar"},{"text":" do meu "}]},{"type":"p","children":[{"bold":true,"text":"programa GRATUITO de COMO SAIR DA DÍVIDAS?"}]}]},"groupId":"k0rvhimq7j3svachn41wi7aj"},{"id":"c8zvdcs07rxg9q2yckyprsyn","type":"choice input","items":[{"id":"cigszfogy5e8w000i07vu0rl","type":0,"blockId":"c8zvdcs07rxg9q2yckyprsyn","content":"CLIQUE AQUI PARA SABER MAIS!"}],"groupId":"k0rvhimq7j3svachn41wi7aj","options":{"buttonLabel":"Send","isSearchable":false,"isMultipleChoice":false,"searchInputPlaceholder":"Filter the options..."},"outgoingEdgeId":"gxypzs5aq2p9l7k0qp3g4r4g"}],"graphCoordinates":{"x":-1443.72,"y":0.02}},{"id":"zvudbefxscrpdm8uiaf8tbb0","title":"","blocks":[{"id":"p72v7j6oia4oy91v9dwbeind","type":"text","content":{"richText":[{"type":"p","children":[{"text":"Seu objetivo é bem parecido com o do Marcelo quando me produrou..."}]}]},"groupId":"zvudbefxscrpdm8uiaf8tbb0"},{"id":"fzfumyw7ixn08k4jnwnxssas","type":"Wait","groupId":"zvudbefxscrpdm8uiaf8tbb0","options":{"secondsToWaitFor":"3"}},{"id":"b67yqw5t665wip4u448klheu","type":"audio","content":{"url":"https://s3.fr-par.scw.cloud/typebot/public/typebots/pgj4hizrsmz4ab6mtwdses8r/blocks/b67yqw5t665wip4u448klheu?v=1689554207475"},"groupId":"zvudbefxscrpdm8uiaf8tbb0"},{"id":"tqrx408qz0zt8ecoigbemlvv","type":"Wait","groupId":"zvudbefxscrpdm8uiaf8tbb0","options":{"secondsToWaitFor":"55"}},{"id":"yjch77w6ixh9u6xuuzcllfgn","type":"embed","content":{"url":"https://scripts.converteai.net/f22a21c2-f279-4810-a7c2-b6323a63b5d7/players/647d631665ce7000094ba958/embed.html","height":300},"groupId":"zvudbefxscrpdm8uiaf8tbb0"},{"id":"ep3y54bihou14gpgthwg09fx","type":"Wait","groupId":"zvudbefxscrpdm8uiaf8tbb0","options":{"secondsToWaitFor":"29"}},{"id":"utu1c5sd3r6wpy6qz4p1fix2","type":"text","content":{"richText":[{"type":"p","children":[{"text":"Já o caso da Vera foi bem diferente..."}]}]},"groupId":"zvudbefxscrpdm8uiaf8tbb0"},{"id":"cmg4jb19x6d4yf0hlgef4d4r","type":"Wait","groupId":"zvudbefxscrpdm8uiaf8tbb0","options":{"secondsToWaitFor":"2"}},{"id":"pt25tv657uxw5omj9h3gm0ia","type":"audio","content":{"url":"https://s3.fr-par.scw.cloud/typebot/public/typebots/pgj4hizrsmz4ab6mtwdses8r/blocks/pt25tv657uxw5omj9h3gm0ia?v=1689555903333"},"groupId":"zvudbefxscrpdm8uiaf8tbb0"},{"id":"spg2xvw7ec28gd07g7yk5ru9","type":"Wait","groupId":"zvudbefxscrpdm8uiaf8tbb0","options":{"secondsToWaitFor":"31"}},{"id":"pxsw0owu5yfb4vi9azgpnf28","type":"embed","content":{"url":"https://scripts.converteai.net/f22a21c2-f279-4810-a7c2-b6323a63b5d7/players/647d5e441613250009372d82/embed.html","height":600},"groupId":"zvudbefxscrpdm8uiaf8tbb0"},{"id":"zui2rgpps5hpl8ojufhjt71p","type":"Wait","groupId":"zvudbefxscrpdm8uiaf8tbb0","options":{"secondsToWaitFor":"31"}},{"id":"qlzpncdli50qn183tmygy5zl","type":"text","content":{"richText":[{"type":"p","children":[{"text":"Em qual áreas eu posso te ajudar, seja ela qual for?"}]}]},"groupId":"zvudbefxscrpdm8uiaf8tbb0"},{"id":"b2923j6eho3hoitcyt7t2elu","type":"text input","groupId":"zvudbefxscrpdm8uiaf8tbb0","options":{"isLong":false,"labels":{"button":"Enviar","placeholder":"Digite aqui..."}},"outgoingEdgeId":"e137q58vwipfagsxr4gyrj88"}],"graphCoordinates":{"x":-644.02,"y":24.34}},{"id":"qbm3c3kiso3pi9ctkp8tvddz","title":"","blocks":[{"id":"jod99kisimo8xbxjd1sfga1q","type":"text","content":{"richText":[{"type":"p","children":[{"text":"Eu tenho a solução para todos esses problemas..."}]}]},"groupId":"qbm3c3kiso3pi9ctkp8tvddz"},{"id":"flmlgn4x2t0k81ib55z4ct8a","type":"text","content":{"richText":[{"type":"p","children":[{"text":"Dentro do Método Rota 45 Graus, você vai:  "}]}]},"groupId":"qbm3c3kiso3pi9ctkp8tvddz"},{"id":"txkzg3nq7zg9xg4ip5kaicx9","type":"Wait","groupId":"qbm3c3kiso3pi9ctkp8tvddz","options":{"secondsToWaitFor":"4"}},{"id":"f79ru6dedcyjtkkye1yid1v3","type":"text","content":{"richText":[{"type":"p","children":[{"text":"✅ Criar um Fluxo de Caixa"}]},{"type":"p","children":[{"text":"✅ Reduzir Despesas Fixas"}]},{"type":"p","children":[{"text":"✅ Reduzir Despesas Variáveis"}]},{"type":"p","children":[{"text":"✅ Adequar o % de Lucratividade"}]},{"type":"p","children":[{"text":"✅ Gerar um Capital de Giro "}]},{"type":"p","children":[{"text":"✅ Treinar melhor a sua Equipe"}]},{"type":"p","children":[{"text":"✅ Montar um Cronograma de Pagamentos "}]},{"type":"p","children":[{"text":"✅ Aprender a Negociar Dívidas                             ✅ Controlar e Acompanhar Vendas"}]},{"type":"p","children":[{"text":"✅ Aprender se relacionar bem Credores"}]}]},"groupId":"qbm3c3kiso3pi9ctkp8tvddz"},{"id":"ajrb9odpovoh1qrju3wubv7r","type":"Wait","groupId":"qbm3c3kiso3pi9ctkp8tvddz","options":{"secondsToWaitFor":"10"}},{"id":"wxso3jatsxdjkvnamma6mg4a","type":"text input","groupId":"qbm3c3kiso3pi9ctkp8tvddz","options":{"isLong":false,"labels":{"button":"Enviar","placeholder":"Digite a área mais crítica..."}},"outgoingEdgeId":"smv9302im8y1328g9lj5cpos"}],"graphCoordinates":{"x":-248.82,"y":24.24}},{"id":"y0w719hluc85tt3qn5kww3y5","title":"","blocks":[{"id":"nagbcw3jkh0qfwi9ixzkf9u2","type":"audio","content":{"url":"https://s3.fr-par.scw.cloud/typebot/public/typebots/pgj4hizrsmz4ab6mtwdses8r/blocks/nagbcw3jkh0qfwi9ixzkf9u2?v=1689621306752"},"groupId":"y0w719hluc85tt3qn5kww3y5"},{"id":"ea739ef0q76ojvj6g4sviq9d","type":"Wait","groupId":"y0w719hluc85tt3qn5kww3y5","options":{"secondsToWaitFor":"36"}},{"id":"joqrj26lqgheb66nnzc5ih55","type":"text","content":{"richText":[{"type":"p","children":[{"text":"Gostaria de "},{"bold":true,"text":"participar do"}]},{"type":"p","children":[{"bold":true,"text":"Programa de Perda de Peso?"}]}]},"groupId":"y0w719hluc85tt3qn5kww3y5"},{"id":"ksowcbx72l551ivc7q7w3zk5","type":"choice input","items":[{"id":"jdsas9np961u54ch4447ecp3","type":0,"blockId":"ksowcbx72l551ivc7q7w3zk5","content":"CLIQUE AQUI PARA PARTICIPAR!"}],"groupId":"y0w719hluc85tt3qn5kww3y5","options":{"buttonLabel":"Send","isSearchable":false,"isMultipleChoice":false,"searchInputPlaceholder":"Filter the options..."},"outgoingEdgeId":"i8pyb8ode6egpm7xiz7ihkg7"}],"graphCoordinates":{"x":158.15,"y":23.93}},{"id":"ce56jji86qe29mmmdzdci4v6","title":"","blocks":[{"id":"qxhdyp7zce3in4k4hozn96ij","type":"text","content":{"richText":[{"type":"p","children":[{"text":"Vou te explicar "},{"bold":true,"text":"como"},{"text":" "},{"bold":true,"text":"funciona"},{"text":"..."}]}]},"groupId":"ce56jji86qe29mmmdzdci4v6"},{"id":"tn2zoescgbr0qrouqo56920u","type":"Wait","groupId":"ce56jji86qe29mmmdzdci4v6","options":{"secondsToWaitFor":"5"}},{"id":"y6rwp7uy8bi3kjhrfzvh9782","type":"embed","content":{"url":"https://scripts.converteai.net/f22a21c2-f279-4810-a7c2-b6323a63b5d7/players/64a861b1898cc800097b08fd/embed.html","height":600},"groupId":"ce56jji86qe29mmmdzdci4v6"},{"id":"ud1b4rjos3d0czl174bwar60","type":"Wait","groupId":"ce56jji86qe29mmmdzdci4v6","options":{"secondsToWaitFor":"4"}},{"id":"h1j9r3ix9c5n0c7odrdxbvl8","type":"text","content":{"richText":[{"type":"p","children":[{"text":"Qual é o nível de endividamento que a sua empresa se encontra?"}]}]},"groupId":"ce56jji86qe29mmmdzdci4v6"},{"id":"ymfib56cx1jiblobzrexme8b","type":"Wait","groupId":"ce56jji86qe29mmmdzdci4v6","options":{"secondsToWaitFor":"5"}},{"id":"xat1upklfchkvio1js2uwm5l","type":"choice input","items":[{"id":"ifppzj05jp9u9r57w30eljok","type":0,"blockId":"xat1upklfchkvio1js2uwm5l","content":"Abaixo de 100 mil"},{"id":"f2mlmlbr7izpbuqfyy0ky3gp","type":0,"blockId":"xat1upklfchkvio1js2uwm5l","content":"Entre R$100 mil a 200 mil"},{"id":"xwyy4ttnfrpoksejcm8fvmpl","type":0,"blockId":"xat1upklfchkvio1js2uwm5l","content":"Acima de 200 mil"}],"groupId":"ce56jji86qe29mmmdzdci4v6","options":{"buttonLabel":"Send","isSearchable":false,"isMultipleChoice":false,"searchInputPlaceholder":"Filter the options..."},"outgoingEdgeId":"j9ecxkp7jvl82sq5cedupfgn"}],"graphCoordinates":{"x":-1040.91,"y":-19.53}},{"id":"gnj7ploty9wknytaqn6mf447","title":"","blocks":[{"id":"kkjllqn4mmi6bv0ov759b7ff","type":"Wait","groupId":"gnj7ploty9wknytaqn6mf447","options":{"secondsToWaitFor":"4"}},{"id":"kjbfh67z9jjtngekezooid1p","type":"audio","content":{"url":"https://s3.fr-par.scw.cloud/typebot/public/typebots/pgj4hizrsmz4ab6mtwdses8r/blocks/kjbfh67z9jjtngekezooid1p?v=1689563949558"},"groupId":"gnj7ploty9wknytaqn6mf447"},{"id":"od1zom0te9g5sonhv7zsz72e","type":"Wait","groupId":"gnj7ploty9wknytaqn6mf447","options":{"secondsToWaitFor":"17"}},{"id":"m7fdycmddpjjt9fvoh510vr8","type":"audio","content":{"url":"https://s3.fr-par.scw.cloud/typebot/public/typebots/pgj4hizrsmz4ab6mtwdses8r/blocks/m7fdycmddpjjt9fvoh510vr8?v=1689564004715"},"groupId":"gnj7ploty9wknytaqn6mf447"},{"id":"gn1jx5x2gpcmz5j1e0lcfc7a","type":"Wait","groupId":"gnj7ploty9wknytaqn6mf447","options":{"secondsToWaitFor":"13"}},{"id":"tz3xluurjoq5csx9cnue2430","type":"audio","content":{"url":"https://s3.fr-par.scw.cloud/typebot/public/typebots/pgj4hizrsmz4ab6mtwdses8r/blocks/tz3xluurjoq5csx9cnue2430?v=1689564021916"},"groupId":"gnj7ploty9wknytaqn6mf447"},{"id":"b5vjefb4ktfxy7uk2v5fvwje","type":"Wait","groupId":"gnj7ploty9wknytaqn6mf447","options":{"secondsToWaitFor":"18"}},{"id":"lm6882bsbnzo8tjoru33is9k","type":"audio","content":{"url":"https://s3.fr-par.scw.cloud/typebot/public/typebots/pgj4hizrsmz4ab6mtwdses8r/blocks/lm6882bsbnzo8tjoru33is9k?v=1689618894350"},"groupId":"gnj7ploty9wknytaqn6mf447"},{"id":"o6puth19ig31g2fzydnoxnr7","type":"Wait","groupId":"gnj7ploty9wknytaqn6mf447","options":{"secondsToWaitFor":"16"}},{"id":"mxkpmsr1hhiub1g08r3jrh12","type":"audio","content":{"url":"https://s3.fr-par.scw.cloud/typebot/public/typebots/pgj4hizrsmz4ab6mtwdses8r/blocks/mxkpmsr1hhiub1g08r3jrh12?v=1689618280749"},"groupId":"gnj7ploty9wknytaqn6mf447"},{"id":"j1y8qct2jstwv04m8yezfgbx","type":"Wait","groupId":"gnj7ploty9wknytaqn6mf447","options":{"secondsToWaitFor":"14"}},{"id":"ao8v7g5kfcefw6pu25g9u3cs","type":"audio","content":{"url":"https://s3.fr-par.scw.cloud/typebot/public/typebots/pgj4hizrsmz4ab6mtwdses8r/blocks/ao8v7g5kfcefw6pu25g9u3cs?v=1689618367952"},"groupId":"gnj7ploty9wknytaqn6mf447"},{"id":"n1802kj0kas6ryirunlfltmo","type":"Wait","groupId":"gnj7ploty9wknytaqn6mf447","options":{"secondsToWaitFor":"18"}},{"id":"xxszhp526hkfi8ovmkeplhvn","type":"audio","content":{"url":"https://s3.fr-par.scw.cloud/typebot/public/typebots/pgj4hizrsmz4ab6mtwdses8r/blocks/xxszhp526hkfi8ovmkeplhvn?v=1689618970563"},"groupId":"gnj7ploty9wknytaqn6mf447"},{"id":"xpretkpgt8ap8x0zibuieq0d","type":"Wait","groupId":"gnj7ploty9wknytaqn6mf447","options":{"secondsToWaitFor":"12"}},{"id":"p84a7mxo9gratngsrgid9e8m","type":"audio","content":{"url":"https://s3.fr-par.scw.cloud/typebot/public/typebots/pgj4hizrsmz4ab6mtwdses8r/blocks/p84a7mxo9gratngsrgid9e8m?v=1689618403003"},"groupId":"gnj7ploty9wknytaqn6mf447"},{"id":"ikioxz19fqdzjzantup32rhr","type":"Wait","groupId":"gnj7ploty9wknytaqn6mf447","options":{"secondsToWaitFor":"24"}},{"id":"f7kofqyysdhenwrkivum42qb","type":"text","content":{"richText":[{"type":"p","children":[{"text":"Agora que você já conhece a ROTA 45 GRAUS, vou te direcionar para o meu WHATSAPP para agendar um contato comigo."}]}]},"groupId":"gnj7ploty9wknytaqn6mf447"},{"id":"bky5v7phwk0lsp3l8e6yrohq","type":"Wait","groupId":"gnj7ploty9wknytaqn6mf447","options":{"secondsToWaitFor":"4"}},{"id":"zl7r03irfnmg2k706zbezvha","type":"text","content":{"richText":[{"type":"p","children":[{"text":"Realmente, você está sorte hoje.....estou com uma vaga \"em aberto\" na minha agenda AGORA...."}]}]},"groupId":"gnj7ploty9wknytaqn6mf447"},{"id":"m27c9dj2fbfemxvzzyxqwzzl","type":"Wait","groupId":"gnj7ploty9wknytaqn6mf447","options":{"secondsToWaitFor":"4"}},{"id":"xhjpmht6w7w8y66h2sw8gl9q","type":"text","content":{"richText":[{"type":"p","children":[{"text":"Vou te atender, se ligar em 1 minuto.       Estou te aguardando do outro lado....."}]}]},"groupId":"gnj7ploty9wknytaqn6mf447"},{"id":"x1a8ai3svi6xdp6s904luqee","type":"Wait","groupId":"gnj7ploty9wknytaqn6mf447","options":{"secondsToWaitFor":"4"}},{"id":"xzxs315ocm07extuf1e33p85","type":"text input","groupId":"gnj7ploty9wknytaqn6mf447","options":{"isLong":false,"labels":{"button":"clique agora","placeholder":"Type your answer..."}}},{"id":"vq2wqekzomicwqw9i6kigwwq","type":"Redirect","groupId":"gnj7ploty9wknytaqn6mf447","options":{"url":"https://api.whatsapp.com/send/?phone=5511971377761&text&type=phone_number&app_absent=0","isNewTab":false}}],"graphCoordinates":{"x":596.88,"y":25.8}},{"id":"wacz7vw55854781ixc0t7807","title":"Group #8","blocks":[{"id":"kl16bf94mpvm7ux0w9yhaksc","type":"text","content":{"richText":[{"type":"p","children":[{"bold":true,"text":"[VOCÊ"},{"text":" "},{"bold":true,"text":"FOI"},{"text":" "},{"bold":true,"text":"SELECIONADA]"}]},{"type":"p","children":[{"bold":true,"text":""}]},{"type":"p","children":[{"text":"ESSA "},{"bold":true,"text":"CONSULTA É","underline":true},{"text":" ","underline":true},{"bold":true,"text":"GRATUITA","underline":true},{"text":"!"}]}]},"groupId":"wacz7vw55854781ixc0t7807","outgoingEdgeId":"ztuqwt4u9xpd8zij5wetyrs7"}],"graphCoordinates":{"x":-1797.23,"y":183.59}},{"id":"nvf918e8rigx44whdut41z2x","title":"Group #9","blocks":[{"id":"l8pk4gsg6qoohui94i3x3ns4","type":"text","content":{"richText":[{"type":"p","children":[{"text":"Vou te "},{"bold":true,"text":"explicar"},{"text":" "},{"bold":true,"text":"como"},{"text":" "}]},{"type":"p","children":[{"text":"será a sua participação NA JORNADA \"ROTA 45 GRAUS\" ..."}]}]},"groupId":"nvf918e8rigx44whdut41z2x","outgoingEdgeId":"x2xoqbjo9lrg81qp7kunu1ad"}],"graphCoordinates":{"x":159.97,"y":413.99}}],"variables":[{"id":"vprp91gkcj6ooz2wteh9qrvjn","name":"NOME"},{"id":"vylhptebpxvgxs98ah9vf9q1p","name":"PESO"},{"id":"vpel0viottucscnen8zdlejaf","name":"IDADE"},{"id":"vlnuxmidqsek5hmsy83v55c7h","name":"PERDER"},{"id":"va2xubuj795oo62rxwti3hudj","name":"TEMPO"}],"edges":[{"id":"smv9302im8y1328g9lj5cpos","to":{"blockId":"nagbcw3jkh0qfwi9ixzkf9u2","groupId":"y0w719hluc85tt3qn5kww3y5"},"from":{"blockId":"wxso3jatsxdjkvnamma6mg4a","groupId":"qbm3c3kiso3pi9ctkp8tvddz"}},{"id":"gxypzs5aq2p9l7k0qp3g4r4g","to":{"blockId":"qxhdyp7zce3in4k4hozn96ij","groupId":"ce56jji86qe29mmmdzdci4v6"},"from":{"blockId":"c8zvdcs07rxg9q2yckyprsyn","groupId":"k0rvhimq7j3svachn41wi7aj"}},{"id":"r21wx39w3oebog9jepiv88yo","to":{"blockId":"kl16bf94mpvm7ux0w9yhaksc","groupId":"wacz7vw55854781ixc0t7807"},"from":{"blockId":"cx5iel8jxfo4caorf8rnjiw0","groupId":"c7upygnmgj4czdh9lzcrhvod"}},{"id":"e137q58vwipfagsxr4gyrj88","to":{"blockId":"jod99kisimo8xbxjd1sfga1q","groupId":"qbm3c3kiso3pi9ctkp8tvddz"},"from":{"blockId":"b2923j6eho3hoitcyt7t2elu","groupId":"zvudbefxscrpdm8uiaf8tbb0"}},{"id":"i8pyb8ode6egpm7xiz7ihkg7","to":{"blockId":"l8pk4gsg6qoohui94i3x3ns4","groupId":"nvf918e8rigx44whdut41z2x"},"from":{"blockId":"ksowcbx72l551ivc7q7w3zk5","groupId":"y0w719hluc85tt3qn5kww3y5"}},{"id":"ztuqwt4u9xpd8zij5wetyrs7","to":{"blockId":"ojoiuqw11ol7mluihnpdkffy","groupId":"k0rvhimq7j3svachn41wi7aj"},"from":{"blockId":"kl16bf94mpvm7ux0w9yhaksc","groupId":"wacz7vw55854781ixc0t7807"}},{"id":"j9ecxkp7jvl82sq5cedupfgn","to":{"groupId":"zvudbefxscrpdm8uiaf8tbb0"},"from":{"blockId":"xat1upklfchkvio1js2uwm5l","groupId":"ce56jji86qe29mmmdzdci4v6"}},{"id":"x2xoqbjo9lrg81qp7kunu1ad","to":{"groupId":"gnj7ploty9wknytaqn6mf447"},"from":{"blockId":"l8pk4gsg6qoohui94i3x3ns4","groupId":"nvf918e8rigx44whdut41z2x"}}],"theme":{"chat":{"inputs":{"color":"#000000","backgroundColor":"#FFFFFF","placeholderColor":"#28292a"},"buttons":{"color":"#FFFFFF","backgroundColor":"#128C7E"},"roundness":"medium","hostAvatar":{"url":"https://s3.fr-par.scw.cloud/typebot/public/typebots/pgj4hizrsmz4ab6mtwdses8r/hostAvatar?v=1690002794335","isEnabled":true},"guestAvatar":{"url":"https://s3.fr-par.scw.cloud/typebot/public/typebots/cli88mae30010mh0f0yzjqn48/guestAvatar?v=1685330799682","isEnabled":false},"hostBubbles":{"color":"#303235","backgroundColor":"#FFFFFF"},"guestBubbles":{"color":"#303235","backgroundColor":"#e1ffc7"}},"general":{"font":"Open Sans","background":{"type":"Image","content":"https://s3.fr-par.scw.cloud/typebot/public/typebots/cli88mae30010mh0f0yzjqn48/background?v=1685470080750"}},"customCss":".typebot-chat-view > .flex:first-child {\n    padding-top: 30px;\n}\n\n.typebot-input {\n    position: fixed;\n    bottom: 0;\n    align-items: center;\n    z-index: 999;\n    right: 0;\n}\n\n.typebot-input .typebot-button {\n    background: #008a7c;\n    border-radius: 50%;\n    color: #fff;\n    position: relative;\n    width: 50px;\n    height: 50px;\n    display: flex;\n    align-items: center;\n    justify-content: center;\n}\n\n.typebot-container {\n    background-size: initial!important;\n    background-repeat: repeat-x!important;\n}\n\n.typebot-host-bubble>.bubble-typing {\n  border-radius: 0 5px 5px 5px;\n}\n\n.typebot-host-bubble>.bubble-typing:after {\n    position: absolute;\n    content: \"\";\n    width: 0;\n    height: 0;\n    border-style: solid;\n    border-width: 0px 10px 10px 0;\n    border-color: transparent #fff transparent transparent;\n    top: 0;\n    left: -10px;\n}\n\n.typebot-guest-bubble {\n  position: relative;\n  border-radius: 5px 0 5px 5px;\n}\n\n.typebot-guest-bubble:after {\n  position: absolute;\n  content: \"\";\n  width: 0;\n  height: 0;\n  border-style: solid;\n}\n\n.typebot-guest-bubble:after {\n    border-width: 0px 0 10px 10px;\n    border-color: transparent transparent transparent #e1ffc7;\n    top: 0;\n    right: -10px;\n    border-style: solid;\n}\n\niframe[src=\"\"] {\n  position: fixed;\n  top: 0;\n  left: 0;\n  display: relative;\n  width: 100%;\n  height: 100% !important;\n  z-index: 999999;\n  border: none;\n  padding: 0;\n  margin: 0;\n}\n\na#lite-badge {\n  display: none!important;\n}"},"settings":{"general":{"rememberUser":{"isEnabled":false},"isBrandingEnabled":true,"isInputPrefillEnabled":false,"isHideQueryParamsEnabled":false},"metadata":{"title":"WhatsApp Web","imageUrl":"https://images.unsplash.com/photo-1611077544170-be90a2f68add?crop=entropy&cs=tinysrgb&fit=max&fm=jpg&ixid=M3w0MjU2MDR8MHwxfHNlYXJjaHwyN3x8d2VpZ2h0JTIwbG9zc3xlbnwwfDB8fHwxNjg2MjAzMzA4fDA&ixlib=rb-4.0.3&q=80&w=1080","favIconUrl":"https://s3.fr-par.scw.cloud/typebot/public/typebots/fwlzp9t2f2xjx6o1ru5u4i4z/favIcon?v=1686203350295","description":"Ajudo empresas a SAIREM da Crise, PAGAREM suas dívidas e ESTRUTURAREM seus negócios de uma vez por toda.\n","customHeadCode":"<!-- Facebook Pixel Code -->\n<script>\n   !function(f,b,e,v,n,t,s)\n  {if(f.fbq)return;n=f.fbq=function(){n.callMethod?\n    n.callMethod.apply(n,arguments):n.queue.push(arguments)};\n    if(!f._fbq)f._fbq=n;n.push=n;n.loaded=!0;n.version='2.0';\n    n.queue=[];t=b.createElement(e);t.async=!0;\n    t.src=v;s=b.getElementsByTagName(e)[0];\n    s.parentNode.insertBefore(t,s)}(window, document,'script',\n    'https://connect.facebook.net/en_US/fbevents.js');\n    fbq('init', 'SEUPIXELAQUI');\n    fbq('track', 'PageView');\n    fbq('track', 'ViewContent');\n \n</script>\n<!-- End Facebook Pixel Code -->\n<link rel=\"stylesheet\" href=\"https://cdnjs.cloudflare.com/ajax/libs/material-design-iconic-font/2.2.0/css/material-design-iconic-font.min.css\">\n<style>\n  .hide {\n    display: none!important;\n  }\n  typebot-standard {\n    position: relative;\n    z-index: 9999;\n  }\n  #__next {\n    position: relative;\n    z-index: 9999;\n}\n  /* User Bar */\n.user-bar {\n  width: 100%;\n  height: 55px;\n  background: #005e54;\n  color: #fff;\n  padding: 0;\n  font-size: 24px;\n  position: fixed;\n  z-index: 99999;\n  display: block;\n  top: 0;\n}\n\n.user-bar:after {\n  content: \"\";\n  display: table;\n  clear: both;\n}\n\n.user-bar div {\n    float: left;\n    transform: translateY(-50%);\n    position: relative;\n    top: 50%;\n    margin-left: 10px;\n}\n\n.user-bar .actions {\n  float: right;\n  margin: 0 0 0 20px;\n}\n\n.user-bar .actions.more {\n  margin: 0 12px 0 32px;\n}\n\n.user-bar .actions.attachment {\n  margin: 0 0 0 30px;\n}\n\n.user-bar .actions.attachment i {\n  display: block;\n  transform: rotate(-45deg);\n}\n\n.user-bar .avatar {\n  margin: 0 0 0 5px;\n  width: 36px;\n  height: 36px;\n}\n\n.user-bar .avatar img {\n  border-radius: 50%;\n  box-shadow: 0 1px 0 rgba(255, 255, 255, 0.1);\n  display: block;\n  width: 100%;\n}\n\n.user-bar .name {\n  font-size: 17px;\n  font-weight: 600;\n  text-overflow: ellipsis;\n  letter-spacing: 0.3px;\n  margin: 0 0 0 8px;\n  overflow: hidden;\n  white-space: nowrap;\n  width: 150px;\n}\n\n.user-bar .status {\n  display: block;\n  font-size: 13px;\n  font-weight: 400;\n  letter-spacing: 0;\n}\n</style>\n\n<script>\nfunction criarBarra() {\n  var userBar = document.createElement(\"div\");\n  userBar.className = \"user-bar\";\n\n  var backButton = document.createElement(\"div\");\n  backButton.className = \"back\";\n  backButton.innerHTML = '<i class=\"zmdi zmdi-arrow-left\"></i>';\n\n  var avatar = document.createElement(\"div\");\n  avatar.className = \"avatar\";\n  avatar.innerHTML = '<img src=\"https://i.postimg.cc/VsjBT3Pc/tutorial.png\" alt=\"CF DO JEFF\">';\n\n  var name = document.createElement(\"div\");\n  name.className = \"name\";\n  name.innerHTML = '<span>CF DO JEFF</span><span class=\"status\">online</span>';\n\n  var moreActions = document.createElement(\"div\");\n  moreActions.className = \"actions more\";\n  moreActions.innerHTML = '<i class=\"zmdi zmdi-more-vert\"></i>';\n\n  var attachmentAction = document.createElement(\"div\");\n  attachmentAction.className = \"actions attachment\";\n  attachmentAction.innerHTML = '<i class=\"zmdi zmdi-attachment-alt\"></i>';\n\n  var phoneAction = document.createElement(\"div\");\n  phoneAction.className = \"actions\";\n  phoneAction.innerHTML = '<i class=\"zmdi zmdi-phone\"></i>';\n\n  userBar.appendChild(backButton);\n  userBar.appendChild(avatar);\n  userBar.appendChild(name);\n  userBar.appendChild(moreActions);\n  userBar.appendChild(attachmentAction);\n  userBar.appendChild(phoneAction);\n\n  var elementoPai = document.querySelector(\"#__next\");\n  if (elementoPai) {\n    elementoPai.insertBefore(userBar, elementoPai.firstChild);\n  }\n}\n\ncriarBarra();\n</script>\n"},"typingEmulation":{"speed":300,"enabled":true,"maxDelay":1.5}}}