{"id":"cljudg8tq000ojp0f8101yiy2","version":"3","groups":[{"id":"nny8zi68xbx5yk62s9zm6eln","title":"Start","blocks":[{"id":"clbl2z2a0000908mscve7fh9f","type":"start","label":"Start","groupId":"nny8zi68xbx5yk62s9zm6eln","outgoingEdgeId":"jhdr5qdqkuc9usx667p301dc"}],"graphCoordinates":{"x":0,"y":0}},{"id":"ficupde7u1u1crk73756auon","title":"Group #1","blocks":[{"id":"clbl30x2i000j3b6ir4a6cmit","type":"text","content":{"richText":[{"type":"p","children":[{"text":"Olá, tudo joia? Obrigado pelo seu interesse em nosso CRM."}]}]},"groupId":"ficupde7u1u1crk73756auon","outgoingEdgeId":"kbupf0hqfban1k61b0n1oboa"}],"graphCoordinates":{"x":416,"y":0}},{"id":"c7hk4ly0sua8a9l9mb369h8v","title":"Primeiro Nome","blocks":[{"id":"clbl36r7v000m3b6icnklwv3p","type":"text","content":{"richText":[{"type":"p","children":[{"bold":true,"text":"Me fale seu PRIMEIRO NOME."}]}]},"groupId":"c7hk4ly0sua8a9l9mb369h8v"},{"id":"clbl371jx000n3b6iy5vogbor","type":"text input","groupId":"c7hk4ly0sua8a9l9mb369h8v","options":{"isLong":false,"labels":{"button":"Enviar","placeholder":"Digite o seu nome"},"variableId":"vclbl37a0z000o3b6is00415th"},"outgoingEdgeId":"hrbrm1wuyler8wzlky0k1u27"}],"graphCoordinates":{"x":1353.31,"y":-29.9}},{"id":"p21ix5gqzhgw9tuyohg11h42","title":"Prazer {NOME}, me passa o seu SOBRENOME:","blocks":[{"id":"clbl37e4v000q3b6ip1venqxy","type":"text","content":{"html":"<div><span class=\"slate-bold\">Prazer {{Nome}}, me passa o seu SOBRENOME:</span></div>","richText":[{"type":"p","children":[{"bold":true,"text":"Prazer {{Nome}}, me passa o seu SOBRENOME:"},{"text":"\n"}]}],"plainText":"Prazer {{Nome}}, me passa o seu SOBRENOME:"},"groupId":"p21ix5gqzhgw9tuyohg11h42"},{"id":"clbl380fp000r3b6i8s97u0p0","type":"text input","groupId":"p21ix5gqzhgw9tuyohg11h42","options":{"isLong":false,"labels":{"button":"Enviar","placeholder":"Digite o seu sobrenome"},"variableId":"vclbl391r5000w3b6i2kpvw23u"},"outgoingEdgeId":"vnxyfb7la13hnz38br93ybaq"}],"graphCoordinates":{"x":1851.94,"y":-24.37}},{"id":"v7uy7vrzbi78ytb41e848zq6","title":"{NOME} qual o seu email? Não se esqueça de colocar aquele que você mais usa.","blocks":[{"id":"clbl3aezh00153b6inf4cysws","type":"text","content":{"html":"<div><span class=\"slate-bold\">{{Nome}} qual o seu email? Não se esqueça de colocar aquele que você mais usa.</span></div>","richText":[{"type":"p","children":[{"bold":true,"text":"{{Nome}} qual o seu email? Não se esqueça de colocar aquele que você mais usa."}]}],"plainText":"{{Nome}} qual o seu email? Não se esqueça de colocar aquele que você mais usa."},"groupId":"v7uy7vrzbi78ytb41e848zq6"},{"id":"clbl3auwb00163b6ilsohcz5d","type":"email input","groupId":"v7uy7vrzbi78ytb41e848zq6","options":{"labels":{"button":"Enviar","placeholder":"Digite o seu email"},"variableId":"vrmezkr72jkf9scqkvqm6us6b","retryMessageContent":"Este e-mail não parece ser válido. Você pode digitá-lo novamente?"},"outgoingEdgeId":"zl9auxbuyu11cu2lvzxo4n2o"}],"graphCoordinates":{"x":2406.28,"y":-30.26}},{"id":"wbafpcckvj4rff2q4r3gasri","title":"Me fale também o seu WhatsApp","blocks":[{"id":"clbldkrco00193b6iq0v7r1qu","type":"text","content":{"html":"<div><span class=\"slate-bold\">Me fale também o seu WhatsApp</span></div>","richText":[{"type":"p","children":[{"bold":true,"text":"Me fale também o seu WhatsApp"}]}],"plainText":"Me fale também o seu WhatsApp"},"groupId":"wbafpcckvj4rff2q4r3gasri"},{"id":"clbldkytr001a3b6inyyx9fvs","type":"phone number input","groupId":"wbafpcckvj4rff2q4r3gasri","options":{"labels":{"button":"Enviar","placeholder":"Digite o seu WhatsApp"},"variableId":"vclbldldpi001b3b6iv7mjyfop","defaultCountryCode":"BR","retryMessageContent":"Este número de telefone não parece ser válido. Você pode digitá-lo novamente?"},"outgoingEdgeId":"gjvvk830agovez7utqegm27g"}],"graphCoordinates":{"x":2796.85,"y":-18.45}},{"id":"ltsv3910mquisuwlfu934442","title":"Quantas pessoas a empresa tem como colaboradores?","blocks":[{"id":"cttajhtzzpsw4tf1vun3blxo","type":"text","content":{"richText":[{"type":"p","children":[{"text":"Quantas pessoas a empresa tem como colaboradores?"}]}]},"groupId":"ltsv3910mquisuwlfu934442"},{"id":"b6x1okuj3xxa8b92g1uv9ets","type":"choice input","items":[{"id":"jf5i87ton3ra21hhbzqjv9wc","type":0,"blockId":"b6x1okuj3xxa8b92g1uv9ets","content":"1 Colaborador","outgoingEdgeId":"ay8aotx5jgbr3wkximia1xd4"},{"id":"nhml5jr204em7rxv398wmna9","type":0,"blockId":"b6x1okuj3xxa8b92g1uv9ets","content":"2 Colaboradores","outgoingEdgeId":"mqwetb34nsu9wpmxkl5epqe4"},{"id":"p8gbwxrqa6om3jchaluxy99m","type":0,"blockId":"b6x1okuj3xxa8b92g1uv9ets","content":"3 Colaboradores","outgoingEdgeId":"x23kinmrmimgsedc0dg4f2h1"},{"id":"otf1pn60k9dq1rsf2g9bgl41","type":0,"blockId":"b6x1okuj3xxa8b92g1uv9ets","content":"4 a 6 Colaboradores","outgoingEdgeId":"c2rdbvptkk8lvjp60ko9s4dn"},{"id":"pqhbsw9p078vr9v3mkcdjso6","type":0,"blockId":"b6x1okuj3xxa8b92g1uv9ets","content":"7 a 10 Colaboradores","outgoingEdgeId":"e3klveteh4zb9xs3k4gyswjh"},{"id":"ztae65su2grw91kwvcuix51e","type":0,"blockId":"b6x1okuj3xxa8b92g1uv9ets","content":"11 a 14 Colaboradores","outgoingEdgeId":"e2o4ulete0e4r9g89yjxipp0"},{"id":"dmvitr87jj6rrnxrcv3d26em","type":0,"blockId":"b6x1okuj3xxa8b92g1uv9ets","content":"15 a 20 Colaboradores","outgoingEdgeId":"hki3exrxjucgkhpigc8fw3n9"},{"id":"dlz88sh5z6ca1e542kwtdxzn","type":0,"blockId":"b6x1okuj3xxa8b92g1uv9ets","content":"20 a 30 Colaboradores","outgoingEdgeId":"hdir9smvyaxzi2rjvrj703qo"},{"id":"er2hk5t5kec0mpt0xlq26nic","type":0,"blockId":"b6x1okuj3xxa8b92g1uv9ets","content":"30 a 50 Colaboradores","outgoingEdgeId":"y2fxoo9j8m2de1e2bhv5veun"},{"id":"mjd9jznx9czifyxpwsg2775o","type":0,"blockId":"b6x1okuj3xxa8b92g1uv9ets","content":"mais de 50 Atendentes","outgoingEdgeId":"ggavlruz80f1jgn1mghj0dxb"}],"groupId":"ltsv3910mquisuwlfu934442","options":{"variableId":"vrtkuw75wlia0qj2mbep4ei4g","buttonLabel":"Send","isMultipleChoice":false}}],"graphCoordinates":{"x":4221.43,"y":-91.25}},{"id":"eza4va4z1n9ooxnnjdvqwlo7","title":"Quantas pessoas a empresa tem como colaboradores? ","blocks":[{"id":"gymojaburm6234quflzlw3pp","type":"text","content":{"richText":[{"type":"p","children":[{"text":"Quantas pessoas a empresa tem como colaboradores?"}]}]},"groupId":"eza4va4z1n9ooxnnjdvqwlo7"},{"id":"eog437iomrk45ueohj50s9i4","type":"choice input","items":[{"id":"m81uqqasq8w71b2qs1sr9muq","type":0,"blockId":"eog437iomrk45ueohj50s9i4","content":"1 Colaborador","outgoingEdgeId":"sefdlitf4bk3rlupf8fiv53q"},{"id":"zlzw2mrslcowjb3u3scxangs","type":0,"blockId":"eog437iomrk45ueohj50s9i4","content":"2 Colaboradores","outgoingEdgeId":"jyoo0u07h82h9bfhgbgnq3p9"},{"id":"v0eqay9zleq603nat8wurdpe","type":0,"blockId":"eog437iomrk45ueohj50s9i4","content":"3 Colaboradores","outgoingEdgeId":"j3rzdja7n46x15y3u1ap3mcf"},{"id":"j97whyxuu9veatpdc2z69rwe","type":0,"blockId":"eog437iomrk45ueohj50s9i4","content":"4 a 6 Colaboradores","outgoingEdgeId":"y5irscymw302h8jusuqem6zm"},{"id":"z45ilclvfl65tzzzi8gkbyql","type":0,"blockId":"eog437iomrk45ueohj50s9i4","content":"7 a 10 Colaboradores","outgoingEdgeId":"igdvwn2hejxffk085bj8nqp0"},{"id":"pr24wnn1hqpvoia70kyd7803","type":0,"blockId":"eog437iomrk45ueohj50s9i4","content":"11 a 14 Colaboradores","outgoingEdgeId":"n9v1xys63up08gy7opugu3oy"},{"id":"jo50kc2a9l12bqolaq2qf939","type":0,"blockId":"eog437iomrk45ueohj50s9i4","content":"15 a 20 Colaboradores","outgoingEdgeId":"rashjnqfpdrf099z2jixgat0"},{"id":"zrv4ui9lrrthnpc9l8bbqzij","type":0,"blockId":"eog437iomrk45ueohj50s9i4","content":"20 a 30 Colaboradores","outgoingEdgeId":"bgntlytewxer53gt3uy6ozzf"},{"id":"uai10shkxynxtxojardlwwph","type":0,"blockId":"eog437iomrk45ueohj50s9i4","content":"30 a 50 Colaboradores","outgoingEdgeId":"hfpa859ore0y1zbhyvmv87l1"},{"id":"ym6jinvb07flgm8khu4m9aav","type":0,"blockId":"eog437iomrk45ueohj50s9i4","content":"mais de 50 Atendentes","outgoingEdgeId":"vmlib80w7dm29loj5oabhqtp"}],"groupId":"eza4va4z1n9ooxnnjdvqwlo7","options":{"variableId":"vg562p1ztkn1n7n0frotiq321","buttonLabel":"Send","isMultipleChoice":false}}],"graphCoordinates":{"x":4221.47,"y":1001.83}},{"id":"fey2xaf2gniba43rlbnc3ah8","title":"Group #54","blocks":[{"id":"ev57slp3zk7d9jv5r75h4lpy","type":"text","content":{"richText":[{"type":"p","children":[{"text":"Perfeito, {{Nome}}, entendi que seu time de atendimento tem {{Colaboradores}}"}]}]},"groupId":"fey2xaf2gniba43rlbnc3ah8","outgoingEdgeId":"zl5mq9uhqfnsht21a4tlm0fo"}],"graphCoordinates":{"x":4891.48,"y":288.9}},{"id":"hcqej9okonvem0i0g6ki80yf","title":"{{Nome}} pra eu entender melhor os seus desafios, me fala qual o segmento do seu negócios?","blocks":[{"id":"smatjwp5qjsl3050pcdggbv8","type":"text","content":{"html":"<div>{{Nome}} pra eu entender melhor os seus desafios, me fala qual o segmento do seu negócios?</div>","richText":[{"type":"p","children":[{"text":"{{Nome}} pra eu entender melhor os seus desafios, me fala qual o segmento do seu negócios?"}]}],"plainText":"{{Nome}} pra eu entender melhor os seus desafios, me fala qual o segmento do seu negócios?"},"groupId":"hcqej9okonvem0i0g6ki80yf"},{"id":"qom6ly6g3ji2prb2bng23gxt","type":"choice input","items":[{"id":"w7hpn4qss1g7yqzt1qc1dk27","type":0,"blockId":"qom6ly6g3ji2prb2bng23gxt","content":"Provedor de Internet","outgoingEdgeId":"l6txd3mk13hkwkdfswepazb6"},{"id":"r1qaeg477df0q0gzwxavcbb3","type":0,"blockId":"qom6ly6g3ji2prb2bng23gxt","content":"Contabilidade","outgoingEdgeId":"cs5g35sonz9ahefwohi209jt"},{"id":"ch3iw6ny1m6vbqddiwwf3zco","type":0,"blockId":"qom6ly6g3ji2prb2bng23gxt","content":"Educação","outgoingEdgeId":"oc8fxahs9n2agjfqatkc9pnd"},{"id":"o9hif8eipygpq6xziq9dd5nd","type":0,"blockId":"qom6ly6g3ji2prb2bng23gxt","content":"Clínica/Consultório para humanos","outgoingEdgeId":"kzdwjmvc5zhj0xwcivhv35ar"},{"id":"lepg5mtk8pzi7ifxez3bwtq4","type":0,"blockId":"qom6ly6g3ji2prb2bng23gxt","content":"Financeira","outgoingEdgeId":"y4j0btj9gv1f2f62cqud1z9m"},{"id":"xu80mzhzjr2fio0znm9anp63","type":0,"blockId":"qom6ly6g3ji2prb2bng23gxt","content":"Indústria","outgoingEdgeId":"j37uoszmzku7sps5t69g081s"},{"id":"labe3fezx42h2hcqt6ifqhxq","type":0,"blockId":"qom6ly6g3ji2prb2bng23gxt","content":"Clínica/Consultorio para Pets","outgoingEdgeId":"xlvc7ndtltp0mqhp3s3tgzgz"},{"id":"m58mxzazedwvwslmsq5wp1lv","type":0,"blockId":"qom6ly6g3ji2prb2bng23gxt","content":"Hospital","outgoingEdgeId":"zmzzuo3dk2moh9x1z92qvj7t"},{"id":"hkf04ogsjyi9exiodmickqrj","type":0,"blockId":"qom6ly6g3ji2prb2bng23gxt","content":"Agencia de Marketing/Publicidade","outgoingEdgeId":"inwii0jvh085118mxvrejvxf"},{"id":"ekrse5t8nycd56kqb9m7ug5j","type":0,"blockId":"qom6ly6g3ji2prb2bng23gxt","content":"Arquitetura","outgoingEdgeId":"rncvoj9wb39o9a7x3d90e8eu"},{"id":"fdd3bwqviraod1594k7kghq4","type":0,"blockId":"qom6ly6g3ji2prb2bng23gxt","content":"Advogado","outgoingEdgeId":"ct3q5v8sl9em6otz5w6y9mkc"},{"id":"b959u0y3i6h0sz2f4cmuzm8x","type":0,"blockId":"qom6ly6g3ji2prb2bng23gxt","content":"Outro","outgoingEdgeId":"j8casys3yer3uc1neqjuj7mg"}],"groupId":"hcqej9okonvem0i0g6ki80yf","options":{"variableId":"vlkyyyrplob81eyx8qc6tdoro","buttonLabel":"Send","isMultipleChoice":false}}],"graphCoordinates":{"x":5487.82,"y":122.19}},{"id":"dk8we6inbs3rtf2woro1uh0j","title":"Se você respondeu OUTRO na resposta anterior especifique o seu segmento.","blocks":[{"id":"yrv3kcd7lni2dyig79l4wupw","type":"text","content":{"html":"<div>Se você respondeu OUTRO na resposta anterior especifique o seu segmento.</div>","richText":[{"type":"p","children":[{"text":"Se você respondeu OUTRO na resposta anterior especifique o seu segmento."}]}],"plainText":"Se você respondeu OUTRO na resposta anterior especifique o seu segmento."},"groupId":"dk8we6inbs3rtf2woro1uh0j"},{"id":"dgaee5eqt02k5m3q2ghmlmqv","type":"text input","groupId":"dk8we6inbs3rtf2woro1uh0j","options":{"isLong":false,"labels":{"button":"Enviar","placeholder":"Responda o seu Segmento de negócio."},"variableId":"vqoll9znax7wlyqhm3ts3gh17"},"outgoingEdgeId":"y7o5v034o8d49jq27tm4r3ri"}],"graphCoordinates":{"x":6303.54,"y":1348.11}},{"id":"dkclgb92qxagzatxrxv3b9p5","title":"Qual o site da sua empresa?","blocks":[{"id":"krpnccpqpo7en59yzeusem5z","type":"text","content":{"html":"<div>Qual o site da sua empresa?</div>","richText":[{"type":"p","children":[{"text":"Qual o site da sua empresa?"}]}],"plainText":"Qual o site da sua empresa?"},"groupId":"dkclgb92qxagzatxrxv3b9p5"},{"id":"jximl602x59efhoydy84w7le","type":"text input","groupId":"dkclgb92qxagzatxrxv3b9p5","options":{"isLong":false,"labels":{"button":"Enviar","placeholder":"Digitar o site"},"variableId":"vns11c47hiacqtwthud5tmzrb"},"outgoingEdgeId":"voa2xgz67zzc005q8lk9b6e7"}],"graphCoordinates":{"x":6358.56,"y":121.3}},{"id":"ah97x9fofy8tic1d1rz7nksf","title":"Group #58","blocks":[{"id":"qe6111msi3zq3jy45m8e00fi","type":"text","content":{"richText":[{"type":"p","children":[{"text":"Legal, {{Nome}} obrigado pelas informações dadas."}]},{"type":"p","children":[{"text":""}]},{"type":"p","children":[{"text":"Vou te direcionar agora para você acessar um tutorial de como você cadastrar na plataforma Clickup e também como você pode colocar o nosso CRM dentro da sua conta. "}]},{"type":"p","children":[{"text":""}]},{"type":"p","children":[{"text":"Aguarde só um instante"}]}]},"groupId":"ah97x9fofy8tic1d1rz7nksf","outgoingEdgeId":"xk53n4hoolnv29gg2d8hbuq7"}],"graphCoordinates":{"x":7033.97,"y":48.91}},{"id":"oh6h3nnoxj6j6ok763brku17","title":"Group #60","blocks":[{"id":"oxsxpapl8q0h6ad2h6ckalai","type":"Email","groupId":"oh6h3nnoxj6j6ok763brku17","options":{"subject":"Novo Lead Maxbot","recipients":["romulo@maxbot.com.br"],"isCustomBody":false,"credentialsId":"default"},"outgoingEdgeId":"fh87bc5jzqfcrinjq5yhvrvd"}],"graphCoordinates":{"x":9292.87,"y":30.5}},{"id":"khaxqa4j9tfceeenimai8or7","title":"Group #60 copy","blocks":[{"id":"awf2w25i5foz887qbb7coogh","type":"Email","groupId":"khaxqa4j9tfceeenimai8or7","options":{"subject":"Novo Lead Maxbot","recipients":["romulo@maxbot.com.br"],"isCustomBody":false,"credentialsId":"default"}}],"graphCoordinates":{"x":10243.79,"y":446.13}},{"id":"st3uuiez6y76brt5oln29oje","title":"Webhook Maxbot","blocks":[{"id":"u7hwk8jqeysk53wf3njdasvk","type":"Webhook","groupId":"st3uuiez6y76brt5oln29oje","options":{"isCustomBody":false,"isAdvancedConfig":true,"variablesForTest":[],"isExecutedOnClient":false,"responseVariableMapping":[]},"webhookId":"ewk5i8n2ctlhow1d9hqkflr5","outgoingEdgeId":"j9hadqqew1jvmbsq6geraj0h"}],"graphCoordinates":{"x":8533.55,"y":29.13}},{"id":"wmevymyr4hkcu9wbt1ktss2m","title":"Ah Perfeito, vou te enviar para a página onde te ensino como criar uma conta no Clickup e como Aplicar o nosso modelo de CRM dentro da sua conta gratuita.","blocks":[{"id":"b6axoen16ea9lza433u6fd5r","type":"text","content":{"richText":[{"type":"p","children":[{"text":"Ah Perfeito {{Nome}}, vou te enviar para a página onde te ensino como criar uma conta no Clickup e como aplicar o nosso modelo de CRM dentro da sua conta gratuita."}]}]},"groupId":"wmevymyr4hkcu9wbt1ktss2m","outgoingEdgeId":"l70qhr4xqrjowi35fo0qb8so"}],"graphCoordinates":{"x":4814.24,"y":-271.61}},{"id":"hwpvt2mlxt4rq01ocbqid6n6","title":"Ah Perfeito, vou te enviar para a página onde te ensino como criar uma conta no Clickup e como Aplicar o nosso modelo de CRM dentro da sua conta gratuita. copy","blocks":[{"id":"cu3jb1id887l3c4ej5b416dw","type":"text","content":{"richText":[{"type":"p","children":[{"text":"Ah Perfeito {{Nome}}, vou te enviar para a página onde te ensino como criar uma conta no Clickup e como aplicar o nosso modelo de CRM dentro da sua conta gratuita."}]}]},"groupId":"hwpvt2mlxt4rq01ocbqid6n6","outgoingEdgeId":"vy5cmi8c8xxpa8t2fte5m7p3"}],"graphCoordinates":{"x":4903.23,"y":1006.77}},{"id":"yf8888kngxx33ztj14e3f5a2","title":"Group #62","blocks":[{"id":"p0vzjbqa5t8m5j60rd8ljin2","type":"text","content":{"richText":[{"type":"p","children":[{"text":"Estou te direcionando para a página com as instruções sobre o CRM, aguarde só um instante."}]}]},"groupId":"yf8888kngxx33ztj14e3f5a2"},{"id":"buhasoyg08u62mm6mmcze9fj","type":"Redirect","groupId":"yf8888kngxx33ztj14e3f5a2","options":{"url":"https://lp.maxbot.com.br/obrigado-crm-gratis","isNewTab":false}}],"graphCoordinates":{"x":5503.71,"y":-396.93}},{"id":"swxax1vil4xai5rsv5djz6do","title":"Group #29","blocks":[{"id":"bstply8mw88jx08xs06rr7tt","type":"text","content":{"richText":[{"type":"p","children":[{"text":"Antes de te entregar o CRM eu gostaria de te conhecer um pouco melhor."}]}]},"groupId":"swxax1vil4xai5rsv5djz6do","outgoingEdgeId":"b10jpwfkd617d45t66feeyu7"}],"graphCoordinates":{"x":804.91,"y":0.41}},{"id":"yfdtvf74kavk5405fl433xkg","title":"Qual o cargo que você possui atualmente? ","blocks":[{"id":"phn38isevz9d1dz0he8p74jw","type":"text","content":{"richText":[{"type":"p","children":[{"text":"Qual o "},{"bold":true,"text":"cargo"},{"text":" que você ocupa atualmente? "}]}]},"groupId":"yfdtvf74kavk5405fl433xkg"},{"id":"lnddp788fkmtovx4z9yxewkr","type":"choice input","items":[{"id":"iwer5z1ph9v4m6ajxzklye69","type":0,"blockId":"lnddp788fkmtovx4z9yxewkr","content":"Dono/Sócio da empresa","outgoingEdgeId":"u5xyk7lfq35kba7mc7v48awv"},{"id":"h61mroayeha38k3aho7iwhha","type":0,"blockId":"lnddp788fkmtovx4z9yxewkr","content":"Gestor da Empresa","outgoingEdgeId":"pjnjbplh18dnb9cu59yvds0l"},{"id":"hxjsfrk9qem1yu84vtdzhomt","type":0,"blockId":"lnddp788fkmtovx4z9yxewkr","content":"Gestor Comercial","outgoingEdgeId":"oq2bm399x20jqyrtlmusrqtw"},{"id":"go6881q711cvy00q9wfbi30f","type":0,"blockId":"lnddp788fkmtovx4z9yxewkr","content":"Gestor de Atendimento ao Cliente","outgoingEdgeId":"nrh130ly1ggg35yjdh0y06w8"},{"id":"cw75mynmwyuseplwnvx9f9fj","type":0,"blockId":"lnddp788fkmtovx4z9yxewkr","content":"Atendente","outgoingEdgeId":"e9twzc6lqd0kka8mlsvtg146"},{"id":"gqfjo269qt9qfoqp7r7vj00q","type":0,"blockId":"lnddp788fkmtovx4z9yxewkr","content":"Vendedor","outgoingEdgeId":"kclnkmafpjiyz0yludafwxde"}],"groupId":"yfdtvf74kavk5405fl433xkg","options":{"variableId":"vrplghmy1g4ohal3tfbjbwx24","buttonLabel":"Send","isSearchable":false,"isMultipleChoice":false,"searchInputPlaceholder":"Filter the options..."}}],"graphCoordinates":{"x":3419.71,"y":-83.24}},{"id":"z5t83q7trmcorpg3yp45caha","title":"Group #21","blocks":[{"id":"etiu14n9l9062mt7leitvdjm","type":"Google Sheets","groupId":"z5t83q7trmcorpg3yp45caha","options":{"action":"Insert a row","sheetId":"0","cellsToInsert":[{"id":"f7cmot3qa4jz4ekv303h3h6j","column":"Submitted at"},{"id":"l6e4aetgtlkkt39sraizk5iz","value":"{{Nome}}","column":"Nome"},{"id":"fbyz72ouaopk7x6d4j2cvvqv","value":"{{sobrenome}}","column":"sobrenome"},{"id":"e0lcrdlgkgylfb6xo6u1l2l2","value":"{{E-mail}}","column":"{NOME} qual o seu email? Não se esqueça de colocar aquele que você mais usa."},{"id":"soaov3c9qw23unqvihtn6rsy","value":"{{WhatsApp}}","column":"WhatsApp"},{"id":"p81k1y4wdbtvwv2typpjmmqt","value":"{{Colaboradores}}","column":"Atendentes"},{"id":"piznqocrldtuacm520gda0ip","value":"{{Segmentos}}","column":"{{Nome}} pra eu entender melhor os seus desafios, me fala qual o segmento do seu negócios?"},{"id":"xbzcdof063vlth8b1b8rn1ip","value":"{{Outros Segmento}}","column":"Se você respondeu OUTRO na resposta anterior especifique o seu segmento."},{"id":"lyd4qtb8cqs5cs25jxk6khiy","value":"{{Site da Empresa}}","column":"Qual o site da sua empresa?"},{"id":"wsu3deblnibkngyym3g1ka5j","value":"{{Empresa}}","column":"Nome da empresa"},{"id":"bd94crcjln70emxvisg6embp","value":"{{Cargo}}","column":"Qual o cargo que você possui atualmente?"},{"id":"kvq95y7vmlih8cadh6891qm6","value":"{{Quer implementar?}}","column":"Você gostaria de ter o apoio de um consultor na implementação do CRM e no treinamento do seu time comercial para operacionaliza-lo?"}],"credentialsId":"cljud85gf002cmg0ftdtbx3zj","spreadsheetId":"13M70d4eyVnAXXP1TZ_u589xcjRxMcX4vVntQNEjmZa4"},"outgoingEdgeId":"b591y5vb81tg8s5qkj8b41o4"}],"graphCoordinates":{"x":8161.18,"y":38.33}},{"id":"o3k8he7cabc7dy05jxwk9n1w","title":"Group #21 copy","blocks":[{"id":"szmepu3ebjykhg65lb46n6gb","type":"Google Sheets","groupId":"o3k8he7cabc7dy05jxwk9n1w","options":{"action":"Insert a row","sheetId":"0","cellsToInsert":[{"id":"f7cmot3qa4jz4ekv303h3h6j","column":"Submitted at"},{"id":"l6e4aetgtlkkt39sraizk5iz","value":"{{Nome}}","column":"Nome"},{"id":"fbyz72ouaopk7x6d4j2cvvqv","value":"{{sobrenome}}","column":"sobrenome"},{"id":"e0lcrdlgkgylfb6xo6u1l2l2","value":"{{E-mail}}","column":"{NOME} qual o seu email? Não se esqueça de colocar aquele que você mais usa."},{"id":"soaov3c9qw23unqvihtn6rsy","value":"{{WhatsApp}}","column":"WhatsApp"},{"id":"p81k1y4wdbtvwv2typpjmmqt","value":"{{Colaboradores}}","column":"Atendentes"},{"id":"piznqocrldtuacm520gda0ip","value":"{{Segmentos}}","column":"{{Nome}} pra eu entender melhor os seus desafios, me fala qual o segmento do seu negócios?"},{"id":"xbzcdof063vlth8b1b8rn1ip","value":"{{Outros Segmento}}","column":"Se você respondeu OUTRO na resposta anterior especifique o seu segmento."},{"id":"lyd4qtb8cqs5cs25jxk6khiy","value":"{{Site da Empresa}}","column":"Qual o site da sua empresa?"},{"id":"wsu3deblnibkngyym3g1ka5j","value":"{{Empresa}}","column":"Nome da empresa"},{"id":"bd94crcjln70emxvisg6embp","value":"{{Cargo}}","column":"Qual o cargo que você possui atualmente?"},{"id":"fwufwlxeqmcpfmcwaf9j7ap2","value":"{{Quer implementar?}}","column":"Você gostaria de ter o apoio de um consultor na implementação do CRM e no treinamento do seu time comercial para operacionaliza-lo?"}],"credentialsId":"cljud85gf002cmg0ftdtbx3zj","spreadsheetId":"13M70d4eyVnAXXP1TZ_u589xcjRxMcX4vVntQNEjmZa4"},"outgoingEdgeId":"shljsgzege8ddtf72rjkp5mw"}],"graphCoordinates":{"x":9736.5,"y":463.2}},{"id":"pn6cvc5ueidf18q22ovssf8n","title":"Group #23","blocks":[{"id":"s78rluj9icqgidnu423iy319","type":"Pixel","groupId":"pn6cvc5ueidf18q22ovssf8n","options":{"name":"Cadastro Typebot","params":[],"pixelId":"648632563541719","eventType":"Custom","isInitSkip":true}}],"graphCoordinates":{"x":9689.65,"y":37.98}},{"id":"l78jyddmgnv9921ecoqts3n4","title":"Group #24","blocks":[{"id":"pyvj7uyqht4wwhxscnn52wbd","type":"Redirect","groupId":"l78jyddmgnv9921ecoqts3n4","options":{"url":"https://lp.maxbot.com.br/obrigado-crm-gratis","isNewTab":false},"outgoingEdgeId":"ipjvdhbqhg6vx3oqhxre2fq9"}],"graphCoordinates":{"x":7802.22,"y":22.84}},{"id":"hifcstlkrhxnk7y36c4rn5tk","title":"Nome da empresa","blocks":[{"id":"czl9velry1aq6ueb0iegfvbd","type":"text","content":{"richText":[{"type":"p","children":[{"text":"Qual o nome da empresa?"}]}]},"groupId":"hifcstlkrhxnk7y36c4rn5tk"},{"id":"xxyls22hu853mb8c7ys9no1d","type":"text input","groupId":"hifcstlkrhxnk7y36c4rn5tk","options":{"isLong":false,"labels":{"button":"Enviar","placeholder":"Digite o nome da empresa..."},"variableId":"vclbldrug6001w3b6ikelemxyj"},"outgoingEdgeId":"jze3g5tptqixvo09devnlbck"}],"graphCoordinates":{"x":3000.61,"y":475.18}},{"id":"kffmqmme52md1sw38cahcz9b","title":"Group #25","blocks":[{"id":"wopae4pcaup8hwdhfsjx6w2k","type":"Wait","groupId":"kffmqmme52md1sw38cahcz9b","options":{"secondsToWaitFor":"4"},"outgoingEdgeId":"h5h6s7ti1f55t757s1usev2w"}],"graphCoordinates":{"x":7405.59,"y":57.77}},{"id":"qrq119yith8zzl3dx19l2rx1","title":"Você gostaria de ter o apoio de um consultor na implementação do CRM e no treinamento do seu time comercial para operacionaliza-lo?","blocks":[{"id":"hkisofmwtkn9q26mh8eqkgn6","type":"text","content":{"richText":[{"type":"p","children":[{"text":"Você gostaria de ter o apoio de um consultor na implementação do CRM e no treinamento do seu time comercial para operacionaliza-lo?"}]}]},"groupId":"qrq119yith8zzl3dx19l2rx1"},{"id":"vi0bj3r6lb11h00lxx3ld53c","type":"choice input","items":[{"id":"fxjb2x37qa8nctu4v9mw24rx","type":0,"blockId":"vi0bj3r6lb11h00lxx3ld53c","content":"Sim, adoraria","outgoingEdgeId":"swnohe5xsafuzz03nm4t800f","displayCondition":{"isEnabled":false}},{"id":"zxjw3sna54fvm2iat3dm2gx9","type":0,"blockId":"vi0bj3r6lb11h00lxx3ld53c","content":"Não, eu consigo sozinho","outgoingEdgeId":"g4dhkn79efdotmmgwop98zti"}],"groupId":"qrq119yith8zzl3dx19l2rx1","options":{"variableId":"vr831s1xn7yiuegdyu212hztn","buttonLabel":"Send","isSearchable":false,"isMultipleChoice":false,"searchInputPlaceholder":"Filter the options..."}}],"graphCoordinates":{"x":6695.83,"y":455.86}},{"id":"qukjzbqosi5zyiw3grpsghf5","title":"Group #26","blocks":[{"id":"f12i2z4vbjmfmamkrxy5phns","type":"text","content":{"richText":[{"type":"p","children":[{"text":"Ah perfeito, eu vou te chamar agora no WhatsApp pra gente poder conversar sobre essa implementação."}]}]},"groupId":"qukjzbqosi5zyiw3grpsghf5","outgoingEdgeId":"v3g4mp391zbrd19hl9yn539m"}],"graphCoordinates":{"x":7154.32,"y":536.54}},{"id":"bvtsia40lo0vhqvvxvzau4gi","title":"Group #27","blocks":[{"id":"pscbl3kous2v7ewowqaejjm3","type":"Webhook","groupId":"bvtsia40lo0vhqvvxvzau4gi","options":{"isCustomBody":false,"isAdvancedConfig":true,"variablesForTest":[],"responseVariableMapping":[]},"webhookId":"ayo4jj0t40t19l8k9wtfpcil","outgoingEdgeId":"at0hdknvo42uem6up2o8tbm0"}],"graphCoordinates":{"x":7966.01,"y":490.47}},{"id":"s0li02xqfbem2f5ppsy62mnr","title":"Group #28","blocks":[{"id":"lteq3sf894olwlg9nf4kgtqj","type":"Wait","groupId":"s0li02xqfbem2f5ppsy62mnr","options":{"secondsToWaitFor":"5"},"outgoingEdgeId":"w4annlb8aqpg7z4bfm2nnggf"}],"graphCoordinates":{"x":7554.44,"y":499.05}},{"id":"obkcilp9h6jvjq7kgxucrffv","title":"Group #29","blocks":[{"id":"bw0aiz5xmztm3p7q6b99cjof","type":"text","content":{"richText":[{"type":"p","children":[{"text":"Estou te encaminhando agora para você baixar o nosso CRM Gratuito e também acessar e tela de apoio pra ativar ele."}]}]},"groupId":"obkcilp9h6jvjq7kgxucrffv","outgoingEdgeId":"u7m0o7c7hlmvuepo5l3lyy62"}],"graphCoordinates":{"x":8369.53,"y":467.93}},{"id":"xgckj2jf7chddscm45d0ukye","title":"Group #30","blocks":[{"id":"ozef1d6iotvc9236u53ynjki","type":"Wait","groupId":"xgckj2jf7chddscm45d0ukye","options":{"secondsToWaitFor":"5"},"outgoingEdgeId":"iz6yip6s6shmzvp0y3c97afx"}],"graphCoordinates":{"x":8862.31,"y":465.74}},{"id":"apfl4mth041m62l8m2u0i235","title":"Group #31","blocks":[{"id":"uagnpkllteaez4o5lggmg3oo","type":"Redirect","groupId":"apfl4mth041m62l8m2u0i235","options":{"url":"https://lp.maxbot.com.br/obrigado-crm-gratis","isNewTab":false},"outgoingEdgeId":"awejpzfto5hg2na3kxczybro"}],"graphCoordinates":{"x":9301.29,"y":461.95}}],"variables":[{"id":"vclbl37a0z000o3b6is00415th","name":"Nome"},{"id":"vclbl391r5000w3b6i2kpvw23u","name":"Sobrenome"},{"id":"vclbldldpi001b3b6iv7mjyfop","name":"WhatsApp"},{"id":"vclbldrug6001w3b6ikelemxyj","name":"Empresa"},{"id":"vqgb51mtyv3woznj0m8m5dnf0","name":"Atendentes"},{"id":"vrmezkr72jkf9scqkvqm6us6b","name":"E-mail"},{"id":"vrplghmy1g4ohal3tfbjbwx24","name":"Cargo"},{"id":"vrtkuw75wlia0qj2mbep4ei4g","name":"Colaboradores"},{"id":"vg562p1ztkn1n7n0frotiq321","name":"Colaboradores 2"},{"id":"vlkyyyrplob81eyx8qc6tdoro","name":"Segmentos"},{"id":"vqoll9znax7wlyqhm3ts3gh17","name":"Outros Segmento"},{"id":"vns11c47hiacqtwthud5tmzrb","name":"Site da Empresa"},{"id":"vr831s1xn7yiuegdyu212hztn","name":"Quer implementar?"}],"edges":[{"id":"hrbrm1wuyler8wzlky0k1u27","to":{"blockId":"clbl37e4v000q3b6ip1venqxy","groupId":"p21ix5gqzhgw9tuyohg11h42"},"from":{"blockId":"clbl371jx000n3b6iy5vogbor","groupId":"c7hk4ly0sua8a9l9mb369h8v"}},{"id":"zl9auxbuyu11cu2lvzxo4n2o","to":{"blockId":"clbldkrco00193b6iq0v7r1qu","groupId":"wbafpcckvj4rff2q4r3gasri"},"from":{"blockId":"clbl3auwb00163b6ilsohcz5d","groupId":"v7uy7vrzbi78ytb41e848zq6"}},{"id":"c2rdbvptkk8lvjp60ko9s4dn","to":{"groupId":"fey2xaf2gniba43rlbnc3ah8"},"from":{"itemId":"otf1pn60k9dq1rsf2g9bgl41","blockId":"b6x1okuj3xxa8b92g1uv9ets","groupId":"ltsv3910mquisuwlfu934442"}},{"id":"e3klveteh4zb9xs3k4gyswjh","to":{"groupId":"fey2xaf2gniba43rlbnc3ah8"},"from":{"itemId":"pqhbsw9p078vr9v3mkcdjso6","blockId":"b6x1okuj3xxa8b92g1uv9ets","groupId":"ltsv3910mquisuwlfu934442"}},{"id":"e2o4ulete0e4r9g89yjxipp0","to":{"groupId":"fey2xaf2gniba43rlbnc3ah8"},"from":{"itemId":"ztae65su2grw91kwvcuix51e","blockId":"b6x1okuj3xxa8b92g1uv9ets","groupId":"ltsv3910mquisuwlfu934442"}},{"id":"hki3exrxjucgkhpigc8fw3n9","to":{"groupId":"fey2xaf2gniba43rlbnc3ah8"},"from":{"itemId":"dmvitr87jj6rrnxrcv3d26em","blockId":"b6x1okuj3xxa8b92g1uv9ets","groupId":"ltsv3910mquisuwlfu934442"}},{"id":"hdir9smvyaxzi2rjvrj703qo","to":{"groupId":"fey2xaf2gniba43rlbnc3ah8"},"from":{"itemId":"dlz88sh5z6ca1e542kwtdxzn","blockId":"b6x1okuj3xxa8b92g1uv9ets","groupId":"ltsv3910mquisuwlfu934442"}},{"id":"y2fxoo9j8m2de1e2bhv5veun","to":{"groupId":"fey2xaf2gniba43rlbnc3ah8"},"from":{"itemId":"er2hk5t5kec0mpt0xlq26nic","blockId":"b6x1okuj3xxa8b92g1uv9ets","groupId":"ltsv3910mquisuwlfu934442"}},{"id":"ggavlruz80f1jgn1mghj0dxb","to":{"groupId":"fey2xaf2gniba43rlbnc3ah8"},"from":{"itemId":"mjd9jznx9czifyxpwsg2775o","blockId":"b6x1okuj3xxa8b92g1uv9ets","groupId":"ltsv3910mquisuwlfu934442"}},{"id":"x23kinmrmimgsedc0dg4f2h1","to":{"groupId":"fey2xaf2gniba43rlbnc3ah8"},"from":{"itemId":"p8gbwxrqa6om3jchaluxy99m","blockId":"b6x1okuj3xxa8b92g1uv9ets","groupId":"ltsv3910mquisuwlfu934442"}},{"id":"zl5mq9uhqfnsht21a4tlm0fo","to":{"groupId":"hcqej9okonvem0i0g6ki80yf"},"from":{"blockId":"ev57slp3zk7d9jv5r75h4lpy","groupId":"fey2xaf2gniba43rlbnc3ah8"}},{"id":"j8casys3yer3uc1neqjuj7mg","to":{"groupId":"dk8we6inbs3rtf2woro1uh0j"},"from":{"itemId":"b959u0y3i6h0sz2f4cmuzm8x","blockId":"qom6ly6g3ji2prb2bng23gxt","groupId":"hcqej9okonvem0i0g6ki80yf"}},{"id":"l6txd3mk13hkwkdfswepazb6","to":{"groupId":"dkclgb92qxagzatxrxv3b9p5"},"from":{"itemId":"w7hpn4qss1g7yqzt1qc1dk27","blockId":"qom6ly6g3ji2prb2bng23gxt","groupId":"hcqej9okonvem0i0g6ki80yf"}},{"id":"cs5g35sonz9ahefwohi209jt","to":{"groupId":"dkclgb92qxagzatxrxv3b9p5"},"from":{"itemId":"r1qaeg477df0q0gzwxavcbb3","blockId":"qom6ly6g3ji2prb2bng23gxt","groupId":"hcqej9okonvem0i0g6ki80yf"}},{"id":"oc8fxahs9n2agjfqatkc9pnd","to":{"groupId":"dkclgb92qxagzatxrxv3b9p5"},"from":{"itemId":"ch3iw6ny1m6vbqddiwwf3zco","blockId":"qom6ly6g3ji2prb2bng23gxt","groupId":"hcqej9okonvem0i0g6ki80yf"}},{"id":"kzdwjmvc5zhj0xwcivhv35ar","to":{"groupId":"dkclgb92qxagzatxrxv3b9p5"},"from":{"itemId":"o9hif8eipygpq6xziq9dd5nd","blockId":"qom6ly6g3ji2prb2bng23gxt","groupId":"hcqej9okonvem0i0g6ki80yf"}},{"id":"y4j0btj9gv1f2f62cqud1z9m","to":{"groupId":"dkclgb92qxagzatxrxv3b9p5"},"from":{"itemId":"lepg5mtk8pzi7ifxez3bwtq4","blockId":"qom6ly6g3ji2prb2bng23gxt","groupId":"hcqej9okonvem0i0g6ki80yf"}},{"id":"j37uoszmzku7sps5t69g081s","to":{"groupId":"dkclgb92qxagzatxrxv3b9p5"},"from":{"itemId":"xu80mzhzjr2fio0znm9anp63","blockId":"qom6ly6g3ji2prb2bng23gxt","groupId":"hcqej9okonvem0i0g6ki80yf"}},{"id":"xlvc7ndtltp0mqhp3s3tgzgz","to":{"groupId":"dkclgb92qxagzatxrxv3b9p5"},"from":{"itemId":"labe3fezx42h2hcqt6ifqhxq","blockId":"qom6ly6g3ji2prb2bng23gxt","groupId":"hcqej9okonvem0i0g6ki80yf"}},{"id":"zmzzuo3dk2moh9x1z92qvj7t","to":{"groupId":"dkclgb92qxagzatxrxv3b9p5"},"from":{"itemId":"m58mxzazedwvwslmsq5wp1lv","blockId":"qom6ly6g3ji2prb2bng23gxt","groupId":"hcqej9okonvem0i0g6ki80yf"}},{"id":"inwii0jvh085118mxvrejvxf","to":{"groupId":"dkclgb92qxagzatxrxv3b9p5"},"from":{"itemId":"hkf04ogsjyi9exiodmickqrj","blockId":"qom6ly6g3ji2prb2bng23gxt","groupId":"hcqej9okonvem0i0g6ki80yf"}},{"id":"rncvoj9wb39o9a7x3d90e8eu","to":{"groupId":"dkclgb92qxagzatxrxv3b9p5"},"from":{"itemId":"ekrse5t8nycd56kqb9m7ug5j","blockId":"qom6ly6g3ji2prb2bng23gxt","groupId":"hcqej9okonvem0i0g6ki80yf"}},{"id":"ct3q5v8sl9em6otz5w6y9mkc","to":{"groupId":"dkclgb92qxagzatxrxv3b9p5"},"from":{"itemId":"fdd3bwqviraod1594k7kghq4","blockId":"qom6ly6g3ji2prb2bng23gxt","groupId":"hcqej9okonvem0i0g6ki80yf"}},{"id":"y7o5v034o8d49jq27tm4r3ri","to":{"groupId":"dkclgb92qxagzatxrxv3b9p5"},"from":{"blockId":"dgaee5eqt02k5m3q2ghmlmqv","groupId":"dk8we6inbs3rtf2woro1uh0j"}},{"id":"ay8aotx5jgbr3wkximia1xd4","to":{"groupId":"wmevymyr4hkcu9wbt1ktss2m"},"from":{"itemId":"jf5i87ton3ra21hhbzqjv9wc","blockId":"b6x1okuj3xxa8b92g1uv9ets","groupId":"ltsv3910mquisuwlfu934442"}},{"id":"mqwetb34nsu9wpmxkl5epqe4","to":{"groupId":"wmevymyr4hkcu9wbt1ktss2m"},"from":{"itemId":"nhml5jr204em7rxv398wmna9","blockId":"b6x1okuj3xxa8b92g1uv9ets","groupId":"ltsv3910mquisuwlfu934442"}},{"id":"l70qhr4xqrjowi35fo0qb8so","to":{"groupId":"yf8888kngxx33ztj14e3f5a2"},"from":{"blockId":"b6axoen16ea9lza433u6fd5r","groupId":"wmevymyr4hkcu9wbt1ktss2m"}},{"id":"vnxyfb7la13hnz38br93ybaq","to":{"groupId":"v7uy7vrzbi78ytb41e848zq6"},"from":{"blockId":"clbl380fp000r3b6i8s97u0p0","groupId":"p21ix5gqzhgw9tuyohg11h42"}},{"id":"jhdr5qdqkuc9usx667p301dc","to":{"blockId":"clbl30x2i000j3b6ir4a6cmit","groupId":"ficupde7u1u1crk73756auon"},"from":{"blockId":"clbl2z2a0000908mscve7fh9f","groupId":"nny8zi68xbx5yk62s9zm6eln"}},{"id":"kbupf0hqfban1k61b0n1oboa","to":{"groupId":"swxax1vil4xai5rsv5djz6do"},"from":{"blockId":"clbl30x2i000j3b6ir4a6cmit","groupId":"ficupde7u1u1crk73756auon"}},{"id":"b10jpwfkd617d45t66feeyu7","to":{"groupId":"c7hk4ly0sua8a9l9mb369h8v"},"from":{"blockId":"bstply8mw88jx08xs06rr7tt","groupId":"swxax1vil4xai5rsv5djz6do"}},{"id":"u5xyk7lfq35kba7mc7v48awv","to":{"blockId":"cttajhtzzpsw4tf1vun3blxo","groupId":"ltsv3910mquisuwlfu934442"},"from":{"itemId":"iwer5z1ph9v4m6ajxzklye69","blockId":"lnddp788fkmtovx4z9yxewkr","groupId":"yfdtvf74kavk5405fl433xkg"}},{"id":"pjnjbplh18dnb9cu59yvds0l","to":{"blockId":"cttajhtzzpsw4tf1vun3blxo","groupId":"ltsv3910mquisuwlfu934442"},"from":{"itemId":"h61mroayeha38k3aho7iwhha","blockId":"lnddp788fkmtovx4z9yxewkr","groupId":"yfdtvf74kavk5405fl433xkg"}},{"id":"oq2bm399x20jqyrtlmusrqtw","to":{"blockId":"cttajhtzzpsw4tf1vun3blxo","groupId":"ltsv3910mquisuwlfu934442"},"from":{"itemId":"hxjsfrk9qem1yu84vtdzhomt","blockId":"lnddp788fkmtovx4z9yxewkr","groupId":"yfdtvf74kavk5405fl433xkg"}},{"id":"nrh130ly1ggg35yjdh0y06w8","to":{"blockId":"cttajhtzzpsw4tf1vun3blxo","groupId":"ltsv3910mquisuwlfu934442"},"from":{"itemId":"go6881q711cvy00q9wfbi30f","blockId":"lnddp788fkmtovx4z9yxewkr","groupId":"yfdtvf74kavk5405fl433xkg"}},{"id":"e9twzc6lqd0kka8mlsvtg146","to":{"blockId":"gymojaburm6234quflzlw3pp","groupId":"eza4va4z1n9ooxnnjdvqwlo7"},"from":{"itemId":"cw75mynmwyuseplwnvx9f9fj","blockId":"lnddp788fkmtovx4z9yxewkr","groupId":"yfdtvf74kavk5405fl433xkg"}},{"id":"kclnkmafpjiyz0yludafwxde","to":{"blockId":"gymojaburm6234quflzlw3pp","groupId":"eza4va4z1n9ooxnnjdvqwlo7"},"from":{"itemId":"gqfjo269qt9qfoqp7r7vj00q","blockId":"lnddp788fkmtovx4z9yxewkr","groupId":"yfdtvf74kavk5405fl433xkg"}},{"id":"sefdlitf4bk3rlupf8fiv53q","to":{"blockId":"cu3jb1id887l3c4ej5b416dw","groupId":"hwpvt2mlxt4rq01ocbqid6n6"},"from":{"itemId":"m81uqqasq8w71b2qs1sr9muq","blockId":"eog437iomrk45ueohj50s9i4","groupId":"eza4va4z1n9ooxnnjdvqwlo7"}},{"id":"jyoo0u07h82h9bfhgbgnq3p9","to":{"blockId":"cu3jb1id887l3c4ej5b416dw","groupId":"hwpvt2mlxt4rq01ocbqid6n6"},"from":{"itemId":"zlzw2mrslcowjb3u3scxangs","blockId":"eog437iomrk45ueohj50s9i4","groupId":"eza4va4z1n9ooxnnjdvqwlo7"}},{"id":"j3rzdja7n46x15y3u1ap3mcf","to":{"blockId":"ev57slp3zk7d9jv5r75h4lpy","groupId":"fey2xaf2gniba43rlbnc3ah8"},"from":{"itemId":"v0eqay9zleq603nat8wurdpe","blockId":"eog437iomrk45ueohj50s9i4","groupId":"eza4va4z1n9ooxnnjdvqwlo7"}},{"id":"y5irscymw302h8jusuqem6zm","to":{"blockId":"ev57slp3zk7d9jv5r75h4lpy","groupId":"fey2xaf2gniba43rlbnc3ah8"},"from":{"itemId":"j97whyxuu9veatpdc2z69rwe","blockId":"eog437iomrk45ueohj50s9i4","groupId":"eza4va4z1n9ooxnnjdvqwlo7"}},{"id":"igdvwn2hejxffk085bj8nqp0","to":{"blockId":"ev57slp3zk7d9jv5r75h4lpy","groupId":"fey2xaf2gniba43rlbnc3ah8"},"from":{"itemId":"z45ilclvfl65tzzzi8gkbyql","blockId":"eog437iomrk45ueohj50s9i4","groupId":"eza4va4z1n9ooxnnjdvqwlo7"}},{"id":"n9v1xys63up08gy7opugu3oy","to":{"blockId":"ev57slp3zk7d9jv5r75h4lpy","groupId":"fey2xaf2gniba43rlbnc3ah8"},"from":{"itemId":"pr24wnn1hqpvoia70kyd7803","blockId":"eog437iomrk45ueohj50s9i4","groupId":"eza4va4z1n9ooxnnjdvqwlo7"}},{"id":"rashjnqfpdrf099z2jixgat0","to":{"blockId":"ev57slp3zk7d9jv5r75h4lpy","groupId":"fey2xaf2gniba43rlbnc3ah8"},"from":{"itemId":"jo50kc2a9l12bqolaq2qf939","blockId":"eog437iomrk45ueohj50s9i4","groupId":"eza4va4z1n9ooxnnjdvqwlo7"}},{"id":"bgntlytewxer53gt3uy6ozzf","to":{"blockId":"ev57slp3zk7d9jv5r75h4lpy","groupId":"fey2xaf2gniba43rlbnc3ah8"},"from":{"itemId":"zrv4ui9lrrthnpc9l8bbqzij","blockId":"eog437iomrk45ueohj50s9i4","groupId":"eza4va4z1n9ooxnnjdvqwlo7"}},{"id":"hfpa859ore0y1zbhyvmv87l1","to":{"blockId":"ev57slp3zk7d9jv5r75h4lpy","groupId":"fey2xaf2gniba43rlbnc3ah8"},"from":{"itemId":"uai10shkxynxtxojardlwwph","blockId":"eog437iomrk45ueohj50s9i4","groupId":"eza4va4z1n9ooxnnjdvqwlo7"}},{"id":"vmlib80w7dm29loj5oabhqtp","to":{"blockId":"ev57slp3zk7d9jv5r75h4lpy","groupId":"fey2xaf2gniba43rlbnc3ah8"},"from":{"itemId":"ym6jinvb07flgm8khu4m9aav","blockId":"eog437iomrk45ueohj50s9i4","groupId":"eza4va4z1n9ooxnnjdvqwlo7"}},{"id":"vy5cmi8c8xxpa8t2fte5m7p3","to":{"groupId":"yf8888kngxx33ztj14e3f5a2"},"from":{"blockId":"cu3jb1id887l3c4ej5b416dw","groupId":"hwpvt2mlxt4rq01ocbqid6n6"}},{"id":"fh87bc5jzqfcrinjq5yhvrvd","to":{"blockId":"s78rluj9icqgidnu423iy319","groupId":"pn6cvc5ueidf18q22ovssf8n"},"from":{"blockId":"oxsxpapl8q0h6ad2h6ckalai","groupId":"oh6h3nnoxj6j6ok763brku17"}},{"id":"gjvvk830agovez7utqegm27g","to":{"groupId":"hifcstlkrhxnk7y36c4rn5tk"},"from":{"blockId":"clbldkytr001a3b6inyyx9fvs","groupId":"wbafpcckvj4rff2q4r3gasri"}},{"id":"jze3g5tptqixvo09devnlbck","to":{"blockId":"phn38isevz9d1dz0he8p74jw","groupId":"yfdtvf74kavk5405fl433xkg"},"from":{"blockId":"xxyls22hu853mb8c7ys9no1d","groupId":"hifcstlkrhxnk7y36c4rn5tk"}},{"id":"ipjvdhbqhg6vx3oqhxre2fq9","to":{"blockId":"etiu14n9l9062mt7leitvdjm","groupId":"z5t83q7trmcorpg3yp45caha"},"from":{"blockId":"pyvj7uyqht4wwhxscnn52wbd","groupId":"l78jyddmgnv9921ecoqts3n4"}},{"id":"b591y5vb81tg8s5qkj8b41o4","to":{"blockId":"u7hwk8jqeysk53wf3njdasvk","groupId":"st3uuiez6y76brt5oln29oje"},"from":{"blockId":"etiu14n9l9062mt7leitvdjm","groupId":"z5t83q7trmcorpg3yp45caha"}},{"id":"xk53n4hoolnv29gg2d8hbuq7","to":{"blockId":"wopae4pcaup8hwdhfsjx6w2k","groupId":"kffmqmme52md1sw38cahcz9b"},"from":{"blockId":"qe6111msi3zq3jy45m8e00fi","groupId":"ah97x9fofy8tic1d1rz7nksf"}},{"id":"h5h6s7ti1f55t757s1usev2w","to":{"blockId":"pyvj7uyqht4wwhxscnn52wbd","groupId":"l78jyddmgnv9921ecoqts3n4"},"from":{"blockId":"wopae4pcaup8hwdhfsjx6w2k","groupId":"kffmqmme52md1sw38cahcz9b"}},{"id":"j9hadqqew1jvmbsq6geraj0h","to":{"blockId":"oxsxpapl8q0h6ad2h6ckalai","groupId":"oh6h3nnoxj6j6ok763brku17"},"from":{"blockId":"u7hwk8jqeysk53wf3njdasvk","groupId":"st3uuiez6y76brt5oln29oje"}},{"id":"voa2xgz67zzc005q8lk9b6e7","to":{"blockId":"hkisofmwtkn9q26mh8eqkgn6","groupId":"qrq119yith8zzl3dx19l2rx1"},"from":{"blockId":"jximl602x59efhoydy84w7le","groupId":"dkclgb92qxagzatxrxv3b9p5"}},{"id":"g4dhkn79efdotmmgwop98zti","to":{"blockId":"qe6111msi3zq3jy45m8e00fi","groupId":"ah97x9fofy8tic1d1rz7nksf"},"from":{"itemId":"zxjw3sna54fvm2iat3dm2gx9","blockId":"vi0bj3r6lb11h00lxx3ld53c","groupId":"qrq119yith8zzl3dx19l2rx1"}},{"id":"v3g4mp391zbrd19hl9yn539m","to":{"blockId":"lteq3sf894olwlg9nf4kgtqj","groupId":"s0li02xqfbem2f5ppsy62mnr"},"from":{"blockId":"f12i2z4vbjmfmamkrxy5phns","groupId":"qukjzbqosi5zyiw3grpsghf5"}},{"id":"w4annlb8aqpg7z4bfm2nnggf","to":{"blockId":"pscbl3kous2v7ewowqaejjm3","groupId":"bvtsia40lo0vhqvvxvzau4gi"},"from":{"blockId":"lteq3sf894olwlg9nf4kgtqj","groupId":"s0li02xqfbem2f5ppsy62mnr"}},{"id":"swnohe5xsafuzz03nm4t800f","to":{"blockId":"f12i2z4vbjmfmamkrxy5phns","groupId":"qukjzbqosi5zyiw3grpsghf5"},"from":{"itemId":"fxjb2x37qa8nctu4v9mw24rx","blockId":"vi0bj3r6lb11h00lxx3ld53c","groupId":"qrq119yith8zzl3dx19l2rx1"}},{"id":"at0hdknvo42uem6up2o8tbm0","to":{"blockId":"bw0aiz5xmztm3p7q6b99cjof","groupId":"obkcilp9h6jvjq7kgxucrffv"},"from":{"blockId":"pscbl3kous2v7ewowqaejjm3","groupId":"bvtsia40lo0vhqvvxvzau4gi"}},{"id":"u7m0o7c7hlmvuepo5l3lyy62","to":{"blockId":"ozef1d6iotvc9236u53ynjki","groupId":"xgckj2jf7chddscm45d0ukye"},"from":{"blockId":"bw0aiz5xmztm3p7q6b99cjof","groupId":"obkcilp9h6jvjq7kgxucrffv"}},{"id":"iz6yip6s6shmzvp0y3c97afx","to":{"blockId":"uagnpkllteaez4o5lggmg3oo","groupId":"apfl4mth041m62l8m2u0i235"},"from":{"blockId":"ozef1d6iotvc9236u53ynjki","groupId":"xgckj2jf7chddscm45d0ukye"}},{"id":"awejpzfto5hg2na3kxczybro","to":{"blockId":"szmepu3ebjykhg65lb46n6gb","groupId":"o3k8he7cabc7dy05jxwk9n1w"},"from":{"blockId":"uagnpkllteaez4o5lggmg3oo","groupId":"apfl4mth041m62l8m2u0i235"}},{"id":"shljsgzege8ddtf72rjkp5mw","to":{"blockId":"awf2w25i5foz887qbb7coogh","groupId":"khaxqa4j9tfceeenimai8or7"},"from":{"blockId":"szmepu3ebjykhg65lb46n6gb","groupId":"o3k8he7cabc7dy05jxwk9n1w"}}],"theme":{"chat":{"inputs":{"color":"#303235","backgroundColor":"#FFFFFF","placeholderColor":"#9095A0"},"buttons":{"color":"#FFFFFF","backgroundColor":"#07831c"},"hostAvatar":{"url":"https://s3.fr-par.scw.cloud/typebot/public/typebots/airvneybqp9pf3tevblgkstt/hostAvatar?v=1688842763429","isEnabled":true},"hostBubbles":{"color":"#303235","backgroundColor":"#f7f7f7"},"guestBubbles":{"color":"#FFFFFF","backgroundColor":"#FF8E21"}},"general":{"font":"Open Sans","background":{"type":"None","content":"#FFFFFF"}}},"settings":{"general":{"isBrandingEnabled":true,"isInputPrefillEnabled":true,"isResultSavingEnabled":true,"isHideQueryParamsEnabled":true,"isNewResultOnRefreshEnabled":true},"metadata":{"title":"CRM Grátis","imageUrl":"https://s3.fr-par.scw.cloud/typebot/public/typebots/airvneybqp9pf3tevblgkstt/ogImage?v=1688842822682","favIconUrl":"https://s3.fr-par.scw.cloud/typebot/public/typebots/clbl2z2a20009ms0896ti85y1/favIcon?v=1670897812696","description":"Acesse agora o nosso CRM gratuitamente construído dentro da plataforma Clickup.","customHeadCode":"<!-- Meta Pixel Code -->\n<script>\n!function(f,b,e,v,n,t,s)\n{if(f.fbq)return;n=f.fbq=function(){n.callMethod?\nn.callMethod.apply(n,arguments):n.queue.push(arguments)};\nif(!f._fbq)f._fbq=n;n.push=n;n.loaded=!0;n.version='2.0';\nn.queue=[];t=b.createElement(e);t.async=!0;\nt.src=v;s=b.getElementsByTagName(e)[0];\ns.parentNode.insertBefore(t,s)}(window, document,'script',\n'https://connect.facebook.net/en_US/fbevents.js');\nfbq('init', '648632563541719');\nfbq('track', 'PageView');\n</script>\n<noscript><img height=\"1\" width=\"1\" style=\"display:none\"\nsrc=\"https://www.facebook.com/tr?id=648632563541719&ev=PageView&noscript=1\"\n/></noscript>\n<!-- End Meta Pixel Code -->\n\n<script type=\"text/javascript\" async src=\"https://d335luupugsy2.cloudfront.net/js/loader-scripts/a5ff2aed-d069-4c8e-9421-ea6471e2ad80-loader.js\" ></script>\n","googleTagManagerId":"GTM-KS93LJV"},"typingEmulation":{"speed":300,"enabled":true,"maxDelay":2}}}