{"id":"clfa8pep50001l008wnn61yay","version":"3","groups":[{"id":"ucwun0nug9hsa7654hqzyhui","title":"Start","blocks":[{"id":"cl868oitp000109mo45x96h47","type":"start","label":"Start","groupId":"ucwun0nug9hsa7654hqzyhui","outgoingEdgeId":"tt9hxs26e4kdeaxu2zm2ogxd"}],"graphCoordinates":{"x":-737.67,"y":1090.99}},{"id":"r61y3myql3k850dgicjdqlfw","title":"Group #1","blocks":[{"id":"cl868ufqe000d3b6jel0saq1c","type":"text","content":{"richText":[{"type":"p","children":[{"text":"Bem vindo ao processo de cadastro para entender mais sobre nossas soluções de marketing e vendas para sua clínica ou consultório."}]}]},"groupId":"r61y3myql3k850dgicjdqlfw"},{"id":"cl8bp8wm0001y3b6jnw4s4vrf","type":"text","content":{"richText":[{"type":"p","children":[{"text":"Apenas para "},{"bold":true,"text":"médicos e profissionais da saúde. "},{"text":" Aplique apenas se for o seu caso."},{"text":" (apenas 4 perguntas, sem enrolação)","italic":true}]}]},"groupId":"r61y3myql3k850dgicjdqlfw","outgoingEdgeId":"okwinem3v975secy5wudxn52"}],"graphCoordinates":{"x":441,"y":474}},{"id":"viezvemp4kimdfula33x14zu","title":"Group #2","blocks":[{"id":"cl868y6c0000j3b6jcw18ddv8","type":"choice input","items":[{"id":"cl868y6c1000k3b6jqxstb18q","type":0,"blockId":"cl868y6c0000j3b6jcw18ddv8","content":"Aperte para iniciar","outgoingEdgeId":"xx8q01x27zqysi6g8hiyrr1n"}],"groupId":"viezvemp4kimdfula33x14zu","options":{"buttonLabel":"Send","isMultipleChoice":false}}],"graphCoordinates":{"x":916,"y":485}},{"id":"tnp5vmej7p85waqw9vykygx0","title":"Group #2 copy","blocks":[{"id":"px919s0lvy5n0bv3331jtgve","type":"choice input","items":[{"id":"a3huw88wr0axpabeudt0ujhw","type":0,"blockId":"px919s0lvy5n0bv3331jtgve","content":"Aperte para iniciar","outgoingEdgeId":"rtyay8gwwaj0na2k1rtpg900"}],"groupId":"tnp5vmej7p85waqw9vykygx0","options":{"buttonLabel":"Send","isMultipleChoice":false}}],"graphCoordinates":{"x":406.22,"y":1555.22}},{"id":"ny4arf1r2bvb4yf901b97zd9","title":"Group #3","blocks":[{"id":"cl868z7s2000o3b6jk2yof44t","type":"text","content":{"html":"<div>Qual seu primeiro nome?</div>","richText":[{"type":"p","children":[{"text":"Qual seu primeiro nome?"}]}],"plainText":"Qual seu primeiro nome?"},"groupId":"ny4arf1r2bvb4yf901b97zd9","outgoingEdgeId":"biamd7xkvyfxpupj0hd7a4ow"}],"graphCoordinates":{"x":1303.84,"y":538}},{"id":"e6n3pykslnhi64bu6zc2uwde","title":"Group #3 copy","blocks":[{"id":"wvrbx1w97kidtlj4osvv0syp","type":"text","content":{"html":"<div>Qual seu primeiro nome?</div>","richText":[{"type":"p","children":[{"text":"Qual seu primeiro nome?"}]}],"plainText":"Qual seu primeiro nome?"},"groupId":"e6n3pykslnhi64bu6zc2uwde","outgoingEdgeId":"v41yx60ch7zyvqi8k9x9i449"}],"graphCoordinates":{"x":816.65,"y":1593.8}},{"id":"uhttkfujwcojgw50wnbljekv","title":"Group #4","blocks":[{"id":"cl868zmcr000r3b6jy215plwg","type":"text input","groupId":"uhttkfujwcojgw50wnbljekv","options":{"isLong":false,"labels":{"button":"enviar","placeholder":"seu nome"},"variableId":"vcl86911dj000w3b6j17b19oep"},"outgoingEdgeId":"dc2nfyw39wds297d5h51t6t7"}],"graphCoordinates":{"x":1680.77,"y":539}},{"id":"qi826uajdyh1iezd5ci35rrj","title":"Group #4 copy","blocks":[{"id":"l0w1yojmvbvxzpe5mijx2men","type":"text input","groupId":"qi826uajdyh1iezd5ci35rrj","options":{"isLong":false,"labels":{"button":"enviar","placeholder":"seu nome"},"variableId":"vcl86911dj000w3b6j17b19oep"},"outgoingEdgeId":"b8x281ev33zqyb3vjgmlx36n"}],"graphCoordinates":{"x":1266.29,"y":1586.34}},{"id":"tbvhbfk0u1a6gml0zn9hk6ub","title":"Group #5","blocks":[{"id":"cl869zn20000z3b6j14lclu83","type":"text","content":{"html":"<div>Qual seu melhor e-mail?</div>","richText":[{"type":"p","children":[{"text":"Qual seu melhor e-mail?"}]}],"plainText":"Qual seu melhor e-mail?"},"groupId":"tbvhbfk0u1a6gml0zn9hk6ub"},{"id":"cl8lxmwmp00033b6i2ol4bxkh","type":"text","content":{"html":"<div>(Só lembrando que vou mandar o link da sessão por lá) 😊</div>","richText":[{"type":"p","children":[{"text":"(Só lembrando que vou mandar o link da sessão por lá) 😊"}]}],"plainText":"(Só lembrando que vou mandar o link da sessão por lá) 😊"},"groupId":"tbvhbfk0u1a6gml0zn9hk6ub","outgoingEdgeId":"lf4g4hneht96h5q64mq6jyrl"}],"graphCoordinates":{"x":2079.9,"y":533.19}},{"id":"qauoucusqmkliv7tpbptbapm","title":"Group #5 copy","blocks":[{"id":"ipznqw2mvd5wnl6xn8xriszf","type":"text","content":{"html":"<div>Qual seu melhor e-mail?</div>","richText":[{"type":"p","children":[{"text":"Qual seu melhor e-mail?"}]}],"plainText":"Qual seu melhor e-mail?"},"groupId":"qauoucusqmkliv7tpbptbapm"},{"id":"v0ucvcf9wayx41iv5e4it30w","type":"text","content":{"html":"<div>(Só lembrando que vou mandar o link da sessão por lá) 😊</div>","richText":[{"type":"p","children":[{"text":"(Só lembrando que vou mandar o link da sessão por lá) 😊"}]}],"plainText":"(Só lembrando que vou mandar o link da sessão por lá) 😊"},"groupId":"qauoucusqmkliv7tpbptbapm","outgoingEdgeId":"fuyxje4x5ps37nclry5qz4l5"}],"graphCoordinates":{"x":1723.01,"y":1567.97}},{"id":"vehudtvwae2svilp0fh51k6x","title":"Group #6","blocks":[{"id":"cl86a0o3r00123b6jolnwx2vt","type":"email input","groupId":"vehudtvwae2svilp0fh51k6x","options":{"labels":{"button":"enviar","placeholder":"seu e-mail"},"variableId":"vcl86aer0q002c3b6jx28zxlrm","retryMessageContent":"esse e-mail parece estar errado, tente de novo"},"outgoingEdgeId":"ur5p4t1hjthsqv2fwmcwfrju"}],"graphCoordinates":{"x":2443.07,"y":534.07}},{"id":"a8yuoy74rwlylu17pmogvxnn","title":"Group #6 copy","blocks":[{"id":"dxy2skb8751mf08wqembbptm","type":"email input","groupId":"a8yuoy74rwlylu17pmogvxnn","options":{"labels":{"button":"enviar","placeholder":"seu e-mail"},"variableId":"vcl86aer0q002c3b6jx28zxlrm","retryMessageContent":"esse e-mail parece estar errado, tente de novo"},"outgoingEdgeId":"zsou5ytjy4fyymgff4h0wa9c"}],"graphCoordinates":{"x":2191.66,"y":1584.95}},{"id":"rdtbvu2y502c8x1qulw5oiwo","title":"Group #7","blocks":[{"id":"cl86a1f6m00153b6j76xty1qe","type":"text","content":{"html":"<div>Importante, para que eu consiga entrar em contato pra te avisar sobre sua aprovação. Qual é seu whatsapp?</div>","richText":[{"type":"p","children":[{"text":"Importante, para que eu consiga entrar em contato pra te avisar sobre sua aprovação. Qual é seu whatsapp?"}]}],"plainText":"Importante, para que eu consiga entrar em contato pra te avisar sobre sua aprovação. Qual é seu whatsapp?"},"groupId":"rdtbvu2y502c8x1qulw5oiwo","outgoingEdgeId":"hsubqr85bnkljmmyvmrnvb97"}],"graphCoordinates":{"x":2804.98,"y":531}},{"id":"cjrt6pgvt8v6fm2ppeqt2f3p","title":"Group #7 copy","blocks":[{"id":"hzzq22p7fjwyxgv9fmmgrgvt","type":"text","content":{"html":"<div>Importante, para que eu consiga entrar em contato pra te avisar sobre sua aprovação. Qual é seu whatsapp?</div>","richText":[{"type":"p","children":[{"text":"Importante, para que eu consiga entrar em contato pra te avisar sobre sua aprovação. Qual é seu whatsapp?"}]}],"plainText":"Importante, para que eu consiga entrar em contato pra te avisar sobre sua aprovação. Qual é seu whatsapp?"},"groupId":"cjrt6pgvt8v6fm2ppeqt2f3p","outgoingEdgeId":"z1l81wi5d25arjryxtx12cke"}],"graphCoordinates":{"x":2679.5,"y":1543.06}},{"id":"di06iqyw5qckkdonf6w7y02s","title":"Group #8","blocks":[{"id":"cl86a2ysp00183b6js0c4xs4z","type":"phone number input","groupId":"di06iqyw5qckkdonf6w7y02s","options":{"labels":{"button":"enviar","placeholder":"seu whatsapp"},"variableId":"vcl86aexgc002d3b6jc6o8aj23","defaultCountryCode":"BR","retryMessageContent":"Esse número parece inválido. Você pode tentar novamente?"},"outgoingEdgeId":"r51mvmifa1s0wd2sa8spct9m"}],"graphCoordinates":{"x":3197.67,"y":381.17}},{"id":"oihugqawnflorwjtmb5eeq97","title":"Group #8 copy","blocks":[{"id":"nax575k909j26mkpeuu2nclx","type":"phone number input","groupId":"oihugqawnflorwjtmb5eeq97","options":{"labels":{"button":"enviar","placeholder":"seu whatsapp"},"variableId":"vcl86aexgc002d3b6jc6o8aj23","defaultCountryCode":"BR","retryMessageContent":"Esse número parece inválido. Você pode tentar novamente?"},"outgoingEdgeId":"i8q9i4n41yz2fmkcr8vmtj82"}],"graphCoordinates":{"x":3130.69,"y":1617.43}},{"id":"xewilfq3qvu2vj8elk97mf7t","title":"Group #9","blocks":[{"id":"cl86aimxb002p3b6jgjn0qfi0","type":"text","content":{"html":"<div>Maravilha! Qual o seu @ do Instagram?</div>","richText":[{"type":"p","children":[{"text":"Maravilha! Qual o seu @ do Instagram?"}]}],"plainText":"Maravilha! Qual o seu @ do Instagram?"},"groupId":"xewilfq3qvu2vj8elk97mf7t","outgoingEdgeId":"f6d8m38w6x6vsklamqgf78qa"}],"graphCoordinates":{"x":3806.54,"y":246.03}},{"id":"sftkn0acej87a3tgvmo7c0k0","title":"Group #9 copy","blocks":[{"id":"zv6igb69st2mdf59a0n9voh2","type":"text","content":{"html":"<div>Maravilha! Qual o seu @ do Instagram?</div>","richText":[{"type":"p","children":[{"text":"Maravilha! Qual o seu @ do Instagram?"}]}],"plainText":"Maravilha! Qual o seu @ do Instagram?"},"groupId":"sftkn0acej87a3tgvmo7c0k0","outgoingEdgeId":"qshk77uggbl8fyzuod01691t"}],"graphCoordinates":{"x":4938.28,"y":1643.05}},{"id":"cayelkeadc98fb8dls57yu92","title":"insta","blocks":[{"id":"cl86aiyxf002s3b6jmcnuen6h","type":"text input","groupId":"cayelkeadc98fb8dls57yu92","options":{"isLong":false,"labels":{"button":"enviar","placeholder":"seu @"},"variableId":"vcl86ajaav002u3b6jtwwz0s6w"},"outgoingEdgeId":"k2xddl3j9rg8t2msv6qz76yw"}],"graphCoordinates":{"x":4137.39,"y":308.93}},{"id":"o1bt7qjsupidebn0sbdklpv4","title":"Group #11","blocks":[{"id":"cl86al1vv002z3b6j7wbgoet8","type":"text","content":{"html":"<div>Maravilha {{nome}}... Quero entender melhor sobre o seu momento. Quanto atualmente você está faturando por mês com sua clínica/consultório?</div>","richText":[{"type":"p","children":[{"text":"Maravilha {{nome}}... Quero entender melhor sobre o seu momento. Quanto atualmente você está faturando por mês com sua clínica/consultório?"}]}],"plainText":"Maravilha {{nome}}... Quero entender melhor sobre o seu momento. Quanto atualmente você está faturando por mês com sua clínica/consultório?"},"groupId":"o1bt7qjsupidebn0sbdklpv4","outgoingEdgeId":"wy1tng6ge3wfw5mjbe56y4t8"}],"graphCoordinates":{"x":4448.74,"y":553}},{"id":"p0tqgpvfkgmgwp1pvou546ke","title":"Group #12","blocks":[{"id":"cl86aobqp00323b6juhcbipkm","type":"choice input","items":[{"id":"cl86ap7fn00353b6j3torv79k","type":0,"blockId":"cl86aobqp00323b6juhcbipkm","content":"De R$0.000,00 a R$19.999,00","outgoingEdgeId":"gajjsimj5cer7aogmz95xb7a"},{"id":"cl86aqpwi00393b6jj5rx7igu","type":0,"blockId":"cl86aobqp00323b6juhcbipkm","content":"R$20.000,00 a R$49.999,00","outgoingEdgeId":"vhml8bz3p22gco6rjqcmt8my"},{"id":"cl87dyp7500403b6jrzp09x4p","type":0,"blockId":"cl86aobqp00323b6juhcbipkm","content":"R$50.000,00 a R$74.999,00","outgoingEdgeId":"sn1bkai1y1dfzrygnzywb60g"},{"id":"kn57atf7vxkghprcyfd2sk5e","type":0,"blockId":"cl86aobqp00323b6juhcbipkm","content":"R$75.000,00 a R$99.999,00","outgoingEdgeId":"jdzhyqc6n3dhomjd0mgy9t71"},{"id":"c899ybq1rp0x1tgiv6fbcrvk","type":0,"blockId":"cl86aobqp00323b6juhcbipkm","content":"R$100.000,00 a R$299.999,00","outgoingEdgeId":"jqte79z51tugjymo8ouy9r2m"},{"id":"ry6dgplo4f9449xpmpke1fmx","type":0,"blockId":"cl86aobqp00323b6juhcbipkm","content":"R$300.000,00 a R$500.000,00","outgoingEdgeId":"w8la0bqd59p502aj5tg7hr1a"},{"id":"re0ikrnulxqs77gwak2ey016","type":0,"blockId":"cl86aobqp00323b6juhcbipkm","content":"Acima de R$500.000,00","outgoingEdgeId":"yo2vhy9ezuqp6gr0pttybw6m"}],"groupId":"p0tqgpvfkgmgwp1pvou546ke","options":{"variableId":"vcl87e1v7j004a3b6jh3xwhqvo","buttonLabel":"Send","isMultipleChoice":false}}],"graphCoordinates":{"x":4858.7,"y":503.8}},{"id":"iof1u5965saunkq9wmdqsnv8","title":"Volume de consulta","blocks":[{"id":"cl86au04q003m3b6j5oizwg1z","type":"text","content":{"html":"<div>Quantos pacientes em média você atende por mês?</div>","richText":[{"type":"p","children":[{"text":"Quantos pacientes em média você atende por mês?"}]}],"plainText":"Quantos pacientes em média você atende por mês?"},"groupId":"iof1u5965saunkq9wmdqsnv8"},{"id":"ggxhu25o3pcgxjiyt90c43ed","type":"text input","groupId":"iof1u5965saunkq9wmdqsnv8","options":{"isLong":false,"labels":{"button":"Send","placeholder":"Type your answer..."}},"outgoingEdgeId":"b9eol6cap36mvqby9dgcn331"}],"graphCoordinates":{"x":5369.06,"y":-1.67}},{"id":"akvek10x7hxz3qt6minly757","title":"Ticket médio","blocks":[{"id":"enno33qjroqvph8fkaa83inj","type":"text","content":{"html":"<div>Hoje qual seu ticket médio (valor médio que o paciente gasta no seu consultório por consulta/procedimento)?</div>","richText":[{"type":"p","children":[{"text":"Hoje qual seu ticket médio (valor médio que o paciente gasta no seu consultório por consulta/procedimento)?"}]}],"plainText":"Hoje qual seu ticket médio (valor médio que o paciente gasta no seu consultório por consulta/procedimento)?"},"groupId":"akvek10x7hxz3qt6minly757"},{"id":"kkm9jcs3khktr34iuhm0g24d","type":"text input","groupId":"akvek10x7hxz3qt6minly757","options":{"isLong":false,"labels":{"button":"Send","placeholder":"Type your answer..."}},"outgoingEdgeId":"z7tp7yw2hqf8gl5au74mpboo"}],"graphCoordinates":{"x":4946.91,"y":-53.76}},{"id":"cqr9rtwemy2vlcazudnxdqt9","title":"Group #20","blocks":[{"id":"cl87e6v08004i3b6j74a6v55d","type":"text","content":{"html":"<div>Show... Estamos quase acabando… <span class=\"slate-bold\">FIQUE COMIGO</span>!</div>","richText":[{"type":"p","children":[{"text":"Show... Estamos quase acabando… "},{"bold":true,"text":"FIQUE COMIGO"},{"text":"!"}]}],"plainText":"Show... Estamos quase acabando… FIQUE COMIGO!"},"groupId":"cqr9rtwemy2vlcazudnxdqt9"},{"id":"cl87e7jvu004k3b6j6h9v0b92","type":"text","content":{"html":"<div>{{nome}}, qual sua área de atuação?</div>","richText":[{"type":"p","children":[{"text":"{{nome}}, qual sua área de atuação?"}]}],"plainText":"{{nome}}, qual sua área de atuação?"},"groupId":"cqr9rtwemy2vlcazudnxdqt9","outgoingEdgeId":"ayivl0sphfvfh03wer5beyq1"}],"graphCoordinates":{"x":7268.86,"y":1388.19}},{"id":"eojkn3rq2ujp2ksvfv4rop7a","title":"Group #23","blocks":[{"id":"cl87eb09i004s3b6jqtabzii4","type":"text input","groupId":"eojkn3rq2ujp2ksvfv4rop7a","options":{"isLong":true,"labels":{"button":"enviar","placeholder":"Sou especialista"},"variableId":"vppu5l7xn4zn6unfkw8dwf2aj"}}],"graphCoordinates":{"x":7114,"y":966}},{"id":"jk1v2ae2cmqbte297xarf9sy","title":"Group #24","blocks":[{"id":"cl87efnr3004x3b6jcr58gn4v","type":"text","content":{"richText":[{"type":"p","children":[{"text":"Perfeito! O próximo passo é "},{"bold":true,"text":"marcarmos uma reunião"},{"text":" onde vamos entender mais sobre seu momento e apresentar como podemos te ajudar."}]}]},"groupId":"jk1v2ae2cmqbte297xarf9sy"},{"id":"apwzz6rmf02zsdvpb9hg37va","type":"text","content":{"richText":[{"type":"p","children":[{"text":"Como somos uma empresa especializada no crescimento de clínicas e consultórios, eu "},{"bold":true,"text":"GARANTO "},{"text":"que nossa metodologia serve para você e conseguimos te entregar resultados "},{"bold":true,"text":"REAIS"},{"text":"."}]}]},"groupId":"jk1v2ae2cmqbte297xarf9sy"},{"id":"tz3xww13hjye2m5qfyct0ie3","type":"Wait","groupId":"jk1v2ae2cmqbte297xarf9sy","options":{"secondsToWaitFor":"2"}},{"id":"voiiy1zcrzfnle3t1b1w1h06","type":"text","content":{"richText":[{"type":"p","children":[{"text":"Você será redirecionado para uma página com os horários, aguarde 4 segundos."}]}]},"groupId":"jk1v2ae2cmqbte297xarf9sy"},{"id":"ojr3svq7it31ssidpslglimd","type":"Wait","groupId":"jk1v2ae2cmqbte297xarf9sy","options":{"secondsToWaitFor":"4"},"outgoingEdgeId":"wu6vf5at2li10qcludhgyi6g"}],"graphCoordinates":{"x":8410.66,"y":928.65}},{"id":"w73d3auvs44jvny5mzss6ree","title":"Group #24 copy","blocks":[{"id":"m4hvr6f3vaj71x2i33aw0nzm","type":"text","content":{"richText":[{"type":"p","children":[{"text":"Hoje você vende tratamentos, protocolos (serviços) acima de R$1.000,00 por paciente?"}]}]},"groupId":"w73d3auvs44jvny5mzss6ree"},{"id":"qla7lgfk1i3h71jv2wmc5ana","type":"choice input","items":[{"id":"wwuls5ltjgtrn3wxplgb4avg","type":0,"blockId":"qla7lgfk1i3h71jv2wmc5ana","content":"Sim, vendo normalmente"},{"id":"iqdh9qsvjpzkp1tfpymkhg0u","type":0,"blockId":"qla7lgfk1i3h71jv2wmc5ana","content":"Tenho essa opção, mas não consigo vender muito"},{"id":"yothy80fyeapa7h6o4ebt8lq","type":0,"blockId":"qla7lgfk1i3h71jv2wmc5ana","content":"Não tenho nada acima de R$1.000,00"}],"groupId":"w73d3auvs44jvny5mzss6ree","options":{"buttonLabel":"Send","isSearchable":false,"isMultipleChoice":false,"searchInputPlaceholder":"Filter the options..."},"outgoingEdgeId":"sbgvfu11ldwnm3j0nz0kzzsf"}],"graphCoordinates":{"x":7913.18,"y":888.21}},{"id":"e8edrvio3ks7s580zr06kmd4","title":"Group #29","blocks":[{"id":"cl8lxo5al00063b6ijyh49fel","type":"text","content":{"html":"<div>Então {{nome}}, o número {{telefone}} está correto? (<span class=\"slate-bold\">Um número errado pode fazer você perder sua vaga</span>)</div>","richText":[{"type":"p","children":[{"text":"Então {{nome}}, o número {{telefone}} está correto? ("},{"bold":true,"text":"Um número errado pode fazer você perder sua vaga"},{"text":")"}]}],"plainText":"Então {{nome}}, o número {{telefone}} está correto? (Um número errado pode fazer você perder sua vaga)"},"groupId":"e8edrvio3ks7s580zr06kmd4","outgoingEdgeId":"hb951lnacm0fcng8korzrt8z"}],"graphCoordinates":{"x":3228.77,"y":760}},{"id":"c20mvxq8bgio7v0eq1svq73p","title":"Group #29 copy","blocks":[{"id":"tu19csqjnp7iywmduece7mcw","type":"text","content":{"html":"<div>Então {{nome}}, o número {{telefone}} está correto? (<span class=\"slate-bold\">Um número errado pode fazer você perder sua vaga</span>)</div>","richText":[{"type":"p","children":[{"text":"Então {{nome}}, o número {{telefone}} está correto? ("},{"bold":true,"text":"Um número errado pode fazer você perder sua vaga"},{"text":")"}]}],"plainText":"Então {{nome}}, o número {{telefone}} está correto? (Um número errado pode fazer você perder sua vaga)"},"groupId":"c20mvxq8bgio7v0eq1svq73p","outgoingEdgeId":"o67bv4js7q94ky0qybutrloy"}],"graphCoordinates":{"x":3487.27,"y":1529.04}},{"id":"udmx1c63jtp2eqw2gmltf1gz","title":"telefone correto?","blocks":[{"id":"cl8lxpe5r000a3b6i9j37aif2","type":"choice input","items":[{"id":"cl8lxpe5v000b3b6i2zl7a0x4","type":0,"blockId":"cl8lxpe5r000a3b6i9j37aif2","content":"Sim","outgoingEdgeId":"cy36bbyz5d6qcq1ntk733519"},{"id":"cl8lxphbq000c3b6iy0x49wbe","type":0,"blockId":"cl8lxpe5r000a3b6i9j37aif2","content":"Não","outgoingEdgeId":"iaxozdy7q66888ovngk8s8r4"}],"groupId":"udmx1c63jtp2eqw2gmltf1gz","options":{"buttonLabel":"Send","isMultipleChoice":false}}],"graphCoordinates":{"x":3614.25,"y":1052.75}},{"id":"nhht43sa5o32mb1tshbtmyeg","title":"telefone correto? copy","blocks":[{"id":"bogc1dtj4rgrwwrjedowp11n","type":"choice input","items":[{"id":"e1zyq3psdm5pq6dn1k14a87k","type":0,"blockId":"bogc1dtj4rgrwwrjedowp11n","content":"Sim","outgoingEdgeId":"mf5ooroc145b19b58tlp6k9w"},{"id":"rpysq7lh3n260q1vd2gtcdr9","type":0,"blockId":"bogc1dtj4rgrwwrjedowp11n","content":"Não"}],"groupId":"nhht43sa5o32mb1tshbtmyeg","options":{"buttonLabel":"Send","isMultipleChoice":false}}],"graphCoordinates":{"x":3994.68,"y":1583.4}},{"id":"svvu77oigfeaw3ggshxyfx4w","title":"Group #31","blocks":[{"id":"cl8ly1p90000r3b6iivgw48es","type":"text","content":{"html":"<div>Até aqui tudo ótimo {{nome}}… Para eu entender mais sobre seu consultório, de onde vem a <span class=\"slate-bold\">maioria dos pacientes</span> que você atende? 🧐</div>","richText":[{"type":"p","children":[{"text":"Até aqui tudo ótimo {{nome}}… Para eu entender mais sobre seu consultório, de onde vem a "},{"bold":true,"text":"maioria dos pacientes"},{"text":" que você atende? 🧐"}]}],"plainText":"Até aqui tudo ótimo {{nome}}… Para eu entender mais sobre seu consultório, de onde vem a maioria dos pacientes que você atende? 🧐"},"groupId":"svvu77oigfeaw3ggshxyfx4w","outgoingEdgeId":"av1m5xpviqkai8iyic5af6sp"}],"graphCoordinates":{"x":3977.74,"y":961}},{"id":"iumzcj7gxotfonyievws11vu","title":"cliente principal","blocks":[{"id":"cl8ly335y000u3b6ipgz7gi1z","type":"choice input","items":[{"id":"cl8ly3361000v3b6i41suopl6","type":0,"blockId":"cl8ly335y000u3b6ipgz7gi1z","content":"Indicação do convênio"},{"id":"cl8ly39t2000w3b6icewvy0vl","type":0,"blockId":"cl8ly335y000u3b6ipgz7gi1z","content":"Indicação de colegas médicos"},{"id":"cl8ly4twd000z3b6igwojrjvk","type":0,"blockId":"cl8ly335y000u3b6ipgz7gi1z","content":"Tráfego Pago"},{"id":"tu0wzzyrj10f8liogf75jaxi","type":0,"blockId":"cl8ly335y000u3b6ipgz7gi1z","content":"Indicação dos próprios pacientes"}],"groupId":"iumzcj7gxotfonyievws11vu","options":{"buttonLabel":"enviar","isMultipleChoice":false}}],"graphCoordinates":{"x":4365.44,"y":978.51}},{"id":"gim0it7aoo295j5g0blkrt5c","title":"Group #33","blocks":[{"id":"cl8ly6b0x00163b6i9ohi7xwp","type":"text","content":{"html":"<div>Vish... foi mal :/</div>","richText":[{"type":"p","children":[{"text":"Vish... foi mal :/"}]}],"plainText":"Vish... foi mal :/"},"groupId":"gim0it7aoo295j5g0blkrt5c"},{"id":"cl8ly6m3e00173b6iurzx97uv","type":"text","content":{"html":"<div>Infelizmente não consigo te ajudar hoje. A minha metodologia só faz está com um negócio um pouco mais estruturado.</div>","richText":[{"type":"p","children":[{"text":"Infelizmente não consigo te ajudar hoje. A minha metodologia só faz está com um negócio um pouco mais estruturado."}]}],"plainText":"Infelizmente não consigo te ajudar hoje. A minha metodologia só faz está com um negócio um pouco mais estruturado."},"groupId":"gim0it7aoo295j5g0blkrt5c"},{"id":"cl8lyariu00193b6ip6gp8c82","type":"text","content":{"html":"<div>Mas pra entender... de 0 a 10 quanto você se considera apto e disposto a investir em uma solução para crescer seu consultório?</div>","richText":[{"type":"p","children":[{"text":"Mas pra entender... de 0 a 10 quanto você se considera apto e disposto a investir em uma solução para crescer seu consultório?"}]}],"plainText":"Mas pra entender... de 0 a 10 quanto você se considera apto e disposto a investir em uma solução para crescer seu consultório?"},"groupId":"gim0it7aoo295j5g0blkrt5c","outgoingEdgeId":"qgmf1kduus1txqjc6st5w8sn"}],"graphCoordinates":{"x":6711.23,"y":292.24}},{"id":"ao9ucf68k1lxp7e652qgu950","title":"Group #34","blocks":[{"id":"cl8lybbza001b3b6iihmrzh3e","type":"rating input","groupId":"ao9ucf68k1lxp7e652qgu950","options":{"labels":{"left":"pouco...","right":"bastante!","button":"enviar"},"length":10,"buttonType":"Numbers","customIcon":{"isEnabled":false},"variableId":"vcl91cquu000073b6ibqg7gdz3"},"outgoingEdgeId":"h1ylbakh7sewjbs92mg5k8ug"}],"graphCoordinates":{"x":7192.52,"y":492.88}},{"id":"d587tvux369byg3e0aqnbght","title":"Group #35","blocks":[{"id":"cl8lyciy0001e3b6igzxvsw5r","type":"text","content":{"html":"<div>Maravilha. Vou pensar se consigo te ajudar em algo, e caso eu consiga, entro em contato.</div>","richText":[{"type":"p","children":[{"text":"Maravilha. Vou pensar se consigo te ajudar em algo, e caso eu consiga, entro em contato."}]}],"plainText":"Maravilha. Vou pensar se consigo te ajudar em algo, e caso eu consiga, entro em contato."},"groupId":"d587tvux369byg3e0aqnbght"},{"id":"cl8lycyh3001f3b6iotihnw6x","type":"text","content":{"html":"<div>Muito obrigado, enquanto isso me segue no insta!</div>","richText":[{"type":"p","children":[{"text":"Muito obrigado, enquanto isso me segue no insta!"}]}],"plainText":"Muito obrigado, enquanto isso me segue no insta!"},"groupId":"d587tvux369byg3e0aqnbght"},{"id":"r5b417s4o7gorfppt39fx5np","type":"choice input","items":[{"id":"oobdq4rl6zx5s03oro8v9z8g","type":0,"blockId":"r5b417s4o7gorfppt39fx5np","content":"Seguir no insta!"}],"groupId":"d587tvux369byg3e0aqnbght","options":{"buttonLabel":"Send","isMultipleChoice":false},"outgoingEdgeId":"liasps05kbt05fwj85y1e6pr"}],"graphCoordinates":{"x":7606.12,"y":409.5}},{"id":"rtww9iw29qzeaxvme73fqvrd","title":"Group #36","blocks":[{"id":"cl9ijaqh1000v3b6i66c4p0ol","type":"Set variable","groupId":"rtww9iw29qzeaxvme73fqvrd","options":{"variableId":"vcl9ijavvb000w3b6ihdpu06pk"}},{"id":"cl9ijay0y000x3b6iq9ar7m59","type":"Set variable","groupId":"rtww9iw29qzeaxvme73fqvrd","options":{"variableId":"vcl9ijb373000y3b6i7ls77z0s"}},{"id":"cl9ijb6uj00103b6iaqcyvyid","type":"Set variable","groupId":"rtww9iw29qzeaxvme73fqvrd","options":{"variableId":"vcl9ijbf3t00113b6iuv59h8hg"}},{"id":"cl9ijbh7f00123b6i88jb8tm2","type":"Set variable","groupId":"rtww9iw29qzeaxvme73fqvrd","options":{"variableId":"vcl9ijbn3i00133b6inklliilo"}}],"graphCoordinates":{"x":-1145.18,"y":754.84}},{"id":"g88hwxagtc1fwzmv2apztdwf","title":"Group #38","blocks":[{"id":"clbpafv6700093b6ej0mohmvs","type":"Set variable","groupId":"g88hwxagtc1fwzmv2apztdwf","options":{"variableId":"vclbpagq4m000d3b6eoa1r8q9h","expressionToEvaluate":"zona_cinza"},"outgoingEdgeId":"orbav0213cnudpaint6vhgad"}],"graphCoordinates":{"x":5907.92,"y":152.52}},{"id":"asqa048f7jz24n9ncezufx8l","title":"Group #38 copy","blocks":[{"id":"clcju8zpb000f3b6jyturdrsy","type":"Set variable","groupId":"asqa048f7jz24n9ncezufx8l","options":{"variableId":"vclbpagq4m000d3b6eoa1r8q9h","expressionToEvaluate":"desqualificado"},"outgoingEdgeId":"abmeb90imra2xqenmb7f8w74"}],"graphCoordinates":{"x":6322.23,"y":439.45}},{"id":"ygyg9f9mfz072bo2a2rzdzbh","title":"Group #40","blocks":[{"id":"clbpal3so000j3b6eds2v271d","type":"text","content":{"html":"<div>Obrigado pela resposta {{nome}}.<span class=\"slate-bold\"> Vou analisar se consigo te ajudar com seu desafio e entro em contato caso eu consiga.</span></div>","richText":[{"type":"p","children":[{"text":"Obrigado pela resposta {{nome}}."},{"bold":true,"text":" Vou analisar se consigo te ajudar com seu desafio e entro em contato caso eu consiga."}]}],"plainText":"Obrigado pela resposta {{nome}}. Vou analisar se consigo te ajudar com seu desafio e entro em contato caso eu consiga."},"groupId":"ygyg9f9mfz072bo2a2rzdzbh"},{"id":"jmm30x01yuwou45mn1j48w2l","type":"Code","groupId":"ygyg9f9mfz072bo2a2rzdzbh","options":{"name":"Script","content":"<script>\n  fbq('track', 'Lead Ruim');\n</script>"}},{"id":"bsljxcneely5zuf9ko78b0yx","type":"text","content":{"html":"<div>Enquanto isso me segue no insta!</div>","richText":[{"type":"p","children":[{"text":"Enquanto isso me segue no insta!"}]}],"plainText":"Enquanto isso me segue no insta!"},"groupId":"ygyg9f9mfz072bo2a2rzdzbh","outgoingEdgeId":"dnqj5l6nfrpt1ugytmi2cynf"}],"graphCoordinates":{"x":7627.83,"y":-76.05}},{"id":"w4uml15pmnmbu6yk4x1ddfqu","title":"Group #40 copy","blocks":[{"id":"kh6e5txx9gixrk2cfi6sfmih","type":"text","content":{"richText":[{"type":"p","children":[{"text":"Obrigado pela resposta, {{nome}}."},{"bold":true,"text":" Um dos nossos consultores de venda vai analisar suas respostas e entrar em contato via Whatsapp em alguns instantes. "}]}]},"groupId":"w4uml15pmnmbu6yk4x1ddfqu"},{"id":"b6nvu9ough080vzjqhaj7llt","type":"Wait","groupId":"w4uml15pmnmbu6yk4x1ddfqu","options":{"secondsToWaitFor":"4"},"outgoingEdgeId":"e57rzja3cfqs2dnrpaihrvwj"}],"graphCoordinates":{"x":9394.78,"y":2006.97}},{"id":"qwblxkdy8y4613aee6u0xp5g","title":"Group #42","blocks":[{"id":"clbpaor2x000s3b6ejh2z3z5x","type":"Set variable","groupId":"qwblxkdy8y4613aee6u0xp5g","options":{"variableId":"vclbpagq4m000d3b6eoa1r8q9h","expressionToEvaluate":"alto_potencial"},"outgoingEdgeId":"zcnbujacjaibeh3vyx43aqvi"}],"graphCoordinates":{"x":5683.63,"y":1524.73}},{"id":"ozgu23v9nx7zj1viqylcfwnd","title":"Group #48","blocks":[{"id":"clbpckesm00133b6emvakq99i","type":"Set variable","groupId":"ozgu23v9nx7zj1viqylcfwnd","options":{"isCode":false,"variableId":"vclbpcl8pg00143b6eumhadacm","expressionToEvaluate":"new Date().toISOString()"},"outgoingEdgeId":"axze6cz8hepl84svmrufxvoh"}],"graphCoordinates":{"x":982.35,"y":824.72}},{"id":"sbfuwzcxotl4smrjoekubfbn","title":"investimento em tráfego","blocks":[{"id":"a4ua9503rzv0nkblkjpcvmi5","type":"text","content":{"html":"<div>Quanto você pode investir <span class=\"slate-bold\">inicialmente</span> em tráfego por dia para <span class=\"slate-bold\">trazer pacientes</span> para seu consultório/clínica?</div>","richText":[{"type":"p","children":[{"text":"Quanto você pode investir "},{"bold":true,"text":"inicialmente"},{"text":" em tráfego por dia para "},{"bold":true,"text":"trazer pacientes"},{"text":" para seu consultório/clínica?"}]}],"plainText":"Quanto você pode investir inicialmente em tráfego por dia para trazer pacientes para seu consultório/clínica?"},"groupId":"sbfuwzcxotl4smrjoekubfbn"}],"graphCoordinates":{"x":5505.8,"y":767.85}},{"id":"de5z1odiv4v2mcxe1ten8yzq","title":"investimento em tráfego","blocks":[{"id":"qcedc27z3oq90zjnuf40lrr7","type":"choice input","items":[{"id":"evl8q5sl8d7d2plfbv36pxdt","type":0,"blockId":"qcedc27z3oq90zjnuf40lrr7","content":"Não posso investir nada"},{"id":"xrifz61grhbsurl7ubbd1jko","type":0,"blockId":"qcedc27z3oq90zjnuf40lrr7","content":"Posso investir de R$15 a R$30 por dia","outgoingEdgeId":"z4rof5jyz63pyfvez5m2pkzf"},{"id":"ldsc9duaz3h032url2g0e965","type":0,"blockId":"qcedc27z3oq90zjnuf40lrr7","content":"Posso investir de R$30 a R$60 por dia","outgoingEdgeId":"t28eo3xmztq9iz5uzf0zpdp2"},{"id":"gtq9hf2byxued3wx1ndvhcyu","type":0,"blockId":"qcedc27z3oq90zjnuf40lrr7","content":"Posso investir acima de R$60/dia","outgoingEdgeId":"edz1uopcx20d46pnopp23uin"}],"groupId":"de5z1odiv4v2mcxe1ten8yzq","options":{"variableId":"vf4b9qcyt3hfz2fd96i7tfhqn","buttonLabel":"Send","isMultipleChoice":false}}],"graphCoordinates":{"x":5975.31,"y":879.05}},{"id":"pcuszk78int7fbj58rnpcbyn","title":"Group #37","blocks":[{"id":"xa08q2zul3og0i0gfuh8cs9b","type":"Redirect","groupId":"pcuszk78int7fbj58rnpcbyn","options":{"url":"https://www.instagram.com/_mateusguerra/reels","isNewTab":false}}],"graphCoordinates":{"x":9036.74,"y":171.42}},{"id":"dl83579fvcjv4oksf732zcrz","title":"Group #38","blocks":[{"id":"io5vx754rtmsqfu9qqinodua","type":"choice input","items":[{"id":"fchvjh4kdzh5zy4m6edcuo81","type":0,"blockId":"io5vx754rtmsqfu9qqinodua","content":"Seguir no insta!"}],"groupId":"dl83579fvcjv4oksf732zcrz","options":{"buttonLabel":"Send","isMultipleChoice":false},"outgoingEdgeId":"kuchdd4zwdpkczr4eqbi2kmc"}],"graphCoordinates":{"x":8069.97,"y":-45.44}},{"id":"sqlkuw37rpgbpak1ntetkr63","title":"Group #39","blocks":[{"id":"yljunp3ny1s4d97owkf1fky9","type":"Redirect","groupId":"sqlkuw37rpgbpak1ntetkr63","options":{"url":"https://calendly.com/mgmgrowth/consultoria","isNewTab":false}}],"graphCoordinates":{"x":9448.81,"y":848.31}},{"id":"qvr19u1bl4tllumnso5223m3","title":"Group #40","blocks":[{"id":"n5hgrmiw7awp8llxw99vu0p1","type":"Webhook","groupId":"qvr19u1bl4tllumnso5223m3","options":{"isCustomBody":false,"isAdvancedConfig":false,"variablesForTest":[],"responseVariableMapping":[]},"webhookId":"amjnnl48x9pcds2lsixsjfed"},{"id":"pdbcdixvis4h43mhy3x0zuh8","type":"Webhook","groupId":"qvr19u1bl4tllumnso5223m3","options":{"isCustomBody":false,"isAdvancedConfig":false,"variablesForTest":[],"responseVariableMapping":[]},"webhookId":"ywt0qneah7wmgq8wqeuvy2yg","outgoingEdgeId":"unkmd5nw7dip9kg7ng6wgwmi"}],"graphCoordinates":{"x":8906.07,"y":1092.38}},{"id":"a733oukn6ni2azs6knsjn8uo","title":"Group #40 copy","blocks":[{"id":"n286z1la4z7zuha92x8cdldx","type":"Webhook","groupId":"a733oukn6ni2azs6knsjn8uo","options":{"isCustomBody":false,"isAdvancedConfig":false,"variablesForTest":[],"responseVariableMapping":[]},"webhookId":"a9qyy1odbwrntikad3pklyfi"},{"id":"ewjhey3zjw6ultabnrlqgjv6","type":"Webhook","groupId":"a733oukn6ni2azs6knsjn8uo","options":{"isCustomBody":false,"isAdvancedConfig":false,"variablesForTest":[],"responseVariableMapping":[]},"webhookId":"xa215j37183obfr81j6vf2ex"},{"id":"n7oap9thllh41rm188bbn0g9","type":"Zapier","groupId":"a733oukn6ni2azs6knsjn8uo","options":{"isCustomBody":false,"isAdvancedConfig":false,"variablesForTest":[],"responseVariableMapping":[]},"webhookId":"xqa7izd7t0yafnp7j4avgve9","outgoingEdgeId":"uxxux3gkp4m1sdgarczccwq6"}],"graphCoordinates":{"x":8562.35,"y":156.81}},{"id":"ymthiezxiqv5ynxtiw7k9omr","title":"MAKE -> PIPEDRIVE|PLANILHA","blocks":[{"id":"dd8xuliqsgmpfk9u798yta26","type":"Webhook","groupId":"ymthiezxiqv5ynxtiw7k9omr","options":{"isCustomBody":false,"isAdvancedConfig":false,"variablesForTest":[],"responseVariableMapping":[]},"webhookId":"e413cjcacdrqx52xjajzapl9"},{"id":"poykb7xia8jhvu7k5anua7x6","type":"Webhook","groupId":"ymthiezxiqv5ynxtiw7k9omr","options":{"isCustomBody":false,"isAdvancedConfig":false,"variablesForTest":[],"responseVariableMapping":[]},"webhookId":"dta7fw2254liu5re76h9aapa","outgoingEdgeId":"kjhcg9azyger2rgbibzad1i4"}],"graphCoordinates":{"x":9748.75,"y":2106.96}},{"id":"s6c38ax3ajvhw4gcch70ad9u","title":"Group #42","blocks":[{"id":"f63fu9ebvb22gxwyt3w4fqcp","type":"Code","groupId":"s6c38ax3ajvhw4gcch70ad9u","options":{"name":"Script","content":"<script>\n  fbq('track', 'Lead Cadastrado');\n</script>"}},{"id":"l7tgac1sj9698aythagvrzd0","type":"Webhook","groupId":"s6c38ax3ajvhw4gcch70ad9u","options":{"isCustomBody":false,"isAdvancedConfig":false,"variablesForTest":[],"responseVariableMapping":[]},"webhookId":"bgu0iessanlgex335d69o703","outgoingEdgeId":"hpumnhy9pfh2e27jx5d9763n"}],"graphCoordinates":{"x":2989.71,"y":56.94}},{"id":"fexi5ypysnjmflq9pj2uj24w","title":"Group #42 copy","blocks":[{"id":"y0thlci56ggatkm07d95pzxz","type":"Code","groupId":"fexi5ypysnjmflq9pj2uj24w","options":{"name":"Script","content":"<script>\n  fbq('track', 'Lead Cadastrado');\n</script>"}},{"id":"wcupv50euh78dxci027w0fq9","type":"Webhook","groupId":"fexi5ypysnjmflq9pj2uj24w","options":{"isCustomBody":false,"isAdvancedConfig":false,"variablesForTest":[],"responseVariableMapping":[]},"webhookId":"e886mykk7a9yaagnztzomd4f","outgoingEdgeId":"l2mercdbp0v0fpvpc4fhbuou"}],"graphCoordinates":{"x":4389.02,"y":1638.71}},{"id":"kzwl9uzc8914q80lfvk2cl5h","title":"Group #43","blocks":[{"id":"dpiaimlt1extfy36hdhepsvz","type":"text","content":{"html":"<div>Seja bem-vindo! </div><div>Antes de qualquer coisa, marque a opção que corresponde ao seu momento.</div>","richText":[{"type":"p","children":[{"text":"Seja bem-vindo! "}]},{"type":"p","children":[{"text":"Antes de qualquer coisa, marque a opção que corresponde ao seu momento."}]}],"plainText":"Seja bem-vindo! \nAntes de qualquer coisa, marque a opção que corresponde ao seu momento."},"groupId":"kzwl9uzc8914q80lfvk2cl5h"},{"id":"kr3kcop86i5u5029qwzfh545","type":"choice input","items":[{"id":"k7qv1bqlvcja5ryiinesr55u","type":0,"blockId":"kr3kcop86i5u5029qwzfh545","content":"Trabalho na área da saúde (como médico, dentista, dono de consultório, clínica...)","outgoingEdgeId":"nztdsgfow7v5y7vmuz1h3p06"},{"id":"u9fh9aqcwcucwbwmoby2ebl8","type":0,"blockId":"kr3kcop86i5u5029qwzfh545","content":"Tenho uma empresa de outro segmento","outgoingEdgeId":"fhu4wg2xeu674wk0sk1ubw7r"}],"groupId":"kzwl9uzc8914q80lfvk2cl5h","options":{"buttonLabel":"Send","isMultipleChoice":false}}],"graphCoordinates":{"x":-142.09,"y":532.47}},{"id":"fqxb45v5cdozg5ewngg1pdev","title":"Group #44","blocks":[{"id":"rckossct42xhzqsvbkguufln","type":"text","content":{"html":"<div>Bem vindo, ao processo de inscrição para a <span class=\"slate-bold\">CONSULTORIA GRATUITA </span>para empreendedores.</div>","richText":[{"type":"p","children":[{"text":"Bem vindo, ao processo de inscrição para a "},{"bold":true,"text":"CONSULTORIA GRATUITA "},{"text":"para empreendedores."}]}],"plainText":"Bem vindo, ao processo de inscrição para a CONSULTORIA GRATUITA para empreendedores."},"groupId":"fqxb45v5cdozg5ewngg1pdev"},{"id":"r855p84acm8jw0iz44qwjphw","type":"text","content":{"html":"<div>Esta é uma consultoria <span class=\"slate-bold\">GRATUITA EXCLUSIVA</span> <span class=\"slate-bold\">para EMPREENDEDORES</span> que querem crescer sua empresa, aumentando seu faturamento e com mais clientes. Aplique apenas se for o seu caso.</div>","richText":[{"type":"p","children":[{"text":"Esta é uma consultoria "},{"bold":true,"text":"GRATUITA EXCLUSIVA"},{"text":" "},{"bold":true,"text":"para EMPREENDEDORES"},{"text":" que querem crescer sua empresa, aumentando seu faturamento e com mais clientes. Aplique apenas se for o seu caso.\n"}]}],"plainText":"Esta é uma consultoria GRATUITA EXCLUSIVA para EMPREENDEDORES que querem crescer sua empresa, aumentando seu faturamento e com mais clientes. Aplique apenas se for o seu caso."},"groupId":"fqxb45v5cdozg5ewngg1pdev"},{"id":"muykwy5iibz0wap06qjemf2w","type":"text","content":{"html":"<div>IMPORTANTE: A aplicação através desta conversa não garante uma vaga na Consultoria Estratégica. Vou analisar cuidadosamente as aplicações e aceitar apenas quem tem capacidade de tirar valor desta sessão estratégica gratuita com meu time.</div>","richText":[{"type":"p","children":[{"text":"IMPORTANTE: A aplicação através desta conversa não garante uma vaga na Consultoria Estratégica. Vou analisar cuidadosamente as aplicações e aceitar apenas quem tem capacidade de tirar valor desta sessão estratégica gratuita com meu time.\n"}]}],"plainText":"IMPORTANTE: A aplicação através desta conversa não garante uma vaga na Consultoria Estratégica. Vou analisar cuidadosamente as aplicações e aceitar apenas quem tem capacidade de tirar valor desta sessão estratégica gratuita com meu time."},"groupId":"fqxb45v5cdozg5ewngg1pdev"},{"id":"fv6bme38z6n3i4o6pfie4rpu","type":"text","content":{"html":"<div>(Leva menos de 5 minutos)</div>","richText":[{"type":"p","children":[{"text":"(Leva menos de 5 minutos)\n"}]}],"plainText":"(Leva menos de 5 minutos)"},"groupId":"fqxb45v5cdozg5ewngg1pdev"},{"id":"oqw80es5hw6p55zl1h2omhv5","type":"text","content":{"html":"<div>Está pronto?!</div>","richText":[{"type":"p","children":[{"text":"Está pronto?!"}]}],"plainText":"Está pronto?!"},"groupId":"fqxb45v5cdozg5ewngg1pdev","outgoingEdgeId":"yzcccijcj3lydvzxzs4oe6mw"}],"graphCoordinates":{"x":-134.9,"y":1224.3}},{"id":"sjl59c9mltnl70jiogjrfoa0","title":"Group #58","blocks":[{"id":"lt6y9xqt53yrvqhpwaigd339","type":"text input","groupId":"sjl59c9mltnl70jiogjrfoa0","options":{"isLong":false,"labels":{"button":"enviar","placeholder":"seu @"},"variableId":"vcl86ajaav002u3b6jtwwz0s6w"},"outgoingEdgeId":"cwuyuaiygt5mlmvnq5bstnsw"}],"graphCoordinates":{"x":5467.73,"y":1783.11}},{"id":"zkwb0tmuqj2wkp4ezokp1i20","title":"Group #60","blocks":[{"id":"rijy497zz6z4lwkei0p2ctwo","type":"text","content":{"html":"<div>Maravilha {{nome}}... Quero entender melhor sobre o seu momento. Quanto atualmente você está faturando por mês com sua empresa?</div>","richText":[{"type":"p","children":[{"text":"Maravilha {{nome}}... Quero entender melhor sobre o seu momento. Quanto atualmente você está faturando por mês com sua empresa?"}]}],"plainText":"Maravilha {{nome}}... Quero entender melhor sobre o seu momento. Quanto atualmente você está faturando por mês com sua empresa?"},"groupId":"zkwb0tmuqj2wkp4ezokp1i20","outgoingEdgeId":"l2aan8dpqh7ov75ujlh564kp"}],"graphCoordinates":{"x":6761.67,"y":1976.76}},{"id":"le1np28trb9o3y1c6igpim6e","title":"Group #60 copy","blocks":[{"id":"wf326jt5hnilone6ln3ckv6e","type":"text","content":{"html":"<div>Ótimo {{nome}}... </div><div>Qual sua meta de faturamento para o final de 2023?</div>","richText":[{"type":"p","children":[{"text":"Ótimo {{nome}}... "}]},{"type":"p","children":[{"text":"Qual sua meta de faturamento para o final de 2023?"}]}],"plainText":"Ótimo {{nome}}... \nQual sua meta de faturamento para o final de 2023?"},"groupId":"le1np28trb9o3y1c6igpim6e"},{"id":"vju16tpg9gy9rfqqqte21si0","type":"text input","groupId":"le1np28trb9o3y1c6igpim6e","options":{"isLong":false,"labels":{"button":"Send","placeholder":"Type your answer..."}},"outgoingEdgeId":"zn08t4fujs2p4b8qqgqhm36i"}],"graphCoordinates":{"x":7971.47,"y":2154.42}},{"id":"gtdag4deigp6o7bxi3qtfslf","title":"Group #60 copy copy","blocks":[{"id":"dh7eyych0esy88b3d921stu7","type":"text","content":{"html":"<div>Ok {{nome}}... </div><div>E como você acha que a mgm poderia te ajudar?</div>","richText":[{"type":"p","children":[{"text":"Ok {{nome}}... "}]},{"type":"p","children":[{"text":"E como você acha que a mgm poderia te ajudar?"}]}],"plainText":"Ok {{nome}}... \nE como você acha que a mgm poderia te ajudar?"},"groupId":"gtdag4deigp6o7bxi3qtfslf"},{"id":"n5g0f08nqel3smux3632gwm8","type":"text input","groupId":"gtdag4deigp6o7bxi3qtfslf","options":{"isLong":false,"labels":{"button":"Send","placeholder":"Type your answer..."}}}],"graphCoordinates":{"x":8076.06,"y":1702.42}},{"id":"flg3hefmbk6hu471pioonwsx","title":"Group #61","blocks":[{"id":"vz3ghyvqjl3zk4mi5ermtnoh","type":"choice input","items":[{"id":"x83o979m3u0nad0gkj2drc2b","type":0,"blockId":"vz3ghyvqjl3zk4mi5ermtnoh","content":"De R$0.000,00 a R$19.999,00"},{"id":"oj27n98yq8usmeseut6cqpgx","type":0,"blockId":"vz3ghyvqjl3zk4mi5ermtnoh","content":"R$20.000,00 a R$49.999,00"},{"id":"vo1wc1gwlwdzvmt0ziy9uiey","type":0,"blockId":"vz3ghyvqjl3zk4mi5ermtnoh","content":"R$50.000,00 a R$74.999,00"},{"id":"aj7zzh127miog5q8gi8jid98","type":0,"blockId":"vz3ghyvqjl3zk4mi5ermtnoh","content":"R$75.000,00 a R$99.999,00"},{"id":"f8wthhch3jeck3ka2mz97zjm","type":0,"blockId":"vz3ghyvqjl3zk4mi5ermtnoh","content":"R$100.000,00 a R$299.999,00"},{"id":"fpphnvfrie7mn2xywb1w0v70","type":0,"blockId":"vz3ghyvqjl3zk4mi5ermtnoh","content":"R$300.000,00 a R$500.000,00"},{"id":"w0412k14qp6aalq8fdt2gnpj","type":0,"blockId":"vz3ghyvqjl3zk4mi5ermtnoh","content":"Acima de R$500.000,00"}],"groupId":"flg3hefmbk6hu471pioonwsx","options":{"variableId":"vcl87e1v7j004a3b6jh3xwhqvo","buttonLabel":"Send","isMultipleChoice":false},"outgoingEdgeId":"gpoq4atc0w3zdzkn8326t5mk"}],"graphCoordinates":{"x":7286.21,"y":2067.24}},{"id":"q931c58ymwncxebr5iqipwxq","title":"Group #66","blocks":[{"id":"fx71sb1epqsj3qcwl4iiy4v1","type":"Redirect","groupId":"q931c58ymwncxebr5iqipwxq","options":{"url":"https://www.instagram.com/mgmgrowth","isNewTab":false}}],"graphCoordinates":{"x":10263.42,"y":2195.41}},{"id":"krl51gkm6vxjur7y2abweeg1","title":"bot conversa sequencia antiga","blocks":[{"id":"a1oa7jobwhjc4b5phsl98w3p","type":"Webhook","groupId":"krl51gkm6vxjur7y2abweeg1","options":{"isCustomBody":false,"isAdvancedConfig":false,"variablesForTest":[],"responseVariableMapping":[]},"webhookId":"f594bvr74jj06pykxbum3bw6"}],"graphCoordinates":{"x":9047.28,"y":1482.39}},{"id":"tgjre7a5pj7jwdcclrjx9ny2","title":"Group #62","blocks":[{"id":"kx4vfrxq52noebdjwlrfm4il","type":"text","content":{"richText":[{"type":"p","children":[{"text":"Como você imagina a mgm ajudando seu negócio hoje?"}]}]},"groupId":"tgjre7a5pj7jwdcclrjx9ny2"},{"id":"ffkqqpitgzimg4tk4d74736i","type":"text input","groupId":"tgjre7a5pj7jwdcclrjx9ny2","options":{"isLong":false,"labels":{"button":"Send","placeholder":"Type your answer..."}},"outgoingEdgeId":"g3i3b4t5i6rb5h4ixfheh26h"}],"graphCoordinates":{"x":8780.07,"y":2267.54}}],"variables":[{"id":"vcl86911dj000w3b6j17b19oep","name":"nome"},{"id":"vcl86aer0q002c3b6jx28zxlrm","name":"e-mail"},{"id":"vcl86aexgc002d3b6jc6o8aj23","name":"telefone"},{"id":"vcl86ajaav002u3b6jtwwz0s6w","name":"instagram"},{"id":"vcl87e1v7j004a3b6jh3xwhqvo","name":"faturamento mensal"},{"id":"vcl87e5tlx004g3b6jqrzmije9","name":"faturamento desejado"},{"id":"vcl8lxr427000i3b6i3tim73x6","name":"telefone correto"},{"id":"vcl8lxzynp000p3b6isane14cl","name":"faturamento últ. mês"},{"id":"vcl91cpkz600043b6ig76c69ao","name":"qnt. investiria tráf."},{"id":"vcl91cq9zr00053b6ix3sy00s6","name":"pq eu?"},{"id":"vcl91cqgga00063b6ivzg1dbl4","name":"pq você?"},{"id":"vcl91cquu000073b6ibqg7gdz3","name":"qnt. apto pra aprender"},{"id":"vcl9ijavvb000w3b6ihdpu06pk","name":"utm_source"},{"id":"vcl9ijb373000y3b6i7ls77z0s","name":"utm_campaign"},{"id":"vcl9ijbf3t00113b6iuv59h8hg","name":"utm_medium"},{"id":"vcl9ijbn3i00133b6inklliilo","name":"utm_content"},{"id":"vclbpagq4m000d3b6eoa1r8q9h","name":"qualificação"},{"id":"vclbpcl8pg00143b6eumhadacm","name":"data entrada"},{"id":"vf4b9qcyt3hfz2fd96i7tfhqn","name":"verba de trafego"},{"id":"vppu5l7xn4zn6unfkw8dwf2aj","name":"especialidade"}],"edges":[{"id":"ncf69ucn1gtwg38hx03qnzha","to":{"blockId":"cl868y6c0000j3b6jcw18ddv8","groupId":"viezvemp4kimdfula33x14zu"},"from":{"blockId":"cl868wors000h3b6j6medkvqk","groupId":"r61y3myql3k850dgicjdqlfw"}},{"id":"biamd7xkvyfxpupj0hd7a4ow","to":{"groupId":"uhttkfujwcojgw50wnbljekv"},"from":{"blockId":"cl868z7s2000o3b6jk2yof44t","groupId":"ny4arf1r2bvb4yf901b97zd9"}},{"id":"dc2nfyw39wds297d5h51t6t7","to":{"groupId":"tbvhbfk0u1a6gml0zn9hk6ub"},"from":{"blockId":"cl868zmcr000r3b6jy215plwg","groupId":"uhttkfujwcojgw50wnbljekv"}},{"id":"ur5p4t1hjthsqv2fwmcwfrju","to":{"blockId":"cl86a1f6m00153b6j76xty1qe","groupId":"rdtbvu2y502c8x1qulw5oiwo"},"from":{"blockId":"cl86a0o3r00123b6jolnwx2vt","groupId":"vehudtvwae2svilp0fh51k6x"}},{"id":"hsubqr85bnkljmmyvmrnvb97","to":{"groupId":"di06iqyw5qckkdonf6w7y02s"},"from":{"blockId":"cl86a1f6m00153b6j76xty1qe","groupId":"rdtbvu2y502c8x1qulw5oiwo"}},{"id":"wy1tng6ge3wfw5mjbe56y4t8","to":{"groupId":"p0tqgpvfkgmgwp1pvou546ke"},"from":{"blockId":"cl86al1vv002z3b6j7wbgoet8","groupId":"o1bt7qjsupidebn0sbdklpv4"}},{"id":"lf4g4hneht96h5q64mq6jyrl","to":{"blockId":"cl86a0o3r00123b6jolnwx2vt","groupId":"vehudtvwae2svilp0fh51k6x"},"from":{"blockId":"cl8lxmwmp00033b6i2ol4bxkh","groupId":"tbvhbfk0u1a6gml0zn9hk6ub"}},{"id":"hb951lnacm0fcng8korzrt8z","to":{"groupId":"udmx1c63jtp2eqw2gmltf1gz"},"from":{"blockId":"cl8lxo5al00063b6ijyh49fel","groupId":"e8edrvio3ks7s580zr06kmd4"}},{"id":"iaxozdy7q66888ovngk8s8r4","to":{"blockId":"cl86a1f6m00153b6j76xty1qe","groupId":"rdtbvu2y502c8x1qulw5oiwo"},"from":{"itemId":"cl8lxphbq000c3b6iy0x49wbe","blockId":"cl8lxpe5r000a3b6i9j37aif2","groupId":"udmx1c63jtp2eqw2gmltf1gz"}},{"id":"av1m5xpviqkai8iyic5af6sp","to":{"blockId":"cl8ly335y000u3b6ipgz7gi1z","groupId":"iumzcj7gxotfonyievws11vu"},"from":{"blockId":"cl8ly1p90000r3b6iivgw48es","groupId":"svvu77oigfeaw3ggshxyfx4w"}},{"id":"qgmf1kduus1txqjc6st5w8sn","to":{"blockId":"cl8lybbza001b3b6iihmrzh3e","groupId":"ao9ucf68k1lxp7e652qgu950"},"from":{"blockId":"cl8lyariu00193b6ip6gp8c82","groupId":"gim0it7aoo295j5g0blkrt5c"}},{"id":"h1ylbakh7sewjbs92mg5k8ug","to":{"groupId":"d587tvux369byg3e0aqnbght"},"from":{"blockId":"cl8lybbza001b3b6iihmrzh3e","groupId":"ao9ucf68k1lxp7e652qgu950"}},{"id":"f6d8m38w6x6vsklamqgf78qa","to":{"groupId":"cayelkeadc98fb8dls57yu92"},"from":{"blockId":"cl86aimxb002p3b6jgjn0qfi0","groupId":"xewilfq3qvu2vj8elk97mf7t"}},{"id":"sn1bkai1y1dfzrygnzywb60g","to":{"blockId":"clbpaor2x000s3b6ejh2z3z5x","groupId":"qwblxkdy8y4613aee6u0xp5g"},"from":{"itemId":"cl87dyp7500403b6jrzp09x4p","blockId":"cl86aobqp00323b6juhcbipkm","groupId":"p0tqgpvfkgmgwp1pvou546ke"}},{"id":"xx8q01x27zqysi6g8hiyrr1n","to":{"groupId":"ozgu23v9nx7zj1viqylcfwnd"},"from":{"itemId":"cl868y6c1000k3b6jqxstb18q","blockId":"cl868y6c0000j3b6jcw18ddv8","groupId":"viezvemp4kimdfula33x14zu"}},{"id":"axze6cz8hepl84svmrufxvoh","to":{"groupId":"ny4arf1r2bvb4yf901b97zd9"},"from":{"blockId":"clbpckesm00133b6emvakq99i","groupId":"ozgu23v9nx7zj1viqylcfwnd"}},{"id":"abmeb90imra2xqenmb7f8w74","to":{"groupId":"gim0it7aoo295j5g0blkrt5c"},"from":{"blockId":"clcju8zpb000f3b6jyturdrsy","groupId":"asqa048f7jz24n9ncezufx8l"}},{"id":"r51mvmifa1s0wd2sa8spct9m","to":{"groupId":"e8edrvio3ks7s580zr06kmd4"},"from":{"blockId":"cl86a2ysp00183b6js0c4xs4z","groupId":"di06iqyw5qckkdonf6w7y02s"}},{"id":"jdzhyqc6n3dhomjd0mgy9t71","to":{"groupId":"qwblxkdy8y4613aee6u0xp5g"},"from":{"itemId":"kn57atf7vxkghprcyfd2sk5e","blockId":"cl86aobqp00323b6juhcbipkm","groupId":"p0tqgpvfkgmgwp1pvou546ke"}},{"id":"jqte79z51tugjymo8ouy9r2m","to":{"groupId":"qwblxkdy8y4613aee6u0xp5g"},"from":{"itemId":"c899ybq1rp0x1tgiv6fbcrvk","blockId":"cl86aobqp00323b6juhcbipkm","groupId":"p0tqgpvfkgmgwp1pvou546ke"}},{"id":"w8la0bqd59p502aj5tg7hr1a","to":{"groupId":"qwblxkdy8y4613aee6u0xp5g"},"from":{"itemId":"ry6dgplo4f9449xpmpke1fmx","blockId":"cl86aobqp00323b6juhcbipkm","groupId":"p0tqgpvfkgmgwp1pvou546ke"}},{"id":"yo2vhy9ezuqp6gr0pttybw6m","to":{"groupId":"qwblxkdy8y4613aee6u0xp5g"},"from":{"itemId":"re0ikrnulxqs77gwak2ey016","blockId":"cl86aobqp00323b6juhcbipkm","groupId":"p0tqgpvfkgmgwp1pvou546ke"}},{"id":"z7tp7yw2hqf8gl5au74mpboo","to":{"blockId":"cl86au04q003m3b6j5oizwg1z","groupId":"iof1u5965saunkq9wmdqsnv8"},"from":{"blockId":"kkm9jcs3khktr34iuhm0g24d","groupId":"akvek10x7hxz3qt6minly757"}},{"id":"b9eol6cap36mvqby9dgcn331","to":{"groupId":"g88hwxagtc1fwzmv2apztdwf"},"from":{"blockId":"ggxhu25o3pcgxjiyt90c43ed","groupId":"iof1u5965saunkq9wmdqsnv8"}},{"id":"t28eo3xmztq9iz5uzf0zpdp2","to":{"groupId":"qwblxkdy8y4613aee6u0xp5g"},"from":{"itemId":"ldsc9duaz3h032url2g0e965","blockId":"qcedc27z3oq90zjnuf40lrr7","groupId":"de5z1odiv4v2mcxe1ten8yzq"}},{"id":"edz1uopcx20d46pnopp23uin","to":{"groupId":"qwblxkdy8y4613aee6u0xp5g"},"from":{"itemId":"gtq9hf2byxued3wx1ndvhcyu","blockId":"qcedc27z3oq90zjnuf40lrr7","groupId":"de5z1odiv4v2mcxe1ten8yzq"}},{"id":"dnqj5l6nfrpt1ugytmi2cynf","to":{"blockId":"io5vx754rtmsqfu9qqinodua","groupId":"dl83579fvcjv4oksf732zcrz"},"from":{"blockId":"bsljxcneely5zuf9ko78b0yx","groupId":"ygyg9f9mfz072bo2a2rzdzbh"}},{"id":"ayivl0sphfvfh03wer5beyq1","to":{"blockId":"cl87eb09i004s3b6jqtabzii4","groupId":"eojkn3rq2ujp2ksvfv4rop7a"},"from":{"blockId":"cl87e7jvu004k3b6j6h9v0b92","groupId":"cqr9rtwemy2vlcazudnxdqt9"}},{"id":"liasps05kbt05fwj85y1e6pr","to":{"blockId":"n286z1la4z7zuha92x8cdldx","groupId":"a733oukn6ni2azs6knsjn8uo"},"from":{"blockId":"r5b417s4o7gorfppt39fx5np","groupId":"d587tvux369byg3e0aqnbght"}},{"id":"kuchdd4zwdpkczr4eqbi2kmc","to":{"blockId":"n286z1la4z7zuha92x8cdldx","groupId":"a733oukn6ni2azs6knsjn8uo"},"from":{"blockId":"io5vx754rtmsqfu9qqinodua","groupId":"dl83579fvcjv4oksf732zcrz"}},{"id":"cy36bbyz5d6qcq1ntk733519","to":{"groupId":"s6c38ax3ajvhw4gcch70ad9u"},"from":{"itemId":"cl8lxpe5v000b3b6i2zl7a0x4","blockId":"cl8lxpe5r000a3b6i9j37aif2","groupId":"udmx1c63jtp2eqw2gmltf1gz"}},{"id":"tt9hxs26e4kdeaxu2zm2ogxd","to":{"groupId":"kzwl9uzc8914q80lfvk2cl5h"},"from":{"blockId":"cl868oitp000109mo45x96h47","groupId":"ucwun0nug9hsa7654hqzyhui"}},{"id":"nztdsgfow7v5y7vmuz1h3p06","to":{"groupId":"r61y3myql3k850dgicjdqlfw"},"from":{"itemId":"k7qv1bqlvcja5ryiinesr55u","blockId":"kr3kcop86i5u5029qwzfh545","groupId":"kzwl9uzc8914q80lfvk2cl5h"}},{"id":"yzcccijcj3lydvzxzs4oe6mw","to":{"blockId":"px919s0lvy5n0bv3331jtgve","groupId":"tnp5vmej7p85waqw9vykygx0"},"from":{"blockId":"oqw80es5hw6p55zl1h2omhv5","groupId":"fqxb45v5cdozg5ewngg1pdev"}},{"id":"rtyay8gwwaj0na2k1rtpg900","to":{"blockId":"wvrbx1w97kidtlj4osvv0syp","groupId":"e6n3pykslnhi64bu6zc2uwde"},"from":{"itemId":"a3huw88wr0axpabeudt0ujhw","blockId":"px919s0lvy5n0bv3331jtgve","groupId":"tnp5vmej7p85waqw9vykygx0"}},{"id":"v41yx60ch7zyvqi8k9x9i449","to":{"blockId":"l0w1yojmvbvxzpe5mijx2men","groupId":"qi826uajdyh1iezd5ci35rrj"},"from":{"blockId":"wvrbx1w97kidtlj4osvv0syp","groupId":"e6n3pykslnhi64bu6zc2uwde"}},{"id":"b8x281ev33zqyb3vjgmlx36n","to":{"groupId":"qauoucusqmkliv7tpbptbapm"},"from":{"blockId":"l0w1yojmvbvxzpe5mijx2men","groupId":"qi826uajdyh1iezd5ci35rrj"}},{"id":"fuyxje4x5ps37nclry5qz4l5","to":{"blockId":"dxy2skb8751mf08wqembbptm","groupId":"a8yuoy74rwlylu17pmogvxnn"},"from":{"blockId":"v0ucvcf9wayx41iv5e4it30w","groupId":"qauoucusqmkliv7tpbptbapm"}},{"id":"zsou5ytjy4fyymgff4h0wa9c","to":{"blockId":"hzzq22p7fjwyxgv9fmmgrgvt","groupId":"cjrt6pgvt8v6fm2ppeqt2f3p"},"from":{"blockId":"dxy2skb8751mf08wqembbptm","groupId":"a8yuoy74rwlylu17pmogvxnn"}},{"id":"z1l81wi5d25arjryxtx12cke","to":{"groupId":"oihugqawnflorwjtmb5eeq97"},"from":{"blockId":"hzzq22p7fjwyxgv9fmmgrgvt","groupId":"cjrt6pgvt8v6fm2ppeqt2f3p"}},{"id":"i8q9i4n41yz2fmkcr8vmtj82","to":{"blockId":"tu19csqjnp7iywmduece7mcw","groupId":"c20mvxq8bgio7v0eq1svq73p"},"from":{"blockId":"nax575k909j26mkpeuu2nclx","groupId":"oihugqawnflorwjtmb5eeq97"}},{"id":"o67bv4js7q94ky0qybutrloy","to":{"groupId":"nhht43sa5o32mb1tshbtmyeg"},"from":{"blockId":"tu19csqjnp7iywmduece7mcw","groupId":"c20mvxq8bgio7v0eq1svq73p"}},{"id":"qshk77uggbl8fyzuod01691t","to":{"blockId":"lt6y9xqt53yrvqhpwaigd339","groupId":"sjl59c9mltnl70jiogjrfoa0"},"from":{"blockId":"zv6igb69st2mdf59a0n9voh2","groupId":"sftkn0acej87a3tgvmo7c0k0"}},{"id":"l2aan8dpqh7ov75ujlh564kp","to":{"groupId":"flg3hefmbk6hu471pioonwsx"},"from":{"blockId":"rijy497zz6z4lwkei0p2ctwo","groupId":"zkwb0tmuqj2wkp4ezokp1i20"}},{"id":"zn08t4fujs2p4b8qqgqhm36i","to":{"blockId":"dh7eyych0esy88b3d921stu7","groupId":"gtdag4deigp6o7bxi3qtfslf"},"from":{"blockId":"vju16tpg9gy9rfqqqte21si0","groupId":"le1np28trb9o3y1c6igpim6e"}},{"id":"fhu4wg2xeu674wk0sk1ubw7r","to":{"groupId":"fqxb45v5cdozg5ewngg1pdev"},"from":{"itemId":"u9fh9aqcwcucwbwmoby2ebl8","blockId":"kr3kcop86i5u5029qwzfh545","groupId":"kzwl9uzc8914q80lfvk2cl5h"}},{"id":"uxxux3gkp4m1sdgarczccwq6","to":{"blockId":"xa08q2zul3og0i0gfuh8cs9b","groupId":"pcuszk78int7fbj58rnpcbyn"},"from":{"blockId":"n7oap9thllh41rm188bbn0g9","groupId":"a733oukn6ni2azs6knsjn8uo"}},{"id":"okwinem3v975secy5wudxn52","to":{"blockId":"cl868y6c0000j3b6jcw18ddv8","groupId":"viezvemp4kimdfula33x14zu"},"from":{"blockId":"cl8bp8wm0001y3b6jnw4s4vrf","groupId":"r61y3myql3k850dgicjdqlfw"}},{"id":"z4rof5jyz63pyfvez5m2pkzf","to":{"groupId":"ygyg9f9mfz072bo2a2rzdzbh"},"from":{"itemId":"xrifz61grhbsurl7ubbd1jko","blockId":"qcedc27z3oq90zjnuf40lrr7","groupId":"de5z1odiv4v2mcxe1ten8yzq"}},{"id":"k2xddl3j9rg8t2msv6qz76yw","to":{"groupId":"o1bt7qjsupidebn0sbdklpv4"},"from":{"blockId":"cl86aiyxf002s3b6jmcnuen6h","groupId":"cayelkeadc98fb8dls57yu92"}},{"id":"gajjsimj5cer7aogmz95xb7a","to":{"blockId":"clbpafv6700093b6ej0mohmvs","groupId":"g88hwxagtc1fwzmv2apztdwf"},"from":{"itemId":"cl86ap7fn00353b6j3torv79k","blockId":"cl86aobqp00323b6juhcbipkm","groupId":"p0tqgpvfkgmgwp1pvou546ke"}},{"id":"vhml8bz3p22gco6rjqcmt8my","to":{"blockId":"clbpafv6700093b6ej0mohmvs","groupId":"g88hwxagtc1fwzmv2apztdwf"},"from":{"itemId":"cl86aqpwi00393b6jj5rx7igu","blockId":"cl86aobqp00323b6juhcbipkm","groupId":"p0tqgpvfkgmgwp1pvou546ke"}},{"id":"zcnbujacjaibeh3vyx43aqvi","to":{"groupId":"w73d3auvs44jvny5mzss6ree"},"from":{"blockId":"clbpaor2x000s3b6ejh2z3z5x","groupId":"qwblxkdy8y4613aee6u0xp5g"}},{"id":"orbav0213cnudpaint6vhgad","to":{"groupId":"w73d3auvs44jvny5mzss6ree"},"from":{"blockId":"clbpafv6700093b6ej0mohmvs","groupId":"g88hwxagtc1fwzmv2apztdwf"}},{"id":"sbgvfu11ldwnm3j0nz0kzzsf","to":{"groupId":"jk1v2ae2cmqbte297xarf9sy"},"from":{"blockId":"qla7lgfk1i3h71jv2wmc5ana","groupId":"w73d3auvs44jvny5mzss6ree"}},{"id":"hpumnhy9pfh2e27jx5d9763n","to":{"groupId":"xewilfq3qvu2vj8elk97mf7t"},"from":{"blockId":"l7tgac1sj9698aythagvrzd0","groupId":"s6c38ax3ajvhw4gcch70ad9u"}},{"id":"unkmd5nw7dip9kg7ng6wgwmi","to":{"groupId":"sqlkuw37rpgbpak1ntetkr63"},"from":{"blockId":"pdbcdixvis4h43mhy3x0zuh8","groupId":"qvr19u1bl4tllumnso5223m3"}},{"id":"mf5ooroc145b19b58tlp6k9w","to":{"groupId":"fexi5ypysnjmflq9pj2uj24w"},"from":{"itemId":"e1zyq3psdm5pq6dn1k14a87k","blockId":"bogc1dtj4rgrwwrjedowp11n","groupId":"nhht43sa5o32mb1tshbtmyeg"}},{"id":"l2mercdbp0v0fpvpc4fhbuou","to":{"groupId":"sftkn0acej87a3tgvmo7c0k0"},"from":{"blockId":"wcupv50euh78dxci027w0fq9","groupId":"fexi5ypysnjmflq9pj2uj24w"}},{"id":"cwuyuaiygt5mlmvnq5bstnsw","to":{"blockId":"rijy497zz6z4lwkei0p2ctwo","groupId":"zkwb0tmuqj2wkp4ezokp1i20"},"from":{"blockId":"lt6y9xqt53yrvqhpwaigd339","groupId":"sjl59c9mltnl70jiogjrfoa0"}},{"id":"wu6vf5at2li10qcludhgyi6g","to":{"groupId":"qvr19u1bl4tllumnso5223m3"},"from":{"blockId":"ojr3svq7it31ssidpslglimd","groupId":"jk1v2ae2cmqbte297xarf9sy"}},{"id":"e57rzja3cfqs2dnrpaihrvwj","to":{"groupId":"ymthiezxiqv5ynxtiw7k9omr"},"from":{"blockId":"b6nvu9ough080vzjqhaj7llt","groupId":"w4uml15pmnmbu6yk4x1ddfqu"}},{"id":"kjhcg9azyger2rgbibzad1i4","to":{"groupId":"q931c58ymwncxebr5iqipwxq"},"from":{"blockId":"poykb7xia8jhvu7k5anua7x6","groupId":"ymthiezxiqv5ynxtiw7k9omr"}},{"id":"gpoq4atc0w3zdzkn8326t5mk","to":{"groupId":"tgjre7a5pj7jwdcclrjx9ny2"},"from":{"blockId":"vz3ghyvqjl3zk4mi5ermtnoh","groupId":"flg3hefmbk6hu471pioonwsx"}},{"id":"g3i3b4t5i6rb5h4ixfheh26h","to":{"groupId":"w4uml15pmnmbu6yk4x1ddfqu"},"from":{"blockId":"ffkqqpitgzimg4tk4d74736i","groupId":"tgjre7a5pj7jwdcclrjx9ny2"}}],"theme":{"chat":{"inputs":{"color":"#303235","backgroundColor":"#FFFFFF","placeholderColor":"#9095A0"},"buttons":{"color":"#FFFFFF","backgroundColor":"#D61F2C"},"hostAvatar":{"url":"https://s3.fr-par.scw.cloud/typebot/public/typebots/ew7uucery95m3pdidraw8uzq/hostAvatar?v=1678973544584","isEnabled":true},"guestAvatar":{"url":"https://s3.fr-par.scw.cloud/typebot/public/typebots/cl868oits453109mon4bojbc8/perfil.JPG","isEnabled":false},"hostBubbles":{"color":"#303235","backgroundColor":"#F7F8FF"},"guestBubbles":{"color":"#FFFFFF","backgroundColor":"#D61F2C"}},"general":{"font":"Open Sans","background":{"type":"Color","content":"#ffffff"}}},"settings":{"general":{"isBrandingEnabled":true,"isInputPrefillEnabled":true,"isHideQueryParamsEnabled":true,"isNewResultOnRefreshEnabled":false},"metadata":{"imageUrl":"https://s3.fr-par.scw.cloud/typebot/public/typebots/ew7uucery95m3pdidraw8uzq/ogImage?v=1678973763786","favIconUrl":"https://s3.fr-par.scw.cloud/typebot/public/typebots/ew7uucery95m3pdidraw8uzq/favIcon?v=1678973782750","description":"","customHeadCode":"<!-- Meta Pixel Code -->\n<script>\n!function(f,b,e,v,n,t,s)\n{if(f.fbq)return;n=f.fbq=function(){n.callMethod?\nn.callMethod.apply(n,arguments):n.queue.push(arguments)};\nif(!f._fbq)f._fbq=n;n.push=n;n.loaded=!0;n.version='2.0';\nn.queue=[];t=b.createElement(e);t.async=!0;\nt.src=v;s=b.getElementsByTagName(e)[0];\ns.parentNode.insertBefore(t,s)}(window, document,'script',\n'https://connect.facebook.net/en_US/fbevents.js');\nfbq('init', '706852534270481');\nfbq('track', 'typebot');\n</script>\n<noscript><img height=\"1\" width=\"1\" style=\"display:none\"\nsrc=\"https://www.facebook.com/tr?id=706852534270481&ev=PageView&noscript=1\"\n/></noscript>\n<!-- End Meta Pixel Code -->","googleTagManagerId":"GTM-W7LTGFH"},"typingEmulation":{"speed":600,"enabled":true,"maxDelay":0.6}}}