{"id":"cljo9misy002kjz0fjl4yzm9o","version":"3","groups":[{"id":"yshfep0a8ls9iwgvwnwty3fe","title":"Start","blocks":[{"id":"mla20elaq8j0zzo28jks1ymf","type":"start","label":"Start","groupId":"yshfep0a8ls9iwgvwnwty3fe","outgoingEdgeId":"al2lmkcru2iu87trsgb7utpq"}],"graphCoordinates":{"x":-13.22,"y":-76.86}},{"id":"jtysmlgy6nvr8m6ut2mdbuvo","title":"Introdução","blocks":[{"id":"wujne9t9kme8wn5hwf40qy1d","type":"text","content":{"richText":[{"type":"p","children":[{"text":"Seja muito bem-vindo à Dimus Assessoria!"}]},{"type":"p","children":[{"text":""}]},{"type":"p","children":[{"bold":true,"text":"Essa consultoria é exclusiva para donos de negócios do nicho de educação!"}]},{"type":"p","children":[{"text":""}]},{"type":"p","children":[{"text":"A aplicação é gratuita e após completá-la iremos agendar nossa sessão (45 minutos) que tem por objetivo desbloquear seu negócio por meio da nossa metodologia Matrículas 4.0 "}]}]},"groupId":"jtysmlgy6nvr8m6ut2mdbuvo"},{"id":"ldoeym8ovvvlnedjo8ldd2sz","type":"text","content":{"richText":[{"type":"p","children":[{"text":"Clique no botão para começar sua aplicação. "}]},{"type":"p","children":[{"text":""}]},{"type":"p","children":[{"text":"P.S. Aplicar não garante sua participação na sessão. Temos um número limitado de vagas. Respostas incompletas não serão consideradas para o processo!"}]}]},"groupId":"jtysmlgy6nvr8m6ut2mdbuvo","outgoingEdgeId":"qu94dh3fsr0zssemkon9z48z"}],"graphCoordinates":{"x":413.77,"y":-165.38}},{"id":"d13547okvua6rbm13woipla4","title":"Group #3","blocks":[{"id":"dtypjk6u9c392eswqs694qf1","type":"choice input","items":[{"id":"xt67ihx81z2mtqoe2j4i04d0","type":0,"blockId":"dtypjk6u9c392eswqs694qf1","content":"Vamos lá 👇","outgoingEdgeId":"mkio05l1u4x58ofc5qqf7nre"}],"groupId":"d13547okvua6rbm13woipla4","options":{"buttonLabel":"Send","isSearchable":false,"isMultipleChoice":false,"searchInputPlaceholder":"Filter the options..."}}],"graphCoordinates":{"x":877.16,"y":302.35}},{"id":"eqn5vc4xnei9g1m4m6tlyhha","title":"Nome","blocks":[{"id":"muv3re2b4ic4lr6g96hzyhkk","type":"text input","groupId":"eqn5vc4xnei9g1m4m6tlyhha","options":{"isLong":false,"labels":{"button":"Enviar","placeholder":"Qual é o seu nome?"},"variableId":"vq5hncgqxqbvgsn6gd5bezrao"},"outgoingEdgeId":"py41627zq9tti9tg7t5xg461"}],"graphCoordinates":{"x":1279.64,"y":292.44}},{"id":"j3bp2rng95vzmpjtc8glhqy8","title":"Group #7","blocks":[{"id":"ndle5j99x2i54p3iuxcxisk8","type":"text","content":{"richText":[{"type":"p","children":[{"text":"⚠️ Importante ⚠️. {{name}} para que eu consiga entrar em contato e te avisar da aprovação da sua sessão. Qual seu melhor número de telefone (WhatsApp)?"}]}]},"groupId":"j3bp2rng95vzmpjtc8glhqy8","outgoingEdgeId":"nhpv4o7owsh71o7h3e0j6q7x"}],"graphCoordinates":{"x":1658.87,"y":163.35}},{"id":"lns0kix40s2ppawi14427oyl","title":"WhatsApp","blocks":[{"id":"ka7psbnv8vspjihec2e8qx71","type":"phone number input","groupId":"lns0kix40s2ppawi14427oyl","options":{"labels":{"button":"Enviar","placeholder":"Seu WhatsApp principal"},"variableId":"vfqmhwvpbqsi21awyaeobmrdg","defaultCountryCode":"BR","retryMessageContent":"Pode corrigir seu telefone, tem algo errado :("},"outgoingEdgeId":"p8al1hdm1gex92r2gqio9wtc"}],"graphCoordinates":{"x":1668.52,"y":485.54}},{"id":"ni08afw5e80ijsw0jka0fn1x","title":"Group #7","blocks":[{"id":"qgmliksxy90h2q0gub99aeuz","type":"text","content":{"richText":[{"type":"p","children":[{"text":"Queremos te conhecer um pouco melhor. Essa consultoria só vai ter os melhores resultados se você for o dono e/ou responsável majoritário da empresa."}]}]},"groupId":"ni08afw5e80ijsw0jka0fn1x"},{"id":"psdtp3ex1qv48r7jjy9za7v5","type":"choice input","items":[{"id":"qj0018wpb6nk84g5vfx2ztpo","type":0,"blockId":"psdtp3ex1qv48r7jjy9za7v5","content":"Sim, eu sou o(a) dono(a) da empresa!","outgoingEdgeId":"i4e0q2ou9ef1a59k2qe5qa2j","displayCondition":{"isEnabled":false}},{"id":"y20bzg793221qow9dhwz55t5","type":0,"blockId":"psdtp3ex1qv48r7jjy9za7v5","content":"Não, não sou o(a) dono(a) da empresa!","outgoingEdgeId":"ej9v2ho14eva942ray4cfsic"},{"id":"zaf9acla1fjejrrwiq77tyz9","type":0,"blockId":"psdtp3ex1qv48r7jjy9za7v5","content":"Não, mas sou responsável pelo setor e tenho poder de decisão!","outgoingEdgeId":"i77eoxnppn9657cvbype3bym"}],"groupId":"ni08afw5e80ijsw0jka0fn1x","options":{"buttonLabel":"Send","isSearchable":false,"isMultipleChoice":false,"searchInputPlaceholder":"Filter the options..."}}],"graphCoordinates":{"x":2824.62,"y":220.37}},{"id":"ps0yc957sgd45uaxhkhtvy37","title":"Não é dono","blocks":[{"id":"wf7rgi263qotk3fq61x30sr8","type":"text","content":{"richText":[{"type":"p","children":[{"text":"É uma pena!"}]},{"type":"p","children":[{"text":""}]},{"type":"p","children":[{"text":"Essa metodologia é"},{"bold":true,"text":" exclusiva "},{"text":"para donos ou decisores das empresas. "}]},{"type":"p","children":[{"text":""}]},{"type":"p","children":[{"text":"Visite nosso Instagram para ter várias dicas gratuitas de marketing. "}]}]},"groupId":"ps0yc957sgd45uaxhkhtvy37"},{"id":"nb0nbp467pfeeops0ph6sr45","type":"Wait","groupId":"ps0yc957sgd45uaxhkhtvy37","options":{"secondsToWaitFor":"10"},"outgoingEdgeId":"de6t3kdcmvf5bm8g8mnvwtdc"}],"graphCoordinates":{"x":3078.83,"y":1029.32}},{"id":"dokn4hsdu2r5f0t4vfcbxicc","title":"Insta","blocks":[{"id":"utqghvjmrwne9pv5aubtrif9","type":"Redirect","groupId":"dokn4hsdu2r5f0t4vfcbxicc","options":{"url":"https://www.instagram.com/dimusmkt/","isNewTab":true}}],"graphCoordinates":{"x":3461.37,"y":1431.25}},{"id":"azqmwpczwtxt2d0gzvof98m5","title":"Group #9","blocks":[{"id":"xxrwvgk9v3w1toopzkn2ouiw","type":"text","content":{"richText":[{"type":"p","children":[{"text":"Só para confirmar. {{name}}, esse número {{Whatsapp}}, está correto?"}]},{"type":"p","children":[{"text":""}]},{"type":"p","children":[{"bold":true,"text":"Um número incorreto pode fazer você perder sua vaga!"}]}]},"groupId":"azqmwpczwtxt2d0gzvof98m5"},{"id":"br9b004am45l2cw75xghe0ir","type":"choice input","items":[{"id":"au8iodqk7rpy25236gk7jk6r","type":0,"blockId":"br9b004am45l2cw75xghe0ir","content":"Sim","outgoingEdgeId":"hfps11vcfegftqaijlquj3eo"},{"id":"c7a071hs1eimxpwdx3r0kx4d","type":0,"blockId":"br9b004am45l2cw75xghe0ir","content":"Tenho um nº melhor","outgoingEdgeId":"a2x14n3gsjn5pzq7qeud7980"}],"groupId":"azqmwpczwtxt2d0gzvof98m5","options":{"buttonLabel":"Send","isSearchable":false,"isMultipleChoice":false,"searchInputPlaceholder":"Filter the options..."}}],"graphCoordinates":{"x":2067.51,"y":142}},{"id":"dc9lan7roe94pqkklak8z696","title":"Group #11","blocks":[{"id":"bcy2ri9igkefvo277f7hn38a","type":"text","content":{"richText":[{"type":"p","children":[{"text":"Entendi, {{name}} então qual é seu melhor número? (WhatsApp)?"}]}]},"groupId":"dc9lan7roe94pqkklak8z696","outgoingEdgeId":"ubb7mpqga2r6lm58436cse9d"}],"graphCoordinates":{"x":1643.51,"y":765.57}},{"id":"ngx7iyn1kxzilscvew7k1685","title":"Mail","blocks":[{"id":"yzk9enl18ixt44abxgaf75q1","type":"text","content":{"richText":[{"type":"p","children":[{"text":"{{name}}, qual seu melhor e-mail?"}]},{"type":"p","children":[{"text":""}]},{"type":"p","children":[{"text":"Só para lembrar, que é nesse número que vou enviar o link da sua sessão estratégica!"}]}]},"groupId":"ngx7iyn1kxzilscvew7k1685"},{"id":"tou0z13l0qys6ipfm6kwt1oj","type":"email input","groupId":"ngx7iyn1kxzilscvew7k1685","options":{"labels":{"button":"Enviar","placeholder":"Seu melhor e-mail"},"variableId":"vs2fy2ilkgk5f78zsf5ewc695","retryMessageContent":"Pode corrigir esse e-mail? Parece que tem algo errado :("},"outgoingEdgeId":"em8vjabuhvuriziwdpmkrotw"}],"graphCoordinates":{"x":3239.58,"y":222.95}},{"id":"l1ahqzc5vrnynthw65zizn4b","title":"Nome da Empresa","blocks":[{"id":"jf81kmni0dlm58dv8q2obdeg","type":"text","content":{"richText":[{"type":"p","children":[{"text":"{{name}}, qual o nome da sua empresa?"}]}]},"groupId":"l1ahqzc5vrnynthw65zizn4b"},{"id":"x07707wvzla0c3qxs5lo64x6","type":"text input","groupId":"l1ahqzc5vrnynthw65zizn4b","options":{"isLong":false,"labels":{"button":"Enviar","placeholder":"Sua empresa"},"variableId":"veux72u7vbtnhwx09ixcsv25z"},"outgoingEdgeId":"ps8zapmb75pysea69bc0zygm"}],"graphCoordinates":{"x":3750.28,"y":184.96}},{"id":"fl5catq55zqqjjt2q3a2thjh","title":"Insta da Empresa","blocks":[{"id":"h3hsyjxugyw5zskuhzed20dw","type":"text","content":{"richText":[{"type":"p","children":[{"text":"{{name}}, qual o instagram (@) da sua empresa?"}]}]},"groupId":"fl5catq55zqqjjt2q3a2thjh"},{"id":"wm0ewvg41cw9jyj790d0sgax","type":"text input","groupId":"fl5catq55zqqjjt2q3a2thjh","options":{"isLong":false,"labels":{"button":"Enviar","placeholder":"Instagram da Empresa"},"variableId":"vpx4t3npi95qnkg2jzr4kcm2v"},"outgoingEdgeId":"vwebie2znlufyy1gbyzeu6ij"}],"graphCoordinates":{"x":3764.27,"y":460.81}},{"id":"wzoi5x6s0umkhmg72n9yxp2f","title":"Colaboradores","blocks":[{"id":"dchn9igmkdfznwvglsersd48","type":"text","content":{"richText":[{"type":"p","children":[{"text":"A {{Empresa}} possui quantos colaboradores?"}]}]},"groupId":"wzoi5x6s0umkhmg72n9yxp2f"},{"id":"e19unzwrcoy5ybhswd90hnkd","type":"choice input","items":[{"id":"y99kmlcxr1b8uu6knpj86j5n","type":0,"blockId":"e19unzwrcoy5ybhswd90hnkd","content":"00-01","outgoingEdgeId":"uxlfqub3uizr7e4pju6yjr5o"},{"id":"q3r8ld4ih3lljpt2vfayy8iy","type":0,"blockId":"e19unzwrcoy5ybhswd90hnkd","content":"02-10","outgoingEdgeId":"vhix6q8pfsrh622y2u54dptv"},{"id":"biigpqudpwjupl8xqy68m0mg","type":0,"blockId":"e19unzwrcoy5ybhswd90hnkd","content":"11-20","outgoingEdgeId":"disg4t9rzf9ou4pyziovstzc"},{"id":"w3gokjsyrbwldmjoqvjv9n05","type":0,"blockId":"e19unzwrcoy5ybhswd90hnkd","content":"21-50","outgoingEdgeId":"z7phq3jbrmoxz3nmlpjuux05"},{"id":"tihw1s2fmml59abhmm1b8c7h","type":0,"blockId":"e19unzwrcoy5ybhswd90hnkd","content":"51-100","outgoingEdgeId":"baq300kp1ztjw3ptsogmfhhj"},{"id":"wuy603vrk7s6jp9limzaobjw","type":0,"blockId":"e19unzwrcoy5ybhswd90hnkd","content":"+100","outgoingEdgeId":"qov2npvvf39c82tyt12h9l8r","displayCondition":{"isEnabled":false}}],"groupId":"wzoi5x6s0umkhmg72n9yxp2f","options":{"buttonLabel":"Send","isSearchable":false,"isMultipleChoice":false,"searchInputPlaceholder":"Filter the options..."}}],"graphCoordinates":{"x":4088.42,"y":247.95}},{"id":"ogznajydlxjc0navuravlfbg","title":" Sobre a Empresa","blocks":[{"id":"pxnufrg6k6aofrva2xquzexy","type":"text","content":{"richText":[{"type":"p","children":[{"text":"{{name}} você poderia falar um pouco sobre a {{Empresa}}? "}]},{"type":"p","children":[{"text":""}]},{"type":"p","children":[{"text":"Produtos e/ou serviços que vendem, como o cliente compra de você (Cartão, indo até a loja, compra online, etc.)"}]}]},"groupId":"ogznajydlxjc0navuravlfbg"},{"id":"am6bhz8sk0tsfs0y0yb4kb5u","type":"text input","groupId":"ogznajydlxjc0navuravlfbg","options":{"isLong":true,"labels":{"button":"Enviar","placeholder":"Fale sobre a empresa"},"variableId":"vjzj5ymk94s12qhcdkd3lfbhk"},"outgoingEdgeId":"irboklf8aev6qhusneb1ye2v"}],"graphCoordinates":{"x":4469.38,"y":246.72}},{"id":"rllgy0hbod4au58oubn7nh00","title":"Faturamento","blocks":[{"id":"vfd20vbgkbk1wcxe0holwu4n","type":"text","content":{"richText":[{"type":"p","children":[{"text":"Qual o faturamento mensal da {{Empresa}}??"}]}]},"groupId":"rllgy0hbod4au58oubn7nh00"},{"id":"wt7s7t9ba9m76xd6swztmsoz","type":"choice input","items":[{"id":"fxz67wriykjn2aizolbc121c","type":0,"blockId":"wt7s7t9ba9m76xd6swztmsoz","content":"Até R$ 20mil","outgoingEdgeId":"r5km8oklvg6s4qvx708fcca3"},{"id":"z3w2tpn4ae4q8nbwvcgdztgo","type":0,"blockId":"wt7s7t9ba9m76xd6swztmsoz","content":"De R$21mil à 30mil","outgoingEdgeId":"w08ai41645i9l4tnof954u75"},{"id":"r7jrewblylsu2ctykh3hhpkk","type":0,"blockId":"wt7s7t9ba9m76xd6swztmsoz","content":"De R$31mil à 50mil","outgoingEdgeId":"gvffosu6hrl5ldrpsuvlksg5"},{"id":"hhr80vkq6yn04d0yxlf5qd9r","type":0,"blockId":"wt7s7t9ba9m76xd6swztmsoz","content":"De R$51mil à 70mil","outgoingEdgeId":"bsccky7wxxcewpbgbrrebao0"},{"id":"j8sifn6mx2pdrv1xnkxv7poq","type":0,"blockId":"wt7s7t9ba9m76xd6swztmsoz","content":"De R$71mil à 100mil","outgoingEdgeId":"lamykb89doltmyo24d4zglur"},{"id":"nhsrgxoa0k3wc6yd3toqx2xz","type":0,"blockId":"wt7s7t9ba9m76xd6swztmsoz","content":"De R$101mil à 200mil","outgoingEdgeId":"axj15gpgc4omkvi3pj2ys2zo"},{"id":"daluowwqf5se759npt4gb87b","type":0,"blockId":"wt7s7t9ba9m76xd6swztmsoz","content":"De R$201mil à 400mil","outgoingEdgeId":"qrtruijjzchlzv86g6o6o5pc"},{"id":"sznzz771clip247swb0nmbvk","type":0,"blockId":"wt7s7t9ba9m76xd6swztmsoz","content":"De R$401mil à 600mil","outgoingEdgeId":"ho6dt6qbg5dyrx2f61pnkz64"},{"id":"nvpu72vbdq7rmu51xm7pkoky","type":0,"blockId":"wt7s7t9ba9m76xd6swztmsoz","content":"De R$601mil à 1milhão","outgoingEdgeId":"v0lpspaharocy9of4rdudjel"},{"id":"g0asi08g0t541gh61cjnh9xh","type":0,"blockId":"wt7s7t9ba9m76xd6swztmsoz","content":"Mais de 1 milhão","outgoingEdgeId":"ma7pt52fa0d0okmsjwo55v2a"}],"groupId":"rllgy0hbod4au58oubn7nh00","options":{"variableId":"vziq7qxjw9kfg9spbxx4ax3qd","buttonLabel":"Send","isSearchable":false,"isMultipleChoice":false,"searchInputPlaceholder":"Filter the options..."},"outgoingEdgeId":"kavb2gjj7nuw80l2cm7hbto3"}],"graphCoordinates":{"x":4816.09,"y":243.4}},{"id":"oscgvuffcozgivotclw135nu","title":"Investimento","blocks":[{"id":"uoeuewaz09stp11un5lpqjnt","type":"text","content":{"richText":[{"type":"p","children":[{"text":"{{name}} o quanto você investe, mensalmente em marketing, na {{Empresa}}?"}]}]},"groupId":"oscgvuffcozgivotclw135nu"},{"id":"a2mknctqm3czywaychlql76p","type":"choice input","items":[{"id":"bj3b9j0sw97bpe9w38yuo8lv","type":0,"blockId":"a2mknctqm3czywaychlql76p","content":"Até R$ 2mil","outgoingEdgeId":"i5nu31s8i4yijal7gikyl3o9"},{"id":"e9ozwc3h7ia8lvp7e979z8l6","type":0,"blockId":"a2mknctqm3czywaychlql76p","content":"De R$ 2mil à R$4mil","outgoingEdgeId":"r62u9to7gl5xvce2mesk2xxi"},{"id":"z8y3jfcm1i6tn5ub2bzsp1hw","type":0,"blockId":"a2mknctqm3czywaychlql76p","content":"De R$ 4mil à 6mil","outgoingEdgeId":"dke64au9dqhaf6gozwzek2y6"},{"id":"e55ku8d2crx9l8esxf2wcjv1","type":0,"blockId":"a2mknctqm3czywaychlql76p","content":"De R$ 6mil à 8mil","outgoingEdgeId":"nvh3k5m0t53u0y6k4akvqnjg"},{"id":"woz0a8n1lyfkuoyurloa6yd1","type":0,"blockId":"a2mknctqm3czywaychlql76p","content":"De R$ 8mil à 10mil","outgoingEdgeId":"srdypwrr7d0l76hjbv63nvju"},{"id":"f6jdw4k73dlw5md86oy0wbo0","type":0,"blockId":"a2mknctqm3czywaychlql76p","content":"De R$10mil à 15mil","outgoingEdgeId":"rbuucpwkkaezboii6qfeh70p"},{"id":"r8mxzr95ztpd4w5xj6ip3gvo","type":0,"blockId":"a2mknctqm3czywaychlql76p","content":"De R$15mil à 20mil","outgoingEdgeId":"n13wxxuwqnee6r9hirzs8cyq"},{"id":"o13smncff4n580grm54t4zgh","type":0,"blockId":"a2mknctqm3czywaychlql76p","content":"Mais de R$ 20mil","outgoingEdgeId":"b8dcutb91nyw0zmpvl8xwa8l"},{"id":"p5ck69ta4rr6hswff0a1mnkg","type":0,"blockId":"a2mknctqm3czywaychlql76p","content":"Não invisto nada","outgoingEdgeId":"iu4szqjcrwhos0yyh08fgc82"}],"groupId":"oscgvuffcozgivotclw135nu","options":{"variableId":"vehuxb4tr7m6nwlnhkhfvpoap","buttonLabel":"Send","isSearchable":false,"isMultipleChoice":false,"searchInputPlaceholder":"Filter the options..."}}],"graphCoordinates":{"x":5484.26,"y":174.22}},{"id":"z8hlfh83frmc3l8zykdyj5bb","title":"Group #18","blocks":[{"id":"ao24zyrxdc43o0m8u66z0ero","type":"text","content":{"richText":[{"type":"p","children":[{"text":"{{name}} poderia me contar quais são os seus objetivos, hoje, para o marketing da {{Empresa}}?"}]}]},"groupId":"z8hlfh83frmc3l8zykdyj5bb"},{"id":"m2a2s4mw6xdlt6lg17ejn612","type":"text input","groupId":"z8hlfh83frmc3l8zykdyj5bb","options":{"isLong":true,"labels":{"button":"Enviar","placeholder":"Qual objetivo atual?"},"variableId":"vlwsihaxqbq4j0shp33zt8b1f"},"outgoingEdgeId":"u4cdf8bx65auyy70vw5cqlf2"}],"graphCoordinates":{"x":5922.72,"y":452.5}},{"id":"m7e19ne3t6v38zuy40dp0plg","title":"Investimento Disposto","blocks":[{"id":"g5mwipdjqmu6p8swjo6x3jzy","type":"text","content":{"richText":[{"type":"p","children":[{"text":"{{name}}, se você tivesse acesso a uma metodologia "},{"bold":true,"text":"validada "},{"text":"que vai aumentar suas vendas, quanto você estaria disposto a investir mensalmente em marketing para alcançar os objetivos da {{Empresa}}? "}]}]},"groupId":"m7e19ne3t6v38zuy40dp0plg"},{"id":"jrq182zohf2dxom715x079fv","type":"choice input","items":[{"id":"jk4ccox601cx0c0cmh86yng8","type":0,"blockId":"jrq182zohf2dxom715x079fv","content":"Até R$ 2mil","outgoingEdgeId":"o2t7ynsl6vanda8vsm2vea7u"},{"id":"lxle1k03vjwwou3fcyrjdfje","type":0,"blockId":"jrq182zohf2dxom715x079fv","content":"De R$ 2mil à R$4mil","outgoingEdgeId":"k1ifeyi0zufkbnr6f2t1a5kt"},{"id":"kcpuc8taju4fb0u1vmgvvpnb","type":0,"blockId":"jrq182zohf2dxom715x079fv","content":"De R$ 4mil à 6mil","outgoingEdgeId":"yit97lbdd13vke9z8lmtl4rm"},{"id":"i3nlgqasvc1w446mnjxj3wt3","type":0,"blockId":"jrq182zohf2dxom715x079fv","content":"De R$ 6mil à 8mil","outgoingEdgeId":"rqsxxy5qn86u4bsumuittaxi"},{"id":"y240ozt7m6zshbeh8h63oaq7","type":0,"blockId":"jrq182zohf2dxom715x079fv","content":"De R$ 8mil à 10mil","outgoingEdgeId":"hh2djmpgjbmidu26up2dmw9i"},{"id":"kt9rp0y5g3l51pjk35l66hr9","type":0,"blockId":"jrq182zohf2dxom715x079fv","content":"De R$10mil à 15mil","outgoingEdgeId":"sfwjehylnxy4503nd6s479u8"},{"id":"en4qdjuzzy5l72t4zbmkfysm","type":0,"blockId":"jrq182zohf2dxom715x079fv","content":"De R$15mil à 20mil","outgoingEdgeId":"y0cx6bxxeoe1rxyxpp4a7vqb"},{"id":"pap0nbl8zcop64mbxli85spc","type":0,"blockId":"jrq182zohf2dxom715x079fv","content":"Mais de R$ 20mil","outgoingEdgeId":"fg9kzvy2mb3r8ghes17if8dx"},{"id":"s98wu7uaesl0nuixnfv56wk3","type":0,"blockId":"jrq182zohf2dxom715x079fv","content":"Não estaria disposto à investir nada","outgoingEdgeId":"ocros8qyi4dm6eil2vcn436d"}],"groupId":"m7e19ne3t6v38zuy40dp0plg","options":{"variableId":"vz8uwzrvex50tlg0pobcvevz5","buttonLabel":"Send","isSearchable":false,"isMultipleChoice":false,"searchInputPlaceholder":"Filter the options..."}}],"graphCoordinates":{"x":6284.91,"y":254.67}},{"id":"nyrme2nfeyapd0vpqforhxm1","title":"Momento Atual","blocks":[{"id":"hp4owqpuyqg23zy8ezj28qle","type":"text","content":{"richText":[{"type":"p","children":[{"text":"{{name}}, qual das opções melhor descreve o momento atual da {{Empresa}}?"}]}]},"groupId":"nyrme2nfeyapd0vpqforhxm1"},{"id":"t5jfvjo6uoonjzwfe62aa6ep","type":"choice input","items":[{"id":"ns8qrngsa9ywxor7qdpafea8","type":0,"blockId":"t5jfvjo6uoonjzwfe62aa6ep","content":"Ouvi falar que marketing digital pode ajudar minha empresa","outgoingEdgeId":"a6zu6s0lajs8blkh2644i8no"},{"id":"wcn8mxzwhcorb15gnzzsyor0","type":0,"blockId":"t5jfvjo6uoonjzwfe62aa6ep","content":"Acredito que o marketing é bom para minha empresa, mas preciso saber mais","outgoingEdgeId":"cn2ggjgmga2dlfvdjafkkxj8"},{"id":"d9bun22pj90a8ngcjsbedmew","type":0,"blockId":"t5jfvjo6uoonjzwfe62aa6ep","content":"Estou escolhendo uma empresa de marketing digital para contratar","outgoingEdgeId":"v8kba9t90b6i60lrhskg3vsu"},{"id":"f0awp11p0il5pndut59z7n70","type":0,"blockId":"t5jfvjo6uoonjzwfe62aa6ep","content":"Tenho uma agência, mas estou um pouco insatisfeito com os resultados","outgoingEdgeId":"meqgmspz2820fzpwb1vo1zlx"},{"id":"l54961j02hwp211h7cdkdajo","type":0,"blockId":"t5jfvjo6uoonjzwfe62aa6ep","content":"Tenho uma agência, mas estou muito insatisfeito com os resultados","outgoingEdgeId":"nt93er5xxviidnpd28mdb4tp"}],"groupId":"nyrme2nfeyapd0vpqforhxm1","options":{"variableId":"vxiwun6ralcvotudj5511gx62","buttonLabel":"Send","isSearchable":false,"isMultipleChoice":false,"searchInputPlaceholder":"Filter the options..."}}],"graphCoordinates":{"x":6706.13,"y":236.82}},{"id":"bdhud0qeedqizdd86lnnz4hm","title":"Implantação","blocks":[{"id":"g4kj74xlapkyeepxkpid12w4","type":"text","content":{"richText":[{"type":"p","children":[{"text":"{{name}}, caso fecharmos um contrato, quando seria o período ideal para comerçamos?"}]}]},"groupId":"bdhud0qeedqizdd86lnnz4hm"},{"id":"xsakguhpouitr51mwareym1q","type":"choice input","items":[{"id":"scz7mbs84onxken3o80qxoxs","type":0,"blockId":"xsakguhpouitr51mwareym1q","content":"Imediatamente","outgoingEdgeId":"d0dzgurqj957i3f38784z0b0"},{"id":"mgpb9nhdk10p2dvvcs0p032q","type":0,"blockId":"xsakguhpouitr51mwareym1q","content":"Próxima Semana","outgoingEdgeId":"rxaszaesgoyz2ef5sojlumxs"},{"id":"fv28k1i2ucef1o8fv2vvhsrg","type":0,"blockId":"xsakguhpouitr51mwareym1q","content":"Próximo Mês","outgoingEdgeId":"h0tqnhhfkb2bvrbh61lf32is"},{"id":"w1gum2zxq3q8bh69wc8e8x2l","type":0,"blockId":"xsakguhpouitr51mwareym1q","content":"Ainda preciso conferir","outgoingEdgeId":"nt356m9geztq83cap3q55xe4"}],"groupId":"bdhud0qeedqizdd86lnnz4hm","options":{"variableId":"va2rzslc1sibpqvzqsctz59gu","buttonLabel":"Send","isSearchable":false,"isMultipleChoice":false,"searchInputPlaceholder":"Filter the options..."},"outgoingEdgeId":"hehbi2uubgojd8md0xp22h7f"}],"graphCoordinates":{"x":7076.09,"y":241.98}},{"id":"bp4zb3bq2f46dfzdmm2u2ul1","title":"Group #22","blocks":[{"id":"bh9cizjtkj6xf82hnpkz30p2","type":"text","content":{"richText":[{"type":"p","children":[{"text":"Ótimo 👏. Sua aplicação será analisada e nosso time irá entrar em contato com você!"}]}]},"groupId":"bp4zb3bq2f46dfzdmm2u2ul1"},{"id":"txw1e1byw7aq06xuneyziu76","type":"Make.com","groupId":"bp4zb3bq2f46dfzdmm2u2ul1","options":{"isCustomBody":false,"isAdvancedConfig":false,"variablesForTest":[],"responseVariableMapping":[]},"webhookId":"y5o098p6f4usy70vwi1gwb56"},{"id":"vqt11o9z1gq94jyrw9xbhsi7","type":"Wait","groupId":"bp4zb3bq2f46dfzdmm2u2ul1","options":{"secondsToWaitFor":"3"}},{"id":"y297xisake1qk76igekp0mpc","type":"Redirect","groupId":"bp4zb3bq2f46dfzdmm2u2ul1","options":{"url":"https://lp.dimus.com.br/obrigado-sessao-estrategica","isNewTab":false}}],"graphCoordinates":{"x":8911.64,"y":448.68}},{"id":"yg4xvpgz3j8sovihmcgyqsgk","title":"Group #23","blocks":[{"id":"ohum1lpafedgcq4mjq6gmgoy","type":"text","content":{"richText":[{"type":"p","children":[{"text":"{{name}}, qual o site da sua empresa?"}]},{"type":"p","children":[{"text":""}]},{"type":"p","children":[{"bold":true,"text":"Caso não tenha, responda: N/A."}]}]},"groupId":"yg4xvpgz3j8sovihmcgyqsgk"},{"id":"g8zdtkuq50hah4z6wp8qgiuj","type":"text input","groupId":"yg4xvpgz3j8sovihmcgyqsgk","options":{"isLong":false,"labels":{"button":"Enviar","placeholder":"qual o site?"},"variableId":"vo61dbgy6qvagenupynyliftv"},"outgoingEdgeId":"afsxje6p81g38urjbalueehn"}],"graphCoordinates":{"x":3758.16,"y":740.32}},{"id":"it1kypnww3hxbpblq44zzsdf","title":"UTMS","blocks":[{"id":"zc2njojtubni7xadsj7h3l4m","type":"Set variable","groupId":"it1kypnww3hxbpblq44zzsdf","options":{"variableId":"ve76m7p8ween5ra9lg91jxpvb"}},{"id":"mevpt0jss48s5ujs6xdqo6pf","type":"Set variable","groupId":"it1kypnww3hxbpblq44zzsdf","options":{"variableId":"vqwccqc57vberehfx1alcn2mi"}},{"id":"ql8t8y9oz67o9f7andz0az0w","type":"Set variable","groupId":"it1kypnww3hxbpblq44zzsdf","options":{"variableId":"vlm1sqbqljshr2fitlyunb6b2"}},{"id":"cft2vg9ocvk0i2ppax5m37nb","type":"Set variable","groupId":"it1kypnww3hxbpblq44zzsdf","options":{"variableId":"voxycdgo4pn6whxosr2panw2u"}},{"id":"g55tzryibe14ry2trqjxkqbq","type":"Set variable","groupId":"it1kypnww3hxbpblq44zzsdf","options":{"variableId":"vf6vpdf4mijw8lsaa7qki3782"}}],"graphCoordinates":{"x":26.99,"y":137.02}},{"id":"meuv55d26f4y0sbhkrlekpfo","title":"Group #25","blocks":[{"id":"lqos6pdkml2z0cy1thoeqmrg","type":"text","content":{"richText":[{"type":"p","children":[{"text":"Que ótimo. Só para checar!"}]},{"type":"p","children":[{"text":""}]},{"type":"p","children":[{"text":"Esse é nosso número comercial 📞 (41) 3798-4787"}]}]},"groupId":"meuv55d26f4y0sbhkrlekpfo"},{"id":"o9clriyhmqt1kugghpwcffkx","type":"text","content":{"richText":[{"type":"p","children":[{"text":"Você tem disponibilidade de atender uma ligação da Marina??"}]}]},"groupId":"meuv55d26f4y0sbhkrlekpfo"},{"id":"go42569ylg7lmpnrk02run8c","type":"choice input","items":[{"id":"oacssj8gzvj70devw83j5kbd","type":0,"blockId":"go42569ylg7lmpnrk02run8c","content":"Sim, tenho ","outgoingEdgeId":"ydjqm91f0l52djrnc2a90nr2"},{"id":"smi580if0uxpyhnqjkid844j","type":0,"blockId":"go42569ylg7lmpnrk02run8c","content":"Não quero ligação!","outgoingEdgeId":"ixg3dnhbox9qijdssix1dzsg"}],"groupId":"meuv55d26f4y0sbhkrlekpfo","options":{"variableId":"vkzg1302pv2vg7rsp8lib8uep","buttonLabel":"Send","isSearchable":false,"isMultipleChoice":false,"searchInputPlaceholder":"Filter the options..."},"outgoingEdgeId":"pmmnk2voa4gfwbrvuzzl5vb7"}],"graphCoordinates":{"x":7684.11,"y":347.08}},{"id":"ltt2la3s4cbxpwmotdtm04fr","title":"Group #26","blocks":[{"id":"s5lw4u6o8ck6i5bd7rcvayk1","type":"text","content":{"richText":[{"type":"p","children":[{"text":"Ótimo, qual é o melhor momento para entrarmos em contato?"}]}]},"groupId":"ltt2la3s4cbxpwmotdtm04fr"},{"id":"rwmso2d6u38vzz0cl7yam7wa","type":"choice input","items":[{"id":"ehex4qf8j3e6rltfa8f5tu0y","type":0,"blockId":"rwmso2d6u38vzz0cl7yam7wa","content":"Prefiro de Manhã!","outgoingEdgeId":"lvxcakywuhiiwnbzswnvvvkm"},{"id":"u3fdkx5dh1de3wsb8lbevf0d","type":0,"blockId":"rwmso2d6u38vzz0cl7yam7wa","content":"Prefiro à Tarde!","outgoingEdgeId":"ncr12ici27o8v0hecu3dcayd"},{"id":"o9a0p1kuz3ftw6er9wtgxrfb","type":0,"blockId":"rwmso2d6u38vzz0cl7yam7wa","content":"Prefiro à Noite","outgoingEdgeId":"v0elu9gkm6tk4kzwm97lfre3"}],"groupId":"ltt2la3s4cbxpwmotdtm04fr","options":{"variableId":"vlgp39mqq6jzyjle9c64mbajt","buttonLabel":"Send","isSearchable":false,"isMultipleChoice":false,"searchInputPlaceholder":"Filter the options..."},"outgoingEdgeId":"allma8wzlemp5qkg30tl4uy1"}],"graphCoordinates":{"x":8097.83,"y":349.63}},{"id":"v7a3ewznr8c4essgcxoltkf0","title":"Group #27","blocks":[{"id":"shxv20r6ncrvs6x160j0s1m4","type":"text","content":{"richText":[{"type":"p","children":[{"text":"Entendo, então temos a possibilidade de conversar via WhatsApp..."}]}]},"groupId":"v7a3ewznr8c4essgcxoltkf0"},{"id":"akludlbpgb3mhuqy1o1yomhf","type":"text","content":{"richText":[{"type":"p","children":[{"text":"Entretanto esse não é o melhor formato, já que a ideia é te passar uma consultoria gratuita..."}]}]},"groupId":"v7a3ewznr8c4essgcxoltkf0"},{"id":"v0lv5ayo1032wa24aej9wj7v","type":"text","content":{"richText":[{"type":"p","children":[{"text":"Em apenas 30 minutos, nossa equipe irá te mostrar como ter melhor resultados com a Matrículas 4.0."}]}]},"groupId":"v7a3ewznr8c4essgcxoltkf0"},{"id":"jx9gntbmgpcc3kvy6mm0wwmd","type":"choice input","items":[{"id":"eybrw1zax87e62bojvlema6a","type":0,"blockId":"jx9gntbmgpcc3kvy6mm0wwmd","content":"Prefiro Whats","outgoingEdgeId":"k9wu13h36cx08v3a7h96hp5v"},{"id":"tqt21xgex4gowo054qpnhv9g","type":0,"blockId":"jx9gntbmgpcc3kvy6mm0wwmd","content":"Quero a consultoria completa","outgoingEdgeId":"zv3goy3e21tmdi6z75hbfyw8"}],"groupId":"v7a3ewznr8c4essgcxoltkf0","options":{"variableId":"vjr0wlbjuab5i46zsz2b9pg7g","buttonLabel":"Send","isSearchable":false,"isMultipleChoice":false,"searchInputPlaceholder":"Filter the options..."}}],"graphCoordinates":{"x":8175.14,"y":943.29}},{"id":"edvxgb9pusrgxwejedp82ox2","title":"Disparo Pixel","blocks":[{"id":"zqhmywguf331pfdbsc1mt4nc","type":"Pixel","groupId":"edvxgb9pusrgxwejedp82ox2","options":{"params":[],"pixelId":"998136448049534","eventType":"SubmitApplication"},"outgoingEdgeId":"x1wytzj77iuth2l561vil4xa"}],"graphCoordinates":{"x":3481.35,"y":-185.99}}],"variables":[{"id":"vq5hncgqxqbvgsn6gd5bezrao","name":"name"},{"id":"vfqmhwvpbqsi21awyaeobmrdg","name":"Whatsapp"},{"id":"vs2fy2ilkgk5f78zsf5ewc695","name":"mail"},{"id":"veux72u7vbtnhwx09ixcsv25z","name":"Empresa"},{"id":"vpx4t3npi95qnkg2jzr4kcm2v","name":"Insta"},{"id":"vjzj5ymk94s12qhcdkd3lfbhk","name":"Sobre a Empresa"},{"id":"vziq7qxjw9kfg9spbxx4ax3qd","name":"Faturamento"},{"id":"vz8uwzrvex50tlg0pobcvevz5","name":"Budget Disponível"},{"id":"vehuxb4tr7m6nwlnhkhfvpoap","name":"Investimento Atual em MKT"},{"id":"vlwsihaxqbq4j0shp33zt8b1f","name":"Objetivo"},{"id":"vxiwun6ralcvotudj5511gx62","name":"Situação"},{"id":"va2rzslc1sibpqvzqsctz59gu","name":"Implantação"},{"id":"vo61dbgy6qvagenupynyliftv","name":"Site Empresa"},{"id":"ve76m7p8ween5ra9lg91jxpvb","name":"utm_campaign"},{"id":"vqwccqc57vberehfx1alcn2mi","name":"utm_medium"},{"id":"vlm1sqbqljshr2fitlyunb6b2","name":"utm_source"},{"id":"voxycdgo4pn6whxosr2panw2u","name":"utm_content"},{"id":"vf6vpdf4mijw8lsaa7qki3782","name":"utm_term"},{"id":"vkzg1302pv2vg7rsp8lib8uep","name":"Posso ligar?"},{"id":"vlgp39mqq6jzyjle9c64mbajt","name":"Melhor Horario"},{"id":"vc84ly71n3t6oho36ne5hvbil","name":"Liga ou Whats?"},{"id":"vjr0wlbjuab5i46zsz2b9pg7g","name":"Forma de Contato"}],"edges":[{"id":"al2lmkcru2iu87trsgb7utpq","to":{"groupId":"jtysmlgy6nvr8m6ut2mdbuvo"},"from":{"blockId":"mla20elaq8j0zzo28jks1ymf","groupId":"yshfep0a8ls9iwgvwnwty3fe"}},{"id":"qu94dh3fsr0zssemkon9z48z","to":{"groupId":"d13547okvua6rbm13woipla4"},"from":{"blockId":"ldoeym8ovvvlnedjo8ldd2sz","groupId":"jtysmlgy6nvr8m6ut2mdbuvo"}},{"id":"mkio05l1u4x58ofc5qqf7nre","to":{"groupId":"eqn5vc4xnei9g1m4m6tlyhha"},"from":{"itemId":"xt67ihx81z2mtqoe2j4i04d0","blockId":"dtypjk6u9c392eswqs694qf1","groupId":"d13547okvua6rbm13woipla4"}},{"id":"py41627zq9tti9tg7t5xg461","to":{"blockId":"ndle5j99x2i54p3iuxcxisk8","groupId":"j3bp2rng95vzmpjtc8glhqy8"},"from":{"blockId":"muv3re2b4ic4lr6g96hzyhkk","groupId":"eqn5vc4xnei9g1m4m6tlyhha"}},{"id":"nhpv4o7owsh71o7h3e0j6q7x","to":{"blockId":"ka7psbnv8vspjihec2e8qx71","groupId":"lns0kix40s2ppawi14427oyl"},"from":{"blockId":"ndle5j99x2i54p3iuxcxisk8","groupId":"j3bp2rng95vzmpjtc8glhqy8"}},{"id":"ej9v2ho14eva942ray4cfsic","to":{"groupId":"ps0yc957sgd45uaxhkhtvy37"},"from":{"itemId":"y20bzg793221qow9dhwz55t5","blockId":"psdtp3ex1qv48r7jjy9za7v5","groupId":"ni08afw5e80ijsw0jka0fn1x"}},{"id":"de6t3kdcmvf5bm8g8mnvwtdc","to":{"blockId":"utqghvjmrwne9pv5aubtrif9","groupId":"dokn4hsdu2r5f0t4vfcbxicc"},"from":{"blockId":"nb0nbp467pfeeops0ph6sr45","groupId":"ps0yc957sgd45uaxhkhtvy37"}},{"id":"p8al1hdm1gex92r2gqio9wtc","to":{"blockId":"xxrwvgk9v3w1toopzkn2ouiw","groupId":"azqmwpczwtxt2d0gzvof98m5"},"from":{"blockId":"ka7psbnv8vspjihec2e8qx71","groupId":"lns0kix40s2ppawi14427oyl"}},{"id":"hfps11vcfegftqaijlquj3eo","to":{"blockId":"qgmliksxy90h2q0gub99aeuz","groupId":"ni08afw5e80ijsw0jka0fn1x"},"from":{"itemId":"au8iodqk7rpy25236gk7jk6r","blockId":"br9b004am45l2cw75xghe0ir","groupId":"azqmwpczwtxt2d0gzvof98m5"}},{"id":"a2x14n3gsjn5pzq7qeud7980","to":{"blockId":"bcy2ri9igkefvo277f7hn38a","groupId":"dc9lan7roe94pqkklak8z696"},"from":{"itemId":"c7a071hs1eimxpwdx3r0kx4d","blockId":"br9b004am45l2cw75xghe0ir","groupId":"azqmwpczwtxt2d0gzvof98m5"}},{"id":"ubb7mpqga2r6lm58436cse9d","to":{"blockId":"ka7psbnv8vspjihec2e8qx71","groupId":"lns0kix40s2ppawi14427oyl"},"from":{"blockId":"bcy2ri9igkefvo277f7hn38a","groupId":"dc9lan7roe94pqkklak8z696"}},{"id":"i4e0q2ou9ef1a59k2qe5qa2j","to":{"blockId":"tou0z13l0qys6ipfm6kwt1oj","groupId":"ngx7iyn1kxzilscvew7k1685"},"from":{"itemId":"qj0018wpb6nk84g5vfx2ztpo","blockId":"psdtp3ex1qv48r7jjy9za7v5","groupId":"ni08afw5e80ijsw0jka0fn1x"}},{"id":"i77eoxnppn9657cvbype3bym","to":{"blockId":"tou0z13l0qys6ipfm6kwt1oj","groupId":"ngx7iyn1kxzilscvew7k1685"},"from":{"itemId":"zaf9acla1fjejrrwiq77tyz9","blockId":"psdtp3ex1qv48r7jjy9za7v5","groupId":"ni08afw5e80ijsw0jka0fn1x"}},{"id":"ps8zapmb75pysea69bc0zygm","to":{"groupId":"fl5catq55zqqjjt2q3a2thjh"},"from":{"blockId":"x07707wvzla0c3qxs5lo64x6","groupId":"l1ahqzc5vrnynthw65zizn4b"}},{"id":"uxlfqub3uizr7e4pju6yjr5o","to":{"groupId":"ogznajydlxjc0navuravlfbg"},"from":{"itemId":"y99kmlcxr1b8uu6knpj86j5n","blockId":"e19unzwrcoy5ybhswd90hnkd","groupId":"wzoi5x6s0umkhmg72n9yxp2f"}},{"id":"vhix6q8pfsrh622y2u54dptv","to":{"groupId":"ogznajydlxjc0navuravlfbg"},"from":{"itemId":"q3r8ld4ih3lljpt2vfayy8iy","blockId":"e19unzwrcoy5ybhswd90hnkd","groupId":"wzoi5x6s0umkhmg72n9yxp2f"}},{"id":"disg4t9rzf9ou4pyziovstzc","to":{"groupId":"ogznajydlxjc0navuravlfbg"},"from":{"itemId":"biigpqudpwjupl8xqy68m0mg","blockId":"e19unzwrcoy5ybhswd90hnkd","groupId":"wzoi5x6s0umkhmg72n9yxp2f"}},{"id":"z7phq3jbrmoxz3nmlpjuux05","to":{"groupId":"ogznajydlxjc0navuravlfbg"},"from":{"itemId":"w3gokjsyrbwldmjoqvjv9n05","blockId":"e19unzwrcoy5ybhswd90hnkd","groupId":"wzoi5x6s0umkhmg72n9yxp2f"}},{"id":"baq300kp1ztjw3ptsogmfhhj","to":{"groupId":"ogznajydlxjc0navuravlfbg"},"from":{"itemId":"tihw1s2fmml59abhmm1b8c7h","blockId":"e19unzwrcoy5ybhswd90hnkd","groupId":"wzoi5x6s0umkhmg72n9yxp2f"}},{"id":"qov2npvvf39c82tyt12h9l8r","to":{"groupId":"ogznajydlxjc0navuravlfbg"},"from":{"itemId":"wuy603vrk7s6jp9limzaobjw","blockId":"e19unzwrcoy5ybhswd90hnkd","groupId":"wzoi5x6s0umkhmg72n9yxp2f"}},{"id":"irboklf8aev6qhusneb1ye2v","to":{"groupId":"rllgy0hbod4au58oubn7nh00"},"from":{"blockId":"am6bhz8sk0tsfs0y0yb4kb5u","groupId":"ogznajydlxjc0navuravlfbg"}},{"id":"i5nu31s8i4yijal7gikyl3o9","to":{"blockId":"ao24zyrxdc43o0m8u66z0ero","groupId":"z8hlfh83frmc3l8zykdyj5bb"},"from":{"itemId":"bj3b9j0sw97bpe9w38yuo8lv","blockId":"a2mknctqm3czywaychlql76p","groupId":"oscgvuffcozgivotclw135nu"}},{"id":"r62u9to7gl5xvce2mesk2xxi","to":{"blockId":"ao24zyrxdc43o0m8u66z0ero","groupId":"z8hlfh83frmc3l8zykdyj5bb"},"from":{"itemId":"e9ozwc3h7ia8lvp7e979z8l6","blockId":"a2mknctqm3czywaychlql76p","groupId":"oscgvuffcozgivotclw135nu"}},{"id":"dke64au9dqhaf6gozwzek2y6","to":{"blockId":"ao24zyrxdc43o0m8u66z0ero","groupId":"z8hlfh83frmc3l8zykdyj5bb"},"from":{"itemId":"z8y3jfcm1i6tn5ub2bzsp1hw","blockId":"a2mknctqm3czywaychlql76p","groupId":"oscgvuffcozgivotclw135nu"}},{"id":"nvh3k5m0t53u0y6k4akvqnjg","to":{"blockId":"ao24zyrxdc43o0m8u66z0ero","groupId":"z8hlfh83frmc3l8zykdyj5bb"},"from":{"itemId":"e55ku8d2crx9l8esxf2wcjv1","blockId":"a2mknctqm3czywaychlql76p","groupId":"oscgvuffcozgivotclw135nu"}},{"id":"srdypwrr7d0l76hjbv63nvju","to":{"blockId":"ao24zyrxdc43o0m8u66z0ero","groupId":"z8hlfh83frmc3l8zykdyj5bb"},"from":{"itemId":"woz0a8n1lyfkuoyurloa6yd1","blockId":"a2mknctqm3czywaychlql76p","groupId":"oscgvuffcozgivotclw135nu"}},{"id":"rbuucpwkkaezboii6qfeh70p","to":{"blockId":"ao24zyrxdc43o0m8u66z0ero","groupId":"z8hlfh83frmc3l8zykdyj5bb"},"from":{"itemId":"f6jdw4k73dlw5md86oy0wbo0","blockId":"a2mknctqm3czywaychlql76p","groupId":"oscgvuffcozgivotclw135nu"}},{"id":"n13wxxuwqnee6r9hirzs8cyq","to":{"blockId":"ao24zyrxdc43o0m8u66z0ero","groupId":"z8hlfh83frmc3l8zykdyj5bb"},"from":{"itemId":"r8mxzr95ztpd4w5xj6ip3gvo","blockId":"a2mknctqm3czywaychlql76p","groupId":"oscgvuffcozgivotclw135nu"}},{"id":"b8dcutb91nyw0zmpvl8xwa8l","to":{"blockId":"ao24zyrxdc43o0m8u66z0ero","groupId":"z8hlfh83frmc3l8zykdyj5bb"},"from":{"itemId":"o13smncff4n580grm54t4zgh","blockId":"a2mknctqm3czywaychlql76p","groupId":"oscgvuffcozgivotclw135nu"}},{"id":"iu4szqjcrwhos0yyh08fgc82","to":{"blockId":"ao24zyrxdc43o0m8u66z0ero","groupId":"z8hlfh83frmc3l8zykdyj5bb"},"from":{"itemId":"p5ck69ta4rr6hswff0a1mnkg","blockId":"a2mknctqm3czywaychlql76p","groupId":"oscgvuffcozgivotclw135nu"}},{"id":"u4cdf8bx65auyy70vw5cqlf2","to":{"blockId":"g5mwipdjqmu6p8swjo6x3jzy","groupId":"m7e19ne3t6v38zuy40dp0plg"},"from":{"blockId":"m2a2s4mw6xdlt6lg17ejn612","groupId":"z8hlfh83frmc3l8zykdyj5bb"}},{"id":"o2t7ynsl6vanda8vsm2vea7u","to":{"blockId":"hp4owqpuyqg23zy8ezj28qle","groupId":"nyrme2nfeyapd0vpqforhxm1"},"from":{"itemId":"jk4ccox601cx0c0cmh86yng8","blockId":"jrq182zohf2dxom715x079fv","groupId":"m7e19ne3t6v38zuy40dp0plg"}},{"id":"k1ifeyi0zufkbnr6f2t1a5kt","to":{"blockId":"hp4owqpuyqg23zy8ezj28qle","groupId":"nyrme2nfeyapd0vpqforhxm1"},"from":{"itemId":"lxle1k03vjwwou3fcyrjdfje","blockId":"jrq182zohf2dxom715x079fv","groupId":"m7e19ne3t6v38zuy40dp0plg"}},{"id":"yit97lbdd13vke9z8lmtl4rm","to":{"blockId":"hp4owqpuyqg23zy8ezj28qle","groupId":"nyrme2nfeyapd0vpqforhxm1"},"from":{"itemId":"kcpuc8taju4fb0u1vmgvvpnb","blockId":"jrq182zohf2dxom715x079fv","groupId":"m7e19ne3t6v38zuy40dp0plg"}},{"id":"rqsxxy5qn86u4bsumuittaxi","to":{"blockId":"hp4owqpuyqg23zy8ezj28qle","groupId":"nyrme2nfeyapd0vpqforhxm1"},"from":{"itemId":"i3nlgqasvc1w446mnjxj3wt3","blockId":"jrq182zohf2dxom715x079fv","groupId":"m7e19ne3t6v38zuy40dp0plg"}},{"id":"hh2djmpgjbmidu26up2dmw9i","to":{"blockId":"hp4owqpuyqg23zy8ezj28qle","groupId":"nyrme2nfeyapd0vpqforhxm1"},"from":{"itemId":"y240ozt7m6zshbeh8h63oaq7","blockId":"jrq182zohf2dxom715x079fv","groupId":"m7e19ne3t6v38zuy40dp0plg"}},{"id":"sfwjehylnxy4503nd6s479u8","to":{"blockId":"hp4owqpuyqg23zy8ezj28qle","groupId":"nyrme2nfeyapd0vpqforhxm1"},"from":{"itemId":"kt9rp0y5g3l51pjk35l66hr9","blockId":"jrq182zohf2dxom715x079fv","groupId":"m7e19ne3t6v38zuy40dp0plg"}},{"id":"y0cx6bxxeoe1rxyxpp4a7vqb","to":{"blockId":"hp4owqpuyqg23zy8ezj28qle","groupId":"nyrme2nfeyapd0vpqforhxm1"},"from":{"itemId":"en4qdjuzzy5l72t4zbmkfysm","blockId":"jrq182zohf2dxom715x079fv","groupId":"m7e19ne3t6v38zuy40dp0plg"}},{"id":"fg9kzvy2mb3r8ghes17if8dx","to":{"blockId":"hp4owqpuyqg23zy8ezj28qle","groupId":"nyrme2nfeyapd0vpqforhxm1"},"from":{"itemId":"pap0nbl8zcop64mbxli85spc","blockId":"jrq182zohf2dxom715x079fv","groupId":"m7e19ne3t6v38zuy40dp0plg"}},{"id":"ocros8qyi4dm6eil2vcn436d","to":{"blockId":"hp4owqpuyqg23zy8ezj28qle","groupId":"nyrme2nfeyapd0vpqforhxm1"},"from":{"itemId":"s98wu7uaesl0nuixnfv56wk3","blockId":"jrq182zohf2dxom715x079fv","groupId":"m7e19ne3t6v38zuy40dp0plg"}},{"id":"a6zu6s0lajs8blkh2644i8no","to":{"blockId":"g4kj74xlapkyeepxkpid12w4","groupId":"bdhud0qeedqizdd86lnnz4hm"},"from":{"itemId":"ns8qrngsa9ywxor7qdpafea8","blockId":"t5jfvjo6uoonjzwfe62aa6ep","groupId":"nyrme2nfeyapd0vpqforhxm1"}},{"id":"cn2ggjgmga2dlfvdjafkkxj8","to":{"blockId":"g4kj74xlapkyeepxkpid12w4","groupId":"bdhud0qeedqizdd86lnnz4hm"},"from":{"itemId":"wcn8mxzwhcorb15gnzzsyor0","blockId":"t5jfvjo6uoonjzwfe62aa6ep","groupId":"nyrme2nfeyapd0vpqforhxm1"}},{"id":"v8kba9t90b6i60lrhskg3vsu","to":{"blockId":"g4kj74xlapkyeepxkpid12w4","groupId":"bdhud0qeedqizdd86lnnz4hm"},"from":{"itemId":"d9bun22pj90a8ngcjsbedmew","blockId":"t5jfvjo6uoonjzwfe62aa6ep","groupId":"nyrme2nfeyapd0vpqforhxm1"}},{"id":"meqgmspz2820fzpwb1vo1zlx","to":{"blockId":"g4kj74xlapkyeepxkpid12w4","groupId":"bdhud0qeedqizdd86lnnz4hm"},"from":{"itemId":"f0awp11p0il5pndut59z7n70","blockId":"t5jfvjo6uoonjzwfe62aa6ep","groupId":"nyrme2nfeyapd0vpqforhxm1"}},{"id":"nt93er5xxviidnpd28mdb4tp","to":{"blockId":"g4kj74xlapkyeepxkpid12w4","groupId":"bdhud0qeedqizdd86lnnz4hm"},"from":{"itemId":"l54961j02hwp211h7cdkdajo","blockId":"t5jfvjo6uoonjzwfe62aa6ep","groupId":"nyrme2nfeyapd0vpqforhxm1"}},{"id":"kavb2gjj7nuw80l2cm7hbto3","to":{"blockId":"uoeuewaz09stp11un5lpqjnt","groupId":"oscgvuffcozgivotclw135nu"},"from":{"blockId":"wt7s7t9ba9m76xd6swztmsoz","groupId":"rllgy0hbod4au58oubn7nh00"}},{"id":"r5km8oklvg6s4qvx708fcca3","to":{"blockId":"uoeuewaz09stp11un5lpqjnt","groupId":"oscgvuffcozgivotclw135nu"},"from":{"itemId":"fxz67wriykjn2aizolbc121c","blockId":"wt7s7t9ba9m76xd6swztmsoz","groupId":"rllgy0hbod4au58oubn7nh00"}},{"id":"w08ai41645i9l4tnof954u75","to":{"blockId":"uoeuewaz09stp11un5lpqjnt","groupId":"oscgvuffcozgivotclw135nu"},"from":{"itemId":"z3w2tpn4ae4q8nbwvcgdztgo","blockId":"wt7s7t9ba9m76xd6swztmsoz","groupId":"rllgy0hbod4au58oubn7nh00"}},{"id":"gvffosu6hrl5ldrpsuvlksg5","to":{"blockId":"uoeuewaz09stp11un5lpqjnt","groupId":"oscgvuffcozgivotclw135nu"},"from":{"itemId":"r7jrewblylsu2ctykh3hhpkk","blockId":"wt7s7t9ba9m76xd6swztmsoz","groupId":"rllgy0hbod4au58oubn7nh00"}},{"id":"bsccky7wxxcewpbgbrrebao0","to":{"blockId":"uoeuewaz09stp11un5lpqjnt","groupId":"oscgvuffcozgivotclw135nu"},"from":{"itemId":"hhr80vkq6yn04d0yxlf5qd9r","blockId":"wt7s7t9ba9m76xd6swztmsoz","groupId":"rllgy0hbod4au58oubn7nh00"}},{"id":"lamykb89doltmyo24d4zglur","to":{"blockId":"uoeuewaz09stp11un5lpqjnt","groupId":"oscgvuffcozgivotclw135nu"},"from":{"itemId":"j8sifn6mx2pdrv1xnkxv7poq","blockId":"wt7s7t9ba9m76xd6swztmsoz","groupId":"rllgy0hbod4au58oubn7nh00"}},{"id":"axj15gpgc4omkvi3pj2ys2zo","to":{"blockId":"uoeuewaz09stp11un5lpqjnt","groupId":"oscgvuffcozgivotclw135nu"},"from":{"itemId":"nhsrgxoa0k3wc6yd3toqx2xz","blockId":"wt7s7t9ba9m76xd6swztmsoz","groupId":"rllgy0hbod4au58oubn7nh00"}},{"id":"qrtruijjzchlzv86g6o6o5pc","to":{"blockId":"uoeuewaz09stp11un5lpqjnt","groupId":"oscgvuffcozgivotclw135nu"},"from":{"itemId":"daluowwqf5se759npt4gb87b","blockId":"wt7s7t9ba9m76xd6swztmsoz","groupId":"rllgy0hbod4au58oubn7nh00"}},{"id":"ho6dt6qbg5dyrx2f61pnkz64","to":{"blockId":"uoeuewaz09stp11un5lpqjnt","groupId":"oscgvuffcozgivotclw135nu"},"from":{"itemId":"sznzz771clip247swb0nmbvk","blockId":"wt7s7t9ba9m76xd6swztmsoz","groupId":"rllgy0hbod4au58oubn7nh00"}},{"id":"v0lpspaharocy9of4rdudjel","to":{"blockId":"uoeuewaz09stp11un5lpqjnt","groupId":"oscgvuffcozgivotclw135nu"},"from":{"itemId":"nvpu72vbdq7rmu51xm7pkoky","blockId":"wt7s7t9ba9m76xd6swztmsoz","groupId":"rllgy0hbod4au58oubn7nh00"}},{"id":"ma7pt52fa0d0okmsjwo55v2a","to":{"blockId":"uoeuewaz09stp11un5lpqjnt","groupId":"oscgvuffcozgivotclw135nu"},"from":{"itemId":"g0asi08g0t541gh61cjnh9xh","blockId":"wt7s7t9ba9m76xd6swztmsoz","groupId":"rllgy0hbod4au58oubn7nh00"}},{"id":"vwebie2znlufyy1gbyzeu6ij","to":{"groupId":"yg4xvpgz3j8sovihmcgyqsgk"},"from":{"blockId":"wm0ewvg41cw9jyj790d0sgax","groupId":"fl5catq55zqqjjt2q3a2thjh"}},{"id":"afsxje6p81g38urjbalueehn","to":{"blockId":"dchn9igmkdfznwvglsersd48","groupId":"wzoi5x6s0umkhmg72n9yxp2f"},"from":{"blockId":"g8zdtkuq50hah4z6wp8qgiuj","groupId":"yg4xvpgz3j8sovihmcgyqsgk"}},{"id":"d0dzgurqj957i3f38784z0b0","to":{"groupId":"meuv55d26f4y0sbhkrlekpfo"},"from":{"itemId":"scz7mbs84onxken3o80qxoxs","blockId":"xsakguhpouitr51mwareym1q","groupId":"bdhud0qeedqizdd86lnnz4hm"}},{"id":"rxaszaesgoyz2ef5sojlumxs","to":{"groupId":"meuv55d26f4y0sbhkrlekpfo"},"from":{"itemId":"mgpb9nhdk10p2dvvcs0p032q","blockId":"xsakguhpouitr51mwareym1q","groupId":"bdhud0qeedqizdd86lnnz4hm"}},{"id":"h0tqnhhfkb2bvrbh61lf32is","to":{"groupId":"meuv55d26f4y0sbhkrlekpfo"},"from":{"itemId":"fv28k1i2ucef1o8fv2vvhsrg","blockId":"xsakguhpouitr51mwareym1q","groupId":"bdhud0qeedqizdd86lnnz4hm"}},{"id":"nt356m9geztq83cap3q55xe4","to":{"groupId":"meuv55d26f4y0sbhkrlekpfo"},"from":{"itemId":"w1gum2zxq3q8bh69wc8e8x2l","blockId":"xsakguhpouitr51mwareym1q","groupId":"bdhud0qeedqizdd86lnnz4hm"}},{"id":"hehbi2uubgojd8md0xp22h7f","to":{"groupId":"meuv55d26f4y0sbhkrlekpfo"},"from":{"blockId":"xsakguhpouitr51mwareym1q","groupId":"bdhud0qeedqizdd86lnnz4hm"}},{"id":"ydjqm91f0l52djrnc2a90nr2","to":{"groupId":"ltt2la3s4cbxpwmotdtm04fr"},"from":{"itemId":"oacssj8gzvj70devw83j5kbd","blockId":"go42569ylg7lmpnrk02run8c","groupId":"meuv55d26f4y0sbhkrlekpfo"}},{"id":"pmmnk2voa4gfwbrvuzzl5vb7","to":{"groupId":"ltt2la3s4cbxpwmotdtm04fr"},"from":{"blockId":"go42569ylg7lmpnrk02run8c","groupId":"meuv55d26f4y0sbhkrlekpfo"}},{"id":"k9wu13h36cx08v3a7h96hp5v","to":{"groupId":"bp4zb3bq2f46dfzdmm2u2ul1"},"from":{"itemId":"eybrw1zax87e62bojvlema6a","blockId":"jx9gntbmgpcc3kvy6mm0wwmd","groupId":"v7a3ewznr8c4essgcxoltkf0"}},{"id":"lvxcakywuhiiwnbzswnvvvkm","to":{"groupId":"bp4zb3bq2f46dfzdmm2u2ul1"},"from":{"itemId":"ehex4qf8j3e6rltfa8f5tu0y","blockId":"rwmso2d6u38vzz0cl7yam7wa","groupId":"ltt2la3s4cbxpwmotdtm04fr"}},{"id":"ncr12ici27o8v0hecu3dcayd","to":{"groupId":"bp4zb3bq2f46dfzdmm2u2ul1"},"from":{"itemId":"u3fdkx5dh1de3wsb8lbevf0d","blockId":"rwmso2d6u38vzz0cl7yam7wa","groupId":"ltt2la3s4cbxpwmotdtm04fr"}},{"id":"v0elu9gkm6tk4kzwm97lfre3","to":{"groupId":"bp4zb3bq2f46dfzdmm2u2ul1"},"from":{"itemId":"o9a0p1kuz3ftw6er9wtgxrfb","blockId":"rwmso2d6u38vzz0cl7yam7wa","groupId":"ltt2la3s4cbxpwmotdtm04fr"}},{"id":"allma8wzlemp5qkg30tl4uy1","to":{"groupId":"bp4zb3bq2f46dfzdmm2u2ul1"},"from":{"blockId":"rwmso2d6u38vzz0cl7yam7wa","groupId":"ltt2la3s4cbxpwmotdtm04fr"}},{"id":"ixg3dnhbox9qijdssix1dzsg","to":{"groupId":"v7a3ewznr8c4essgcxoltkf0"},"from":{"itemId":"smi580if0uxpyhnqjkid844j","blockId":"go42569ylg7lmpnrk02run8c","groupId":"meuv55d26f4y0sbhkrlekpfo"}},{"id":"zv3goy3e21tmdi6z75hbfyw8","to":{"groupId":"bp4zb3bq2f46dfzdmm2u2ul1"},"from":{"itemId":"tqt21xgex4gowo054qpnhv9g","blockId":"jx9gntbmgpcc3kvy6mm0wwmd","groupId":"v7a3ewznr8c4essgcxoltkf0"}},{"id":"em8vjabuhvuriziwdpmkrotw","to":{"groupId":"edvxgb9pusrgxwejedp82ox2"},"from":{"blockId":"tou0z13l0qys6ipfm6kwt1oj","groupId":"ngx7iyn1kxzilscvew7k1685"}},{"id":"x1wytzj77iuth2l561vil4xa","to":{"groupId":"l1ahqzc5vrnynthw65zizn4b"},"from":{"blockId":"zqhmywguf331pfdbsc1mt4nc","groupId":"edvxgb9pusrgxwejedp82ox2"}}],"theme":{"chat":{"inputs":{"color":"#ffffff","backgroundColor":"#171923","placeholderColor":"#9095A0"},"buttons":{"color":"#ffffff","backgroundColor":"#640a52"},"hostAvatar":{"url":"https://s3.fr-par.scw.cloud/typebot/public/typebots/cljna0hcv008hlc0fxmprg8kk/hostAvatar?v=1688415048465","isEnabled":true},"hostBubbles":{"color":"#ffffff","backgroundColor":"#190015"},"guestBubbles":{"color":"#FFFFFF","backgroundColor":"#FF8E21"}},"general":{"font":"Open Sans","background":{"type":"Color","content":"#171923"}}},"settings":{"general":{"rememberUser":{"isEnabled":false},"isBrandingEnabled":true,"isInputPrefillEnabled":true,"isHideQueryParamsEnabled":true},"metadata":{"description":"Build beautiful conversational forms and embed them directly in your applications without a line of code. Triple your response rate and collect answers that has more value compared to a traditional form.","googleTagManagerId":"GTM-MJ6RDDX"},"typingEmulation":{"speed":300,"enabled":true,"maxDelay":1.5}}}