{"id":"cljx9h8ee00d3mm0fw4xx4673","version":"3","groups":[{"id":"r6nasn89ux8o8kl78kdi29mj","title":"Start","blocks":[{"id":"22HP69iipkLjJDTUcc1AWW","type":"start","label":"Start","groupId":"r6nasn89ux8o8kl78kdi29mj","outgoingEdgeId":"fbzlryca2dhqie29ydtzm2as"}],"graphCoordinates":{"x":0,"y":0}},{"id":"zsu8dro695005v0494ppgo0n","title":"Welcome","blocks":[{"id":"sc1y8VwDabNJgiVTBi4qtif","type":"text","content":{"richText":[{"type":"p","children":[{"text":"Olá, tudo bem por aí?"}]},{"type":"p","children":[{"text":""}]},{"type":"p","children":[{"text":"Seja bem vindo à Digital Rockets!"}]}]},"groupId":"zsu8dro695005v0494ppgo0n"},{"id":"fxzdywmcbq6svvkqnuacef4v","type":"text","content":{"richText":[{"type":"p","children":[{"text":"Fico feliz que esteja interessado em vender mais através dos anúncios online!"}]}]},"groupId":"zsu8dro695005v0494ppgo0n"},{"id":"banz54scp61rs22stg2838ol","type":"text","content":{"richText":[{"type":"p","children":[{"text":"Hoje somos a melhor assessoria de tráfego e vendas  para energia solar do Brasil e estamos prontos para te ajudar a vender mais!"}]}]},"groupId":"zsu8dro695005v0494ppgo0n"},{"id":"s7YqZTBeyCa4Hp3wN2j922c","type":"image","content":{"url":"https://media2.giphy.com/media/XD9o33QG9BoMis7iM4/giphy.gif?cid=fe3852a3ihg8rvipzzky5lybmdyq38fhke2tkrnshwk52c7d&rid=giphy.gif&ct=g"},"groupId":"zsu8dro695005v0494ppgo0n","outgoingEdgeId":"q48yh9871qfr4pv9yud6m1uy"}],"graphCoordinates":{"x":1,"y":148}},{"id":"w7clmz248awjhozr4jk53d0f","title":"Email","blocks":[{"id":"sxeYubYN6XzhAfG7m9Fivhc","type":"text","content":{"richText":[{"type":"p","children":[{"text":"Perfeito {{Name}}! Então vamos continuar..."}]}]},"groupId":"w7clmz248awjhozr4jk53d0f"},{"id":"scQ5kduafAtfP9T8SHUJnGi","type":"text","content":{"richText":[{"type":"p","children":[{"text":"Qual é o seu melhor e-mail?"}]}]},"groupId":"w7clmz248awjhozr4jk53d0f"},{"id":"snbsad18Bgry8yZ8DZCfdFD","type":"email input","groupId":"w7clmz248awjhozr4jk53d0f","options":{"labels":{"button":"Send","placeholder":"Type your email..."},"variableId":"v3VFChNVSCXQ2rXv4DrJ8Ah","retryMessageContent":"This email doesn't seem to be valid. Can you type it again?"},"outgoingEdgeId":"lne0r0pgr8c4rjleypnjklq0"}],"graphCoordinates":{"x":669,"y":141}},{"id":"i54j49uthvpcp7p88otjx86c","title":"Name","blocks":[{"id":"sgtE2Sy7cKykac9B223Kq9R","type":"text","content":{"richText":[{"type":"p","children":[{"text":"Antes de começarmos me fale, qual é o seu nome?"}]}]},"groupId":"i54j49uthvpcp7p88otjx86c"},{"id":"sqEsMo747LTDnY9FjQcEwUv","type":"text input","groupId":"i54j49uthvpcp7p88otjx86c","options":{"isLong":false,"labels":{"button":"Send","placeholder":"Type your answer..."},"variableId":"giiLFGw5xXBCHzvp1qAbdX"},"outgoingEdgeId":"f8hkzbvexrw9een23j81fd31"}],"graphCoordinates":{"x":340,"y":143}},{"id":"vxkzrowwwpm5s989ekkosuns","title":"Telefone","blocks":[{"id":"ufzttldwl66cn3t7rtvnvw9p","type":"text","content":{"richText":[{"type":"p","children":[{"text":"E o seu telefone? (Com DDD)"}]}]},"groupId":"vxkzrowwwpm5s989ekkosuns"},{"id":"yi2t2omg1lhznjn3u6s32ut4","type":"phone number input","groupId":"vxkzrowwwpm5s989ekkosuns","options":{"labels":{"button":"Send","placeholder":"Type your phone number..."},"defaultCountryCode":"BR","retryMessageContent":"This phone number doesn't seem to be valid. Can you type it again?"},"outgoingEdgeId":"dbsxweqainvl6j7quq0u0rm5"}],"graphCoordinates":{"x":1061.84,"y":154.66}},{"id":"sb4dswjgtfjm8utzdaunb1mx","title":"Nome da empresa","blocks":[{"id":"xivzhrqk8yzgn978ji5jyvdo","type":"text","content":{"richText":[{"type":"p","children":[{"text":"Muito bom {{Name}}! E qual é o nome da sua empresa?"}]}]},"groupId":"sb4dswjgtfjm8utzdaunb1mx"},{"id":"udwllkgj1c7spe4fingoff2k","type":"text input","groupId":"sb4dswjgtfjm8utzdaunb1mx","options":{"isLong":false,"labels":{"button":"Send","placeholder":"Type your answer..."}},"outgoingEdgeId":"p2ywp3ufsx3xnlln1uz98wz4"}],"graphCoordinates":{"x":1518.5,"y":181.33}},{"id":"bol9es4qqd9amzxljmt44nrk","title":"Cargo","blocks":[{"id":"g3thatapbd2vlxcl31ojmcy8","type":"text","content":{"richText":[{"type":"p","children":[{"text":"Qual o seu cargo na empresa?"}]}]},"groupId":"bol9es4qqd9amzxljmt44nrk"},{"id":"cfrwsxtbqgkltdk3wbalhq1y","type":"choice input","items":[{"id":"bd1m1puup1k5z8zszt4garr9","type":0,"blockId":"cfrwsxtbqgkltdk3wbalhq1y","content":"Sócio/dono","outgoingEdgeId":"q4kf3ma8bagi63kl8fhtzrj3"},{"id":"rfw2fgs0u6hx6x6ounkb0acm","type":0,"blockId":"cfrwsxtbqgkltdk3wbalhq1y","content":"Gestor comercial","outgoingEdgeId":"hkzakzixjgz3gqov1sewkmd2"},{"id":"npkgzn1agvecr7teany1ys1m","type":0,"blockId":"cfrwsxtbqgkltdk3wbalhq1y","content":"Vendedor","outgoingEdgeId":"n5b9ndt3n50rc2b7poim11oy"},{"id":"yma43fxrr7phqoa7ughmoahk","type":0,"blockId":"cfrwsxtbqgkltdk3wbalhq1y","content":"Integrador","outgoingEdgeId":"z2d0ypr9wirawbbrvng6xc5d"},{"id":"fbtzk65xcyyqtcqm1i2nh5z3","type":0,"blockId":"cfrwsxtbqgkltdk3wbalhq1y","content":"Outro","outgoingEdgeId":"rw6viq5ujo0rdn5b3c1wj6r6"}],"groupId":"bol9es4qqd9amzxljmt44nrk","options":{"buttonLabel":"Send","isSearchable":false,"isMultipleChoice":false,"searchInputPlaceholder":"Filter the options..."}}],"graphCoordinates":{"x":1952.83,"y":189.17}},{"id":"y9ipwsn79cidgnz82jfum87j","title":"Vendedor","blocks":[{"id":"pt02xfw7o8rtte94erkng02o","type":"text","content":{"richText":[{"type":"p","children":[{"text":"Você estaria disposto a investir pelo menos R$ 2.000 por mês, sabendo que isso poderá retonar por voltar de 3 a 5 novas instalações mensais?\n"}]}]},"groupId":"y9ipwsn79cidgnz82jfum87j"},{"id":"n396g60tq9pge8wj9324hgf9","type":"choice input","items":[{"id":"b2jqnr7cnp21w67wynkmkj4h","type":0,"blockId":"n396g60tq9pge8wj9324hgf9","content":"Sim","outgoingEdgeId":"xyq0y6wbl7yhajawpmdrks3x"},{"id":"v6jklj81dr6dtpfvf3elebmq","type":0,"blockId":"n396g60tq9pge8wj9324hgf9","content":"Não","outgoingEdgeId":"stghcsl4d97r9fyz49ts0v0e"}],"groupId":"y9ipwsn79cidgnz82jfum87j","options":{"buttonLabel":"Send","isSearchable":false,"isMultipleChoice":false,"searchInputPlaceholder":"Filter the options..."}}],"graphCoordinates":{"x":2487.84,"y":569.17}},{"id":"mvttj9zitxb1j5x7fqlq2gx3","title":"Vendas","blocks":[{"id":"ymfp5ztxtalfyerz16ji0tb9","type":"text","content":{"richText":[{"type":"p","children":[{"text":"Quantas vendas a sua empresa realiza por mês, em média?"}]}]},"groupId":"mvttj9zitxb1j5x7fqlq2gx3"},{"id":"n7yv5jp0hw5z9gcpvt5xnnib","type":"text input","groupId":"mvttj9zitxb1j5x7fqlq2gx3","options":{"isLong":false,"labels":{"button":"Send","placeholder":"Type your answer..."}},"outgoingEdgeId":"rm0d2shmdge41jl0soik2yer"}],"graphCoordinates":{"x":3147,"y":418.33}},{"id":"d8td1nlpmhc69palymdusd5l","title":"Meta","blocks":[{"id":"trhfj1rignr4cqs18jj9cb62","type":"text","content":{"richText":[{"type":"p","children":[{"text":"Qual a sua meta de vendas por mês?"}]}]},"groupId":"d8td1nlpmhc69palymdusd5l"},{"id":"d9y06nfutz3vltb8wflzixka","type":"text input","groupId":"d8td1nlpmhc69palymdusd5l","options":{"isLong":false,"labels":{"button":"Send","placeholder":"Type your answer..."}},"outgoingEdgeId":"bmnslckkud0b6dm47kqqou59"}],"graphCoordinates":{"x":3638.67,"y":476.67}},{"id":"i9szlcfiyxsujqshbc9wv1k4","title":"Data de início","blocks":[{"id":"vkvfvbjxgm2czqwpxq3dpqgh","type":"text","content":{"richText":[{"type":"p","children":[{"text":"Caso conheça e goste de nossa proposta, quando iniciamos a parceria?"}]}]},"groupId":"i9szlcfiyxsujqshbc9wv1k4"},{"id":"djxsnvn8wba7e5kksnfnutnv","type":"choice input","items":[{"id":"wxzy2bgabvu3utt6anzxbk5l","type":0,"blockId":"djxsnvn8wba7e5kksnfnutnv","content":"Amanhã","outgoingEdgeId":"dzbc3x3idi7o1n7gmu08rnc4"},{"id":"y24cf3xixx3e44ikgmawkw0u","type":0,"blockId":"djxsnvn8wba7e5kksnfnutnv","content":"Próxima semana","outgoingEdgeId":"ht4bck0qo4jdun60zorfl9gv"},{"id":"vjwfidnsclpz6a3a7ctbgcju","type":0,"blockId":"djxsnvn8wba7e5kksnfnutnv","content":"Este mês","outgoingEdgeId":"vfut6nd9la38pidqfqzalh9f"},{"id":"g0vfimk5lajufzut632jbaks","type":0,"blockId":"djxsnvn8wba7e5kksnfnutnv","content":"Próximo mês","outgoingEdgeId":"nog5iokw2w6bm3mvfci8nkcd"},{"id":"yod0avoisooh24k3pc1y8ugc","type":0,"blockId":"djxsnvn8wba7e5kksnfnutnv","content":"Outra data","outgoingEdgeId":"zeclxbxx76xi9yeau6s2k6r2"}],"groupId":"i9szlcfiyxsujqshbc9wv1k4","options":{"buttonLabel":"Send","isSearchable":false,"isMultipleChoice":false,"searchInputPlaceholder":"Filter the options..."}}],"graphCoordinates":{"x":4110.33,"y":556.66}},{"id":"j7l2yird93cja0s45e4bt8tw","title":"Horário","blocks":[{"id":"d68tpq84ei3r0z023kzv90iv","type":"text","content":{"richText":[{"type":"p","children":[{"text":"Pra finalizar, nos responda uma última coisa para que nossa equipe entre em contato:\n"}]},{"type":"p","children":[{"text":"Qual o melhor horário para entrarmos em contato?\n"}]}]},"groupId":"j7l2yird93cja0s45e4bt8tw"},{"id":"m7xyty3u5jo1k9ewny9ssrhg","type":"choice input","items":[{"id":"l8of3rwwh4q7gsi7ljof7cct","type":0,"blockId":"m7xyty3u5jo1k9ewny9ssrhg","content":"8h às 10h","outgoingEdgeId":"tq7rbyrpueba0mxjxs9pi9c7"},{"id":"c7bvqjdizoqtz82ml2wcci0w","type":0,"blockId":"m7xyty3u5jo1k9ewny9ssrhg","content":"10h às 12h","outgoingEdgeId":"hrnn51a83em3dvbh6wrwotzw"},{"id":"dslz7rqk2a72ukxq0cxklz6k","type":0,"blockId":"m7xyty3u5jo1k9ewny9ssrhg","content":"13h às 15h","outgoingEdgeId":"h9nozjh1u6u27l0jhv71kid5"},{"id":"y933hmo3cek2z4akaj7ju042","type":0,"blockId":"m7xyty3u5jo1k9ewny9ssrhg","content":"15h às 18h","outgoingEdgeId":"khgwzq80l3lvx224g21e1snx"}],"groupId":"j7l2yird93cja0s45e4bt8tw","options":{"buttonLabel":"Send","isSearchable":false,"isMultipleChoice":false,"searchInputPlaceholder":"Filter the options..."}}],"graphCoordinates":{"x":4672,"y":681.67}},{"id":"bll411q9xc87d0rys3je5gvi","title":"Group #13","blocks":[{"id":"x30q7n0ulpxmd2s9avzmro5s","type":"text","content":{"richText":[{"type":"p","children":[{"text":"Perfeito {{Name}}! Fique atento ao seu celular que entraremos em contato com você!"}]},{"type":"p","children":[{"text":""}]},{"type":"p","children":[{"text":"Enquanto isso, pode acessar nosso Instagram e ficar por dentro de tudo que fazemos por aqui: "},{"url":"https://www.instagram.com/digital_rockets/","type":"a","children":[{"text":"https://www.instagram.com/digital_rockets/"}]},{"text":""}]}]},"groupId":"bll411q9xc87d0rys3je5gvi"},{"id":"k2mcyt6yduxl3qzveeer6s57","type":"Code","groupId":"bll411q9xc87d0rys3je5gvi","options":{"name":"Script","content":"fbq('track', 'Lead');\n"}}],"graphCoordinates":{"x":5294.83,"y":938.17}},{"id":"mf6zucecti595t02fhp151c5","title":"Group #15","blocks":[{"id":"te15th26w3lx2cd3b1yu35uy","type":"text","content":{"richText":[{"type":"p","children":[{"text":"Entendo, nesse caso não podemos te atender nesse momento! \n"}]}]},"groupId":"mf6zucecti595t02fhp151c5","outgoingEdgeId":"thbdgu4qzuwd2nccmsfcq42r"}],"graphCoordinates":{"x":3124,"y":1109}},{"id":"wpyvr2x0sg8bvqbqwjl5gfib","title":"Group #15","blocks":[{"id":"kczuzyq58sx38atxpgtggoz5","type":"text","content":{"richText":[{"type":"p","children":[{"text":"Mas nós possuímos um treinamento onde te mostramos o exato passo a passo que fazemos para "},{"bold":true,"text":"gerar vendas"},{"text":" para nossos clientes todos os meses!"}]}]},"groupId":"wpyvr2x0sg8bvqbqwjl5gfib"},{"id":"t3zevec3o6hrp2a5lpbhgbyb","type":"text","content":{"richText":[{"type":"p","children":[{"text":"Nesse treinamento você irá aprender desde o básico até o avançado:"}]}]},"groupId":"wpyvr2x0sg8bvqbqwjl5gfib"},{"id":"lvjc8b9vta1vu5us5fym8w00","type":"text","content":{"richText":[{"type":"p","children":[{"text":"- Como criar anúncios que geram clientes"}]},{"type":"p","children":[{"text":"- Como configurar e otimizar os seus anúncios!"}]},{"type":"p","children":[{"text":"- E muito mais!"}]}]},"groupId":"wpyvr2x0sg8bvqbqwjl5gfib"},{"id":"q27gjloga8xejb61ms9rzcwl","type":"Wait","groupId":"wpyvr2x0sg8bvqbqwjl5gfib","options":{"secondsToWaitFor":"2"}},{"id":"bl632cu8yxrd26pwbxsbzbiz","type":"text","content":{"richText":[{"type":"p","children":[{"text":"E você consegue os seus primeiros resultados utilizando apenas 1 HORA por dia já na primeira semana!"}]}]},"groupId":"wpyvr2x0sg8bvqbqwjl5gfib","outgoingEdgeId":"k7px0tvci7kjiilaabms3f2l"}],"graphCoordinates":{"x":3611,"y":1151}},{"id":"l4tska0vu7qrbelwl1hgtnax","title":"Group #17","blocks":[{"id":"sa9tj5pwksmkvuhtl2wayvj0","type":"text","content":{"richText":[{"type":"p","children":[{"text":"Atualmente esse treinamento custa 12x de R$49,90."}]},{"type":"p","children":[{"text":""}]},{"type":"p","children":[{"text":"Caso você tenha interesse em vender mais através de anúncios online, para efetuar a compra, basta clicar no link abaixo:"}]},{"type":"p","children":[{"text":""}]},{"type":"p","children":[{"text":""},{"url":"https://pay.kiwify.com.br/3ugP07j","type":"a","children":[{"text":"https://pay.kiwify.com.br/3ugP07j"}]},{"text":""}]}]},"groupId":"l4tska0vu7qrbelwl1hgtnax"}],"graphCoordinates":{"x":4074,"y":1234}}],"variables":[{"id":"giiLFGw5xXBCHzvp1qAbdX","name":"Name"},{"id":"v3VFChNVSCXQ2rXv4DrJ8Ah","name":"Email"}],"edges":[{"id":"fbzlryca2dhqie29ydtzm2as","to":{"groupId":"zsu8dro695005v0494ppgo0n"},"from":{"blockId":"22HP69iipkLjJDTUcc1AWW","groupId":"r6nasn89ux8o8kl78kdi29mj"}},{"id":"f8hkzbvexrw9een23j81fd31","to":{"groupId":"w7clmz248awjhozr4jk53d0f"},"from":{"blockId":"sqEsMo747LTDnY9FjQcEwUv","groupId":"i54j49uthvpcp7p88otjx86c"}},{"id":"lne0r0pgr8c4rjleypnjklq0","to":{"groupId":"vxkzrowwwpm5s989ekkosuns"},"from":{"blockId":"snbsad18Bgry8yZ8DZCfdFD","groupId":"w7clmz248awjhozr4jk53d0f"}},{"id":"stghcsl4d97r9fyz49ts0v0e","to":{"blockId":"te15th26w3lx2cd3b1yu35uy","groupId":"mf6zucecti595t02fhp151c5"},"from":{"itemId":"v6jklj81dr6dtpfvf3elebmq","blockId":"n396g60tq9pge8wj9324hgf9","groupId":"y9ipwsn79cidgnz82jfum87j"}},{"id":"q4kf3ma8bagi63kl8fhtzrj3","to":{"blockId":"ymfp5ztxtalfyerz16ji0tb9","groupId":"mvttj9zitxb1j5x7fqlq2gx3"},"from":{"itemId":"bd1m1puup1k5z8zszt4garr9","blockId":"cfrwsxtbqgkltdk3wbalhq1y","groupId":"bol9es4qqd9amzxljmt44nrk"}},{"id":"hkzakzixjgz3gqov1sewkmd2","to":{"blockId":"ymfp5ztxtalfyerz16ji0tb9","groupId":"mvttj9zitxb1j5x7fqlq2gx3"},"from":{"itemId":"rfw2fgs0u6hx6x6ounkb0acm","blockId":"cfrwsxtbqgkltdk3wbalhq1y","groupId":"bol9es4qqd9amzxljmt44nrk"}},{"id":"xyq0y6wbl7yhajawpmdrks3x","to":{"blockId":"ymfp5ztxtalfyerz16ji0tb9","groupId":"mvttj9zitxb1j5x7fqlq2gx3"},"from":{"itemId":"b2jqnr7cnp21w67wynkmkj4h","blockId":"n396g60tq9pge8wj9324hgf9","groupId":"y9ipwsn79cidgnz82jfum87j"}},{"id":"dzbc3x3idi7o1n7gmu08rnc4","to":{"blockId":"d68tpq84ei3r0z023kzv90iv","groupId":"j7l2yird93cja0s45e4bt8tw"},"from":{"itemId":"wxzy2bgabvu3utt6anzxbk5l","blockId":"djxsnvn8wba7e5kksnfnutnv","groupId":"i9szlcfiyxsujqshbc9wv1k4"}},{"id":"ht4bck0qo4jdun60zorfl9gv","to":{"blockId":"d68tpq84ei3r0z023kzv90iv","groupId":"j7l2yird93cja0s45e4bt8tw"},"from":{"itemId":"y24cf3xixx3e44ikgmawkw0u","blockId":"djxsnvn8wba7e5kksnfnutnv","groupId":"i9szlcfiyxsujqshbc9wv1k4"}},{"id":"vfut6nd9la38pidqfqzalh9f","to":{"blockId":"d68tpq84ei3r0z023kzv90iv","groupId":"j7l2yird93cja0s45e4bt8tw"},"from":{"itemId":"vjwfidnsclpz6a3a7ctbgcju","blockId":"djxsnvn8wba7e5kksnfnutnv","groupId":"i9szlcfiyxsujqshbc9wv1k4"}},{"id":"nog5iokw2w6bm3mvfci8nkcd","to":{"blockId":"d68tpq84ei3r0z023kzv90iv","groupId":"j7l2yird93cja0s45e4bt8tw"},"from":{"itemId":"g0vfimk5lajufzut632jbaks","blockId":"djxsnvn8wba7e5kksnfnutnv","groupId":"i9szlcfiyxsujqshbc9wv1k4"}},{"id":"zeclxbxx76xi9yeau6s2k6r2","to":{"blockId":"d68tpq84ei3r0z023kzv90iv","groupId":"j7l2yird93cja0s45e4bt8tw"},"from":{"itemId":"yod0avoisooh24k3pc1y8ugc","blockId":"djxsnvn8wba7e5kksnfnutnv","groupId":"i9szlcfiyxsujqshbc9wv1k4"}},{"id":"q48yh9871qfr4pv9yud6m1uy","to":{"groupId":"i54j49uthvpcp7p88otjx86c"},"from":{"blockId":"s7YqZTBeyCa4Hp3wN2j922c","groupId":"zsu8dro695005v0494ppgo0n"}},{"id":"tq7rbyrpueba0mxjxs9pi9c7","to":{"groupId":"bll411q9xc87d0rys3je5gvi"},"from":{"itemId":"l8of3rwwh4q7gsi7ljof7cct","blockId":"m7xyty3u5jo1k9ewny9ssrhg","groupId":"j7l2yird93cja0s45e4bt8tw"}},{"id":"hrnn51a83em3dvbh6wrwotzw","to":{"groupId":"bll411q9xc87d0rys3je5gvi"},"from":{"itemId":"c7bvqjdizoqtz82ml2wcci0w","blockId":"m7xyty3u5jo1k9ewny9ssrhg","groupId":"j7l2yird93cja0s45e4bt8tw"}},{"id":"h9nozjh1u6u27l0jhv71kid5","to":{"groupId":"bll411q9xc87d0rys3je5gvi"},"from":{"itemId":"dslz7rqk2a72ukxq0cxklz6k","blockId":"m7xyty3u5jo1k9ewny9ssrhg","groupId":"j7l2yird93cja0s45e4bt8tw"}},{"id":"khgwzq80l3lvx224g21e1snx","to":{"groupId":"bll411q9xc87d0rys3je5gvi"},"from":{"itemId":"y933hmo3cek2z4akaj7ju042","blockId":"m7xyty3u5jo1k9ewny9ssrhg","groupId":"j7l2yird93cja0s45e4bt8tw"}},{"id":"z2d0ypr9wirawbbrvng6xc5d","to":{"blockId":"pt02xfw7o8rtte94erkng02o","groupId":"y9ipwsn79cidgnz82jfum87j"},"from":{"itemId":"yma43fxrr7phqoa7ughmoahk","blockId":"cfrwsxtbqgkltdk3wbalhq1y","groupId":"bol9es4qqd9amzxljmt44nrk"}},{"id":"dbsxweqainvl6j7quq0u0rm5","to":{"groupId":"sb4dswjgtfjm8utzdaunb1mx"},"from":{"blockId":"yi2t2omg1lhznjn3u6s32ut4","groupId":"vxkzrowwwpm5s989ekkosuns"}},{"id":"rw6viq5ujo0rdn5b3c1wj6r6","to":{"groupId":"y9ipwsn79cidgnz82jfum87j"},"from":{"itemId":"fbtzk65xcyyqtcqm1i2nh5z3","blockId":"cfrwsxtbqgkltdk3wbalhq1y","groupId":"bol9es4qqd9amzxljmt44nrk"}},{"id":"n5b9ndt3n50rc2b7poim11oy","to":{"groupId":"y9ipwsn79cidgnz82jfum87j"},"from":{"itemId":"npkgzn1agvecr7teany1ys1m","blockId":"cfrwsxtbqgkltdk3wbalhq1y","groupId":"bol9es4qqd9amzxljmt44nrk"}},{"id":"rm0d2shmdge41jl0soik2yer","to":{"groupId":"d8td1nlpmhc69palymdusd5l"},"from":{"blockId":"n7yv5jp0hw5z9gcpvt5xnnib","groupId":"mvttj9zitxb1j5x7fqlq2gx3"}},{"id":"bmnslckkud0b6dm47kqqou59","to":{"groupId":"i9szlcfiyxsujqshbc9wv1k4"},"from":{"blockId":"d9y06nfutz3vltb8wflzixka","groupId":"d8td1nlpmhc69palymdusd5l"}},{"id":"p2ywp3ufsx3xnlln1uz98wz4","to":{"groupId":"bol9es4qqd9amzxljmt44nrk"},"from":{"blockId":"udwllkgj1c7spe4fingoff2k","groupId":"sb4dswjgtfjm8utzdaunb1mx"}},{"id":"thbdgu4qzuwd2nccmsfcq42r","to":{"groupId":"wpyvr2x0sg8bvqbqwjl5gfib"},"from":{"blockId":"te15th26w3lx2cd3b1yu35uy","groupId":"mf6zucecti595t02fhp151c5"}},{"id":"k7px0tvci7kjiilaabms3f2l","to":{"groupId":"l4tska0vu7qrbelwl1hgtnax"},"from":{"blockId":"bl632cu8yxrd26pwbxsbzbiz","groupId":"wpyvr2x0sg8bvqbqwjl5gfib"}}],"theme":{"chat":{"inputs":{"color":"#303235","backgroundColor":"#FFFFFF","placeholderColor":"#9095A0"},"buttons":{"color":"#FFFFFF","backgroundColor":"#0042DA"},"hostAvatar":{"url":"https://lh3.googleusercontent.com/a/AAcHTtcy8o6mfIpgnBru0SnuGOM1ipSZN8uyB1vj8_JnyW6Lmgw=s96-c","isEnabled":true},"hostBubbles":{"color":"#303235","backgroundColor":"#F7F8FF"},"guestBubbles":{"color":"#FFFFFF","backgroundColor":"#FF8E21"}},"general":{"font":"Open Sans","background":{"type":"Color","content":"#ffffff"}}},"settings":{"general":{"isBrandingEnabled":true,"isInputPrefillEnabled":true,"isResultSavingEnabled":true,"isHideQueryParamsEnabled":true,"isNewResultOnRefreshEnabled":true},"metadata":{"description":"Build beautiful conversational forms and embed them directly in your applications without a line of code. Triple your response rate and collect answers that has more value compared to a traditional form.","customHeadCode":"<!-- Meta Pixel Code -->\n<script>\n!function(f,b,e,v,n,t,s)\n{if(f.fbq)return;n=f.fbq=function(){n.callMethod?\nn.callMethod.apply(n,arguments):n.queue.push(arguments)};\nif(!f._fbq)f._fbq=n;n.push=n;n.loaded=!0;n.version='2.0';\nn.queue=[];t=b.createElement(e);t.async=!0;\nt.src=v;s=b.getElementsByTagName(e)[0];\ns.parentNode.insertBefore(t,s)}(window, document,'script',\n'https://connect.facebook.net/en_US/fbevents.js');\nfbq('init', '1386476475458141');\nfbq('track', 'PageView');\n</script>\n<noscript><img height=\"1\" width=\"1\" style=\"display:none\"\nsrc=\"https://www.facebook.com/tr?id=1386476475458141&ev=PageView&noscript=1\"\n/></noscript>\n<!-- End Meta Pixel Code -->"},"typingEmulation":{"speed":300,"enabled":true,"maxDelay":1.5}}}