{"id":"clk0fpm2v008pmh0fn2jlzakt","version":"3","groups":[{"id":"hba3q36jr8fwndhzy750vy3m","title":"Start","blocks":[{"id":"j0qkc2y4t47zu5pxgh7sm1pu","type":"start","label":"Start","groupId":"hba3q36jr8fwndhzy750vy3m","outgoingEdgeId":"ik5711j7diqq3nuhn61yzn4p"}],"graphCoordinates":{"x":-75.17,"y":-26.2}},{"id":"itycidzx3e48aozzashqnqup","title":"Group #1","blocks":[{"id":"juiv5fojt34zuyj2muzdr5bu","type":"text","content":{"richText":[{"type":"p","children":[{"text":"Bem vindo ao processo de aplicação para a sua sessão estratégica, onde nós vamos desenhar seu "},{"bold":true,"text":"MÉTODO SEC MARKETING"},{"text":" para atrair somente clientes qualificados para o sua empresa de Segurança Eletrônica."}]}]},"groupId":"itycidzx3e48aozzashqnqup"},{"id":"i0p1af6hjyctxas3wj5wefwe","type":"text","content":{"richText":[{"type":"p","children":[{"text":"Esta é uma sessão gratuita exclusiva para "},{"bold":true,"text":"DONOS DE EMPRESAS DE SEGURANÇA ELETRÔNICA"},{"text":". Aplique apenas se for o seu caso."}]}]},"groupId":"itycidzx3e48aozzashqnqup"},{"id":"ey95168k3r721371ygxm68m1","type":"text","content":{"richText":[{"type":"p","children":[{"bold":true,"text":"IMPORTANTE"},{"text":" : A aplicação através desse formulário não garante sua vaga. Vou analisar cuidadosamente as aplicações e aceitar a apenas quem tem capacidade máxima de tirar valor dessa sessão estratégica gratuita."}]}]},"groupId":"itycidzx3e48aozzashqnqup","outgoingEdgeId":"p8mq5tbmgk8a8ubgmhg80z00"}],"graphCoordinates":{"x":319.52,"y":143.06}},{"id":"rljdrdcvdhgmrhgtdfv7d8kz","title":"Group #2","blocks":[{"id":"kkeu36c6yjc898rfs75ypg0m","type":"choice input","items":[{"id":"pxr2t2uqp3htduv6j21vj9ma","type":0,"blockId":"kkeu36c6yjc898rfs75ypg0m","content":"Vamos lá","outgoingEdgeId":"p1g4emm9qyay19athk8wpzxm"}],"groupId":"rljdrdcvdhgmrhgtdfv7d8kz","options":{"buttonLabel":"Send","isSearchable":false,"isMultipleChoice":false,"searchInputPlaceholder":"Filter the options..."}}],"graphCoordinates":{"x":738.13,"y":248.09}},{"id":"wfjzlzn2jemdshjpayip6lfc","title":"Group #3","blocks":[{"id":"z4inhrifulms8j9cln521ptz","type":"text","content":{"richText":[{"type":"p","children":[{"text":"Qual o seu nome?"}]}]},"groupId":"wfjzlzn2jemdshjpayip6lfc","outgoingEdgeId":"cem7uibxfe94xls408gy53jm"}],"graphCoordinates":{"x":1145.34,"y":381.07}},{"id":"fovr6mognmt60mbtyx2tj8p2","title":"Group #4","blocks":[{"id":"o9rodxz3xz20ii65lh4h4xub","type":"text input","groupId":"fovr6mognmt60mbtyx2tj8p2","options":{"isLong":false,"labels":{"button":"Enviar","placeholder":""},"variableId":"vs0jpq16lprngn9623c0uxeb9"},"outgoingEdgeId":"m3vo5v7q79ptor0mvzzpmjvv"}],"graphCoordinates":{"x":1545.32,"y":464.15}},{"id":"yqu12y8mnmpcr3txfyvi7bly","title":"Group #5","blocks":[{"id":"dgvrkibqa9zcjhj7yyat9vz0","type":"text","content":{"richText":[{"type":"p","children":[{"text":"Qual seu melhor e-mail?"}]}]},"groupId":"yqu12y8mnmpcr3txfyvi7bly","outgoingEdgeId":"j70ru0rz8eq7f9iyuu250bfw"}],"graphCoordinates":{"x":1913.04,"y":621}},{"id":"b7tbgt7wf3echwopoad9u4wd","title":"Group #6","blocks":[{"id":"bvf9zkroe2we6fg9fclw5nta","type":"email input","groupId":"b7tbgt7wf3echwopoad9u4wd","options":{"labels":{"button":"Send","placeholder":""},"variableId":"vzreuu4yt0dmfinvf3idgjx4t","retryMessageContent":""},"outgoingEdgeId":"aeeu3i6ix19liucyvqb6d42w"}],"graphCoordinates":{"x":2238.5,"y":822.61}},{"id":"rfy9brrzdd27p82vn5947a72","title":"Group #8","blocks":[{"id":"wttx5h8u7jrxr6q45ymqosh4","type":"text","content":{"richText":[{"type":"p","children":[{"text":"Importante, para que eu consiga entrar em contato pra te avisar sobre sua aprovação.  Qual seu melhor contato?"}]}]},"groupId":"rfy9brrzdd27p82vn5947a72","outgoingEdgeId":"ik50cfpdkp709kuqw1jjyr4x"}],"graphCoordinates":{"x":2598.49,"y":990.46}},{"id":"pt6db9my906ceuplcihzo55s","title":"Group #8","blocks":[{"id":"n8ruajb3ue39dgf8zpfmiv37","type":"text","content":{"richText":[{"type":"p","children":[{"text":"Essa consultoria gratuita é exclusiva p/ donos de negócios, você é o dono?"}]}]},"groupId":"pt6db9my906ceuplcihzo55s","outgoingEdgeId":"kan1x64np37xj3290f5wlsin"}],"graphCoordinates":{"x":1427.72,"y":888.11}},{"id":"f2g96lki52te4rxww02p3c9c","title":"Group #9","blocks":[{"id":"vaytfe34hjgb2ioraf1erteu","type":"choice input","items":[{"id":"wyzkbis3xs7hz7e99hcx39ci","type":0,"blockId":"vaytfe34hjgb2ioraf1erteu","content":"Sim, ou o(a) Dono(a) da empresa .","outgoingEdgeId":"eeph8mx1bojano9q12op87jr"},{"id":"zesdhokvdvfv4ti3umf9oilc","type":0,"blockId":"vaytfe34hjgb2ioraf1erteu","content":"Não, não sou o(a) Dono(a) da empresa .","outgoingEdgeId":"g6vlkivoodplh1czgn4tnbq5"}],"groupId":"f2g96lki52te4rxww02p3c9c","options":{"buttonLabel":"Send","isSearchable":false,"isMultipleChoice":false,"searchInputPlaceholder":"Filter the options..."}}],"graphCoordinates":{"x":1836.99,"y":950.36}},{"id":"eij2ihxprir4ckxd9ghhexy1","title":"Group #10","blocks":[{"id":"tbluyu3zmobyz1e4hi7albzc","type":"phone number input","groupId":"eij2ihxprir4ckxd9ghhexy1","options":{"labels":{"button":"","placeholder":""},"variableId":"vggkdeeptkboreb2ekr7rhy04","defaultCountryCode":"BR","retryMessageContent":""},"outgoingEdgeId":"b5z3vx0l2kqgpmvqhmc5bvgg"}],"graphCoordinates":{"x":3044.11,"y":1047.44}},{"id":"thsxpusjdkbabboi1r1o1iej","title":"Group #12","blocks":[{"id":"p3gd0sxds0wnrq500plqs51k","type":"text","content":{"richText":[{"type":"p","children":[{"text":"{{Nome}} , este {{Telefone}} está correto? ("},{"bold":true,"text":"Um número errado pode fazer você perder sua vaga!"},{"text":" )"}]}]},"groupId":"thsxpusjdkbabboi1r1o1iej","outgoingEdgeId":"b3qk3199ftv4fo2i52e81fa9"}],"graphCoordinates":{"x":3083.34,"y":1262.62}},{"id":"vx6n4cbcgm0z9nlr0luat5q3","title":"Group #12","blocks":[{"id":"qg48crpzkf5wk668162bnfeg","type":"choice input","items":[{"id":"uh2pe6winhk6ctxzhih8ls5d","type":0,"blockId":"qg48crpzkf5wk668162bnfeg","content":"Sim","outgoingEdgeId":"sk7hmte29e565q3ve4zd5k9m"},{"id":"yx4cz8oqb6oslbuzjo98d6ev","type":0,"blockId":"qg48crpzkf5wk668162bnfeg","content":"Não","outgoingEdgeId":"qywaf33piswuzx4so5h3ara0"}],"groupId":"vx6n4cbcgm0z9nlr0luat5q3","options":{"buttonLabel":"Send","isSearchable":false,"isMultipleChoice":false,"searchInputPlaceholder":"Filter the options..."}}],"graphCoordinates":{"x":3419.09,"y":1405.22}},{"id":"rwk8u0dhcohvk0cwzztd3c2w","title":"Group #13","blocks":[{"id":"uwn8qvtoksip7jijdn4nudjg","type":"text","content":{"richText":[{"type":"p","children":[{"text":"Maravilha, qual é o @ do seu Instagram"}]}]},"groupId":"rwk8u0dhcohvk0cwzztd3c2w","outgoingEdgeId":"te44l7e6dw4at6tnywail234"}],"graphCoordinates":{"x":3685.12,"y":1144.24}},{"id":"i47vjx2krgvgadbbix9z600w","title":"Group #14","blocks":[{"id":"qwxvng9j57ad8q81rfbcj6qf","type":"text input","groupId":"i47vjx2krgvgadbbix9z600w","options":{"isLong":false,"labels":{"button":"Send","placeholder":"Type your answer..."},"variableId":"vvqjg4mf0phqzsw6d4ngv0sw9"},"outgoingEdgeId":"z9etrm9rh9q521ry4j2qx571"}],"graphCoordinates":{"x":4044.45,"y":1240.23}},{"id":"ec0v1uos9wngeieg1jfyu4cg","title":"Group #16","blocks":[{"id":"ermfuiz8kmbhgwwjuhhs9v2j","type":"text","content":{"richText":[{"type":"p","children":[{"text":"Até aqui tudo ótimo {{Nome}}... Para eu entender melhor sobre sua empresa me diz quais são os principais desafios hoje na sua empresa?"}]}]},"groupId":"ec0v1uos9wngeieg1jfyu4cg","outgoingEdgeId":"vc04bt45gqdybo1qxroa75bs"}],"graphCoordinates":{"x":4416.88,"y":1336.28}},{"id":"u70hsom6dtgv52pgjuay703w","title":"Group #16","blocks":[{"id":"qgswxpn9zkhr3prv23gnnlm3","type":"text input","groupId":"u70hsom6dtgv52pgjuay703w","options":{"isLong":false,"labels":{"button":"Send","placeholder":"Type your answer..."}},"outgoingEdgeId":"ojat9q1h9un2kg4ciy23rogs"}],"graphCoordinates":{"x":4744.54,"y":1511.63}},{"id":"tzjwdwg65u5b3ls2ae6663l1","title":"Group #18","blocks":[{"id":"ywykzp6o7bai5e8ae6fd93lr","type":"text","content":{"richText":[{"type":"p","children":[{"text":" {{Nome}} ,qual é a média de faturamento MENSAL da sua empresa?"}]}]},"groupId":"tzjwdwg65u5b3ls2ae6663l1","outgoingEdgeId":"qitvjp5l6o2bul2mdpadew9i"}],"graphCoordinates":{"x":5137.06,"y":1652.34}},{"id":"h3pnrqnnodvmzonqzk1vivx7","title":"Group #18","blocks":[{"id":"hbwaxnuegtn6ksyebfohy51m","type":"choice input","items":[{"id":"ylxgmqdacy4rb55ncm5n9rde","type":0,"blockId":"hbwaxnuegtn6ksyebfohy51m","content":"Até 10 mil","outgoingEdgeId":"gw4jg92318na887j94uzuwhv"},{"id":"iegpuvomyry5afttlfcc7lmd","type":0,"blockId":"hbwaxnuegtn6ksyebfohy51m","content":"Até 20 mil","outgoingEdgeId":"d4hdhz95d2ftyorhr56piapq"},{"id":"pp7mkao5juy6ilexukl2kbbg","type":0,"blockId":"hbwaxnuegtn6ksyebfohy51m","content":"De 21 mil a 30 mil","outgoingEdgeId":"f8dbk280afiimg3c03xhx4yo"},{"id":"bhgymdy5bi3fon7k0yq98kod","type":0,"blockId":"hbwaxnuegtn6ksyebfohy51m","content":"De 31 mil a 50 mil","outgoingEdgeId":"jgn7s08gscs2o8bvg0qvw1mf"},{"id":"ujsih6g5mzt7ljgweltn9567","type":0,"blockId":"hbwaxnuegtn6ksyebfohy51m","content":"De 51 mil a 100 mil","outgoingEdgeId":"q1vm5tg6kynwh5d0vzyjqy2d"},{"id":"pa06c55iojvnjxdi7kogx8h7","type":0,"blockId":"hbwaxnuegtn6ksyebfohy51m","content":"De 101 mil a 300 mil","outgoingEdgeId":"o84pvm1ay1497u62h0n7grie"},{"id":"e6cs6hpnarp2e9psmmpl275y","type":0,"blockId":"hbwaxnuegtn6ksyebfohy51m","content":"De 301 mil a 600 mil","outgoingEdgeId":"s9teno2nyi07zv8sb6tz7ada"},{"id":"yjyww90tcl80uu1dhdfcfli1","type":0,"blockId":"hbwaxnuegtn6ksyebfohy51m","content":"+ 600 mil","outgoingEdgeId":"a2huh4xq4678rq20omhhr5rm"}],"groupId":"h3pnrqnnodvmzonqzk1vivx7","options":{"buttonLabel":"Send","isSearchable":false,"isMultipleChoice":false,"searchInputPlaceholder":"Filter the options..."}}],"graphCoordinates":{"x":5531.23,"y":1801.9}},{"id":"of5yelq5vxvlzn06wvecnoqu","title":"Group #19","blocks":[{"id":"om0k427mowvmizbx7ncnb7m5","type":"text","content":{"richText":[{"type":"p","children":[{"text":"Vish.... foi mal :/"}]}]},"groupId":"of5yelq5vxvlzn06wvecnoqu"},{"id":"feqr4wj21utzx9w9qhuwd84h","type":"text","content":{"richText":[{"type":"p","children":[{"text":"Infelizmente não consigo te ajudar hoje. A minha metodologia só faz sentido para quem já é Dono (a) de Empresa."}]}]},"groupId":"of5yelq5vxvlzn06wvecnoqu"}],"graphCoordinates":{"x":1990.74,"y":1378.42}},{"id":"lclmoktzv9vtzb1y1r0t0sut","title":"Group #20","blocks":[{"id":"lww5rnwelo2bju5plkj0wvcc","type":"text","content":{"richText":[{"type":"p","children":[{"text":"Se você tivesse acesso a estratégia perfeita para aumentar as suas vendas,quanto estaria disposto a investir por mês?"}]}]},"groupId":"lclmoktzv9vtzb1y1r0t0sut","outgoingEdgeId":"b6wbpsg7ki28bmvoqb4rfrli"}],"graphCoordinates":{"x":6042.66,"y":2074.86}},{"id":"edsnlzkf58wqai28kqzbjuxs","title":"Group #21","blocks":[{"id":"cmp149iuw5wk7oeveyqdgnrh","type":"choice input","items":[{"id":"n4bmbs3qu3d4j39ihqpiuqc8","type":0,"blockId":"cmp149iuw5wk7oeveyqdgnrh","content":"Não estou disposto a investir nada","outgoingEdgeId":"wktw4de6mev6ypzkjl9uqtf0"},{"id":"zqo469x309ut9tqq1iagv7tj","type":0,"blockId":"cmp149iuw5wk7oeveyqdgnrh","content":"de R$500,00 a R$1.000,00","outgoingEdgeId":"mjm7lxh4x5e393okcbpjm3g6"},{"id":"oolk0d117h4zone4rffh5ctt","type":0,"blockId":"cmp149iuw5wk7oeveyqdgnrh","content":"de R$1.100,00 a R$3.000,00","outgoingEdgeId":"k5tpo5cyvr7gmmzf60npgpqn"},{"id":"cpcemi0j1d5ut9bnzg1r8s5b","type":0,"blockId":"cmp149iuw5wk7oeveyqdgnrh","content":"de R$3.100,00 a R$6.000,00","outgoingEdgeId":"nxjydzs8yqrgaxr4lafxqsc6"},{"id":"a2ffim3eq7sq7plh8zgyodyf","type":0,"blockId":"cmp149iuw5wk7oeveyqdgnrh","content":"de R$6.100,00 a R$10.000,00","outgoingEdgeId":"iznefu0tws2fbcyls5mox27n"},{"id":"dsbi0y580br7kt2lcuh07pnz","type":0,"blockId":"cmp149iuw5wk7oeveyqdgnrh","content":"Acima de R$10.000,00","outgoingEdgeId":"fgy7vdh7ku3qauj55tm7v7xv"}],"groupId":"edsnlzkf58wqai28kqzbjuxs","options":{"buttonLabel":"Send","isSearchable":false,"isMultipleChoice":false,"searchInputPlaceholder":"Filter the options..."}}],"graphCoordinates":{"x":6426.02,"y":2303.76}},{"id":"aybb853ause1019o9vbn2p15","title":"Group #22","blocks":[{"id":"tm3iaqrhh3jz58aa7p6z9xpj","type":"text","content":{"richText":[{"type":"p","children":[{"text":"{{Nome}} , qual dessas opções se enquadra no seu momento atual?"}]}]},"groupId":"aybb853ause1019o9vbn2p15","outgoingEdgeId":"wb1wjkbg0jfvl1ub15ts5p4j"}],"graphCoordinates":{"x":6927.93,"y":2501.67}},{"id":"pm6ve7v9a65jisbpy6x6dz7r","title":"Group #23","blocks":[{"id":"s4l90r7hzyncr1f2zbjw9j5t","type":"choice input","items":[{"id":"cdvf9693txg4hb839v83dc7k","type":0,"blockId":"s4l90r7hzyncr1f2zbjw9j5t","content":"Ouvi falar que Marketing Digital é bom para minha empresa","outgoingEdgeId":"spmwhkyq4j6v5i7phsbg42c4"},{"id":"fexad2nq67j6cpptuc0pceaa","type":0,"blockId":"s4l90r7hzyncr1f2zbjw9j5t","content":"Ouvi falar que Marketing Digital é bom para minha empresa mas preciso saber mais.","outgoingEdgeId":"b2pnefq07qlsmlruutmwyzbh"},{"id":"aooy6dkuvlv2wlz6vvxhnptn","type":0,"blockId":"s4l90r7hzyncr1f2zbjw9j5t","content":"Estou escolhendo uma agência de Marketing digital para contratar.","outgoingEdgeId":"xxmhnnvlxsm3kptnq2j8jrgh"},{"id":"txivapmlv4ge8yy7fyztb5mi","type":0,"blockId":"s4l90r7hzyncr1f2zbjw9j5t","content":"Não estou satisfeito com a agência atual e procuro outra para melhorar resultados.","outgoingEdgeId":"tx35hp1677bpnwjzf3j4orc6"}],"groupId":"pm6ve7v9a65jisbpy6x6dz7r","options":{"buttonLabel":"Send","isSearchable":false,"isMultipleChoice":false,"searchInputPlaceholder":"Filter the options..."}}],"graphCoordinates":{"x":7357.76,"y":2667.32}},{"id":"n6js0qh6heab2wquem7vao9o","title":"Group #24","blocks":[{"id":"g29v8i8f82bwo7b6mlcn0039","type":"text","content":{"richText":[{"type":"p","children":[{"text":"Muito Obrigado!!"}]}]},"groupId":"n6js0qh6heab2wquem7vao9o"},{"id":"emtvotkj7d2fcgcbflcr78lf","type":"text","content":{"richText":[{"type":"p","children":[{"text":"Em breve entraremos em contato !"}]}]},"groupId":"n6js0qh6heab2wquem7vao9o"}],"graphCoordinates":{"x":7844.66,"y":2996.33}}],"variables":[{"id":"vs0jpq16lprngn9623c0uxeb9","name":"Nome"},{"id":"vzreuu4yt0dmfinvf3idgjx4t","name":"e-mail"},{"id":"vggkdeeptkboreb2ekr7rhy04","name":"Telefone"},{"id":"vvqjg4mf0phqzsw6d4ngv0sw9","name":"Instagram"}],"edges":[{"id":"ik5711j7diqq3nuhn61yzn4p","to":{"groupId":"itycidzx3e48aozzashqnqup"},"from":{"blockId":"j0qkc2y4t47zu5pxgh7sm1pu","groupId":"hba3q36jr8fwndhzy750vy3m"}},{"id":"p1g4emm9qyay19athk8wpzxm","to":{"groupId":"wfjzlzn2jemdshjpayip6lfc"},"from":{"itemId":"pxr2t2uqp3htduv6j21vj9ma","blockId":"kkeu36c6yjc898rfs75ypg0m","groupId":"rljdrdcvdhgmrhgtdfv7d8kz"}},{"id":"cem7uibxfe94xls408gy53jm","to":{"blockId":"o9rodxz3xz20ii65lh4h4xub","groupId":"fovr6mognmt60mbtyx2tj8p2"},"from":{"blockId":"z4inhrifulms8j9cln521ptz","groupId":"wfjzlzn2jemdshjpayip6lfc"}},{"id":"p8mq5tbmgk8a8ubgmhg80z00","to":{"groupId":"rljdrdcvdhgmrhgtdfv7d8kz"},"from":{"blockId":"ey95168k3r721371ygxm68m1","groupId":"itycidzx3e48aozzashqnqup"}},{"id":"j70ru0rz8eq7f9iyuu250bfw","to":{"groupId":"b7tbgt7wf3echwopoad9u4wd"},"from":{"blockId":"dgvrkibqa9zcjhj7yyat9vz0","groupId":"yqu12y8mnmpcr3txfyvi7bly"}},{"id":"aeeu3i6ix19liucyvqb6d42w","to":{"blockId":"wttx5h8u7jrxr6q45ymqosh4","groupId":"rfy9brrzdd27p82vn5947a72"},"from":{"blockId":"bvf9zkroe2we6fg9fclw5nta","groupId":"b7tbgt7wf3echwopoad9u4wd"}},{"id":"m3vo5v7q79ptor0mvzzpmjvv","to":{"groupId":"pt6db9my906ceuplcihzo55s"},"from":{"blockId":"o9rodxz3xz20ii65lh4h4xub","groupId":"fovr6mognmt60mbtyx2tj8p2"}},{"id":"kan1x64np37xj3290f5wlsin","to":{"groupId":"f2g96lki52te4rxww02p3c9c"},"from":{"blockId":"n8ruajb3ue39dgf8zpfmiv37","groupId":"pt6db9my906ceuplcihzo55s"}},{"id":"eeph8mx1bojano9q12op87jr","to":{"groupId":"yqu12y8mnmpcr3txfyvi7bly"},"from":{"itemId":"wyzkbis3xs7hz7e99hcx39ci","blockId":"vaytfe34hjgb2ioraf1erteu","groupId":"f2g96lki52te4rxww02p3c9c"}},{"id":"ik50cfpdkp709kuqw1jjyr4x","to":{"groupId":"eij2ihxprir4ckxd9ghhexy1"},"from":{"blockId":"wttx5h8u7jrxr6q45ymqosh4","groupId":"rfy9brrzdd27p82vn5947a72"}},{"id":"b5z3vx0l2kqgpmvqhmc5bvgg","to":{"groupId":"thsxpusjdkbabboi1r1o1iej"},"from":{"blockId":"tbluyu3zmobyz1e4hi7albzc","groupId":"eij2ihxprir4ckxd9ghhexy1"}},{"id":"b3qk3199ftv4fo2i52e81fa9","to":{"groupId":"vx6n4cbcgm0z9nlr0luat5q3"},"from":{"blockId":"p3gd0sxds0wnrq500plqs51k","groupId":"thsxpusjdkbabboi1r1o1iej"}},{"id":"sk7hmte29e565q3ve4zd5k9m","to":{"groupId":"rwk8u0dhcohvk0cwzztd3c2w"},"from":{"itemId":"uh2pe6winhk6ctxzhih8ls5d","blockId":"qg48crpzkf5wk668162bnfeg","groupId":"vx6n4cbcgm0z9nlr0luat5q3"}},{"id":"qywaf33piswuzx4so5h3ara0","to":{"blockId":"tbluyu3zmobyz1e4hi7albzc","groupId":"eij2ihxprir4ckxd9ghhexy1"},"from":{"itemId":"yx4cz8oqb6oslbuzjo98d6ev","blockId":"qg48crpzkf5wk668162bnfeg","groupId":"vx6n4cbcgm0z9nlr0luat5q3"}},{"id":"te44l7e6dw4at6tnywail234","to":{"groupId":"i47vjx2krgvgadbbix9z600w"},"from":{"blockId":"uwn8qvtoksip7jijdn4nudjg","groupId":"rwk8u0dhcohvk0cwzztd3c2w"}},{"id":"z9etrm9rh9q521ry4j2qx571","to":{"groupId":"ec0v1uos9wngeieg1jfyu4cg"},"from":{"blockId":"qwxvng9j57ad8q81rfbcj6qf","groupId":"i47vjx2krgvgadbbix9z600w"}},{"id":"vc04bt45gqdybo1qxroa75bs","to":{"groupId":"u70hsom6dtgv52pgjuay703w"},"from":{"blockId":"ermfuiz8kmbhgwwjuhhs9v2j","groupId":"ec0v1uos9wngeieg1jfyu4cg"}},{"id":"ojat9q1h9un2kg4ciy23rogs","to":{"groupId":"tzjwdwg65u5b3ls2ae6663l1"},"from":{"blockId":"qgswxpn9zkhr3prv23gnnlm3","groupId":"u70hsom6dtgv52pgjuay703w"}},{"id":"qitvjp5l6o2bul2mdpadew9i","to":{"groupId":"h3pnrqnnodvmzonqzk1vivx7"},"from":{"blockId":"ywykzp6o7bai5e8ae6fd93lr","groupId":"tzjwdwg65u5b3ls2ae6663l1"}},{"id":"g6vlkivoodplh1czgn4tnbq5","to":{"groupId":"of5yelq5vxvlzn06wvecnoqu"},"from":{"itemId":"zesdhokvdvfv4ti3umf9oilc","blockId":"vaytfe34hjgb2ioraf1erteu","groupId":"f2g96lki52te4rxww02p3c9c"}},{"id":"gw4jg92318na887j94uzuwhv","to":{"groupId":"lclmoktzv9vtzb1y1r0t0sut"},"from":{"itemId":"ylxgmqdacy4rb55ncm5n9rde","blockId":"hbwaxnuegtn6ksyebfohy51m","groupId":"h3pnrqnnodvmzonqzk1vivx7"}},{"id":"d4hdhz95d2ftyorhr56piapq","to":{"groupId":"lclmoktzv9vtzb1y1r0t0sut"},"from":{"itemId":"iegpuvomyry5afttlfcc7lmd","blockId":"hbwaxnuegtn6ksyebfohy51m","groupId":"h3pnrqnnodvmzonqzk1vivx7"}},{"id":"f8dbk280afiimg3c03xhx4yo","to":{"groupId":"lclmoktzv9vtzb1y1r0t0sut"},"from":{"itemId":"pp7mkao5juy6ilexukl2kbbg","blockId":"hbwaxnuegtn6ksyebfohy51m","groupId":"h3pnrqnnodvmzonqzk1vivx7"}},{"id":"jgn7s08gscs2o8bvg0qvw1mf","to":{"groupId":"lclmoktzv9vtzb1y1r0t0sut"},"from":{"itemId":"bhgymdy5bi3fon7k0yq98kod","blockId":"hbwaxnuegtn6ksyebfohy51m","groupId":"h3pnrqnnodvmzonqzk1vivx7"}},{"id":"q1vm5tg6kynwh5d0vzyjqy2d","to":{"groupId":"lclmoktzv9vtzb1y1r0t0sut"},"from":{"itemId":"ujsih6g5mzt7ljgweltn9567","blockId":"hbwaxnuegtn6ksyebfohy51m","groupId":"h3pnrqnnodvmzonqzk1vivx7"}},{"id":"o84pvm1ay1497u62h0n7grie","to":{"groupId":"lclmoktzv9vtzb1y1r0t0sut"},"from":{"itemId":"pa06c55iojvnjxdi7kogx8h7","blockId":"hbwaxnuegtn6ksyebfohy51m","groupId":"h3pnrqnnodvmzonqzk1vivx7"}},{"id":"s9teno2nyi07zv8sb6tz7ada","to":{"groupId":"lclmoktzv9vtzb1y1r0t0sut"},"from":{"itemId":"e6cs6hpnarp2e9psmmpl275y","blockId":"hbwaxnuegtn6ksyebfohy51m","groupId":"h3pnrqnnodvmzonqzk1vivx7"}},{"id":"a2huh4xq4678rq20omhhr5rm","to":{"groupId":"lclmoktzv9vtzb1y1r0t0sut"},"from":{"itemId":"yjyww90tcl80uu1dhdfcfli1","blockId":"hbwaxnuegtn6ksyebfohy51m","groupId":"h3pnrqnnodvmzonqzk1vivx7"}},{"id":"b6wbpsg7ki28bmvoqb4rfrli","to":{"groupId":"edsnlzkf58wqai28kqzbjuxs"},"from":{"blockId":"lww5rnwelo2bju5plkj0wvcc","groupId":"lclmoktzv9vtzb1y1r0t0sut"}},{"id":"wktw4de6mev6ypzkjl9uqtf0","to":{"groupId":"aybb853ause1019o9vbn2p15"},"from":{"itemId":"n4bmbs3qu3d4j39ihqpiuqc8","blockId":"cmp149iuw5wk7oeveyqdgnrh","groupId":"edsnlzkf58wqai28kqzbjuxs"}},{"id":"mjm7lxh4x5e393okcbpjm3g6","to":{"blockId":"tm3iaqrhh3jz58aa7p6z9xpj","groupId":"aybb853ause1019o9vbn2p15"},"from":{"itemId":"zqo469x309ut9tqq1iagv7tj","blockId":"cmp149iuw5wk7oeveyqdgnrh","groupId":"edsnlzkf58wqai28kqzbjuxs"}},{"id":"k5tpo5cyvr7gmmzf60npgpqn","to":{"blockId":"tm3iaqrhh3jz58aa7p6z9xpj","groupId":"aybb853ause1019o9vbn2p15"},"from":{"itemId":"oolk0d117h4zone4rffh5ctt","blockId":"cmp149iuw5wk7oeveyqdgnrh","groupId":"edsnlzkf58wqai28kqzbjuxs"}},{"id":"nxjydzs8yqrgaxr4lafxqsc6","to":{"blockId":"tm3iaqrhh3jz58aa7p6z9xpj","groupId":"aybb853ause1019o9vbn2p15"},"from":{"itemId":"cpcemi0j1d5ut9bnzg1r8s5b","blockId":"cmp149iuw5wk7oeveyqdgnrh","groupId":"edsnlzkf58wqai28kqzbjuxs"}},{"id":"iznefu0tws2fbcyls5mox27n","to":{"groupId":"aybb853ause1019o9vbn2p15"},"from":{"itemId":"a2ffim3eq7sq7plh8zgyodyf","blockId":"cmp149iuw5wk7oeveyqdgnrh","groupId":"edsnlzkf58wqai28kqzbjuxs"}},{"id":"fgy7vdh7ku3qauj55tm7v7xv","to":{"groupId":"aybb853ause1019o9vbn2p15"},"from":{"itemId":"dsbi0y580br7kt2lcuh07pnz","blockId":"cmp149iuw5wk7oeveyqdgnrh","groupId":"edsnlzkf58wqai28kqzbjuxs"}},{"id":"wb1wjkbg0jfvl1ub15ts5p4j","to":{"groupId":"pm6ve7v9a65jisbpy6x6dz7r"},"from":{"blockId":"tm3iaqrhh3jz58aa7p6z9xpj","groupId":"aybb853ause1019o9vbn2p15"}},{"id":"spmwhkyq4j6v5i7phsbg42c4","to":{"groupId":"n6js0qh6heab2wquem7vao9o"},"from":{"itemId":"cdvf9693txg4hb839v83dc7k","blockId":"s4l90r7hzyncr1f2zbjw9j5t","groupId":"pm6ve7v9a65jisbpy6x6dz7r"}},{"id":"b2pnefq07qlsmlruutmwyzbh","to":{"groupId":"n6js0qh6heab2wquem7vao9o"},"from":{"itemId":"fexad2nq67j6cpptuc0pceaa","blockId":"s4l90r7hzyncr1f2zbjw9j5t","groupId":"pm6ve7v9a65jisbpy6x6dz7r"}},{"id":"xxmhnnvlxsm3kptnq2j8jrgh","to":{"groupId":"n6js0qh6heab2wquem7vao9o"},"from":{"itemId":"aooy6dkuvlv2wlz6vvxhnptn","blockId":"s4l90r7hzyncr1f2zbjw9j5t","groupId":"pm6ve7v9a65jisbpy6x6dz7r"}},{"id":"tx35hp1677bpnwjzf3j4orc6","to":{"groupId":"n6js0qh6heab2wquem7vao9o"},"from":{"itemId":"txivapmlv4ge8yy7fyztb5mi","blockId":"s4l90r7hzyncr1f2zbjw9j5t","groupId":"pm6ve7v9a65jisbpy6x6dz7r"}}],"theme":{"chat":{"inputs":{"color":"#303235","backgroundColor":"#FFFFFF","placeholderColor":"#9095A0"},"buttons":{"color":"#FFFFFF","backgroundColor":"#0042DA"},"hostAvatar":{"url":"https://s3.fr-par.scw.cloud/typebot/public/typebots/clk0ce0ot0026ju0fnffxrvy2/hostAvatar?v=1689209377165","isEnabled":true},"hostBubbles":{"color":"#303235","backgroundColor":"#F7F8FF"},"guestBubbles":{"color":"#FFFFFF","backgroundColor":"#FF8E21"}},"general":{"font":"Open Sans","background":{"type":"Color","content":"#ffffff"}}},"settings":{"general":{"rememberUser":{"isEnabled":false},"isBrandingEnabled":true,"isInputPrefillEnabled":true,"isHideQueryParamsEnabled":true},"metadata":{"description":"Build beautiful conversational forms and embed them directly in your applications without a line of code. Triple your response rate and collect answers that has more value compared to a traditional form."},"typingEmulation":{"speed":300,"enabled":true,"maxDelay":1.5}}}