{"id":"clk2md85q00cmms0fpwmau872","version":"3","groups":[{"id":"imo902g9xa1qst87bs1yy0yx","title":"Start","blocks":[{"id":"clbk0lonb000908l701ns28kv","type":"start","label":"Start","groupId":"imo902g9xa1qst87bs1yy0yx","outgoingEdgeId":"kofjw3b182774ku9oi3ztn3v"}],"graphCoordinates":{"x":0.86,"y":93.66}},{"id":"pcrp7s19bj4qtexc5c74qbfr","title":"Apresentação","blocks":[{"id":"clbk0mq9q000l356emf2f36fj","type":"text","content":{"richText":[{"type":"p","children":[{"text":"Bem vindo(a) Dono(a) de Clínica Odontológica!"}]},{"type":"p","children":[{"text":""}]},{"type":"p","children":[{"text":"Você está prestes a acessar de forma personalizada uma "},{"bold":true,"text":"metodologia pouco conhecida no mercado."}]}]},"groupId":"pcrp7s19bj4qtexc5c74qbfr"},{"id":"clbk0upxx000n356eg6kkhmzn","type":"text","content":{"richText":[{"type":"p","children":[{"text":"Aqui você poderá fazer a sua aplicação para uma consultoria "},{"bold":true,"text":"gratuita"},{"text":", onde você irá descobrir como "},{"bold":true,"text":"fechar procedimentos de alto valor todos os dias para a sua Clínica Odontológica, "},{"text":"utilizando a "},{"bold":true,"text":"Máquina Automática de Pacientes."}]}]},"groupId":"pcrp7s19bj4qtexc5c74qbfr"},{"id":"yt1pnm0ylztkkd3132ao53hd","type":"text","content":{"richText":[{"type":"p","children":[{"text":"Toque no botão abaixo para ter "},{"bold":true,"text":"acesso ao método em primeira mão."}]}]},"groupId":"pcrp7s19bj4qtexc5c74qbfr","outgoingEdgeId":"dsyt4qxjc592vglj5pu8364q"}],"graphCoordinates":{"x":437,"y":103}},{"id":"r894kddw3k4fvl9rm19taatk","title":"Vamos Lá","blocks":[{"id":"clbk0z0ba000p356eska8yqde","type":"choice input","items":[{"id":"clbk0z0ba000q356e6z89oeso","type":0,"blockId":"clbk0z0ba000p356eska8yqde","content":"Toque para começar","outgoingEdgeId":"ld8k4b442uwnypg19tqdrq4a"}],"groupId":"r894kddw3k4fvl9rm19taatk","options":{"buttonLabel":"Send","isMultipleChoice":false}}],"graphCoordinates":{"x":856,"y":105}},{"id":"h7dz9vqsnbnfqh35mhzul9yn","title":"Pedindo Nome","blocks":[{"id":"clbk16eil000x356ef46p5nft","type":"text","content":{"richText":[{"type":"p","children":[{"text":"Você está prestes a descobrir "},{"bold":true,"text":"como a Máquina funciona... "},{"text":"Primeiro, me diga o seu nome."}]}]},"groupId":"h7dz9vqsnbnfqh35mhzul9yn","outgoingEdgeId":"mpuzquk0mz7ib7malhdv25uk"}],"graphCoordinates":{"x":1288.43,"y":176.6}},{"id":"kjntucqog9a1wdc4g0cs66yu","title":"Nome","blocks":[{"id":"clbk16s0u0010356eml8xllcc","type":"text input","groupId":"kjntucqog9a1wdc4g0cs66yu","options":{"isLong":false,"labels":{"button":"Enviar","placeholder":"Digite Seu Nome"},"variableId":"vclbk1764g0012356e41p1jrmd"},"outgoingEdgeId":"ktzfdj7isnxou7pstrt6z1du"}],"graphCoordinates":{"x":1669.86,"y":218.02}},{"id":"tlf14i7or542bnqmcu259hx0","title":"Pedindo Whatsapp","blocks":[{"id":"clbk1cm19001e356e4aekule8","type":"text","content":{"richText":[{"type":"p","children":[{"bold":true,"text":"Importante: "},{"text":"Para que eu consiga entrar em contato pra eu te "},{"bold":true,"text":"revelar o método completo."}]}]},"groupId":"tlf14i7or542bnqmcu259hx0"},{"id":"clbk1e959001g356eoix4mgwp","type":"text","content":{"richText":[{"type":"p","children":[{"text":"Qual o seu "},{"bold":true,"text":"Whatsapp com DDD"},{"text":"?"}]}]},"groupId":"tlf14i7or542bnqmcu259hx0","outgoingEdgeId":"o17r3bxrwiee20kel4p690wp"}],"graphCoordinates":{"x":1999.28,"y":222.81}},{"id":"gvobzjslncfz3ib2lq3cywcz","title":"Whatsapp","blocks":[{"id":"clbk1em91001i356ecvct77vh","type":"phone number input","groupId":"gvobzjslncfz3ib2lq3cywcz","options":{"labels":{"button":"Enviar","placeholder":"Digite seu Whatsapp"},"variableId":"vclbk1gzv4001l356egriemesh","defaultCountryCode":"BR","retryMessageContent":"Este número parece estar errado. Por favor, verifique e digite novamente."},"outgoingEdgeId":"c0ve99wcas3sex93ro323vmm"}],"graphCoordinates":{"x":2331.65,"y":296.67}},{"id":"xia7fzj4sui0f07fh4lvm1k7","title":"Group #9","blocks":[{"id":"clbk1hwpi001n356e30a4mrou","type":"text","content":{"html":"<div>Então, {{Nome}}. O número {{Telefone}} está correto? <span class=\"slate-bold\">(Um número errado pode fazer você perder sua vaga)</span></div>","richText":[{"type":"p","children":[{"text":"Então, {{Nome}}. O número {{Telefone}} está correto? "},{"bold":true,"text":"(Um número errado pode fazer você perder sua vaga)"}]}],"plainText":"Então, {{Nome}}. O número {{Telefone}} está correto? (Um número errado pode fazer você perder sua vaga)"},"groupId":"xia7fzj4sui0f07fh4lvm1k7","outgoingEdgeId":"r3a3i2letylqv3srgg59gdyn"}],"graphCoordinates":{"x":2651.3,"y":240.31}},{"id":"gsz8aojrxdgv4mr9pulf2iuo","title":"Confirma o Telefone","blocks":[{"id":"clbk1kf47001q356e1gz8fghe","type":"choice input","items":[{"id":"clbk1kf47001r356ea80aoqy9","type":0,"blockId":"clbk1kf47001q356e1gz8fghe","content":"Sim","outgoingEdgeId":"yfn8k114e7a3h6tfdb9jhri0"},{"id":"clbk1kpa5001s356efydz5jz3","type":0,"blockId":"clbk1kf47001q356e1gz8fghe","content":"Não","outgoingEdgeId":"iyzvyycrcew2stlcq8crfdhi"}],"groupId":"gsz8aojrxdgv4mr9pulf2iuo","options":{"buttonLabel":"Send","isMultipleChoice":false}}],"graphCoordinates":{"x":2901.37,"y":-118.31}},{"id":"b98d8v02xbm4c9hs4uyimvgp","title":"Group #11","blocks":[{"id":"clbk1ny5r001w356ea5t3f73u","type":"text","content":{"html":"<div>Maravilha! Qual o seu site? </div>","richText":[{"type":"p","children":[{"text":"Maravilha! Qual o seu site? "}]}],"plainText":"Maravilha! Qual o seu site? "},"groupId":"b98d8v02xbm4c9hs4uyimvgp"},{"id":"pgwk2tod3omur02s0bj90a62","type":"text","content":{"richText":[{"type":"p","children":[{"text":"Caso não tiver site, coloque aqui o Instagram da Clínica."}]}]},"groupId":"b98d8v02xbm4c9hs4uyimvgp","outgoingEdgeId":"nlkq9vuxui0egsx15n20gta8"}],"graphCoordinates":{"x":3912.75,"y":252.29}},{"id":"rlcfklazl6eh5xk1go50la4w","title":"Group #12","blocks":[{"id":"clbk1oi1a001z356eamhoiu7i","type":"text input","groupId":"rlcfklazl6eh5xk1go50la4w","options":{"isLong":false,"labels":{"button":"Enviar","placeholder":"Digite o @ do Instagram"},"variableId":"vdpap1wiudtjvhhsdm9xe20wz"},"outgoingEdgeId":"qara5evdkqqngqp2ysrzjr6u"}],"graphCoordinates":{"x":4293.57,"y":249.45}},{"id":"pynda3ycna9q9bmlrepdlw9a","title":"Group #13","blocks":[{"id":"clbk1sy9i0023356e08lcr4ic","type":"text","content":{"html":"<div>Show!</div>","richText":[{"type":"p","children":[{"text":"Show!"}]}],"plainText":"Show!"},"groupId":"pynda3ycna9q9bmlrepdlw9a"},{"id":"clbk1te3q0025356eyublaeqf","type":"text","content":{"richText":[{"type":"p","children":[{"text":"Para sabermos "},{"bold":true,"text":"como a Máquina irá te ajudar"},{"text":", informe o faturamento MENSAL da sua Clínica."}]}]},"groupId":"pynda3ycna9q9bmlrepdlw9a","outgoingEdgeId":"ksxtfoiqrz9d8nq8lbed26ag"}],"graphCoordinates":{"x":4711.42,"y":252.86}},{"id":"viml5b2u03s87rulpoly56v8","title":"Faturamento Mensal","blocks":[{"id":"clbk1uqmg0027356erbti8sho","type":"choice input","items":[{"id":"clbk202fz002g356eqput25md","type":0,"blockId":"clbk1uqmg0027356erbti8sho","content":"Até 20 mil","outgoingEdgeId":"wgaq8tp8o6kbtp4hlbkz44nc"},{"id":"clbl27fal002o356etnjuwdhn","type":0,"blockId":"clbk1uqmg0027356erbti8sho","content":"De 21 mil a 50 mil","outgoingEdgeId":"rbvodpzg3bp8jnmji2qbeo51"},{"id":"clbl27nbz002p356e6y52424s","type":0,"blockId":"clbk1uqmg0027356erbti8sho","content":"De 51 mil a 75 mil","outgoingEdgeId":"jpfq8m9lhpeibzrspw4e2rge"},{"id":"clbk1vlso0029356epy3ptp6w","type":0,"blockId":"clbk1uqmg0027356erbti8sho","content":"De 76 mil a 100 mil","outgoingEdgeId":"fvy84wd7uyf4nhi4dws0iheo"},{"id":"clbk1w686002a356eed54jmxu","type":0,"blockId":"clbk1uqmg0027356erbti8sho","content":"De 101 mil a 150 mil","outgoingEdgeId":"blf2rq9f1f5xh2t61pf6ei0j"},{"id":"clbk1xqzc002b356exdzff34f","type":0,"blockId":"clbk1uqmg0027356erbti8sho","content":"De 151 mil a 200 mil","outgoingEdgeId":"ln5wge4hwt4b8a88b4vq1vgr"},{"id":"clbk1y0xj002c356e9eubpi30","type":0,"blockId":"clbk1uqmg0027356erbti8sho","content":"De 150 a 200 Mil","outgoingEdgeId":"vavlnt6zwpvjhv6k7hllxqi2"},{"id":"clbk1yn77002d356etjjcnnre","type":0,"blockId":"clbk1uqmg0027356erbti8sho","content":"De 201 mil a 300 mil","outgoingEdgeId":"ahjorgvoc1lhgmdstsnswpah"},{"id":"clbk1z80w002e356evn0czn20","type":0,"blockId":"clbk1uqmg0027356erbti8sho","content":"De 301 mil a 500 mil","outgoingEdgeId":"v8innpw00et0kmmnvxon060b"},{"id":"clbk1zfuf002f356ecypjcmn6","type":0,"blockId":"clbk1uqmg0027356erbti8sho","content":"De 501 mil a 1 milhão","outgoingEdgeId":"z4gulqvjzas5bti0v6kyzakc"},{"id":"q7uixr5h74di69ad0s8yfjn2","type":0,"blockId":"clbk1uqmg0027356erbti8sho","content":"Acima de 1 milhão","outgoingEdgeId":"zg4515x2fgrsyfoyp4uy44aq"}],"groupId":"viml5b2u03s87rulpoly56v8","options":{"buttonLabel":"Send","isMultipleChoice":false}}],"graphCoordinates":{"x":5139.98,"y":241.26}},{"id":"nwhl7os0oaicojcwufwx7acr","title":"Group #17","blocks":[{"id":"clbk2b63q002u356e8t0rpbl6","type":"text","content":{"richText":[{"type":"p","children":[{"text":"Se você tivesse acesso à Máquina Automática para  "},{"bold":true,"text":"fechar procedimentos de alto valor todos os dias","underline":true},{"text":", quanto estaria disposto a investir em uma "},{"bold":true,"text":"consultoria estratégica personalizada"},{"text":" por mês?"}]}]},"groupId":"nwhl7os0oaicojcwufwx7acr","outgoingEdgeId":"yzhnhhw90iyfsjx1gf4f2ujf"}],"graphCoordinates":{"x":6058.33,"y":310.63}},{"id":"zw5m1qmr922zjwy0jjrae89p","title":"Disponibilidade Investimento","blocks":[{"id":"clbk2dtkw0034356eeab7zac8","type":"choice input","items":[{"id":"clbk2n4bs003p356ejha9uwsq","type":0,"blockId":"clbk2dtkw0034356eeab7zac8","content":"De R$1.501 a R$3.000","outgoingEdgeId":"yzsrmppuq4smbgmff16xii6m"},{"id":"clbk2nyiy003q356e5of63d5d","type":0,"blockId":"clbk2dtkw0034356eeab7zac8","content":"De R$3.001 a R$5.000","outgoingEdgeId":"jr7hrzc402n1ylssvlgbumzb"},{"id":"clbk2omtt003r356ei3rbcws7","type":0,"blockId":"clbk2dtkw0034356eeab7zac8","content":"De R$5.001 a R$7.500","outgoingEdgeId":"et68d8vcb9l738vrigxjeh8y"},{"id":"clbk2pkld003s356esnj22rrr","type":0,"blockId":"clbk2dtkw0034356eeab7zac8","content":"De R$7.501 a R$10.000","outgoingEdgeId":"q7t9655u3mgn6h1ihsahvf84"},{"id":"clbk2q6c2003t356etdrudarq","type":0,"blockId":"clbk2dtkw0034356eeab7zac8","content":"De R$10.001 a R$15.000.","outgoingEdgeId":"icjyxv4cbgp2ekrv4u6gqir7"},{"id":"clbk2qvq9003u356ew6vi4ha9","type":0,"blockId":"clbk2dtkw0034356eeab7zac8","content":"Acima de R$15.000","outgoingEdgeId":"upjk9hh5staiznu6cg3kbqjw"},{"id":"clbk2r8qi003v356eaqm90vmz","type":0,"blockId":"clbk2dtkw0034356eeab7zac8","content":"Não Estou Disposto a Investir Nada","outgoingEdgeId":"fbrh96fro29icau8bfe2xf2i"},{"id":"cld0ioxwi0008356j70zhortz","type":0,"blockId":"clbk2dtkw0034356eeab7zac8","content":"Até R$1.500","outgoingEdgeId":"aqhuk7p6l31gple7zs3rurxu"}],"groupId":"zw5m1qmr922zjwy0jjrae89p","options":{"buttonLabel":"Send","isMultipleChoice":false}}],"graphCoordinates":{"x":6466.22,"y":312.72}},{"id":"m4udc5u6werz98botle1j181","title":"Buyer Jorney","blocks":[{"id":"clbk2wg820046356e2uh2e6na","type":"text","content":{"html":"<div>{{Nome}}, qual das opções abaixo melhor descreve o seu momento atual?</div>","richText":[{"type":"p","children":[{"text":"{{Nome}}, qual das opções abaixo melhor descreve o seu momento atual?"}]}],"plainText":"{{Nome}}, qual das opções abaixo melhor descreve o seu momento atual?"},"groupId":"m4udc5u6werz98botle1j181","outgoingEdgeId":"h2oa0zc43wgwojl4ln6sd29z"}],"graphCoordinates":{"x":7448.13,"y":425.99}},{"id":"ftin38wx36tvzjpr133xy7dl","title":"Buyer Jorney","blocks":[{"id":"clbk2x6ax0049356eazosraqv","type":"choice input","items":[{"id":"clbk2x6ax004a356e51kfde6n","type":0,"blockId":"clbk2x6ax0049356eazosraqv","content":"Ouvi falar que o marketing digital pode ajudar minha empresa","outgoingEdgeId":"ns6hgt3fnyjly3mipg53ld2t"},{"id":"clbk2xr6q004b356edn5tbdyn","type":0,"blockId":"clbk2x6ax0049356eazosraqv","content":"Acredito que o marketing digital é bom para a minha empresa, mas preciso saber mais","outgoingEdgeId":"u7hpkublhjeih95fjvkmk8f9"},{"id":"clbk2y5zm004c356epcol05hr","type":0,"blockId":"clbk2x6ax0049356eazosraqv","content":"Estou escolhendo uma empresa de marketing digital para contratar","outgoingEdgeId":"cr58j9yoas0zxqbfu9mlmku8"}],"groupId":"ftin38wx36tvzjpr133xy7dl","options":{"buttonLabel":"Send","isMultipleChoice":false}}],"graphCoordinates":{"x":7901.61,"y":436.05}},{"id":"nxj4yu0z80awpctdtk7lxi59","title":"Group #24","blocks":[{"id":"clbk362vl004n356epwv31bfb","type":"text","content":{"html":"<div>Olha, {{Nome}}</div>","richText":[{"type":"p","children":[{"text":"Olha, {{Nome}}"}]}],"plainText":"Olha, {{Nome}}"},"groupId":"nxj4yu0z80awpctdtk7lxi59"},{"id":"clbk36xmn004o356ey50womgp","type":"text","content":{"html":"<div>Reunindo as informações que foram passadas, infelizmente não conseguimos te ajudar na sessão estratégica</div>","richText":[{"type":"p","children":[{"text":"Reunindo as informações que foram passadas, infelizmente não conseguimos te ajudar na sessão estratégica"}]}],"plainText":"Reunindo as informações que foram passadas, infelizmente não conseguimos te ajudar na sessão estratégica"},"groupId":"nxj4yu0z80awpctdtk7lxi59"},{"id":"clbk38bno004p356e051alemw","type":"text","content":{"richText":[{"type":"p","children":[{"text":"Talvez ainda não seja o momento certo para você ter uma "},{"bold":true,"text":"Máquina Automática de Pacientes."}]}]},"groupId":"nxj4yu0z80awpctdtk7lxi59"},{"id":"cld0j51d7000p356jnmbbl3oa","type":"text","content":{"html":"<div>De qualquer forma, agradecemos muito pelo seu tempo e te parabenizamos pela vontade de poder expandir seu negócio</div>","richText":[{"type":"p","children":[{"text":"De qualquer forma, agradecemos muito pelo seu tempo e te parabenizamos pela vontade de poder expandir seu negócio"}]}],"plainText":"De qualquer forma, agradecemos muito pelo seu tempo e te parabenizamos pela vontade de poder expandir seu negócio"},"groupId":"nxj4yu0z80awpctdtk7lxi59","outgoingEdgeId":"daea1txpp5nh6ctzjfqvwpfi"}],"graphCoordinates":{"x":7336.93,"y":2773.26}},{"id":"m7w4kfr60izdta46yusgpy8w","title":"Obrigado","blocks":[{"id":"clbk3pl7n0052356eo60y2c5q","type":"Redirect","groupId":"m7w4kfr60izdta46yusgpy8w","options":{"url":"https://strikemedia.com.br/obrigado","isNewTab":false},"outgoingEdgeId":"absitdy2nt7vts5crww83p27"}],"graphCoordinates":{"x":8415.99,"y":436.63}},{"id":"hjkfv2l1b0mzgglgc9xd49b2","title":"Group #21","blocks":[{"id":"clcalt7hl000g356j3095igrh","type":"Set variable","groupId":"hjkfv2l1b0mzgglgc9xd49b2","options":{"variableId":"vclcaltzov000h356jl744lc8i"}},{"id":"clcalv4kw000k356jn5d7i2qr","type":"Set variable","groupId":"hjkfv2l1b0mzgglgc9xd49b2","options":{"variableId":"vclcalvi5e000l356jf39aqysd"}},{"id":"clcalvnt6000m356jd9yr78ox","type":"Set variable","groupId":"hjkfv2l1b0mzgglgc9xd49b2","options":{"variableId":"vclcalvys4000o356juq0uzlb8"}},{"id":"clcalvqgs000n356jdcyfywzr","type":"Set variable","groupId":"hjkfv2l1b0mzgglgc9xd49b2","options":{"variableId":"vclcalwa3y000p356jsujofdso"}}],"graphCoordinates":{"x":93.67,"y":288}},{"id":"ooyz8sfjn4ys2591z282x7yy","title":"Confirmando o Investimento","blocks":[{"id":"cld0iqxcb000c356jb3tlf8z4","type":"text","content":{"html":"<div>{{Nome}}.</div>","richText":[{"type":"p","children":[{"text":"{{Nome}}."}]}],"plainText":"{{Nome}}."},"groupId":"ooyz8sfjn4ys2591z282x7yy"},{"id":"cld0iramx000d356jebt0gsyg","type":"text","content":{"richText":[{"type":"p","children":[{"text":"Nossos clientes hoje investem a partir de "},{"bold":true,"text":"R$3.000/mês "},{"text":"pela nossa consultoria."}]}]},"groupId":"ooyz8sfjn4ys2591z282x7yy"},{"id":"cld0isrkb000e356j1c8b6gg2","type":"text","content":{"richText":[{"type":"p","children":[{"text":"Caso você se identifique com a "},{"bold":true,"text":"Máquina Automática de Pacientes"},{"text":" que vamos aplicar, você consideraria esse valor no seu orçamento ou está fora da sua realidade neste momento?"}]}]},"groupId":"ooyz8sfjn4ys2591z282x7yy","outgoingEdgeId":"a6q5ekbaai18j8j7dbv2msf0"}],"graphCoordinates":{"x":7464.69,"y":1861.81}},{"id":"ayao75uqss0xktsiesff1mua","title":"Group #23","blocks":[{"id":"cld0j82u6000x356j45un5e7d","type":"Redirect","groupId":"ayao75uqss0xktsiesff1mua","options":{"url":"https://www.instagram.com/strikemedia_/","isNewTab":false},"outgoingEdgeId":"tbs12uo9ju2jw17inlez4zwo"}],"graphCoordinates":{"x":8127.99,"y":3165.09}},{"id":"r4noyn50loene158yx2992v7","title":"Se eu gostar..","blocks":[{"id":"cld0ixpej000f356jyfki2s0o","type":"choice input","items":[{"id":"cld0ixpej000g356jcw3l5h3f","type":0,"blockId":"cld0ixpej000f356jyfki2s0o","content":"Se eu gostar posso encaixar no meu financeiro","outgoingEdgeId":"a0rxoini0lpxki62xggaoyqv"},{"id":"cld0izn6k000j356jzjjsajt8","type":0,"blockId":"cld0ixpej000f356jyfki2s0o","content":"No momento, este valor está fora da minha realidade","outgoingEdgeId":"kwkj9v3vxtqrjr5b4obc3x7t"}],"groupId":"r4noyn50loene158yx2992v7","options":{"buttonLabel":"Send","isMultipleChoice":false}}],"graphCoordinates":{"x":7914.42,"y":2295.38}},{"id":"zs19idr6c9whumtwl5dx77db","title":"Group #25","blocks":[{"id":"cld0j7m2b000t356jmywlfwvd","type":"choice input","items":[{"id":"cld0j7m2b000u356jg7b2wdcn","type":0,"blockId":"cld0j7m2b000t356jmywlfwvd","content":"Toque para retornar ao seu FEED","outgoingEdgeId":"vkmhlucs5kqn87xfx3sfi33f"}],"groupId":"zs19idr6c9whumtwl5dx77db","options":{"buttonLabel":"Send","isMultipleChoice":false}}],"graphCoordinates":{"x":7752.91,"y":3073.36}},{"id":"vdkozvgn6re47z7kpsh5ni7s","title":"Webhook CRM","blocks":[{"id":"w33t07ayegycj0ujahahlf61","type":"Webhook","groupId":"vdkozvgn6re47z7kpsh5ni7s","options":{"isCustomBody":false,"isAdvancedConfig":false,"variablesForTest":[],"responseVariableMapping":[]},"webhookId":"pgu8vwqf9zboec61meah60k7"}],"graphCoordinates":{"x":8836.86,"y":421.82}}],"variables":[{"id":"vclbk1764g0012356e41p1jrmd","name":"Nome"},{"id":"vclbk1by25001c356etu4woeew","name":"Email"},{"id":"vclbk1gzv4001l356egriemesh","name":"Telefone"},{"id":"vclbk1p2gm0021356e7g1k593h","name":"Instagram"},{"id":"vclbk2fpu70038356eub3h27ej","name":"Dispon.Investimento"},{"id":"vclbk2gx8m003a356ef9agegf9","name":"Faturamento Mensal"},{"id":"vclbk2zk5t004g356e070mvbam","name":"Buyer Jorney"},{"id":"vclbk30tlb004k356e2p48812g","name":"Solution Selection"},{"id":"vclcaltzov000h356jl744lc8i","name":"utm_campaign"},{"id":"vclcalvi5e000l356jf39aqysd","name":"utm_medium"},{"id":"vclcalvys4000o356juq0uzlb8","name":"utm_source"},{"id":"vclcalwa3y000p356jsujofdso","name":"utm_content"},{"id":"vdpap1wiudtjvhhsdm9xe20wz","name":"site"}],"edges":[{"id":"kofjw3b182774ku9oi3ztn3v","to":{"groupId":"pcrp7s19bj4qtexc5c74qbfr"},"from":{"blockId":"clbk0lonb000908l701ns28kv","groupId":"imo902g9xa1qst87bs1yy0yx"}},{"id":"ld8k4b442uwnypg19tqdrq4a","to":{"groupId":"h7dz9vqsnbnfqh35mhzul9yn"},"from":{"itemId":"clbk0z0ba000q356e6z89oeso","blockId":"clbk0z0ba000p356eska8yqde","groupId":"r894kddw3k4fvl9rm19taatk"}},{"id":"o17r3bxrwiee20kel4p690wp","to":{"groupId":"gvobzjslncfz3ib2lq3cywcz"},"from":{"blockId":"clbk1e959001g356eoix4mgwp","groupId":"tlf14i7or542bnqmcu259hx0"}},{"id":"c0ve99wcas3sex93ro323vmm","to":{"groupId":"xia7fzj4sui0f07fh4lvm1k7"},"from":{"blockId":"clbk1em91001i356ecvct77vh","groupId":"gvobzjslncfz3ib2lq3cywcz"}},{"id":"r3a3i2letylqv3srgg59gdyn","to":{"groupId":"gsz8aojrxdgv4mr9pulf2iuo"},"from":{"blockId":"clbk1hwpi001n356e30a4mrou","groupId":"xia7fzj4sui0f07fh4lvm1k7"}},{"id":"qara5evdkqqngqp2ysrzjr6u","to":{"groupId":"pynda3ycna9q9bmlrepdlw9a"},"from":{"blockId":"clbk1oi1a001z356eamhoiu7i","groupId":"rlcfklazl6eh5xk1go50la4w"}},{"id":"ksxtfoiqrz9d8nq8lbed26ag","to":{"groupId":"viml5b2u03s87rulpoly56v8"},"from":{"blockId":"clbk1te3q0025356eyublaeqf","groupId":"pynda3ycna9q9bmlrepdlw9a"}},{"id":"yzhnhhw90iyfsjx1gf4f2ujf","to":{"groupId":"zw5m1qmr922zjwy0jjrae89p"},"from":{"blockId":"clbk2b63q002u356e8t0rpbl6","groupId":"nwhl7os0oaicojcwufwx7acr"}},{"id":"h2oa0zc43wgwojl4ln6sd29z","to":{"groupId":"ftin38wx36tvzjpr133xy7dl"},"from":{"blockId":"clbk2wg820046356e2uh2e6na","groupId":"m4udc5u6werz98botle1j181"}},{"id":"fvy84wd7uyf4nhi4dws0iheo","to":{"groupId":"nwhl7os0oaicojcwufwx7acr"},"from":{"itemId":"clbk1vlso0029356epy3ptp6w","blockId":"clbk1uqmg0027356erbti8sho","groupId":"viml5b2u03s87rulpoly56v8"}},{"id":"blf2rq9f1f5xh2t61pf6ei0j","to":{"groupId":"nwhl7os0oaicojcwufwx7acr"},"from":{"itemId":"clbk1w686002a356eed54jmxu","blockId":"clbk1uqmg0027356erbti8sho","groupId":"viml5b2u03s87rulpoly56v8"}},{"id":"ln5wge4hwt4b8a88b4vq1vgr","to":{"groupId":"nwhl7os0oaicojcwufwx7acr"},"from":{"itemId":"clbk1xqzc002b356exdzff34f","blockId":"clbk1uqmg0027356erbti8sho","groupId":"viml5b2u03s87rulpoly56v8"}},{"id":"vavlnt6zwpvjhv6k7hllxqi2","to":{"groupId":"nwhl7os0oaicojcwufwx7acr"},"from":{"itemId":"clbk1y0xj002c356e9eubpi30","blockId":"clbk1uqmg0027356erbti8sho","groupId":"viml5b2u03s87rulpoly56v8"}},{"id":"ahjorgvoc1lhgmdstsnswpah","to":{"groupId":"nwhl7os0oaicojcwufwx7acr"},"from":{"itemId":"clbk1yn77002d356etjjcnnre","blockId":"clbk1uqmg0027356erbti8sho","groupId":"viml5b2u03s87rulpoly56v8"}},{"id":"v8innpw00et0kmmnvxon060b","to":{"blockId":"clbk2b63q002u356e8t0rpbl6","groupId":"nwhl7os0oaicojcwufwx7acr"},"from":{"itemId":"clbk1z80w002e356evn0czn20","blockId":"clbk1uqmg0027356erbti8sho","groupId":"viml5b2u03s87rulpoly56v8"}},{"id":"z4gulqvjzas5bti0v6kyzakc","to":{"groupId":"nwhl7os0oaicojcwufwx7acr"},"from":{"itemId":"clbk1zfuf002f356ecypjcmn6","blockId":"clbk1uqmg0027356erbti8sho","groupId":"viml5b2u03s87rulpoly56v8"}},{"id":"jr7hrzc402n1ylssvlgbumzb","to":{"groupId":"m4udc5u6werz98botle1j181"},"from":{"itemId":"clbk2nyiy003q356e5of63d5d","blockId":"clbk2dtkw0034356eeab7zac8","groupId":"zw5m1qmr922zjwy0jjrae89p"}},{"id":"et68d8vcb9l738vrigxjeh8y","to":{"groupId":"m4udc5u6werz98botle1j181"},"from":{"itemId":"clbk2omtt003r356ei3rbcws7","blockId":"clbk2dtkw0034356eeab7zac8","groupId":"zw5m1qmr922zjwy0jjrae89p"}},{"id":"q7t9655u3mgn6h1ihsahvf84","to":{"groupId":"m4udc5u6werz98botle1j181"},"from":{"itemId":"clbk2pkld003s356esnj22rrr","blockId":"clbk2dtkw0034356eeab7zac8","groupId":"zw5m1qmr922zjwy0jjrae89p"}},{"id":"icjyxv4cbgp2ekrv4u6gqir7","to":{"groupId":"m4udc5u6werz98botle1j181"},"from":{"itemId":"clbk2q6c2003t356etdrudarq","blockId":"clbk2dtkw0034356eeab7zac8","groupId":"zw5m1qmr922zjwy0jjrae89p"}},{"id":"upjk9hh5staiznu6cg3kbqjw","to":{"groupId":"m4udc5u6werz98botle1j181"},"from":{"itemId":"clbk2qvq9003u356ew6vi4ha9","blockId":"clbk2dtkw0034356eeab7zac8","groupId":"zw5m1qmr922zjwy0jjrae89p"}},{"id":"u7hpkublhjeih95fjvkmk8f9","to":{"groupId":"m7w4kfr60izdta46yusgpy8w"},"from":{"itemId":"clbk2xr6q004b356edn5tbdyn","blockId":"clbk2x6ax0049356eazosraqv","groupId":"ftin38wx36tvzjpr133xy7dl"}},{"id":"cr58j9yoas0zxqbfu9mlmku8","to":{"groupId":"m7w4kfr60izdta46yusgpy8w"},"from":{"itemId":"clbk2y5zm004c356epcol05hr","blockId":"clbk2x6ax0049356eazosraqv","groupId":"ftin38wx36tvzjpr133xy7dl"}},{"id":"fbrh96fro29icau8bfe2xf2i","to":{"groupId":"nxj4yu0z80awpctdtk7lxi59"},"from":{"itemId":"clbk2r8qi003v356eaqm90vmz","blockId":"clbk2dtkw0034356eeab7zac8","groupId":"zw5m1qmr922zjwy0jjrae89p"}},{"id":"wgaq8tp8o6kbtp4hlbkz44nc","to":{"groupId":"nwhl7os0oaicojcwufwx7acr"},"from":{"itemId":"clbk202fz002g356eqput25md","blockId":"clbk1uqmg0027356erbti8sho","groupId":"viml5b2u03s87rulpoly56v8"}},{"id":"rbvodpzg3bp8jnmji2qbeo51","to":{"groupId":"nwhl7os0oaicojcwufwx7acr"},"from":{"itemId":"clbl27fal002o356etnjuwdhn","blockId":"clbk1uqmg0027356erbti8sho","groupId":"viml5b2u03s87rulpoly56v8"}},{"id":"jpfq8m9lhpeibzrspw4e2rge","to":{"groupId":"nwhl7os0oaicojcwufwx7acr"},"from":{"itemId":"clbl27nbz002p356e6y52424s","blockId":"clbk1uqmg0027356erbti8sho","groupId":"viml5b2u03s87rulpoly56v8"}},{"id":"ns6hgt3fnyjly3mipg53ld2t","to":{"groupId":"m7w4kfr60izdta46yusgpy8w"},"from":{"itemId":"clbk2x6ax004a356e51kfde6n","blockId":"clbk2x6ax0049356eazosraqv","groupId":"ftin38wx36tvzjpr133xy7dl"}},{"id":"mpuzquk0mz7ib7malhdv25uk","to":{"groupId":"kjntucqog9a1wdc4g0cs66yu"},"from":{"blockId":"clbk16eil000x356ef46p5nft","groupId":"h7dz9vqsnbnfqh35mhzul9yn"}},{"id":"aqhuk7p6l31gple7zs3rurxu","to":{"groupId":"ooyz8sfjn4ys2591z282x7yy"},"from":{"itemId":"cld0ioxwi0008356j70zhortz","blockId":"clbk2dtkw0034356eeab7zac8","groupId":"zw5m1qmr922zjwy0jjrae89p"}},{"id":"vkmhlucs5kqn87xfx3sfi33f","to":{"groupId":"ayao75uqss0xktsiesff1mua"},"from":{"itemId":"cld0j7m2b000u356jg7b2wdcn","blockId":"cld0j7m2b000t356jmywlfwvd","groupId":"zs19idr6c9whumtwl5dx77db"}},{"id":"kwkj9v3vxtqrjr5b4obc3x7t","to":{"groupId":"nxj4yu0z80awpctdtk7lxi59"},"from":{"itemId":"cld0izn6k000j356jzjjsajt8","blockId":"cld0ixpej000f356jyfki2s0o","groupId":"r4noyn50loene158yx2992v7"}},{"id":"ktzfdj7isnxou7pstrt6z1du","to":{"blockId":"clbk1cm19001e356e4aekule8","groupId":"tlf14i7or542bnqmcu259hx0"},"from":{"blockId":"clbk16s0u0010356eml8xllcc","groupId":"kjntucqog9a1wdc4g0cs66yu"}},{"id":"nlkq9vuxui0egsx15n20gta8","to":{"groupId":"rlcfklazl6eh5xk1go50la4w"},"from":{"blockId":"pgwk2tod3omur02s0bj90a62","groupId":"b98d8v02xbm4c9hs4uyimvgp"}},{"id":"a6q5ekbaai18j8j7dbv2msf0","to":{"groupId":"r4noyn50loene158yx2992v7"},"from":{"blockId":"cld0isrkb000e356j1c8b6gg2","groupId":"ooyz8sfjn4ys2591z282x7yy"}},{"id":"a0rxoini0lpxki62xggaoyqv","to":{"blockId":"clbk2wg820046356e2uh2e6na","groupId":"m4udc5u6werz98botle1j181"},"from":{"itemId":"cld0ixpej000g356jcw3l5h3f","blockId":"cld0ixpej000f356jyfki2s0o","groupId":"r4noyn50loene158yx2992v7"}},{"id":"daea1txpp5nh6ctzjfqvwpfi","to":{"blockId":"cld0j7m2b000t356jmywlfwvd","groupId":"zs19idr6c9whumtwl5dx77db"},"from":{"blockId":"cld0j51d7000p356jnmbbl3oa","groupId":"nxj4yu0z80awpctdtk7lxi59"}},{"id":"zg4515x2fgrsyfoyp4uy44aq","to":{"groupId":"nwhl7os0oaicojcwufwx7acr"},"from":{"itemId":"q7uixr5h74di69ad0s8yfjn2","blockId":"clbk1uqmg0027356erbti8sho","groupId":"viml5b2u03s87rulpoly56v8"}},{"id":"yzsrmppuq4smbgmff16xii6m","to":{"blockId":"cld0iramx000d356jebt0gsyg","groupId":"ooyz8sfjn4ys2591z282x7yy"},"from":{"itemId":"clbk2n4bs003p356ejha9uwsq","blockId":"clbk2dtkw0034356eeab7zac8","groupId":"zw5m1qmr922zjwy0jjrae89p"}},{"id":"absitdy2nt7vts5crww83p27","to":{"groupId":"vdkozvgn6re47z7kpsh5ni7s"},"from":{"blockId":"clbk3pl7n0052356eo60y2c5q","groupId":"m7w4kfr60izdta46yusgpy8w"}},{"id":"tbs12uo9ju2jw17inlez4zwo","to":{"groupId":"vdkozvgn6re47z7kpsh5ni7s"},"from":{"blockId":"cld0j82u6000x356j45un5e7d","groupId":"ayao75uqss0xktsiesff1mua"}},{"id":"iyzvyycrcew2stlcq8crfdhi","to":{"groupId":"tlf14i7or542bnqmcu259hx0"},"from":{"itemId":"clbk1kpa5001s356efydz5jz3","blockId":"clbk1kf47001q356e1gz8fghe","groupId":"gsz8aojrxdgv4mr9pulf2iuo"}},{"id":"yfn8k114e7a3h6tfdb9jhri0","to":{"groupId":"b98d8v02xbm4c9hs4uyimvgp"},"from":{"itemId":"clbk1kf47001r356ea80aoqy9","blockId":"clbk1kf47001q356e1gz8fghe","groupId":"gsz8aojrxdgv4mr9pulf2iuo"}},{"id":"dsyt4qxjc592vglj5pu8364q","to":{"groupId":"r894kddw3k4fvl9rm19taatk"},"from":{"blockId":"yt1pnm0ylztkkd3132ao53hd","groupId":"pcrp7s19bj4qtexc5c74qbfr"}}],"theme":{"chat":{"inputs":{"color":"#303235","backgroundColor":"#FFFFFF","placeholderColor":"#9095A0"},"buttons":{"color":"#FFFFFF","backgroundColor":"#0042DA"},"hostAvatar":{"url":"https://s3.fr-par.scw.cloud/typebot/public/typebots/gku0lnw7dyef47uzd13ug8sx/hostAvatar?v=1685634996074","isEnabled":true},"hostBubbles":{"color":"#303235","backgroundColor":"#F7F8FF"},"guestBubbles":{"color":"#FFFFFF","backgroundColor":"#FF8E21"}},"general":{"font":"Open Sans","background":{"type":"None"}}},"settings":{"general":{"isBrandingEnabled":true,"isInputPrefillEnabled":true,"isResultSavingEnabled":true,"isHideQueryParamsEnabled":true,"isNewResultOnRefreshEnabled":false},"metadata":{"description":"","googleTagManagerId":" GTM-PLW4VTD"},"typingEmulation":{"speed":750,"enabled":true,"maxDelay":1.5}}}