{"id":"clja63ikx0011lc0fs7cmdhbq","version":"3","groups":[{"id":"g99bny1hgo8bl0fmtscjpe7x","title":"Start","blocks":[{"id":"clbk0lonb000908l701ns28kv","type":"start","label":"Start","groupId":"g99bny1hgo8bl0fmtscjpe7x","outgoingEdgeId":"xifpxlzdtw8cja23zwbn0may"}],"graphCoordinates":{"x":0.86,"y":93.66}},{"id":"xjg302yejh8lsecq58foi3nq","title":"Apresentação","blocks":[{"id":"clbk0mq9q000l356emf2f36fj","type":"text","content":{"richText":[{"type":"p","children":[{"text":"Bem vindo ao processo de aplicação para a consultoria gratuita, onde você vai descobrir como a "},{"bold":true,"text":"Máquina Automática de Pacientes "},{"text":"é capaz de gerar de 7 a 12 "},{"bold":true,"text":"pacientes particulares de alto valor"},{"text":" por dia para seu consultório ou clínica."}]}]},"groupId":"xjg302yejh8lsecq58foi3nq"},{"id":"clbk0upxx000n356eg6kkhmzn","type":"text","content":{"richText":[{"type":"p","children":[{"text":"Esta é uma sessão gratuita exclusivamente para "},{"bold":true,"text":"Médicos,"},{"text":" "},{"bold":true,"text":"Donos de Consultório ou Clínica.  "},{"text":"Aplique apenas se for o seu caso"}]}]},"groupId":"xjg302yejh8lsecq58foi3nq"},{"id":"clbk11nxi000t356ezqe62m91","type":"text","content":{"richText":[{"type":"p","children":[{"bold":true,"text":"IMPORTANTE: "},{"text":"A aplicação através deste formulário não garante a sua vaga. Vou analisar cuidadosamente as aplicações e aceitar a apenas quem tem capacidade máxima de tirar valor dessa consultoria gratuita."}]}]},"groupId":"xjg302yejh8lsecq58foi3nq","outgoingEdgeId":"cozib80f0ixoqjjw6acc8hdd"}],"graphCoordinates":{"x":437,"y":103}},{"id":"vppkpovh68m6jfmh3vigs8tm","title":"Vamos Lá","blocks":[{"id":"clbk0z0ba000p356eska8yqde","type":"choice input","items":[{"id":"clbk0z0ba000q356e6z89oeso","type":0,"blockId":"clbk0z0ba000p356eska8yqde","content":"Toque para começar","outgoingEdgeId":"mmlbr86a2plan11zy81e50vr"}],"groupId":"vppkpovh68m6jfmh3vigs8tm","options":{"buttonLabel":"Send","isMultipleChoice":false}}],"graphCoordinates":{"x":856,"y":105}},{"id":"xw41bkojkddimf4lqmrb5kfb","title":"Pedindo Nome","blocks":[{"id":"clbk16eil000x356ef46p5nft","type":"text","content":{"html":"<div>Qual o seu nome?</div>","richText":[{"type":"p","children":[{"text":"Qual o seu nome?"}]}],"plainText":"Qual o seu nome?"},"groupId":"xw41bkojkddimf4lqmrb5kfb","outgoingEdgeId":"rca9slndzlrly55gk36oirek"}],"graphCoordinates":{"x":1288.43,"y":176.6}},{"id":"xua0q97ti2jvfq6h2z1gypmg","title":"Nome","blocks":[{"id":"clbk16s0u0010356eml8xllcc","type":"text input","groupId":"xua0q97ti2jvfq6h2z1gypmg","options":{"isLong":false,"labels":{"button":"Enviar","placeholder":"Digite Seu Nome"},"variableId":"vclbk1764g0012356e41p1jrmd"},"outgoingEdgeId":"afskp7ldqiaee5i5zw6i4l0g"}],"graphCoordinates":{"x":1669.86,"y":218.02}},{"id":"l5jjk65o7hu3bt58u844jglf","title":"Pedindo Email","blocks":[{"id":"clbk1a0lq0016356exqh350bi","type":"text","content":{"richText":[{"type":"p","children":[{"text":"Qual o seu melhor email? "}]}]},"groupId":"l5jjk65o7hu3bt58u844jglf"},{"id":"clbk1a7380017356ed8c7de1f","type":"text","content":{"richText":[{"type":"p","children":[{"text":"(Só lembrando que vou mandar o link da consultoria por lá)"}]}]},"groupId":"l5jjk65o7hu3bt58u844jglf","outgoingEdgeId":"rrdhf04q8kixdri7nxusnz6s"}],"graphCoordinates":{"x":3130.88,"y":234.97}},{"id":"lnq5w8egnwgdqdrn4olmn344","title":"Email","blocks":[{"id":"clbk1b080001a356enbql6ydj","type":"email input","groupId":"lnq5w8egnwgdqdrn4olmn344","options":{"labels":{"button":"Enviar","placeholder":"Digite seu Email"},"variableId":"vclbk1by25001c356etu4woeew","retryMessageContent":"Este email parece estar errado. Digite novamente"},"outgoingEdgeId":"xsxkd0vav9vpz6f279gbx8vd"}],"graphCoordinates":{"x":3508,"y":237.77}},{"id":"o3t5m1wjew02zo5zlutxkk7x","title":"Pedindo Whatsapp","blocks":[{"id":"clbk1cm19001e356e4aekule8","type":"text","content":{"html":"<div><span class=\"slate-bold\">Importante: </span>Para que eu consiga entrar em contato pra te avisar sobre sua aprovação.</div>","richText":[{"type":"p","children":[{"bold":true,"text":"Importante: "},{"text":"Para que eu consiga entrar em contato pra te avisar sobre sua aprovação."}]}],"plainText":"Importante: Para que eu consiga entrar em contato pra te avisar sobre sua aprovação."},"groupId":"o3t5m1wjew02zo5zlutxkk7x"},{"id":"clbk1e959001g356eoix4mgwp","type":"text","content":{"html":"<div>Qual o seu Whatsapp?</div>","richText":[{"type":"p","children":[{"text":"Qual o seu Whatsapp?"}]}],"plainText":"Qual o seu Whatsapp?"},"groupId":"o3t5m1wjew02zo5zlutxkk7x","outgoingEdgeId":"hksic44ubyekjjbanpzg01ub"}],"graphCoordinates":{"x":1999.28,"y":222.81}},{"id":"eaojntx7slkajng4i1panzph","title":"Whatsapp","blocks":[{"id":"clbk1em91001i356ecvct77vh","type":"phone number input","groupId":"eaojntx7slkajng4i1panzph","options":{"labels":{"button":"Enviar","placeholder":"Digite seu Whatsapp"},"variableId":"vclbk1gzv4001l356egriemesh","defaultCountryCode":"BR","retryMessageContent":"Este número parece estar errado. Por favor, verifique e digite novamente."},"outgoingEdgeId":"kgc7bzd4da4o3tzcsys9t4sx"}],"graphCoordinates":{"x":2331.65,"y":296.67}},{"id":"dxucrlpwt51khlbcoxrd4h97","title":"Group #9","blocks":[{"id":"clbk1hwpi001n356e30a4mrou","type":"text","content":{"html":"<div>Então, {{Nome}}. O número {{Telefone}} está correto? <span class=\"slate-bold\">(Um número errado pode fazer você perder sua vaga)</span></div>","richText":[{"type":"p","children":[{"text":"Então, {{Nome}}. O número {{Telefone}} está correto? "},{"bold":true,"text":"(Um número errado pode fazer você perder sua vaga)"}]}],"plainText":"Então, {{Nome}}. O número {{Telefone}} está correto? (Um número errado pode fazer você perder sua vaga)"},"groupId":"dxucrlpwt51khlbcoxrd4h97","outgoingEdgeId":"n7bv4o0nz6yxfixd7vypjz7j"}],"graphCoordinates":{"x":2651.3,"y":240.31}},{"id":"eq2i0a5lglwp4ssbl3672efv","title":"Group #10","blocks":[{"id":"clbk1kf47001q356e1gz8fghe","type":"choice input","items":[{"id":"clbk1kf47001r356ea80aoqy9","type":0,"blockId":"clbk1kf47001q356e1gz8fghe","content":"Sim","outgoingEdgeId":"jh4tbdmy1cad2ocqc97m2q9x"},{"id":"clbk1kpa5001s356efydz5jz3","type":0,"blockId":"clbk1kf47001q356e1gz8fghe","content":"Não","outgoingEdgeId":"apqg2izg80dg7fuvafw0pnrg"}],"groupId":"eq2i0a5lglwp4ssbl3672efv","options":{"buttonLabel":"Send","isMultipleChoice":false}}],"graphCoordinates":{"x":2901.37,"y":-118.31}},{"id":"x1z3fgygv8naz6ms2ykk4r65","title":"Group #11","blocks":[{"id":"clbk1ny5r001w356ea5t3f73u","type":"text","content":{"html":"<div>Maravilha! Qual o seu site? </div>","richText":[{"type":"p","children":[{"text":"Maravilha! Qual o seu site? "}]}],"plainText":"Maravilha! Qual o seu site? "},"groupId":"x1z3fgygv8naz6ms2ykk4r65"},{"id":"pgwk2tod3omur02s0bj90a62","type":"text","content":{"richText":[{"type":"p","children":[{"text":"Caso não tiver site, coloque aqui seu Instagram. (Pessoal ou do seu negócio)"}]}]},"groupId":"x1z3fgygv8naz6ms2ykk4r65","outgoingEdgeId":"kvftm2wymf6lzmbl0abypyd6"}],"graphCoordinates":{"x":3912.75,"y":252.29}},{"id":"o5hdtc3oq2x5omscikopf6ts","title":"Group #12","blocks":[{"id":"clbk1oi1a001z356eamhoiu7i","type":"text input","groupId":"o5hdtc3oq2x5omscikopf6ts","options":{"isLong":false,"labels":{"button":"Enviar","placeholder":"Digite o @ do Instagram"},"variableId":"vdpap1wiudtjvhhsdm9xe20wz"},"outgoingEdgeId":"oywkx3168rb9c8nldnl7tru3"}],"graphCoordinates":{"x":4293.57,"y":249.45}},{"id":"gxsatujzh6c3wx23h97kkjy6","title":"Group #13","blocks":[{"id":"clbk1sy9i0023356e08lcr4ic","type":"text","content":{"html":"<div>Show!</div>","richText":[{"type":"p","children":[{"text":"Show!"}]}],"plainText":"Show!"},"groupId":"gxsatujzh6c3wx23h97kkjy6"},{"id":"clbk1te3q0025356eyublaeqf","type":"text","content":{"html":"<div>{{Nome}}, qual o faturamento MENSAL do seu negócio?</div>","richText":[{"type":"p","children":[{"text":"{{Nome}}, qual o faturamento MENSAL do seu negócio?"}]}],"plainText":"{{Nome}}, qual o faturamento MENSAL do seu negócio?"},"groupId":"gxsatujzh6c3wx23h97kkjy6","outgoingEdgeId":"jqex4qehnr7tjsz14w1ij3an"}],"graphCoordinates":{"x":4711.42,"y":252.86}},{"id":"iqtkx3lfz5d4qqw77s2qa2w2","title":"Faturamento Mensal","blocks":[{"id":"clbk1uqmg0027356erbti8sho","type":"choice input","items":[{"id":"clbk202fz002g356eqput25md","type":0,"blockId":"clbk1uqmg0027356erbti8sho","content":"Menos de 20 Mil","outgoingEdgeId":"yr0nfbxehm8c9u39yx9gkoxd"},{"id":"clbl27fal002o356etnjuwdhn","type":0,"blockId":"clbk1uqmg0027356erbti8sho","content":"De 20 a 30 Mil","outgoingEdgeId":"akyhpsqvg1vmtu3a59dw0oql"},{"id":"clbl27nbz002p356e6y52424s","type":0,"blockId":"clbk1uqmg0027356erbti8sho","content":"De 30 a 40 Mil","outgoingEdgeId":"c7mjl96rwdl1t0p89zve22u4"},{"id":"clbk1vlso0029356epy3ptp6w","type":0,"blockId":"clbk1uqmg0027356erbti8sho","content":"De 40 a 75 Mil","outgoingEdgeId":"rxh7u9vwp0437egqyodib7wh"},{"id":"clbk1w686002a356eed54jmxu","type":0,"blockId":"clbk1uqmg0027356erbti8sho","content":"De 75 a 100 Mil","outgoingEdgeId":"ljdsegddgtp2hjf42o3o2743"},{"id":"clbk1xqzc002b356exdzff34f","type":0,"blockId":"clbk1uqmg0027356erbti8sho","content":"De 100 a 150 Mil","outgoingEdgeId":"cfu9td6yw4v7pnlk1hd2286g"},{"id":"clbk1y0xj002c356e9eubpi30","type":0,"blockId":"clbk1uqmg0027356erbti8sho","content":"De 150 a 200 Mil","outgoingEdgeId":"b9rrjykyy8xmkv508xy6kgz9"},{"id":"clbk1yn77002d356etjjcnnre","type":0,"blockId":"clbk1uqmg0027356erbti8sho","content":"De 200 a 300 Mil","outgoingEdgeId":"sjjqayswpi4ntkmy3idjczfl"},{"id":"clbk1z80w002e356evn0czn20","type":0,"blockId":"clbk1uqmg0027356erbti8sho","content":"De 300 a 500 Mil","outgoingEdgeId":"m5h5mbuu0u5wz10dyat1bv5m"},{"id":"clbk1zfuf002f356ecypjcmn6","type":0,"blockId":"clbk1uqmg0027356erbti8sho","content":"Mais de 500Mil","outgoingEdgeId":"vll52sje4770enkw1johhekr"}],"groupId":"iqtkx3lfz5d4qqw77s2qa2w2","options":{"buttonLabel":"Send","isMultipleChoice":false}}],"graphCoordinates":{"x":5139.98,"y":241.26}},{"id":"gz9f8dsqbt1z5zodauebbed3","title":"Group #17","blocks":[{"id":"clbk2b63q002u356e8t0rpbl6","type":"text","content":{"richText":[{"type":"p","children":[{"text":"Se você tivesse acesso a "},{"bold":true,"text":"estratégia perfeita"},{"text":" para aumentar o faturamento do seu "},{"bold":true,"text":"do seu consultório ou clínica médica"},{"text":", quanto estaria disposto a investir por mês?"}]}]},"groupId":"gz9f8dsqbt1z5zodauebbed3","outgoingEdgeId":"vqq5r38vh6hkb1aii78xvrqu"}],"graphCoordinates":{"x":6058.33,"y":310.63}},{"id":"akwx85bv1uiw9oa2hekl7ont","title":"Disponibilidade Investimento","blocks":[{"id":"clbk2dtkw0034356eeab7zac8","type":"choice input","items":[{"id":"clbk2mcs5003o356erzlq4tl4","type":0,"blockId":"clbk2dtkw0034356eeab7zac8","content":"De R$1.500 a R$1.999","outgoingEdgeId":"tl8b2mmmblp8k594bzm98brq"},{"id":"clbk2n4bs003p356ejha9uwsq","type":0,"blockId":"clbk2dtkw0034356eeab7zac8","content":"De R$2.000 a R$2.600","outgoingEdgeId":"ji4texk93d39a18uhlw9sx0l"},{"id":"clbk2nyiy003q356e5of63d5d","type":0,"blockId":"clbk2dtkw0034356eeab7zac8","content":"De R$2.600 a R$4.000","outgoingEdgeId":"vtojmqjx5l458zyzglyusox2"},{"id":"clbk2omtt003r356ei3rbcws7","type":0,"blockId":"clbk2dtkw0034356eeab7zac8","content":"De R$4.100 a R$6.000","outgoingEdgeId":"rabcif9oaxfm23qwngkn9nlr"},{"id":"clbk2pkld003s356esnj22rrr","type":0,"blockId":"clbk2dtkw0034356eeab7zac8","content":"De R$6.100 a R$10.000","outgoingEdgeId":"xbzhdztiqulvoo57m7r6ym18"},{"id":"clbk2q6c2003t356etdrudarq","type":0,"blockId":"clbk2dtkw0034356eeab7zac8","content":"De R$10.100 a R$15.000","outgoingEdgeId":"tsjar0jo1n5l953qezw13o35"},{"id":"clbk2qvq9003u356ew6vi4ha9","type":0,"blockId":"clbk2dtkw0034356eeab7zac8","content":"Acima de R$15.000","outgoingEdgeId":"fxky470at68xrc2cu581e6tu"},{"id":"clbk2r8qi003v356eaqm90vmz","type":0,"blockId":"clbk2dtkw0034356eeab7zac8","content":"Não Estou Disposto a Investir Nada","outgoingEdgeId":"kup1edy1sl9v0ubqy6ltdx8q"},{"id":"cld0ioxwi0008356j70zhortz","type":0,"blockId":"clbk2dtkw0034356eeab7zac8","content":"Menos de R$1.500","outgoingEdgeId":"hdpvol0h1kf3ne3w4ioce0j4"}],"groupId":"akwx85bv1uiw9oa2hekl7ont","options":{"buttonLabel":"Send","isMultipleChoice":false}}],"graphCoordinates":{"x":6466.22,"y":312.72}},{"id":"douhxov5rh1n91wwenql8y17","title":"Buyer Jorney","blocks":[{"id":"clbk2wg820046356e2uh2e6na","type":"text","content":{"html":"<div>{{Nome}}, qual das opções abaixo melhor descreve o seu momento atual?</div>","richText":[{"type":"p","children":[{"text":"{{Nome}}, qual das opções abaixo melhor descreve o seu momento atual?"}]}],"plainText":"{{Nome}}, qual das opções abaixo melhor descreve o seu momento atual?"},"groupId":"douhxov5rh1n91wwenql8y17","outgoingEdgeId":"dfxwdlo866yyou35py11d5wi"}],"graphCoordinates":{"x":7448.13,"y":425.99}},{"id":"f6fs6wrak1nwd50xo1fp20dh","title":"Buyer Jorney","blocks":[{"id":"clbk2x6ax0049356eazosraqv","type":"choice input","items":[{"id":"clbk2x6ax004a356e51kfde6n","type":0,"blockId":"clbk2x6ax0049356eazosraqv","content":"Ouvi falar que o marketing digital pode ajudar minha empresa","outgoingEdgeId":"v6ekib9ge1e38fizthqdbbl0"},{"id":"clbk2xr6q004b356edn5tbdyn","type":0,"blockId":"clbk2x6ax0049356eazosraqv","content":"Acredito que o marketing digital é bom para a minha empresa, mas preciso saber mais","outgoingEdgeId":"xt0js8q35vlcaj90trfl4e59"},{"id":"clbk2y5zm004c356epcol05hr","type":0,"blockId":"clbk2x6ax0049356eazosraqv","content":"Estou escolhendo uma empresa de marketing digital para contratar","outgoingEdgeId":"py021pzmw5hnq2vi7xi1ryu8"}],"groupId":"f6fs6wrak1nwd50xo1fp20dh","options":{"buttonLabel":"Send","isMultipleChoice":false}}],"graphCoordinates":{"x":7901.61,"y":436.05}},{"id":"jftq091y8s4chdv73h0qj8dx","title":"Group #24","blocks":[{"id":"clbk362vl004n356epwv31bfb","type":"text","content":{"html":"<div>Olha, {{Nome}}</div>","richText":[{"type":"p","children":[{"text":"Olha, {{Nome}}"}]}],"plainText":"Olha, {{Nome}}"},"groupId":"jftq091y8s4chdv73h0qj8dx"},{"id":"clbk36xmn004o356ey50womgp","type":"text","content":{"richText":[{"type":"p","children":[{"text":"Reunindo as informações que foram passadas, infelizmente não conseguimos te ajudar na consultoria gratuita."}]}]},"groupId":"jftq091y8s4chdv73h0qj8dx"},{"id":"clbk38bno004p356e051alemw","type":"text","content":{"richText":[{"type":"p","children":[{"text":"Talvez ainda não seja o momento certo para você ter uma "},{"bold":true,"text":"Máquina de Pacientes Particulares Automática."}]}]},"groupId":"jftq091y8s4chdv73h0qj8dx"},{"id":"cld0j51d7000p356jnmbbl3oa","type":"text","content":{"html":"<div>De qualquer forma, agradecemos muito pelo seu tempo e te parabenizamos pela vontade de poder expandir seu negócio</div>","richText":[{"type":"p","children":[{"text":"De qualquer forma, agradecemos muito pelo seu tempo e te parabenizamos pela vontade de poder expandir seu negócio"}]}],"plainText":"De qualquer forma, agradecemos muito pelo seu tempo e te parabenizamos pela vontade de poder expandir seu negócio"},"groupId":"jftq091y8s4chdv73h0qj8dx","outgoingEdgeId":"v85hu4hbhpsmj0ce731j5oao"}],"graphCoordinates":{"x":7336.93,"y":2773.26}},{"id":"bcsfnqd5pxyzrl6wywgqc95p","title":"Obrigado","blocks":[{"id":"clbk3pl7n0052356eo60y2c5q","type":"Redirect","groupId":"bcsfnqd5pxyzrl6wywgqc95p","options":{"url":"https://jairoconsoli.com/obrigado-30min/","isNewTab":false}}],"graphCoordinates":{"x":8423.56,"y":390.26}},{"id":"s6lw6hjj91qnfc6d879izy62","title":"Group #21","blocks":[{"id":"clcalt7hl000g356j3095igrh","type":"Set variable","groupId":"s6lw6hjj91qnfc6d879izy62","options":{"variableId":"vclcaltzov000h356jl744lc8i"}},{"id":"clcalv4kw000k356jn5d7i2qr","type":"Set variable","groupId":"s6lw6hjj91qnfc6d879izy62","options":{"variableId":"vclcalvi5e000l356jf39aqysd"}},{"id":"clcalvnt6000m356jd9yr78ox","type":"Set variable","groupId":"s6lw6hjj91qnfc6d879izy62","options":{"variableId":"vclcalvys4000o356juq0uzlb8"}},{"id":"clcalvqgs000n356jdcyfywzr","type":"Set variable","groupId":"s6lw6hjj91qnfc6d879izy62","options":{"variableId":"vclcalwa3y000p356jsujofdso"}}],"graphCoordinates":{"x":93.67,"y":288}},{"id":"i91mp2eeowottwrkt2703pbj","title":"Confirmando o Investimento","blocks":[{"id":"cld0iqxcb000c356jb3tlf8z4","type":"text","content":{"html":"<div>{{Nome}}.</div>","richText":[{"type":"p","children":[{"text":"{{Nome}}."}]}],"plainText":"{{Nome}}."},"groupId":"i91mp2eeowottwrkt2703pbj"},{"id":"cld0iramx000d356jebt0gsyg","type":"text","content":{"richText":[{"type":"p","children":[{"text":"Nossos clientes hoje investem a partir de "},{"bold":true,"text":"R$3.500/mês "},{"text":"pelos nossos serviços"}]}]},"groupId":"i91mp2eeowottwrkt2703pbj"},{"id":"cld0isrkb000e356j1c8b6gg2","type":"text","content":{"richText":[{"type":"p","children":[{"text":"Caso você se identifique com a "},{"bold":true,"text":"Maquina de Pacientes Particulares Automática"},{"text":" que vamos aplicar para te ajudar a "},{"bold":true,"text":"aumentar o seu fluxo constante de pacientes particulares nos próximos meses"},{"text":", você consideraria esse valor no seu orçamento ou está fora da sua realidade neste momento?"}]}]},"groupId":"i91mp2eeowottwrkt2703pbj","outgoingEdgeId":"ii7s77w2jq1b9rw0q3m7q8fz"}],"graphCoordinates":{"x":7464.69,"y":1863.89}},{"id":"lutwgp3dlosq2uko76aem26l","title":"Group #23","blocks":[{"id":"cld0j82u6000x356j45un5e7d","type":"Redirect","groupId":"lutwgp3dlosq2uko76aem26l","options":{"url":"instagram.com","isNewTab":false}}],"graphCoordinates":{"x":8127.99,"y":3165.09}},{"id":"fhiur9razm0r23ppc23sx5u2","title":"Group #24","blocks":[{"id":"cld0ixpej000f356jyfki2s0o","type":"choice input","items":[{"id":"cld0ixpej000g356jcw3l5h3f","type":0,"blockId":"cld0ixpej000f356jyfki2s0o","content":"Se eu gostar posso encaixar no meu financeiro","outgoingEdgeId":"s4jm0ijlzked362oupe3ml6q"},{"id":"cld0izn6k000j356jzjjsajt8","type":0,"blockId":"cld0ixpej000f356jyfki2s0o","content":"No momento, este valor está fora da minha realidade","outgoingEdgeId":"g3l639rlj5gad0401xop3x5y"}],"groupId":"fhiur9razm0r23ppc23sx5u2","options":{"buttonLabel":"Send","isMultipleChoice":false}}],"graphCoordinates":{"x":7914.42,"y":2295.38}},{"id":"n1ciha7vfrlx0uh0eitg8uqi","title":"Group #25","blocks":[{"id":"cld0j7m2b000t356jmywlfwvd","type":"choice input","items":[{"id":"cld0j7m2b000u356jg7b2wdcn","type":0,"blockId":"cld0j7m2b000t356jmywlfwvd","content":"Toque para retornar ao seu FEED","outgoingEdgeId":"rddkcfvafth1x5btiyfoehoq"}],"groupId":"n1ciha7vfrlx0uh0eitg8uqi","options":{"buttonLabel":"Send","isMultipleChoice":false}}],"graphCoordinates":{"x":7752.91,"y":3073.36}}],"variables":[{"id":"vclbk1764g0012356e41p1jrmd","name":"Nome"},{"id":"vclbk1by25001c356etu4woeew","name":"Email"},{"id":"vclbk1gzv4001l356egriemesh","name":"Telefone"},{"id":"vclbk1p2gm0021356e7g1k593h","name":"Instagram"},{"id":"vclbk2fpu70038356eub3h27ej","name":"Dispon.Investimento"},{"id":"vclbk2gx8m003a356ef9agegf9","name":"Faturamento Mensal"},{"id":"vclbk2zk5t004g356e070mvbam","name":"Buyer Jorney"},{"id":"vclbk30tlb004k356e2p48812g","name":"Solution Selection"},{"id":"vclcaltzov000h356jl744lc8i","name":"utm_campaign"},{"id":"vclcalvi5e000l356jf39aqysd","name":"utm_medium"},{"id":"vclcalvys4000o356juq0uzlb8","name":"utm_source"},{"id":"vclcalwa3y000p356jsujofdso","name":"utm_content"},{"id":"vdpap1wiudtjvhhsdm9xe20wz","name":"site"}],"edges":[{"id":"xifpxlzdtw8cja23zwbn0may","to":{"groupId":"xjg302yejh8lsecq58foi3nq"},"from":{"blockId":"clbk0lonb000908l701ns28kv","groupId":"g99bny1hgo8bl0fmtscjpe7x"}},{"id":"cozib80f0ixoqjjw6acc8hdd","to":{"groupId":"vppkpovh68m6jfmh3vigs8tm"},"from":{"blockId":"clbk11nxi000t356ezqe62m91","groupId":"xjg302yejh8lsecq58foi3nq"}},{"id":"rrdhf04q8kixdri7nxusnz6s","to":{"groupId":"lnq5w8egnwgdqdrn4olmn344"},"from":{"blockId":"clbk1a7380017356ed8c7de1f","groupId":"l5jjk65o7hu3bt58u844jglf"}},{"id":"hksic44ubyekjjbanpzg01ub","to":{"groupId":"eaojntx7slkajng4i1panzph"},"from":{"blockId":"clbk1e959001g356eoix4mgwp","groupId":"o3t5m1wjew02zo5zlutxkk7x"}},{"id":"kgc7bzd4da4o3tzcsys9t4sx","to":{"groupId":"dxucrlpwt51khlbcoxrd4h97"},"from":{"blockId":"clbk1em91001i356ecvct77vh","groupId":"eaojntx7slkajng4i1panzph"}},{"id":"n7bv4o0nz6yxfixd7vypjz7j","to":{"groupId":"eq2i0a5lglwp4ssbl3672efv"},"from":{"blockId":"clbk1hwpi001n356e30a4mrou","groupId":"dxucrlpwt51khlbcoxrd4h97"}},{"id":"apqg2izg80dg7fuvafw0pnrg","to":{"groupId":"o3t5m1wjew02zo5zlutxkk7x"},"from":{"itemId":"clbk1kpa5001s356efydz5jz3","blockId":"clbk1kf47001q356e1gz8fghe","groupId":"eq2i0a5lglwp4ssbl3672efv"}},{"id":"oywkx3168rb9c8nldnl7tru3","to":{"groupId":"gxsatujzh6c3wx23h97kkjy6"},"from":{"blockId":"clbk1oi1a001z356eamhoiu7i","groupId":"o5hdtc3oq2x5omscikopf6ts"}},{"id":"jqex4qehnr7tjsz14w1ij3an","to":{"groupId":"iqtkx3lfz5d4qqw77s2qa2w2"},"from":{"blockId":"clbk1te3q0025356eyublaeqf","groupId":"gxsatujzh6c3wx23h97kkjy6"}},{"id":"vqq5r38vh6hkb1aii78xvrqu","to":{"groupId":"akwx85bv1uiw9oa2hekl7ont"},"from":{"blockId":"clbk2b63q002u356e8t0rpbl6","groupId":"gz9f8dsqbt1z5zodauebbed3"}},{"id":"dfxwdlo866yyou35py11d5wi","to":{"groupId":"f6fs6wrak1nwd50xo1fp20dh"},"from":{"blockId":"clbk2wg820046356e2uh2e6na","groupId":"douhxov5rh1n91wwenql8y17"}},{"id":"rxh7u9vwp0437egqyodib7wh","to":{"groupId":"gz9f8dsqbt1z5zodauebbed3"},"from":{"itemId":"clbk1vlso0029356epy3ptp6w","blockId":"clbk1uqmg0027356erbti8sho","groupId":"iqtkx3lfz5d4qqw77s2qa2w2"}},{"id":"ljdsegddgtp2hjf42o3o2743","to":{"groupId":"gz9f8dsqbt1z5zodauebbed3"},"from":{"itemId":"clbk1w686002a356eed54jmxu","blockId":"clbk1uqmg0027356erbti8sho","groupId":"iqtkx3lfz5d4qqw77s2qa2w2"}},{"id":"cfu9td6yw4v7pnlk1hd2286g","to":{"groupId":"gz9f8dsqbt1z5zodauebbed3"},"from":{"itemId":"clbk1xqzc002b356exdzff34f","blockId":"clbk1uqmg0027356erbti8sho","groupId":"iqtkx3lfz5d4qqw77s2qa2w2"}},{"id":"b9rrjykyy8xmkv508xy6kgz9","to":{"groupId":"gz9f8dsqbt1z5zodauebbed3"},"from":{"itemId":"clbk1y0xj002c356e9eubpi30","blockId":"clbk1uqmg0027356erbti8sho","groupId":"iqtkx3lfz5d4qqw77s2qa2w2"}},{"id":"sjjqayswpi4ntkmy3idjczfl","to":{"groupId":"gz9f8dsqbt1z5zodauebbed3"},"from":{"itemId":"clbk1yn77002d356etjjcnnre","blockId":"clbk1uqmg0027356erbti8sho","groupId":"iqtkx3lfz5d4qqw77s2qa2w2"}},{"id":"m5h5mbuu0u5wz10dyat1bv5m","to":{"blockId":"clbk2b63q002u356e8t0rpbl6","groupId":"gz9f8dsqbt1z5zodauebbed3"},"from":{"itemId":"clbk1z80w002e356evn0czn20","blockId":"clbk1uqmg0027356erbti8sho","groupId":"iqtkx3lfz5d4qqw77s2qa2w2"}},{"id":"vll52sje4770enkw1johhekr","to":{"groupId":"gz9f8dsqbt1z5zodauebbed3"},"from":{"itemId":"clbk1zfuf002f356ecypjcmn6","blockId":"clbk1uqmg0027356erbti8sho","groupId":"iqtkx3lfz5d4qqw77s2qa2w2"}},{"id":"ji4texk93d39a18uhlw9sx0l","to":{"groupId":"douhxov5rh1n91wwenql8y17"},"from":{"itemId":"clbk2n4bs003p356ejha9uwsq","blockId":"clbk2dtkw0034356eeab7zac8","groupId":"akwx85bv1uiw9oa2hekl7ont"}},{"id":"vtojmqjx5l458zyzglyusox2","to":{"groupId":"douhxov5rh1n91wwenql8y17"},"from":{"itemId":"clbk2nyiy003q356e5of63d5d","blockId":"clbk2dtkw0034356eeab7zac8","groupId":"akwx85bv1uiw9oa2hekl7ont"}},{"id":"rabcif9oaxfm23qwngkn9nlr","to":{"groupId":"douhxov5rh1n91wwenql8y17"},"from":{"itemId":"clbk2omtt003r356ei3rbcws7","blockId":"clbk2dtkw0034356eeab7zac8","groupId":"akwx85bv1uiw9oa2hekl7ont"}},{"id":"xbzhdztiqulvoo57m7r6ym18","to":{"groupId":"douhxov5rh1n91wwenql8y17"},"from":{"itemId":"clbk2pkld003s356esnj22rrr","blockId":"clbk2dtkw0034356eeab7zac8","groupId":"akwx85bv1uiw9oa2hekl7ont"}},{"id":"tsjar0jo1n5l953qezw13o35","to":{"groupId":"douhxov5rh1n91wwenql8y17"},"from":{"itemId":"clbk2q6c2003t356etdrudarq","blockId":"clbk2dtkw0034356eeab7zac8","groupId":"akwx85bv1uiw9oa2hekl7ont"}},{"id":"fxky470at68xrc2cu581e6tu","to":{"groupId":"douhxov5rh1n91wwenql8y17"},"from":{"itemId":"clbk2qvq9003u356ew6vi4ha9","blockId":"clbk2dtkw0034356eeab7zac8","groupId":"akwx85bv1uiw9oa2hekl7ont"}},{"id":"kup1edy1sl9v0ubqy6ltdx8q","to":{"groupId":"jftq091y8s4chdv73h0qj8dx"},"from":{"itemId":"clbk2r8qi003v356eaqm90vmz","blockId":"clbk2dtkw0034356eeab7zac8","groupId":"akwx85bv1uiw9oa2hekl7ont"}},{"id":"yr0nfbxehm8c9u39yx9gkoxd","to":{"groupId":"gz9f8dsqbt1z5zodauebbed3"},"from":{"itemId":"clbk202fz002g356eqput25md","blockId":"clbk1uqmg0027356erbti8sho","groupId":"iqtkx3lfz5d4qqw77s2qa2w2"}},{"id":"akyhpsqvg1vmtu3a59dw0oql","to":{"groupId":"gz9f8dsqbt1z5zodauebbed3"},"from":{"itemId":"clbl27fal002o356etnjuwdhn","blockId":"clbk1uqmg0027356erbti8sho","groupId":"iqtkx3lfz5d4qqw77s2qa2w2"}},{"id":"c7mjl96rwdl1t0p89zve22u4","to":{"groupId":"gz9f8dsqbt1z5zodauebbed3"},"from":{"itemId":"clbl27nbz002p356e6y52424s","blockId":"clbk1uqmg0027356erbti8sho","groupId":"iqtkx3lfz5d4qqw77s2qa2w2"}},{"id":"rca9slndzlrly55gk36oirek","to":{"groupId":"xua0q97ti2jvfq6h2z1gypmg"},"from":{"blockId":"clbk16eil000x356ef46p5nft","groupId":"xw41bkojkddimf4lqmrb5kfb"}},{"id":"hdpvol0h1kf3ne3w4ioce0j4","to":{"groupId":"i91mp2eeowottwrkt2703pbj"},"from":{"itemId":"cld0ioxwi0008356j70zhortz","blockId":"clbk2dtkw0034356eeab7zac8","groupId":"akwx85bv1uiw9oa2hekl7ont"}},{"id":"tl8b2mmmblp8k594bzm98brq","to":{"groupId":"i91mp2eeowottwrkt2703pbj"},"from":{"itemId":"clbk2mcs5003o356erzlq4tl4","blockId":"clbk2dtkw0034356eeab7zac8","groupId":"akwx85bv1uiw9oa2hekl7ont"}},{"id":"rddkcfvafth1x5btiyfoehoq","to":{"groupId":"lutwgp3dlosq2uko76aem26l"},"from":{"itemId":"cld0j7m2b000u356jg7b2wdcn","blockId":"cld0j7m2b000t356jmywlfwvd","groupId":"n1ciha7vfrlx0uh0eitg8uqi"}},{"id":"g3l639rlj5gad0401xop3x5y","to":{"groupId":"jftq091y8s4chdv73h0qj8dx"},"from":{"itemId":"cld0izn6k000j356jzjjsajt8","blockId":"cld0ixpej000f356jyfki2s0o","groupId":"fhiur9razm0r23ppc23sx5u2"}},{"id":"afskp7ldqiaee5i5zw6i4l0g","to":{"blockId":"clbk1cm19001e356e4aekule8","groupId":"o3t5m1wjew02zo5zlutxkk7x"},"from":{"blockId":"clbk16s0u0010356eml8xllcc","groupId":"xua0q97ti2jvfq6h2z1gypmg"}},{"id":"xsxkd0vav9vpz6f279gbx8vd","to":{"groupId":"x1z3fgygv8naz6ms2ykk4r65"},"from":{"blockId":"clbk1b080001a356enbql6ydj","groupId":"lnq5w8egnwgdqdrn4olmn344"}},{"id":"kvftm2wymf6lzmbl0abypyd6","to":{"groupId":"o5hdtc3oq2x5omscikopf6ts"},"from":{"blockId":"pgwk2tod3omur02s0bj90a62","groupId":"x1z3fgygv8naz6ms2ykk4r65"}},{"id":"ii7s77w2jq1b9rw0q3m7q8fz","to":{"groupId":"fhiur9razm0r23ppc23sx5u2"},"from":{"blockId":"cld0isrkb000e356j1c8b6gg2","groupId":"i91mp2eeowottwrkt2703pbj"}},{"id":"s4jm0ijlzked362oupe3ml6q","to":{"blockId":"clbk2wg820046356e2uh2e6na","groupId":"douhxov5rh1n91wwenql8y17"},"from":{"itemId":"cld0ixpej000g356jcw3l5h3f","blockId":"cld0ixpej000f356jyfki2s0o","groupId":"fhiur9razm0r23ppc23sx5u2"}},{"id":"v85hu4hbhpsmj0ce731j5oao","to":{"blockId":"cld0j7m2b000t356jmywlfwvd","groupId":"n1ciha7vfrlx0uh0eitg8uqi"},"from":{"blockId":"cld0j51d7000p356jnmbbl3oa","groupId":"jftq091y8s4chdv73h0qj8dx"}},{"id":"jh4tbdmy1cad2ocqc97m2q9x","to":{"blockId":"clbk1a0lq0016356exqh350bi","groupId":"l5jjk65o7hu3bt58u844jglf"},"from":{"itemId":"clbk1kf47001r356ea80aoqy9","blockId":"clbk1kf47001q356e1gz8fghe","groupId":"eq2i0a5lglwp4ssbl3672efv"}},{"id":"mmlbr86a2plan11zy81e50vr","to":{"groupId":"xw41bkojkddimf4lqmrb5kfb"},"from":{"itemId":"clbk0z0ba000q356e6z89oeso","blockId":"clbk0z0ba000p356eska8yqde","groupId":"vppkpovh68m6jfmh3vigs8tm"}},{"id":"v6ekib9ge1e38fizthqdbbl0","to":{"groupId":"bcsfnqd5pxyzrl6wywgqc95p"},"from":{"itemId":"clbk2x6ax004a356e51kfde6n","blockId":"clbk2x6ax0049356eazosraqv","groupId":"f6fs6wrak1nwd50xo1fp20dh"}},{"id":"xt0js8q35vlcaj90trfl4e59","to":{"groupId":"bcsfnqd5pxyzrl6wywgqc95p"},"from":{"itemId":"clbk2xr6q004b356edn5tbdyn","blockId":"clbk2x6ax0049356eazosraqv","groupId":"f6fs6wrak1nwd50xo1fp20dh"}},{"id":"py021pzmw5hnq2vi7xi1ryu8","to":{"groupId":"bcsfnqd5pxyzrl6wywgqc95p"},"from":{"itemId":"clbk2y5zm004c356epcol05hr","blockId":"clbk2x6ax0049356eazosraqv","groupId":"f6fs6wrak1nwd50xo1fp20dh"}}],"theme":{"chat":{"inputs":{"color":"#303235","backgroundColor":"#FFFFFF","placeholderColor":"#9095A0"},"buttons":{"color":"#FFFFFF","backgroundColor":"#0042DA"},"hostAvatar":{"url":"https://s3.fr-par.scw.cloud/typebot/public/typebots/i4wl7szqduaxfs6ec2oj9ezj/hostAvatar?v=1687621112760","isEnabled":true},"guestAvatar":{"isEnabled":false},"hostBubbles":{"color":"#303235","backgroundColor":"#F7F8FF"},"guestBubbles":{"color":"#FFFFFF","backgroundColor":"#FF8E21"}},"general":{"font":"Open Sans","background":{"type":"None"}}},"settings":{"general":{"isBrandingEnabled":true,"isInputPrefillEnabled":true,"isResultSavingEnabled":true,"isHideQueryParamsEnabled":true,"isNewResultOnRefreshEnabled":false},"metadata":{"description":"Build beautiful conversational forms and embed them directly in your applications without a line of code. Triple your response rate and collect answers that has more value compared to a traditional form."},"typingEmulation":{"speed":750,"enabled":true,"maxDelay":1.5}}}