{"id":"clhkoasii001fji0f3joi9omy","version":"3","groups":[{"id":"xdq6tfxa4f8exzp9mlkj49og","title":"Start","blocks":[{"id":"ir8bd34j5qwkdxo15ikwrt8f","type":"start","label":"Start","groupId":"xdq6tfxa4f8exzp9mlkj49og","outgoingEdgeId":"o22036t6ihh9zroidfim9iqf"}],"graphCoordinates":{"x":0,"y":0}},{"id":"zv7og7qbqfekbw78ajvkdds1","title":"introdução","blocks":[{"id":"urusnyxtq7e45nimiv492e1a","type":"text","content":{"html":"<div>Bem-vindo ao processo de aplicação da <span class=\"slate-bold\">EGG EDUCA</span> para o curso <span class=\"slate-bold\">Finanças para Restaurante.</span></div>","richText":[{"type":"p","children":[{"text":"Bem-vindo ao processo de aplicação da "},{"bold":true,"text":"EGG EDUCA"},{"text":" para o curso "},{"bold":true,"text":"Finanças para Restaurante."}]}],"plainText":"Bem-vindo ao processo de aplicação da EGG EDUCA para o curso Finanças para Restaurante."},"groupId":"zv7og7qbqfekbw78ajvkdds1","outgoingEdgeId":"xbdecayhlh6xyx2xafvfveep"}],"graphCoordinates":{"x":424.8888888888888,"y":-110.31276222511568}},{"id":"q7g1l8s7dlze7gy2844egwlv","title":"Vamos lá","blocks":[{"id":"mgmpb1syfr3wiptfnnhkyq81","type":"choice input","items":[{"id":"e7naflygux7jm747itlun2uh","type":0,"blockId":"mgmpb1syfr3wiptfnnhkyq81","content":"Vamos lá!","outgoingEdgeId":"iylzyyyuw9sxxcgxxk5nhpoe"}],"groupId":"q7g1l8s7dlze7gy2844egwlv","options":{"buttonLabel":"Send","isMultipleChoice":false}}],"graphCoordinates":{"x":904.8888888888888,"y":-62.74074074074069}},{"id":"hfpjgn3rcjuom4j9i4mon4wb","title":"Pergunta nome","blocks":[{"id":"wehhdohzsa7kdpqx6pdfp1pf","type":"text","content":{"html":"<div>Qual  seu nome?</div>","richText":[{"type":"p","children":[{"text":"Qual  seu nome?"}]}],"plainText":"Qual  seu nome?"},"groupId":"hfpjgn3rcjuom4j9i4mon4wb","outgoingEdgeId":"tzxempoteqpqdvmw2wnhw35r"}],"graphCoordinates":{"x":1383.2132455331307,"y":-1.6444413926865806}},{"id":"lvkcri7pvrfjo202teaei7fu","title":"Nome","blocks":[{"id":"t75lnaerza7lyqetqejcbv51","type":"text input","groupId":"lvkcri7pvrfjo202teaei7fu","options":{"isLong":false,"labels":{"button":"Enviar","placeholder":"Digite Seu Nome"},"variableId":"vfra4k90j1pszimgpwiz8lxfv"},"outgoingEdgeId":"smssy1736n1t47hunhkdfaap"}],"graphCoordinates":{"x":1821.761357060185,"y":36.51851851851857}},{"id":"wt82jd9se377olrcb635eorn","title":"Pergunta email","blocks":[{"id":"g8oa3hekz32vv3d59wnvtiz7","type":"text","content":{"html":"<div>Qual seu melhor e-mail?</div>","richText":[{"type":"p","children":[{"text":"Qual seu melhor e-mail?"}]}],"plainText":"Qual seu melhor e-mail?"},"groupId":"wt82jd9se377olrcb635eorn"},{"id":"v5xrp1l0fjnsyexlmqcciowo","type":"text","content":{"html":"<div>(Só lembrando que vou mandar informações importantes para você por lá)</div>","richText":[{"type":"p","children":[{"text":"(Só lembrando que vou mandar informações importantes para você por lá)"}]}],"plainText":"(Só lembrando que vou mandar informações importantes para você por lá)"},"groupId":"wt82jd9se377olrcb635eorn","outgoingEdgeId":"g9ucl8j90xfvggu8larrwxrz"}],"graphCoordinates":{"x":2225.2182074652774,"y":-19.119457103587912}},{"id":"xl3x7un5hxljy0k5edh3ugm9","title":"email","blocks":[{"id":"dcls88afrzsz20kd581wddtn","type":"email input","groupId":"xl3x7un5hxljy0k5edh3ugm9","options":{"labels":{"button":"Send","placeholder":"Digite seu Email"},"variableId":"vhoggf1h4c7hnh5vqkek2xxa4","retryMessageContent":"Este email parece estar errado. Digite novamente"},"outgoingEdgeId":"x41sev2uqmwsd33kef8yvz7a"}],"graphCoordinates":{"x":2696.8232060185187,"y":27.46506076388894}},{"id":"tkw51asileu60xg7virno4qa","title":"Pergunta whatsapp","blocks":[{"id":"fopdh6fturawjhe525kikpox","type":"text","content":{"html":"<div>Qual o seu Whatsapp?</div>","richText":[{"type":"p","children":[{"text":"Qual o seu Whatsapp?"}]}],"plainText":"Qual o seu Whatsapp?"},"groupId":"tkw51asileu60xg7virno4qa"},{"id":"x975ce95plyxy5z3t61a8nmi","type":"text","content":{"html":"<div><span class=\"slate-bold\">Importante: </span>Para que eu consiga entrar em contato pra te avisar sobre sua pré -aprovação no processo.</div>","richText":[{"type":"p","children":[{"bold":true,"text":"Importante: "},{"text":"Para que eu consiga entrar em contato pra te avisar sobre sua pré -aprovação no processo."}]}],"plainText":"Importante: Para que eu consiga entrar em contato pra te avisar sobre sua pré -aprovação no processo."},"groupId":"tkw51asileu60xg7virno4qa","outgoingEdgeId":"s7jmm00rsg8f4ee0czsqxvfp"}],"graphCoordinates":{"x":3130.403754340278,"y":10.827085141782456}},{"id":"rs3lr083fap46xhtll84cv72","title":"whatsapp","blocks":[{"id":"oo9odblfcnzzsw8nlwxybmx0","type":"phone number input","groupId":"rs3lr083fap46xhtll84cv72","options":{"labels":{"button":"Enviar","placeholder":"Digite seu Whatsapp"},"variableId":"vxxgdcoezhl89vb688tmxv7u5","defaultCountryCode":"BR","retryMessageContent":"Este número parece estar errado. Por favor, verifique e digite novamente."},"outgoingEdgeId":"a0565dsflzjuipmj08hv0o91"}],"graphCoordinates":{"x":3597.8934461805557,"y":71.9093469690394}},{"id":"miidpi2no7nqy0iz85ra1otl","title":"confirmação número","blocks":[{"id":"ngjse80zqmb2cnr0rt9t9frh","type":"text","content":{"html":"<div>Então, {{nome}}. O número {{whatsapp}} está correto? <span class=\"slate-bold\">(Um número errado pode fazer você perder sua vaga)</span></div>","richText":[{"type":"p","children":[{"text":"Então, {{nome}}. O número {{whatsapp}} está correto? "},{"bold":true,"text":"(Um número errado pode fazer você perder sua vaga)"}]}],"plainText":"Então, {{nome}}. O número {{whatsapp}} está correto? (Um número errado pode fazer você perder sua vaga)"},"groupId":"miidpi2no7nqy0iz85ra1otl","outgoingEdgeId":"nu86ezdii2urppcl4yzq50br"}],"graphCoordinates":{"x":3992.461407696759,"y":21.86840820312505}},{"id":"y5p1005zbc4kmv0vqouaivxj","title":"resposta número correto","blocks":[{"id":"xjfklor00167elfq7kr9981d","type":"choice input","items":[{"id":"ngp8znixyfgb4fkzq5aeu8br","type":0,"blockId":"xjfklor00167elfq7kr9981d","content":"Sim","outgoingEdgeId":"xngfb1jsu5tmm2f60wun1pbb"},{"id":"egtng59ioc3gdeq8hryofql7","type":0,"blockId":"xjfklor00167elfq7kr9981d","content":"Não","outgoingEdgeId":"q2yuyhhvt959tv6ca6wu2g8t"}],"groupId":"y5p1005zbc4kmv0vqouaivxj","options":{"buttonLabel":"Send","isMultipleChoice":false}},{"id":"df4a36992cpobq2f6rx3h8cy","type":"choice input","items":[],"groupId":"y5p1005zbc4kmv0vqouaivxj","options":{"buttonLabel":"Send","isMultipleChoice":false}}],"graphCoordinates":{"x":3609.416160300926,"y":381.37429470486103}},{"id":"risqp17fvf2wj2wf6og951le","title":"Faturamento","blocks":[{"id":"g39ve9pd1zu96vy6my8mazd0","type":"choice input","items":[{"id":"wsrnia323fpwa0wu3373secg","type":0,"blockId":"g39ve9pd1zu96vy6my8mazd0","content":"até 200 mil ao ano","outgoingEdgeId":"jtsxz31kl7l92fdatgi6h37e"},{"id":"vz6kdruwm5f6tem9l37krzjj","type":0,"blockId":"g39ve9pd1zu96vy6my8mazd0","content":"de R$201mil a 500 mil ao ano","outgoingEdgeId":"rvayemoz3ediug504zmayfok"},{"id":"n5yjhc6a9ihwdne1g8m7mdej","type":0,"blockId":"g39ve9pd1zu96vy6my8mazd0","content":"de 501mil a 1 milhão ao ano","outgoingEdgeId":"qhtzyohpq8wb38uu8c1pgbyl"},{"id":"rep3met2eokeum6hfcthrk2m","type":0,"blockId":"g39ve9pd1zu96vy6my8mazd0","content":"de 1milhão a 5milhões ao ano","outgoingEdgeId":"zlils8gyquxwl4r7wj60idhi"}],"groupId":"risqp17fvf2wj2wf6og951le","options":{"variableId":"vlkf6m9aj76glwjhr4g2aw1cl","buttonLabel":"Send","isMultipleChoice":false},"outgoingEdgeId":"kd98ei4hvv6jydwmbwfqprop"}],"graphCoordinates":{"x":6904.276080598556,"y":84.00006040722266}},{"id":"ecvl7epycpjb5v0bfdjo9bif","title":"","blocks":[{"id":"ns8eu3umnip499r491ybln6t","type":"choice input","items":[{"id":"gzvtge10mczc1fw91j4jk4x9","type":0,"blockId":"ns8eu3umnip499r491ybln6t","content":"Análise de resultados;","outgoingEdgeId":"h00kdjzg282hmnnkub8s2rea"},{"id":"q1glmaal6ar7rc0tkpjdk48e","type":0,"blockId":"ns8eu3umnip499r491ybln6t","content":"Planejamento e controle financeiro;","outgoingEdgeId":"dl6ccgx6wldrudxv7hbsalj9"},{"id":"krpem39i49c9hcphowsze1by","type":0,"blockId":"ns8eu3umnip499r491ybln6t","content":"Entendimento dos processos financeiros de um restaurante;","outgoingEdgeId":"u9szkw1nuzb8rovz4dngn070"},{"id":"jhttlv1ic6xjypf2c0vk14um","type":0,"blockId":"ns8eu3umnip499r491ybln6t","content":"Viabilizar um negócio.","outgoingEdgeId":"urwwz64ejwkhyhd09alrez0m"},{"id":"xz3mcx7actpu7qxbwhetwks5","type":0,"blockId":"ns8eu3umnip499r491ybln6t","content":"Outros","outgoingEdgeId":"pjssqqmruasglswtifjm58mn"}],"groupId":"ecvl7epycpjb5v0bfdjo9bif","options":{"variableId":"vd2nfxbf5f1e6jvliyedotykr","buttonLabel":"Send","isMultipleChoice":false}}],"graphCoordinates":{"x":4830.809527864182,"y":109.46673521191018}},{"id":"o2524dojzhkwn9myqarsym69","title":"Group #17","blocks":[{"id":"boxrm80ku1hbv0tuixydddm6","type":"text","content":{"html":"<div>Perfeito {{nome}}! Se sua aplicação for aprovada um de nossos especialistas entrará em contato com você ;) Fique de olho em seu WhatsApp.</div>","richText":[{"type":"p","children":[{"text":"Perfeito {{nome}}! Se sua aplicação for aprovada um de nossos especialistas entrará em contato com você ;) Fique de olho em seu WhatsApp."}]}],"plainText":"Perfeito {{nome}}! Se sua aplicação for aprovada um de nossos especialistas entrará em contato com você ;) Fique de olho em seu WhatsApp."},"groupId":"o2524dojzhkwn9myqarsym69","outgoingEdgeId":"s5riubwog9gvckgllbwxtk8x"}],"graphCoordinates":{"x":7494.757196873797,"y":125.14358533066496}},{"id":"bqjxbpd578f5uys5rn4tn02g","title":"redirect","blocks":[{"id":"tcmuj9t8r5hrud2bhnp1nc72","type":"Redirect","groupId":"bqjxbpd578f5uys5rn4tn02g","options":{"url":"https://eggeduca.com/cadastro-realizado-financas/","isNewTab":false}}],"graphCoordinates":{"x":8653.523635173535,"y":164.8024258711702}},{"id":"o1fl3ccrdupcivp8tbbc7o6g","title":"Número confirmado","blocks":[{"id":"k7rg6018owrplzg9obqf7rec","type":"text","content":{"html":"<div>Maravilha, vamos começar! </div><div>Quais os principais motivos por buscar conhecimentos de gestão financeira?</div><div></div>","richText":[{"type":"p","children":[{"text":"Maravilha, vamos começar! "}]},{"type":"p","children":[{"text":"Quais os principais motivos por buscar conhecimentos de gestão financeira?"}]},{"type":"p","children":[{"text":""}]}],"plainText":"Maravilha, vamos começar! \nQuais os principais motivos por buscar conhecimentos de gestão financeira?\n"},"groupId":"o1fl3ccrdupcivp8tbbc7o6g","outgoingEdgeId":"sp88bgeeeu6q1rjuktgsf9wn"}],"graphCoordinates":{"x":4367.333333333333,"y":300.99999999999994}},{"id":"b3qohxi28xlfq7ao1gbjzytm","title":"Group #22","blocks":[{"id":"czhr5rglkmjg02ey8kf4t2yr","type":"text","content":{"html":"<div>Entendi {{nome}}</div>","richText":[{"type":"p","children":[{"text":"Entendi {{nome}}"}]}],"plainText":"Entendi {{nome}}"},"groupId":"b3qohxi28xlfq7ao1gbjzytm"},{"id":"yv5d5avmw8704yysa78th895","type":"text","content":{"html":"<div>Qual o seu cargo?</div>","richText":[{"type":"p","children":[{"text":"Qual o seu cargo?"}]}],"plainText":"Qual o seu cargo?"},"groupId":"b3qohxi28xlfq7ao1gbjzytm","outgoingEdgeId":"hqvlfhn29u01g24q0456oldt"}],"graphCoordinates":{"x":5436.333333333334,"y":159.3333333333332}},{"id":"f4ogtcyhzj4c4x30h71vjizr","title":"Group #23","blocks":[{"id":"a2on7azzj8ssa07n6xpa65en","type":"text input","groupId":"f4ogtcyhzj4c4x30h71vjizr","options":{"isLong":false,"labels":{"button":"Enviar","placeholder":"Seu cargo"},"variableId":"vsjqvgi9t3v0e3ph8wlvdyprc"},"outgoingEdgeId":"xyawdo8ng0wbx6z24ok18qpy"}],"graphCoordinates":{"x":5967.666646321615,"y":163.66667683919258}},{"id":"sjg5xc48cpdo0bw2nmh30si4","title":"Group #24","blocks":[{"id":"cy49vxj4cyjlzne4ham48k9b","type":"text","content":{"html":"<div>Certo!</div><div>Qual o faturamento anual do seu negócio?</div>","richText":[{"type":"p","children":[{"text":"Certo!"}]},{"type":"p","children":[{"text":"Qual o faturamento anual do seu negócio?"}]}],"plainText":"Certo!\nQual o faturamento anual do seu negócio?"},"groupId":"sjg5xc48cpdo0bw2nmh30si4","outgoingEdgeId":"ejvnmbw76bvpuylby4i1fyvt"}],"graphCoordinates":{"x":6415.333221435548,"y":139.0001322428384}},{"id":"uy5ncw87qpuahvqx9cr620tm","title":"Group #19","blocks":[{"id":"prsk8yem5aw0qt0c5ibttpks","type":"Zapier","groupId":"uy5ncw87qpuahvqx9cr620tm","options":{"isCustomBody":false,"isAdvancedConfig":false,"variablesForTest":[],"responseVariableMapping":[]},"webhookId":"rqltee05f36buxj8mst7ikfa","outgoingEdgeId":"eg9wub4spzt3yvhebojhdm61"}],"graphCoordinates":{"x":8279.599731445312,"y":174.39995574951172}},{"id":"qqtjqtngckf9b8deyhsevjz7","title":"Group #20","blocks":[{"id":"kz1e6muapzlxdbrg9qm6ly8h","type":"Wait","groupId":"qqtjqtngckf9b8deyhsevjz7","options":{"secondsToWaitFor":"3"},"outgoingEdgeId":"hpl56lmbydwz67akwjz9zgtq"}],"graphCoordinates":{"x":7888.199645996094,"y":199.199951171875}},{"id":"z6qi1c6i2uvplm8fjz51c85f","title":"Group #22","blocks":[{"id":"xfgvei6rxzjuz7oe7917nc13","type":"Set variable","groupId":"z6qi1c6i2uvplm8fjz51c85f","options":{"variableId":"vzlkuaid3l696e7glouf8eb3l"}},{"id":"ttvhfv0zmoq9wfl91ffi96uv","type":"Set variable","groupId":"z6qi1c6i2uvplm8fjz51c85f","options":{"variableId":"vhvwkxcvw2cf6la1xdl88bpb9"}},{"id":"dmtsffeghx196yzwqwbfvb0c","type":"Set variable","groupId":"z6qi1c6i2uvplm8fjz51c85f","options":{"variableId":"vwp95aupgzc6skuriuiqm8640"}},{"id":"q3bi1eu2cjytj6rsvxt9xwfb","type":"Set variable","groupId":"z6qi1c6i2uvplm8fjz51c85f","options":{"variableId":"vswwqbr1mc6dvs0c0lr9snx2v"}},{"id":"qpo2yn149i7gz6yln9kfsqcb","type":"Set variable","groupId":"z6qi1c6i2uvplm8fjz51c85f","options":{"variableId":"vy32glpfvboy1l48x8mmj2pjg"}}],"graphCoordinates":{"x":239.9224848492159,"y":208.42909086878893}}],"variables":[{"id":"vfra4k90j1pszimgpwiz8lxfv","name":"nome"},{"id":"vhoggf1h4c7hnh5vqkek2xxa4","name":"email"},{"id":"vxxgdcoezhl89vb688tmxv7u5","name":"whatsapp"},{"id":"vd2nfxbf5f1e6jvliyedotykr","name":"desafio"},{"id":"vsjqvgi9t3v0e3ph8wlvdyprc","name":"cargo"},{"id":"vmmbnek039q4z9m0fty0mmo3c","name":"buyer journey"},{"id":"vhvwkxcvw2cf6la1xdl88bpb9","name":"utm_campaign"},{"id":"vwp95aupgzc6skuriuiqm8640","name":"utm_medium"},{"id":"vzlkuaid3l696e7glouf8eb3l","name":"utm_source"},{"id":"vswwqbr1mc6dvs0c0lr9snx2v","name":"utm_content"},{"id":"vy32glpfvboy1l48x8mmj2pjg","name":"utm_term"},{"id":"vlkf6m9aj76glwjhr4g2aw1cl","name":"Faturamento"}],"edges":[{"id":"o22036t6ihh9zroidfim9iqf","to":{"groupId":"zv7og7qbqfekbw78ajvkdds1"},"from":{"blockId":"ir8bd34j5qwkdxo15ikwrt8f","groupId":"xdq6tfxa4f8exzp9mlkj49og"}},{"id":"xbdecayhlh6xyx2xafvfveep","to":{"groupId":"q7g1l8s7dlze7gy2844egwlv"},"from":{"blockId":"urusnyxtq7e45nimiv492e1a","groupId":"zv7og7qbqfekbw78ajvkdds1"}},{"id":"iylzyyyuw9sxxcgxxk5nhpoe","to":{"groupId":"hfpjgn3rcjuom4j9i4mon4wb"},"from":{"itemId":"e7naflygux7jm747itlun2uh","blockId":"mgmpb1syfr3wiptfnnhkyq81","groupId":"q7g1l8s7dlze7gy2844egwlv"}},{"id":"tzxempoteqpqdvmw2wnhw35r","to":{"groupId":"lvkcri7pvrfjo202teaei7fu"},"from":{"blockId":"wehhdohzsa7kdpqx6pdfp1pf","groupId":"hfpjgn3rcjuom4j9i4mon4wb"}},{"id":"smssy1736n1t47hunhkdfaap","to":{"groupId":"wt82jd9se377olrcb635eorn"},"from":{"blockId":"t75lnaerza7lyqetqejcbv51","groupId":"lvkcri7pvrfjo202teaei7fu"}},{"id":"g9ucl8j90xfvggu8larrwxrz","to":{"groupId":"xl3x7un5hxljy0k5edh3ugm9"},"from":{"blockId":"v5xrp1l0fjnsyexlmqcciowo","groupId":"wt82jd9se377olrcb635eorn"}},{"id":"x41sev2uqmwsd33kef8yvz7a","to":{"groupId":"tkw51asileu60xg7virno4qa"},"from":{"blockId":"dcls88afrzsz20kd581wddtn","groupId":"xl3x7un5hxljy0k5edh3ugm9"}},{"id":"q2yuyhhvt959tv6ca6wu2g8t","to":{"groupId":"tkw51asileu60xg7virno4qa"},"from":{"itemId":"egtng59ioc3gdeq8hryofql7","blockId":"xjfklor00167elfq7kr9981d","groupId":"y5p1005zbc4kmv0vqouaivxj"}},{"id":"a0565dsflzjuipmj08hv0o91","to":{"groupId":"miidpi2no7nqy0iz85ra1otl"},"from":{"blockId":"oo9odblfcnzzsw8nlwxybmx0","groupId":"rs3lr083fap46xhtll84cv72"}},{"id":"nu86ezdii2urppcl4yzq50br","to":{"groupId":"y5p1005zbc4kmv0vqouaivxj"},"from":{"blockId":"ngjse80zqmb2cnr0rt9t9frh","groupId":"miidpi2no7nqy0iz85ra1otl"}},{"id":"ejvnmbw76bvpuylby4i1fyvt","to":{"blockId":"g39ve9pd1zu96vy6my8mazd0","groupId":"risqp17fvf2wj2wf6og951le"},"from":{"blockId":"cy49vxj4cyjlzne4ham48k9b","groupId":"sjg5xc48cpdo0bw2nmh30si4"}},{"id":"s7jmm00rsg8f4ee0czsqxvfp","to":{"groupId":"rs3lr083fap46xhtll84cv72"},"from":{"blockId":"x975ce95plyxy5z3t61a8nmi","groupId":"tkw51asileu60xg7virno4qa"}},{"id":"xngfb1jsu5tmm2f60wun1pbb","to":{"blockId":"k7rg6018owrplzg9obqf7rec","groupId":"o1fl3ccrdupcivp8tbbc7o6g"},"from":{"itemId":"ngp8znixyfgb4fkzq5aeu8br","blockId":"xjfklor00167elfq7kr9981d","groupId":"y5p1005zbc4kmv0vqouaivxj"}},{"id":"sp88bgeeeu6q1rjuktgsf9wn","to":{"groupId":"ecvl7epycpjb5v0bfdjo9bif"},"from":{"blockId":"k7rg6018owrplzg9obqf7rec","groupId":"o1fl3ccrdupcivp8tbbc7o6g"}},{"id":"hqvlfhn29u01g24q0456oldt","to":{"blockId":"a2on7azzj8ssa07n6xpa65en","groupId":"f4ogtcyhzj4c4x30h71vjizr"},"from":{"blockId":"yv5d5avmw8704yysa78th895","groupId":"b3qohxi28xlfq7ao1gbjzytm"}},{"id":"dl6ccgx6wldrudxv7hbsalj9","to":{"groupId":"b3qohxi28xlfq7ao1gbjzytm"},"from":{"itemId":"q1glmaal6ar7rc0tkpjdk48e","blockId":"ns8eu3umnip499r491ybln6t","groupId":"ecvl7epycpjb5v0bfdjo9bif"}},{"id":"u9szkw1nuzb8rovz4dngn070","to":{"groupId":"b3qohxi28xlfq7ao1gbjzytm"},"from":{"itemId":"krpem39i49c9hcphowsze1by","blockId":"ns8eu3umnip499r491ybln6t","groupId":"ecvl7epycpjb5v0bfdjo9bif"}},{"id":"h00kdjzg282hmnnkub8s2rea","to":{"groupId":"b3qohxi28xlfq7ao1gbjzytm"},"from":{"itemId":"gzvtge10mczc1fw91j4jk4x9","blockId":"ns8eu3umnip499r491ybln6t","groupId":"ecvl7epycpjb5v0bfdjo9bif"}},{"id":"urwwz64ejwkhyhd09alrez0m","to":{"groupId":"b3qohxi28xlfq7ao1gbjzytm"},"from":{"itemId":"jhttlv1ic6xjypf2c0vk14um","blockId":"ns8eu3umnip499r491ybln6t","groupId":"ecvl7epycpjb5v0bfdjo9bif"}},{"id":"pjssqqmruasglswtifjm58mn","to":{"groupId":"b3qohxi28xlfq7ao1gbjzytm"},"from":{"itemId":"xz3mcx7actpu7qxbwhetwks5","blockId":"ns8eu3umnip499r491ybln6t","groupId":"ecvl7epycpjb5v0bfdjo9bif"}},{"id":"xyawdo8ng0wbx6z24ok18qpy","to":{"blockId":"cy49vxj4cyjlzne4ham48k9b","groupId":"sjg5xc48cpdo0bw2nmh30si4"},"from":{"blockId":"a2on7azzj8ssa07n6xpa65en","groupId":"f4ogtcyhzj4c4x30h71vjizr"}},{"id":"jtsxz31kl7l92fdatgi6h37e","to":{"groupId":"o2524dojzhkwn9myqarsym69"},"from":{"itemId":"wsrnia323fpwa0wu3373secg","blockId":"g39ve9pd1zu96vy6my8mazd0","groupId":"risqp17fvf2wj2wf6og951le"}},{"id":"rvayemoz3ediug504zmayfok","to":{"groupId":"o2524dojzhkwn9myqarsym69"},"from":{"itemId":"vz6kdruwm5f6tem9l37krzjj","blockId":"g39ve9pd1zu96vy6my8mazd0","groupId":"risqp17fvf2wj2wf6og951le"}},{"id":"qhtzyohpq8wb38uu8c1pgbyl","to":{"groupId":"o2524dojzhkwn9myqarsym69"},"from":{"itemId":"n5yjhc6a9ihwdne1g8m7mdej","blockId":"g39ve9pd1zu96vy6my8mazd0","groupId":"risqp17fvf2wj2wf6og951le"}},{"id":"zlils8gyquxwl4r7wj60idhi","to":{"groupId":"o2524dojzhkwn9myqarsym69"},"from":{"itemId":"rep3met2eokeum6hfcthrk2m","blockId":"g39ve9pd1zu96vy6my8mazd0","groupId":"risqp17fvf2wj2wf6og951le"}},{"id":"kd98ei4hvv6jydwmbwfqprop","to":{"groupId":"o2524dojzhkwn9myqarsym69"},"from":{"blockId":"g39ve9pd1zu96vy6my8mazd0","groupId":"risqp17fvf2wj2wf6og951le"}},{"id":"s5riubwog9gvckgllbwxtk8x","to":{"groupId":"qqtjqtngckf9b8deyhsevjz7"},"from":{"blockId":"boxrm80ku1hbv0tuixydddm6","groupId":"o2524dojzhkwn9myqarsym69"}},{"id":"hpl56lmbydwz67akwjz9zgtq","to":{"blockId":"prsk8yem5aw0qt0c5ibttpks","groupId":"uy5ncw87qpuahvqx9cr620tm"},"from":{"blockId":"kz1e6muapzlxdbrg9qm6ly8h","groupId":"qqtjqtngckf9b8deyhsevjz7"}},{"id":"eg9wub4spzt3yvhebojhdm61","to":{"blockId":"tcmuj9t8r5hrud2bhnp1nc72","groupId":"bqjxbpd578f5uys5rn4tn02g"},"from":{"blockId":"prsk8yem5aw0qt0c5ibttpks","groupId":"uy5ncw87qpuahvqx9cr620tm"}}],"theme":{"chat":{"inputs":{"color":"#303235","backgroundColor":"#FFFFFF","placeholderColor":"#9095A0"},"buttons":{"color":"#FFFFFF","backgroundColor":"#0042DA"},"hostAvatar":{"url":"https://s3.fr-par.scw.cloud/typebot/public/typebots/cjxh3g9sf56jdpwpouq98u7m/hostAvatar?v=1686574952995","isEnabled":true},"hostBubbles":{"color":"#303235","backgroundColor":"#F7F8FF"},"guestBubbles":{"color":"#FFFFFF","backgroundColor":"#FF8E21"}},"general":{"font":"Open Sans","background":{"type":"Color","content":"#ffffff"}}},"settings":{"general":{"isBrandingEnabled":false,"isInputPrefillEnabled":true,"isResultSavingEnabled":true,"isHideQueryParamsEnabled":true,"isNewResultOnRefreshEnabled":true},"metadata":{"description":"Build beautiful conversational forms and embed them directly in your applications without a line of code. Triple your response rate and collect answers that has more value compared to a traditional form."},"typingEmulation":{"speed":300,"enabled":true,"maxDelay":1.5}}}