{"version":"6","id":"clp18jc43000zl40fzerr1ba0","name":"para empresas","events":[{"id":"ucwun0nug9hsa7654hqzyhui","outgoingEdgeId":"tt9hxs26e4kdeaxu2zm2ogxd","graphCoordinates":{"x":-737.67,"y":1090.99},"type":"start"}],"groups":[{"id":"r61y3myql3k850dgicjdqlfw","title":"Group #1","graphCoordinates":{"x":441,"y":474},"blocks":[{"id":"cl868ufqe000d3b6jel0saq1c","type":"text","content":{"richText":[{"type":"p","children":[{"text":"Bem vindo ao processo de cadastro para entender mais sobre nossas soluções de marketing e vendas para sua clínica ou consultório."}]}]}},{"id":"cl8bp8wm0001y3b6jnw4s4vrf","outgoingEdgeId":"okwinem3v975secy5wudxn52","type":"text","content":{"richText":[{"type":"p","children":[{"text":"Apenas para "},{"bold":true,"text":"médicos e profissionais da saúde. "},{"text":" Aplique apenas se for o seu caso."},{"text":" (apenas 4 perguntas, sem enrolação)","italic":true}]}]}}]},{"id":"viezvemp4kimdfula33x14zu","title":"Group #2","graphCoordinates":{"x":916,"y":485},"blocks":[{"id":"cl868y6c0000j3b6jcw18ddv8","type":"choice input","items":[{"id":"cl868y6c1000k3b6jqxstb18q","outgoingEdgeId":"xx8q01x27zqysi6g8hiyrr1n","content":"Aperte para iniciar"}],"options":{"isMultipleChoice":false,"buttonLabel":"Send"}}]},{"id":"tnp5vmej7p85waqw9vykygx0","title":"Group #2 copy","graphCoordinates":{"x":406.22,"y":1555.22},"blocks":[{"id":"px919s0lvy5n0bv3331jtgve","type":"choice input","items":[{"id":"a3huw88wr0axpabeudt0ujhw","outgoingEdgeId":"rtyay8gwwaj0na2k1rtpg900","content":"Aperte para iniciar"}],"options":{"isMultipleChoice":false,"buttonLabel":"Send"}}]},{"id":"ny4arf1r2bvb4yf901b97zd9","title":"Group #3","graphCoordinates":{"x":1303.84,"y":538},"blocks":[{"id":"cl868z7s2000o3b6jk2yof44t","outgoingEdgeId":"biamd7xkvyfxpupj0hd7a4ow","type":"text","content":{"html":"<div>Qual seu primeiro nome?</div>","richText":[{"type":"p","children":[{"text":"Qual seu primeiro nome?"}]}],"plainText":"Qual seu primeiro nome?"}}]},{"id":"e6n3pykslnhi64bu6zc2uwde","title":"Group #3 copy","graphCoordinates":{"x":816.65,"y":1593.8},"blocks":[{"id":"wvrbx1w97kidtlj4osvv0syp","outgoingEdgeId":"v41yx60ch7zyvqi8k9x9i449","type":"text","content":{"html":"<div>Qual seu primeiro nome?</div>","richText":[{"type":"p","children":[{"text":"Qual seu primeiro nome?"}]}],"plainText":"Qual seu primeiro nome?"}}]},{"id":"uhttkfujwcojgw50wnbljekv","title":"Group #4","graphCoordinates":{"x":1680.77,"y":539},"blocks":[{"id":"cl868zmcr000r3b6jy215plwg","outgoingEdgeId":"dc2nfyw39wds297d5h51t6t7","type":"text input","options":{"labels":{"placeholder":"seu nome","button":"enviar"},"variableId":"vcl86911dj000w3b6j17b19oep","isLong":false}}]},{"id":"qi826uajdyh1iezd5ci35rrj","title":"Group #4 copy","graphCoordinates":{"x":1266.29,"y":1586.34},"blocks":[{"id":"l0w1yojmvbvxzpe5mijx2men","outgoingEdgeId":"b8x281ev33zqyb3vjgmlx36n","type":"text input","options":{"labels":{"placeholder":"seu nome","button":"enviar"},"variableId":"vcl86911dj000w3b6j17b19oep","isLong":false}}]},{"id":"tbvhbfk0u1a6gml0zn9hk6ub","title":"Group #5","graphCoordinates":{"x":2079.9,"y":533.19},"blocks":[{"id":"cl869zn20000z3b6j14lclu83","type":"text","content":{"html":"<div>Qual seu melhor e-mail?</div>","richText":[{"type":"p","children":[{"text":"Qual seu melhor e-mail?"}]}],"plainText":"Qual seu melhor e-mail?"}},{"id":"cl8lxmwmp00033b6i2ol4bxkh","outgoingEdgeId":"lf4g4hneht96h5q64mq6jyrl","type":"text","content":{"html":"<div>(Só lembrando que vou mandar o link da sessão por lá) 😊</div>","richText":[{"type":"p","children":[{"text":"(Só lembrando que vou mandar o link da sessão por lá) 😊"}]}],"plainText":"(Só lembrando que vou mandar o link da sessão por lá) 😊"}}]},{"id":"qauoucusqmkliv7tpbptbapm","title":"Group #5 copy","graphCoordinates":{"x":1723.01,"y":1567.97},"blocks":[{"id":"ipznqw2mvd5wnl6xn8xriszf","type":"text","content":{"html":"<div>Qual seu melhor e-mail?</div>","richText":[{"type":"p","children":[{"text":"Qual seu melhor e-mail?"}]}],"plainText":"Qual seu melhor e-mail?"}},{"id":"v0ucvcf9wayx41iv5e4it30w","outgoingEdgeId":"fuyxje4x5ps37nclry5qz4l5","type":"text","content":{"html":"<div>(Só lembrando que vou mandar o link da sessão por lá) 😊</div>","richText":[{"type":"p","children":[{"text":"(Só lembrando que vou mandar o link da sessão por lá) 😊"}]}],"plainText":"(Só lembrando que vou mandar o link da sessão por lá) 😊"}}]},{"id":"vehudtvwae2svilp0fh51k6x","title":"Group #6","graphCoordinates":{"x":2443.07,"y":534.07},"blocks":[{"id":"cl86a0o3r00123b6jolnwx2vt","outgoingEdgeId":"ur5p4t1hjthsqv2fwmcwfrju","type":"email input","options":{"variableId":"vcl86aer0q002c3b6jx28zxlrm","labels":{"placeholder":"seu e-mail","button":"enviar"},"retryMessageContent":"esse e-mail parece estar errado, tente de novo"}}]},{"id":"a8yuoy74rwlylu17pmogvxnn","title":"Group #6 copy","graphCoordinates":{"x":2191.66,"y":1584.95},"blocks":[{"id":"dxy2skb8751mf08wqembbptm","outgoingEdgeId":"zsou5ytjy4fyymgff4h0wa9c","type":"email input","options":{"variableId":"vcl86aer0q002c3b6jx28zxlrm","labels":{"placeholder":"seu e-mail","button":"enviar"},"retryMessageContent":"esse e-mail parece estar errado, tente de novo"}}]},{"id":"rdtbvu2y502c8x1qulw5oiwo","title":"Group #7","graphCoordinates":{"x":2804.98,"y":531},"blocks":[{"id":"cl86a1f6m00153b6j76xty1qe","outgoingEdgeId":"hsubqr85bnkljmmyvmrnvb97","type":"text","content":{"html":"<div>Importante, para que eu consiga entrar em contato pra te avisar sobre sua aprovação. Qual é seu whatsapp?</div>","richText":[{"type":"p","children":[{"text":"Importante, para que eu consiga entrar em contato pra te avisar sobre sua aprovação. Qual é seu whatsapp?"}]}],"plainText":"Importante, para que eu consiga entrar em contato pra te avisar sobre sua aprovação. Qual é seu whatsapp?"}}]},{"id":"cjrt6pgvt8v6fm2ppeqt2f3p","title":"Group #7 copy","graphCoordinates":{"x":2679.5,"y":1543.06},"blocks":[{"id":"hzzq22p7fjwyxgv9fmmgrgvt","outgoingEdgeId":"z1l81wi5d25arjryxtx12cke","type":"text","content":{"html":"<div>Importante, para que eu consiga entrar em contato pra te avisar sobre sua aprovação. Qual é seu whatsapp?</div>","richText":[{"type":"p","children":[{"text":"Importante, para que eu consiga entrar em contato pra te avisar sobre sua aprovação. Qual é seu whatsapp?"}]}],"plainText":"Importante, para que eu consiga entrar em contato pra te avisar sobre sua aprovação. Qual é seu whatsapp?"}}]},{"id":"di06iqyw5qckkdonf6w7y02s","title":"Group #8","graphCoordinates":{"x":3197.67,"y":381.17},"blocks":[{"id":"cl86a2ysp00183b6js0c4xs4z","outgoingEdgeId":"r51mvmifa1s0wd2sa8spct9m","type":"phone number input","options":{"variableId":"vcl86aexgc002d3b6jc6o8aj23","labels":{"placeholder":"seu whatsapp","button":"enviar"},"retryMessageContent":"Esse número parece inválido. Você pode tentar novamente?","defaultCountryCode":"BR"}}]},{"id":"oihugqawnflorwjtmb5eeq97","title":"Group #8 copy","graphCoordinates":{"x":3130.69,"y":1617.43},"blocks":[{"id":"nax575k909j26mkpeuu2nclx","outgoingEdgeId":"i8q9i4n41yz2fmkcr8vmtj82","type":"phone number input","options":{"variableId":"vcl86aexgc002d3b6jc6o8aj23","labels":{"placeholder":"seu whatsapp","button":"enviar"},"retryMessageContent":"Esse número parece inválido. Você pode tentar novamente?","defaultCountryCode":"BR"}}]},{"id":"xewilfq3qvu2vj8elk97mf7t","title":"Group #9","graphCoordinates":{"x":3806.54,"y":246.03},"blocks":[{"id":"cl86aimxb002p3b6jgjn0qfi0","outgoingEdgeId":"f6d8m38w6x6vsklamqgf78qa","type":"text","content":{"html":"<div>Maravilha! Qual o seu @ do Instagram?</div>","richText":[{"type":"p","children":[{"text":"Maravilha! Qual o seu @ do Instagram?"}]}],"plainText":"Maravilha! Qual o seu @ do Instagram?"}}]},{"id":"sftkn0acej87a3tgvmo7c0k0","title":"Group #9 copy","graphCoordinates":{"x":4938.28,"y":1643.05},"blocks":[{"id":"zv6igb69st2mdf59a0n9voh2","outgoingEdgeId":"qshk77uggbl8fyzuod01691t","type":"text","content":{"html":"<div>Maravilha! Qual o seu @ do Instagram?</div>","richText":[{"type":"p","children":[{"text":"Maravilha! Qual o seu @ do Instagram?"}]}],"plainText":"Maravilha! Qual o seu @ do Instagram?"}}]},{"id":"cayelkeadc98fb8dls57yu92","title":"insta","graphCoordinates":{"x":4137.39,"y":308.93},"blocks":[{"id":"cl86aiyxf002s3b6jmcnuen6h","outgoingEdgeId":"k2xddl3j9rg8t2msv6qz76yw","type":"text input","options":{"labels":{"placeholder":"seu @","button":"enviar"},"variableId":"vcl86ajaav002u3b6jtwwz0s6w","isLong":false}}]},{"id":"o1bt7qjsupidebn0sbdklpv4","title":"Group #11","graphCoordinates":{"x":4448.74,"y":553},"blocks":[{"id":"cl86al1vv002z3b6j7wbgoet8","outgoingEdgeId":"wy1tng6ge3wfw5mjbe56y4t8","type":"text","content":{"html":"<div>Maravilha {{nome}}... Quero entender melhor sobre o seu momento. Quanto atualmente você está faturando por mês com sua clínica/consultório?</div>","richText":[{"type":"p","children":[{"text":"Maravilha {{nome}}... Quero entender melhor sobre o seu momento. Quanto atualmente você está faturando por mês com sua clínica/consultório?"}]}],"plainText":"Maravilha {{nome}}... Quero entender melhor sobre o seu momento. Quanto atualmente você está faturando por mês com sua clínica/consultório?"}}]},{"id":"p0tqgpvfkgmgwp1pvou546ke","title":"Group #12","graphCoordinates":{"x":4858.7,"y":503.8},"blocks":[{"id":"cl86aobqp00323b6juhcbipkm","type":"choice input","items":[{"id":"cl86ap7fn00353b6j3torv79k","outgoingEdgeId":"gajjsimj5cer7aogmz95xb7a","content":"De R$0.000,00 a R$19.999,00"},{"id":"cl86aqpwi00393b6jj5rx7igu","outgoingEdgeId":"vhml8bz3p22gco6rjqcmt8my","content":"R$20.000,00 a R$49.999,00"},{"id":"cl87dyp7500403b6jrzp09x4p","outgoingEdgeId":"sn1bkai1y1dfzrygnzywb60g","content":"R$50.000,00 a R$74.999,00"},{"id":"kn57atf7vxkghprcyfd2sk5e","outgoingEdgeId":"jdzhyqc6n3dhomjd0mgy9t71","content":"R$75.000,00 a R$99.999,00"},{"id":"c899ybq1rp0x1tgiv6fbcrvk","outgoingEdgeId":"jqte79z51tugjymo8ouy9r2m","content":"R$100.000,00 a R$299.999,00"},{"id":"ry6dgplo4f9449xpmpke1fmx","outgoingEdgeId":"w8la0bqd59p502aj5tg7hr1a","content":"R$300.000,00 a R$500.000,00"},{"id":"re0ikrnulxqs77gwak2ey016","outgoingEdgeId":"yo2vhy9ezuqp6gr0pttybw6m","content":"Acima de R$500.000,00"}],"options":{"variableId":"vcl87e1v7j004a3b6jh3xwhqvo","isMultipleChoice":false,"buttonLabel":"Send"}}]},{"id":"iof1u5965saunkq9wmdqsnv8","title":"Volume de consulta","graphCoordinates":{"x":5369.06,"y":-1.67},"blocks":[{"id":"cl86au04q003m3b6j5oizwg1z","type":"text","content":{"html":"<div>Quantos pacientes em média você atende por mês?</div>","richText":[{"type":"p","children":[{"text":"Quantos pacientes em média você atende por mês?"}]}],"plainText":"Quantos pacientes em média você atende por mês?"}},{"id":"ggxhu25o3pcgxjiyt90c43ed","outgoingEdgeId":"b9eol6cap36mvqby9dgcn331","type":"text input","options":{"labels":{"placeholder":"Type your answer...","button":"Send"},"isLong":false}}]},{"id":"akvek10x7hxz3qt6minly757","title":"Ticket médio","graphCoordinates":{"x":4946.91,"y":-53.76},"blocks":[{"id":"enno33qjroqvph8fkaa83inj","type":"text","content":{"html":"<div>Hoje qual seu ticket médio (valor médio que o paciente gasta no seu consultório por consulta/procedimento)?</div>","richText":[{"type":"p","children":[{"text":"Hoje qual seu ticket médio (valor médio que o paciente gasta no seu consultório por consulta/procedimento)?"}]}],"plainText":"Hoje qual seu ticket médio (valor médio que o paciente gasta no seu consultório por consulta/procedimento)?"}},{"id":"kkm9jcs3khktr34iuhm0g24d","outgoingEdgeId":"z7tp7yw2hqf8gl5au74mpboo","type":"text input","options":{"labels":{"placeholder":"Type your answer...","button":"Send"},"isLong":false}}]},{"id":"cqr9rtwemy2vlcazudnxdqt9","title":"Group #20","graphCoordinates":{"x":7268.86,"y":1388.19},"blocks":[{"id":"cl87e6v08004i3b6j74a6v55d","type":"text","content":{"html":"<div>Show... Estamos quase acabando… <span class=\"slate-bold\">FIQUE COMIGO</span>!</div>","richText":[{"type":"p","children":[{"text":"Show... Estamos quase acabando… "},{"bold":true,"text":"FIQUE COMIGO"},{"text":"!"}]}],"plainText":"Show... Estamos quase acabando… FIQUE COMIGO!"}},{"id":"cl87e7jvu004k3b6j6h9v0b92","outgoingEdgeId":"ayivl0sphfvfh03wer5beyq1","type":"text","content":{"html":"<div>{{nome}}, qual sua área de atuação?</div>","richText":[{"type":"p","children":[{"text":"{{nome}}, qual sua área de atuação?"}]}],"plainText":"{{nome}}, qual sua área de atuação?"}}]},{"id":"eojkn3rq2ujp2ksvfv4rop7a","title":"Group #23","graphCoordinates":{"x":7114,"y":966},"blocks":[{"id":"cl87eb09i004s3b6jqtabzii4","type":"text input","options":{"labels":{"placeholder":"Sou especialista","button":"enviar"},"variableId":"vppu5l7xn4zn6unfkw8dwf2aj","isLong":true}}]},{"id":"jk1v2ae2cmqbte297xarf9sy","title":"Group #24","graphCoordinates":{"x":8410.66,"y":928.65},"blocks":[{"id":"cl87efnr3004x3b6jcr58gn4v","type":"text","content":{"richText":[{"type":"p","children":[{"text":"Perfeito! O próximo passo é "},{"bold":true,"text":"marcarmos uma reunião"},{"text":" onde vamos entender mais sobre seu momento e apresentar como podemos te ajudar."}]}]}},{"id":"apwzz6rmf02zsdvpb9hg37va","type":"text","content":{"richText":[{"type":"p","children":[{"text":"Como somos uma empresa especializada no crescimento de clínicas e consultórios, eu "},{"bold":true,"text":"GARANTO "},{"text":"que nossa metodologia serve para você e conseguimos te entregar resultados "},{"bold":true,"text":"REAIS"},{"text":"."}]}]}},{"id":"tz3xww13hjye2m5qfyct0ie3","type":"Wait","options":{"secondsToWaitFor":"2"}},{"id":"voiiy1zcrzfnle3t1b1w1h06","type":"text","content":{"richText":[{"type":"p","children":[{"text":"Você será redirecionado para uma página com os horários, aguarde 4 segundos."}]}]}},{"id":"ojr3svq7it31ssidpslglimd","outgoingEdgeId":"wu6vf5at2li10qcludhgyi6g","type":"Wait","options":{"secondsToWaitFor":"4"}}]},{"id":"w73d3auvs44jvny5mzss6ree","title":"Group #24 copy","graphCoordinates":{"x":7913.18,"y":888.21},"blocks":[{"id":"m4hvr6f3vaj71x2i33aw0nzm","type":"text","content":{"richText":[{"type":"p","children":[{"text":"Hoje você vende tratamentos, protocolos (serviços) acima de R$1.000,00 por paciente?"}]}]}},{"id":"qla7lgfk1i3h71jv2wmc5ana","outgoingEdgeId":"sbgvfu11ldwnm3j0nz0kzzsf","type":"choice input","items":[{"id":"wwuls5ltjgtrn3wxplgb4avg","content":"Sim, vendo normalmente"},{"id":"iqdh9qsvjpzkp1tfpymkhg0u","content":"Tenho essa opção, mas não consigo vender muito"},{"id":"yothy80fyeapa7h6o4ebt8lq","content":"Não tenho nada acima de R$1.000,00"}],"options":{"isMultipleChoice":false,"buttonLabel":"Send","isSearchable":false,"searchInputPlaceholder":"Filter the options..."}}]},{"id":"e8edrvio3ks7s580zr06kmd4","title":"Group #29","graphCoordinates":{"x":3228.77,"y":760},"blocks":[{"id":"cl8lxo5al00063b6ijyh49fel","outgoingEdgeId":"hb951lnacm0fcng8korzrt8z","type":"text","content":{"html":"<div>Então {{nome}}, o número {{telefone}} está correto? (<span class=\"slate-bold\">Um número errado pode fazer você perder sua vaga</span>)</div>","richText":[{"type":"p","children":[{"text":"Então {{nome}}, o número {{telefone}} está correto? ("},{"bold":true,"text":"Um número errado pode fazer você perder sua vaga"},{"text":")"}]}],"plainText":"Então {{nome}}, o número {{telefone}} está correto? (Um número errado pode fazer você perder sua vaga)"}}]},{"id":"c20mvxq8bgio7v0eq1svq73p","title":"Group #29 copy","graphCoordinates":{"x":3487.27,"y":1529.04},"blocks":[{"id":"tu19csqjnp7iywmduece7mcw","outgoingEdgeId":"o67bv4js7q94ky0qybutrloy","type":"text","content":{"html":"<div>Então {{nome}}, o número {{telefone}} está correto? (<span class=\"slate-bold\">Um número errado pode fazer você perder sua vaga</span>)</div>","richText":[{"type":"p","children":[{"text":"Então {{nome}}, o número {{telefone}} está correto? ("},{"bold":true,"text":"Um número errado pode fazer você perder sua vaga"},{"text":")"}]}],"plainText":"Então {{nome}}, o número {{telefone}} está correto? (Um número errado pode fazer você perder sua vaga)"}}]},{"id":"udmx1c63jtp2eqw2gmltf1gz","title":"telefone correto?","graphCoordinates":{"x":3614.25,"y":1052.75},"blocks":[{"id":"cl8lxpe5r000a3b6i9j37aif2","type":"choice input","items":[{"id":"cl8lxpe5v000b3b6i2zl7a0x4","outgoingEdgeId":"cy36bbyz5d6qcq1ntk733519","content":"Sim"},{"id":"cl8lxphbq000c3b6iy0x49wbe","outgoingEdgeId":"iaxozdy7q66888ovngk8s8r4","content":"Não"}],"options":{"isMultipleChoice":false,"buttonLabel":"Send"}}]},{"id":"nhht43sa5o32mb1tshbtmyeg","title":"telefone correto? copy","graphCoordinates":{"x":3994.68,"y":1583.4},"blocks":[{"id":"bogc1dtj4rgrwwrjedowp11n","type":"choice input","items":[{"id":"e1zyq3psdm5pq6dn1k14a87k","outgoingEdgeId":"mf5ooroc145b19b58tlp6k9w","content":"Sim"},{"id":"rpysq7lh3n260q1vd2gtcdr9","content":"Não"}],"options":{"isMultipleChoice":false,"buttonLabel":"Send"}}]},{"id":"svvu77oigfeaw3ggshxyfx4w","title":"Group #31","graphCoordinates":{"x":3977.74,"y":961},"blocks":[{"id":"cl8ly1p90000r3b6iivgw48es","outgoingEdgeId":"av1m5xpviqkai8iyic5af6sp","type":"text","content":{"html":"<div>Até aqui tudo ótimo {{nome}}… Para eu entender mais sobre seu consultório, de onde vem a <span class=\"slate-bold\">maioria dos pacientes</span> que você atende? 🧐</div>","richText":[{"type":"p","children":[{"text":"Até aqui tudo ótimo {{nome}}… Para eu entender mais sobre seu consultório, de onde vem a "},{"bold":true,"text":"maioria dos pacientes"},{"text":" que você atende? 🧐"}]}],"plainText":"Até aqui tudo ótimo {{nome}}… Para eu entender mais sobre seu consultório, de onde vem a maioria dos pacientes que você atende? 🧐"}}]},{"id":"iumzcj7gxotfonyievws11vu","title":"cliente principal","graphCoordinates":{"x":4365.44,"y":978.51},"blocks":[{"id":"cl8ly335y000u3b6ipgz7gi1z","type":"choice input","items":[{"id":"cl8ly3361000v3b6i41suopl6","content":"Indicação do convênio"},{"id":"cl8ly39t2000w3b6icewvy0vl","content":"Indicação de colegas médicos"},{"id":"cl8ly4twd000z3b6igwojrjvk","content":"Tráfego Pago"},{"id":"tu0wzzyrj10f8liogf75jaxi","content":"Indicação dos próprios pacientes"}],"options":{"isMultipleChoice":false,"buttonLabel":"enviar"}}]},{"id":"gim0it7aoo295j5g0blkrt5c","title":"Group #33","graphCoordinates":{"x":6711.23,"y":292.24},"blocks":[{"id":"cl8ly6b0x00163b6i9ohi7xwp","type":"text","content":{"html":"<div>Vish... foi mal :/</div>","richText":[{"type":"p","children":[{"text":"Vish... foi mal :/"}]}],"plainText":"Vish... foi mal :/"}},{"id":"cl8ly6m3e00173b6iurzx97uv","type":"text","content":{"html":"<div>Infelizmente não consigo te ajudar hoje. A minha metodologia só faz está com um negócio um pouco mais estruturado.</div>","richText":[{"type":"p","children":[{"text":"Infelizmente não consigo te ajudar hoje. A minha metodologia só faz está com um negócio um pouco mais estruturado."}]}],"plainText":"Infelizmente não consigo te ajudar hoje. A minha metodologia só faz está com um negócio um pouco mais estruturado."}},{"id":"cl8lyariu00193b6ip6gp8c82","outgoingEdgeId":"qgmf1kduus1txqjc6st5w8sn","type":"text","content":{"html":"<div>Mas pra entender... de 0 a 10 quanto você se considera apto e disposto a investir em uma solução para crescer seu consultório?</div>","richText":[{"type":"p","children":[{"text":"Mas pra entender... de 0 a 10 quanto você se considera apto e disposto a investir em uma solução para crescer seu consultório?"}]}],"plainText":"Mas pra entender... de 0 a 10 quanto você se considera apto e disposto a investir em uma solução para crescer seu consultório?"}}]},{"id":"ao9ucf68k1lxp7e652qgu950","title":"Group #34","graphCoordinates":{"x":7192.52,"y":492.88},"blocks":[{"id":"cl8lybbza001b3b6iihmrzh3e","outgoingEdgeId":"h1ylbakh7sewjbs92mg5k8ug","type":"rating input","options":{"variableId":"vcl91cquu000073b6ibqg7gdz3","buttonType":"Numbers","length":10,"labels":{"left":"pouco...","right":"bastante!","button":"enviar"},"customIcon":{"isEnabled":false}}}]},{"id":"d587tvux369byg3e0aqnbght","title":"Group #35","graphCoordinates":{"x":7606.12,"y":409.5},"blocks":[{"id":"cl8lyciy0001e3b6igzxvsw5r","type":"text","content":{"html":"<div>Maravilha. Vou pensar se consigo te ajudar em algo, e caso eu consiga, entro em contato.</div>","richText":[{"type":"p","children":[{"text":"Maravilha. Vou pensar se consigo te ajudar em algo, e caso eu consiga, entro em contato."}]}],"plainText":"Maravilha. Vou pensar se consigo te ajudar em algo, e caso eu consiga, entro em contato."}},{"id":"cl8lycyh3001f3b6iotihnw6x","type":"text","content":{"html":"<div>Muito obrigado, enquanto isso me segue no insta!</div>","richText":[{"type":"p","children":[{"text":"Muito obrigado, enquanto isso me segue no insta!"}]}],"plainText":"Muito obrigado, enquanto isso me segue no insta!"}},{"id":"r5b417s4o7gorfppt39fx5np","outgoingEdgeId":"liasps05kbt05fwj85y1e6pr","type":"choice input","items":[{"id":"oobdq4rl6zx5s03oro8v9z8g","content":"Seguir no insta!"}],"options":{"isMultipleChoice":false,"buttonLabel":"Send"}}]},{"id":"rtww9iw29qzeaxvme73fqvrd","title":"Group #36","graphCoordinates":{"x":-1145.18,"y":754.84},"blocks":[{"id":"cl9ijaqh1000v3b6i66c4p0ol","type":"Set variable","options":{"variableId":"vcl9ijavvb000w3b6ihdpu06pk"}},{"id":"cl9ijay0y000x3b6iq9ar7m59","type":"Set variable","options":{"variableId":"vcl9ijb373000y3b6i7ls77z0s"}},{"id":"cl9ijb6uj00103b6iaqcyvyid","type":"Set variable","options":{"variableId":"vcl9ijbf3t00113b6iuv59h8hg"}},{"id":"cl9ijbh7f00123b6i88jb8tm2","type":"Set variable","options":{"variableId":"vcl9ijbn3i00133b6inklliilo"}}]},{"id":"g88hwxagtc1fwzmv2apztdwf","title":"Group #38","graphCoordinates":{"x":5907.92,"y":152.52},"blocks":[{"id":"clbpafv6700093b6ej0mohmvs","outgoingEdgeId":"orbav0213cnudpaint6vhgad","type":"Set variable","options":{"variableId":"vclbpagq4m000d3b6eoa1r8q9h","expressionToEvaluate":"zona_cinza"}}]},{"id":"asqa048f7jz24n9ncezufx8l","title":"Group #38 copy","graphCoordinates":{"x":6322.23,"y":439.45},"blocks":[{"id":"clcju8zpb000f3b6jyturdrsy","outgoingEdgeId":"abmeb90imra2xqenmb7f8w74","type":"Set variable","options":{"variableId":"vclbpagq4m000d3b6eoa1r8q9h","expressionToEvaluate":"desqualificado"}}]},{"id":"ygyg9f9mfz072bo2a2rzdzbh","title":"Group #40","graphCoordinates":{"x":7627.83,"y":-76.05},"blocks":[{"id":"clbpal3so000j3b6eds2v271d","type":"text","content":{"html":"<div>Obrigado pela resposta {{nome}}.<span class=\"slate-bold\"> Vou analisar se consigo te ajudar com seu desafio e entro em contato caso eu consiga.</span></div>","richText":[{"type":"p","children":[{"text":"Obrigado pela resposta {{nome}}."},{"bold":true,"text":" Vou analisar se consigo te ajudar com seu desafio e entro em contato caso eu consiga."}]}],"plainText":"Obrigado pela resposta {{nome}}. Vou analisar se consigo te ajudar com seu desafio e entro em contato caso eu consiga."}},{"id":"jmm30x01yuwou45mn1j48w2l","type":"Code","options":{"name":"Script","content":"<script>\n  fbq('track', 'Lead Ruim');\n</script>"}},{"id":"bsljxcneely5zuf9ko78b0yx","outgoingEdgeId":"dnqj5l6nfrpt1ugytmi2cynf","type":"text","content":{"html":"<div>Enquanto isso me segue no insta!</div>","richText":[{"type":"p","children":[{"text":"Enquanto isso me segue no insta!"}]}],"plainText":"Enquanto isso me segue no insta!"}}]},{"id":"w4uml15pmnmbu6yk4x1ddfqu","title":"Group #40 copy","graphCoordinates":{"x":9394.78,"y":2006.97},"blocks":[{"id":"kh6e5txx9gixrk2cfi6sfmih","type":"text","content":{"richText":[{"type":"p","children":[{"text":"Obrigado pela resposta, {{nome}}."},{"bold":true,"text":" Um dos nossos consultores de venda vai analisar suas respostas e entrar em contato via Whatsapp em alguns instantes. "}]}]}},{"id":"b6nvu9ough080vzjqhaj7llt","outgoingEdgeId":"e57rzja3cfqs2dnrpaihrvwj","type":"Wait","options":{"secondsToWaitFor":"4"}}]},{"id":"qwblxkdy8y4613aee6u0xp5g","title":"Group #42","graphCoordinates":{"x":5683.63,"y":1524.73},"blocks":[{"id":"clbpaor2x000s3b6ejh2z3z5x","outgoingEdgeId":"zcnbujacjaibeh3vyx43aqvi","type":"Set variable","options":{"variableId":"vclbpagq4m000d3b6eoa1r8q9h","expressionToEvaluate":"alto_potencial"}}]},{"id":"ozgu23v9nx7zj1viqylcfwnd","title":"Group #48","graphCoordinates":{"x":982.35,"y":824.72},"blocks":[{"id":"clbpckesm00133b6emvakq99i","outgoingEdgeId":"axze6cz8hepl84svmrufxvoh","type":"Set variable","options":{"variableId":"vclbpcl8pg00143b6eumhadacm","expressionToEvaluate":"new Date().toISOString()","isCode":false}}]},{"id":"sbfuwzcxotl4smrjoekubfbn","title":"investimento em tráfego","graphCoordinates":{"x":5505.8,"y":767.85},"blocks":[{"id":"a4ua9503rzv0nkblkjpcvmi5","type":"text","content":{"html":"<div>Quanto você pode investir <span class=\"slate-bold\">inicialmente</span> em tráfego por dia para <span class=\"slate-bold\">trazer pacientes</span> para seu consultório/clínica?</div>","richText":[{"type":"p","children":[{"text":"Quanto você pode investir "},{"bold":true,"text":"inicialmente"},{"text":" em tráfego por dia para "},{"bold":true,"text":"trazer pacientes"},{"text":" para seu consultório/clínica?"}]}],"plainText":"Quanto você pode investir inicialmente em tráfego por dia para trazer pacientes para seu consultório/clínica?"}}]},{"id":"de5z1odiv4v2mcxe1ten8yzq","title":"investimento em tráfego","graphCoordinates":{"x":5975.31,"y":879.05},"blocks":[{"id":"qcedc27z3oq90zjnuf40lrr7","type":"choice input","items":[{"id":"evl8q5sl8d7d2plfbv36pxdt","content":"Não posso investir nada"},{"id":"xrifz61grhbsurl7ubbd1jko","outgoingEdgeId":"z4rof5jyz63pyfvez5m2pkzf","content":"Posso investir de R$15 a R$30 por dia"},{"id":"ldsc9duaz3h032url2g0e965","outgoingEdgeId":"t28eo3xmztq9iz5uzf0zpdp2","content":"Posso investir de R$30 a R$60 por dia"},{"id":"gtq9hf2byxued3wx1ndvhcyu","outgoingEdgeId":"edz1uopcx20d46pnopp23uin","content":"Posso investir acima de R$60/dia"}],"options":{"variableId":"vf4b9qcyt3hfz2fd96i7tfhqn","isMultipleChoice":false,"buttonLabel":"Send"}}]},{"id":"pcuszk78int7fbj58rnpcbyn","title":"Group #37","graphCoordinates":{"x":9036.74,"y":171.42},"blocks":[{"id":"xa08q2zul3og0i0gfuh8cs9b","type":"Redirect","options":{"url":"https://www.instagram.com/_mateusguerra/reels","isNewTab":false}}]},{"id":"dl83579fvcjv4oksf732zcrz","title":"Group #38","graphCoordinates":{"x":8069.97,"y":-45.44},"blocks":[{"id":"io5vx754rtmsqfu9qqinodua","outgoingEdgeId":"kuchdd4zwdpkczr4eqbi2kmc","type":"choice input","items":[{"id":"fchvjh4kdzh5zy4m6edcuo81","content":"Seguir no insta!"}],"options":{"isMultipleChoice":false,"buttonLabel":"Send"}}]},{"id":"sqlkuw37rpgbpak1ntetkr63","title":"Group #39","graphCoordinates":{"x":9448.81,"y":848.31},"blocks":[{"id":"yljunp3ny1s4d97owkf1fky9","type":"Redirect","options":{"url":"https://calendly.com/mgmgrowth/consultoria","isNewTab":false}}]},{"id":"qvr19u1bl4tllumnso5223m3","title":"Group #40","graphCoordinates":{"x":8906.07,"y":1092.38},"blocks":[{"id":"n5hgrmiw7awp8llxw99vu0p1","type":"Webhook","options":{"variablesForTest":[],"responseVariableMapping":[],"isAdvancedConfig":false,"isCustomBody":false,"webhook":{"queryParams":[],"headers":[],"method":"POST","url":"https://hook.us1.make.com/i121ttsk5fsdlavf8bdec9r3jysge1cb"}}},{"id":"pdbcdixvis4h43mhy3x0zuh8","outgoingEdgeId":"unkmd5nw7dip9kg7ng6wgwmi","type":"Webhook","options":{"variablesForTest":[],"responseVariableMapping":[],"isAdvancedConfig":false,"isCustomBody":false,"webhook":{"queryParams":[],"headers":[],"method":"POST","url":"https://hook.us1.make.com/cz4fos9fgddgxiw0049e578hnpq4loqb"}}}]},{"id":"a733oukn6ni2azs6knsjn8uo","title":"Group #40 copy","graphCoordinates":{"x":8562.35,"y":156.81},"blocks":[{"id":"n286z1la4z7zuha92x8cdldx","type":"Webhook","options":{"variablesForTest":[],"responseVariableMapping":[],"isAdvancedConfig":false,"isCustomBody":false,"webhook":{"queryParams":[],"headers":[],"method":"POST","url":"https://hook.us1.make.com/i121ttsk5fsdlavf8bdec9r3jysge1cb"}}},{"id":"ewjhey3zjw6ultabnrlqgjv6","type":"Webhook","options":{"variablesForTest":[],"responseVariableMapping":[],"isAdvancedConfig":false,"isCustomBody":false,"webhook":{"queryParams":[],"headers":[],"method":"POST","url":"https://backend.botconversa.com.br/api/v1/webhooks-automation/catch/38046/iCK7iSRSx39A/"}}},{"id":"n7oap9thllh41rm188bbn0g9","outgoingEdgeId":"uxxux3gkp4m1sdgarczccwq6","type":"Zapier","options":{"variablesForTest":[],"responseVariableMapping":[],"isAdvancedConfig":false,"isCustomBody":false,"webhook":{"queryParams":[],"headers":[],"method":"POST"}}}]},{"id":"ymthiezxiqv5ynxtiw7k9omr","title":"MAKE -> PIPEDRIVE|PLANILHA","graphCoordinates":{"x":9748.75,"y":2106.96},"blocks":[{"id":"dd8xuliqsgmpfk9u798yta26","type":"Webhook","options":{"variablesForTest":[],"responseVariableMapping":[],"isAdvancedConfig":false,"isCustomBody":false,"webhook":{"queryParams":[],"headers":[],"method":"POST","url":"https://hook.us1.make.com/9ummzbyf99w3k9pygcw3p1t4tdjmubc2"}}},{"id":"poykb7xia8jhvu7k5anua7x6","outgoingEdgeId":"kjhcg9azyger2rgbibzad1i4","type":"Webhook","options":{"variablesForTest":[],"responseVariableMapping":[],"isAdvancedConfig":false,"isCustomBody":false,"webhook":{"queryParams":[],"headers":[],"method":"POST","url":"https://hook.us1.make.com/wh4c9rsmavukhcv03fd7mxhofvv2pfgj"}}}]},{"id":"s6c38ax3ajvhw4gcch70ad9u","title":"Group #42","graphCoordinates":{"x":2989.71,"y":56.94},"blocks":[{"id":"f63fu9ebvb22gxwyt3w4fqcp","type":"Code","options":{"name":"Script","content":"<script>\n  fbq('track', 'Lead Cadastrado');\n</script>"}},{"id":"l7tgac1sj9698aythagvrzd0","outgoingEdgeId":"hpumnhy9pfh2e27jx5d9763n","type":"Webhook","options":{"variablesForTest":[],"responseVariableMapping":[],"isAdvancedConfig":false,"isCustomBody":false,"webhook":{"queryParams":[],"headers":[],"method":"POST","url":"https://backend.botconversa.com.br/api/v1/webhooks-automation/catch/38046/V7Qmvk5bqKkd/"}}}]},{"id":"fexi5ypysnjmflq9pj2uj24w","title":"Group #42 copy","graphCoordinates":{"x":4389.02,"y":1638.71},"blocks":[{"id":"y0thlci56ggatkm07d95pzxz","type":"Code","options":{"name":"Script","content":"<script>\n  fbq('track', 'Lead Cadastrado');\n</script>"}},{"id":"wcupv50euh78dxci027w0fq9","outgoingEdgeId":"l2mercdbp0v0fpvpc4fhbuou","type":"Webhook","options":{"variablesForTest":[],"responseVariableMapping":[],"isAdvancedConfig":false,"isCustomBody":false,"webhook":{"queryParams":[],"headers":[],"method":"POST","url":"https://backend.botconversa.com.br/api/v1/webhooks-automation/catch/38046/KTDJgwfx9A0J/"}}}]},{"id":"kzwl9uzc8914q80lfvk2cl5h","title":"Group #43","graphCoordinates":{"x":-142.09,"y":532.47},"blocks":[{"id":"dpiaimlt1extfy36hdhepsvz","type":"text","content":{"html":"<div>Seja bem-vindo! </div><div>Antes de qualquer coisa, marque a opção que corresponde ao seu momento.</div>","richText":[{"type":"p","children":[{"text":"Seja bem-vindo! "}]},{"type":"p","children":[{"text":"Antes de qualquer coisa, marque a opção que corresponde ao seu momento."}]}],"plainText":"Seja bem-vindo! \nAntes de qualquer coisa, marque a opção que corresponde ao seu momento."}},{"id":"kr3kcop86i5u5029qwzfh545","type":"choice input","items":[{"id":"k7qv1bqlvcja5ryiinesr55u","outgoingEdgeId":"nztdsgfow7v5y7vmuz1h3p06","content":"Trabalho na área da saúde (como médico, dentista, dono de consultório, clínica...)"},{"id":"u9fh9aqcwcucwbwmoby2ebl8","outgoingEdgeId":"fhu4wg2xeu674wk0sk1ubw7r","content":"Tenho uma empresa de outro segmento"}],"options":{"isMultipleChoice":false,"buttonLabel":"Send"}}]},{"id":"fqxb45v5cdozg5ewngg1pdev","title":"Group #44","graphCoordinates":{"x":-134.9,"y":1224.3},"blocks":[{"id":"rckossct42xhzqsvbkguufln","type":"text","content":{"html":"<div>Bem vindo, ao processo de inscrição para a <span class=\"slate-bold\">CONSULTORIA GRATUITA </span>para empreendedores.</div>","richText":[{"type":"p","children":[{"text":"Bem vindo, ao processo de inscrição para a "},{"bold":true,"text":"CONSULTORIA GRATUITA "},{"text":"para empreendedores."}]}],"plainText":"Bem vindo, ao processo de inscrição para a CONSULTORIA GRATUITA para empreendedores."}},{"id":"r855p84acm8jw0iz44qwjphw","type":"text","content":{"html":"<div>Esta é uma consultoria <span class=\"slate-bold\">GRATUITA EXCLUSIVA</span> <span class=\"slate-bold\">para EMPREENDEDORES</span> que querem crescer sua empresa, aumentando seu faturamento e com mais clientes. Aplique apenas se for o seu caso.</div>","richText":[{"type":"p","children":[{"text":"Esta é uma consultoria "},{"bold":true,"text":"GRATUITA EXCLUSIVA"},{"text":" "},{"bold":true,"text":"para EMPREENDEDORES"},{"text":" que querem crescer sua empresa, aumentando seu faturamento e com mais clientes. Aplique apenas se for o seu caso.\n"}]}],"plainText":"Esta é uma consultoria GRATUITA EXCLUSIVA para EMPREENDEDORES que querem crescer sua empresa, aumentando seu faturamento e com mais clientes. Aplique apenas se for o seu caso."}},{"id":"muykwy5iibz0wap06qjemf2w","type":"text","content":{"html":"<div>IMPORTANTE: A aplicação através desta conversa não garante uma vaga na Consultoria Estratégica. Vou analisar cuidadosamente as aplicações e aceitar apenas quem tem capacidade de tirar valor desta sessão estratégica gratuita com meu time.</div>","richText":[{"type":"p","children":[{"text":"IMPORTANTE: A aplicação através desta conversa não garante uma vaga na Consultoria Estratégica. Vou analisar cuidadosamente as aplicações e aceitar apenas quem tem capacidade de tirar valor desta sessão estratégica gratuita com meu time.\n"}]}],"plainText":"IMPORTANTE: A aplicação através desta conversa não garante uma vaga na Consultoria Estratégica. Vou analisar cuidadosamente as aplicações e aceitar apenas quem tem capacidade de tirar valor desta sessão estratégica gratuita com meu time."}},{"id":"fv6bme38z6n3i4o6pfie4rpu","type":"text","content":{"html":"<div>(Leva menos de 5 minutos)</div>","richText":[{"type":"p","children":[{"text":"(Leva menos de 5 minutos)\n"}]}],"plainText":"(Leva menos de 5 minutos)"}},{"id":"oqw80es5hw6p55zl1h2omhv5","outgoingEdgeId":"yzcccijcj3lydvzxzs4oe6mw","type":"text","content":{"html":"<div>Está pronto?!</div>","richText":[{"type":"p","children":[{"text":"Está pronto?!"}]}],"plainText":"Está pronto?!"}}]},{"id":"sjl59c9mltnl70jiogjrfoa0","title":"Group #58","graphCoordinates":{"x":5467.73,"y":1783.11},"blocks":[{"id":"lt6y9xqt53yrvqhpwaigd339","outgoingEdgeId":"cwuyuaiygt5mlmvnq5bstnsw","type":"text input","options":{"labels":{"placeholder":"seu @","button":"enviar"},"variableId":"vcl86ajaav002u3b6jtwwz0s6w","isLong":false}}]},{"id":"zkwb0tmuqj2wkp4ezokp1i20","title":"Group #60","graphCoordinates":{"x":6761.67,"y":1976.76},"blocks":[{"id":"rijy497zz6z4lwkei0p2ctwo","outgoingEdgeId":"l2aan8dpqh7ov75ujlh564kp","type":"text","content":{"html":"<div>Maravilha {{nome}}... Quero entender melhor sobre o seu momento. Quanto atualmente você está faturando por mês com sua empresa?</div>","richText":[{"type":"p","children":[{"text":"Maravilha {{nome}}... Quero entender melhor sobre o seu momento. Quanto atualmente você está faturando por mês com sua empresa?"}]}],"plainText":"Maravilha {{nome}}... Quero entender melhor sobre o seu momento. Quanto atualmente você está faturando por mês com sua empresa?"}}]},{"id":"le1np28trb9o3y1c6igpim6e","title":"Group #60 copy","graphCoordinates":{"x":7971.47,"y":2154.42},"blocks":[{"id":"wf326jt5hnilone6ln3ckv6e","type":"text","content":{"html":"<div>Ótimo {{nome}}... </div><div>Qual sua meta de faturamento para o final de 2023?</div>","richText":[{"type":"p","children":[{"text":"Ótimo {{nome}}... "}]},{"type":"p","children":[{"text":"Qual sua meta de faturamento para o final de 2023?"}]}],"plainText":"Ótimo {{nome}}... \nQual sua meta de faturamento para o final de 2023?"}},{"id":"vju16tpg9gy9rfqqqte21si0","outgoingEdgeId":"zn08t4fujs2p4b8qqgqhm36i","type":"text input","options":{"labels":{"placeholder":"Type your answer...","button":"Send"},"isLong":false}}]},{"id":"gtdag4deigp6o7bxi3qtfslf","title":"Group #60 copy copy","graphCoordinates":{"x":8076.06,"y":1702.42},"blocks":[{"id":"dh7eyych0esy88b3d921stu7","type":"text","content":{"html":"<div>Ok {{nome}}... </div><div>E como você acha que a mgm poderia te ajudar?</div>","richText":[{"type":"p","children":[{"text":"Ok {{nome}}... "}]},{"type":"p","children":[{"text":"E como você acha que a mgm poderia te ajudar?"}]}],"plainText":"Ok {{nome}}... \nE como você acha que a mgm poderia te ajudar?"}},{"id":"n5g0f08nqel3smux3632gwm8","type":"text input","options":{"labels":{"placeholder":"Type your answer...","button":"Send"},"isLong":false}}]},{"id":"flg3hefmbk6hu471pioonwsx","title":"Group #61","graphCoordinates":{"x":7286.21,"y":2067.24},"blocks":[{"id":"vz3ghyvqjl3zk4mi5ermtnoh","outgoingEdgeId":"gpoq4atc0w3zdzkn8326t5mk","type":"choice input","items":[{"id":"x83o979m3u0nad0gkj2drc2b","content":"De R$0.000,00 a R$19.999,00"},{"id":"oj27n98yq8usmeseut6cqpgx","content":"R$20.000,00 a R$49.999,00"},{"id":"vo1wc1gwlwdzvmt0ziy9uiey","content":"R$50.000,00 a R$74.999,00"},{"id":"aj7zzh127miog5q8gi8jid98","content":"R$75.000,00 a R$99.999,00"},{"id":"f8wthhch3jeck3ka2mz97zjm","content":"R$100.000,00 a R$299.999,00"},{"id":"fpphnvfrie7mn2xywb1w0v70","content":"R$300.000,00 a R$500.000,00"},{"id":"w0412k14qp6aalq8fdt2gnpj","content":"Acima de R$500.000,00"}],"options":{"variableId":"vcl87e1v7j004a3b6jh3xwhqvo","isMultipleChoice":false,"buttonLabel":"Send"}}]},{"id":"q931c58ymwncxebr5iqipwxq","title":"Group #66","graphCoordinates":{"x":10263.42,"y":2195.41},"blocks":[{"id":"fx71sb1epqsj3qcwl4iiy4v1","type":"Redirect","options":{"url":"https://www.instagram.com/mgmgrowth","isNewTab":false}}]},{"id":"krl51gkm6vxjur7y2abweeg1","title":"bot conversa sequencia antiga","graphCoordinates":{"x":9047.28,"y":1482.39},"blocks":[{"id":"a1oa7jobwhjc4b5phsl98w3p","type":"Webhook","options":{"variablesForTest":[],"responseVariableMapping":[],"isAdvancedConfig":false,"isCustomBody":false,"webhook":{"queryParams":[],"headers":[],"method":"POST","url":"https://backend.botconversa.com.br/api/v1/webhooks-automation/catch/38046/iCK7iSRSx39A/"}}}]},{"id":"tgjre7a5pj7jwdcclrjx9ny2","title":"Group #62","graphCoordinates":{"x":8780.07,"y":2267.54},"blocks":[{"id":"kx4vfrxq52noebdjwlrfm4il","type":"text","content":{"richText":[{"type":"p","children":[{"text":"Como você imagina a mgm ajudando seu negócio hoje?"}]}]}},{"id":"ffkqqpitgzimg4tk4d74736i","outgoingEdgeId":"g3i3b4t5i6rb5h4ixfheh26h","type":"text input","options":{"labels":{"placeholder":"Type your answer...","button":"Send"},"isLong":false}}]}],"edges":[{"id":"tt9hxs26e4kdeaxu2zm2ogxd","from":{"eventId":"ucwun0nug9hsa7654hqzyhui"},"to":{"groupId":"kzwl9uzc8914q80lfvk2cl5h"}},{"id":"ncf69ucn1gtwg38hx03qnzha","from":{"blockId":"cl868wors000h3b6j6medkvqk"},"to":{"groupId":"viezvemp4kimdfula33x14zu","blockId":"cl868y6c0000j3b6jcw18ddv8"}},{"id":"biamd7xkvyfxpupj0hd7a4ow","from":{"blockId":"cl868z7s2000o3b6jk2yof44t"},"to":{"groupId":"uhttkfujwcojgw50wnbljekv"}},{"id":"dc2nfyw39wds297d5h51t6t7","from":{"blockId":"cl868zmcr000r3b6jy215plwg"},"to":{"groupId":"tbvhbfk0u1a6gml0zn9hk6ub"}},{"id":"ur5p4t1hjthsqv2fwmcwfrju","from":{"blockId":"cl86a0o3r00123b6jolnwx2vt"},"to":{"groupId":"rdtbvu2y502c8x1qulw5oiwo","blockId":"cl86a1f6m00153b6j76xty1qe"}},{"id":"hsubqr85bnkljmmyvmrnvb97","from":{"blockId":"cl86a1f6m00153b6j76xty1qe"},"to":{"groupId":"di06iqyw5qckkdonf6w7y02s"}},{"id":"wy1tng6ge3wfw5mjbe56y4t8","from":{"blockId":"cl86al1vv002z3b6j7wbgoet8"},"to":{"groupId":"p0tqgpvfkgmgwp1pvou546ke"}},{"id":"lf4g4hneht96h5q64mq6jyrl","from":{"blockId":"cl8lxmwmp00033b6i2ol4bxkh"},"to":{"groupId":"vehudtvwae2svilp0fh51k6x","blockId":"cl86a0o3r00123b6jolnwx2vt"}},{"id":"hb951lnacm0fcng8korzrt8z","from":{"blockId":"cl8lxo5al00063b6ijyh49fel"},"to":{"groupId":"udmx1c63jtp2eqw2gmltf1gz"}},{"id":"iaxozdy7q66888ovngk8s8r4","from":{"blockId":"cl8lxpe5r000a3b6i9j37aif2","itemId":"cl8lxphbq000c3b6iy0x49wbe"},"to":{"groupId":"rdtbvu2y502c8x1qulw5oiwo","blockId":"cl86a1f6m00153b6j76xty1qe"}},{"id":"av1m5xpviqkai8iyic5af6sp","from":{"blockId":"cl8ly1p90000r3b6iivgw48es"},"to":{"groupId":"iumzcj7gxotfonyievws11vu","blockId":"cl8ly335y000u3b6ipgz7gi1z"}},{"id":"qgmf1kduus1txqjc6st5w8sn","from":{"blockId":"cl8lyariu00193b6ip6gp8c82"},"to":{"groupId":"ao9ucf68k1lxp7e652qgu950","blockId":"cl8lybbza001b3b6iihmrzh3e"}},{"id":"h1ylbakh7sewjbs92mg5k8ug","from":{"blockId":"cl8lybbza001b3b6iihmrzh3e"},"to":{"groupId":"d587tvux369byg3e0aqnbght"}},{"id":"f6d8m38w6x6vsklamqgf78qa","from":{"blockId":"cl86aimxb002p3b6jgjn0qfi0"},"to":{"groupId":"cayelkeadc98fb8dls57yu92"}},{"id":"sn1bkai1y1dfzrygnzywb60g","from":{"blockId":"cl86aobqp00323b6juhcbipkm","itemId":"cl87dyp7500403b6jrzp09x4p"},"to":{"groupId":"qwblxkdy8y4613aee6u0xp5g","blockId":"clbpaor2x000s3b6ejh2z3z5x"}},{"id":"xx8q01x27zqysi6g8hiyrr1n","from":{"blockId":"cl868y6c0000j3b6jcw18ddv8","itemId":"cl868y6c1000k3b6jqxstb18q"},"to":{"groupId":"ozgu23v9nx7zj1viqylcfwnd"}},{"id":"axze6cz8hepl84svmrufxvoh","from":{"blockId":"clbpckesm00133b6emvakq99i"},"to":{"groupId":"ny4arf1r2bvb4yf901b97zd9"}},{"id":"abmeb90imra2xqenmb7f8w74","from":{"blockId":"clcju8zpb000f3b6jyturdrsy"},"to":{"groupId":"gim0it7aoo295j5g0blkrt5c"}},{"id":"r51mvmifa1s0wd2sa8spct9m","from":{"blockId":"cl86a2ysp00183b6js0c4xs4z"},"to":{"groupId":"e8edrvio3ks7s580zr06kmd4"}},{"id":"jdzhyqc6n3dhomjd0mgy9t71","from":{"blockId":"cl86aobqp00323b6juhcbipkm","itemId":"kn57atf7vxkghprcyfd2sk5e"},"to":{"groupId":"qwblxkdy8y4613aee6u0xp5g"}},{"id":"jqte79z51tugjymo8ouy9r2m","from":{"blockId":"cl86aobqp00323b6juhcbipkm","itemId":"c899ybq1rp0x1tgiv6fbcrvk"},"to":{"groupId":"qwblxkdy8y4613aee6u0xp5g"}},{"id":"w8la0bqd59p502aj5tg7hr1a","from":{"blockId":"cl86aobqp00323b6juhcbipkm","itemId":"ry6dgplo4f9449xpmpke1fmx"},"to":{"groupId":"qwblxkdy8y4613aee6u0xp5g"}},{"id":"yo2vhy9ezuqp6gr0pttybw6m","from":{"blockId":"cl86aobqp00323b6juhcbipkm","itemId":"re0ikrnulxqs77gwak2ey016"},"to":{"groupId":"qwblxkdy8y4613aee6u0xp5g"}},{"id":"z7tp7yw2hqf8gl5au74mpboo","from":{"blockId":"kkm9jcs3khktr34iuhm0g24d"},"to":{"groupId":"iof1u5965saunkq9wmdqsnv8","blockId":"cl86au04q003m3b6j5oizwg1z"}},{"id":"b9eol6cap36mvqby9dgcn331","from":{"blockId":"ggxhu25o3pcgxjiyt90c43ed"},"to":{"groupId":"g88hwxagtc1fwzmv2apztdwf"}},{"id":"t28eo3xmztq9iz5uzf0zpdp2","from":{"blockId":"qcedc27z3oq90zjnuf40lrr7","itemId":"ldsc9duaz3h032url2g0e965"},"to":{"groupId":"qwblxkdy8y4613aee6u0xp5g"}},{"id":"edz1uopcx20d46pnopp23uin","from":{"blockId":"qcedc27z3oq90zjnuf40lrr7","itemId":"gtq9hf2byxued3wx1ndvhcyu"},"to":{"groupId":"qwblxkdy8y4613aee6u0xp5g"}},{"id":"dnqj5l6nfrpt1ugytmi2cynf","from":{"blockId":"bsljxcneely5zuf9ko78b0yx"},"to":{"groupId":"dl83579fvcjv4oksf732zcrz","blockId":"io5vx754rtmsqfu9qqinodua"}},{"id":"ayivl0sphfvfh03wer5beyq1","from":{"blockId":"cl87e7jvu004k3b6j6h9v0b92"},"to":{"groupId":"eojkn3rq2ujp2ksvfv4rop7a","blockId":"cl87eb09i004s3b6jqtabzii4"}},{"id":"liasps05kbt05fwj85y1e6pr","from":{"blockId":"r5b417s4o7gorfppt39fx5np"},"to":{"groupId":"a733oukn6ni2azs6knsjn8uo","blockId":"n286z1la4z7zuha92x8cdldx"}},{"id":"kuchdd4zwdpkczr4eqbi2kmc","from":{"blockId":"io5vx754rtmsqfu9qqinodua"},"to":{"groupId":"a733oukn6ni2azs6knsjn8uo","blockId":"n286z1la4z7zuha92x8cdldx"}},{"id":"cy36bbyz5d6qcq1ntk733519","from":{"blockId":"cl8lxpe5r000a3b6i9j37aif2","itemId":"cl8lxpe5v000b3b6i2zl7a0x4"},"to":{"groupId":"s6c38ax3ajvhw4gcch70ad9u"}},{"id":"nztdsgfow7v5y7vmuz1h3p06","from":{"blockId":"kr3kcop86i5u5029qwzfh545","itemId":"k7qv1bqlvcja5ryiinesr55u"},"to":{"groupId":"r61y3myql3k850dgicjdqlfw"}},{"id":"yzcccijcj3lydvzxzs4oe6mw","from":{"blockId":"oqw80es5hw6p55zl1h2omhv5"},"to":{"groupId":"tnp5vmej7p85waqw9vykygx0","blockId":"px919s0lvy5n0bv3331jtgve"}},{"id":"rtyay8gwwaj0na2k1rtpg900","from":{"blockId":"px919s0lvy5n0bv3331jtgve","itemId":"a3huw88wr0axpabeudt0ujhw"},"to":{"groupId":"e6n3pykslnhi64bu6zc2uwde","blockId":"wvrbx1w97kidtlj4osvv0syp"}},{"id":"v41yx60ch7zyvqi8k9x9i449","from":{"blockId":"wvrbx1w97kidtlj4osvv0syp"},"to":{"groupId":"qi826uajdyh1iezd5ci35rrj","blockId":"l0w1yojmvbvxzpe5mijx2men"}},{"id":"b8x281ev33zqyb3vjgmlx36n","from":{"blockId":"l0w1yojmvbvxzpe5mijx2men"},"to":{"groupId":"qauoucusqmkliv7tpbptbapm"}},{"id":"fuyxje4x5ps37nclry5qz4l5","from":{"blockId":"v0ucvcf9wayx41iv5e4it30w"},"to":{"groupId":"a8yuoy74rwlylu17pmogvxnn","blockId":"dxy2skb8751mf08wqembbptm"}},{"id":"zsou5ytjy4fyymgff4h0wa9c","from":{"blockId":"dxy2skb8751mf08wqembbptm"},"to":{"groupId":"cjrt6pgvt8v6fm2ppeqt2f3p","blockId":"hzzq22p7fjwyxgv9fmmgrgvt"}},{"id":"z1l81wi5d25arjryxtx12cke","from":{"blockId":"hzzq22p7fjwyxgv9fmmgrgvt"},"to":{"groupId":"oihugqawnflorwjtmb5eeq97"}},{"id":"i8q9i4n41yz2fmkcr8vmtj82","from":{"blockId":"nax575k909j26mkpeuu2nclx"},"to":{"groupId":"c20mvxq8bgio7v0eq1svq73p","blockId":"tu19csqjnp7iywmduece7mcw"}},{"id":"o67bv4js7q94ky0qybutrloy","from":{"blockId":"tu19csqjnp7iywmduece7mcw"},"to":{"groupId":"nhht43sa5o32mb1tshbtmyeg"}},{"id":"qshk77uggbl8fyzuod01691t","from":{"blockId":"zv6igb69st2mdf59a0n9voh2"},"to":{"groupId":"sjl59c9mltnl70jiogjrfoa0","blockId":"lt6y9xqt53yrvqhpwaigd339"}},{"id":"l2aan8dpqh7ov75ujlh564kp","from":{"blockId":"rijy497zz6z4lwkei0p2ctwo"},"to":{"groupId":"flg3hefmbk6hu471pioonwsx"}},{"id":"zn08t4fujs2p4b8qqgqhm36i","from":{"blockId":"vju16tpg9gy9rfqqqte21si0"},"to":{"groupId":"gtdag4deigp6o7bxi3qtfslf","blockId":"dh7eyych0esy88b3d921stu7"}},{"id":"fhu4wg2xeu674wk0sk1ubw7r","from":{"blockId":"kr3kcop86i5u5029qwzfh545","itemId":"u9fh9aqcwcucwbwmoby2ebl8"},"to":{"groupId":"fqxb45v5cdozg5ewngg1pdev"}},{"id":"uxxux3gkp4m1sdgarczccwq6","from":{"blockId":"n7oap9thllh41rm188bbn0g9"},"to":{"groupId":"pcuszk78int7fbj58rnpcbyn","blockId":"xa08q2zul3og0i0gfuh8cs9b"}},{"id":"okwinem3v975secy5wudxn52","from":{"blockId":"cl8bp8wm0001y3b6jnw4s4vrf"},"to":{"groupId":"viezvemp4kimdfula33x14zu","blockId":"cl868y6c0000j3b6jcw18ddv8"}},{"id":"z4rof5jyz63pyfvez5m2pkzf","from":{"blockId":"qcedc27z3oq90zjnuf40lrr7","itemId":"xrifz61grhbsurl7ubbd1jko"},"to":{"groupId":"ygyg9f9mfz072bo2a2rzdzbh"}},{"id":"k2xddl3j9rg8t2msv6qz76yw","from":{"blockId":"cl86aiyxf002s3b6jmcnuen6h"},"to":{"groupId":"o1bt7qjsupidebn0sbdklpv4"}},{"id":"gajjsimj5cer7aogmz95xb7a","from":{"blockId":"cl86aobqp00323b6juhcbipkm","itemId":"cl86ap7fn00353b6j3torv79k"},"to":{"groupId":"g88hwxagtc1fwzmv2apztdwf","blockId":"clbpafv6700093b6ej0mohmvs"}},{"id":"vhml8bz3p22gco6rjqcmt8my","from":{"blockId":"cl86aobqp00323b6juhcbipkm","itemId":"cl86aqpwi00393b6jj5rx7igu"},"to":{"groupId":"g88hwxagtc1fwzmv2apztdwf","blockId":"clbpafv6700093b6ej0mohmvs"}},{"id":"zcnbujacjaibeh3vyx43aqvi","from":{"blockId":"clbpaor2x000s3b6ejh2z3z5x"},"to":{"groupId":"w73d3auvs44jvny5mzss6ree"}},{"id":"orbav0213cnudpaint6vhgad","from":{"blockId":"clbpafv6700093b6ej0mohmvs"},"to":{"groupId":"w73d3auvs44jvny5mzss6ree"}},{"id":"sbgvfu11ldwnm3j0nz0kzzsf","from":{"blockId":"qla7lgfk1i3h71jv2wmc5ana"},"to":{"groupId":"jk1v2ae2cmqbte297xarf9sy"}},{"id":"hpumnhy9pfh2e27jx5d9763n","from":{"blockId":"l7tgac1sj9698aythagvrzd0"},"to":{"groupId":"xewilfq3qvu2vj8elk97mf7t"}},{"id":"unkmd5nw7dip9kg7ng6wgwmi","from":{"blockId":"pdbcdixvis4h43mhy3x0zuh8"},"to":{"groupId":"sqlkuw37rpgbpak1ntetkr63"}},{"id":"mf5ooroc145b19b58tlp6k9w","from":{"blockId":"bogc1dtj4rgrwwrjedowp11n","itemId":"e1zyq3psdm5pq6dn1k14a87k"},"to":{"groupId":"fexi5ypysnjmflq9pj2uj24w"}},{"id":"l2mercdbp0v0fpvpc4fhbuou","from":{"blockId":"wcupv50euh78dxci027w0fq9"},"to":{"groupId":"sftkn0acej87a3tgvmo7c0k0"}},{"id":"cwuyuaiygt5mlmvnq5bstnsw","from":{"blockId":"lt6y9xqt53yrvqhpwaigd339"},"to":{"groupId":"zkwb0tmuqj2wkp4ezokp1i20","blockId":"rijy497zz6z4lwkei0p2ctwo"}},{"id":"wu6vf5at2li10qcludhgyi6g","from":{"blockId":"ojr3svq7it31ssidpslglimd"},"to":{"groupId":"qvr19u1bl4tllumnso5223m3"}},{"id":"e57rzja3cfqs2dnrpaihrvwj","from":{"blockId":"b6nvu9ough080vzjqhaj7llt"},"to":{"groupId":"ymthiezxiqv5ynxtiw7k9omr"}},{"id":"kjhcg9azyger2rgbibzad1i4","from":{"blockId":"poykb7xia8jhvu7k5anua7x6"},"to":{"groupId":"q931c58ymwncxebr5iqipwxq"}},{"id":"gpoq4atc0w3zdzkn8326t5mk","from":{"blockId":"vz3ghyvqjl3zk4mi5ermtnoh"},"to":{"groupId":"tgjre7a5pj7jwdcclrjx9ny2"}},{"id":"g3i3b4t5i6rb5h4ixfheh26h","from":{"blockId":"ffkqqpitgzimg4tk4d74736i"},"to":{"groupId":"w4uml15pmnmbu6yk4x1ddfqu"}}],"variables":[{"id":"vcl86911dj000w3b6j17b19oep","name":"nome"},{"id":"vcl86aer0q002c3b6jx28zxlrm","name":"e-mail"},{"id":"vcl86aexgc002d3b6jc6o8aj23","name":"telefone"},{"id":"vcl86ajaav002u3b6jtwwz0s6w","name":"instagram"},{"id":"vcl87e1v7j004a3b6jh3xwhqvo","name":"faturamento mensal"},{"id":"vcl87e5tlx004g3b6jqrzmije9","name":"faturamento desejado"},{"id":"vcl8lxr427000i3b6i3tim73x6","name":"telefone correto"},{"id":"vcl8lxzynp000p3b6isane14cl","name":"faturamento últ. mês"},{"id":"vcl91cpkz600043b6ig76c69ao","name":"qnt. investiria tráf."},{"id":"vcl91cq9zr00053b6ix3sy00s6","name":"pq eu?"},{"id":"vcl91cqgga00063b6ivzg1dbl4","name":"pq você?"},{"id":"vcl91cquu000073b6ibqg7gdz3","name":"qnt. apto pra aprender"},{"id":"vcl9ijavvb000w3b6ihdpu06pk","name":"utm_source"},{"id":"vcl9ijb373000y3b6i7ls77z0s","name":"utm_campaign"},{"id":"vcl9ijbf3t00113b6iuv59h8hg","name":"utm_medium"},{"id":"vcl9ijbn3i00133b6inklliilo","name":"utm_content"},{"id":"vclbpagq4m000d3b6eoa1r8q9h","name":"qualificação"},{"id":"vclbpcl8pg00143b6eumhadacm","name":"data entrada"},{"id":"vf4b9qcyt3hfz2fd96i7tfhqn","name":"verba de trafego"},{"id":"vppu5l7xn4zn6unfkw8dwf2aj","name":"especialidade"}],"theme":{"general":{"font":"Open Sans","background":{"type":"Color","content":"#ffffff"}},"chat":{"hostAvatar":{"isEnabled":true,"url":"https://s3.fr-par.scw.cloud/typebot/public/typebots/ew7uucery95m3pdidraw8uzq/hostAvatar?v=1678973544584"},"guestAvatar":{"isEnabled":false,"url":"https://s3.fr-par.scw.cloud/typebot/public/typebots/cl868oits453109mon4bojbc8/perfil.JPG"},"hostBubbles":{"backgroundColor":"#F7F8FF","color":"#303235"},"guestBubbles":{"backgroundColor":"#D61F2C","color":"#FFFFFF"},"buttons":{"backgroundColor":"#D61F2C","color":"#FFFFFF"},"inputs":{"backgroundColor":"#FFFFFF","color":"#303235","placeholderColor":"#9095A0"}}},"selectedThemeTemplateId":null,"settings":{"general":{"isBrandingEnabled":true,"isInputPrefillEnabled":true,"isHideQueryParamsEnabled":true,"isNewResultOnRefreshEnabled":false},"typingEmulation":{"enabled":true,"speed":600,"maxDelay":0.6},"metadata":{"description":"","imageUrl":"https://s3.fr-par.scw.cloud/typebot/public/typebots/ew7uucery95m3pdidraw8uzq/ogImage?v=1678973763786","favIconUrl":"https://s3.fr-par.scw.cloud/typebot/public/typebots/ew7uucery95m3pdidraw8uzq/favIcon?v=1678973782750","customHeadCode":"<!-- Meta Pixel Code -->\n<script>\n!function(f,b,e,v,n,t,s)\n{if(f.fbq)return;n=f.fbq=function(){n.callMethod?\nn.callMethod.apply(n,arguments):n.queue.push(arguments)};\nif(!f._fbq)f._fbq=n;n.push=n;n.loaded=!0;n.version='2.0';\nn.queue=[];t=b.createElement(e);t.async=!0;\nt.src=v;s=b.getElementsByTagName(e)[0];\ns.parentNode.insertBefore(t,s)}(window, document,'script',\n'https://connect.facebook.net/en_US/fbevents.js');\nfbq('init', '706852534270481');\nfbq('track', 'typebot');\n</script>\n<noscript><img height=\"1\" width=\"1\" style=\"display:none\"\nsrc=\"https://www.facebook.com/tr?id=706852534270481&ev=PageView&noscript=1\"\n/></noscript>\n<!-- End Meta Pixel Code -->","googleTagManagerId":"GTM-W7LTGFH"}},"createdAt":"2023-11-16T13:36:49.681Z","updatedAt":"2023-11-16T13:38:53.178Z","icon":null,"folderId":null,"publicId":null,"customDomain":null,"workspaceId":"clnvysmv4002kla0fh20ypvau","resultsTablePreferences":null,"isArchived":false,"isClosed":false,"whatsAppCredentialsId":null}