{"id":"clkbhwbt7009dmm0fidogcaye","version":"3","groups":[{"id":"w5fifht1il8c2cij2r3jofk4","title":"Start","blocks":[{"id":"22HP69iipkLjJDTUcc1AWW","type":"start","label":"Start","groupId":"w5fifht1il8c2cij2r3jofk4","outgoingEdgeId":"ygdxdj1po7rmrzuui9gzsssu"}],"graphCoordinates":{"x":0,"y":0}},{"id":"kdmvrdyxb74cdqgao3hgwkle","title":"Welcome","blocks":[{"id":"sc1y8VwDabNJgiVTBi4qtif","type":"text","content":{"richText":[{"type":"p","children":[{"text":"Oi, bem vinda! "}]}]},"groupId":"kdmvrdyxb74cdqgao3hgwkle"},{"id":"xqenhvy1ec8ubcgeufz97mao","type":"Wait","groupId":"kdmvrdyxb74cdqgao3hgwkle","options":{"secondsToWaitFor":"1"}},{"id":"ch1a5ug30c0hzg8mhnyscg4u","type":"Pixel","groupId":"kdmvrdyxb74cdqgao3hgwkle","options":{"name":"Iniciou_Conversa","params":[],"pixelId":"692227899366209","eventType":"ViewContent","isInitSkip":true}},{"id":"s7YqZTBeyCa4Hp3wN2j922c","type":"image","content":{"url":"https://media1.giphy.com/media/CEYn35j9ogRdmQ6dQ7/giphy-downsized.gif?cid=fe3852a31bait8bi7pimpy2u8qj5c2k4o8pzaquky7jy80rj&ep=v1_gifs_search&rid=giphy-downsized.gif&ct=g"},"groupId":"kdmvrdyxb74cdqgao3hgwkle"},{"id":"z9xyzctesjqch05csb9tckyu","type":"Wait","groupId":"kdmvrdyxb74cdqgao3hgwkle","options":{"secondsToWaitFor":"2"}},{"id":"smio4fe9q3irmq4yk69w9nfa","type":"text","content":{"richText":[{"type":"p","children":[{"text":"Aqui é a Camila, criei esse espaço para te conhecer um pouquinho melhor. Antes de prosseguirmos, vou te fazer umas perguntas, ok?"}]}]},"groupId":"kdmvrdyxb74cdqgao3hgwkle"},{"id":"zsmau0jrb5gxwx7ebb33g17t","type":"Wait","groupId":"kdmvrdyxb74cdqgao3hgwkle","options":{"secondsToWaitFor":"3"}},{"id":"lslrel0foyjd3s979y8xrd6x","type":"text","content":{"richText":[{"type":"p","children":[{"text":"Então vamos lá!"}]}]},"groupId":"kdmvrdyxb74cdqgao3hgwkle","outgoingEdgeId":"ng1hlhw895hnmwrf9obt3rf0"}],"graphCoordinates":{"x":1,"y":148}},{"id":"w4nowwmon3vbt2qhmkoxpz0d","title":"Idade","blocks":[{"id":"sxeYubYN6XzhAfG7m9Fivhc","type":"text","content":{"richText":[{"type":"p","children":[{"text":"Ótimo! Prazer em conhecê-la, {{Name}}"}]}]},"groupId":"w4nowwmon3vbt2qhmkoxpz0d"},{"id":"qev5en3pdqz6l4zr66gaibx0","type":"Wait","groupId":"w4nowwmon3vbt2qhmkoxpz0d","options":{"secondsToWaitFor":"1"}},{"id":"scQ5kduafAtfP9T8SHUJnGi","type":"text","content":{"richText":[{"type":"p","children":[{"text":"Você tem mais de 18 anos?"}]}]},"groupId":"w4nowwmon3vbt2qhmkoxpz0d"},{"id":"jx6iu8q9pdh1fdstfbgszqj0","type":"choice input","items":[{"id":"au654l5ggu6q6fidi7rlmk9e","type":0,"blockId":"jx6iu8q9pdh1fdstfbgszqj0","content":"Sim!","outgoingEdgeId":"ao3e5qjt8qy2qoi5ni8j9vqh"},{"id":"e2te38jdebfi4vevbmdameqa","type":0,"blockId":"jx6iu8q9pdh1fdstfbgszqj0","content":"Não","outgoingEdgeId":"jdwkxwsit8fnocs7klj9kwnf"}],"groupId":"w4nowwmon3vbt2qhmkoxpz0d","options":{"buttonLabel":"Send","isSearchable":false,"isMultipleChoice":false,"searchInputPlaceholder":"Filter the options..."}}],"graphCoordinates":{"x":695,"y":114}},{"id":"q6zbrgyofwg8vt305gjj55w9","title":"Name","blocks":[{"id":"sgtE2Sy7cKykac9B223Kq9R","type":"text","content":{"richText":[{"type":"p","children":[{"text":"Antes de começarmos... qual é o seu nome?"}]}]},"groupId":"q6zbrgyofwg8vt305gjj55w9"},{"id":"sqEsMo747LTDnY9FjQcEwUv","type":"text input","groupId":"q6zbrgyofwg8vt305gjj55w9","options":{"isLong":false,"labels":{"button":"Enviar","placeholder":"Digite sua resposta..."},"variableId":"giiLFGw5xXBCHzvp1qAbdX"},"outgoingEdgeId":"z2seq95vy5wx6mzzeuqk3g09"}],"graphCoordinates":{"x":340,"y":143}},{"id":"h9rwsxcco48du6apy9g3ib0j","title":"Group #4","blocks":[{"id":"kk8fliill1welmfst5hhok0b","type":"text","content":{"richText":[{"type":"p","children":[{"text":"Que ótimo! "}]}]},"groupId":"h9rwsxcco48du6apy9g3ib0j"},{"id":"ruzi262bvkpbamj8vo2e35n2","type":"Wait","groupId":"h9rwsxcco48du6apy9g3ib0j","options":{"secondsToWaitFor":"1"}},{"id":"h8859fcg26fuowjom7tjmfvg","type":"image","content":{"url":"https://media0.giphy.com/media/YnBntKOgnUSBkV7bQH/giphy.gif?cid=fe3852a3ju0e4dmc2sjqvabbfwsborubs2d2l9mswzwzkh8u&ep=v1_gifs_search&rid=giphy.gif&ct=g"},"groupId":"h9rwsxcco48du6apy9g3ib0j"},{"id":"pac5skokj4ldpwgzjpw8fe11","type":"Wait","groupId":"h9rwsxcco48du6apy9g3ib0j","options":{"secondsToWaitFor":"1"}},{"id":"fp7mrhxa01rxxnl846osddkd","type":"text","content":{"richText":[{"type":"p","children":[{"text":"Estou feliz em saber que você tem esse interesse em dar o primeiro passo para olhar pra si e sua trajetória em conjunto comigo."}]}]},"groupId":"h9rwsxcco48du6apy9g3ib0j"},{"id":"xveeij9wx2rxulben92ddffe","type":"Wait","groupId":"h9rwsxcco48du6apy9g3ib0j","options":{"secondsToWaitFor":"3"}},{"id":"df9e12fo9mg1urs992tucx18","type":"text","content":{"richText":[{"type":"p","children":[{"text":"{{Name}}, a maioria das minhas pacientes falam sobre:"}]},{"type":"p","children":[{"text":""}]},{"type":"p","children":[{"text":"- Ansiedade;"}]},{"type":"p","children":[{"text":"- Relações abusivas, sejam elas: amorosas, familiares ou no trabalho;"}]},{"type":"p","children":[{"text":"- Como aprender ter autonomia e estabelecer limites nas relações;"}]}]},"groupId":"h9rwsxcco48du6apy9g3ib0j"},{"id":"hfsfng3bvfcevecuw8oz0d0s","type":"Wait","groupId":"h9rwsxcco48du6apy9g3ib0j","options":{"secondsToWaitFor":"5"}},{"id":"npeghxlhf3hk2io5i121nzh0","type":"text","content":{"richText":[{"type":"p","children":[{"text":"Sobre o que você gostaria de conversar nas sessões de terapia?"}]}]},"groupId":"h9rwsxcco48du6apy9g3ib0j"},{"id":"zio0awuex7xj41bwwyumn9tx","type":"text input","groupId":"h9rwsxcco48du6apy9g3ib0j","options":{"isLong":false,"labels":{"button":"Enviar","placeholder":"Digite sua resposta..."}},"outgoingEdgeId":"n8qvk6wxbhobpewoqm9pvtm6"}],"graphCoordinates":{"x":1092.9,"y":-527.78}},{"id":"s76xyoud0w1vmfpwn9ua8ne7","title":"Group #5","blocks":[{"id":"p3luudob0b8tx2gwl2xclt19","type":"text","content":{"richText":[{"type":"p","children":[{"text":"Hmmm, uma pena {{Name}}! Infelizmente não atendo menores de idade. :("}]}]},"groupId":"s76xyoud0w1vmfpwn9ua8ne7"},{"id":"ow6chdseunf1cxsqmheqt4di","type":"Pixel","groupId":"s76xyoud0w1vmfpwn9ua8ne7","options":{"name":"Menor_Idade","params":[],"pixelId":"692227899366209","eventType":"Custom","isInitSkip":false}},{"id":"hgde55prw1hwzs9alzpsjnw2","type":"Wait","groupId":"s76xyoud0w1vmfpwn9ua8ne7","options":{"secondsToWaitFor":"2"}},{"id":"pv8i35hv8rcwlaz47gksx8gt","type":"text","content":{"richText":[{"type":"p","children":[{"text":"Mas você se importaria de eu te indicar para psicólogas experientes e especializadas em atendimento para você?"}]}]},"groupId":"s76xyoud0w1vmfpwn9ua8ne7"},{"id":"fwcg2wpgi9d3wafk8ux2husu","type":"Wait","groupId":"s76xyoud0w1vmfpwn9ua8ne7","options":{"secondsToWaitFor":"3"}},{"id":"jgskz2lat299c4dlg521dcfq","type":"text","content":{"richText":[{"type":"p","children":[{"text":"Elas têm muuuita experiência e tenho certeza de que podem te ajudar!"}]}]},"groupId":"s76xyoud0w1vmfpwn9ua8ne7"},{"id":"kisqfsg87glb5tay8czcbjye","type":"Wait","groupId":"s76xyoud0w1vmfpwn9ua8ne7","options":{"secondsToWaitFor":"2"}},{"id":"sveqpdx76u5oenhh74vwui6l","type":"choice input","items":[{"id":"k8dwstonv6w5mmjj5nmd6cly","type":0,"blockId":"sveqpdx76u5oenhh74vwui6l","content":"Está bem!","outgoingEdgeId":"g74qa8u52zhjaecyb4c2egfw"}],"groupId":"s76xyoud0w1vmfpwn9ua8ne7","options":{"buttonLabel":"Send","isSearchable":false,"isMultipleChoice":false,"searchInputPlaceholder":"Filter the options..."}}],"graphCoordinates":{"x":1066.61,"y":886.53}},{"id":"huluxqcyhyoomvdmfanwb6w4","title":"Group #6","blocks":[{"id":"htwlp5ppf8a2okfij5sbkrxc","type":"text","content":{"richText":[{"type":"p","children":[{"text":"{{Name}}, venha falar comigo no WhatsApp para que eu te encaminhe para uma outra profissional."}]}]},"groupId":"huluxqcyhyoomvdmfanwb6w4"},{"id":"h1vvke57c9y47xnugp992o6s","type":"Wait","groupId":"huluxqcyhyoomvdmfanwb6w4","options":{"secondsToWaitFor":"3"}},{"id":"z0mwybesqhk172ihidkmqj26","type":"Redirect","groupId":"huluxqcyhyoomvdmfanwb6w4","options":{"url":"https://wa.link/qsmaup","isNewTab":true}}],"graphCoordinates":{"x":1543.37,"y":1102.95}},{"id":"j87eluljc8cusf4cd76vqu6e","title":"Group #7","blocks":[{"id":"qw2apg7e31y2q5d4m18frlnp","type":"Pixel","groupId":"j87eluljc8cusf4cd76vqu6e","options":{}},{"id":"ynverm6ir4y3umni7la8pban","type":"text","content":{"richText":[{"type":"p","children":[{"text":"Anotado. Agora vou te explicar agora como funciona esse nosso espaço. "}]}]},"groupId":"j87eluljc8cusf4cd76vqu6e"},{"id":"khn1i6fnp8yenosa7v4iofjn","type":"Wait","groupId":"j87eluljc8cusf4cd76vqu6e","options":{"secondsToWaitFor":"2"}},{"id":"zxf2dhqiq2rtz4o39bzrpsoz","type":"text","content":{"richText":[{"type":"p","children":[{"text":"São sessões "},{"bold":true,"text":"online no Google Meet ou Skype "},{"text":"de 30 minutos no valor de R$45 cada ou 1 hora no valor de R$70 reais cada. "}]}]},"groupId":"j87eluljc8cusf4cd76vqu6e"},{"id":"fozj8lsuwntxq9n6rzes6j5k","type":"Wait","groupId":"j87eluljc8cusf4cd76vqu6e","options":{"secondsToWaitFor":"4"}},{"id":"j2v7ubkvftwy5gimwqr1y65t","type":"text","content":{"richText":[{"type":"p","children":[{"text":"Mas hoje quero fazer algo diferente com você!  Agendando "},{"bold":true,"text":"agora"},{"text":" nosso primeiro encontro será"},{"bold":true,"text":" de graça!"},{"text":" "}]}]},"groupId":"j87eluljc8cusf4cd76vqu6e"},{"id":"gwux8lqz6foboy5nvuswbe7r","type":"Wait","groupId":"j87eluljc8cusf4cd76vqu6e","options":{"secondsToWaitFor":"3"}},{"id":"s2zq6mx2dxwp6nvp1sd8xan6","type":"text","content":{"richText":[{"type":"p","children":[{"text":"Podemos agendar a consulta? "}]}]},"groupId":"j87eluljc8cusf4cd76vqu6e"},{"id":"c4rqedbi4ub2sg16jw954emm","type":"choice input","items":[{"id":"fw6iau8w9eoj6inxn2b2lzk5","type":0,"blockId":"c4rqedbi4ub2sg16jw954emm","content":"SIM!","outgoingEdgeId":"ctcx8y5ggv4ah8uo7zro70h5"}],"groupId":"j87eluljc8cusf4cd76vqu6e","options":{"buttonLabel":"Send","isSearchable":false,"isMultipleChoice":false,"searchInputPlaceholder":"Filter the options..."}}],"graphCoordinates":{"x":1502.37,"y":-274.5}},{"id":"bdrls9hpr59fyqhf2z610rur","title":"Group #8","blocks":[{"id":"rmnx3c0a17isozjy41jif54k","type":"text","content":{"richText":[{"type":"p","children":[{"text":"Muito obrigada {{Name}}. Então converse comigo agora no meu whatsapp pessoal para agendarmos uma data!"}]}]},"groupId":"bdrls9hpr59fyqhf2z610rur"},{"id":"pxszbddyjauh1gzs0i6v8vzi","type":"Pixel","groupId":"bdrls9hpr59fyqhf2z610rur","options":{"params":[],"pixelId":"692227899366209","eventType":"SubmitApplication"}},{"id":"d4ru0oqrikmtipgtl6ap4ipr","type":"Wait","groupId":"bdrls9hpr59fyqhf2z610rur","options":{"secondsToWaitFor":"3"}},{"id":"jv88iroxpzdf4fjjf2z0chjl","type":"Redirect","groupId":"bdrls9hpr59fyqhf2z610rur","options":{"url":"https://wa.link/8daufl","isNewTab":true}}],"graphCoordinates":{"x":2008.39,"y":-187.69}}],"variables":[{"id":"giiLFGw5xXBCHzvp1qAbdX","name":"Name"},{"id":"v3VFChNVSCXQ2rXv4DrJ8Ah","name":"Email"},{"id":"va3d48rflv4roj6lyf3qk03j6","name":"Whatsapp"}],"edges":[{"id":"ygdxdj1po7rmrzuui9gzsssu","to":{"groupId":"kdmvrdyxb74cdqgao3hgwkle"},"from":{"blockId":"22HP69iipkLjJDTUcc1AWW","groupId":"w5fifht1il8c2cij2r3jofk4"}},{"id":"z2seq95vy5wx6mzzeuqk3g09","to":{"groupId":"w4nowwmon3vbt2qhmkoxpz0d"},"from":{"blockId":"sqEsMo747LTDnY9FjQcEwUv","groupId":"q6zbrgyofwg8vt305gjj55w9"}},{"id":"ng1hlhw895hnmwrf9obt3rf0","to":{"groupId":"q6zbrgyofwg8vt305gjj55w9"},"from":{"blockId":"lslrel0foyjd3s979y8xrd6x","groupId":"kdmvrdyxb74cdqgao3hgwkle"}},{"id":"ao3e5qjt8qy2qoi5ni8j9vqh","to":{"groupId":"h9rwsxcco48du6apy9g3ib0j"},"from":{"itemId":"au654l5ggu6q6fidi7rlmk9e","blockId":"jx6iu8q9pdh1fdstfbgszqj0","groupId":"w4nowwmon3vbt2qhmkoxpz0d"}},{"id":"jdwkxwsit8fnocs7klj9kwnf","to":{"groupId":"s76xyoud0w1vmfpwn9ua8ne7"},"from":{"itemId":"e2te38jdebfi4vevbmdameqa","blockId":"jx6iu8q9pdh1fdstfbgszqj0","groupId":"w4nowwmon3vbt2qhmkoxpz0d"}},{"id":"g74qa8u52zhjaecyb4c2egfw","to":{"groupId":"huluxqcyhyoomvdmfanwb6w4"},"from":{"itemId":"k8dwstonv6w5mmjj5nmd6cly","blockId":"sveqpdx76u5oenhh74vwui6l","groupId":"s76xyoud0w1vmfpwn9ua8ne7"}},{"id":"n8qvk6wxbhobpewoqm9pvtm6","to":{"groupId":"j87eluljc8cusf4cd76vqu6e"},"from":{"blockId":"zio0awuex7xj41bwwyumn9tx","groupId":"h9rwsxcco48du6apy9g3ib0j"}},{"id":"ctcx8y5ggv4ah8uo7zro70h5","to":{"groupId":"bdrls9hpr59fyqhf2z610rur"},"from":{"itemId":"fw6iau8w9eoj6inxn2b2lzk5","blockId":"c4rqedbi4ub2sg16jw954emm","groupId":"j87eluljc8cusf4cd76vqu6e"}}],"theme":{"chat":{"inputs":{"color":"#303235","backgroundColor":"#FFFFFF","placeholderColor":"#9095A0"},"buttons":{"color":"#FFFFFF","backgroundColor":"#0d9488"},"roundness":"large","hostAvatar":{"url":"https://s3.fr-par.scw.cloud/typebot/public/typebots/aembs5jf8hpvgljabuioa1w3/hostAvatar?v=1689877764226","isEnabled":true},"guestAvatar":{"isEnabled":false},"hostBubbles":{"color":"#303235","backgroundColor":"#F7F8FF"},"guestBubbles":{"color":"#303235","backgroundColor":"#F7F8FF"}},"general":{"font":"Inter","background":{"type":"Image","content":"https://s3.fr-par.scw.cloud/typebot/public/typebots/aembs5jf8hpvgljabuioa1w3/background?v=1689877540367"}}},"settings":{"general":{"isBrandingEnabled":true,"isInputPrefillEnabled":true,"isResultSavingEnabled":true,"isHideQueryParamsEnabled":true,"isNewResultOnRefreshEnabled":true},"metadata":{"title":"Psicóloga - Camila ","favIconUrl":"https://s3.fr-par.scw.cloud/typebot/public/typebots/aembs5jf8hpvgljabuioa1w3/favIcon?v=1689877674725","description":"Build beautiful conversational forms and embed them directly in your applications without a line of code. Triple your response rate and collect answers that has more value compared to a traditional form."},"typingEmulation":{"speed":300,"enabled":true,"maxDelay":1.5}}}