{"id":"clkgahzhh001jmk0fc388kdam","version":"3","groups":[{"id":"cw4der0ystugaj9093n4v90w","title":"Start","blocks":[{"id":"cx5iel8jxfo4caorf8rnjiw0","type":"start","label":"Start","groupId":"cw4der0ystugaj9093n4v90w","outgoingEdgeId":"yzcrvkblhkpii031ae5y3e67"}],"graphCoordinates":{"x":-1748.43,"y":14.72}},{"id":"ca68fqb5zl3dxrgq1ta4v0v3","title":"","blocks":[{"id":"j9nfmweaohwmoeupdrrfzwgg","type":"Pixel","groupId":"ca68fqb5zl3dxrgq1ta4v0v3","options":{"name":"Page1","params":[],"pixelId":"712953484175828","eventType":"Custom","isInitSkip":false}},{"id":"e6z25sice5c3r03va6vmj4ha","type":"text","content":{"richText":[{"type":"p","children":[{"text":"Olá, me chamo Teresa Cristina, cresci dentro da igreja e "},{"bold":true,"text":"hoje tenho uma mensagem de fé para você "},{"text":"que pode "},{"bold":true,"text":"mudar a sua vida! "}]}]},"groupId":"ca68fqb5zl3dxrgq1ta4v0v3"},{"id":"eiz2q6o5vcy68tssl2ufl637","type":"text","content":{"richText":[{"type":"p","children":[{"text":"Como você se chama?"}]}]},"groupId":"ca68fqb5zl3dxrgq1ta4v0v3"},{"id":"iq3a05c3qlgiv7jt8a2feudw","type":"text input","groupId":"ca68fqb5zl3dxrgq1ta4v0v3","options":{"isLong":false,"labels":{"button":"Send","placeholder":"Type your answer..."},"variableId":"vprp91gkcj6ooz2wteh9qrvjn"},"outgoingEdgeId":"z8dxl296x38781hkxhyvf0eo"}],"graphCoordinates":{"x":-1434.92,"y":21.55}},{"id":"vme51j7rqk72bt2ok5olmbvq","title":"","blocks":[{"id":"yc1zb48vngoyaxw8xlt7d1s8","type":"Pixel","groupId":"vme51j7rqk72bt2ok5olmbvq","options":{"name":"Page3","params":[],"pixelId":"712953484175828","eventType":"Custom","isInitSkip":false}},{"id":"b67yqw5t665wip4u448klheu","type":"audio","content":{"url":"https://s3.fr-par.scw.cloud/typebot/public/typebots/kj6tujmx41mrbcwzacqspsz5/blocks/b67yqw5t665wip4u448klheu?v=1690164101365"},"groupId":"vme51j7rqk72bt2ok5olmbvq"},{"id":"tqrx408qz0zt8ecoigbemlvv","type":"Wait","groupId":"vme51j7rqk72bt2ok5olmbvq","options":{"secondsToWaitFor":"24"}},{"id":"bg9neyevxvrwxi1ca2nbrduo","type":"audio","content":{"url":"https://s3.fr-par.scw.cloud/typebot/public/typebots/kj6tujmx41mrbcwzacqspsz5/blocks/bg9neyevxvrwxi1ca2nbrduo?v=1690164124078"},"groupId":"vme51j7rqk72bt2ok5olmbvq"},{"id":"ep3y54bihou14gpgthwg09fx","type":"Wait","groupId":"vme51j7rqk72bt2ok5olmbvq","options":{"secondsToWaitFor":"15"}},{"id":"l0geios11jgpz2mnx00ewnii","type":"choice input","items":[{"id":"bsc4vi28ymo19ixfcpjcgor7","type":0,"blockId":"l0geios11jgpz2mnx00ewnii","content":"CLIQUE AQUI PARA SABER!","displayCondition":{"isEnabled":false}}],"groupId":"vme51j7rqk72bt2ok5olmbvq","options":{"buttonLabel":"Send","isSearchable":false,"isMultipleChoice":false,"searchInputPlaceholder":"Filter the options..."},"outgoingEdgeId":"xov9vm4i0q4uimocme897k9h"}],"graphCoordinates":{"x":-644.02,"y":24.34}},{"id":"poz0k29nvp29om4f2utdijhi","title":"","blocks":[{"id":"bek18vt8md005v3rm4uv94mk","type":"Pixel","groupId":"poz0k29nvp29om4f2utdijhi","options":{"name":"Page4","params":[],"pixelId":"712953484175828","eventType":"Custom","isInitSkip":false}},{"id":"j6asdlua2xxpcmo0is3h53ou","type":"audio","content":{"url":"https://s3.fr-par.scw.cloud/typebot/public/typebots/kj6tujmx41mrbcwzacqspsz5/blocks/j6asdlua2xxpcmo0is3h53ou?v=1690164428644"},"groupId":"poz0k29nvp29om4f2utdijhi"},{"id":"txkzg3nq7zg9xg4ip5kaicx9","type":"Wait","groupId":"poz0k29nvp29om4f2utdijhi","options":{"secondsToWaitFor":"25"}},{"id":"d9l4hi7nc7kolpctemijhde2","type":"audio","content":{"url":"https://s3.fr-par.scw.cloud/typebot/public/typebots/kj6tujmx41mrbcwzacqspsz5/blocks/d9l4hi7nc7kolpctemijhde2?v=1690164849225"},"groupId":"poz0k29nvp29om4f2utdijhi"},{"id":"q3ax1mqz3ujntaosoa5j7pzb","type":"Wait","groupId":"poz0k29nvp29om4f2utdijhi","options":{"secondsToWaitFor":"18"}},{"id":"jtilkhu72bofh9q832ulpwpo","type":"text","content":{"richText":[{"type":"p","children":[{"text":"Digite amém se você crê  🙏🙏🙏"}]}]},"groupId":"poz0k29nvp29om4f2utdijhi"},{"id":"wxso3jatsxdjkvnamma6mg4a","type":"text input","groupId":"poz0k29nvp29om4f2utdijhi","options":{"isLong":false,"labels":{"button":"Enviar","placeholder":"Digite aqui..."}},"outgoingEdgeId":"zebd4jhpvlnqd8pzf1l0vn8m"}],"graphCoordinates":{"x":-248.82,"y":24.24}},{"id":"gv2xulyj3334sov68a2e1mca","title":"","blocks":[{"id":"o0fi85ngns85pcwtkvjxwsuj","type":"Pixel","groupId":"gv2xulyj3334sov68a2e1mca","options":{"name":"Page2","params":[],"pixelId":"712953484175828","eventType":"Custom","isInitSkip":false}},{"id":"qxhdyp7zce3in4k4hozn96ij","type":"text","content":{"richText":[{"type":"p","children":[{"text":"Okay {{NOME}} Você é uma pessoa de fé? Costuma fazer suas orações com frequência?\n"}]}]},"groupId":"gv2xulyj3334sov68a2e1mca"},{"id":"tn2zoescgbr0qrouqo56920u","type":"Wait","groupId":"gv2xulyj3334sov68a2e1mca","options":{"secondsToWaitFor":"2"}},{"id":"dgm72twzxnf9kr7is53pa2lo","type":"text input","groupId":"gv2xulyj3334sov68a2e1mca","options":{"isLong":false,"labels":{"button":"Enviar","placeholder":"Digite aqui..."}}},{"id":"vcnn5alg1mn3r1q8t1b39v6c","type":"audio","content":{"url":"https://s3.fr-par.scw.cloud/typebot/public/typebots/kj6tujmx41mrbcwzacqspsz5/blocks/vcnn5alg1mn3r1q8t1b39v6c?v=1690163407415"},"groupId":"gv2xulyj3334sov68a2e1mca"},{"id":"ud1b4rjos3d0czl174bwar60","type":"Wait","groupId":"gv2xulyj3334sov68a2e1mca","options":{"secondsToWaitFor":"25"}},{"id":"jbzqhf8x0ahkeojqxrbwzi5t","type":"audio","content":{"url":"https://s3.fr-par.scw.cloud/typebot/public/typebots/kj6tujmx41mrbcwzacqspsz5/blocks/jbzqhf8x0ahkeojqxrbwzi5t?v=1690163423752"},"groupId":"gv2xulyj3334sov68a2e1mca"},{"id":"urfjkd58u1h1qt8rx8etsdv0","type":"Wait","groupId":"gv2xulyj3334sov68a2e1mca","options":{"secondsToWaitFor":"18"}},{"id":"muaybu8r4douw2gfjyikbaa4","type":"audio","content":{"url":"https://s3.fr-par.scw.cloud/typebot/public/typebots/kj6tujmx41mrbcwzacqspsz5/blocks/muaybu8r4douw2gfjyikbaa4?v=1690163436827"},"groupId":"gv2xulyj3334sov68a2e1mca"},{"id":"h08mdvasimtc3wwg7l8bz7b2","type":"Wait","groupId":"gv2xulyj3334sov68a2e1mca","options":{"secondsToWaitFor":"21"}},{"id":"hybd3cqgz42r58ytqd9jfx1f","type":"image","content":{"url":"https://s3.fr-par.scw.cloud/typebot/public/typebots/kj6tujmx41mrbcwzacqspsz5/blocks/hybd3cqgz42r58ytqd9jfx1f?v=1690163580384"},"groupId":"gv2xulyj3334sov68a2e1mca"},{"id":"ndk1lxj22me07x5d3jjlvzmk","type":"Wait","groupId":"gv2xulyj3334sov68a2e1mca","options":{"secondsToWaitFor":"4"},"outgoingEdgeId":"yupb0dt1e7jc736rxrraw2o6"}],"graphCoordinates":{"x":-1034.51,"y":22.07}},{"id":"it47xnhsxj5x7ppx763zy9ye","title":"","blocks":[{"id":"shphlygaq6dvo0hvkfu9bdgi","type":"Pixel","groupId":"it47xnhsxj5x7ppx763zy9ye","options":{"name":"Page5","params":[],"pixelId":"712953484175828","eventType":"Custom","isInitSkip":false}},{"id":"wzws6f2dhbe12o2bhl2rlt6g","type":"audio","content":{"url":"https://s3.fr-par.scw.cloud/typebot/public/typebots/kj6tujmx41mrbcwzacqspsz5/blocks/wzws6f2dhbe12o2bhl2rlt6g?v=1690164985277"},"groupId":"it47xnhsxj5x7ppx763zy9ye"},{"id":"lam7sjhsvvlv83hoofqdq6yl","type":"Wait","groupId":"it47xnhsxj5x7ppx763zy9ye","options":{"secondsToWaitFor":"29"}},{"id":"n9ilul4pg1sargnvlytghigo","type":"image","content":{"url":"https://s3.fr-par.scw.cloud/typebot/public/typebots/kj6tujmx41mrbcwzacqspsz5/blocks/n9ilul4pg1sargnvlytghigo?v=1690165415709"},"groupId":"it47xnhsxj5x7ppx763zy9ye"},{"id":"glp58rad0bnysikk1ed25tx1","type":"Wait","groupId":"it47xnhsxj5x7ppx763zy9ye","options":{"secondsToWaitFor":"4"}},{"id":"zjglohtpnacay3xyvzgh36lj","type":"choice input","items":[{"id":"mdwwpn5v0bfy0r33zwzxm3jo","type":0,"blockId":"zjglohtpnacay3xyvzgh36lj","content":"CLIQUE AQUI PARA TER ACESSO"}],"groupId":"it47xnhsxj5x7ppx763zy9ye","options":{"buttonLabel":"Send","isSearchable":false,"isMultipleChoice":false,"searchInputPlaceholder":"Filter the options..."}},{"id":"nffnq4h2w7ohh55k81johruz","type":"text","content":{"richText":[{"type":"p","children":[{"text":"{{NOME}} Vejo que você é uma pessoa que está disposta a"},{"bold":true,"text":" mudar sua vida e caminhar no caminho de fé!"},{"text":" Por isso tenho uma surpresa especial para você {{NOME}}!"}]}]},"groupId":"it47xnhsxj5x7ppx763zy9ye"},{"id":"odghlznuelckiro7f6f0q5ap","type":"Wait","groupId":"it47xnhsxj5x7ppx763zy9ye","options":{"secondsToWaitFor":"3"}},{"id":"nc0jlq1nj6n24dhnk6cr7eyf","type":"audio","content":{"url":"https://s3.fr-par.scw.cloud/typebot/public/typebots/kj6tujmx41mrbcwzacqspsz5/blocks/nc0jlq1nj6n24dhnk6cr7eyf?v=1690165142294"},"groupId":"it47xnhsxj5x7ppx763zy9ye"},{"id":"d0pvxx3zp39fc2aionom92rl","type":"Wait","groupId":"it47xnhsxj5x7ppx763zy9ye","options":{"secondsToWaitFor":"15"}},{"id":"ikm3j3yn6vs87dmd1q04jd0e","type":"text","content":{"richText":[{"type":"p","children":[{"text":"✅ O Guia prático para a "},{"bold":true,"text":"meditação religiosa"},{"text":" + áudios para meditar"}]},{"type":"p","children":[{"text":""}]},{"type":"p","children":[{"text":"✅ O Livro digital explicando como você pode fazer uma "},{"bold":true,"text":"boa oração em grupo"},{"text":" (seja com sua família ou amigos)"}]},{"type":"p","children":[{"text":""}]},{"type":"p","children":[{"text":"✅ O passo a passo dos 30 dias para ter um"},{"bold":true,"text":" coração mais grato"},{"text":", com uma oração especialmente escolhida para cada dia do mês"}]},{"type":"p","children":[{"text":""}]},{"type":"p","children":[{"text":"✅ O Guia dos"},{"bold":true,"text":" 11 passos "},{"text":"para ler e entender a bíblia "}]},{"type":"p","children":[{"text":""}]},{"type":"p","children":[{"text":"✅ O Guia para "},{"bold":true,"text":"repelir toda inveja"},{"text":" de sua vida, um dos que eu acho mais poderosos!"}]}]},"groupId":"it47xnhsxj5x7ppx763zy9ye"},{"id":"qi1xgm1949470495j41bjvj5","type":"Wait","groupId":"it47xnhsxj5x7ppx763zy9ye","options":{"secondsToWaitFor":"11"}},{"id":"g6lk72oup824jbaxfvb2jvnx","type":"audio","content":{"url":"https://s3.fr-par.scw.cloud/typebot/public/typebots/kj6tujmx41mrbcwzacqspsz5/blocks/g6lk72oup824jbaxfvb2jvnx?v=1690166275236"},"groupId":"it47xnhsxj5x7ppx763zy9ye"},{"id":"xqvvqr8ozwzr0iy284gook5y","type":"Wait","groupId":"it47xnhsxj5x7ppx763zy9ye","options":{"secondsToWaitFor":"13"}},{"id":"fzamp8bnutuu3nbtrd2xstvs","type":"audio","content":{"url":"https://s3.fr-par.scw.cloud/typebot/public/typebots/kj6tujmx41mrbcwzacqspsz5/blocks/fzamp8bnutuu3nbtrd2xstvs?v=1690166309330"},"groupId":"it47xnhsxj5x7ppx763zy9ye"},{"id":"wxv743fv4itpkcstu8g82ij3","type":"Wait","groupId":"it47xnhsxj5x7ppx763zy9ye","options":{"secondsToWaitFor":"11"}},{"id":"zlbkmkay6l983dct2a60wod0","type":"choice input","items":[{"id":"kxz7pnwdyihvgy4564kwgjlx","type":0,"blockId":"zlbkmkay6l983dct2a60wod0","content":"CLIQUE AQUI SE VOCÊ QUER!"}],"groupId":"it47xnhsxj5x7ppx763zy9ye","options":{"buttonLabel":"Send","isSearchable":false,"isMultipleChoice":false,"searchInputPlaceholder":"Filter the options..."},"outgoingEdgeId":"nomc2633t4e05gwzfp68n452"}],"graphCoordinates":{"x":118.4,"y":27.72}},{"id":"iqbr4mpf8ytxr6r8a4zj3v44","title":"","blocks":[{"id":"bjdzfdf737smqhi0p5zw1q2g","type":"Pixel","groupId":"iqbr4mpf8ytxr6r8a4zj3v44","options":{"name":"Page6","params":[],"pixelId":"712953484175828","eventType":"Custom","isInitSkip":false}},{"id":"r4zutgascyfdrhya9up3aign","type":"text","content":{"richText":[{"type":"p","children":[{"text":"{{NOME}} hoje eu quero te ajudar! "}]}]},"groupId":"iqbr4mpf8ytxr6r8a4zj3v44"},{"id":"gvmitn0furf70waswphijq7y","type":"audio","content":{"url":"https://s3.fr-par.scw.cloud/typebot/public/typebots/kj6tujmx41mrbcwzacqspsz5/blocks/gvmitn0furf70waswphijq7y?v=1690166432580"},"groupId":"iqbr4mpf8ytxr6r8a4zj3v44"},{"id":"chmoc0kgibrxzkbqbxuxp3cd","type":"Wait","groupId":"iqbr4mpf8ytxr6r8a4zj3v44","options":{"secondsToWaitFor":"29"}},{"id":"adfd3nkj8e3e8es160vub96h","type":"audio","content":{"url":"https://s3.fr-par.scw.cloud/typebot/public/typebots/kj6tujmx41mrbcwzacqspsz5/blocks/adfd3nkj8e3e8es160vub96h?v=1690166453145"},"groupId":"iqbr4mpf8ytxr6r8a4zj3v44"},{"id":"b1p7jase21l9f1cu049z8tmk","type":"Wait","groupId":"iqbr4mpf8ytxr6r8a4zj3v44","options":{"secondsToWaitFor":"17"}},{"id":"zesz0l7lmhjg5j5col8xixkb","type":"audio","content":{"url":"https://s3.fr-par.scw.cloud/typebot/public/typebots/kj6tujmx41mrbcwzacqspsz5/blocks/zesz0l7lmhjg5j5col8xixkb?v=1690166505860"},"groupId":"iqbr4mpf8ytxr6r8a4zj3v44"},{"id":"pxxdyxk6himy00kichisiel1","type":"Wait","groupId":"iqbr4mpf8ytxr6r8a4zj3v44","options":{"secondsToWaitFor":"24"}},{"id":"l8w58bm30w069qayniwitpzv","type":"choice input","items":[{"id":"gqu7hr5mk9ygu0bamuiekq4u","type":0,"blockId":"l8w58bm30w069qayniwitpzv","content":"QUERO TER ACESSO POR APENAS R$37 REAIS "}],"groupId":"iqbr4mpf8ytxr6r8a4zj3v44","options":{"buttonLabel":"Send","isSearchable":false,"isMultipleChoice":false,"searchInputPlaceholder":"Filter the options..."}},{"id":"nzgpyvwtr5kb7m6d0i3p7v6w","type":"Redirect","groupId":"iqbr4mpf8ytxr6r8a4zj3v44","options":{"url":"https://pay.kiwify.com.br/eMPHKnb","isNewTab":false}}],"graphCoordinates":{"x":495.07,"y":31.06}}],"variables":[{"id":"vprp91gkcj6ooz2wteh9qrvjn","name":"NOME"},{"id":"vylhptebpxvgxs98ah9vf9q1p","name":"PESO"},{"id":"vpel0viottucscnen8zdlejaf","name":"IDADE"},{"id":"vlnuxmidqsek5hmsy83v55c7h","name":"PERDER"},{"id":"va2xubuj795oo62rxwti3hudj","name":"TEMPO"}],"edges":[{"id":"z8dxl296x38781hkxhyvf0eo","to":{"groupId":"gv2xulyj3334sov68a2e1mca"},"from":{"blockId":"iq3a05c3qlgiv7jt8a2feudw","groupId":"ca68fqb5zl3dxrgq1ta4v0v3"}},{"id":"yupb0dt1e7jc736rxrraw2o6","to":{"groupId":"vme51j7rqk72bt2ok5olmbvq"},"from":{"blockId":"ndk1lxj22me07x5d3jjlvzmk","groupId":"gv2xulyj3334sov68a2e1mca"}},{"id":"yzcrvkblhkpii031ae5y3e67","to":{"blockId":"j9nfmweaohwmoeupdrrfzwgg","groupId":"ca68fqb5zl3dxrgq1ta4v0v3"},"from":{"blockId":"cx5iel8jxfo4caorf8rnjiw0","groupId":"cw4der0ystugaj9093n4v90w"}},{"id":"xov9vm4i0q4uimocme897k9h","to":{"groupId":"poz0k29nvp29om4f2utdijhi"},"from":{"blockId":"l0geios11jgpz2mnx00ewnii","groupId":"vme51j7rqk72bt2ok5olmbvq"}},{"id":"zebd4jhpvlnqd8pzf1l0vn8m","to":{"groupId":"it47xnhsxj5x7ppx763zy9ye"},"from":{"blockId":"wxso3jatsxdjkvnamma6mg4a","groupId":"poz0k29nvp29om4f2utdijhi"}},{"id":"nomc2633t4e05gwzfp68n452","to":{"blockId":"r4zutgascyfdrhya9up3aign","groupId":"iqbr4mpf8ytxr6r8a4zj3v44"},"from":{"blockId":"zlbkmkay6l983dct2a60wod0","groupId":"it47xnhsxj5x7ppx763zy9ye"}}],"theme":{"chat":{"inputs":{"color":"#000000","backgroundColor":"#FFFFFF","placeholderColor":"#28292a"},"buttons":{"color":"#FFFFFF","backgroundColor":"#128C7E"},"roundness":"medium","hostAvatar":{"url":"https://s3.fr-par.scw.cloud/typebot/public/typebots/kj6tujmx41mrbcwzacqspsz5/hostAvatar?v=1690245355727","isEnabled":true},"guestAvatar":{"url":"https://s3.fr-par.scw.cloud/typebot/public/typebots/cli88mae30010mh0f0yzjqn48/guestAvatar?v=1685330799682","isEnabled":false},"hostBubbles":{"color":"#303235","backgroundColor":"#FFFFFF"},"guestBubbles":{"color":"#303235","backgroundColor":"#e1ffc7"}},"general":{"font":"Open Sans","background":{"type":"Image","content":"https://s3.fr-par.scw.cloud/typebot/public/typebots/cli88mae30010mh0f0yzjqn48/background?v=1685470080750"}},"customCss":".typebot-chat-view > .flex:first-child {\n    padding-top: 30px;\n}\n\n.typebot-input {\n    position: fixed;\n    bottom: 0;\n    align-items: center;\n    z-index: 999;\n    right: 0;\n}\n\n.typebot-input .typebot-button {\n    background: #008a7c;\n    border-radius: 50%;\n    color: #fff;\n    position: relative;\n    width: 50px;\n    height: 50px;\n    display: flex;\n    align-items: center;\n    justify-content: center;\n}\n\n.typebot-container {\n    background-size: initial!important;\n    background-repeat: repeat-x!important;\n}\n\n.typebot-host-bubble>.bubble-typing {\n  border-radius: 0 5px 5px 5px;\n}\n\n.typebot-host-bubble>.bubble-typing:after {\n    position: absolute;\n    content: \"\";\n    width: 0;\n    height: 0;\n    border-style: solid;\n    border-width: 0px 10px 10px 0;\n    border-color: transparent #fff transparent transparent;\n    top: 0;\n    left: -10px;\n}\n\n.typebot-guest-bubble {\n  position: relative;\n  border-radius: 5px 0 5px 5px;\n}\n\n.typebot-guest-bubble:after {\n  position: absolute;\n  content: \"\";\n  width: 0;\n  height: 0;\n  border-style: solid;\n}\n\n.typebot-guest-bubble:after {\n    border-width: 0px 0 10px 10px;\n    border-color: transparent transparent transparent #e1ffc7;\n    top: 0;\n    right: -10px;\n    border-style: solid;\n}\n\niframe[src=\"\"] {\n  position: fixed;\n  top: 0;\n  left: 0;\n  display: relative;\n  width: 100%;\n  height: 100% !important;\n  z-index: 999999;\n  border: none;\n  padding: 0;\n  margin: 0;\n}\n\na#lite-badge {\n  display: none!important;\n}"},"settings":{"general":{"rememberUser":{"isEnabled":false},"isBrandingEnabled":true,"isInputPrefillEnabled":false,"isHideQueryParamsEnabled":false},"metadata":{"title":"WhatsApp Web","imageUrl":"https://images.unsplash.com/photo-1611077544170-be90a2f68add?crop=entropy&cs=tinysrgb&fit=max&fm=jpg&ixid=M3w0MjU2MDR8MHwxfHNlYXJjaHwyN3x8d2VpZ2h0JTIwbG9zc3xlbnwwfDB8fHwxNjg2MjAzMzA4fDA&ixlib=rb-4.0.3&q=80&w=1080","favIconUrl":"https://s3.fr-par.scw.cloud/typebot/public/typebots/l0n7ybxke51bxm6kng10ak9q/favIcon?v=1689560094163","description":"Esse oração mudou tudo!","customHeadCode":"<!-- Meta Pixel Code -->\n<script>\n  !function(f,b,e,v,n,t,s)\n  {if(f.fbq)return;n=f.fbq=function(){n.callMethod?\n  n.callMethod.apply(n,arguments):n.queue.push(arguments)};\n  if(!f._fbq)f._fbq=n;n.push=n;n.loaded=!0;n.version='2.0';\n  n.queue=[];t=b.createElement(e);t.async=!0;\n  t.src=v;s=b.getElementsByTagName(e)[0];\n  s.parentNode.insertBefore(t,s)}(window, document,'script',\n  'https://connect.facebook.net/en_US/fbevents.js');\n  fbq('init', '712953484175828');\n  fbq('track', 'PageView');\n</script>\n<noscript><img height=\"1\" width=\"1\" style=\"display:none\"\n  src=\"https://www.facebook.com/tr?id=712953484175828&ev=PageView&noscript=1\"\n/></noscript>\n<!-- End Meta Pixel Code -->\n<link rel=\"stylesheet\" href=\"https://cdnjs.cloudflare.com/ajax/libs/material-design-iconic-font/2.2.0/css/material-design-iconic-font.min.css\">\n<style>\n  .hide {\n    display: none!important;\n  }\n  typebot-standard {\n    position: relative;\n    z-index: 9999;\n  }\n  #__next {\n    position: relative;\n    z-index: 9999;\n}\n  /* User Bar */\n.user-bar {\n  width: 100%;\n  height: 55px;\n  background: #005e54;\n  color: #fff;\n  padding: 0;\n  font-size: 24px;\n  position: fixed;\n  z-index: 99999;\n  display: block;\n  top: 0;\n}\n\n.user-bar:after {\n  content: \"\";\n  display: table;\n  clear: both;\n}\n\n.user-bar div {\n    float: left;\n    transform: translateY(-50%);\n    position: relative;\n    top: 50%;\n    margin-left: 10px;\n}\n\n.user-bar .actions {\n  float: right;\n  margin: 0 0 0 20px;\n}\n\n.user-bar .actions.more {\n  margin: 0 12px 0 32px;\n}\n\n.user-bar .actions.attachment {\n  margin: 0 0 0 30px;\n}\n\n.user-bar .actions.attachment i {\n  display: block;\n  transform: rotate(-45deg);\n}\n\n.user-bar .avatar {\n  margin: 0 0 0 5px;\n  width: 36px;\n  height: 36px;\n}\n\n.user-bar .avatar img {\n  border-radius: 50%;\n  box-shadow: 0 1px 0 rgba(255, 255, 255, 0.1);\n  display: block;\n  width: 100%;\n}\n\n.user-bar .name {\n  font-size: 17px;\n  font-weight: 600;\n  text-overflow: ellipsis;\n  letter-spacing: 0.3px;\n  margin: 0 0 0 8px;\n  overflow: hidden;\n  white-space: nowrap;\n  width: 150px;\n}\n\n.user-bar .status {\n  display: block;\n  font-size: 13px;\n  font-weight: 400;\n  letter-spacing: 0;\n}\n</style>\n\n<script>\nfunction criarBarra() {\n  var userBar = document.createElement(\"div\");\n  userBar.className = \"user-bar\";\n\n  var backButton = document.createElement(\"div\");\n  backButton.className = \"back\";\n  backButton.innerHTML = '<i class=\"zmdi zmdi-arrow-left\"></i>';\n\n  var avatar = document.createElement(\"div\");\n  avatar.className = \"avatar\";\n  avatar.innerHTML = '<img src=\"https://i.postimg.cc/HsmhZM0D/Screenshot-4.png\" alt=\"CF DO JEFF\">';\n\n  var name = document.createElement(\"div\");\n  name.className = \"name\";\n  name.innerHTML = '<span>Tereza Cristina</span><span class=\"status\">online</span>';\n\n  var moreActions = document.createElement(\"div\");\n  moreActions.className = \"actions more\";\n  moreActions.innerHTML = '<i class=\"zmdi zmdi-more-vert\"></i>';\n\n  var attachmentAction = document.createElement(\"div\");\n  attachmentAction.className = \"actions attachment\";\n  attachmentAction.innerHTML = '<i class=\"zmdi zmdi-attachment-alt\"></i>';\n\n  var phoneAction = document.createElement(\"div\");\n  phoneAction.className = \"actions\";\n  phoneAction.innerHTML = '<i class=\"zmdi zmdi-phone\"></i>';\n\n  userBar.appendChild(backButton);\n  userBar.appendChild(avatar);\n  userBar.appendChild(name);\n  userBar.appendChild(moreActions);\n  userBar.appendChild(attachmentAction);\n  userBar.appendChild(phoneAction);\n\n  var elementoPai = document.querySelector(\"#__next\");\n  if (elementoPai) {\n    elementoPai.insertBefore(userBar, elementoPai.firstChild);\n  }\n}\n\ncriarBarra();\n</script>\n"},"typingEmulation":{"speed":300,"enabled":true,"maxDelay":1.5}}}