{"version":"6","id":"clq6tpolm0003r01gzh0jio8g","name":"Realiza Pedido (1)","events":[{"id":"euet0nzrei5rnww9nm2wwnjm","outgoingEdgeId":"vxmu0t3wvcv44wedcnu74wid","graphCoordinates":{"x":-332.51,"y":-699.83},"type":"start"}],"groups":[{"id":"jruebidybhc97j8l6xczqdt4","title":"Verifica se Tem Um ClienteId","graphCoordinates":{"x":652.67,"y":-879.66},"blocks":[{"id":"jbo4wh6ncyn4pifw2wqlvhza","outgoingEdgeId":"dyqntsqnbbja1rsmjfvzagnx","type":"Condition","items":[{"id":"gacpe99e2uorqtb1bv4jvhx7","outgoingEdgeId":"bsnb8s1kehg8o8bvi4er7jnk","content":{"logicalOperator":"AND","comparisons":[{"id":"nlfi5nu7bys1jnol36wcxm30","variableId":"vrwfmwfpd8zlgopb30h98bijo","comparisonOperator":"Is empty"}]}}]}]},{"id":"c5lppt9xvsa6ra3kyfxlva5o","title":"Captura Informações para criar um novo atendimento e pedido, e pegar informações do contato na base de dados","graphCoordinates":{"x":1114.84,"y":-542.84},"blocks":[{"id":"l23s841y3bw6xpoxbtc0s59n","type":"text","content":{"richText":[{"type":"p","children":[{"text":"Qual é o seu Nome?"}]}]}},{"id":"lhsfzaonxwgi3u60d2dajod4","type":"text input","options":{"labels":{"placeholder":"Seu nome...","button":"Enviar"},"variableId":"vfrlds0v0qp0qp4482ft8xjyr","isLong":false}},{"id":"xrgaas84sc45dwura20ll2aj","type":"text","content":{"richText":[{"type":"p","children":[{"text":"Qual é o seu número de Whatsapp?"}]}]}},{"id":"gkzqs3ebu0aolx3nlq0v85b0","outgoingEdgeId":"uhglyyy2atlcwjniyt8dwo9v","type":"phone number input","options":{"variableId":"vr4xt31sgtjw27is0izkv1ky6","labels":{"placeholder":"ex: (2199999999)","button":"Enviar"},"retryMessageContent":"Digite um Número Válido","defaultCountryCode":"BR"}}]},{"id":"lmd2nny1tldq3jb2gx3lxl43","title":"Lista as categorias de itens disponiveis","graphCoordinates":{"x":1436.33,"y":515.5},"blocks":[{"id":"xsswdm08x3shaybe0tfpgmy2","type":"Webhook","options":{"variablesForTest":[],"responseVariableMapping":[{"id":"cqp5cq7k28wesrhanry62ox8","variableId":"vug822e8jor5vuknrabk8onlc","bodyPath":"data.results.flatMap(item => item.Name)"}],"isAdvancedConfig":true,"isCustomBody":false,"isExecutedOnClient":false,"webhook":{"queryParams":[],"headers":[{"id":"vcijx0gflb9ocf8eobks37ba","key":"Authorization","value":"Token {{token_api}}"}],"method":"GET","url":"{{url_api}}/api/database/rows/table/{{tabela_categorias}}/?user_field_names=true"}}},{"id":"mzx1dugc0ma41ao2yxwel21w","type":"text","content":{"richText":[{"type":"p","children":[{"text":"O que você deseja pedir?"}]}]}},{"id":"hlwnzwli4omo10t67u675bw7","outgoingEdgeId":"qyjdk77kcvrisq8u270j6mjg","type":"choice input","items":[{"id":"bx43dcq49iqrfeag85a4smey","content":"Click to edit"}],"options":{"variableId":"vlz4ug3zxqqex4ymhol86f996","isMultipleChoice":false,"buttonLabel":"Send","dynamicVariableId":"vug822e8jor5vuknrabk8onlc","isSearchable":false,"searchInputPlaceholder":"Filter the options..."}}]},{"id":"d9cq01kg4a5khczah7yykewx","title":"Lista itens da categoria escolhida","graphCoordinates":{"x":1988.5,"y":189.5},"blocks":[{"id":"dzb9vczinen9n2cpyir6ykrs","type":"Webhook","options":{"variablesForTest":[],"responseVariableMapping":[{"id":"dqpmuioqhko1kri1jik5pa6m","variableId":"vubxm7avmozad31rqh8r06v1h","bodyPath":"data.results.flatMap(item => item.Nome)"},{"id":"wsrrcv1vqz29ha78sjnyuo9l","variableId":"vkcm0qzzqp9s4mjy7ew23eytv","bodyPath":"data.results.flatMap(item => item)"}],"isAdvancedConfig":true,"isCustomBody":false,"webhook":{"queryParams":[],"headers":[{"id":"yoo5l530n118xu56bobpia18","key":"Authorization","value":"Token {{token_api}}"}],"method":"GET","url":"{{url_api}}/api/database/rows/table/{{tabela_itens}}/?user_field_names=true&filter__field_27__link_row_contains={{Categoria Escolhida}}"}}},{"id":"wdx8i6ua1eancqkgwgbd5ljs","type":"text","content":{"richText":[{"type":"p","children":[{"text":"Escolha um item referente a {{Categoria Escolhida}}:"}]}]}},{"id":"v8sze1i314byzxl1si6i17c5","outgoingEdgeId":"gqmec2f468l4vagxbkjupuw2","type":"choice input","items":[{"id":"d0aunufdvw904vx75l6qy5x9","content":"Click to edit"}],"options":{"variableId":"ve3cr3uwc3glk57ralqg2z664","isMultipleChoice":false,"buttonLabel":"Send","dynamicVariableId":"vubxm7avmozad31rqh8r06v1h","isSearchable":false,"searchInputPlaceholder":"Filter the options..."}}]},{"id":"pokidbrwh8kk3bo36gxfuiv8","title":"Quantidade para item escolhido","graphCoordinates":{"x":2426.83,"y":162},"blocks":[{"id":"qnwdk0gufxs94biify9lazp0","type":"text","content":{"richText":[{"type":"p","children":[{"text":"Qual é a quantidade que você deseja de {{Categoria Escolhida}} - {{Item Escolhido}} 🛍️?"}]}]}},{"id":"ek5mhk4bbb4gun972jnxhqsk","outgoingEdgeId":"h9fdsz0x8ogw2alemruxoul4","type":"number input","options":{"variableId":"vnlsjkak0l4wvqh6819422th7","labels":{"placeholder":"Escolha a quantidade","button":"Enviar"},"min":1,"max":99,"step":1}}]},{"id":"auemlyelfmkyp4hpsc60dz5b","title":" Calcula Comanda e Total","graphCoordinates":{"x":2977.83,"y":196.5},"blocks":[{"id":"nb88adbcil5jn1o01vprjkw6","type":"Set variable","options":{"variableId":"vpv4m3j11imzt7aa7plqieiny","expressionToEvaluate":"let objItem;\nfor (let i = 0; i < {{ArrItens}}.length; i++) {\n    const it = {{ArrItens}}[i];\n    const objIt = JSON.parse(it);\n    if (objIt.Nome === {{Item Escolhido}}){\n        objItem = objIt;\n    }\n    \n}\n\nconst preco = Number(objItem.Valor);\n\nconst comandaObj = JSON.parse({{Comanda}});\n\n\n\nconst newItem = {\n  item: {{Item Escolhido}},\n  qtd: {{Quantidade Escolhida}},\n  precoUnit: preco \n};\n\ncomandaObj.itens.push(newItem);\nlet total = 0;\nfor (let j = 0; j < comandaObj.itens.length; j++) {\n    const item = comandaObj.itens[j];\n    const prc = item.precoUnit * item.qtd\n    total += prc; \n    \n}\n\ncomandaObj.total = total;\n\nreturn comandaObj;\n\n\n\n\n"}},{"id":"eqceuzpzy5ltkemqd29lvz67","outgoingEdgeId":"j1sbx2oth02b0ynhm4p7vqws","type":"Set variable","options":{"variableId":"vwh48rjb93f7vqei9h09rp5r9","expressionToEvaluate":"const comandaObj = JSON.parse({{Comanda}});\nreturn parseFloat(comandaObj.total).toFixed(2);"}}]},{"id":"nvaqp73cgxcqhxxy05jwpmng","title":"Seta Comanda e total","graphCoordinates":{"x":788,"y":588.16},"blocks":[{"id":"e3r9qw3thfhdx3zrdgh9xn9j","type":"text","content":{"richText":[{"type":"p","children":[{"text":"Olá {{Nome}} o número do seu pedido é {{NumeroPedido}} 🤗"}]}]}},{"id":"sxbd1fmbtq1rgx56gok3u30d","type":"text","content":{"richText":[{"type":"p","children":[{"text":"Segue os nossos cardápios 👇"}]}]}},{"id":"sanijdf3eopuj79gdw1dx75o","type":"image","content":{"url":"https://img.elo7.com.br/product/original/49650B4/cardapio-digital-1-pagina.jpg"}},{"id":"yi8j5ng2azonr1o8ldxj0pzc","type":"Set variable","options":{"variableId":"vpv4m3j11imzt7aa7plqieiny","expressionToEvaluate":"{\n  itens: [],\n  total: \"\"\n};"}},{"id":"camek2jwzuuxqo7a9xhfgcsx","outgoingEdgeId":"p7y33diwkmvemlvowiorzf30","type":"Set variable","options":{"variableId":"vwh48rjb93f7vqei9h09rp5r9","type":"Custom","expressionToEvaluate":"return 0;\n"}}]},{"id":"s2ec5v3mz94qjiihwilszuf8","title":"Ações com o Pedido","graphCoordinates":{"x":3211,"y":690.66},"blocks":[{"id":"ah9jyvojwfhi23er29wz70tg","type":"text","content":{"richText":[{"type":"p","children":[{"text":"Total da sua Comanda é R$ {{Total}}"}]}]}},{"id":"isyvk28u1yiyff5ol8z6o9vc","type":"choice input","items":[{"id":"ch3kzcpqg0ww51ee5h95zt3a","outgoingEdgeId":"t9jgjkoz0hpuwb2obu0bsvh1","content":"Fechar Pedido"},{"id":"abzf16dcf46xded26ckibpf7","outgoingEdgeId":"pk713nbqzidtqpxt5l9nv1wr","content":"Pedir outro Item"},{"id":"x14wphy6l4y128z37dlsoh92","outgoingEdgeId":"puvggitl23gdbmqsvvcwtyid","content":"Remover Item da Comanda"}],"options":{"isMultipleChoice":false,"buttonLabel":"Send","isSearchable":false,"searchInputPlaceholder":"Filter the options..."}}]},{"id":"g392ghxicw2e8tvo4dz9at8t","title":"Pede para o cliente esolher a forma de entrega","graphCoordinates":{"x":3834.33,"y":822.33},"blocks":[{"id":"zqhz1qjbtun9to4kv0ctt7b7","type":"text","content":{"richText":[{"type":"p","children":[{"text":"Como você deseja receber o seu pedido 🛵?"}]}]}},{"id":"x32klc1lnn3deo0bp768833b","type":"choice input","items":[{"id":"r88tjp4uutgn4gysalg9scwz","outgoingEdgeId":"hdw2bop5537eo4ivzj88nhlr","content":"Retirar na loja"},{"id":"gfp9gprmf89ranj1nzy78s0y","outgoingEdgeId":"xmdmeiabc3seqm0dml5isn4n","content":"Entregar em um Endereço"}],"options":{"variableId":"vznfxlln8balsvq1i910coa4h","isMultipleChoice":false,"buttonLabel":"Send","isSearchable":false,"searchInputPlaceholder":"Filter the options..."}}]},{"id":"jp66uawdxe9nnqf86npbj9rb","title":"Envia endereço da loja","graphCoordinates":{"x":4356,"y":430.67},"blocks":[{"id":"gjqjuykm7acycmc9t86mgl73","type":"text","content":{"richText":[{"type":"p","children":[{"text":"Estamos localizados em👇:"}]}]}},{"id":"kwybvzsh160pzfdnlh30k44j","outgoingEdgeId":"dntc0f76xpphy84q90xuivhv","type":"text","content":{"richText":[{"type":"p","children":[{"text":"Rua Iraí, - Coração de Jesus - Belo Horizante/MG"}]}]}}]},{"id":"ye3a765dqhu1du8zl36r62xn","title":"Escolha da forma de pagamento","graphCoordinates":{"x":5017.66,"y":392.33},"blocks":[{"id":"ib8d3jylrpwcqxav5zjz38ja","type":"text","content":{"richText":[{"type":"p","children":[{"text":"Escolha a forma de pagamento 💰"}]}]}},{"id":"hvmwcg8diriznhwj6u9qpuz3","type":"choice input","items":[{"id":"k1s46xt40njqsticoksmmcxw","outgoingEdgeId":"ol66pndhr9hzhkzibcz2oo5h","content":"Pix"},{"id":"x4acgl2w2vwy3kfbkur6hd5i","outgoingEdgeId":"hfwq1rj8x8vsncx2l0muo98g","content":"Dinheiro"},{"id":"tp2mem0gswt986fmcez248hb","outgoingEdgeId":"zhd1b1aiigydozkpij1fgccy","content":"Cartão de Crédito"},{"id":"s34vqaooswovz9nisdfub8vn","outgoingEdgeId":"tqc7y0am7410dv7m5jsrbnzp","content":"Cartão de Débito"}],"options":{"variableId":"vbblqq36j4q4arbjt7er3ypow","isMultipleChoice":false,"buttonLabel":"Send","isSearchable":false,"searchInputPlaceholder":"Filter the options..."}}]},{"id":"ar34j6yp5pidvfq6a8o10vjc","title":"Verifica se variaveis de endereço estão vazias","graphCoordinates":{"x":4346,"y":1165.67},"blocks":[{"id":"splirokr7hfr6cnmsa1zaqo6","outgoingEdgeId":"bp3bu6ci9zc6y9rqf97i9f4n","type":"Condition","items":[{"id":"wo83s01sgg9cv6n3pjvxfzno","outgoingEdgeId":"itvk7ovt0o3135pv4kd46aeu","content":{"logicalOperator":"OR","comparisons":[{"id":"it99pqp7hvnsekpryt2y4ltn","variableId":"vc82kes075obz8h8do53js34v","comparisonOperator":"Is empty"},{"id":"op94os22jlmp6nbfvte9sb62","variableId":"vlnl0x85p4yrtziovho5fs94h","comparisonOperator":"Is empty"},{"id":"na1lel83xby52d2n4i962kue","variableId":"voufx2z8ivblz0a5bmvg6n4s7","comparisonOperator":"Is empty"},{"id":"be6xspff2ld70o0nx19w8vuh","variableId":"vwjn7a4k2vhaghotesdqwnwcf","comparisonOperator":"Is empty"},{"id":"cohr7cfaut5ne3m4aqreydfe","variableId":"viz2nadyw6pukjlxpt15rg0gg","comparisonOperator":"Is empty"}]}}]}]},{"id":"o2vx2pl2i0jdwkjwjpx8h3bq","title":"Captura endereço","graphCoordinates":{"x":5332.67,"y":974},"blocks":[{"id":"qak3t90oa4g12zy6vlxt5qt3","type":"text","content":{"richText":[{"type":"p","children":[{"text":"Precisamos que você forneça um endereço para entrega do seu pedido, para isso preciso que você digite o CEP do local, caso não saiba o CEP basta digitar \"Não sei meu CEP\" 👇"}]}]}},{"id":"fw6of8ninew9tqac4lq1cog2","type":"text input","options":{"labels":{"placeholder":"ex: 57304-385","button":"Enviar"},"variableId":"vmee7ygu5xgb21g99urr2yy4x","isLong":false}},{"id":"fj4xh2q2bgj79er82x7dngcq","type":"Condition","items":[{"id":"x598lq68aaguhhr4r0kdlp54","outgoingEdgeId":"jrrjl26swhtytlsbbf1c0yeh","content":{"logicalOperator":"OR","comparisons":[{"id":"lv2u7ewmwhmp6t4fwd7urr85","variableId":"vmee7ygu5xgb21g99urr2yy4x","comparisonOperator":"Contains","value":"Não sei"},{"id":"z7xkzzx32d2pla9aps1buy8w","variableId":"vmee7ygu5xgb21g99urr2yy4x","comparisonOperator":"Contains","value":"não sei"}]}}]},{"id":"oqs3nqih5fp8gnhs5obrfclj","outgoingEdgeId":"hs0a0mc1okwm16z1e7002zd5","type":"Condition","items":[{"id":"mckwqm8qqmkmx6ek65maebpp","outgoingEdgeId":"xp400i8ajqlgax9psljwhhdm","content":{"logicalOperator":"AND","comparisons":[{"id":"e4j5ypji51ejy7rqoazgo5jp","variableId":"vmee7ygu5xgb21g99urr2yy4x","comparisonOperator":"Matches regex","value":"^\\d{5}-\\d{3}|\\d{8}$"}]}}]}]},{"id":"x2mzbz4bmjjjyh4z93lv2r3u","title":"Captura infos individualmente","graphCoordinates":{"x":6032.99,"y":1008.84},"blocks":[{"id":"jqg0fgi81tnpum2u0uu2vneq","type":"text","content":{"richText":[{"type":"p","children":[{"text":"Qual é o nome da Rua do seu local de entrega?"}]}]}},{"id":"unj3ln8keuo6fm6iov0lz242","type":"text input","options":{"labels":{"placeholder":"Rua...","button":"Enviar"},"variableId":"vc82kes075obz8h8do53js34v","isLong":false}},{"id":"kstge38n92pps2sryvh4dgrk","type":"text","content":{"richText":[{"type":"p","children":[{"text":"Qual é o nome do bairro do seu local de entrega?"}]}]}},{"id":"ya5frmrjv5i6xg3p9zbx5lax","type":"text input","options":{"labels":{"placeholder":"Bairro","button":"Enviar"},"variableId":"vlnl0x85p4yrtziovho5fs94h","isLong":false}},{"id":"rnelzbe6llymbrax7ykvvivm","type":"text","content":{"richText":[{"type":"p","children":[{"text":"Qual é o nome da cidade do seu local de entrega?"}]}]}},{"id":"vp3a334r9nxdr757xm993o21","type":"text input","options":{"labels":{"placeholder":"Cidade...","button":"Enviar"},"variableId":"voufx2z8ivblz0a5bmvg6n4s7","isLong":false}},{"id":"awnfq88sgebzx626vuwd3gbx","type":"text","content":{"richText":[{"type":"p","children":[{"text":"Qual é o Estado do seu local de entrega?"}]}]}},{"id":"x0qe3ne9n57g1us6lmy8tuxk","outgoingEdgeId":"ndmaee1s2z1rdz8ma6mpwi5y","type":"text input","options":{"labels":{"placeholder":"Estado","button":"Enviar"},"variableId":"vwjn7a4k2vhaghotesdqwnwcf","isLong":false}}]},{"id":"s5ybaez75njni8wyr4j05v2u","title":"Cep Válido","graphCoordinates":{"x":5676.66,"y":1860.01},"blocks":[{"id":"css6a2ijtbjv3au03y5z1kg3","type":"Webhook","options":{"variablesForTest":[],"responseVariableMapping":[{"id":"svwafnxirnrujb4d3prr40qp","variableId":"vc82kes075obz8h8do53js34v","bodyPath":"data.logradouro"},{"id":"tdpw1bzccjgck6fob2mcy3c5","variableId":"vlnl0x85p4yrtziovho5fs94h","bodyPath":"data.bairro"},{"id":"nmlyff2vemgjyegje5zmvbfz","variableId":"voufx2z8ivblz0a5bmvg6n4s7","bodyPath":"data.localidade"},{"id":"eq1brur6cjb41m8xqibvp7cd","variableId":"vwjn7a4k2vhaghotesdqwnwcf","bodyPath":"data.uf"}],"isAdvancedConfig":true,"isCustomBody":false,"webhook":{"queryParams":[],"headers":[],"method":"GET","url":"https://viacep.com.br/ws/{{Cep}}/json/"}}},{"id":"mfl9g29grg7hm432ad3tu0wb","type":"text","content":{"richText":[{"type":"p","children":[{"text":"Agora preciso saber qual é o número do local de entrega"}]}]}},{"id":"rr82wgz4w2nb8njkd2qh1si6","outgoingEdgeId":"jjog2hftyaclwmgi2kh71ypd","type":"text input","options":{"labels":{"placeholder":"Número da casa","button":"Enviar"},"variableId":"viz2nadyw6pukjlxpt15rg0gg","isLong":false}}]},{"id":"otnvtckc890um74803sbpyy1","title":"Confirma endereço de entrega","graphCoordinates":{"x":4553.33,"y":2040},"blocks":[{"id":"rmcg7qo7co3uic353yvy02o2","type":"text","content":{"richText":[{"type":"p","children":[{"text":"As informações referente ao seu endereço são:"}]},{"type":"p","children":[{"text":""}]},{"type":"p","children":[{"text":"Rua: {{Rua}}"}]},{"type":"p","children":[{"text":""}]},{"type":"p","children":[{"text":"Bairro: {{Bairro}}"}]},{"type":"p","children":[{"text":""}]},{"type":"p","children":[{"text":"Cidade: {{Cidade}}"}]},{"type":"p","children":[{"text":""}]},{"type":"p","children":[{"text":"Estado: {{Estado}}"}]},{"type":"p","children":[{"text":""}]},{"type":"p","children":[{"text":"Numero: {{Numero}} "}]}]}},{"id":"gtmunv6sa10v6tb5ypveitjt","type":"choice input","items":[{"id":"s3e2cj4sxoxzffed52xfth65","outgoingEdgeId":"b2l7mu6x125xt2xecbunb7v1","content":"Esse é o meu endereço"},{"id":"qsv3rdn5we3sobk87v3750w3","outgoingEdgeId":"ztmzlomsinzgjzipl2c2k4yd","content":"Quero editar esse endereço"}],"options":{"isMultipleChoice":false,"buttonLabel":"Send","isSearchable":false,"searchInputPlaceholder":"Filter the options..."}}]},{"id":"k5gvgnnu1s84eukp4cknjviz","title":"Confirma Pedido","graphCoordinates":{"x":3661.66,"y":34.18},"blocks":[{"id":"v6gypjhu4huaeqsx8sh7dxlf","type":"Set variable","options":{"variableId":"vam7rcmhqfxnal8eg9nwshqfs","expressionToEvaluate":"const objComanda = JSON.parse({{Comanda}});\n\nlet str = \"\"\nfor (let i = 0; i < objComanda.itens.length; i++) {\n    const it = objComanda.itens[i];\n    str += `${it.item} - R$ ${parseFloat(it.precoUnit).toFixed(2)} - Quantidade: ${it.qtd}\n    \n    \n    `\n    \n}\nstr = str +`\n\nTotal: R$ ${parseFloat(objComanda.total).toFixed(2)}`\nreturn str;"}},{"id":"fat46v09o1efdult1q2as3gz","type":"text","content":{"richText":[{"type":"p","children":[{"text":"O seu pedido está correto?"}]},{"type":"p","children":[{"text":""}]},{"type":"p","children":[{"text":""}]},{"type":"p","children":[{"text":"{{ComandaFormatada}}"}]},{"type":"p","children":[{"text":""}]}]}},{"id":"i0rknfsjfdkvq7e5opb7idwy","type":"choice input","items":[{"id":"mba55uqwzznqa9f3ev1jzew5","outgoingEdgeId":"xp815m0t890bsin5psp773rq","content":"Sim"},{"id":"amx5rphtflakxjldx3icpel9","outgoingEdgeId":"xfina8il8vko8emj5o4dsc2v","content":"Quero Modificar meu Pedido"}],"options":{"isMultipleChoice":false,"buttonLabel":"Send","isSearchable":false,"searchInputPlaceholder":"Filter the options..."}}]},{"id":"eiinoma5w7fc2xemzkti438o","title":"Remove item da comanda","graphCoordinates":{"x":3378.33,"y":1459.17},"blocks":[{"id":"alaeyrdg9pskr2ssrultjqni","type":"text","content":{"richText":[{"type":"p","children":[{"text":"Escolha o item que você deseja remover da sua Comanda 👇"}]}]}},{"id":"u2kw0yvafdkb8ekzzxbpd300","type":"Set variable","options":{"variableId":"vdb48u16cr7u7lcfpqom2t8cs","expressionToEvaluate":"const arrObj = JSON.parse({{Comanda}});\nconst arrayItens = arrObj.itens;\nlet newArr = [];\n\nfor (let i = 0; i < arrayItens.length; i++) {\n    const item = arrayItens[i];\n    newArr.push(item.item)\n    \n}\nreturn newArr;"}},{"id":"qw4zh67vouamxmrvf680jm5h","type":"choice input","items":[{"id":"p9ypt3sy0ywuxf948nsxnlvr","content":"Click to edit"}],"options":{"variableId":"vr66is7wcrucc3p6dlvo5j550","isMultipleChoice":false,"buttonLabel":"Enviar","dynamicVariableId":"vdb48u16cr7u7lcfpqom2t8cs","isSearchable":false,"searchInputPlaceholder":"Filter the options..."}},{"id":"ju0zxqt4qfxpyokhiv7pvm2j","type":"Set variable","options":{"variableId":"vpv4m3j11imzt7aa7plqieiny","expressionToEvaluate":"const comandaObj = JSON.parse({{Comanda}});\n\nconst list = comandaObj.itens;\n\nconst newComandaList = list.filter((it) => it.item !== {{itemRemover}});\n\n\n\nlet total = 0;\nif (newComandaList.length > 0){\n  for (let j = 0; j < newComandaList.length; j++) {\n    const item = newComandaList[j];\n    const prc = item.precoUnit * item.qtd\n    total += prc; \n    \n}\n}\n\n\ncomandaObj.total = total;\ncomandaObj.itens = newComandaList\n\nreturn comandaObj;\n"}},{"id":"exy6weph7s60o21t5vpetdpf","outgoingEdgeId":"lk2eqst67jp3apv66yvwbxj1","type":"Set variable","options":{"variableId":"vwh48rjb93f7vqei9h09rp5r9","expressionToEvaluate":"const comandaObj = JSON.parse({{Comanda}});\nreturn parseFloat(comandaObj.total).toFixed(2);"}}]},{"id":"t59ou1l4n8ashuohaa8lzj56","title":"Cria Pedido","graphCoordinates":{"x":598.33,"y":48.16},"blocks":[{"id":"vt31npi7j1tk9i3opxwzyo5p","type":"Set variable","options":{"variableId":"vfua8hh52wn3w6okxonbkwc0w","expressionToEvaluate":"let pd = new Date().getTime()\nreturn pd;"}},{"id":"ptq17me4eqf9wc5mats53wrd","outgoingEdgeId":"bfkhdlvxdv2dlj00sooc52ea","type":"Webhook","options":{"variablesForTest":[{"id":"v2eyd1sg4lj98nta7g9rnh9j","variableId":"vrwfmwfpd8zlgopb30h98bijo","value":"7"},{"id":"yiqge6fashf66ofu23dacwbb","variableId":"vfua8hh52wn3w6okxonbkwc0w","value":"123"},{"id":"il0ldytkhvabgaafb6022jfu","variableId":"vmpzpd0yq3e6qcwtd4v95j27d","value":"https://api.baserow.io"},{"id":"wumzbuu8tdlgmpcv4xucazt0","variableId":"vh7jxdug2p5fpc7jklivwz9b7","value":"zThQy8NlDaAE2j2WDUVulmJnwOEgV5EQ"},{"id":"erqm4piebmjyca4ys66rex3i","variableId":"vf76xqukmxvxfqst8nmu5gix9","value":"211113"}],"responseVariableMapping":[{"id":"luzpcjnvjb9xyqagnrndkpal","variableId":"vi6bnzm5wja536nq5upzy25cz","bodyPath":"data.id"}],"isAdvancedConfig":true,"isCustomBody":true,"webhook":{"queryParams":[],"headers":[{"id":"dwlo8tqifl92gnbb78dyzsmr","key":"Authorization","value":"Token {{token_api}}"}],"method":"POST","url":"{{url_api}}/api/database/rows/table/{{tabela_pedidos}}/?user_field_names=true","body":"{\n    \"Numero do Pedido\": \"{{NumeroPedido}}\",\n    \"Cliente\": [\n        {{ClienteId}}\n    ],\n    \"Total\": \"0.00\",\n    \"Status\": \"Pedindo\"\n}"}}}]},{"id":"x2e5zb0d8ka3uhp8y5n9w0ha","title":"Checa Se Cliente existe na base dados","graphCoordinates":{"x":1959.16,"y":-520.5},"blocks":[{"id":"p14ye5bojmd94tczuvs6jcrp","type":"Set variable","options":{"variableId":"vr4xt31sgtjw27is0izkv1ky6","expressionToEvaluate":"let antigo = {{Whatsapp}};\nantigo = antigo.replace(\"+\", \"\");\n\nreturn antigo;"}},{"id":"tcegiidq1ufy4fddqrk2la87","type":"Webhook","options":{"variablesForTest":[{"id":"lcbqlu73f7p0tj31b0hg2o2d","variableId":"vmpzpd0yq3e6qcwtd4v95j27d","value":"https://api.baserow.io"},{"id":"yucbw3ke0h69v1lsye335mal","variableId":"vnnapnavirj9frd0pois1lsjz","value":"211109"},{"id":"iwh3b1yu82atvxcile98lq4m","variableId":"vr4xt31sgtjw27is0izkv1ky6","value":"553193738603"},{"id":"xj5pok3v6w4xyplvkqtk05z5","variableId":"vh7jxdug2p5fpc7jklivwz9b7","value":"zThQy8NlDaAE2j2WDUVulmJnwOEgV5EQ"}],"responseVariableMapping":[{"id":"oefogskuh9xt8t3uxf121nm1","variableId":"vrwfmwfpd8zlgopb30h98bijo","bodyPath":"data.results[0].id"},{"id":"kd991huwiev3q2zpuht973ax","variableId":"vbxej6wnf5zbke1doqv2uuqj4","bodyPath":"data.results[0].Endereço[0].id"}],"isAdvancedConfig":true,"isCustomBody":false,"webhook":{"queryParams":[],"headers":[{"id":"mb8n5o0sbf1bkdwus6ef2g9d","key":"Authorization","value":"Token {{token_api}}"}],"method":"GET","url":"{{url_api}}/api/database/rows/table/{{tabela_cliente}}/?user_field_names=true&filter__field_8__contains={{Whatsapp}}"}}},{"id":"wcnbvasurblxexo24cjh47t4","type":"Condition","items":[{"id":"s3rflnwo7bup4o4ub7tg3ejm","outgoingEdgeId":"iyglwjotvt1aichpxeiccxn3","content":{"logicalOperator":"AND","comparisons":[{"id":"ukznd6gybu3ltdnrlk0ilclw","variableId":"vbxej6wnf5zbke1doqv2uuqj4","comparisonOperator":"Matches regex","value":"^-?\\d+$"}]}}]},{"id":"jusn6ef3vv38zev4h2oswa9d","outgoingEdgeId":"jbtns3sue0xjc2a57cz5tl26","type":"Condition","items":[{"id":"vbi5zgh0eha3a15lsdnc35bt","outgoingEdgeId":"tkgx72cofdp13nuqtduiulfo","content":{"logicalOperator":"AND","comparisons":[{"id":"nlfi5nu7bys1jnol36wcxm30","variableId":"vrwfmwfpd8zlgopb30h98bijo","comparisonOperator":"Matches regex","value":"^-?\\d+$"}]}}]}]},{"id":"djqzv0gf5zq0g5taqwsbg9o1","title":"Cria Cliente","graphCoordinates":{"x":2488.16,"y":-460.5},"blocks":[{"id":"bb7wsjfd3gwjouxy1irhko99","outgoingEdgeId":"xrr64yykuzb6usdpmiyzt6o5","type":"Webhook","options":{"variablesForTest":[{"id":"l07e98fiwo13dv65j5pgg4fv","variableId":"vr4xt31sgtjw27is0izkv1ky6","value":"2199999999"},{"id":"lend58dntjwuj7m3in55sdj1","variableId":"vfrlds0v0qp0qp4482ft8xjyr","value":"Ana"}],"responseVariableMapping":[{"id":"u1jhztj7toqbsqzz1ncbp934","variableId":"vrwfmwfpd8zlgopb30h98bijo","bodyPath":"data.id"}],"isAdvancedConfig":true,"isCustomBody":true,"webhook":{"queryParams":[],"headers":[{"id":"vkdt01pr600ktu7z9syp4jgh","key":"Authorization","value":"Token {{token_api}}"}],"method":"POST","url":"{{url_api}}/api/database/rows/table/{{tabela_cliente}}/?user_field_names=true","body":"{\n    \"Whatsapp\": \"{{Whatsapp}}\",\n    \"Nome\": \"{{Nome}}\"\n}"}}}]},{"id":"h2skse3e9u1hhmwydp4tjyam","title":"Salva Informações Capturadas","graphCoordinates":{"x":5664.82,"y":119.49},"blocks":[{"id":"uckuk1wmc85modjxhl1ekgkn","type":"Condition","items":[{"id":"dsm8cr6u5221n8chyhc9jfyt","outgoingEdgeId":"yyk5lfquf5w57e7a9ynexd6e","content":{"logicalOperator":"OR","comparisons":[{"id":"u3xg9gapuvzqamd04g2829r2","variableId":"vbxej6wnf5zbke1doqv2uuqj4","comparisonOperator":"Does not match regex","value":"^-?\\d+$"},{"id":"wxsvqrs7hmhjy934itzyax36","variableId":"vbxej6wnf5zbke1doqv2uuqj4","comparisonOperator":"Is empty"}]}}]},{"id":"cfuyh409up36728bq3ykd29u","type":"Webhook","options":{"variablesForTest":[{"id":"lqmlwdmb4ycjacqonbukelt0","variableId":"vi6bnzm5wja536nq5upzy25cz","value":"64"},{"id":"sh91k0uozs66xwag5p2u6cby","variableId":"vpv4m3j11imzt7aa7plqieiny","value":"blabla"},{"id":"h7ej0zorucu5e9gr58kh92dm","variableId":"vbblqq36j4q4arbjt7er3ypow","value":"Pix"},{"id":"zqsdh1fj2lf6w85ft729qvsx","variableId":"vznfxlln8balsvq1i910coa4h","value":"Retirar na Loja"},{"id":"ro28smft3c13cxawpatjghpl","variableId":"vwh48rjb93f7vqei9h09rp5r9","value":"125"}],"responseVariableMapping":[],"isAdvancedConfig":true,"isCustomBody":true,"webhook":{"queryParams":[],"headers":[{"id":"fvx3jbfdxyuxbcl89a98zjx4","key":"Authorization","value":"Token {{token_api}}"}],"method":"PATCH","url":"{{url_api}}/api/database/rows/table/{{tabela_pedidos}}/{{PedidoId}}/?user_field_names=true","body":"{\n    \"Total\": \"{{Total}}\",\n    \"Status\": \"Confirmado\",\n    \"Comanda\": \"{{Comanda}}\",\n    \"Forma de Pagamento\": \"{{Forma de Pagamento}}\",\n    \"Forma de Entrega\": \"{{Forma de Entrega}}\"\n}"}}},{"id":"ymbz3i3uk8sj6iow3me12hhi","type":"text","content":{"richText":[{"type":"p","children":[{"text":"Confirmamos seu pedido em nosso sistema ☺"}]}]}},{"id":"iwop1ipsp0zegcy6ejjmlkrc","type":"text","content":{"richText":[{"type":"p","children":[{"text":"Iremos te informar quando ele estiver pronto 🤩"}]}]}}]},{"id":"vucf3ujuk4w0gpc9i9wms8ov","title":"Define Variaveis","graphCoordinates":{"x":120.49,"y":-728.83},"blocks":[{"id":"lfg90mk5rrbm4u0vtnkmz5su","type":"Set variable","options":{"variableId":"vmpzpd0yq3e6qcwtd4v95j27d","expressionToEvaluate":""}},{"id":"zy0mmhnl6cc7vmuwc60btd0i","type":"Set variable","options":{"variableId":"vh7jxdug2p5fpc7jklivwz9b7","expressionToEvaluate":""}},{"id":"m296kh5dkq1yh21865rygixq","type":"Set variable","options":{"variableId":"vnnapnavirj9frd0pois1lsjz","expressionToEvaluate":"3"}},{"id":"msert6xao30j7ud02vnlqk64","type":"Set variable","options":{"variableId":"vf76xqukmxvxfqst8nmu5gix9","expressionToEvaluate":"5"}},{"id":"kj6n2965t4hbkgfd6ohqcftb","type":"Set variable","options":{"variableId":"vxj8dhod3kr6gjh6jm10hlvsd","expressionToEvaluate":"211719"}},{"id":"eg9sxbwhk49rgnhaczaiu1f1","type":"Set variable","options":{"variableId":"vrvty2jvbhufymofjyihxyapl","expressionToEvaluate":"8"}},{"id":"k9x0t6equ0wntsdbg3upm37k","type":"Set variable","options":{"variableId":"vh3l5poghu9mvt19ttjuzhose","expressionToEvaluate":"7"}},{"id":"oaay3fzo8zd0bogtjmrnav9e","type":"Set variable","options":{"variableId":"vf6qb80v7f1p4m25a5yujrg6z","expressionToEvaluate":"6"}},{"id":"ovmxbyduxk7p93r1t3od9gos","type":"Set variable","options":{"variableId":"vl3ve5v1kqnk4uhiz4fifwcrf","expressionToEvaluate":"https://static.vecteezy.com/ti/vetor-gratis/p3/11157898-emblema-de-de-pizzaria-no-quadro-negro-modelo-de-logotipo-de-pizza-emblemaial-para-cafe-restaurante-ou-servico-de-entrega-de-comida-vetor.jpg"}},{"id":"u9bhgifiq00puq1me495htc0","type":"Set variable","options":{"variableId":"vrjrap6dtb3jqr9hkjo7hhas6","expressionToEvaluate":"\"Pizzaria da Maria\""}},{"id":"qw1sk09ipb393l99w5wgkj8v","outgoingEdgeId":"iin2bdphzwtbertj1c22oz2g","type":"Code","options":{"name":"Script","content":"var script = document.createElement('script');\nscript.src = \"https://s3.seunegocioautomatico.com/templates/whatsapp/script.js\";\ndocument.getElementsByTagName('head')[0].appendChild(script);\nscript.onload = function() {\n  criarBarra(\n    {{var_name}},\n    {{var_avatar}}\n  );\n};"}}]},{"id":"mc1ks02e1oeyc7je9mefo38i","title":"Group #24","graphCoordinates":{"x":194.66,"y":505},"blocks":[{"id":"cu2iunp6siff5ehn4t3xrd3m","outgoingEdgeId":"xwcczfid6vz2lcqt4gd29ujf","type":"Condition","items":[{"id":"au30453vf2kxbw04fxaqhcuc","outgoingEdgeId":"gl9q0wxnzvgy4jghrew8pzlz","content":{"logicalOperator":"AND","comparisons":[{"id":"rwaqogsp6i6hbaqp6dgoroln","variableId":"vdq03c3wru68e72f4br6jwgay","comparisonOperator":"Is empty"}]}}]}]},{"id":"oid6snzzj55sa1gmwepe60gj","title":"Adiciona pedido_id no atendimetno","graphCoordinates":{"x":26.82,"y":865.34},"blocks":[{"id":"k11a5wruzixr8xaej92w8tn7","outgoingEdgeId":"ftee5aqskij9um9rhn1ykssy","type":"Webhook","options":{"variablesForTest":[],"responseVariableMapping":[],"isAdvancedConfig":true,"isCustomBody":true,"webhook":{"queryParams":[],"headers":[{"id":"se06buo1d5po76lthbcpo3mf","key":"Authorization","value":"Token {{token_api}}"}],"method":"PATCH","url":"{{url_api}}/api/database/rows/table/{{tabela_atendimentos}}/{{AtendimentoId}}/?user_field_names=true","body":"{\n  \"id_pedido\": {{PedidoId}}\n}"}}}]},{"id":"sbmonmsc4mlh42721tnn5xpc","title":"Pega o endereço do cliente","graphCoordinates":{"x":2703.66,"y":-205},"blocks":[{"id":"tkpgs4v0n1s7uhskdvwte1s6","outgoingEdgeId":"hexej7ugrn2gxmci6fhwsges","type":"Webhook","options":{"variablesForTest":[{"id":"lcbqlu73f7p0tj31b0hg2o2d","variableId":"vmpzpd0yq3e6qcwtd4v95j27d","value":" https://baserow.mrbotchat.online"},{"id":"yucbw3ke0h69v1lsye335mal","variableId":"vf6qb80v7f1p4m25a5yujrg6z","value":"4"},{"id":"xj5pok3v6w4xyplvkqtk05z5","variableId":"vh7jxdug2p5fpc7jklivwz9b7","value":"VtkIFrq5Y9i90eCFljTE0IpQrcEPxX1j"},{"id":"zvvzrkkml83yjf53n6v26754","variableId":"vbxej6wnf5zbke1doqv2uuqj4","value":"31"}],"responseVariableMapping":[{"id":"oefogskuh9xt8t3uxf121nm1","variableId":"vc82kes075obz8h8do53js34v","bodyPath":"data.Rua"},{"id":"kd991huwiev3q2zpuht973ax","variableId":"vlnl0x85p4yrtziovho5fs94h","bodyPath":"data.Bairro"},{"id":"r2n73o8j1yy4bhi3utm3z6o2","variableId":"voufx2z8ivblz0a5bmvg6n4s7","bodyPath":"data.Cidade"},{"id":"dgpttps47x40eqzx09rxyqa0","variableId":"vwjn7a4k2vhaghotesdqwnwcf","bodyPath":"data.Estado"},{"id":"rjz3wt21cgq2ujswjnjw36ji","variableId":"viz2nadyw6pukjlxpt15rg0gg","bodyPath":"data.Número"}],"isAdvancedConfig":true,"isCustomBody":false,"webhook":{"queryParams":[],"headers":[{"id":"mb8n5o0sbf1bkdwus6ef2g9d","key":"Authorization","value":"Token {{token_api}}"}],"method":"GET","url":"{{url_api}}/api/database/rows/table/{{tabela_enderecos}}/{{enderecoId}}/?user_field_names=true"}}}]},{"id":"d2744ueam6s95c1h2reof50f","title":"Group #27","graphCoordinates":{"x":6225.32,"y":201.67},"blocks":[{"id":"dwcbw0s5mfhk7bn1cxf4ve3j","outgoingEdgeId":"hadqg7ccvpoygbyou65kjrk7","type":"Webhook","options":{"variablesForTest":[{"id":"mp0b63td39sd8zb5j2qgp6qj"}],"responseVariableMapping":[],"isAdvancedConfig":true,"isCustomBody":true,"webhook":{"queryParams":[],"headers":[{"id":"ar1ld3bgpt5uuxd6ay4mn1cq","key":"Authorization","value":"Token {{token_api}}"}],"method":"POST","url":"{{url_api}}/api/database/rows/table/{{tabela_enderecos}}/?user_field_names=true","body":"{\n    \"Rua\": \"{{Rua}}\",\n    \"Bairro\": \"{{Bairro}}\",\n    \"Cidade\": \"{{Cidade}}\",\n    \"Estado\": \"{{Estado}}\",\n    \"Número\": \"{{Numero}}\",\n    \"Clientes\": [\n        {{ClienteId}}\n    ]\n}"}}}]}],"edges":[{"id":"vxmu0t3wvcv44wedcnu74wid","from":{"eventId":"euet0nzrei5rnww9nm2wwnjm"},"to":{"groupId":"vucf3ujuk4w0gpc9i9wms8ov"}},{"id":"bsnb8s1kehg8o8bvi4er7jnk","from":{"blockId":"jbo4wh6ncyn4pifw2wqlvhza","itemId":"gacpe99e2uorqtb1bv4jvhx7"},"to":{"groupId":"c5lppt9xvsa6ra3kyfxlva5o"}},{"id":"qyjdk77kcvrisq8u270j6mjg","from":{"blockId":"hlwnzwli4omo10t67u675bw7"},"to":{"groupId":"d9cq01kg4a5khczah7yykewx"}},{"id":"gqmec2f468l4vagxbkjupuw2","from":{"blockId":"v8sze1i314byzxl1si6i17c5"},"to":{"groupId":"pokidbrwh8kk3bo36gxfuiv8"}},{"id":"h9fdsz0x8ogw2alemruxoul4","from":{"blockId":"ek5mhk4bbb4gun972jnxhqsk"},"to":{"groupId":"auemlyelfmkyp4hpsc60dz5b"}},{"id":"p7y33diwkmvemlvowiorzf30","from":{"blockId":"camek2jwzuuxqo7a9xhfgcsx"},"to":{"groupId":"lmd2nny1tldq3jb2gx3lxl43"}},{"id":"pk713nbqzidtqpxt5l9nv1wr","from":{"blockId":"isyvk28u1yiyff5ol8z6o9vc","itemId":"abzf16dcf46xded26ckibpf7"},"to":{"groupId":"lmd2nny1tldq3jb2gx3lxl43","blockId":"mzx1dugc0ma41ao2yxwel21w"}},{"id":"hdw2bop5537eo4ivzj88nhlr","from":{"blockId":"x32klc1lnn3deo0bp768833b","itemId":"r88tjp4uutgn4gysalg9scwz"},"to":{"groupId":"jp66uawdxe9nnqf86npbj9rb"}},{"id":"dntc0f76xpphy84q90xuivhv","from":{"blockId":"kwybvzsh160pzfdnlh30k44j"},"to":{"groupId":"ye3a765dqhu1du8zl36r62xn"}},{"id":"xmdmeiabc3seqm0dml5isn4n","from":{"blockId":"x32klc1lnn3deo0bp768833b","itemId":"gfp9gprmf89ranj1nzy78s0y"},"to":{"groupId":"ar34j6yp5pidvfq6a8o10vjc"}},{"id":"itvk7ovt0o3135pv4kd46aeu","from":{"blockId":"splirokr7hfr6cnmsa1zaqo6","itemId":"wo83s01sgg9cv6n3pjvxfzno"},"to":{"groupId":"o2vx2pl2i0jdwkjwjpx8h3bq"}},{"id":"jrrjl26swhtytlsbbf1c0yeh","from":{"blockId":"fj4xh2q2bgj79er82x7dngcq","itemId":"x598lq68aaguhhr4r0kdlp54"},"to":{"groupId":"x2mzbz4bmjjjyh4z93lv2r3u"}},{"id":"hs0a0mc1okwm16z1e7002zd5","from":{"blockId":"oqs3nqih5fp8gnhs5obrfclj"},"to":{"groupId":"o2vx2pl2i0jdwkjwjpx8h3bq"}},{"id":"xp400i8ajqlgax9psljwhhdm","from":{"blockId":"oqs3nqih5fp8gnhs5obrfclj","itemId":"mckwqm8qqmkmx6ek65maebpp"},"to":{"groupId":"s5ybaez75njni8wyr4j05v2u"}},{"id":"bp3bu6ci9zc6y9rqf97i9f4n","from":{"blockId":"splirokr7hfr6cnmsa1zaqo6"},"to":{"groupId":"otnvtckc890um74803sbpyy1"}},{"id":"ztmzlomsinzgjzipl2c2k4yd","from":{"blockId":"gtmunv6sa10v6tb5ypveitjt","itemId":"qsv3rdn5we3sobk87v3750w3"},"to":{"groupId":"o2vx2pl2i0jdwkjwjpx8h3bq"}},{"id":"b2l7mu6x125xt2xecbunb7v1","from":{"blockId":"gtmunv6sa10v6tb5ypveitjt","itemId":"s3e2cj4sxoxzffed52xfth65"},"to":{"groupId":"ye3a765dqhu1du8zl36r62xn"}},{"id":"jjog2hftyaclwmgi2kh71ypd","from":{"blockId":"rr82wgz4w2nb8njkd2qh1si6"},"to":{"groupId":"ar34j6yp5pidvfq6a8o10vjc"}},{"id":"ndmaee1s2z1rdz8ma6mpwi5y","from":{"blockId":"x0qe3ne9n57g1us6lmy8tuxk"},"to":{"groupId":"s5ybaez75njni8wyr4j05v2u","blockId":"mfl9g29grg7hm432ad3tu0wb"}},{"id":"t9jgjkoz0hpuwb2obu0bsvh1","from":{"blockId":"isyvk28u1yiyff5ol8z6o9vc","itemId":"ch3kzcpqg0ww51ee5h95zt3a"},"to":{"groupId":"k5gvgnnu1s84eukp4cknjviz"}},{"id":"xfina8il8vko8emj5o4dsc2v","from":{"blockId":"i0rknfsjfdkvq7e5opb7idwy","itemId":"amx5rphtflakxjldx3icpel9"},"to":{"groupId":"s2ec5v3mz94qjiihwilszuf8"}},{"id":"xp815m0t890bsin5psp773rq","from":{"blockId":"i0rknfsjfdkvq7e5opb7idwy","itemId":"mba55uqwzznqa9f3ev1jzew5"},"to":{"groupId":"g392ghxicw2e8tvo4dz9at8t"}},{"id":"puvggitl23gdbmqsvvcwtyid","from":{"blockId":"isyvk28u1yiyff5ol8z6o9vc","itemId":"x14wphy6l4y128z37dlsoh92"},"to":{"groupId":"eiinoma5w7fc2xemzkti438o"}},{"id":"j1sbx2oth02b0ynhm4p7vqws","from":{"blockId":"eqceuzpzy5ltkemqd29lvz67"},"to":{"groupId":"s2ec5v3mz94qjiihwilszuf8"}},{"id":"lk2eqst67jp3apv66yvwbxj1","from":{"blockId":"exy6weph7s60o21t5vpetdpf"},"to":{"groupId":"s2ec5v3mz94qjiihwilszuf8"}},{"id":"uhglyyy2atlcwjniyt8dwo9v","from":{"blockId":"gkzqs3ebu0aolx3nlq0v85b0"},"to":{"groupId":"x2e5zb0d8ka3uhp8y5n9w0ha"}},{"id":"dyqntsqnbbja1rsmjfvzagnx","from":{"blockId":"jbo4wh6ncyn4pifw2wqlvhza"},"to":{"groupId":"t59ou1l4n8ashuohaa8lzj56"}},{"id":"tkgx72cofdp13nuqtduiulfo","from":{"blockId":"jusn6ef3vv38zev4h2oswa9d","itemId":"vbi5zgh0eha3a15lsdnc35bt"},"to":{"groupId":"t59ou1l4n8ashuohaa8lzj56"}},{"id":"jbtns3sue0xjc2a57cz5tl26","from":{"blockId":"jusn6ef3vv38zev4h2oswa9d"},"to":{"groupId":"djqzv0gf5zq0g5taqwsbg9o1"}},{"id":"xrr64yykuzb6usdpmiyzt6o5","from":{"blockId":"bb7wsjfd3gwjouxy1irhko99"},"to":{"groupId":"t59ou1l4n8ashuohaa8lzj56"}},{"id":"zhd1b1aiigydozkpij1fgccy","from":{"blockId":"hvmwcg8diriznhwj6u9qpuz3","itemId":"tp2mem0gswt986fmcez248hb"},"to":{"groupId":"h2skse3e9u1hhmwydp4tjyam"}},{"id":"tqc7y0am7410dv7m5jsrbnzp","from":{"blockId":"hvmwcg8diriznhwj6u9qpuz3","itemId":"s34vqaooswovz9nisdfub8vn"},"to":{"groupId":"h2skse3e9u1hhmwydp4tjyam"}},{"id":"ol66pndhr9hzhkzibcz2oo5h","from":{"blockId":"hvmwcg8diriznhwj6u9qpuz3","itemId":"k1s46xt40njqsticoksmmcxw"},"to":{"groupId":"h2skse3e9u1hhmwydp4tjyam"}},{"id":"hfwq1rj8x8vsncx2l0muo98g","from":{"blockId":"hvmwcg8diriznhwj6u9qpuz3","itemId":"x4acgl2w2vwy3kfbkur6hd5i"},"to":{"groupId":"h2skse3e9u1hhmwydp4tjyam"}},{"id":"iin2bdphzwtbertj1c22oz2g","from":{"blockId":"qw1sk09ipb393l99w5wgkj8v"},"to":{"groupId":"jruebidybhc97j8l6xczqdt4"}},{"id":"bfkhdlvxdv2dlj00sooc52ea","from":{"blockId":"ptq17me4eqf9wc5mats53wrd"},"to":{"groupId":"mc1ks02e1oeyc7je9mefo38i"}},{"id":"gl9q0wxnzvgy4jghrew8pzlz","from":{"blockId":"cu2iunp6siff5ehn4t3xrd3m","itemId":"au30453vf2kxbw04fxaqhcuc"},"to":{"groupId":"nvaqp73cgxcqhxxy05jwpmng"}},{"id":"xwcczfid6vz2lcqt4gd29ujf","from":{"blockId":"cu2iunp6siff5ehn4t3xrd3m"},"to":{"groupId":"oid6snzzj55sa1gmwepe60gj"}},{"id":"ftee5aqskij9um9rhn1ykssy","from":{"blockId":"k11a5wruzixr8xaej92w8tn7"},"to":{"groupId":"nvaqp73cgxcqhxxy05jwpmng"}},{"id":"iyglwjotvt1aichpxeiccxn3","from":{"blockId":"wcnbvasurblxexo24cjh47t4","itemId":"s3rflnwo7bup4o4ub7tg3ejm"},"to":{"groupId":"sbmonmsc4mlh42721tnn5xpc"}},{"id":"hexej7ugrn2gxmci6fhwsges","from":{"blockId":"tkpgs4v0n1s7uhskdvwte1s6"},"to":{"groupId":"x2e5zb0d8ka3uhp8y5n9w0ha","blockId":"jusn6ef3vv38zev4h2oswa9d"}},{"id":"yyk5lfquf5w57e7a9ynexd6e","from":{"blockId":"uckuk1wmc85modjxhl1ekgkn","itemId":"dsm8cr6u5221n8chyhc9jfyt"},"to":{"groupId":"d2744ueam6s95c1h2reof50f"}},{"id":"hadqg7ccvpoygbyou65kjrk7","from":{"blockId":"dwcbw0s5mfhk7bn1cxf4ve3j"},"to":{"groupId":"h2skse3e9u1hhmwydp4tjyam","blockId":"cfuyh409up36728bq3ykd29u"}}],"variables":[{"id":"vfrlds0v0qp0qp4482ft8xjyr","name":"Nome"},{"id":"vc82kes075obz8h8do53js34v","name":"Rua"},{"id":"vlnl0x85p4yrtziovho5fs94h","name":"Bairro"},{"id":"voufx2z8ivblz0a5bmvg6n4s7","name":"Cidade"},{"id":"vwjn7a4k2vhaghotesdqwnwcf","name":"Estado"},{"id":"viz2nadyw6pukjlxpt15rg0gg","name":"Numero"},{"id":"vrwfmwfpd8zlgopb30h98bijo","name":"ClienteId"},{"id":"vdq03c3wru68e72f4br6jwgay","name":"AtendimentoId"},{"id":"vr4xt31sgtjw27is0izkv1ky6","name":"Whatsapp"},{"id":"vug822e8jor5vuknrabk8onlc","name":"Categorias"},{"id":"vlz4ug3zxqqex4ymhol86f996","name":"Categoria Escolhida"},{"id":"vubxm7avmozad31rqh8r06v1h","name":"Itens"},{"id":"ve3cr3uwc3glk57ralqg2z664","name":"Item Escolhido"},{"id":"vnlsjkak0l4wvqh6819422th7","name":"Quantidade Escolhida"},{"id":"vkcm0qzzqp9s4mjy7ew23eytv","name":"ArrItens"},{"id":"vpv4m3j11imzt7aa7plqieiny","name":"Comanda"},{"id":"vwh48rjb93f7vqei9h09rp5r9","name":"Total"},{"id":"vmee7ygu5xgb21g99urr2yy4x","name":"Cep"},{"id":"vdb48u16cr7u7lcfpqom2t8cs","name":"ArrComanda"},{"id":"vr66is7wcrucc3p6dlvo5j550","name":"itemRemover"},{"id":"vam7rcmhqfxnal8eg9nwshqfs","name":"ComandaFormatada"},{"id":"vbblqq36j4q4arbjt7er3ypow","name":"Forma de Pagamento"},{"id":"vznfxlln8balsvq1i910coa4h","name":"Forma de Entrega"},{"id":"vi6bnzm5wja536nq5upzy25cz","name":"PedidoId"},{"id":"vsfkeb9140str9fo1d5g44een","name":"Pedidos do Cliente"},{"id":"vfua8hh52wn3w6okxonbkwc0w","name":"NumeroPedido"},{"id":"vl3ve5v1kqnk4uhiz4fifwcrf","name":"var_avatar"},{"id":"vrjrap6dtb3jqr9hkjo7hhas6","name":"var_name"},{"id":"vmpzpd0yq3e6qcwtd4v95j27d","name":"url_api"},{"id":"vh7jxdug2p5fpc7jklivwz9b7","name":"token_api"},{"id":"vnnapnavirj9frd0pois1lsjz","name":"tabela_cliente"},{"id":"vf76xqukmxvxfqst8nmu5gix9","name":"tabela_pedidos"},{"id":"vxj8dhod3kr6gjh6jm10hlvsd","name":"tabela_atendimentos"},{"id":"vrvty2jvbhufymofjyihxyapl","name":"tabela_categorias"},{"id":"vh3l5poghu9mvt19ttjuzhose","name":"tabela_itens"},{"id":"vf6qb80v7f1p4m25a5yujrg6z","name":"tabela_enderecos"},{"id":"vbxej6wnf5zbke1doqv2uuqj4","name":"enderecoId"}],"theme":{"general":{"font":"Open Sans","background":{"type":"Image","content":"https://igorlemoes.com.br/files/whatsapp/background.png"}},"chat":{"hostAvatar":{"isEnabled":false,"url":"{{var_avatar}}"},"guestAvatar":{"isEnabled":false},"hostBubbles":{"backgroundColor":"#FFFFFF","color":"#303235"},"guestBubbles":{"backgroundColor":"#e1ffc7","color":"#00000"},"buttons":{"backgroundColor":"#128C7E","color":"#FFFFFF"},"inputs":{"backgroundColor":"#FFFFFF","color":"#000000","placeholderColor":"#28292a"},"roundness":"large"},"customCss":""},"selectedThemeTemplateId":"clnyj1cz1000eqj1qtaej98w4","settings":{"general":{"isBrandingEnabled":true,"isInputPrefillEnabled":true,"rememberUser":{"isEnabled":false,"storage":"local"}},"typingEmulation":{"enabled":true,"speed":300,"maxDelay":1.5},"metadata":{"description":"Chatbot para realizar pedidos!","imageUrl":"https://s3.mrbotchat.online/typebot/public/workspaces/clnm15emx0001ro328p7fj0zk/typebots/clnm1lf6e0009ro32xaw2393m/ogImage?v=1698065827403","favIconUrl":"https://s3.mrbotchat.online/typebot/public/workspaces/clnm15emx0001ro328p7fj0zk/typebots/clnm1lf6e0009ro32xaw2393m/favIcon?v=1698065797821"}},"createdAt":"2023-12-15T16:08:10.880Z","updatedAt":"2023-12-15T16:14:04.635Z","icon":"🍕","folderId":null,"publicId":"realiza-pedido-1-h0jio8g","customDomain":null,"workspaceId":"clpv67ipl0028mv1e1cp5d5ai","resultsTablePreferences":null,"isArchived":false,"isClosed":false,"whatsAppCredentialsId":null}