{"id":"clixyg0770002l90flrv0vzvm","version":"3","groups":[{"id":"gqzxe4jx24u47muc1nmgm7bn","title":"Start","blocks":[{"id":"cl868oitp000109mo45x96h47","type":"start","label":"Start","groupId":"gqzxe4jx24u47muc1nmgm7bn","outgoingEdgeId":"h727zk502q19br22vvzeh59g"}],"graphCoordinates":{"x":-271.6,"y":419.23}},{"id":"es7yf4p0vkh3xptsdcfmfqj1","title":"Group #1","blocks":[{"id":"cl868ufqe000d3b6jel0saq1c","type":"text","content":{"richText":[{"type":"p","children":[{"text":"Bem vindo ao processo de cadastro para entender mais sobre nossas soluções de marketing e vendas para seu delivery."}]}]},"groupId":"es7yf4p0vkh3xptsdcfmfqj1"},{"id":"cl8bp8wm0001y3b6jnw4s4vrf","type":"text","content":{"richText":[{"type":"p","children":[{"text":"Apenas para "},{"bold":true,"text":"donos de delivery. "},{"text":" Aplique apenas se for o seu caso."},{"text":" (apenas 4 perguntas, sem enrolação)","italic":true}]}]},"groupId":"es7yf4p0vkh3xptsdcfmfqj1","outgoingEdgeId":"px3zodye903myf4yx09a1n4f"}],"graphCoordinates":{"x":441,"y":474}},{"id":"vaqhv972n0qhk4xcozog6r5j","title":"Group #2","blocks":[{"id":"cl868y6c0000j3b6jcw18ddv8","type":"choice input","items":[{"id":"cl868y6c1000k3b6jqxstb18q","type":0,"blockId":"cl868y6c0000j3b6jcw18ddv8","content":"Aperte para iniciar","outgoingEdgeId":"pm9rja8cs3ss15tukzzdgm64"}],"groupId":"vaqhv972n0qhk4xcozog6r5j","options":{"buttonLabel":"Send","isMultipleChoice":false}}],"graphCoordinates":{"x":916,"y":485}},{"id":"fst972jtr24vajru8mfsw2sk","title":"Group #3","blocks":[{"id":"cl868z7s2000o3b6jk2yof44t","type":"text","content":{"html":"<div>Qual seu primeiro nome?</div>","richText":[{"type":"p","children":[{"text":"Qual seu primeiro nome?"}]}],"plainText":"Qual seu primeiro nome?"},"groupId":"fst972jtr24vajru8mfsw2sk","outgoingEdgeId":"ib6az1f21fmtjcgucf9dd4e3"}],"graphCoordinates":{"x":1303.84,"y":538}},{"id":"fciva6i2mj0iuq8o1gy9r13i","title":"Group #4","blocks":[{"id":"cl868zmcr000r3b6jy215plwg","type":"text input","groupId":"fciva6i2mj0iuq8o1gy9r13i","options":{"isLong":false,"labels":{"button":"enviar","placeholder":"seu nome"},"variableId":"vcl86911dj000w3b6j17b19oep"},"outgoingEdgeId":"oasbwjc5v6deihfglyhrbvda"}],"graphCoordinates":{"x":1680.77,"y":539}},{"id":"nml1wpsw5cuurnnwg6fv7af6","title":"Group #5","blocks":[{"id":"cl869zn20000z3b6j14lclu83","type":"text","content":{"html":"<div>Qual seu melhor e-mail?</div>","richText":[{"type":"p","children":[{"text":"Qual seu melhor e-mail?"}]}],"plainText":"Qual seu melhor e-mail?"},"groupId":"nml1wpsw5cuurnnwg6fv7af6"},{"id":"cl8lxmwmp00033b6i2ol4bxkh","type":"text","content":{"html":"<div>(Só lembrando que vou mandar o link da sessão por lá) 😊</div>","richText":[{"type":"p","children":[{"text":"(Só lembrando que vou mandar o link da sessão por lá) 😊"}]}],"plainText":"(Só lembrando que vou mandar o link da sessão por lá) 😊"},"groupId":"nml1wpsw5cuurnnwg6fv7af6","outgoingEdgeId":"xfu1jhpxkexihttkeb86q5yx"}],"graphCoordinates":{"x":2079.9,"y":533.19}},{"id":"f33rj0awllutomgx6v4a0ph2","title":"Group #6","blocks":[{"id":"cl86a0o3r00123b6jolnwx2vt","type":"email input","groupId":"f33rj0awllutomgx6v4a0ph2","options":{"labels":{"button":"enviar","placeholder":"seu e-mail"},"variableId":"vcl86aer0q002c3b6jx28zxlrm","retryMessageContent":"esse e-mail parece estar errado, tente de novo"},"outgoingEdgeId":"oky4yoq1pxpvhknekum4rlwj"}],"graphCoordinates":{"x":2443.07,"y":534.07}},{"id":"cs5mr4y7uiqu0smmtfwn35nr","title":"Group #7","blocks":[{"id":"cl86a1f6m00153b6j76xty1qe","type":"text","content":{"html":"<div>Importante, para que eu consiga entrar em contato pra te avisar sobre sua aprovação. Qual é seu whatsapp?</div>","richText":[{"type":"p","children":[{"text":"Importante, para que eu consiga entrar em contato pra te avisar sobre sua aprovação. Qual é seu whatsapp?"}]}],"plainText":"Importante, para que eu consiga entrar em contato pra te avisar sobre sua aprovação. Qual é seu whatsapp?"},"groupId":"cs5mr4y7uiqu0smmtfwn35nr","outgoingEdgeId":"z9owa7e2z8fyombu55csxmpi"}],"graphCoordinates":{"x":2804.98,"y":531}},{"id":"j2xbxaejy4usemdbmyjomz1r","title":"Group #8","blocks":[{"id":"cl86a2ysp00183b6js0c4xs4z","type":"phone number input","groupId":"j2xbxaejy4usemdbmyjomz1r","options":{"labels":{"button":"enviar","placeholder":"seu whatsapp"},"variableId":"vcl86aexgc002d3b6jc6o8aj23","defaultCountryCode":"BR","retryMessageContent":"Esse número parece inválido. Você pode tentar novamente?"},"outgoingEdgeId":"p1q73v2m98prscihpz0l3fkd"}],"graphCoordinates":{"x":3197.67,"y":381.17}},{"id":"fnsebduy06yxeksj1l22vwe9","title":"Group #9","blocks":[{"id":"cl86aimxb002p3b6jgjn0qfi0","type":"text","content":{"richText":[{"type":"p","children":[{"text":"Maravilha! Qual o seu @ do Instagram do seu delivery?"}]}]},"groupId":"fnsebduy06yxeksj1l22vwe9","outgoingEdgeId":"xej2lzyr6wr8vztqchvyu98t"}],"graphCoordinates":{"x":3806.54,"y":246.03}},{"id":"cpvws6youa26kgsh5piwfml6","title":"insta","blocks":[{"id":"cl86aiyxf002s3b6jmcnuen6h","type":"text input","groupId":"cpvws6youa26kgsh5piwfml6","options":{"isLong":false,"labels":{"button":"enviar","placeholder":"seu @"},"variableId":"vcl86ajaav002u3b6jtwwz0s6w"},"outgoingEdgeId":"imnlvec2kl3qv7pk4fq7f69p"}],"graphCoordinates":{"x":4137.39,"y":308.93}},{"id":"i6ygddiw4foezztmk432nfgh","title":"Group #11","blocks":[{"id":"cl86al1vv002z3b6j7wbgoet8","type":"text","content":{"richText":[{"type":"p","children":[{"text":"Maravilha {{nome}}... Quero entender melhor sobre o seu momento. Quanto atualmente você está faturando por mês com seu delivery?"}]}]},"groupId":"i6ygddiw4foezztmk432nfgh","outgoingEdgeId":"knprfkfao9npbzrudjo7hn5u"}],"graphCoordinates":{"x":4448.74,"y":553}},{"id":"l2tp7yu5vayonh86mituiwsz","title":"Group #12","blocks":[{"id":"cl86aobqp00323b6juhcbipkm","type":"choice input","items":[{"id":"cl86ap7fn00353b6j3torv79k","type":0,"blockId":"cl86aobqp00323b6juhcbipkm","content":"De R$0.000,00 a R$19.999,00","outgoingEdgeId":"dv9rqt0p18goewrwbjd81fya"},{"id":"cl86aqpwi00393b6jj5rx7igu","type":0,"blockId":"cl86aobqp00323b6juhcbipkm","content":"R$20.000,00 a R$49.999,00","outgoingEdgeId":"p62qrdwhkd9iiiu0tim0l0kf"},{"id":"cl87dyp7500403b6jrzp09x4p","type":0,"blockId":"cl86aobqp00323b6juhcbipkm","content":"R$50.000,00 a R$74.999,00","outgoingEdgeId":"yrsqp2ar8r5w2n39inpj8h78"},{"id":"kn57atf7vxkghprcyfd2sk5e","type":0,"blockId":"cl86aobqp00323b6juhcbipkm","content":"R$75.000,00 a R$99.999,00","outgoingEdgeId":"oepiwd113011xi9bewtr6l76"},{"id":"c899ybq1rp0x1tgiv6fbcrvk","type":0,"blockId":"cl86aobqp00323b6juhcbipkm","content":"R$100.000,00 a R$299.999,00","outgoingEdgeId":"t8ir4pby56m0yn0bmyf9l6b5"},{"id":"ry6dgplo4f9449xpmpke1fmx","type":0,"blockId":"cl86aobqp00323b6juhcbipkm","content":"R$300.000,00 a R$500.000,00","outgoingEdgeId":"bqaia93ooxc39zn313psdl93"},{"id":"re0ikrnulxqs77gwak2ey016","type":0,"blockId":"cl86aobqp00323b6juhcbipkm","content":"Acima de R$500.000,00","outgoingEdgeId":"esq0o8o6jijns2czoldw2ijq"}],"groupId":"l2tp7yu5vayonh86mituiwsz","options":{"variableId":"vcl87e1v7j004a3b6jh3xwhqvo","buttonLabel":"Send","isMultipleChoice":false}}],"graphCoordinates":{"x":4858.7,"y":503.8}},{"id":"ffgm4hqpa2ptry16zicn35u2","title":"Group #24","blocks":[{"id":"cl87efnr3004x3b6jcr58gn4v","type":"text","content":{"richText":[{"type":"p","children":[{"text":"Perfeito! "},{"bold":true,"text":"O próximo passo é agendar uma ligação comigo ou algum dos meus especialistas"},{"text":"."}]}]},"groupId":"ffgm4hqpa2ptry16zicn35u2"},{"id":"voiiy1zcrzfnle3t1b1w1h06","type":"text","content":{"richText":[{"type":"p","children":[{"text":"Em alguns minutos eles irão te chamar pelo número que colocou nas respostas anteriores."}]},{"type":"p","children":[{"text":"Enquanto isso, assista ao vídeo que explica sobre nossa metodologia:"}]}]},"groupId":"ffgm4hqpa2ptry16zicn35u2"},{"id":"ojr3svq7it31ssidpslglimd","type":"Wait","groupId":"ffgm4hqpa2ptry16zicn35u2","options":{"secondsToWaitFor":"4"},"outgoingEdgeId":"fst1s9x7l9bwjbo9etovzc9n"}],"graphCoordinates":{"x":7064.95,"y":766.49}},{"id":"xd0rw8o3f6ghyoz46qk1tas4","title":"Group #29","blocks":[{"id":"cl8lxo5al00063b6ijyh49fel","type":"text","content":{"html":"<div>Então {{nome}}, o número {{telefone}} está correto? (<span class=\"slate-bold\">Um número errado pode fazer você perder sua vaga</span>)</div>","richText":[{"type":"p","children":[{"text":"Então {{nome}}, o número {{telefone}} está correto? ("},{"bold":true,"text":"Um número errado pode fazer você perder sua vaga"},{"text":")"}]}],"plainText":"Então {{nome}}, o número {{telefone}} está correto? (Um número errado pode fazer você perder sua vaga)"},"groupId":"xd0rw8o3f6ghyoz46qk1tas4","outgoingEdgeId":"v6nuo69eckvzm50wao4srejo"}],"graphCoordinates":{"x":3228.77,"y":760}},{"id":"lc93emi0khdtyls7lbufrxfx","title":"telefone correto?","blocks":[{"id":"cl8lxpe5r000a3b6i9j37aif2","type":"choice input","items":[{"id":"cl8lxpe5v000b3b6i2zl7a0x4","type":0,"blockId":"cl8lxpe5r000a3b6i9j37aif2","content":"Sim","outgoingEdgeId":"chkjaspmmf6juumi6q6cj8pl"},{"id":"cl8lxphbq000c3b6iy0x49wbe","type":0,"blockId":"cl8lxpe5r000a3b6i9j37aif2","content":"Não","outgoingEdgeId":"kaduuh9q8c39tz1djvfpuyiu"}],"groupId":"lc93emi0khdtyls7lbufrxfx","options":{"buttonLabel":"Send","isMultipleChoice":false}}],"graphCoordinates":{"x":3614.25,"y":1052.75}},{"id":"pul5154y42pkqkjinfixjp3x","title":"Group #36","blocks":[{"id":"cl9ijaqh1000v3b6i66c4p0ol","type":"Set variable","groupId":"pul5154y42pkqkjinfixjp3x","options":{"variableId":"vcl9ijavvb000w3b6ihdpu06pk"}},{"id":"cl9ijay0y000x3b6iq9ar7m59","type":"Set variable","groupId":"pul5154y42pkqkjinfixjp3x","options":{"variableId":"vcl9ijb373000y3b6i7ls77z0s"}},{"id":"cl9ijb6uj00103b6iaqcyvyid","type":"Set variable","groupId":"pul5154y42pkqkjinfixjp3x","options":{"variableId":"vcl9ijbf3t00113b6iuv59h8hg"}},{"id":"cl9ijbh7f00123b6i88jb8tm2","type":"Set variable","groupId":"pul5154y42pkqkjinfixjp3x","options":{"variableId":"vcl9ijbn3i00133b6inklliilo"}}],"graphCoordinates":{"x":-1145.18,"y":754.84}},{"id":"ix2glkel7ml7qsi3ht6qgqhn","title":"Group #38","blocks":[{"id":"clbpafv6700093b6ej0mohmvs","type":"Set variable","groupId":"ix2glkel7ml7qsi3ht6qgqhn","options":{"variableId":"vclbpagq4m000d3b6eoa1r8q9h","expressionToEvaluate":"zona_cinza"},"outgoingEdgeId":"iloz04qj4xqjvtdu1ln9fpmw"}],"graphCoordinates":{"x":5938.41,"y":704.23}},{"id":"z2qk01xfe72raclrfx2i81gt","title":"Group #42","blocks":[{"id":"clbpaor2x000s3b6ejh2z3z5x","type":"Set variable","groupId":"z2qk01xfe72raclrfx2i81gt","options":{"variableId":"vclbpagq4m000d3b6eoa1r8q9h","expressionToEvaluate":"alto_potencial"},"outgoingEdgeId":"fprp3ea21fjstw2zcnlhkvv0"}],"graphCoordinates":{"x":5929.75,"y":917.23}},{"id":"zxpcsl9gxml31qwx7s0tp6cq","title":"Group #48","blocks":[{"id":"clbpckesm00133b6emvakq99i","type":"Set variable","groupId":"zxpcsl9gxml31qwx7s0tp6cq","options":{"isCode":false,"variableId":"vclbpcl8pg00143b6eumhadacm","expressionToEvaluate":"new Date().toISOString()"},"outgoingEdgeId":"n9c586ug5y1vboimiws9jjek"}],"graphCoordinates":{"x":982.43,"y":824.72}},{"id":"xy8g2nh25unsctbij4zqugtt","title":"Group #42","blocks":[{"id":"f63fu9ebvb22gxwyt3w4fqcp","type":"Code","groupId":"xy8g2nh25unsctbij4zqugtt","options":{"name":"Script","content":"<script>\n  fbq('track', 'Lead Cadastrado');\n</script>"}},{"id":"ry6tacvzopm1l147h5cw7zyd","type":"Webhook","groupId":"xy8g2nh25unsctbij4zqugtt","options":{"isCustomBody":false,"isAdvancedConfig":false,"variablesForTest":[],"responseVariableMapping":[]},"webhookId":"k6j3qjq2nm1ze1vk3fph05w4","outgoingEdgeId":"dcqp3vjp8y63r3hm0kkwuss4"}],"graphCoordinates":{"x":3576.19,"y":511.1}},{"id":"r16m1pvk61tcgc3tgpndqohf","title":"Group #21","blocks":[{"id":"insdithwilzxx44epet4z3g0","type":"Webhook","groupId":"r16m1pvk61tcgc3tgpndqohf","options":{"isCustomBody":false,"isAdvancedConfig":false,"variablesForTest":[],"responseVariableMapping":[]},"webhookId":"tj581j5l51xym7ec6o6kwq0q"},{"id":"nea9c6knod4picki1s9zitf0","type":"Webhook","groupId":"r16m1pvk61tcgc3tgpndqohf","options":{"isCustomBody":false,"isAdvancedConfig":false,"variablesForTest":[],"responseVariableMapping":[]},"webhookId":"qri44439ygtfo45k857zyqfn","outgoingEdgeId":"n46jnufmbmpjhi0pvcc8ly3f"}],"graphCoordinates":{"x":6305.09,"y":877.5}},{"id":"wqvggz8p76r6t7z3m0w5sq6z","title":"Group #22","blocks":[{"id":"h0ujtqrrtzq0r4sx4hdyv95s","type":"Redirect","groupId":"wqvggz8p76r6t7z3m0w5sq6z","options":{"url":"https://med.mgmgrowth.com.br/apresentacao-metodologia-delivery/","isNewTab":false}}],"graphCoordinates":{"x":7573.21,"y":985.76}}],"variables":[{"id":"vcl86911dj000w3b6j17b19oep","name":"nome"},{"id":"vcl86aer0q002c3b6jx28zxlrm","name":"e-mail"},{"id":"vcl86aexgc002d3b6jc6o8aj23","name":"telefone"},{"id":"vcl86ajaav002u3b6jtwwz0s6w","name":"instagram"},{"id":"vcl87e1v7j004a3b6jh3xwhqvo","name":"faturamento mensal"},{"id":"vcl87e5tlx004g3b6jqrzmije9","name":"faturamento desejado"},{"id":"vcl8lxr427000i3b6i3tim73x6","name":"telefone correto"},{"id":"vcl8lxzynp000p3b6isane14cl","name":"faturamento últ. mês"},{"id":"vcl91cpkz600043b6ig76c69ao","name":"qnt. investiria tráf."},{"id":"vcl91cq9zr00053b6ix3sy00s6","name":"pq eu?"},{"id":"vcl91cqgga00063b6ivzg1dbl4","name":"pq você?"},{"id":"vcl91cquu000073b6ibqg7gdz3","name":"qnt. apto pra aprender"},{"id":"vcl9ijavvb000w3b6ihdpu06pk","name":"utm_source"},{"id":"vcl9ijb373000y3b6i7ls77z0s","name":"utm_campaign"},{"id":"vcl9ijbf3t00113b6iuv59h8hg","name":"utm_medium"},{"id":"vcl9ijbn3i00133b6inklliilo","name":"utm_content"},{"id":"vclbpagq4m000d3b6eoa1r8q9h","name":"qualificação"},{"id":"vclbpcl8pg00143b6eumhadacm","name":"data entrada"},{"id":"vf4b9qcyt3hfz2fd96i7tfhqn","name":"verba de trafego"},{"id":"vppu5l7xn4zn6unfkw8dwf2aj","name":"especialidade"}],"edges":[{"id":"r4bvpnjwx19uozoulj98mcu0","to":{"blockId":"cl868y6c0000j3b6jcw18ddv8","groupId":"vaqhv972n0qhk4xcozog6r5j"},"from":{"blockId":"cl868wors000h3b6j6medkvqk","groupId":"es7yf4p0vkh3xptsdcfmfqj1"}},{"id":"ib6az1f21fmtjcgucf9dd4e3","to":{"groupId":"fciva6i2mj0iuq8o1gy9r13i"},"from":{"blockId":"cl868z7s2000o3b6jk2yof44t","groupId":"fst972jtr24vajru8mfsw2sk"}},{"id":"oasbwjc5v6deihfglyhrbvda","to":{"groupId":"nml1wpsw5cuurnnwg6fv7af6"},"from":{"blockId":"cl868zmcr000r3b6jy215plwg","groupId":"fciva6i2mj0iuq8o1gy9r13i"}},{"id":"oky4yoq1pxpvhknekum4rlwj","to":{"blockId":"cl86a1f6m00153b6j76xty1qe","groupId":"cs5mr4y7uiqu0smmtfwn35nr"},"from":{"blockId":"cl86a0o3r00123b6jolnwx2vt","groupId":"f33rj0awllutomgx6v4a0ph2"}},{"id":"z9owa7e2z8fyombu55csxmpi","to":{"groupId":"j2xbxaejy4usemdbmyjomz1r"},"from":{"blockId":"cl86a1f6m00153b6j76xty1qe","groupId":"cs5mr4y7uiqu0smmtfwn35nr"}},{"id":"knprfkfao9npbzrudjo7hn5u","to":{"groupId":"l2tp7yu5vayonh86mituiwsz"},"from":{"blockId":"cl86al1vv002z3b6j7wbgoet8","groupId":"i6ygddiw4foezztmk432nfgh"}},{"id":"xfu1jhpxkexihttkeb86q5yx","to":{"blockId":"cl86a0o3r00123b6jolnwx2vt","groupId":"f33rj0awllutomgx6v4a0ph2"},"from":{"blockId":"cl8lxmwmp00033b6i2ol4bxkh","groupId":"nml1wpsw5cuurnnwg6fv7af6"}},{"id":"v6nuo69eckvzm50wao4srejo","to":{"groupId":"lc93emi0khdtyls7lbufrxfx"},"from":{"blockId":"cl8lxo5al00063b6ijyh49fel","groupId":"xd0rw8o3f6ghyoz46qk1tas4"}},{"id":"kaduuh9q8c39tz1djvfpuyiu","to":{"blockId":"cl86a1f6m00153b6j76xty1qe","groupId":"cs5mr4y7uiqu0smmtfwn35nr"},"from":{"itemId":"cl8lxphbq000c3b6iy0x49wbe","blockId":"cl8lxpe5r000a3b6i9j37aif2","groupId":"lc93emi0khdtyls7lbufrxfx"}},{"id":"xej2lzyr6wr8vztqchvyu98t","to":{"groupId":"cpvws6youa26kgsh5piwfml6"},"from":{"blockId":"cl86aimxb002p3b6jgjn0qfi0","groupId":"fnsebduy06yxeksj1l22vwe9"}},{"id":"yrsqp2ar8r5w2n39inpj8h78","to":{"blockId":"clbpaor2x000s3b6ejh2z3z5x","groupId":"z2qk01xfe72raclrfx2i81gt"},"from":{"itemId":"cl87dyp7500403b6jrzp09x4p","blockId":"cl86aobqp00323b6juhcbipkm","groupId":"l2tp7yu5vayonh86mituiwsz"}},{"id":"pm9rja8cs3ss15tukzzdgm64","to":{"groupId":"zxpcsl9gxml31qwx7s0tp6cq"},"from":{"itemId":"cl868y6c1000k3b6jqxstb18q","blockId":"cl868y6c0000j3b6jcw18ddv8","groupId":"vaqhv972n0qhk4xcozog6r5j"}},{"id":"n9c586ug5y1vboimiws9jjek","to":{"groupId":"fst972jtr24vajru8mfsw2sk"},"from":{"blockId":"clbpckesm00133b6emvakq99i","groupId":"zxpcsl9gxml31qwx7s0tp6cq"}},{"id":"p1q73v2m98prscihpz0l3fkd","to":{"groupId":"xd0rw8o3f6ghyoz46qk1tas4"},"from":{"blockId":"cl86a2ysp00183b6js0c4xs4z","groupId":"j2xbxaejy4usemdbmyjomz1r"}},{"id":"oepiwd113011xi9bewtr6l76","to":{"groupId":"z2qk01xfe72raclrfx2i81gt"},"from":{"itemId":"kn57atf7vxkghprcyfd2sk5e","blockId":"cl86aobqp00323b6juhcbipkm","groupId":"l2tp7yu5vayonh86mituiwsz"}},{"id":"t8ir4pby56m0yn0bmyf9l6b5","to":{"groupId":"z2qk01xfe72raclrfx2i81gt"},"from":{"itemId":"c899ybq1rp0x1tgiv6fbcrvk","blockId":"cl86aobqp00323b6juhcbipkm","groupId":"l2tp7yu5vayonh86mituiwsz"}},{"id":"bqaia93ooxc39zn313psdl93","to":{"groupId":"z2qk01xfe72raclrfx2i81gt"},"from":{"itemId":"ry6dgplo4f9449xpmpke1fmx","blockId":"cl86aobqp00323b6juhcbipkm","groupId":"l2tp7yu5vayonh86mituiwsz"}},{"id":"esq0o8o6jijns2czoldw2ijq","to":{"groupId":"z2qk01xfe72raclrfx2i81gt"},"from":{"itemId":"re0ikrnulxqs77gwak2ey016","blockId":"cl86aobqp00323b6juhcbipkm","groupId":"l2tp7yu5vayonh86mituiwsz"}},{"id":"chkjaspmmf6juumi6q6cj8pl","to":{"groupId":"xy8g2nh25unsctbij4zqugtt"},"from":{"itemId":"cl8lxpe5v000b3b6i2zl7a0x4","blockId":"cl8lxpe5r000a3b6i9j37aif2","groupId":"lc93emi0khdtyls7lbufrxfx"}},{"id":"px3zodye903myf4yx09a1n4f","to":{"blockId":"cl868y6c0000j3b6jcw18ddv8","groupId":"vaqhv972n0qhk4xcozog6r5j"},"from":{"blockId":"cl8bp8wm0001y3b6jnw4s4vrf","groupId":"es7yf4p0vkh3xptsdcfmfqj1"}},{"id":"imnlvec2kl3qv7pk4fq7f69p","to":{"groupId":"i6ygddiw4foezztmk432nfgh"},"from":{"blockId":"cl86aiyxf002s3b6jmcnuen6h","groupId":"cpvws6youa26kgsh5piwfml6"}},{"id":"dv9rqt0p18goewrwbjd81fya","to":{"blockId":"clbpafv6700093b6ej0mohmvs","groupId":"ix2glkel7ml7qsi3ht6qgqhn"},"from":{"itemId":"cl86ap7fn00353b6j3torv79k","blockId":"cl86aobqp00323b6juhcbipkm","groupId":"l2tp7yu5vayonh86mituiwsz"}},{"id":"p62qrdwhkd9iiiu0tim0l0kf","to":{"blockId":"clbpafv6700093b6ej0mohmvs","groupId":"ix2glkel7ml7qsi3ht6qgqhn"},"from":{"itemId":"cl86aqpwi00393b6jj5rx7igu","blockId":"cl86aobqp00323b6juhcbipkm","groupId":"l2tp7yu5vayonh86mituiwsz"}},{"id":"h727zk502q19br22vvzeh59g","to":{"groupId":"es7yf4p0vkh3xptsdcfmfqj1"},"from":{"blockId":"cl868oitp000109mo45x96h47","groupId":"gqzxe4jx24u47muc1nmgm7bn"}},{"id":"fprp3ea21fjstw2zcnlhkvv0","to":{"groupId":"r16m1pvk61tcgc3tgpndqohf"},"from":{"blockId":"clbpaor2x000s3b6ejh2z3z5x","groupId":"z2qk01xfe72raclrfx2i81gt"}},{"id":"iloz04qj4xqjvtdu1ln9fpmw","to":{"groupId":"r16m1pvk61tcgc3tgpndqohf"},"from":{"blockId":"clbpafv6700093b6ej0mohmvs","groupId":"ix2glkel7ml7qsi3ht6qgqhn"}},{"id":"n46jnufmbmpjhi0pvcc8ly3f","to":{"groupId":"ffgm4hqpa2ptry16zicn35u2"},"from":{"blockId":"nea9c6knod4picki1s9zitf0","groupId":"r16m1pvk61tcgc3tgpndqohf"}},{"id":"dcqp3vjp8y63r3hm0kkwuss4","to":{"groupId":"fnsebduy06yxeksj1l22vwe9"},"from":{"blockId":"ry6tacvzopm1l147h5cw7zyd","groupId":"xy8g2nh25unsctbij4zqugtt"}},{"id":"fst1s9x7l9bwjbo9etovzc9n","to":{"blockId":"h0ujtqrrtzq0r4sx4hdyv95s","groupId":"wqvggz8p76r6t7z3m0w5sq6z"},"from":{"blockId":"ojr3svq7it31ssidpslglimd","groupId":"ffgm4hqpa2ptry16zicn35u2"}}],"theme":{"chat":{"inputs":{"color":"#303235","backgroundColor":"#FFFFFF","placeholderColor":"#9095A0"},"buttons":{"color":"#FFFFFF","backgroundColor":"#D61F2C"},"hostAvatar":{"url":"https://s3.fr-par.scw.cloud/typebot/public/typebots/ew7uucery95m3pdidraw8uzq/hostAvatar?v=1678973544584","isEnabled":true},"guestAvatar":{"url":"https://s3.fr-par.scw.cloud/typebot/public/typebots/cl868oits453109mon4bojbc8/perfil.JPG","isEnabled":false},"hostBubbles":{"color":"#303235","backgroundColor":"#F7F8FF"},"guestBubbles":{"color":"#FFFFFF","backgroundColor":"#D61F2C"}},"general":{"font":"Open Sans","background":{"type":"Color","content":"#ffffff"}}},"settings":{"general":{"isBrandingEnabled":true,"isInputPrefillEnabled":true,"isHideQueryParamsEnabled":true,"isNewResultOnRefreshEnabled":false},"metadata":{"title":"Delivery","imageUrl":"https://s3.fr-par.scw.cloud/typebot/public/typebots/ew7uucery95m3pdidraw8uzq/ogImage?v=1678973763786","favIconUrl":"https://s3.fr-par.scw.cloud/typebot/public/typebots/ew7uucery95m3pdidraw8uzq/favIcon?v=1678973782750","description":"","customHeadCode":"<!-- Meta Pixel Code -->\n<script>\n!function(f,b,e,v,n,t,s)\n{if(f.fbq)return;n=f.fbq=function(){n.callMethod?\nn.callMethod.apply(n,arguments):n.queue.push(arguments)};\nif(!f._fbq)f._fbq=n;n.push=n;n.loaded=!0;n.version='2.0';\nn.queue=[];t=b.createElement(e);t.async=!0;\nt.src=v;s=b.getElementsByTagName(e)[0];\ns.parentNode.insertBefore(t,s)}(window, document,'script',\n'https://connect.facebook.net/en_US/fbevents.js');\nfbq('init', '652727146705062');\nfbq('track', 'typebot');\n</script>\n<noscript><img height=\"1\" width=\"1\" style=\"display:none\"\nsrc=\"https://www.facebook.com/tr?id=706852534270481&ev=PageView&noscript=1\"\n/></noscript>\n<!-- End Meta Pixel Code -->","googleTagManagerId":""},"typingEmulation":{"speed":600,"enabled":true,"maxDelay":0.6}}}