{"id":"cljmzcrhi000yju0fooupgif2","version":"3","groups":[{"id":"dj7qsrx6drgtwav823pwqxq0","title":"Start","blocks":[{"id":"clbk0lonb000908l701ns28kv","type":"start","label":"Start","groupId":"dj7qsrx6drgtwav823pwqxq0","outgoingEdgeId":"bw3gne3th3ptymgnpj4au0cw"}],"graphCoordinates":{"x":-274.14,"y":76.99}},{"id":"em9gt2szt1jdmp1zkxwsa15i","title":"Apresentação","blocks":[{"id":"clbk0upxx000n356eg6kkhmzn","type":"text","content":{"richText":[{"type":"p","children":[{"text":"Esta é uma sessão gratuita exclusiva para "},{"bold":true,"text":"trabalhadores de carteira assinada.  "},{"text":"Aplique apenas se for o seu caso."}]}]},"groupId":"em9gt2szt1jdmp1zkxwsa15i"},{"id":"clbk11nxi000t356ezqe62m91","type":"text","content":{"richText":[{"type":"p","children":[{"bold":true,"text":"IMPORTANTE: "},{"text":"Os dados informados aqui são confidenciais e serão usados exclusivamente para consultar o seu saldo e disponibilizar o máximo valor possível na sua conta no menor tempo possível."}]}]},"groupId":"em9gt2szt1jdmp1zkxwsa15i","outgoingEdgeId":"a8sgho825tpzoi9oi3xhmt6i"}],"graphCoordinates":{"x":437,"y":104.67}},{"id":"aoi2sxkwrmmeidgl3g1tvxkz","title":"Vamos Lá","blocks":[{"id":"clbk0z0ba000p356eska8yqde","type":"choice input","items":[{"id":"clbk0z0ba000q356e6z89oeso","type":0,"blockId":"clbk0z0ba000p356eska8yqde","content":"Toque para começar","outgoingEdgeId":"v5hbkxes1ouig0y5yinw8s7i","displayCondition":{"condition":{"comparisons":[{"id":"drr21rmow8cpdgpn8d6umxlp"}],"logicalOperator":"AND"},"isEnabled":false}}],"groupId":"aoi2sxkwrmmeidgl3g1tvxkz","options":{"buttonLabel":"Send","isMultipleChoice":false}}],"graphCoordinates":{"x":809.67,"y":104.33}},{"id":"ibmk3vm4u6huu6c0ur0cuuop","title":"NOME","blocks":[{"id":"paiapznl1ock9pi5bfg52n9f","type":"Code","groupId":"ibmk3vm4u6huu6c0ur0cuuop","options":{"name":"Visualizar conteúdo","content":"fbq('track', 'ViewContent');"}},{"id":"o8moshhyyz6iphpzqoziv706","type":"Set variable","groupId":"ibmk3vm4u6huu6c0ur0cuuop","options":{"type":"Today","variableId":"vbkn6q96li1izvl6jj4gc94ta","isExecutedOnClient":false,"expressionToEvaluate":"{{data}}"}},{"id":"zm13v2jv0suw16lf6dydt9xx","type":"Set variable","groupId":"ibmk3vm4u6huu6c0ur0cuuop","options":{"variableId":"vndn479ekg5oj47gmio571amr","expressionToEvaluate":"FGTS"}},{"id":"kc9fy2m9ghzyy8o2jmstx9bn","type":"text","content":{"richText":[{"type":"p","children":[{"text":"Quero conhecer você melhor. "}]}]},"groupId":"ibmk3vm4u6huu6c0ur0cuuop"},{"id":"clbk16eil000x356ef46p5nft","type":"text","content":{"richText":[{"type":"p","children":[{"text":"Qual seu nome?"}]}]},"groupId":"ibmk3vm4u6huu6c0ur0cuuop"},{"id":"clbk16s0u0010356eml8xllcc","type":"text input","groupId":"ibmk3vm4u6huu6c0ur0cuuop","options":{"isLong":false,"labels":{"button":"Enviar","placeholder":"Digite Seu Nome"},"variableId":"vclbk1764g0012356e41p1jrmd"},"outgoingEdgeId":"blt4tn195ampm69gu37ieo2i"}],"graphCoordinates":{"x":1178.43,"y":109.09}},{"id":"yequblkezbjai5p612a63yav","title":"Pedindo CPF","blocks":[{"id":"clbk1a0lq0016356exqh350bi","type":"text","content":{"richText":[{"type":"p","children":[{"text":"Qual o seu CPF?"}]}]},"groupId":"yequblkezbjai5p612a63yav"},{"id":"xf30ptgl361wsilqlm1kf9x2","type":"text input","groupId":"yequblkezbjai5p612a63yav","options":{"isLong":false,"labels":{"button":"Enviar","placeholder":"Insira seu CPF"},"variableId":"vx6ptm60kipgo9rzcat8c9fm4"},"outgoingEdgeId":"yg5d5begkxjf8ggcrh2untye"}],"graphCoordinates":{"x":2192.54,"y":138.3}},{"id":"w47wxth5e7bqdy5t846sb015","title":"Pedindo Data de nascimento.","blocks":[{"id":"if0qubb4st5ixs6ydedkavji","type":"text","content":{"richText":[{"type":"p","children":[{"text":"Qual a sua Data de nascimento?"}]}]},"groupId":"w47wxth5e7bqdy5t846sb015"},{"id":"bcp74ajnz6fs400pnanx8dms","type":"date input","groupId":"w47wxth5e7bqdy5t846sb015","options":{"labels":{"to":"To:","from":"From:","button":"Enviar"},"hasTime":false,"isRange":false,"variableId":"vnl0hkdepif2bdpb0kq5nniuv"},"outgoingEdgeId":"avadkk60kit0fh319pxaolj4"}],"graphCoordinates":{"x":2190.87,"y":363.31}},{"id":"kl1fc9hfj6rxwftg9xfe16mn","title":"Pedindo Whatsapp","blocks":[{"id":"clbk1cm19001e356e4aekule8","type":"text","content":{"richText":[{"type":"p","children":[{"text":"Para informar os valores disponíveis no seu FGTS, preciso do seu telefone."}]}]},"groupId":"kl1fc9hfj6rxwftg9xfe16mn"},{"id":"clbk1e959001g356eoix4mgwp","type":"text","content":{"html":"<div>Qual o seu Whatsapp?</div>","richText":[{"type":"p","children":[{"text":"Qual o seu Whatsapp?"}]}],"plainText":"Qual o seu Whatsapp?"},"groupId":"kl1fc9hfj6rxwftg9xfe16mn"},{"id":"clbk1em91001i356ecvct77vh","type":"phone number input","groupId":"kl1fc9hfj6rxwftg9xfe16mn","options":{"labels":{"button":"Enviar","placeholder":"Digite seu Whatsapp"},"variableId":"vclbk1gzv4001l356egriemesh","defaultCountryCode":"BR","retryMessageContent":"Este número parece estar errado. Por favor, verifique e digite novamente."},"outgoingEdgeId":"f2mrghpck64ia2moxkb2fqcn"}],"graphCoordinates":{"x":1499.28,"y":92.81}},{"id":"r6stlm6e80ycctqvdtavj5wp","title":"Confirmação de telefone","blocks":[{"id":"clbk1hwpi001n356e30a4mrou","type":"text","content":{"richText":[{"type":"p","children":[{"text":"Então, {{Nome}}. O número {{Telefone}} está correto? "},{"bold":true,"text":"(Um número errado pode impossibilitar que nossa equipe entre em contato para você receber o valor!)"}]}]},"groupId":"r6stlm6e80ycctqvdtavj5wp"},{"id":"clbk1kf47001q356e1gz8fghe","type":"choice input","items":[{"id":"clbk1kf47001r356ea80aoqy9","type":0,"blockId":"clbk1kf47001q356e1gz8fghe","content":"Sim","outgoingEdgeId":"n0zh1ox2onhswnv5j8qembl9"},{"id":"clbk1kpa5001s356efydz5jz3","type":0,"blockId":"clbk1kf47001q356e1gz8fghe","content":"Não","outgoingEdgeId":"m5vwikempzdmyarg6x0egw1d"}],"groupId":"r6stlm6e80ycctqvdtavj5wp","options":{"buttonLabel":"Send","isMultipleChoice":false}}],"graphCoordinates":{"x":1851.3,"y":93.64}},{"id":"bbbsrmzuznhvgbosvu2hcw09","title":"Confirmação de CPF","blocks":[{"id":"zzzp5cvf7ejtdl683zday5f3","type":"text","content":{"richText":[{"type":"p","children":[{"text":"{{Nome}}. O cpf {{cpf}} está correto e a DN {{DATA DE NASCIMENTO}} estão corretos? "},{"bold":true,"text":"(Se esses dados estiverem incorretos não conseguiremos verificar o seu saldo!)"}]}]},"groupId":"bbbsrmzuznhvgbosvu2hcw09"},{"id":"o7mwh7puxgczkwgv8s26gf3n","type":"choice input","items":[{"id":"ddfl7g7sixm8dsyuuanxe6b1","type":0,"blockId":"o7mwh7puxgczkwgv8s26gf3n","content":"Sim","outgoingEdgeId":"i4bqe4xg19ihse8y0yy7bg06"},{"id":"f7jmnosevjd6qyhxfcw3y8a0","type":0,"blockId":"o7mwh7puxgczkwgv8s26gf3n","content":"Não","outgoingEdgeId":"bsp0w3ffe32831cuoavz1dbg"}],"groupId":"bbbsrmzuznhvgbosvu2hcw09","options":{"buttonLabel":"Send","isMultipleChoice":false}}],"graphCoordinates":{"x":2184.63,"y":703.65}},{"id":"kjn617a101zd2c09m8o14r3a","title":"Verificação de tempo","blocks":[{"id":"v62cr60mj1fkuezf8g0ovhq8","type":"Code","groupId":"kjn617a101zd2c09m8o14r3a","options":{"name":"Completou cadastro","content":"fbq('track', 'CompleteRegistration');"}},{"id":"clbk1ny5r001w356ea5t3f73u","type":"text","content":{"richText":[{"type":"p","children":[{"text":"Maravilha! Já estamos verificando seu saldo, mas para já deixarmos tudo alinhado, você sacou seu FGTS recentemente?"}]}]},"groupId":"kjn617a101zd2c09m8o14r3a"},{"id":"clbk1uqmg0027356erbti8sho","type":"choice input","items":[{"id":"clbl27fal002o356etnjuwdhn","type":0,"blockId":"clbk1uqmg0027356erbti8sho","content":"Sim","outgoingEdgeId":"hlloajs2bnf51njnbazut6fr"},{"id":"clbl27nbz002p356e6y52424s","type":0,"blockId":"clbk1uqmg0027356erbti8sho","content":"Não","outgoingEdgeId":"iczzlkyw2jx8qmn37rukw9jx"}],"groupId":"kjn617a101zd2c09m8o14r3a","options":{"buttonLabel":"Send","isMultipleChoice":false}}],"graphCoordinates":{"x":2891.08,"y":148.96}},{"id":"exw0d277qlbiqxp0s53ff6ss","title":"Qualificação","blocks":[{"id":"z07fv52pypgdcz7gbefan2t7","type":"Set variable","groupId":"exw0d277qlbiqxp0s53ff6ss","options":{"variableId":"vjv3m2kw3vigjl9fz2gffwicj","expressionToEvaluate":"SACOU RECENTEMENTE"}},{"id":"zogkmcs6o2skkah1f5jtobxx","type":"text","content":{"richText":[{"type":"p","children":[{"text":"Tranquilo {{Nome}}, Faz quanto tempo que você sacou?"}]}]},"groupId":"exw0d277qlbiqxp0s53ff6ss"},{"id":"i1cpb3rbwvbrv60v6zeqbjow","type":"choice input","items":[{"id":"kltm4ciqt5jjr6ti1eo3xidb","type":0,"blockId":"i1cpb3rbwvbrv60v6zeqbjow","content":"+ de 3 meses","outgoingEdgeId":"dwaoc3o7jf93oq1p6ctmjj8f"},{"id":"iu68j2tzqc3mc4s3vdx8bz4n","type":0,"blockId":"i1cpb3rbwvbrv60v6zeqbjow","content":"- de 3 meses","outgoingEdgeId":"dhw2bsxwpxkof5a72ydc8ph5"}],"groupId":"exw0d277qlbiqxp0s53ff6ss","options":{"buttonLabel":"Send","isMultipleChoice":false}}],"graphCoordinates":{"x":3229.75,"y":146.19}},{"id":"gsuv5auoksnew585nq498gfx","title":"Qualificação 2","blocks":[{"id":"u64dnr458hewy5qouetih8ab","type":"Set variable","groupId":"gsuv5auoksnew585nq498gfx","options":{"variableId":"vjv3m2kw3vigjl9fz2gffwicj","expressionToEvaluate":"NÃO SACOU RECENTEMENTE"}},{"id":"la3x65ft4qr94c6xhvcvudzn","type":"text","content":{"richText":[{"type":"p","children":[{"text":"Show {{Nome}}, Faz quanto tempo que você está trabalhando de carteira assinada?"}]}]},"groupId":"gsuv5auoksnew585nq498gfx"},{"id":"j7qotsos6s9otukymzr0bq7c","type":"choice input","items":[{"id":"bt7xh33wpr3ualkmlvwwj46a","type":0,"blockId":"j7qotsos6s9otukymzr0bq7c","content":"+ de 3 meses","outgoingEdgeId":"i65rb6nlycrcn1am4a3m58g1"},{"id":"xx0nkze0teznm5agleu5sjct","type":0,"blockId":"j7qotsos6s9otukymzr0bq7c","content":"- de 3 meses","outgoingEdgeId":"ktfzdrj339s69r05pnsudy81"}],"groupId":"gsuv5auoksnew585nq498gfx","options":{"buttonLabel":"Send","isMultipleChoice":false}}],"graphCoordinates":{"x":3223.08,"y":681.19}},{"id":"nziuxwn5tp68j7ijsdawxuvy","title":"UTM","blocks":[{"id":"clcalt7hl000g356j3095igrh","type":"Set variable","groupId":"nziuxwn5tp68j7ijsdawxuvy","options":{"variableId":"vclcaltzov000h356jl744lc8i"}},{"id":"clcalv4kw000k356jn5d7i2qr","type":"Set variable","groupId":"nziuxwn5tp68j7ijsdawxuvy","options":{"variableId":"vclcalvi5e000l356jf39aqysd"}},{"id":"clcalvnt6000m356jd9yr78ox","type":"Set variable","groupId":"nziuxwn5tp68j7ijsdawxuvy","options":{"variableId":"vclcalvys4000o356juq0uzlb8"}},{"id":"clcalvqgs000n356jdcyfywzr","type":"Set variable","groupId":"nziuxwn5tp68j7ijsdawxuvy","options":{"variableId":"vclcalwa3y000p356jsujofdso"}}],"graphCoordinates":{"x":88.67,"y":329}},{"id":"eukmwig3mq08xolod8265rsc","title":"Redirect - Insta","blocks":[{"id":"cld0j82u6000x356j45un5e7d","type":"Redirect","groupId":"eukmwig3mq08xolod8265rsc","options":{"url":"instagram.com","isNewTab":false}}],"graphCoordinates":{"x":4128.83,"y":1585.08}},{"id":"fy341claqtcmms6zx1nyzehs","title":"Direcionamento","blocks":[{"id":"q0i75h3riu21jrf9rcztaxuv","type":"Set variable","groupId":"fy341claqtcmms6zx1nyzehs","options":{"type":"Custom","variableId":"vp19wdffyb58vdqowgkrs6sg7","expressionToEvaluate":"Qualificado (+ 3 MESES SEM SACAR)"}},{"id":"c7d6y4a89olcekwv6jgoi5yh","type":"Code","groupId":"fy341claqtcmms6zx1nyzehs","options":{"name":"Finalização de compra","content":"fbq('track', 'InitiateCheckout');"}},{"id":"dx4wa4zsgaoummoozzpbvrum","type":"Google Sheets","groupId":"fy341claqtcmms6zx1nyzehs","options":{"action":"Insert a row","sheetId":"0","cellsToInsert":[{"id":"lodyqv4cps6stuage3ewkozx","value":"{{data}}","column":"Data"},{"id":"sg3thjkuiuj4rcnnommikoqc","value":"{{Produto}}","column":"Produto"},{"id":"z2fmajobuaxhfxgloc122a5j","value":"{{Nome}}","column":"Nome"},{"id":"qfmubp6q0h05y6idwej6o5d1","value":"{{cpf}}","column":"Cpf"},{"id":"btsvbauu87fsja92ho8omtns","value":"{{DATA DE NASCIMENTO}}","column":"D/N"},{"id":"nxdvhrt3tnu5hfesaloqohgp","value":"{{Telefone}}","column":"Telefone"},{"id":"rqr205a7fcyu6j70yltkb3to","value":"{{analise de saldo}}","column":"Análise de saldo"},{"id":"jso9vi8ahshc9eh7l7fb2v9b","value":"{{Sacou?}}","column":"já sacou alguma vez?"}],"credentialsId":"cljmyu7vt0012kz0f5iadd9v5","spreadsheetId":"1IY503hIxFVhGkiqggDmuQSf7AFfotr_WiUhEAybPXKk"}},{"id":"ofvygd6mik8uhxmmmquegsb1","type":"text","content":{"richText":[{"type":"p","children":[{"text":"Ok, A partir de agora vamos consultar as possibilidades que existem para você."}]}]},"groupId":"fy341claqtcmms6zx1nyzehs"},{"id":"ro6yik2sl72spfr15xwo06iw","type":"text","content":{"richText":[{"type":"p","children":[{"text":"Para agilizar ainda mais o seu procedimento você pode fazer a contratação automática direto com o Banco QI, ou você pode ser atendido pela nossa equipe."}]}]},"groupId":"fy341claqtcmms6zx1nyzehs"},{"id":"csiud9t267db6t6hukvbz7po","type":"text","content":{"richText":[{"type":"p","children":[{"text":"Basta escolher uma das opções abaixo."}]}]},"groupId":"fy341claqtcmms6zx1nyzehs"},{"id":"gswvd9w4aoy3a4l6b69te4yh","type":"Wait","groupId":"fy341claqtcmms6zx1nyzehs","options":{"secondsToWaitFor":"5"}},{"id":"zyz6a8vdhzs4jlj6ka0bhjq6","type":"choice input","items":[{"id":"lhyalgqwzxyp1syahnvhbc3n","type":0,"blockId":"zyz6a8vdhzs4jlj6ka0bhjq6","content":"Contratar agora","outgoingEdgeId":"fg4sdrl50d43ylr2ku3z3g2n"},{"id":"tvm3dnd69ftjplo45dqh97ri","type":0,"blockId":"zyz6a8vdhzs4jlj6ka0bhjq6","content":"Atendimento humano","outgoingEdgeId":"ypdekh4tjrzsxm65t0uht162"}],"groupId":"fy341claqtcmms6zx1nyzehs","options":{"buttonLabel":"Send","isSearchable":false,"isMultipleChoice":false,"searchInputPlaceholder":"Filter the options..."}}],"graphCoordinates":{"x":3749.37,"y":145.99}},{"id":"traqzp13zhslpv8x26bb3mzm","title":"Desqualificação","blocks":[{"id":"l5rekuf3s8sbdp1sjj78qmrk","type":"Google Sheets","groupId":"traqzp13zhslpv8x26bb3mzm","options":{"action":"Insert a row","sheetId":"0","cellsToInsert":[{"id":"lodyqv4cps6stuage3ewkozx","value":"{{data}}","column":"Data"},{"id":"sg3thjkuiuj4rcnnommikoqc","value":"{{Produto}}","column":"Produto"},{"id":"z2fmajobuaxhfxgloc122a5j","value":"{{Nome}}","column":"Nome"},{"id":"qfmubp6q0h05y6idwej6o5d1","value":"{{cpf}}","column":"Cpf"},{"id":"btsvbauu87fsja92ho8omtns","value":"{{DATA DE NASCIMENTO}}","column":"D/N"},{"id":"nxdvhrt3tnu5hfesaloqohgp","value":"{{Telefone}}","column":"Telefone"},{"id":"rqr205a7fcyu6j70yltkb3to","value":"{{analise de saldo}}","column":"Análise de saldo"}],"credentialsId":"cljmyu7vt0012kz0f5iadd9v5","spreadsheetId":"1IY503hIxFVhGkiqggDmuQSf7AFfotr_WiUhEAybPXKk"}},{"id":"kql4lzi5l6gzrq67883kdvrv","type":"text","content":{"richText":[{"type":"p","children":[{"text":"Ok, {{NOME}}, Vamos verificar o seu saldo e caso exista a possibilidade de saque entraremos em contato pelo número informado, muito obrigado por entrar em contato!"}]}]},"groupId":"traqzp13zhslpv8x26bb3mzm"},{"id":"cld0j7m2b000t356jmywlfwvd","type":"choice input","items":[{"id":"cld0j7m2b000u356jg7b2wdcn","type":0,"blockId":"cld0j7m2b000t356jmywlfwvd","content":"Toque para retornar ao seu FEED","outgoingEdgeId":"rzheah2gclicz02llflj5dw5"}],"groupId":"traqzp13zhslpv8x26bb3mzm","options":{"buttonLabel":"Send","isMultipleChoice":false}}],"graphCoordinates":{"x":3740.7,"y":1209.99}},{"id":"u0vt3rg83g67nrh2rp7bngk1","title":"Liberação de consulta","blocks":[{"id":"pzc19hd9zvli1cwto714vgrt","type":"Code","groupId":"u0vt3rg83g67nrh2rp7bngk1","options":{"name":"lead","content":"fbq('track', 'Lead');"}},{"id":"nvzqpb8409g5ojjukurrj6r4","type":"Google Sheets","groupId":"u0vt3rg83g67nrh2rp7bngk1","options":{"action":"Insert a row","sheetId":"0","cellsToInsert":[{"id":"lodyqv4cps6stuage3ewkozx","value":"{{data}}","column":"Data"},{"id":"sg3thjkuiuj4rcnnommikoqc","value":"{{Produto}}","column":"Produto"},{"id":"z2fmajobuaxhfxgloc122a5j","value":"{{Nome}}","column":"Nome"},{"id":"qfmubp6q0h05y6idwej6o5d1","value":"{{cpf}}","column":"Cpf"},{"id":"btsvbauu87fsja92ho8omtns","value":"{{DATA DE NASCIMENTO}}","column":"D/N"},{"id":"nxdvhrt3tnu5hfesaloqohgp","value":"{{Telefone}}","column":"Telefone"},{"id":"rqr205a7fcyu6j70yltkb3to","value":"{{análise de faturamento}}","column":"Análise de saldo"}],"credentialsId":"cljmyu7vt0012kz0f5iadd9v5","spreadsheetId":"1IY503hIxFVhGkiqggDmuQSf7AFfotr_WiUhEAybPXKk"}},{"id":"ybef14m8aa9n32ue0f3eif4a","type":"text","content":{"richText":[{"type":"p","children":[{"text":"{{Nome}} Show! Para visualizarmos o valor disponível para saque precisamos que você autorize a consulta do banco PAN e Qi."}]}]},"groupId":"u0vt3rg83g67nrh2rp7bngk1"},{"id":"brz9img87qtl72pzki8hol1t","type":"text","content":{"richText":[{"type":"p","children":[{"text":"Preparamos um vídeo explicando como liberar em menos de 50 segundos você vai poder ver o seu saldo."}]}]},"groupId":"u0vt3rg83g67nrh2rp7bngk1"},{"id":"hpppnl3jcf30tj3y2mhu6wc0","type":"video","content":{"id":"9tlYpy-Yzyg","url":"https://youtu.be/9tlYpy-Yzyg","type":"youtube"},"groupId":"u0vt3rg83g67nrh2rp7bngk1"},{"id":"ejkugxlt6k8yz7pi5l92fail","type":"Wait","groupId":"u0vt3rg83g67nrh2rp7bngk1","options":{"secondsToWaitFor":"10"}},{"id":"q8qfxq681a4ebso8mr0mj7y6","type":"text","content":{"richText":[{"type":"p","children":[{"text":"Quando conseguir liberar clique abaixo no botão para saber quanto você vai receber! "}]}]},"groupId":"u0vt3rg83g67nrh2rp7bngk1"},{"id":"r2uuifbsq207hvyy4xibxpyk","type":"choice input","items":[{"id":"dyjh9lbvsfcvrfwvtgwc76dl","type":0,"blockId":"r2uuifbsq207hvyy4xibxpyk","content":"Autorizei a consulta!","outgoingEdgeId":"jbl4fitm3frrkbnb13yiwymc"}],"groupId":"u0vt3rg83g67nrh2rp7bngk1","options":{"variableId":"vp19wdffyb58vdqowgkrs6sg7","buttonLabel":"Send","isSearchable":false,"isMultipleChoice":false,"searchInputPlaceholder":"Filter the options..."}}],"graphCoordinates":{"x":2542.53,"y":142.32}},{"id":"ko906nxd7llsyfi06jhjoujo","title":"Redirect - whats","blocks":[{"id":"vdn6sypn54zk3qwiyqs13f6o","type":"Redirect","groupId":"ko906nxd7llsyfi06jhjoujo","options":{"url":"https://api.whatsapp.com/send/?phone=5551981184398&text=Oi%2C+Acabei+de+passar+as+informações+para+receber+o+saldo+do+meu+FGTS%21&type=phone_number&app_absent=0","isNewTab":false}}],"graphCoordinates":{"x":4122.86,"y":1057.33}},{"id":"tbbmuq36owwzvcfcynobz951","title":"Redirect - contratação","blocks":[{"id":"pim0pdmig05yofjxpjgptvdd","type":"Redirect","groupId":"tbbmuq36owwzvcfcynobz951","options":{"url":"https://link.icred.app/rhriDCO","isNewTab":false}}],"graphCoordinates":{"x":4124.53,"y":808.99}},{"id":"wf980tw10zc7dmws2uanvr3x","title":"boas vindas","blocks":[{"id":"clbk0mq9q000l356emf2f36fj","type":"text","content":{"richText":[{"type":"p","children":[{"text":"Bem vindo a OCred soluções financeiras."}]}]},"groupId":"wf980tw10zc7dmws2uanvr3x","outgoingEdgeId":"v2unnvi2zmdndfue4s8vyvxj"}],"graphCoordinates":{"x":88.86,"y":99.99}}],"variables":[{"id":"vclbk1764g0012356e41p1jrmd","name":"Nome"},{"id":"vclbk1by25001c356etu4woeew","name":"Email"},{"id":"vclbk1gzv4001l356egriemesh","name":"Telefone"},{"id":"vclbk1p2gm0021356e7g1k593h","name":"Instagram"},{"id":"vclbk2fpu70038356eub3h27ej","name":"Dispon.Investimento"},{"id":"vclbk2gx8m003a356ef9agegf9","name":"Faturamento Mensal"},{"id":"vclbk2zk5t004g356e070mvbam","name":"Buyer Jorney"},{"id":"vclbk30tlb004k356e2p48812g","name":"Solution Selection"},{"id":"vclcaltzov000h356jl744lc8i","name":"utm_campaign"},{"id":"vclcalvi5e000l356jf39aqysd","name":"utm_medium"},{"id":"vclcalvys4000o356juq0uzlb8","name":"utm_source"},{"id":"vclcalwa3y000p356jsujofdso","name":"utm_content"},{"id":"vdpap1wiudtjvhhsdm9xe20wz","name":"site"},{"id":"vk1hlyytaix0tq49ctxu5p2gp","name":"análise de faturamento"},{"id":"vzr0ji52tsyrjsz5vdl6l16k9","name":"previsão de investimento"},{"id":"ve5rlvuix34afv2vkf52hk4ol","name":"investimento atual em marketing"},{"id":"vbkn6q96li1izvl6jj4gc94ta","name":"data"},{"id":"vsg7e3f4c305leu5pruzirarf","name":"origem"},{"id":"vonetuxvpr45ofqbzbqpbf2pz","name":"expectativa de faturamento"},{"id":"vx6ptm60kipgo9rzcat8c9fm4","name":"cpf"},{"id":"vndn479ekg5oj47gmio571amr","name":"Produto"},{"id":"vnl0hkdepif2bdpb0kq5nniuv","name":"DATA DE NASCIMENTO"},{"id":"vjv3m2kw3vigjl9fz2gffwicj","name":"Sacou?"},{"id":"vp19wdffyb58vdqowgkrs6sg7","name":"analise de saldo"}],"edges":[{"id":"a8sgho825tpzoi9oi3xhmt6i","to":{"groupId":"aoi2sxkwrmmeidgl3g1tvxkz"},"from":{"blockId":"clbk11nxi000t356ezqe62m91","groupId":"em9gt2szt1jdmp1zkxwsa15i"}},{"id":"v5hbkxes1ouig0y5yinw8s7i","to":{"groupId":"ibmk3vm4u6huu6c0ur0cuuop"},"from":{"itemId":"clbk0z0ba000q356e6z89oeso","blockId":"clbk0z0ba000p356eska8yqde","groupId":"aoi2sxkwrmmeidgl3g1tvxkz"}},{"id":"rzheah2gclicz02llflj5dw5","to":{"groupId":"eukmwig3mq08xolod8265rsc"},"from":{"itemId":"cld0j7m2b000u356jg7b2wdcn","blockId":"cld0j7m2b000t356jmywlfwvd","groupId":"traqzp13zhslpv8x26bb3mzm"}},{"id":"blt4tn195ampm69gu37ieo2i","to":{"groupId":"kl1fc9hfj6rxwftg9xfe16mn"},"from":{"blockId":"clbk16s0u0010356eml8xllcc","groupId":"ibmk3vm4u6huu6c0ur0cuuop"}},{"id":"m5vwikempzdmyarg6x0egw1d","to":{"groupId":"kl1fc9hfj6rxwftg9xfe16mn"},"from":{"itemId":"clbk1kpa5001s356efydz5jz3","blockId":"clbk1kf47001q356e1gz8fghe","groupId":"r6stlm6e80ycctqvdtavj5wp"}},{"id":"f2mrghpck64ia2moxkb2fqcn","to":{"groupId":"r6stlm6e80ycctqvdtavj5wp"},"from":{"blockId":"clbk1em91001i356ecvct77vh","groupId":"kl1fc9hfj6rxwftg9xfe16mn"}},{"id":"hlloajs2bnf51njnbazut6fr","to":{"groupId":"exw0d277qlbiqxp0s53ff6ss"},"from":{"itemId":"clbl27fal002o356etnjuwdhn","blockId":"clbk1uqmg0027356erbti8sho","groupId":"kjn617a101zd2c09m8o14r3a"}},{"id":"e75lkl0rd5staf9pjljtnrsa","to":{"groupId":"exw0d277qlbiqxp0s53ff6ss"},"from":{"itemId":"clbk1vlso0029356epy3ptp6w","blockId":"clbk1uqmg0027356erbti8sho","groupId":"kjn617a101zd2c09m8o14r3a"}},{"id":"ddyujurmvmnouju0963bxm3m","to":{"groupId":"exw0d277qlbiqxp0s53ff6ss"},"from":{"itemId":"clbk1w686002a356eed54jmxu","blockId":"clbk1uqmg0027356erbti8sho","groupId":"kjn617a101zd2c09m8o14r3a"}},{"id":"o3la3fz8rnkrh5nxbryowegt","to":{"groupId":"exw0d277qlbiqxp0s53ff6ss"},"from":{"itemId":"clbk1xqzc002b356exdzff34f","blockId":"clbk1uqmg0027356erbti8sho","groupId":"kjn617a101zd2c09m8o14r3a"}},{"id":"pv0dc9xzwa854c9yqb4s39zf","to":{"groupId":"exw0d277qlbiqxp0s53ff6ss"},"from":{"itemId":"clbk1y0xj002c356e9eubpi30","blockId":"clbk1uqmg0027356erbti8sho","groupId":"kjn617a101zd2c09m8o14r3a"}},{"id":"ghavnorif20k0wgzoinjka5u","to":{"groupId":"exw0d277qlbiqxp0s53ff6ss"},"from":{"itemId":"clbk1yn77002d356etjjcnnre","blockId":"clbk1uqmg0027356erbti8sho","groupId":"kjn617a101zd2c09m8o14r3a"}},{"id":"pa3ammgz6t2247k0ehci2axv","to":{"groupId":"exw0d277qlbiqxp0s53ff6ss"},"from":{"itemId":"clbk1z80w002e356evn0czn20","blockId":"clbk1uqmg0027356erbti8sho","groupId":"kjn617a101zd2c09m8o14r3a"}},{"id":"iczzlkyw2jx8qmn37rukw9jx","to":{"groupId":"gsuv5auoksnew585nq498gfx"},"from":{"itemId":"clbl27nbz002p356e6y52424s","blockId":"clbk1uqmg0027356erbti8sho","groupId":"kjn617a101zd2c09m8o14r3a"}},{"id":"n0zh1ox2onhswnv5j8qembl9","to":{"groupId":"yequblkezbjai5p612a63yav"},"from":{"itemId":"clbk1kf47001r356ea80aoqy9","blockId":"clbk1kf47001q356e1gz8fghe","groupId":"r6stlm6e80ycctqvdtavj5wp"}},{"id":"yg5d5begkxjf8ggcrh2untye","to":{"groupId":"w47wxth5e7bqdy5t846sb015"},"from":{"blockId":"xf30ptgl361wsilqlm1kf9x2","groupId":"yequblkezbjai5p612a63yav"}},{"id":"jbl4fitm3frrkbnb13yiwymc","to":{"groupId":"kjn617a101zd2c09m8o14r3a"},"from":{"itemId":"dyjh9lbvsfcvrfwvtgwc76dl","blockId":"r2uuifbsq207hvyy4xibxpyk","groupId":"u0vt3rg83g67nrh2rp7bngk1"}},{"id":"dwaoc3o7jf93oq1p6ctmjj8f","to":{"groupId":"fy341claqtcmms6zx1nyzehs"},"from":{"itemId":"kltm4ciqt5jjr6ti1eo3xidb","blockId":"i1cpb3rbwvbrv60v6zeqbjow","groupId":"exw0d277qlbiqxp0s53ff6ss"}},{"id":"i65rb6nlycrcn1am4a3m58g1","to":{"groupId":"fy341claqtcmms6zx1nyzehs"},"from":{"itemId":"bt7xh33wpr3ualkmlvwwj46a","blockId":"j7qotsos6s9otukymzr0bq7c","groupId":"gsuv5auoksnew585nq498gfx"}},{"id":"dhw2bsxwpxkof5a72ydc8ph5","to":{"groupId":"traqzp13zhslpv8x26bb3mzm"},"from":{"itemId":"iu68j2tzqc3mc4s3vdx8bz4n","blockId":"i1cpb3rbwvbrv60v6zeqbjow","groupId":"exw0d277qlbiqxp0s53ff6ss"}},{"id":"ktfzdrj339s69r05pnsudy81","to":{"groupId":"traqzp13zhslpv8x26bb3mzm"},"from":{"itemId":"xx0nkze0teznm5agleu5sjct","blockId":"j7qotsos6s9otukymzr0bq7c","groupId":"gsuv5auoksnew585nq498gfx"}},{"id":"ypdekh4tjrzsxm65t0uht162","to":{"groupId":"ko906nxd7llsyfi06jhjoujo"},"from":{"itemId":"tvm3dnd69ftjplo45dqh97ri","blockId":"zyz6a8vdhzs4jlj6ka0bhjq6","groupId":"fy341claqtcmms6zx1nyzehs"}},{"id":"fg4sdrl50d43ylr2ku3z3g2n","to":{"groupId":"tbbmuq36owwzvcfcynobz951"},"from":{"itemId":"lhyalgqwzxyp1syahnvhbc3n","blockId":"zyz6a8vdhzs4jlj6ka0bhjq6","groupId":"fy341claqtcmms6zx1nyzehs"}},{"id":"bw3gne3th3ptymgnpj4au0cw","to":{"groupId":"wf980tw10zc7dmws2uanvr3x"},"from":{"blockId":"clbk0lonb000908l701ns28kv","groupId":"dj7qsrx6drgtwav823pwqxq0"}},{"id":"v2unnvi2zmdndfue4s8vyvxj","to":{"groupId":"em9gt2szt1jdmp1zkxwsa15i"},"from":{"blockId":"clbk0mq9q000l356emf2f36fj","groupId":"wf980tw10zc7dmws2uanvr3x"}},{"id":"i4bqe4xg19ihse8y0yy7bg06","to":{"groupId":"u0vt3rg83g67nrh2rp7bngk1"},"from":{"itemId":"ddfl7g7sixm8dsyuuanxe6b1","blockId":"o7mwh7puxgczkwgv8s26gf3n","groupId":"bbbsrmzuznhvgbosvu2hcw09"}},{"id":"bsp0w3ffe32831cuoavz1dbg","to":{"groupId":"yequblkezbjai5p612a63yav"},"from":{"itemId":"f7jmnosevjd6qyhxfcw3y8a0","blockId":"o7mwh7puxgczkwgv8s26gf3n","groupId":"bbbsrmzuznhvgbosvu2hcw09"}},{"id":"avadkk60kit0fh319pxaolj4","to":{"groupId":"bbbsrmzuznhvgbosvu2hcw09"},"from":{"blockId":"bcp74ajnz6fs400pnanx8dms","groupId":"w47wxth5e7bqdy5t846sb015"}}],"theme":{"chat":{"inputs":{"color":"#303235","backgroundColor":"#FFFFFF","placeholderColor":"#9095A0"},"buttons":{"color":"#FFFFFF","backgroundColor":"#0042DA"},"roundness":"large","hostAvatar":{"url":"https://s3.fr-par.scw.cloud/typebot/public/typebots/rw4blnv5mv1do449wj329bng/hostAvatar?v=1689344152794","isEnabled":true},"guestAvatar":{"isEnabled":false},"hostBubbles":{"color":"#303235","backgroundColor":"#F7F8FF"},"guestBubbles":{"color":"#FFFFFF","backgroundColor":"#FF8E21"}},"general":{"font":"Poppins","background":{"type":"Color"}}},"settings":{"general":{"isBrandingEnabled":true,"isInputPrefillEnabled":true,"isResultSavingEnabled":true,"isHideQueryParamsEnabled":true,"isNewResultOnRefreshEnabled":false},"metadata":{"title":"Aplicação de formulário para Saque FGTS","imageUrl":"https://s3.fr-par.scw.cloud/typebot/public/typebots/rw4blnv5mv1do449wj329bng/ogImage?v=1689961629212","favIconUrl":"https://s3.fr-par.scw.cloud/typebot/public/typebots/rw4blnv5mv1do449wj329bng/favIcon?v=1688410476075","description":"Trabalhador(a) de carteira assinada, fique atento(a)! 💼👀\n\nDescubra os benefícios irresistíveis do Saque Antecipado do FGTS:\n\nNão perca tempo: Dinheiro na mão imediatamente para suprir suas necessidades financeiras! 💰💫\n\nFuja das dívidas: Resgate seu FGTS sem adquirir compromissos financeiros indesejados! 💪🚫\n\nConquiste seus desejos: Realize seus sonhos adiados com o dinheiro disponível no seu FGTS! ✨🌟\n\nVelocidade e comodidade: Receba o valor do FGTS via PIX em até 5 minutos, sem esperas! ⏱️💸\n\nNão deixe seu dinheiro parado: Aproveite a oportunidade de usar seu próprio dinheiro para melhorar sua vida! ⏳💤\n\nNão espere mais! Clique no link abaixo e descubra gratuitamente quanto você pode pegar agora mesmo! 📲🔍\n\nResgate seu FGTS e aproveite todos esses benefícios incríveis! 🙌💸","customHeadCode":"<!-- Meta Pixel Code -->\n<script>\n!function(f,b,e,v,n,t,s)\n{if(f.fbq)return;n=f.fbq=function(){n.callMethod?\nn.callMethod.apply(n,arguments):n.queue.push(arguments)};\nif(!f._fbq)f._fbq=n;n.push=n;n.loaded=!0;n.version='2.0';\nn.queue=[];t=b.createElement(e);t.async=!0;\nt.src=v;s=b.getElementsByTagName(e)[0];\ns.parentNode.insertBefore(t,s)}(window, document,'script',\n'https://connect.facebook.net/en_US/fbevents.js');\nfbq('init', '213363248285059');\nfbq('track', 'PageView');\n</script>\n<noscript><img height=\"1\" width=\"1\" style=\"display:none\"\nsrc=\"https://www.facebook.com/tr?id=213363248285059&ev=PageView&noscript=1\"\n/></noscript>\n<!-- End Meta Pixel Code -->","googleTagManagerId":"GTM-MW2VK3T6"},"typingEmulation":{"speed":750,"enabled":true,"maxDelay":1}}}