{"id":"clked1p9y0023l40fl9we47wc","version":"3","groups":[{"id":"hstjmewy5tw5w44ucdnfem9v","title":"Start","blocks":[{"id":"fp82tc3nolkjpw38j60xxemb","type":"start","label":"Start","groupId":"hstjmewy5tw5w44ucdnfem9v","outgoingEdgeId":"h85q2v8mg8mao0fr1srne4zb"}],"graphCoordinates":{"x":0,"y":0}},{"id":"el5qp4ipxsu6fht7txlxem5y","title":"Intro","blocks":[{"id":"tf2wjosr35b8r9v6su3jj6mn","type":"image","content":{"url":"https://s3.fr-par.scw.cloud/typebot/public/typebots/ati63me6r0nopaom6xi2cv4p/blocks/tf2wjosr35b8r9v6su3jj6mn?v=1690048761232"},"groupId":"el5qp4ipxsu6fht7txlxem5y"},{"id":"endb0ierory0enrm0jjrevei","type":"audio","content":{"url":"https://s3.fr-par.scw.cloud/typebot/public/typebots/ati63me6r0nopaom6xi2cv4p/blocks/endb0ierory0enrm0jjrevei?v=1690046509837"},"groupId":"el5qp4ipxsu6fht7txlxem5y"},{"id":"zjkqqxvu3w989a75q7191dvw","type":"Wait","groupId":"el5qp4ipxsu6fht7txlxem5y","options":{"secondsToWaitFor":"7"}},{"id":"iy9brewiabfhv7ctsvdd5fg6","type":"text","content":{"richText":[{"type":"p","children":[{"text":"\nO Feirão Limpa Nome foi extendido para te ajudar a se livrar de uma vez por todas das suas dívidas."}]}]},"groupId":"el5qp4ipxsu6fht7txlxem5y"},{"id":"ccr69l82d9mpxksrrg1urzlv","type":"Wait","groupId":"el5qp4ipxsu6fht7txlxem5y","options":{"secondsToWaitFor":"2"}},{"id":"immlrmjc0tnvc0rd1552c0ey","type":"text","content":{"richText":[{"type":"p","children":[{"text":"Aqui na Serasa o atendimento é online, simples e rápido."}]}]},"groupId":"el5qp4ipxsu6fht7txlxem5y"},{"id":"wnu3xd1gseyg4n0jbfwcld58","type":"Wait","groupId":"el5qp4ipxsu6fht7txlxem5y","options":{"secondsToWaitFor":"2"}},{"id":"i1pv6t8sj9wdzoheplwj1cnr","type":"text","content":{"richText":[{"type":"p","children":[{"text":"Negocie dívidas com as seguintes empresas:"}]}]},"groupId":"el5qp4ipxsu6fht7txlxem5y"},{"id":"illy96r81qs23s9ivq6455pl","type":"image","content":{"url":"https://s3.fr-par.scw.cloud/typebot/public/typebots/ati63me6r0nopaom6xi2cv4p/blocks/illy96r81qs23s9ivq6455pl?v=1690046616728"},"groupId":"el5qp4ipxsu6fht7txlxem5y"},{"id":"rmqgmusgupgkebu2dfvep3a3","type":"Wait","groupId":"el5qp4ipxsu6fht7txlxem5y","options":{"secondsToWaitFor":"5"}},{"id":"ovdi1asvvyna75yhhdjfd42b","type":"text","content":{"richText":[{"type":"p","children":[{"text":"Para continuar, por favor informe seu CPF:\n"}]}]},"groupId":"el5qp4ipxsu6fht7txlxem5y"},{"id":"uocaxxtg26btl2zytwy09jh9","type":"text input","groupId":"el5qp4ipxsu6fht7txlxem5y","options":{"isLong":false,"labels":{"button":"Enviar","placeholder":"Digite seu CPF"},"variableId":"vmjxp9ishq1fxwnpsdyav9sxy"},"outgoingEdgeId":"atqz5hackrsrb7miutxzhfmt"}],"graphCoordinates":{"x":209.12,"y":176.57}},{"id":"fysw9loiaczpn3a9kqe6hzk9","title":"Email","blocks":[{"id":"pcx0bo7egsq3il16707mkuzc","type":"text","content":{"richText":[{"type":"p","children":[{"text":"Por favor, aguarde enquanto nosso sistema analisa as informações.."}]}]},"groupId":"fysw9loiaczpn3a9kqe6hzk9"},{"id":"ukj8ojkjxdkj6cy6nwn645b8","type":"image","content":{"url":"https://s3.fr-par.scw.cloud/typebot/public/typebots/ati63me6r0nopaom6xi2cv4p/blocks/ukj8ojkjxdkj6cy6nwn645b8?v=1690046719999"},"groupId":"fysw9loiaczpn3a9kqe6hzk9"},{"id":"u036et6v5e7h707r70x3us0q","type":"Wait","groupId":"fysw9loiaczpn3a9kqe6hzk9","options":{"secondsToWaitFor":"7"}},{"id":"puooxj8nfzzonpmadxchnvlp","type":"text","content":{"richText":[{"type":"p","children":[{"text":"Indentificamos "},{"bold":true,"text":"pendências"},{"text":" no sistema relacionadas a valores que variam entre "},{"bold":true,"text":"R$898,74 a R$9.742,94 "},{"text":"no CPF {{Name}}. De acordo com nossos registros, a situação está atualmente"},{"bold":true,"text":" Negativada"}]}]},"groupId":"fysw9loiaczpn3a9kqe6hzk9"},{"id":"epuue83qawyvqprazheb0cj4","type":"text","content":{"richText":[{"type":"p","children":[{"text":"\nBoas notícias, "},{"bold":true,"text":"SOMENTE HOJE"},{"text":" você recebeu um "},{"bold":true,"text":"SUPER DESCONTO de 99%"},{"text":"  para quitar sua dívida"}]}]},"groupId":"fysw9loiaczpn3a9kqe6hzk9"},{"id":"g5hivv4q2ki6hcmc32jbldhj","type":"text","content":{"richText":[{"type":"p","children":[{"text":"Você gostaria de "},{"bold":true,"text":"quitar sua dívida por apenas R$ 47,76 à vista "},{"text":"ou "},{"bold":true,"text":"R$ R$5,50 no cartão "},{"text":"e ter seu "},{"bold":true,"text":"nome limpo novamente"},{"text":"?\n"}]}]},"groupId":"fysw9loiaczpn3a9kqe6hzk9"},{"id":"ixq3cl25vy3faop4s2ybwpv7","type":"choice input","items":[{"id":"z9dw4qud24jkhxcmi30sm1nh","type":0,"blockId":"ixq3cl25vy3faop4s2ybwpv7","content":"Sim, quero quitar minha dívida "}],"groupId":"fysw9loiaczpn3a9kqe6hzk9","options":{"buttonLabel":"Send","isSearchable":false,"isMultipleChoice":false,"searchInputPlaceholder":"Filter the options..."}},{"id":"pddezfg9kycldyam9j3gccnu","type":"text","content":{"richText":[{"type":"p","children":[{"text":"\nLembrando que"},{"bold":true,"text":" o não pagamento"},{"text":" do acordo "},{"bold":true,"text":"pode ocasionar restrições ainda maiores"},{"text":" em seu CPF"}]}]},"groupId":"fysw9loiaczpn3a9kqe6hzk9"},{"id":"q006qvwjckwej6js2tbpt8yx","type":"text","content":{"richText":[{"type":"p","children":[{"text":"Após o pagamento, o Serasa pede até 2 horas para quitar suas dívidas com os credores e você terá seu CPF regularizado novamente\n"}]}]},"groupId":"fysw9loiaczpn3a9kqe6hzk9"},{"id":"hnruzyfkg3c69nxzf1p4pi25","type":"choice input","items":[{"id":"oawm305npyzc9znw0tnq3tv4","type":0,"blockId":"hnruzyfkg3c69nxzf1p4pi25","content":"QUERO LIMPAR MEU NOME"}],"groupId":"fysw9loiaczpn3a9kqe6hzk9","options":{"buttonLabel":"Send","isSearchable":false,"isMultipleChoice":false,"searchInputPlaceholder":"Filter the options..."}},{"id":"seeld439muix2o90olrpx75j","type":"image","content":{"url":"https://s3.fr-par.scw.cloud/typebot/public/typebots/ati63me6r0nopaom6xi2cv4p/blocks/seeld439muix2o90olrpx75j?v=1690070778117","clickLink":{"url":"https://pepper.com.br/checkout/index.html?p=57323&o=61583"}},"groupId":"fysw9loiaczpn3a9kqe6hzk9"}],"graphCoordinates":{"x":587.24,"y":273.48}}],"variables":[{"id":"vmjxp9ishq1fxwnpsdyav9sxy","name":"Name"}],"edges":[{"id":"h85q2v8mg8mao0fr1srne4zb","to":{"groupId":"el5qp4ipxsu6fht7txlxem5y"},"from":{"blockId":"fp82tc3nolkjpw38j60xxemb","groupId":"hstjmewy5tw5w44ucdnfem9v"}},{"id":"atqz5hackrsrb7miutxzhfmt","to":{"groupId":"fysw9loiaczpn3a9kqe6hzk9"},"from":{"blockId":"uocaxxtg26btl2zytwy09jh9","groupId":"el5qp4ipxsu6fht7txlxem5y"}}],"theme":{"chat":{"inputs":{"color":"#303235","backgroundColor":"#FFFFFF","placeholderColor":"#9095A0"},"buttons":{"color":"#FFFFFF","backgroundColor":"#F0379F"},"hostAvatar":{"url":"https://s3.fr-par.scw.cloud/typebot/public/typebots/ati63me6r0nopaom6xi2cv4p/hostAvatar?v=1690051382630","isEnabled":true},"hostBubbles":{"color":"#303235","backgroundColor":"#F7F8FF"},"guestBubbles":{"color":"#FFFFFF","backgroundColor":"#F0379F"}},"general":{"font":"Open Sans","background":{"type":"Color","content":"#ffffff"}}},"settings":{"general":{"isBrandingEnabled":true,"isInputPrefillEnabled":true,"isHideQueryParamsEnabled":true,"isNewResultOnRefreshEnabled":true},"metadata":{"title":"Feirão Limpa Nome Serasa","imageUrl":"https://s3.fr-par.scw.cloud/typebot/public/typebots/ati63me6r0nopaom6xi2cv4p/ogImage?v=1690071035067","favIconUrl":"https://s3.fr-par.scw.cloud/typebot/public/typebots/ati63me6r0nopaom6xi2cv4p/favIcon?v=1690070550027","description":"O Feirão \"Limpa Nome Serasa\" é uma iniciativa realizada em parceria com diversas empresas e instituições financeiras renomadas, que estão comprometidas em oferecer condições especiais para ajudar você a limpar seu nome e recuperar sua tranquilidade financeira."},"typingEmulation":{"speed":300,"enabled":true,"maxDelay":1.5}}}