{"id":"clk1rkotl000ns94qk8xv96oj","version":"3","groups":[{"id":"i539n57mfr9xaeulujw0jb4m","title":"Start","blocks":[{"id":"frezmwrqcok3ro4l3zudx0od","type":"start","label":"Start","groupId":"i539n57mfr9xaeulujw0jb4m","outgoingEdgeId":"hz7kdzezmvzi6v2ypu9989av"}],"graphCoordinates":{"x":-3912.36,"y":-226.31}},{"id":"kxjgx0q51qxhr3dz5az5s5pe","title":"","blocks":[{"id":"y0jktmqopkaop9zq6i4ly8c3","type":"image","content":{"url":"https://typebot-onlinenovas-u5686.vm.elestio.app:39533/typebot/public/typebots/znzpcaaszkg7jhsy03fnytwo/blocks/y0jktmqopkaop9zq6i4ly8c3?v=1689289980645"},"groupId":"kxjgx0q51qxhr3dz5az5s5pe"},{"id":"qtc1mmxvmqelotfvga3sfi38","type":"audio","content":{"url":"https://typebot-onlinenovas-u5686.vm.elestio.app:39533/typebot/public/typebots/znzpcaaszkg7jhsy03fnytwo/blocks/qtc1mmxvmqelotfvga3sfi38?v=1689290069595"},"groupId":"kxjgx0q51qxhr3dz5az5s5pe"},{"id":"gz4kfzlvccme6mtpay7tsz2y","type":"text","content":{"richText":[{"type":"p","children":[{"text":"O Feirão Limpa Nome foi extendido para te ajudar a se livrar de uma vez por todas das suas dívidas."}]}]},"groupId":"kxjgx0q51qxhr3dz5az5s5pe"},{"id":"zp52eolzf8wbnsb9dwblt51l","type":"text","content":{"richText":[{"type":"p","children":[{"text":"Aqui na Serasa o atendimento é online, simples e rápido."}]}]},"groupId":"kxjgx0q51qxhr3dz5az5s5pe"},{"id":"nm21zg2w5mgoinms86m0fqcd","type":"text","content":{"richText":[{"type":"p","children":[{"text":"Negocie dívidas com as seguintes empresas:"}]}]},"groupId":"kxjgx0q51qxhr3dz5az5s5pe"},{"id":"uou5kwycmsl9pcd4qr9ldju4","type":"image","content":{"url":"https://onlinenovas.com/wp-content/uploads/2023/07/2.png"},"groupId":"kxjgx0q51qxhr3dz5az5s5pe"},{"id":"mfry5qgei69wmlzpiys2kw2t","type":"text","content":{"richText":[{"type":"p","children":[{"text":"Para continuar, por favor informe seu CPF"}]}]},"groupId":"kxjgx0q51qxhr3dz5az5s5pe"},{"id":"v86irim1p914uavr7tlbghfd","type":"text input","groupId":"kxjgx0q51qxhr3dz5az5s5pe","options":{"isLong":false,"labels":{"button":"Enviar","placeholder":"Digite aqui..."},"variableId":"vtypwyek857wsp4rnbwqs40ke"},"outgoingEdgeId":"lxh1reiobywmobq0vyfg5r68"}],"graphCoordinates":{"x":-3535.11,"y":-215.02}},{"id":"mpp51q5iehv4u1ishuwliy3i","title":"","blocks":[{"id":"zmxpm36ylt6ema5ker5e4fam","type":"text","content":{"richText":[{"type":"p","children":[{"text":"Por favor aguarde enquanto nosso sistema analisa as informações"}]}]},"groupId":"mpp51q5iehv4u1ishuwliy3i"},{"id":"tinguk6afhgr0uo3l2zfoh78","type":"image","content":{"url":"https://onlinenovas.com/wp-content/uploads/2023/07/3.jpg"},"groupId":"mpp51q5iehv4u1ishuwliy3i"},{"id":"u0dh478non0fvzof5l9q3ydp","type":"text","content":{"richText":[{"type":"p","children":[{"text":"Nosso sistema identificou uma "},{"bold":true,"text":"pendência"},{"text":" no valor total de "},{"bold":true,"text":"R$2.742,94 "},{"text":"no CPF {{CPF}}, e a situação consta como "},{"bold":true,"text":"Negativado"}]}]},"groupId":"mpp51q5iehv4u1ishuwliy3i"},{"id":"q547ol7fx6ty9fzs424w0yod","type":"text","content":{"richText":[{"type":"p","children":[{"text":"Boas notícias, "},{"bold":true,"text":"SOMENTE HOJE"},{"text":" você recebeu um"},{"bold":true,"text":" DESCONTO de 96%"},{"text":"  para quitar sua dívida"}]}]},"groupId":"mpp51q5iehv4u1ishuwliy3i"},{"id":"naq5qwenmhlkveg1ie0cdt71","type":"text","content":{"richText":[{"type":"p","children":[{"text":"Você gostaria de "},{"bold":true,"text":"quitar sua dívida por apenas R$109,83"},{"text":", ter seu "},{"bold":true,"text":"nome limpo"},{"text":" e "},{"bold":true,"text":"aumentar seu score"},{"text":"?\n"}]}]},"groupId":"mpp51q5iehv4u1ishuwliy3i"},{"id":"fzrrd5zc4txmvzpy8ujqyf4i","type":"choice input","items":[{"id":"sz9zh36bjd4r5byohp1qhvk2","type":0,"blockId":"fzrrd5zc4txmvzpy8ujqyf4i","content":"QUERO QUITAR MINHA DÍVIDA E AUMENTAR MEU SCORE"}],"groupId":"mpp51q5iehv4u1ishuwliy3i","options":{"buttonLabel":"Send","isSearchable":false,"isMultipleChoice":false,"searchInputPlaceholder":"Filter the options..."}},{"id":"aztjn6j5ilb0zbcyi6tnse2e","type":"text","content":{"richText":[{"type":"p","children":[{"text":"Lembrando que o não pagamento do acordo pode ocasionar mais restrições em seu CPF com juros por ter aceito um acordo e reincidir à inadimplência"}]}]},"groupId":"mpp51q5iehv4u1ishuwliy3i"},{"id":"pf07c1mxsnb1hc5pvis5zskh","type":"text","content":{"richText":[{"type":"p","children":[{"text":"Após o pagamento, o Serasa pede até 7 dias para quitar suas dívidas com os credores e você terá seu CPF regularizado novamente\n"}]}]},"groupId":"mpp51q5iehv4u1ishuwliy3i"},{"id":"vhs1u0kn9xf9sachi4125q65","type":"choice input","items":[{"id":"hnzd81euh664sevucapipsr5","type":0,"blockId":"vhs1u0kn9xf9sachi4125q65","content":"QUERO LIMPAR MEU NOME"}],"groupId":"mpp51q5iehv4u1ishuwliy3i","options":{"buttonLabel":"Send","isSearchable":false,"isMultipleChoice":false,"searchInputPlaceholder":"Filter the options..."}},{"id":"e9f41i0btzpojhx2cjhmn8zb","type":"text","content":{"richText":[{"type":"p","children":[{"text":"Você será redirecionado para a página de pagamento..."}]}]},"groupId":"mpp51q5iehv4u1ishuwliy3i"},{"id":"lcow1w1xis5aukfz0nel83jg","type":"Wait","groupId":"mpp51q5iehv4u1ishuwliy3i","options":{"secondsToWaitFor":"5"}},{"id":"lz5z7o5tpqh76y6jmezxgoh0","type":"Redirect","groupId":"mpp51q5iehv4u1ishuwliy3i","options":{"url":"https://checkout.onlinenovas.com/pay/proposta-feirao-v2","isNewTab":false}}],"graphCoordinates":{"x":-3148.61,"y":-216.23}}],"variables":[{"id":"vbpueqwoqtifmda7jyu4vksmn","name":"NOME DA MULHER"},{"id":"vfsgbnmi8wwh45n8k5dc6yxl5","name":"NOME DO PARCEIRO"},{"id":"vtypwyek857wsp4rnbwqs40ke","name":"CPF"}],"edges":[{"id":"hz7kdzezmvzi6v2ypu9989av","to":{"groupId":"kxjgx0q51qxhr3dz5az5s5pe"},"from":{"blockId":"frezmwrqcok3ro4l3zudx0od","groupId":"i539n57mfr9xaeulujw0jb4m"}},{"id":"lxh1reiobywmobq0vyfg5r68","to":{"blockId":"zmxpm36ylt6ema5ker5e4fam","groupId":"mpp51q5iehv4u1ishuwliy3i"},"from":{"blockId":"v86irim1p914uavr7tlbghfd","groupId":"kxjgx0q51qxhr3dz5az5s5pe"}}],"theme":{"chat":{"inputs":{"color":"#303235","backgroundColor":"#FFFFFF","placeholderColor":"#9095A0"},"buttons":{"color":"#FFFFFF","backgroundColor":"#12ce31"},"hostAvatar":{"url":"https://typebot-onlinenovas-u5686.vm.elestio.app:39533/typebot/public/typebots/znzpcaaszkg7jhsy03fnytwo/hostAvatar?v=1689289662937","isEnabled":true},"hostBubbles":{"color":"#303235","backgroundColor":"#F7F8FF"},"guestBubbles":{"color":"#FFFFFF","backgroundColor":"#FF8E21"}},"general":{"font":"Open Sans","background":{"type":"Color"}}},"settings":{"general":{"rememberUser":{"isEnabled":false},"isBrandingEnabled":false,"isInputPrefillEnabled":false,"isHideQueryParamsEnabled":false},"metadata":{"title":"Feirão Limpa Nome","imageUrl":"https://typebot-onlinenovas-u5686.vm.elestio.app:39533/typebot/public/typebots/znzpcaaszkg7jhsy03fnytwo/ogImage?v=1689707535251","favIconUrl":"https://typebot-onlinenovas-u5686.vm.elestio.app:39533/typebot/public/typebots/znzpcaaszkg7jhsy03fnytwo/favIcon?v=1689707528019","description":"Fale com um dos atendentes do Feirão Limpa Nome e reolva pendências hoje mesmo.","customHeadCode":""},"typingEmulation":{"speed":300,"enabled":true,"maxDelay":1.5}}}