{"id":"clkfs7m0c0055if0fwr1ccueh","version":"3","groups":[{"id":"kmc91ki4sfbsohqvt38xicyw","title":"Start","blocks":[{"id":"lnkm6s3nimyazxul066qc90n","type":"start","label":"Start","groupId":"kmc91ki4sfbsohqvt38xicyw","outgoingEdgeId":"nxvhoqo75vzqxp5qryi5hex8"}],"graphCoordinates":{"x":-240,"y":-75.85}},{"id":"phjbqzfm6uetzhp0itb7zyde","title":"Group #1","blocks":[{"id":"ww6yuiolty5mns85e9ncst8y","type":"choice input","items":[{"id":"kq9zvq3bqnqtxjcjkztsusj8","type":0,"blockId":"ww6yuiolty5mns85e9ncst8y","content":"INICIAR SOFTWARE","outgoingEdgeId":"r2qk380h84kngtw7g4g0cppr","displayCondition":{"isEnabled":false}}],"groupId":"phjbqzfm6uetzhp0itb7zyde","options":{"buttonLabel":"Send","isSearchable":false,"isMultipleChoice":false,"searchInputPlaceholder":"Filter the options..."},"outgoingEdgeId":"dmgjim04bop7dx4ikcdu84be"}],"graphCoordinates":{"x":378.18,"y":-4.45}},{"id":"zzseqrtzrjowlvl12enzcz8o","title":"Group #2","blocks":[{"id":"wzq82ly4vm8zmjigk8hpvkno","type":"image","content":{"url":"https://s3.fr-par.scw.cloud/typebot/public/typebots/clkfpkooz002qia0foi287evv/blocks/wzq82ly4vm8zmjigk8hpvkno?v=1690133390115"},"groupId":"zzseqrtzrjowlvl12enzcz8o","outgoingEdgeId":"i7qxw3jqzbm2k7l1oj0pp4hk"}],"graphCoordinates":{"x":734.34,"y":14.75}},{"id":"dz1ljtuqr8582opt6vx7lyn2","title":"Group #2 copy copy","blocks":[{"id":"ul76jh5oop1qcof1bcq8b2mx","type":"image","content":{"url":"https://s3.fr-par.scw.cloud/typebot/public/typebots/clkfpkooz002qia0foi287evv/blocks/ul76jh5oop1qcof1bcq8b2mx?v=1690133868174"},"groupId":"dz1ljtuqr8582opt6vx7lyn2","outgoingEdgeId":"x6mtvcuikh5lz74yd5efz948"}],"graphCoordinates":{"x":3003.29,"y":152.81}},{"id":"xku88cmspfijv5mxwlzu5vfv","title":"Group #2 copy copy copy","blocks":[{"id":"oavk2y2fxq8xdu1wbjjrw8j1","type":"image","content":{"url":"https://s3.fr-par.scw.cloud/typebot/public/typebots/clkfpkooz002qia0foi287evv/blocks/oavk2y2fxq8xdu1wbjjrw8j1?v=1690133920366"},"groupId":"xku88cmspfijv5mxwlzu5vfv","outgoingEdgeId":"m61kb0t2t3uvdg2jkfgd43zy"}],"graphCoordinates":{"x":4079.72,"y":270.2}},{"id":"gbws3af11ebci9pjwq4099ew","title":"Group #3","blocks":[{"id":"ojhq7olqrhh1yxqmrcc0n1ug","type":"text","content":{"richText":[{"type":"p","children":[{"text":"Software: ","italic":true},{"text":"VEF2"}]}]},"groupId":"gbws3af11ebci9pjwq4099ew","outgoingEdgeId":"rd0shfise343ufk6b0vhwqf5"}],"graphCoordinates":{"x":1102.04,"y":32.51}},{"id":"oah0zxpebw3grfo1ymuzx85q","title":"Group #3 copy copy","blocks":[{"id":"a7r134cmnalbgicyplnsbway","type":"text","content":{"richText":[{"type":"p","children":[{"text":"Software: ","italic":true},{"text":"RT8V"}]}]},"groupId":"oah0zxpebw3grfo1ymuzx85q","outgoingEdgeId":"kq2me14euqvye6ya206c9grk"}],"graphCoordinates":{"x":3357.42,"y":21.26}},{"id":"q2zr3tl2xtjhn1dh6efm75ol","title":"Group #5","blocks":[{"id":"lazcep2phmmu56rrcd107rql","type":"text","content":{"richText":[{"type":"p","children":[{"text":"Mensagem Enviada! "}]},{"type":"p","children":[{"text":"Sua comissão: "},{"bold":true,"text":"R$ 7,70"}]}]},"groupId":"q2zr3tl2xtjhn1dh6efm75ol","outgoingEdgeId":"f7klqncfjg3g3vj6asz76kii"}],"graphCoordinates":{"x":1446.86,"y":15.41}},{"id":"g6j7y7v8kl7yumd91hlb8svl","title":"Group #14","blocks":[{"id":"lqz1ezsb6y559s0fs7sjg0un","type":"text","content":{"richText":[{"type":"p","children":[{"text":"Software","italic":true},{"text":": FWRX"}]}]},"groupId":"g6j7y7v8kl7yumd91hlb8svl","outgoingEdgeId":"zgt23rlp3fjknuksfnxcldqp"}],"graphCoordinates":{"x":4459.67,"y":3.67}},{"id":"lmgo68j7394j1qhj4gh3x9to","title":"Group #17 copy","blocks":[{"id":"dcjcho0df28bh0hgpr3yo46q","type":"Wait","groupId":"lmgo68j7394j1qhj4gh3x9to","options":{"secondsToWaitFor":"3"},"outgoingEdgeId":"tkbc7xl7afi03mt2aw19253i"}],"graphCoordinates":{"x":4035.3,"y":-280.28}},{"id":"ifk15tnu7fa0h8ir3vij12ye","title":"Group #17 copy","blocks":[{"id":"v2yzivppimcceteb1nvsb988","type":"Wait","groupId":"ifk15tnu7fa0h8ir3vij12ye","options":{"secondsToWaitFor":"3"},"outgoingEdgeId":"tgwafp93zls1fm0cv7qksw9q"}],"graphCoordinates":{"x":1810.24,"y":-191.79}},{"id":"c63sck3pqjw07o1fvphx23ms","title":"Group #21","blocks":[{"id":"r1eicndg7qt7avh1mirjoath","type":"text","content":{"richText":[{"type":"p","children":[{"text":"Bem vindo(a) ao "},{"bold":true,"text":"Software","italic":true},{"text":"!"}]},{"type":"p","children":[{"text":""}]},{"type":"p","children":[{"text":"Inicie o "},{"text":"Software","italic":true},{"text":" e ganhe dinheiro a cada Captcha que ele responde!"}]}]},"groupId":"c63sck3pqjw07o1fvphx23ms","outgoingEdgeId":"rlvaz63wih9y6w0xbx0zo7tj"}],"graphCoordinates":{"x":136.5,"y":-321.01}},{"id":"kf1y0hsfxodee2wt8uiz0lfe","title":"Group #22","blocks":[{"id":"lgdmhm53gpivl9j60nu7zgxq","type":"text","content":{"richText":[{"type":"p","children":[{"text":"Parabéns! "}]},{"type":"p","children":[{"text":"Você acaba de ganhar "},{"bold":true,"text":"R$ 30,49 "},{"text":"do "},{"text":"Software!","italic":true}]}]},"groupId":"kf1y0hsfxodee2wt8uiz0lfe","outgoingEdgeId":"luxdnt2ejifvymreens1rg2a"}],"graphCoordinates":{"x":4893.61,"y":427.39}},{"id":"sqbb3rl7dz7qmairuxiwz2sc","title":"Group #22","blocks":[{"id":"l6nmtl9segp9d5320wvh2q98","type":"text","content":{"richText":[{"type":"p","children":[{"bold":true,"text":"Para liberar o saldo assista o video com as instruções clicando no botão abaixo!"}]}]},"groupId":"sqbb3rl7dz7qmairuxiwz2sc","outgoingEdgeId":"dx2rupm73c4nudahqwwk3z63"}],"graphCoordinates":{"x":5435.12,"y":600.21}},{"id":"jusl92nwnkd601c5ub9t3g7p","title":"Group #23","blocks":[{"id":"xf6gnefzbh2gufukhcxgkqln","type":"image","content":{"url":"https://s3.fr-par.scw.cloud/typebot/public/typebots/clkfpkooz002qia0foi287evv/blocks/xf6gnefzbh2gufukhcxgkqln?v=1690137222550","clickLink":{"url":"https://medflux.site/presftwareluc?utm_source={{utm_source}}&utm_medium={{utm_medium}}&utm_campaign={{utm_campaign}}&utm_content={{utm_content}}"}},"groupId":"jusl92nwnkd601c5ub9t3g7p","outgoingEdgeId":"ytsdam9e2m0app29d46adstb"}],"graphCoordinates":{"x":5969.18,"y":868.46}},{"id":"fqped14g6pnp5pwsc3g4k8oe","title":"Group #24","blocks":[{"id":"lmp5udygbv37xv951zmnaojv","type":"Wait","groupId":"fqped14g6pnp5pwsc3g4k8oe","options":{"secondsToWaitFor":"2"},"outgoingEdgeId":"ejy95s555rbf67gh5ppv8wsv"}],"graphCoordinates":{"x":5242.98,"y":433.72}},{"id":"y3lvxg3hls3nzyu87344uzcu","title":"Group #24 copy","blocks":[{"id":"pw2is9vx8j9hwyw6aiu0elxr","type":"Wait","groupId":"y3lvxg3hls3nzyu87344uzcu","options":{"secondsToWaitFor":"2"},"outgoingEdgeId":"kn93yzfjp0218xvqt2709ixr"}],"graphCoordinates":{"x":5758.86,"y":693.29}},{"id":"r88iyfr5p63s3twwppii9vda","title":"Group #21","blocks":[{"id":"gvm08y06i4n0sxpwe2pejnn2","type":"text","content":{"richText":[{"type":"p","children":[{"text":"Mensagem Enviada!"}]},{"type":"p","children":[{"text":"Sua comissão: "},{"bold":true,"text":"R$ 11,57"}]}]},"groupId":"r88iyfr5p63s3twwppii9vda","outgoingEdgeId":"fhtqhxw57izxiglhhukuwd0f"}],"graphCoordinates":{"x":3671.77,"y":167.65}},{"id":"vgl4hqkwfjipezgk1446d6si","title":"Group #21","blocks":[{"id":"bbey1btc5f9k6ka5gc64vonv","type":"text","content":{"richText":[{"type":"p","children":[{"text":"Mensagem Enviada!"}]},{"type":"p","children":[{"text":"Sua comissão: "},{"bold":true,"text":"R$ 6,90"}]}]},"groupId":"vgl4hqkwfjipezgk1446d6si","outgoingEdgeId":"o4s1kfkv961c22dl9qm4bfxt"}],"graphCoordinates":{"x":4840.83,"y":-28.88}},{"id":"rgzvo273ndh3hiby214qbab8","title":"Group #21","blocks":[{"id":"fabx7geomr4e65eqdqoczq30","type":"text","content":{"richText":[{"type":"p","children":[{"text":"Software: ","italic":true}]},{"type":"p","children":[{"text":"Procurando por mais Captchas...","underline":true}]}]},"groupId":"rgzvo273ndh3hiby214qbab8","outgoingEdgeId":"h6rbr9up331sw60172wxsrh5"}],"graphCoordinates":{"x":1568.67,"y":-537.44}},{"id":"d0hu9d2awfnbnroltfpl3dot","title":"Group #21","blocks":[{"id":"g1y3zctkko0rirwft3jd4cdn","type":"text","content":{"richText":[{"type":"p","children":[{"text":"Software:","italic":true}]},{"type":"p","children":[{"text":"Procurando por mais Captchas...","underline":true}]}]},"groupId":"d0hu9d2awfnbnroltfpl3dot","outgoingEdgeId":"w2fyfu1vh027bigv883qe6pi"}],"graphCoordinates":{"x":3704.18,"y":-642.79}},{"id":"f0ugg5h76rqzelnqnnvsahz8","title":"Group #21","blocks":[{"id":"zbdct936rho2vskqptn6l4kb","type":"Pixel","groupId":"f0ugg5h76rqzelnqnnvsahz8","options":{"name":"FoiVSL","params":[],"pixelId":"1949891328709427","eventType":"Custom"}}],"graphCoordinates":{"x":6310.85,"y":1056.52}}],"variables":[{"id":"vbjyjyigyuw43e1x3hsmg5x0t","name":"utm_source"},{"id":"va9k1ysiommnpfl3m4vp1v84o","name":"utm_medium"},{"id":"vswpdd7fxgj6fiv80mnw8nfzx","name":"utm_campaign"},{"id":"vkpsyhhswpka8tbywjxxz4pww","name":"utm_content"}],"edges":[{"id":"dmgjim04bop7dx4ikcdu84be","to":{"blockId":"ww6yuiolty5mns85e9ncst8y","groupId":"phjbqzfm6uetzhp0itb7zyde"},"from":{"itemId":"pw59ifr74ofrdlcrwudsuy10","blockId":"ww6yuiolty5mns85e9ncst8y","groupId":"phjbqzfm6uetzhp0itb7zyde"}},{"id":"r2qk380h84kngtw7g4g0cppr","to":{"blockId":"wzq82ly4vm8zmjigk8hpvkno","groupId":"zzseqrtzrjowlvl12enzcz8o"},"from":{"itemId":"kq9zvq3bqnqtxjcjkztsusj8","blockId":"ww6yuiolty5mns85e9ncst8y","groupId":"phjbqzfm6uetzhp0itb7zyde"}},{"id":"rd0shfise343ufk6b0vhwqf5","to":{"blockId":"lazcep2phmmu56rrcd107rql","groupId":"q2zr3tl2xtjhn1dh6efm75ol"},"from":{"blockId":"ojhq7olqrhh1yxqmrcc0n1ug","groupId":"gbws3af11ebci9pjwq4099ew"}},{"id":"i7qxw3jqzbm2k7l1oj0pp4hk","to":{"blockId":"ojhq7olqrhh1yxqmrcc0n1ug","groupId":"gbws3af11ebci9pjwq4099ew"},"from":{"blockId":"wzq82ly4vm8zmjigk8hpvkno","groupId":"zzseqrtzrjowlvl12enzcz8o"}},{"id":"x6mtvcuikh5lz74yd5efz948","to":{"blockId":"a7r134cmnalbgicyplnsbway","groupId":"oah0zxpebw3grfo1ymuzx85q"},"from":{"blockId":"ul76jh5oop1qcof1bcq8b2mx","groupId":"dz1ljtuqr8582opt6vx7lyn2"}},{"id":"kq2me14euqvye6ya206c9grk","to":{"blockId":"gvm08y06i4n0sxpwe2pejnn2","groupId":"r88iyfr5p63s3twwppii9vda"},"from":{"blockId":"a7r134cmnalbgicyplnsbway","groupId":"oah0zxpebw3grfo1ymuzx85q"}},{"id":"m61kb0t2t3uvdg2jkfgd43zy","to":{"blockId":"lqz1ezsb6y559s0fs7sjg0un","groupId":"g6j7y7v8kl7yumd91hlb8svl"},"from":{"blockId":"oavk2y2fxq8xdu1wbjjrw8j1","groupId":"xku88cmspfijv5mxwlzu5vfv"}},{"id":"zgt23rlp3fjknuksfnxcldqp","to":{"blockId":"bbey1btc5f9k6ka5gc64vonv","groupId":"vgl4hqkwfjipezgk1446d6si"},"from":{"blockId":"lqz1ezsb6y559s0fs7sjg0un","groupId":"g6j7y7v8kl7yumd91hlb8svl"}},{"id":"f7klqncfjg3g3vj6asz76kii","to":{"blockId":"fabx7geomr4e65eqdqoczq30","groupId":"rgzvo273ndh3hiby214qbab8"},"from":{"blockId":"lazcep2phmmu56rrcd107rql","groupId":"q2zr3tl2xtjhn1dh6efm75ol"}},{"id":"fhtqhxw57izxiglhhukuwd0f","to":{"blockId":"g1y3zctkko0rirwft3jd4cdn","groupId":"d0hu9d2awfnbnroltfpl3dot"},"from":{"blockId":"gvm08y06i4n0sxpwe2pejnn2","groupId":"r88iyfr5p63s3twwppii9vda"}},{"id":"h6rbr9up331sw60172wxsrh5","to":{"blockId":"v2yzivppimcceteb1nvsb988","groupId":"ifk15tnu7fa0h8ir3vij12ye"},"from":{"blockId":"fabx7geomr4e65eqdqoczq30","groupId":"rgzvo273ndh3hiby214qbab8"}},{"id":"w2fyfu1vh027bigv883qe6pi","to":{"blockId":"dcjcho0df28bh0hgpr3yo46q","groupId":"lmgo68j7394j1qhj4gh3x9to"},"from":{"blockId":"g1y3zctkko0rirwft3jd4cdn","groupId":"d0hu9d2awfnbnroltfpl3dot"}},{"id":"tkbc7xl7afi03mt2aw19253i","to":{"blockId":"oavk2y2fxq8xdu1wbjjrw8j1","groupId":"xku88cmspfijv5mxwlzu5vfv"},"from":{"blockId":"dcjcho0df28bh0hgpr3yo46q","groupId":"lmgo68j7394j1qhj4gh3x9to"}},{"id":"nxvhoqo75vzqxp5qryi5hex8","to":{"blockId":"r1eicndg7qt7avh1mirjoath","groupId":"c63sck3pqjw07o1fvphx23ms"},"from":{"blockId":"lnkm6s3nimyazxul066qc90n","groupId":"kmc91ki4sfbsohqvt38xicyw"}},{"id":"rlvaz63wih9y6w0xbx0zo7tj","to":{"blockId":"ww6yuiolty5mns85e9ncst8y","groupId":"phjbqzfm6uetzhp0itb7zyde"},"from":{"blockId":"r1eicndg7qt7avh1mirjoath","groupId":"c63sck3pqjw07o1fvphx23ms"}},{"id":"o4s1kfkv961c22dl9qm4bfxt","to":{"blockId":"lgdmhm53gpivl9j60nu7zgxq","groupId":"kf1y0hsfxodee2wt8uiz0lfe"},"from":{"blockId":"bbey1btc5f9k6ka5gc64vonv","groupId":"vgl4hqkwfjipezgk1446d6si"}},{"id":"luxdnt2ejifvymreens1rg2a","to":{"blockId":"lmp5udygbv37xv951zmnaojv","groupId":"fqped14g6pnp5pwsc3g4k8oe"},"from":{"blockId":"lgdmhm53gpivl9j60nu7zgxq","groupId":"kf1y0hsfxodee2wt8uiz0lfe"}},{"id":"ejy95s555rbf67gh5ppv8wsv","to":{"blockId":"l6nmtl9segp9d5320wvh2q98","groupId":"sqbb3rl7dz7qmairuxiwz2sc"},"from":{"blockId":"lmp5udygbv37xv951zmnaojv","groupId":"fqped14g6pnp5pwsc3g4k8oe"}},{"id":"dx2rupm73c4nudahqwwk3z63","to":{"blockId":"pw2is9vx8j9hwyw6aiu0elxr","groupId":"y3lvxg3hls3nzyu87344uzcu"},"from":{"blockId":"l6nmtl9segp9d5320wvh2q98","groupId":"sqbb3rl7dz7qmairuxiwz2sc"}},{"id":"kn93yzfjp0218xvqt2709ixr","to":{"blockId":"xf6gnefzbh2gufukhcxgkqln","groupId":"jusl92nwnkd601c5ub9t3g7p"},"from":{"blockId":"pw2is9vx8j9hwyw6aiu0elxr","groupId":"y3lvxg3hls3nzyu87344uzcu"}},{"id":"tgwafp93zls1fm0cv7qksw9q","to":{"blockId":"ul76jh5oop1qcof1bcq8b2mx","groupId":"dz1ljtuqr8582opt6vx7lyn2"},"from":{"blockId":"v2yzivppimcceteb1nvsb988","groupId":"ifk15tnu7fa0h8ir3vij12ye"}},{"id":"ytsdam9e2m0app29d46adstb","to":{"blockId":"zbdct936rho2vskqptn6l4kb","groupId":"f0ugg5h76rqzelnqnnvsahz8"},"from":{"blockId":"xf6gnefzbh2gufukhcxgkqln","groupId":"jusl92nwnkd601c5ub9t3g7p"}}],"theme":{"chat":{"inputs":{"color":"#303235","backgroundColor":"#FFFFFF","placeholderColor":"#9095A0"},"buttons":{"color":"#000000","backgroundColor":"#00FF00"},"roundness":"large","hostAvatar":{"url":"https://s3.fr-par.scw.cloud/typebot/public/typebots/clkfpkooz002qia0foi287evv/hostAvatar?v=1690135201772","isEnabled":true},"hostBubbles":{"color":"#303235","backgroundColor":"#F7F8FF"},"guestBubbles":{"color":"#FFFFFF","backgroundColor":"#0042DA"}},"general":{"font":"Open Sans","background":{"type":"Color","content":"#ffffff"}}},"settings":{"general":{"rememberUser":{"isEnabled":false},"isBrandingEnabled":true,"isInputPrefillEnabled":true,"isHideQueryParamsEnabled":false},"metadata":{"description":"Build beautiful conversational forms and embed them directly in your applications without a line of code. Triple your response rate and collect answers that has more value compared to a traditional form."},"typingEmulation":{"speed":300,"enabled":true,"maxDelay":1.5}}}