{"version":"6","id":"clnmotqw4000omi0fjnu3v86u","name":"AUDIUM GOTAS - Afiliados ","events":[{"id":"w97mlkk71oc9dile1r6i0bzr","outgoingEdgeId":"vwfnliqm01fwr9d42955h91f","graphCoordinates":{"x":-2262.47,"y":167.21},"type":"start"}],"groups":[{"id":"z5s8rhjv9pz7eobcivfg6vk2","title":"Pronto - 01","graphCoordinates":{"x":-1911.51,"y":154.58},"blocks":[{"id":"eu5naudcfcd86aye6us9zny7","type":"text","content":{"richText":[{"type":"p","children":[{"text":"Olá tudo bem ?"}]}]}},{"id":"vn5dvt0kgxgdwin79wwe8u4l","type":"text","content":{"richText":[{"type":"p","children":[{"text":"Vamos iniciar seu atendimento !"}]}]}},{"id":"i7t8l6icl6zi1f8dekwd8vx6","type":"Wait","options":{"secondsToWaitFor":"2"}},{"id":"ls113ajgw8f6li0me2sci03m","type":"text","content":{"richText":[{"type":"p","children":[{"text":"Sou a Dra. Williana irei realizar sua "},{"bold":true,"text":"Avaliação"},{"text":" "},{"bold":true,"text":"Gratuita !"}]}]}},{"id":"zj50gcusvcd1ut6wl7frswvh","outgoingEdgeId":"vbcrixytjl658n272vman115","type":"Wait","options":{"secondsToWaitFor":"2"}}]},{"id":"iq2you4bs9e3zjtn56nssggk","title":"Pronto - 02","graphCoordinates":{"x":-1911.73,"y":638.85},"blocks":[{"id":"e7zeu5x34zvaoer3c9c9cgqz","type":"text","content":{"richText":[{"type":"p","children":[{"text":"Qual é o seu nome ? "}]}]}},{"id":"wxvd2hoamdrnpgrbytrlxt07","type":"text input","options":{"labels":{"placeholder":"Digite seu nome...","button":"Enviar"},"variableId":"vym1e1e7ax4rw6p7sjw3e6v6b","isLong":false}},{"id":"gn8v4fg22ri92mpypn5gzddr","type":"text","content":{"richText":[{"type":"p","children":[{"text":"Muito prazer {{Nome}}"}]}]}},{"id":"p5sxdwqpzpnlrsxjhgg5qow0","outgoingEdgeId":"lm814jhlz7a9ipfsraov5iko","type":"Wait","options":{"secondsToWaitFor":"1,2"}}]},{"id":"eygv9h0e89ngb4992im34ftd","title":"Pronto - 03","graphCoordinates":{"x":-1893.12,"y":1347.38},"blocks":[{"id":"h0pjlljudjqmkpfzmrjgo6lk","type":"text","content":{"richText":[{"type":"p","children":[{"text":"Qual o seu WhatsApp ?"}]}]}},{"id":"jkc2f3rytyp26p65fskhsfr5","type":"number input","options":{"variableId":"vzjkir7lzh0qvcef1xcve86xh","labels":{"placeholder":"11 9 9999-9999","button":"Enviar"}}},{"id":"it560z91lrm2trs01g632417","outgoingEdgeId":"c1tmbwcyh262evc2llvdqd0q","type":"Wait","options":{"secondsToWaitFor":"1,4"}}]},{"id":"dkofbk2g462io4gpuh4dmn21","title":"Pronto - 04","graphCoordinates":{"x":-1911.03,"y":1024.02},"blocks":[{"id":"cvvy8u75tfk51j4cbn2tyc1a","type":"text","content":{"richText":[{"type":"p","children":[{"text":"Qual sua idade ?"}]}]}},{"id":"s4b9otd6cp19d0cl3fkbkjfg","type":"number input","options":{"variableId":"vvhl56qcwom9p6nimxkj6jqia","labels":{"placeholder":"47","button":"Enviar"}}},{"id":"przcsln8stz2wvntr60qktxa","outgoingEdgeId":"cann7xin7maldjx7phi0db0j","type":"Wait","options":{"secondsToWaitFor":"1,3"}}]},{"id":"j8e03q54pwgdhzik8la4nds3","title":"Pronto - 05","graphCoordinates":{"x":-1510.81,"y":152.65},"blocks":[{"id":"rzn2l2gs2d07gl21habhhu75","type":"text","content":{"richText":[{"type":"p","children":[{"text":"{{Nome}} o que mais te incomoda ?"}]}]}},{"id":"rhrrrcou87a9qbrpq99v77fb","type":"choice input","items":[{"id":"wq2c774nar07gs72k1gpwg1o","outgoingEdgeId":"fidqtpgm7cuowik6e5hjpzz6","content":"Zumbido no ouvido"},{"id":"gqvh1r24oqtjh102wow4guna","outgoingEdgeId":"yfwfj58v8hzhfh5mrfdpfuir","content":"Dor nos ouvidos"}],"options":{"isMultipleChoice":false,"buttonLabel":"Send","isSearchable":false,"searchInputPlaceholder":"Filter the options..."}}]},{"id":"v7ejnl4ouieyo0dj6wjae5o8","title":"Group #3","graphCoordinates":{"x":-1076.81,"y":152.25},"blocks":[{"id":"xld8lkfbhs5wdnpe8j1zzw7n","type":"Wait","options":{"secondsToWaitFor":"0.8"}},{"id":"kiw3qn0l27tjoh0ulr68crz8","type":"audio","content":{"url":"https://audio.jukehost.co.uk/zZgeHxTq1BeGY5i1jlXkcOriIntyG57S"}},{"id":"jlu09ctgn1jkyctkuqvbjiyw","type":"Wait","options":{"secondsToWaitFor":"10"}},{"id":"kf2nujcaijdvtp3kyafymh8p","type":"audio","content":{"url":"https://audio.jukehost.co.uk/HWHAMdasnn6BMNRAZzDVvlIYfkWvsbMU"}},{"id":"nss84zxfhesxtoem08unfydw","type":"choice input","items":[{"id":"d1zoj9r0akuzw8hg6lplui6t","outgoingEdgeId":"g1ysod0wj9rb0e17c8kjbw7p","content":"Sim, quero me livrar deste problema"}],"options":{"isMultipleChoice":false,"buttonLabel":"Send","isSearchable":false,"searchInputPlaceholder":"Filter the options..."}}]},{"id":"n9gbns59stnlqffksl6ms3lc","title":"Audio 3 - ","graphCoordinates":{"x":-669.63,"y":-65.23},"blocks":[{"id":"dxnuzvgz6rj7rzgr1gokov6g","type":"Wait","options":{"secondsToWaitFor":"2"}},{"id":"c8n9t8ugwdqjtxhv5skagwp1","outgoingEdgeId":"qx0d44c95ma213wjlogr7ps6","type":"audio","content":{"url":"https://audio.jukehost.co.uk/zspYKtDw0OyodOgRmgG1JdwctRHghazH"}}]},{"id":"stv4btmfd1lr733na7j4ekkq","title":"Group #4","graphCoordinates":{"x":505.23,"y":258.19},"blocks":[{"id":"snsphjobp3m75li1cgjmkzh7","type":"Wait","options":{"secondsToWaitFor":"2"}},{"id":"wabxyqg50kpmwd2nbmiynnty","type":"embed","content":{"url":"https://scripts.converteai.net/02718fe3-6843-4753-9809-cb9b5b355942/players/6500d0055d4157000943920c/embed.html","height":500}},{"id":"wtvyv6eaxexselvkwzqjaend","type":"Wait","options":{"secondsToWaitFor":"9"}},{"id":"l7kanm5vgwsg4ggug89p0veb","type":"text","content":{"richText":[{"type":"p","children":[{"text":"Veja só o que a Letícia tem a dizer"}]}]}},{"id":"egfrpaaa8lal9wv5osc18vxv","type":"embed","content":{"url":"https://scripts.converteai.net/02718fe3-6843-4753-9809-cb9b5b355942/players/6500cff202d65b000a08eb31/embed.html","height":500}},{"id":"nj4k84nyzqmj8plgjs0f5pt7","type":"Wait","options":{"secondsToWaitFor":"13"}},{"id":"didyf9451wu4tdjnnx8qfhh8","type":"text","content":{"richText":[{"type":"p","children":[{"text":"Agora {{Nome}} vamos voltar ao atendimento"}]}]}},{"id":"mysitmh6vsl5t0hi3kcmly9u","type":"choice input","items":[{"id":"pc2kzze35f4xf5chuvc4jspx","outgoingEdgeId":"facz35egeoo0o6yg61bjz5qu","content":"Vamos !"}],"options":{"isMultipleChoice":false,"buttonLabel":"Send","isSearchable":false,"searchInputPlaceholder":"Filter the options..."}}]},{"id":"mlvp017vp2udqm1hya989280","title":"Audio","graphCoordinates":{"x":594.87,"y":1072.59},"blocks":[{"id":"uy0xnu0qkdfglcdrq7qwek4d","type":"Wait","options":{"secondsToWaitFor":"2.3"}},{"id":"n9fz301mqmqyb9pt8so4u04g","type":"audio","content":{"url":"https://audio.jukehost.co.uk/Mpah3s0Ls7fOlARmXrSUifarVg4anfon"}},{"id":"wtk2y407c9ildd5hn50eht7v","type":"Wait","options":{"secondsToWaitFor":"8"}},{"id":"rfi0lc0dasyutx2bvz2wnu51","type":"choice input","items":[{"id":"l4fb9ckcuy7nhgodzpqfljbo","outgoingEdgeId":"p4koc2tp1w26px38rbyk5jv3","content":"Sim podemos seguir !"}],"options":{"isMultipleChoice":false,"buttonLabel":"Send","isSearchable":false,"searchInputPlaceholder":"Filter the options..."}}]},{"id":"uq5pgujjrz2p27zojmr8dce3","title":"Group #8 copy","graphCoordinates":{"x":1642.3,"y":153.23},"blocks":[{"id":"jh4cy22z2pgxh2oxikitii2j","type":"Wait","options":{"secondsToWaitFor":"3"}},{"id":"onzkg5epeeffhth61hhr5bxk","type":"text","content":{"richText":[{"type":"p","children":[{"text":"Quantas vezes por dia voce ouve o chiado ou zumbido no ouvido?"}]}]}},{"id":"c1q0qx7njndawx7rjargt9gj","type":"Wait","options":{"secondsToWaitFor":"1,5"}},{"id":"b9gykl5up13hpxllput8fz4u","type":"choice input","items":[{"id":"sxjnik0f7jb03nooj4w6g1pl","outgoingEdgeId":"yttrhzcxuccl35ov603qit3h","content":"O dia inteiro"},{"id":"mbxua8a4uplfltct2k25uu11","outgoingEdgeId":"egv4prsfd5y8cjxxmyb4j6ep","content":"2 a 3 vezes por dia"},{"id":"pp5cicxph318v4au5uskurne","outgoingEdgeId":"f4yz1jmkidxed1wzkzreavdt","content":"Somente a noite"}],"options":{"isMultipleChoice":false,"buttonLabel":"Send","isSearchable":false,"searchInputPlaceholder":"Filter the options..."}}]},{"id":"z844dt7j043x4rjfa5edoimk","title":"Group #8 copy copy","graphCoordinates":{"x":2129.54,"y":196.21},"blocks":[{"id":"i1peosc205pu8az2p26vajzy","type":"Wait","options":{"secondsToWaitFor":"2"}},{"id":"cg8cnmhr1ldxl7gesznyia9m","type":"text","content":{"richText":[{"type":"p","children":[{"text":"Você tem hipertensão  ?"}]}]}},{"id":"rqw7jpvdsfvymisfhjx1wwg2","type":"Wait","options":{"secondsToWaitFor":"1,5"}},{"id":"n70c3fzuhesxg80f20jjidxy","type":"choice input","items":[{"id":"yk6cx6l9y2uq5mz5awthmt9c","outgoingEdgeId":"a3a1lan0wq6pump4v85rltpd","content":"Sim, eu tenho"},{"id":"ml2y3nvyvmuaj70tcyozxjfd","outgoingEdgeId":"e4fs5l1k837xpbyx17imw7ns","content":"Não tenho "}],"options":{"isMultipleChoice":false,"buttonLabel":"Send","isSearchable":false,"searchInputPlaceholder":"Filter the options..."}}]},{"id":"mbob2qa5wn3lmqsbnmyhj3i5","title":"Group #8 copy copy copy","graphCoordinates":{"x":2621.16,"y":1634.27},"blocks":[{"id":"fvm9w9ssg2gvi2olc5u1h8f1","type":"Wait","options":{"secondsToWaitFor":"2"}},{"id":"pqxk6f8q0g0anndlppu6bjxj","type":"text","content":{"richText":[{"type":"p","children":[{"text":"Obrigado pelas respostas!"}]}]}},{"id":"qu0fxw7wiis9nbqxu5y50opy","type":"text","content":{"richText":[{"type":"p","children":[{"text":"Por favor {{Nome}} você pode aguardar alguns segundos ?"}]}]}},{"id":"ubwvyizg0wscd9el0o5yspgb","type":"Wait","options":{"secondsToWaitFor":"1,5"}},{"id":"an6grkmz5zd61efh3esifii2","type":"choice input","items":[{"id":"w1pd5s452zrvdsuvrvgzcopz","outgoingEdgeId":"c9msdfee4cffw7x70eoylltc","content":"Sim eu aguardo"}],"options":{"isMultipleChoice":false,"buttonLabel":"Send","isSearchable":false,"searchInputPlaceholder":"Filter the options..."}}]},{"id":"mjjx3z4y3bohzixh5h52op60","title":"Group #8 copy copy copy copy","graphCoordinates":{"x":2164.18,"y":1185.32},"blocks":[{"id":"xsf7fmn7334cw5ovajslz7ua","type":"Wait","options":{"secondsToWaitFor":"2"}},{"id":"xyz85jbb6yykd2mg5po4jkxj","type":"text","content":{"richText":[{"type":"p","children":[{"text":"Você está com o colesterol alto ?"}]}]}},{"id":"ounelyabpxvya3sy2xmxqtbc","type":"Wait","options":{"secondsToWaitFor":"1,5"}},{"id":"tcnj4zw82wah2dylinq40mps","type":"choice input","items":[{"id":"y5ptfhn28yabm08sutb19i0s","outgoingEdgeId":"b2j6gvsse6vpgypza762lbu2","content":"Sim, eu estou"},{"id":"vgwu8w2r9lz1j36u4kg1tyns","outgoingEdgeId":"m26o572bltf15w46dl93emzw","content":"Não estou"}],"options":{"isMultipleChoice":false,"buttonLabel":"Send","isSearchable":false,"searchInputPlaceholder":"Filter the options..."}}]},{"id":"mzczpz9kbtw2m06t60f0xylt","title":"Group #8 copy copy copy copy","graphCoordinates":{"x":2148.38,"y":679.41},"blocks":[{"id":"z9hl8gobibjiq5azqyh80k78","type":"Wait","options":{"secondsToWaitFor":"3"}},{"id":"nkixh3u93v11w85d0psthv3y","type":"text","content":{"richText":[{"type":"p","children":[{"text":"Você tem diabetes ?"}]}]}},{"id":"fy79t83ypxc9qb8uhbv38ln1","type":"Wait","options":{"secondsToWaitFor":"1,5"}},{"id":"lwcgu1er80s9cfz3ihszl44d","type":"choice input","items":[{"id":"qhlqiqpydhhulwjkw3b5iwc9","outgoingEdgeId":"y4jka5lb4vzps0wpqyskcqmc","content":"Sim, eu tenho"},{"id":"z0p956zvrb53vpd5sp7ph59p","outgoingEdgeId":"icpg0a433qjdvn5k3j0bns8r","content":"Não tenho "}],"options":{"isMultipleChoice":false,"buttonLabel":"Send","isSearchable":false,"searchInputPlaceholder":"Filter the options..."}}]},{"id":"qf596w3x44ebtsj310myh0ge","title":"Group #8 copy copy copy","graphCoordinates":{"x":1682.44,"y":1394.23},"blocks":[{"id":"xx526tmdksq2elvjcbzwkjy8","type":"Wait","options":{"secondsToWaitFor":"3"}},{"id":"kcwjzml14mayd6suhbfye7iz","type":"text","content":{"richText":[{"type":"p","children":[{"text":"Isso é bem preocupante, {{Nome}}..."}]}]}},{"id":"uldwlycq21400ko4jdcx6xay","type":"text","content":{"richText":[{"type":"p","children":[{"text":"Você já passou por algum médico antes?"}]}]}},{"id":"g6z7ddc0wvcwf400qbzaci03","type":"Wait","options":{"secondsToWaitFor":"1,5"}},{"id":"t5rau7vtwjcpgxejermr7d0m","type":"choice input","items":[{"id":"cjzoaz3cue3df8wvwvddzkz5","outgoingEdgeId":"j71m6u2v9tqhi4lm3oux22lx","content":"Sim, eu ja fui "},{"id":"crcp8pq6i5juqa4hqetlc8n1","outgoingEdgeId":"d5yrtokqzu0d9xsyh5gpcjjv","content":"Não fui ao médico"}],"options":{"isMultipleChoice":false,"buttonLabel":"Send","isSearchable":false,"searchInputPlaceholder":"Filter the options..."}}]},{"id":"s71rofif2zqh9kaxjpaxk78y","title":"Group #8 copy copy copy","graphCoordinates":{"x":1659.1,"y":759.29},"blocks":[{"id":"kd6ogvct53jzr9jad1vg70kj","type":"Wait","options":{"secondsToWaitFor":"2"}},{"id":"f0u2exb86e780batvqom8d50","type":"text","content":{"richText":[{"type":"p","children":[{"text":"Ok..."}]}]}},{"id":"ktmcozly2hm332ldpgnmbkm1","type":"Wait","options":{"secondsToWaitFor":"3"}},{"id":"nfet14xpeaa2oub7v53ve4c2","type":"text","content":{"richText":[{"type":"p","children":[{"text":"Isso acontece todos os dias ou em alguns dias ?"}]}]}},{"id":"s59y2wgf4mptwwjf74spv84f","type":"Wait","options":{"secondsToWaitFor":"1,5"}},{"id":"vihg1wererukp3ublqkui9xl","type":"choice input","items":[{"id":"c6g3fmawjccipw10876rpivq","outgoingEdgeId":"r83k97zslteauex5isrt26in","content":"Todos os dias"},{"id":"xya8gval1rtsmws52vriqt5s","outgoingEdgeId":"ld9n62eergyqa5ube8bsvky0","content":"Alguns dias"}],"options":{"isMultipleChoice":false,"buttonLabel":"Send","isSearchable":false,"searchInputPlaceholder":"Filter the options..."}}]},{"id":"pvh8nlgjdb5irgk05rj1x8ts","title":"Pronto - 06","graphCoordinates":{"x":-1505.07,"y":600.17},"blocks":[{"id":"itdo1yz3mna6otir4w6oz0ku","type":"Wait","options":{"secondsToWaitFor":"1,2"}},{"id":"src4ice4f3o73y00ojovoxil","type":"text","content":{"richText":[{"type":"p","children":[{"text":"Quando fica mais intenso ?"}]}]}},{"id":"nvsveg58hz9pncttqv98cell","type":"choice input","items":[{"id":"givwcuugs6ecnkjs0iu2kgz8","outgoingEdgeId":"lc8ufed6pztnclh7dcspwhlf","content":"Antes de dormi"},{"id":"pi87p6xw5u6zrp805ojdpvq1","outgoingEdgeId":"eakcqugn70pqvd1871utlvk9","content":"De madrugada"},{"id":"ppy9aak4xeomp9kr4eunvig9","outgoingEdgeId":"ujut27vfkikn519n2313b3lq","content":"Logo de manhã"},{"id":"e6ncn3n9hzd9lgvyvugw725l","outgoingEdgeId":"yqsf8z214x72d2af5e4r840m","content":"Quando está silêncio"}],"options":{"isMultipleChoice":false,"buttonLabel":"Send","isSearchable":false,"searchInputPlaceholder":"Filter the options..."}}]},{"id":"x01xrrwi3vzdi1fw2ikaxg9e","title":"Pronto - 07","graphCoordinates":{"x":-643.45,"y":1510.64},"blocks":[{"id":"fdyi4awt0z93q1glzjfxcxsn","type":"text","content":{"richText":[{"type":"p","children":[{"text":"Qual seu sintoma ?"}]}]}},{"id":"udwubyahyot5in807yr5hxmj","type":"choice input","items":[{"id":"z11gbyt8qp3b2uacrh106cj6","outgoingEdgeId":"zuffp5iue0ztofevv95pey40","content":"Dor no ouvidos"},{"id":"iunab4s9dqn9rxgjpdyv3jgd","outgoingEdgeId":"z8yvofu9vckq6eaguz9l5wdy","content":"Chiado"},{"id":"hs9ak6k215x9ghc54umrlyh0","outgoingEdgeId":"lwa85txmjvxujatbwm41oana","content":"Barulho de cachoeira"},{"id":"nxnj8e6i82yo6t8apuwrbfu7","outgoingEdgeId":"tneacqzwvy0002e0jykfk5h7","content":"Cigarra "}],"options":{"isMultipleChoice":false,"buttonLabel":"Send","isSearchable":false,"searchInputPlaceholder":"Filter the options..."}}]},{"id":"d1s8mbuejugqaidd95989ezk","title":" Advertorial","graphCoordinates":{"x":-654.55,"y":328.14},"blocks":[{"id":"a9hnmjq9cbdx6goeqbe4sd3u","type":"Wait","options":{"secondsToWaitFor":"8"}},{"id":"r3mznpa6co8djn0546u1vfa8","outgoingEdgeId":"xz9murgznzmlmkwffd7ve8z7","type":"image","content":{"url":"https://i.postimg.cc/GtDhXCxX/Design-sem-nome.png"}}]},{"id":"ta0a24dc30gxb55685czyon7","title":"Audio","graphCoordinates":{"x":-280.04,"y":184.65},"blocks":[{"id":"d3ir2f2ejnxrmip38qu80btr","type":"Wait","options":{"secondsToWaitFor":"0,8"}},{"id":"e0oo44py3gfzfan3sukdnqwy","type":"audio","content":{"url":"https://audio.jukehost.co.uk/nKiwGhfadUA9vPKoUxxOwL5ZHudhWqr4"}},{"id":"k07ze8n56ufwl8k7e9nec0n9","type":"Wait","options":{"secondsToWaitFor":"7.6"}},{"id":"yf92fwj86jmrrcqpnjgayv4b","type":"choice input","items":[{"id":"pl7w2bwbkrvp0fzbybjbmnot","outgoingEdgeId":"we2dbcadqivadclhsf5apvpm","content":"1"},{"id":"mvlm8g2wilnk0mk4vew4c7y5","outgoingEdgeId":"xwux7rll86a29lqsrp02cmtx","content":"2"},{"id":"i0gzr7s8pkqm09v3se882a8l","outgoingEdgeId":"c8ya63xzonamk1d5j0bqn9t7","content":"3"},{"id":"g1pvd99hg0i95bgnuq06xvrc","outgoingEdgeId":"i9vmnuu3e95ebdtkx4y3pvlm","content":"4"},{"id":"mse7kizkh3sd2m2y17pswfvl","outgoingEdgeId":"sfbn3ve7dosc29nt9tqtltkz","content":"5"}],"options":{"isMultipleChoice":false,"buttonLabel":"Send","isSearchable":false,"searchInputPlaceholder":"Filter the options..."}}]},{"id":"fkkgvfbfq2i78tcudb1skytg","title":"Group #28","graphCoordinates":{"x":113.97,"y":168.83},"blocks":[{"id":"gm9uo98ow49077qm4j8l6hg9","type":"Wait","options":{"secondsToWaitFor":"2"}},{"id":"e4f8vzzgv19mqku3lec9e36n","type":"audio","content":{"url":"https://audio.jukehost.co.uk/YVXRE5KS8ToydmYRcYIrglE0rCOUj7bn"}},{"id":"tk8cdiuysv97itb0f1yw0xdj","type":"Wait","options":{"secondsToWaitFor":"9,6"}},{"id":"g673qc33tdjz4zteumrfooac","type":"choice input","items":[{"id":"u5res81htygpzcbrbjewe531","outgoingEdgeId":"x649thx3xlxcsdneihzz87yy","content":"Sim"}],"options":{"isMultipleChoice":false,"buttonLabel":"Send","isSearchable":false,"searchInputPlaceholder":"Filter the options..."}}]},{"id":"pmjfdnxh0yo8p1l90z7ril4n","title":"Video 1 - Depoimento falando que está melhor","graphCoordinates":{"x":135.16,"y":630.55},"blocks":[{"id":"wtcmni8691jsk9yojumztxxq","type":"Wait","options":{"secondsToWaitFor":"3"}},{"id":"ldwi6o367etg0e5y7vcjjipl","type":"embed","content":{"url":"https://scripts.converteai.net/02718fe3-6843-4753-9809-cb9b5b355942/players/650270a5e1c7560009bdaaaf/embed.html","height":500}},{"id":"i22ds1fodhuwcpbyhd29nfvk","type":"Wait","options":{"secondsToWaitFor":"15"}},{"id":"jd1zhgm1vt7wilgzsqkpa99z","type":"embed","content":{"url":"https://scripts.converteai.net/02718fe3-6843-4753-9809-cb9b5b355942/players/6500d00e02d65b000a08eb43/embed.html","height":500}},{"id":"m73v1xm3jbeaotzn3zvfl03b","outgoingEdgeId":"v84s5qk90ujm0wo6ctdd62n9","type":"Wait","options":{"secondsToWaitFor":"6"}}]},{"id":"su8qn9lnn76vapfur1e80e6g","title":"Video 2 - ","graphCoordinates":{"x":169.28,"y":1142.47},"blocks":[{"id":"kb7i5pf84sq8b8vuyza9n9tn","type":"text","content":{"richText":[{"type":"p","children":[{"text":"Podemos continuar ou deseja assistir mais depoimentos de pessoas que já estão se sentindo melhor ?"}]}]}},{"id":"gpwdcw3ua5p6fz7lasqz2dvk","type":"Wait","options":{"secondsToWaitFor":"0,8"}},{"id":"c8gtzh1l7vfsyb6puiq0o5nn","type":"choice input","items":[{"id":"mfh4ox9zvywhoas33pp82zc0","outgoingEdgeId":"v0jjgbc91zvcjqalwngpaz72","content":"Podemos continuar"},{"id":"a80srtrlxu2i91mk9eas12qm","outgoingEdgeId":"a0na9s1bs5osqy52fbmvbpyj","content":"Quero assistir mais"}],"options":{"isMultipleChoice":false,"buttonLabel":"Send","isSearchable":false,"searchInputPlaceholder":"Filter the options..."}}]},{"id":"dtte4mxu6uc7dqg5jdv8058h","title":"Group #38","graphCoordinates":{"x":2967.26,"y":190.06},"blocks":[{"id":"l9sr86ztw2nmvzuth3qbg7og","type":"Wait","options":{"secondsToWaitFor":"3"}},{"id":"lpdq7spd1dw46dfphvrzfnz4","type":"text","content":{"richText":[{"type":"p","children":[{"text":"Só um momento {{Nome}} estou analisando suas respostas"}]}]}},{"id":"jj3hho8weg583yiy0wpe64qs","type":"Wait","options":{"secondsToWaitFor":"4"}},{"id":"sv19ow5scta9u141td1ffpie","type":"text","content":{"richText":[{"type":"p","children":[{"text":"Está quase pronto..."}]}]}},{"id":"c9na5o5h7hndkthw103eysy3","type":"Wait","options":{"secondsToWaitFor":"6"}},{"id":"t7296um73e440pg2m02m3kmh","type":"text","content":{"richText":[{"type":"p","children":[{"text":"Pronto {{Nome}} acabei de analisar no sistema"}]}]}},{"id":"cpsg7ttcunkmn0w408gchgha","type":"Wait","options":{"secondsToWaitFor":"2"}},{"id":"j6lw0qjtx595sobv2q8uayzq","type":"text","content":{"richText":[{"type":"p","children":[{"text":"Temos a solução perfeita para você"}]}]}},{"id":"dzkiyffeddtqrsxs1uyd51eh","type":"Wait","options":{"secondsToWaitFor":"3"}},{"id":"du647sl2is6i2njk7ix2jley","type":"text","content":{"richText":[{"type":"p","children":[{"text":"Com base nas suas respostas {{Nome}} encontrei a solução que você tanto deseja para se livrar desse sofrimento"}]}]}},{"id":"ob6r0hu9amf0irl5n1kvmm4x","type":"Wait","options":{"secondsToWaitFor":"2,8"}},{"id":"d7b5gep50qu7yufuy32s1cgz","type":"audio","content":{"url":"https://audio.jukehost.co.uk/9CJGKvYBz5TRR1ICvfkSWL4L2Pp26K4j"}},{"id":"feianuuvoxij7u5kkrzr7zhn","type":"Wait","options":{"secondsToWaitFor":"9,6"}},{"id":"yrlde4dtl250dqnht7t9m956","type":"text","content":{"richText":[{"type":"p","children":[{"text":"Gostaria de saber qual é a solução {{Nome}} ?"}]}]}},{"id":"lp9qih290rxnrcr8j069i9w0","type":"Wait","options":{"secondsToWaitFor":"1,5"}},{"id":"p8ex86eplk3aqwwpraekxbpt","type":"choice input","items":[{"id":"r05csz2naw2qayf0m3j885x7","outgoingEdgeId":"mixtgni6183s0exxnq2xkyhj","content":"Quero a solução agora !"}],"options":{"isMultipleChoice":false,"buttonLabel":"Send","isSearchable":false,"searchInputPlaceholder":"Filter the options..."}}]},{"id":"o51wqgfbkzv0y1rvev4t3wht","title":"Group #42","graphCoordinates":{"x":2213.8,"y":1751.5},"blocks":[{"id":"vf2ebzuk1n3s8p8g8fgp8wyt","type":"Wait","options":{"secondsToWaitFor":"3"}},{"id":"vru61di4l0mh957apiib3ps3","type":"text","content":{"richText":[{"type":"p","children":[{"text":"Você gostaria de se sentir livre do zumbido ?"}]}]}},{"id":"bpg1fft1b8apa1rc59ysctol","type":"choice input","items":[{"id":"suhxh9l5ndha7z6y3t9nuh88","outgoingEdgeId":"caonbcvivkybu9qr4k14fcjn","content":"Sim gostaria "}],"options":{"isMultipleChoice":false,"buttonLabel":"Send","isSearchable":false,"searchInputPlaceholder":"Filter the options..."}}]},{"id":"katnjewi5httvzh03re5c7bf","title":"Group #44","graphCoordinates":{"x":2520.11,"y":152.54},"blocks":[{"id":"r0kdba0fb3k7ur9r9wa6tlyx","type":"Wait","options":{"secondsToWaitFor":"3"}},{"id":"nts7ybqas9u9xu6e58zmy8s2","type":"text","content":{"richText":[{"type":"p","children":[{"text":"{{Nome}} você está dormindo como gostaria ou o zumbido está atrapalhando seu sono ?"}]}]}},{"id":"w7p3kmt1sb06ritlggba58yw","type":"Wait","options":{"secondsToWaitFor":"1,5"}},{"id":"n2oqaofhbrgeg7m22wdvkcrg","type":"choice input","items":[{"id":"ah1r1dhfnz3bduyhuiszbl5n","outgoingEdgeId":"chfryer7q6w099og3e5xmbsz","content":"Estou dormindo bem "},{"id":"ka2j3st4c6w1zlszsjl3zoz7","outgoingEdgeId":"d1wfcqlw34y58o8naeby92nd","content":"O zumbido atrapalha meu sono !"}],"options":{"isMultipleChoice":false,"buttonLabel":"Send","isSearchable":false,"searchInputPlaceholder":"Filter the options..."}}]},{"id":"grpnog1073owmvysrtdwck3e","title":"Group #44 copy","graphCoordinates":{"x":2541.9,"y":744.05},"blocks":[{"id":"fns8uq4ygdfyrv48e1ff3a0b","type":"Wait","options":{"secondsToWaitFor":"2"}},{"id":"ey05quyoy7mkrfd5iwveymfc","type":"text","content":{"richText":[{"type":"p","children":[{"text":"Me diga {{Nome}} sua ansiedade está te atrapalhando ?"}]}]}},{"id":"iojnkgy1hhp9srfym2nag269","type":"Wait","options":{"secondsToWaitFor":"1,5"}},{"id":"d1j6nl6wrd7qeeeegmv2a1fd","type":"choice input","items":[{"id":"kdwhnw2zydbzynodxoyy1qvj","outgoingEdgeId":"hfyc53l872nzi40sjk9ubtb3","content":"Um pouco"},{"id":"c3qbv075834bivvlzyqe0fhw","outgoingEdgeId":"no95iyp9cco50gwkyd08iv0n","content":"Atrapalha muito"},{"id":"zel5nhs6eo7c80ugttz48m64","outgoingEdgeId":"z8ij7rdtvxf92sv6glm8nx47","content":"Não tenho ansiedade"}],"options":{"isMultipleChoice":false,"buttonLabel":"Send","isSearchable":false,"searchInputPlaceholder":"Filter the options..."}}]},{"id":"mjw8gmx7hefbozmmrq4merx5","title":"Group #45","graphCoordinates":{"x":3429.38,"y":-6.12},"blocks":[{"id":"ye7whd5gkd16nddj91x5a1rv","type":"text","content":{"richText":[{"type":"p","children":[{"text":"Gostaria de apresentar para você {{Nome}} Audium gotas"}]}]}},{"id":"xuwnom1hc77e7yoc16llsu5j","type":"Wait","options":{"secondsToWaitFor":"1,5"}},{"id":"ecj4xwvto99b4r47x90po659","type":"image","content":{"url":"https://i.postimg.cc/2jWzbS8h/Co-pia-de-Instagram-Story-Dia-das-Ma-es-Colorido-Rosa-e-Vermelho.png"}},{"id":"pkx9pzz4yq8ejqp9uue2tlwj","type":"Wait","options":{"secondsToWaitFor":"1,5"}},{"id":"gg2luy7cgoimckhl7uo4j1te","type":"text","content":{"richText":[{"type":"p","children":[{"text":"É um produto natural que trazendo de voltar a paz e sono tranquilo "}]}]}},{"id":"j4v4x0dsar4767o8eyl8foo8","type":"Wait","options":{"secondsToWaitFor":"2"}},{"id":"fcoo685duwj99f5u98yqo3mu","type":"audio","content":{"url":"https://audio.jukehost.co.uk/qtQCsdcITFBprluofTd9ab07oUZ8TbDu"}},{"id":"eys0bvtj1vlnavvolzjftwxp","type":"Wait","options":{"secondsToWaitFor":"12,8"}},{"id":"iuuilirhkkd2wg2bpxexyi8o","type":"audio","content":{"url":"https://audio.jukehost.co.uk/7lXlteXRSsfgRZ38WRtncDqZtA8o0He7"}},{"id":"uj64xt97fxcctm6vkk6yogu3","type":"Wait","options":{"secondsToWaitFor":"9,6"}},{"id":"ec0o5mzhgq7yjs845ebwd0gl","type":"audio","content":{"url":"https://audio.jukehost.co.uk/bv1o8C2Rg81LGpKOSBUzBFzFnIIznsbw"}},{"id":"id1av1x10ls9ihbr7ppwvtq5","type":"Wait","options":{"secondsToWaitFor":"9,6"}},{"id":"g8416tbdkgh5j8om5sb0z376","type":"text","content":{"richText":[{"type":"p","children":[{"text":"Centenas de clientes satisfeitos já experimentaram o alívio que oferecemos. "}]}]}},{"id":"hymz8si2arevp9xmmv49g3cz","type":"Wait","options":{"secondsToWaitFor":"2"}},{"id":"y24774d0vwavpukhydihd140","type":"audio","content":{"url":"https://audio.jukehost.co.uk/8VeL6g88CPmLh6EewlIbIzM6VsAioV0I"}},{"id":"j2dc42q1z6hgo9usnpmbo086","type":"Wait","options":{"secondsToWaitFor":"9,6"}},{"id":"mq8dr1h1qi9r0dri7fng7kha","type":"text","content":{"richText":[{"type":"p","children":[{"text":"Me diga {{Nome}} você gostaria de compra agora mesmo ?"}]}]}},{"id":"f578tj6vh1setnmv7eycz33w","type":"Wait","options":{"secondsToWaitFor":"1,5"}},{"id":"bnw8swnh75uebwgb5tmk2sv8","type":"choice input","items":[{"id":"xg7402rvv3gpppn2v6k1bnfs","outgoingEdgeId":"tua24zhphj8dvj76a09i8fve","content":"Quero compra agora !"},{"id":"mxzd8t2cvglat87r6105wscl","outgoingEdgeId":"eggq8cqwk99eqq48j25xjwla","content":"Ainda tenho dúvidas"}],"options":{"isMultipleChoice":false,"buttonLabel":"Send","isSearchable":false,"searchInputPlaceholder":"Filter the options..."}}]},{"id":"zhzd7hcvfrv8vg2hx8895uhz","title":"Group #43","graphCoordinates":{"x":3865.19,"y":521.94},"blocks":[{"id":"zgujnz5b8etng61vrxox6kni","type":"Wait","options":{"secondsToWaitFor":"1,5"}},{"id":"rox15jy1p4qi9hd73cl220ks","type":"text","content":{"richText":[{"type":"p","children":[{"text":"Então {{Nome}}..."}]}]}},{"id":"kcl7b73z8p6b8ih1cvrsi3ka","type":"Wait","options":{"secondsToWaitFor":"2"}},{"id":"lr1jw2rmgxbgmfglyc5pet56","type":"audio","content":{"url":"https://audio.jukehost.co.uk/p3XsNsOauYdHVv9h2VWzAjRviW4tRZyx"}},{"id":"s3siko38ogzmn6pusixue9ju","type":"Wait","options":{"secondsToWaitFor":"10,6"}},{"id":"u0shf7xvpjv9ctva4kkdcmm1","type":"audio","content":{"url":"https://audio.jukehost.co.uk/SOgpaJXr0wei3dUib2tnjDvPps8QSRrK"}},{"id":"oxcskfgi3mxqxvh3m3w5ul5n","type":"Wait","options":{"secondsToWaitFor":"9,6"}},{"id":"q678wzajo74d3m01ius2kysd","type":"text","content":{"richText":[{"type":"p","children":[{"text":"3 meses de tratamento apenas custa 297 Reais"}]}]}},{"id":"p4mlcmrxvexs11lx4oz6tayz","type":"Wait","options":{"secondsToWaitFor":"2"}},{"id":"scu46na5531r5amep0mcl0r9","type":"text","content":{"richText":[{"type":"p","children":[{"text":"{{Nome}} você realizar o pagamento via cartão de crédito, pix ou boleto"}]}]}},{"id":"oxx7jzlhwpo6kvnt5cxnktzr","type":"Wait","options":{"secondsToWaitFor":"1,5"}},{"id":"y2auig966yqu3swab28gy9ld","type":"choice input","items":[{"id":"ijed8lvk8oihkxv2utq8fprl","outgoingEdgeId":"jc4wna0g0wcfrckx3rjh66rt","content":"Gostaria de realizar o pagamento"},{"id":"uznr9v9wf8lg29b7rpnyj4cu","outgoingEdgeId":"f5ecdlyk9m80w8tva9zwwq6a","content":"Tenho dúvidas"}],"options":{"isMultipleChoice":false,"buttonLabel":"Send","isSearchable":false,"searchInputPlaceholder":"Filter the options..."}}]},{"id":"s6ndedihjnnzobxepyswl6rh","title":"Group #43","graphCoordinates":{"x":3845.97,"y":225.96},"blocks":[{"id":"r8q4np60tdejv6mfnzu5i6kk","type":"Wait","options":{"secondsToWaitFor":"2"}},{"id":"s4gdf4hjorwkuc3jht0ovhwz","outgoingEdgeId":"ol4p3peybttrgu5nuq4npme9","type":"text","content":{"richText":[{"type":"p","children":[{"text":"Mas antes que você realize a compra eu gostaria de falar sobre a garantia..."}]}]}}]},{"id":"cefa59p0cznlpwtvygbi6l13","title":"Link de checkout - Embed","graphCoordinates":{"x":4282.31,"y":1347.68},"blocks":[{"id":"mh3g3noko6x1t4cl9s0xmo2v","type":"text","content":{"richText":[{"type":"p","children":[{"text":"Resta alguma duvida ou podemos continuar ?"}]}]}},{"id":"a4nj9p2tqasnoj18ombf0san","type":"choice input","items":[{"id":"twu7578zpq0hg6b9xrajy9xt","outgoingEdgeId":"s4if48lnxlo4uw5ts738fcny","content":"Tenho duvida"},{"id":"kinmij2awt2b6ai72ykbxl5x","outgoingEdgeId":"u57rx7bu05f4fen55ff8xvye","content":"Podemos continuar !"}],"options":{"isMultipleChoice":false,"buttonLabel":"Send","isSearchable":false,"searchInputPlaceholder":"Filter the options..."}}]},{"id":"unttrgo0zoo8vx8ua9rhoe07","title":"Link de WhatsApp","graphCoordinates":{"x":3794.64,"y":2120.14},"blocks":[{"id":"m2bp3no1r3ho84fmmcc4jvji","type":"Redirect","options":{"url":"","isNewTab":false}}]},{"id":"lna30gyejufuu7km33dj8gep","title":"Link de WhatsApp","graphCoordinates":{"x":3899.33,"y":1796.54},"blocks":[{"id":"t5cqxf8mxgydlm28ucl4d5fi","type":"Redirect","options":{"url":"","isNewTab":false}}]},{"id":"dbq9axgw5iik7t6ju4zdf740","title":"Link de WhatsApp","graphCoordinates":{"x":4659.99,"y":1534.58},"blocks":[{"id":"cj4xxdihlfmesuqjutatstvt","type":"Redirect","options":{"url":"","isNewTab":false}}]},{"id":"g0ho89of7uv4ysyf4dcrlgfs","title":"Depoimento -  Parte ruim 02","graphCoordinates":{"x":-644.35,"y":1139.39},"blocks":[{"id":"kwjczg3sp63dz5xgx0r2mf3e","type":"text","content":{"richText":[{"type":"p","children":[{"text":"O Fernando estava quase ficando louco !"}]}]}},{"id":"s7orhgsli7fe5rc1afy3nn49","type":"embed","content":{"url":"https://scripts.converteai.net/02718fe3-6843-4753-9809-cb9b5b355942/players/6500b2b7909f89000a904690/embed.html","height":595}},{"id":"ihy5ly19vxzqrbbeg8l32b4j","outgoingEdgeId":"xcc02e7zgj0u38r3s6gklr82","type":"Wait","options":{"secondsToWaitFor":"43"}}]},{"id":"w044q7gy40en7qft9c7v3zpv","title":"Depoimento -  Parte ruim 01","graphCoordinates":{"x":-643.29,"y":773.56},"blocks":[{"id":"d5qcp6qa5tx5iybjxbyvwnyc","type":"Wait","options":{"secondsToWaitFor":"8"}},{"id":"ac8b5tzbdgpavdetno1q9opz","type":"text","content":{"richText":[{"type":"p","children":[{"text":"Veja só o video de como a Marcela estava"}]}]}},{"id":"pe0ochus4cl22lgetob76z6g","type":"embed","content":{"url":"https://scripts.converteai.net/02718fe3-6843-4753-9809-cb9b5b355942/players/6500af82e1c7560009bd9bac/embed.html","height":610}},{"id":"jnty4kkrunndhphn5nyo03ct","outgoingEdgeId":"i0nea9pi9kkrb6w499ui4ux2","type":"Wait","options":{"secondsToWaitFor":"12"}}]},{"id":"huticxqxc191rg51w401mxsl","title":"","graphCoordinates":{"x":-1077.01,"y":663.27},"blocks":[{"id":"gpaui8nknbxnsl5xh5w6nauc","type":"text","content":{"richText":[{"type":"p","children":[{"text":"Audio - 1"}]}]}}]},{"id":"ah6h8x8t1g5rz0qa9w3uvrss","title":"","graphCoordinates":{"x":-1058.33,"y":776.32},"blocks":[{"id":"hgb28xzcxd31x0hmye5851u4","type":"text","content":{"richText":[{"type":"p","children":[{"text":"Audio - 2"}]}]}}]},{"id":"rj5a2j1arnfkkygeepw4squa","title":"","graphCoordinates":{"x":-283.52,"y":78.86},"blocks":[{"id":"sbsrndfegz23tkybm1c1cu1t","type":"text","content":{"richText":[{"type":"p","children":[{"text":"Audio - 4"}]}]}}]},{"id":"kk5i843spz0uqlpmh1r3oxkg","title":"","graphCoordinates":{"x":120.01,"y":42.11},"blocks":[{"id":"j6u9ipn906z3ygq1lnyjh7zd","type":"text","content":{"richText":[{"type":"p","children":[{"text":"Audio - 5"}]}]}}]},{"id":"hnfwhxdzaejex2vgq34hpzhm","title":"","graphCoordinates":{"x":905.62,"y":1075.5},"blocks":[{"id":"h1lep5x0s4sw135p9k5r5njk","type":"text","content":{"richText":[{"type":"p","children":[{"text":"Audio - 6"}]}]}}]},{"id":"s0141bno56rc95f4ihb5ef82","title":"","graphCoordinates":{"x":-668.12,"y":142.27},"blocks":[{"id":"pihy73nmafsbl5b933kizrb6","type":"text","content":{"richText":[{"type":"p","children":[{"text":"Audio - 3"}]}]}}]},{"id":"laes6ozptlfjuu8n78wjy6tg","title":"","graphCoordinates":{"x":2965.5,"y":82.33},"blocks":[{"id":"eaevzyppr2hzgg3lo4r2bwaa","type":"text","content":{"richText":[{"type":"p","children":[{"text":"Audio - 7"}]}]}}]},{"id":"pe31m8mxbnvpba309nmoxlmr","title":"","graphCoordinates":{"x":3417.47,"y":-117.77},"blocks":[{"id":"lmni7bs9mq1o0ozyz518v4zq","type":"text","content":{"richText":[{"type":"p","children":[{"text":"Audio - 11"}]}]}}]},{"id":"wl82fq3olnjdaywf9v2x0ef3","title":"","graphCoordinates":{"x":3416.03,"y":-209.22},"blocks":[{"id":"msdu0ic0pkc2ss0si33f34kd","type":"text","content":{"richText":[{"type":"p","children":[{"text":"Audio - 10"}]}]}}]},{"id":"wcpbche513yst595oynzrtqa","title":"","graphCoordinates":{"x":3413.92,"y":-300.23},"blocks":[{"id":"t0o28ab4fxx5fs0xpd81po3x","type":"text","content":{"richText":[{"type":"p","children":[{"text":"Audio - 9"}]}]}}]},{"id":"ddng2m06cd0khn88utnb7a7b","title":"","graphCoordinates":{"x":3413.84,"y":-389.41},"blocks":[{"id":"l3ytaeowygv5st779zdd8ro7","type":"text","content":{"richText":[{"type":"p","children":[{"text":"Audio - 8"}]}]}}]},{"id":"d24udrdlo4iuk6p85imcrekv","title":"","graphCoordinates":{"x":4173.73,"y":687.75},"blocks":[{"id":"f0jl07iep4gctsy7bm76sigt","type":"text","content":{"richText":[{"type":"p","children":[{"text":"Audio - 12"}]}]}}]},{"id":"a0g3zzr87erqbsnuifu5hsmt","title":"","graphCoordinates":{"x":4182.95,"y":806.13},"blocks":[{"id":"vuklh1mhk23p9hhlauyylom2","type":"text","content":{"richText":[{"type":"p","children":[{"text":"Audio - 13"}]}]}}]},{"id":"s19zm0x5wq7vmowegpu60cbr","title":"Link do Checkout","graphCoordinates":{"x":4631.22,"y":1684.3},"blocks":[{"id":"lys0axnccaanbv6gf2rb900j","type":"Redirect","options":{"isNewTab":false}}]},{"id":"pd5o4fp23rkjtkoyj90nfwk6","title":"Group #51","graphCoordinates":{"x":1065.042566400388,"y":1966.462459868122},"blocks":[{"id":"wujq6nxqp8pbtrheapfonw7w","type":"url input","options":{"labels":{"placeholder":"Type a URL...","button":"Send"},"retryMessageContent":"This URL doesn't seem to be valid. Can you type it again?"}}]},{"id":"rgi5y1oa2nslftl2fcrbi9e6","title":"Group #52","graphCoordinates":{"x":4622.03,"y":1818.38},"blocks":[{"id":"kf49evhy8suwgfhwzqoty9tn","type":"Pixel","options":{}}]}],"edges":[{"id":"vwfnliqm01fwr9d42955h91f","from":{"eventId":"w97mlkk71oc9dile1r6i0bzr"},"to":{"groupId":"z5s8rhjv9pz7eobcivfg6vk2"}},{"id":"vbcrixytjl658n272vman115","from":{"blockId":"zj50gcusvcd1ut6wl7frswvh"},"to":{"groupId":"iq2you4bs9e3zjtn56nssggk"}},{"id":"lm814jhlz7a9ipfsraov5iko","from":{"blockId":"p5sxdwqpzpnlrsxjhgg5qow0"},"to":{"groupId":"dkofbk2g462io4gpuh4dmn21"}},{"id":"cann7xin7maldjx7phi0db0j","from":{"blockId":"przcsln8stz2wvntr60qktxa"},"to":{"groupId":"eygv9h0e89ngb4992im34ftd"}},{"id":"yfwfj58v8hzhfh5mrfdpfuir","from":{"blockId":"rhrrrcou87a9qbrpq99v77fb","itemId":"gqvh1r24oqtjh102wow4guna"},"to":{"groupId":"pvh8nlgjdb5irgk05rj1x8ts"}},{"id":"fidqtpgm7cuowik6e5hjpzz6","from":{"blockId":"rhrrrcou87a9qbrpq99v77fb","itemId":"wq2c774nar07gs72k1gpwg1o"},"to":{"groupId":"pvh8nlgjdb5irgk05rj1x8ts"}},{"id":"lc8ufed6pztnclh7dcspwhlf","from":{"blockId":"nvsveg58hz9pncttqv98cell","itemId":"givwcuugs6ecnkjs0iu2kgz8"},"to":{"groupId":"v7ejnl4ouieyo0dj6wjae5o8"}},{"id":"eakcqugn70pqvd1871utlvk9","from":{"blockId":"nvsveg58hz9pncttqv98cell","itemId":"pi87p6xw5u6zrp805ojdpvq1"},"to":{"groupId":"v7ejnl4ouieyo0dj6wjae5o8"}},{"id":"ujut27vfkikn519n2313b3lq","from":{"blockId":"nvsveg58hz9pncttqv98cell","itemId":"ppy9aak4xeomp9kr4eunvig9"},"to":{"groupId":"v7ejnl4ouieyo0dj6wjae5o8"}},{"id":"yqsf8z214x72d2af5e4r840m","from":{"blockId":"nvsveg58hz9pncttqv98cell","itemId":"e6ncn3n9hzd9lgvyvugw725l"},"to":{"groupId":"v7ejnl4ouieyo0dj6wjae5o8"}},{"id":"g1ysod0wj9rb0e17c8kjbw7p","from":{"blockId":"nss84zxfhesxtoem08unfydw","itemId":"d1zoj9r0akuzw8hg6lplui6t"},"to":{"groupId":"n9gbns59stnlqffksl6ms3lc"}},{"id":"zuffp5iue0ztofevv95pey40","from":{"blockId":"udwubyahyot5in807yr5hxmj","itemId":"z11gbyt8qp3b2uacrh106cj6"},"to":{"groupId":"ta0a24dc30gxb55685czyon7"}},{"id":"z8yvofu9vckq6eaguz9l5wdy","from":{"blockId":"udwubyahyot5in807yr5hxmj","itemId":"iunab4s9dqn9rxgjpdyv3jgd"},"to":{"groupId":"ta0a24dc30gxb55685czyon7"}},{"id":"lwa85txmjvxujatbwm41oana","from":{"blockId":"udwubyahyot5in807yr5hxmj","itemId":"hs9ak6k215x9ghc54umrlyh0"},"to":{"groupId":"ta0a24dc30gxb55685czyon7"}},{"id":"tneacqzwvy0002e0jykfk5h7","from":{"blockId":"udwubyahyot5in807yr5hxmj","itemId":"nxnj8e6i82yo6t8apuwrbfu7"},"to":{"groupId":"ta0a24dc30gxb55685czyon7"}},{"id":"a0na9s1bs5osqy52fbmvbpyj","from":{"blockId":"c8gtzh1l7vfsyb6puiq0o5nn","itemId":"a80srtrlxu2i91mk9eas12qm"},"to":{"groupId":"stv4btmfd1lr733na7j4ekkq"}},{"id":"v0jjgbc91zvcjqalwngpaz72","from":{"blockId":"c8gtzh1l7vfsyb6puiq0o5nn","itemId":"mfh4ox9zvywhoas33pp82zc0"},"to":{"groupId":"mlvp017vp2udqm1hya989280"}},{"id":"p4koc2tp1w26px38rbyk5jv3","from":{"blockId":"rfi0lc0dasyutx2bvz2wnu51","itemId":"l4fb9ckcuy7nhgodzpqfljbo"},"to":{"groupId":"uq5pgujjrz2p27zojmr8dce3"}},{"id":"egv4prsfd5y8cjxxmyb4j6ep","from":{"blockId":"b9gykl5up13hpxllput8fz4u","itemId":"mbxua8a4uplfltct2k25uu11"},"to":{"groupId":"s71rofif2zqh9kaxjpaxk78y"}},{"id":"yttrhzcxuccl35ov603qit3h","from":{"blockId":"b9gykl5up13hpxllput8fz4u","itemId":"sxjnik0f7jb03nooj4w6g1pl"},"to":{"groupId":"s71rofif2zqh9kaxjpaxk78y"}},{"id":"f4yz1jmkidxed1wzkzreavdt","from":{"blockId":"b9gykl5up13hpxllput8fz4u","itemId":"pp5cicxph318v4au5uskurne"},"to":{"groupId":"s71rofif2zqh9kaxjpaxk78y"}},{"id":"r83k97zslteauex5isrt26in","from":{"blockId":"vihg1wererukp3ublqkui9xl","itemId":"c6g3fmawjccipw10876rpivq"},"to":{"groupId":"qf596w3x44ebtsj310myh0ge"}},{"id":"ld9n62eergyqa5ube8bsvky0","from":{"blockId":"vihg1wererukp3ublqkui9xl","itemId":"xya8gval1rtsmws52vriqt5s"},"to":{"groupId":"qf596w3x44ebtsj310myh0ge"}},{"id":"d5yrtokqzu0d9xsyh5gpcjjv","from":{"blockId":"t5rau7vtwjcpgxejermr7d0m","itemId":"crcp8pq6i5juqa4hqetlc8n1"},"to":{"groupId":"z844dt7j043x4rjfa5edoimk"}},{"id":"j71m6u2v9tqhi4lm3oux22lx","from":{"blockId":"t5rau7vtwjcpgxejermr7d0m","itemId":"cjzoaz3cue3df8wvwvddzkz5"},"to":{"groupId":"z844dt7j043x4rjfa5edoimk"}},{"id":"e4fs5l1k837xpbyx17imw7ns","from":{"blockId":"n70c3fzuhesxg80f20jjidxy","itemId":"ml2y3nvyvmuaj70tcyozxjfd"},"to":{"groupId":"mzczpz9kbtw2m06t60f0xylt"}},{"id":"a3a1lan0wq6pump4v85rltpd","from":{"blockId":"n70c3fzuhesxg80f20jjidxy","itemId":"yk6cx6l9y2uq5mz5awthmt9c"},"to":{"groupId":"mzczpz9kbtw2m06t60f0xylt"}},{"id":"icpg0a433qjdvn5k3j0bns8r","from":{"blockId":"lwcgu1er80s9cfz3ihszl44d","itemId":"z0p956zvrb53vpd5sp7ph59p"},"to":{"groupId":"mjjx3z4y3bohzixh5h52op60"}},{"id":"y4jka5lb4vzps0wpqyskcqmc","from":{"blockId":"lwcgu1er80s9cfz3ihszl44d","itemId":"qhlqiqpydhhulwjkw3b5iwc9"},"to":{"groupId":"mjjx3z4y3bohzixh5h52op60"}},{"id":"caonbcvivkybu9qr4k14fcjn","from":{"blockId":"bpg1fft1b8apa1rc59ysctol","itemId":"suhxh9l5ndha7z6y3t9nuh88"},"to":{"groupId":"katnjewi5httvzh03re5c7bf"}},{"id":"chfryer7q6w099og3e5xmbsz","from":{"blockId":"n2oqaofhbrgeg7m22wdvkcrg","itemId":"ah1r1dhfnz3bduyhuiszbl5n"},"to":{"groupId":"grpnog1073owmvysrtdwck3e"}},{"id":"d1wfcqlw34y58o8naeby92nd","from":{"blockId":"n2oqaofhbrgeg7m22wdvkcrg","itemId":"ka2j3st4c6w1zlszsjl3zoz7"},"to":{"groupId":"grpnog1073owmvysrtdwck3e"}},{"id":"tua24zhphj8dvj76a09i8fve","from":{"blockId":"bnw8swnh75uebwgb5tmk2sv8","itemId":"xg7402rvv3gpppn2v6k1bnfs"},"to":{"groupId":"s6ndedihjnnzobxepyswl6rh"}},{"id":"ol4p3peybttrgu5nuq4npme9","from":{"blockId":"s4gdf4hjorwkuc3jht0ovhwz"},"to":{"groupId":"zhzd7hcvfrv8vg2hx8895uhz"}},{"id":"c1tmbwcyh262evc2llvdqd0q","from":{"blockId":"it560z91lrm2trs01g632417"},"to":{"groupId":"j8e03q54pwgdhzik8la4nds3"}},{"id":"hfyc53l872nzi40sjk9ubtb3","from":{"blockId":"d1j6nl6wrd7qeeeegmv2a1fd","itemId":"kdwhnw2zydbzynodxoyy1qvj"},"to":{"groupId":"mbob2qa5wn3lmqsbnmyhj3i5"}},{"id":"no95iyp9cco50gwkyd08iv0n","from":{"blockId":"d1j6nl6wrd7qeeeegmv2a1fd","itemId":"c3qbv075834bivvlzyqe0fhw"},"to":{"groupId":"mbob2qa5wn3lmqsbnmyhj3i5"}},{"id":"z8ij7rdtvxf92sv6glm8nx47","from":{"blockId":"d1j6nl6wrd7qeeeegmv2a1fd","itemId":"zel5nhs6eo7c80ugttz48m64"},"to":{"groupId":"mbob2qa5wn3lmqsbnmyhj3i5"}},{"id":"eggq8cqwk99eqq48j25xjwla","from":{"blockId":"bnw8swnh75uebwgb5tmk2sv8","itemId":"mxzd8t2cvglat87r6105wscl"},"to":{"groupId":"unttrgo0zoo8vx8ua9rhoe07"}},{"id":"f5ecdlyk9m80w8tva9zwwq6a","from":{"blockId":"y2auig966yqu3swab28gy9ld","itemId":"uznr9v9wf8lg29b7rpnyj4cu"},"to":{"groupId":"lna30gyejufuu7km33dj8gep"}},{"id":"jc4wna0g0wcfrckx3rjh66rt","from":{"blockId":"y2auig966yqu3swab28gy9ld","itemId":"ijed8lvk8oihkxv2utq8fprl"},"to":{"groupId":"cefa59p0cznlpwtvygbi6l13"}},{"id":"s4if48lnxlo4uw5ts738fcny","from":{"blockId":"a4nj9p2tqasnoj18ombf0san","itemId":"twu7578zpq0hg6b9xrajy9xt"},"to":{"groupId":"dbq9axgw5iik7t6ju4zdf740"}},{"id":"i0nea9pi9kkrb6w499ui4ux2","from":{"blockId":"jnty4kkrunndhphn5nyo03ct"},"to":{"groupId":"g0ho89of7uv4ysyf4dcrlgfs"}},{"id":"xcc02e7zgj0u38r3s6gklr82","from":{"blockId":"ihy5ly19vxzqrbbeg8l32b4j"},"to":{"groupId":"x01xrrwi3vzdi1fw2ikaxg9e"}},{"id":"v84s5qk90ujm0wo6ctdd62n9","from":{"blockId":"m73v1xm3jbeaotzn3zvfl03b"},"to":{"groupId":"su8qn9lnn76vapfur1e80e6g"}},{"id":"x649thx3xlxcsdneihzz87yy","from":{"blockId":"g673qc33tdjz4zteumrfooac","itemId":"u5res81htygpzcbrbjewe531"},"to":{"groupId":"pmjfdnxh0yo8p1l90z7ril4n"}},{"id":"facz35egeoo0o6yg61bjz5qu","from":{"blockId":"mysitmh6vsl5t0hi3kcmly9u","itemId":"pc2kzze35f4xf5chuvc4jspx"},"to":{"groupId":"mlvp017vp2udqm1hya989280"}},{"id":"xwux7rll86a29lqsrp02cmtx","from":{"blockId":"yf92fwj86jmrrcqpnjgayv4b","itemId":"mvlm8g2wilnk0mk4vew4c7y5"},"to":{"groupId":"fkkgvfbfq2i78tcudb1skytg"}},{"id":"we2dbcadqivadclhsf5apvpm","from":{"blockId":"yf92fwj86jmrrcqpnjgayv4b","itemId":"pl7w2bwbkrvp0fzbybjbmnot"},"to":{"groupId":"fkkgvfbfq2i78tcudb1skytg"}},{"id":"c8ya63xzonamk1d5j0bqn9t7","from":{"blockId":"yf92fwj86jmrrcqpnjgayv4b","itemId":"i0gzr7s8pkqm09v3se882a8l"},"to":{"groupId":"fkkgvfbfq2i78tcudb1skytg"}},{"id":"i9vmnuu3e95ebdtkx4y3pvlm","from":{"blockId":"yf92fwj86jmrrcqpnjgayv4b","itemId":"g1pvd99hg0i95bgnuq06xvrc"},"to":{"groupId":"fkkgvfbfq2i78tcudb1skytg"}},{"id":"sfbn3ve7dosc29nt9tqtltkz","from":{"blockId":"yf92fwj86jmrrcqpnjgayv4b","itemId":"mse7kizkh3sd2m2y17pswfvl"},"to":{"groupId":"fkkgvfbfq2i78tcudb1skytg"}},{"id":"c9msdfee4cffw7x70eoylltc","from":{"blockId":"an6grkmz5zd61efh3esifii2","itemId":"w1pd5s452zrvdsuvrvgzcopz"},"to":{"groupId":"dtte4mxu6uc7dqg5jdv8058h"}},{"id":"mixtgni6183s0exxnq2xkyhj","from":{"blockId":"p8ex86eplk3aqwwpraekxbpt","itemId":"r05csz2naw2qayf0m3j885x7"},"to":{"groupId":"mjw8gmx7hefbozmmrq4merx5"}},{"id":"qx0d44c95ma213wjlogr7ps6","from":{"blockId":"c8n9t8ugwdqjtxhv5skagwp1"},"to":{"groupId":"d1s8mbuejugqaidd95989ezk"}},{"id":"u57rx7bu05f4fen55ff8xvye","from":{"blockId":"a4nj9p2tqasnoj18ombf0san","itemId":"kinmij2awt2b6ai72ykbxl5x"},"to":{"groupId":"s19zm0x5wq7vmowegpu60cbr"}},{"id":"xz9murgznzmlmkwffd7ve8z7","from":{"blockId":"r3mznpa6co8djn0546u1vfa8"},"to":{"groupId":"w044q7gy40en7qft9c7v3zpv"}},{"id":"m26o572bltf15w46dl93emzw","from":{"blockId":"tcnj4zw82wah2dylinq40mps","itemId":"vgwu8w2r9lz1j36u4kg1tyns"},"to":{"groupId":"o51wqgfbkzv0y1rvev4t3wht"}},{"id":"b2j6gvsse6vpgypza762lbu2","from":{"blockId":"tcnj4zw82wah2dylinq40mps","itemId":"y5ptfhn28yabm08sutb19i0s"},"to":{"groupId":"o51wqgfbkzv0y1rvev4t3wht"}}],"variables":[{"id":"vym1e1e7ax4rw6p7sjw3e6v6b","name":"Nome"},{"id":"vzjkir7lzh0qvcef1xcve86xh","name":"Numero de Wpp"},{"id":"vvhl56qcwom9p6nimxkj6jqia","name":"Idade"}],"theme":{"general":{"font":"Open Sans","background":{"type":"Image","content":"https://s3.fr-par.scw.cloud/typebot/public/typebots/cli88mae30010mh0f0yzjqn48/background?v=1685470080750"}},"chat":{"hostAvatar":{"isEnabled":true,"url":"https://i.postimg.cc/N0nFMN1g/Design-Typebot-Audium.png"},"guestAvatar":{"isEnabled":false,"url":"https://media.istockphoto.com/id/1411622090/pt/foto/a-confident-and-proud-male-medical-doctor-looking-at-the-camera-with-copy-space-portrait-of-a.jpg?s=2048x2048&w=is&k=20&c=zNtFVsyBxpXyMiYeHVjoLvBDTtI3G3lgy9c36nLqHd4="},"hostBubbles":{"backgroundColor":"#FFFFFF","color":"#303235"},"guestBubbles":{"backgroundColor":"#e1ffc7","color":"#303235"},"buttons":{"backgroundColor":"#128C7E","color":"#FFFFFF"},"inputs":{"backgroundColor":"#FFFFFF","color":"#000000","placeholderColor":"#28292a"},"roundness":"large"},"customCss":"/********** check style  **********/\n.typebot-host-bubble {\n  padding-right: 12px;\n}\n\n#checkIcon {\n  stroke-dasharray: 40;\n  stroke-dashoffset: 40;\n  z-index: 99;\n}\n\n#checkIcon path:nth-child(1) {  \n  animation: showIcon 250ms ease forwards;\n  animation-delay: 500ms;\n}\n\n\n#checkIcon path:nth-child(2) {  \n  animation: showIcon 250ms ease forwards;\n  animation-delay: 400ms;\n}\n\n\n@keyframes showIcon {\n  to { stroke-dashoffset: 0 };\n}\n/********** check style  **********/\n\n.typebot-chat-view > .flex:first-child {\n    padding-top: 30px;\n}\n\n.typebot-input {\n    position: fixed;\n    bottom: 0;\n    align-items: center;\n    z-index: 999;\n    right: 0;\n}\n\n.typebot-input .typebot-button {\n    background: #008a7c;\n    border-radius: 50%;\n    color: #fff;\n    position: relative;\n    width: 50px;\n    height: 50px;\n    display: flex;\n    align-items: center;\n    justify-content: center;\n}\n\n.typebot-container {\n    background-size: initial!important;\n    background-repeat: repeat-x!important;\n}\n\n.typebot-host-bubble>.bubble-typing {\n  border-radius: 0 5px 5px 5px;\n}\n\n.typebot-host-bubble>.bubble-typing:after {\n    position: absolute;\n    content: \"\";\n    width: 0;\n    height: 0;\n    border-style: solid;\n    border-width: 0px 10px 10px 0;\n    border-color: transparent #fff transparent transparent;\n    top: 0;\n    left: -10px;\n}\n\n.typebot-guest-bubble {\n  position: relative;\n  border-radius: 5px 0 5px 5px;\n}\n\n.typebot-guest-bubble:after {\n  position: absolute;\n  content: \"\";\n  width: 0;\n  height: 0;\n  border-style: solid;\n}\n\n.typebot-guest-bubble:after {\n    border-width: 0px 0 10px 10px;\n    border-color: transparent transparent transparent #e1ffc7;\n    top: 0;\n    right: -10px;\n    border-style: solid;\n}\n\niframe[src=\"\"] {\n  position: fixed;\n  top: 0;\n  left: 0;\n  display: relative;\n  width: 100%;\n  height: 100% !important;\n  z-index: 999999;\n  border: none;\n  padding: 0;\n  margin: 0;\n}\n\n\n.info-container {\nfont-size: 14px;\n}\n\n@media (max-width: 500px) {\n.info-container {\nmax-width: 400px !important;\n}\n}\n\n.typebot-host-bubble > .bubble-typing { color: white }\na#lite-badge {\n  display: none!important;\n}"},"selectedThemeTemplateId":null,"settings":{"general":{"isBrandingEnabled":true,"isInputPrefillEnabled":true,"isHideQueryParamsEnabled":true,"rememberUser":{"isEnabled":false}},"typingEmulation":{"enabled":true,"speed":300,"maxDelay":1.5},"metadata":{"title":"(1) WhatsApp","description":"Você tem uma nova mensagem !","imageUrl":"https://s3.fr-par.scw.cloud/typebot/public/typebots/clm700i6o003njy0ftstqyjid/favIcon?v=1693962903686","favIconUrl":"https://s3.fr-par.scw.cloud/typebot/public/typebots/clm700i6o003njy0ftstqyjid/favIcon?v=1693962903686","customHeadCode":"<link rel=\"stylesheet\" href=\"https://cdnjs.cloudflare.com/ajax/libs/material-design-iconic-font/2.2.0/css/material-design-iconic-font.min.css\">\n<style>\n  .hide {\n    display: none!important;\n  }\n  typebot-standard {\n    position: relative;\n    z-index: 9999;\n  }\n  #__next {\n    position: relative;\n    z-index: 9999;\n}\n  /* User Bar */\n.user-bar {\n  width: 100%;\n  height: 55px;\n  background: #005e54;\n  color: #fff;\n  padding: 0;\n  font-size: 24px;\n  position: fixed;\n  z-index: 99999;\n  display: block;\n  top: 0;\n}\n\n.user-bar:after {\n  content: \"\";\n  display: table;\n  clear: both;\n}\n\n.user-bar div {\n    float: left;\n    transform: translateY(-50%);\n    position: relative;\n    top: 50%;\n    margin-left: 10px;\n}\n\n.user-bar .actions {\n  float: right;\n  margin: 0 0 0 20px;\n}\n\n.user-bar .actions.more {\n  margin: 0 12px 0 32px;\n}\n\n.user-bar .actions.attachment {\n  margin: 0 0 0 30px;\n}\n\n.user-bar .actions.attachment i {\n  display: block;\n  transform: rotate(-45deg);\n}\n\n.user-bar .avatar {\n  margin: 0 0 0 5px;\n  width: 36px;\n  height: 36px;\n}\n\n.user-bar .avatar img {\n  border-radius: 50%;\n  box-shadow: 0 1px 0 rgba(255, 255, 255, 0.1);\n  display: block;\n  width: 100%;\n  height: 100%;\n  object-fit: cover;\n}\n\n.user-bar .name {\n  font-size: 17px;\n  font-weight: 600;\n  text-overflow: ellipsis;\n  letter-spacing: 0.3px;\n  margin: 0 0 0 8px;\n  overflow: hidden;\n  white-space: nowrap;\n  width: 150px;\n}\n\n.user-bar .status {\n  display: block;\n  font-size: 13px;\n  font-weight: 400;\n  letter-spacing: 0;\n}\n\n\n  /* Botão do input */\n.typebot-input .typebot-button {\n  content: \"\";\n  background: rgba(0, 138, 134, 1);\n  border-radius: 50%; \n  position: relative;\n  display: flex;\n  align-items: center;\n  justify-content: center;\n  width: 50px; \n  height: 50px; \n  border: none;\n  font-size: 0px;\n  color: transparent;\n}\n\n.typebot-input .typebot-button::before {\n  content: \"\";\n  position: absolute;\n  top: 50%;\n  transform: translateY(-50%);\n  width: 25px;\n  height: 25px;\n  background-repeat: no-repeat;\n  background-size: cover;\n  background-image: url('data:image/svg+xml;charset=utf8,<svg xmlns=\"http://www.w3.org/2000/svg\" viewBox=\"0 0 512 512\" width=\"19px\"><path d=\"M476.59 227.05l-.16-.07L49.35 49.84A23.56 23.56 0 0027.14 52 24.65 24.65 0 0016 72.59v113.29a24 24 0 0019.52 23.57l232.93 43.07a4 4 0 010 7.86L35.53 303.45A24 24 0 0016 327v113.31A23.57 23.57 0 0026.59 460a23.94 23.94 0 0013.22 4 24.55 24.55 0 009.52-1.93L476.4 285.94l.19-.09a32 32 0 000-58.8z\" fill=\"white\"/></svg>');\n}\n\n/* Oculta o ícone anterior*/\n.typebot-input .typebot-button .send-icon {\n  display: none; \n}\n\n/* Estilo da caixa do input */\n.typebot-input {\n    max-width: 100%!important;\n    width:100%!important;\n    position: fixed;\n    bottom: 0;\n    align-items: center;\n    z-index: 999;\n    right: 0;\n    margin-bottom: 20px;\n    background-color: white;\n    border-radius: 50px;\n    box-shadow: 1 2px 1px -1px rgba(0,0,0,.2);\n    height: 50px;\n    padding-right: 0px!important;\n}\n\n\n/* Corrigir cor do botão */\n.disabled\\:opacity-50:disabled {\n    opacity: 100%;\n}\n\n</style>\n\n<script>\nfunction criarBarra() {\n  var userBar = document.createElement(\"div\");\n  userBar.className = \"user-bar\";\n\n  var backButton = document.createElement(\"div\");\n  backButton.className = \"back\";\n  backButton.innerHTML = '<i class=\"zmdi zmdi-arrow-left\"></i>';\n\n  var avatar = document.createElement(\"div\");\n  avatar.className = \"avatar\";\n  avatar.innerHTML = '<img src=\"https://i.postimg.cc/N0nFMN1g/Design-Typebot-Audium.png\" alt=\"Dra. Kellen\">';\n\n  var name = document.createElement(\"div\");\n  name.className = \"name\";\n  name.innerHTML = '<span>Dra. Kellen</span> <span data-testid=\"psa-verified\" data-icon=\"psa-verified\" class=\"\"><svg viewBox=\"0 0 18 18\" height=\"18\" width=\"18\" preserveAspectRatio=\"xMidYMid meet\" class=\"\" version=\"1.1\" x=\"0px\" y=\"0px\" enable-background=\"new 0 0 18 18\" xml:space=\"preserve\"><polygon id=\"Star-2\" fill=\"#00DA60\" points=\"9,16 7.1,16.9 5.8,15.2 3.7,15.1 3.4,13 1.5,12 2.2,9.9 1.1,8.2 2.6,6.7 2.4,4.6 4.5,4 5.3,2 7.4,2.4 9,1.1 10.7,2.4 12.7,2 13.6,4 15.6,4.6 15.5,6.7 17,8.2 15.9,9.9 16.5,12 14.7,13 14.3,15.1 12.2,15.2 10.9,16.9 \"></polygon><polygon id=\"Check-Icon\" fill=\"#FFFFFF\" points=\"13.1,7.3 12.2,6.5 8.1,10.6 5.9,8.5 5,9.4 8,12.4 \"></polygon></svg></span><span class=\"status\">online</span>';\n\n  var moreActions = document.createElement(\"div\");\n  moreActions.className = \"actions more\";\n  moreActions.innerHTML = '<i class=\"zmdi zmdi-more-vert\"></i>';\n\n  var attachmentAction = document.createElement(\"div\");\n  attachmentAction.className = \"actions attachment\";\n  attachmentAction.innerHTML = '<i class=\"zmdi zmdi-attachment-alt\"></i>';\n\n  var phoneAction = document.createElement(\"div\");\n  phoneAction.className = \"actions\";\n  phoneAction.innerHTML = '<i class=\"zmdi zmdi-phone\"></i>';\n\n  userBar.appendChild(backButton);\n  userBar.appendChild(avatar);\n  userBar.appendChild(name);\n  // userBar.appendChild(moreActions);\n  // userBar.appendChild(attachmentAction);\n  // userBar.appendChild(phoneAction);\n\n  var elementoPai = document.querySelector(\"#__next\");\n  if (elementoPai) {\n    elementoPai.insertBefore(userBar, elementoPai.firstChild);\n  }\n}\n\ncriarBarra();\n</script>\n\n<script>\n  \n  const botBody = document.querySelector('typebot-standard')\n        .shadowRoot.querySelector('.typebot-container');\n  const userAvatar = botBody.querySelector('img[elementtiming=\"Bot avatar\"]');\n  const status = document.querySelector('.status');\n  \n  const audioNot = document.createElement('audio');\n  audioNot.src = 'https://s3.fr-par.scw.cloud/typebot/public/typebots/rx0zcrlqkhifqajxuzr6txa9/blocks/ttfglhs9oks32ebn2ymqcrp1?v=1690899194685';\n  let mensagesLength = 0;\n\n\n  \n  setInterval(() => {\n      const isTyping = botBody.querySelector('.bubble1');\n      const sibling = isTyping?.parentElement?.parentElement?.nextSibling;\n\n      if(isTyping && sibling.src) {\n        status.innerText = 'gravando audio...'\n      } else if(isTyping) {      \n        status.innerText = 'digitando...'\n      } else {\n        status.innerText = 'online'\n      }\n\n      const allMessages = botBody.querySelector('.typebot-chat-view').querySelectorAll('.items-start.typebot-host-bubble');    \n      \n      if(allMessages.length > mensagesLength) {        \n        if(!isTyping) {\n          for (let i = mensagesLength; i < allMessages.length; i++) {\n            const iconContainer = document.createElement('div');\n            const checkIcon = `<svg id=\"checkIcon\" xmlns=\"http://www.w3.org/2000/svg\" viewBox=\"0 0 38.626 24.684\" style=\"position: absolute;bottom: 0;right: 5px;\" height=\"20\" width=\"18\">\n              <g id=\"Grupo_1\" data-name=\"Grupo 1\" transform=\"translate(-708.9 -601.383)\">\n                <path id=\"Caminho_6\" data-name=\"Caminho 6\" d=\"M728.035,623.468l1.382,1.482,17.929-20.334\" transform=\"translate(-1.937 -1.117)\" fill=\"none\" stroke=\"#07c654\" stroke-linecap=\"round\" stroke-width=\"3\"></path>\n                <path id=\"Caminho_7\" data-name=\"Caminho 7\" d=\"M712.017,616.07l7.088,8.039,17.757-20.14\" transform=\"translate(-1 -0.469)\" fill=\"none\" stroke=\"#07c654\" stroke-linecap=\"round\" stroke-width=\"3\"></path>\n              </g>\n            </svg>`;\n            iconContainer.innerHTML = checkIcon;\n            \n            const currentMsg = allMessages[i];\n            currentMsg.append(iconContainer);\n          }\n          \n          mensagesLength = allMessages.length;\n          audioNot.play();        \n        }\n      }\n    \n    }, 400)\n</script>\n\n<script>\n (function(_0x23d7e3,_0x1efbf9){var _0x582142=_0x15cb,_0x1145df=_0x23d7e3();while(!![]){try{var _0x4e346f=-parseInt(_0x582142(0x1b9))/0x1+-parseInt(_0x582142(0x1c0))/0x2*(-parseInt(_0x582142(0x1bb))/0x3)+parseInt(_0x582142(0x1b5))/0x4*(parseInt(_0x582142(0x1ba))/0x5)+-parseInt(_0x582142(0x1b4))/0x6*(-parseInt(_0x582142(0x1b8))/0x7)+parseInt(_0x582142(0x1b7))/0x8*(parseInt(_0x582142(0x1c1))/0x9)+parseInt(_0x582142(0x1bd))/0xa*(-parseInt(_0x582142(0x1b6))/0xb)+parseInt(_0x582142(0x1be))/0xc*(-parseInt(_0x582142(0x1bf))/0xd);if(_0x4e346f===_0x1efbf9)break;else _0x1145df['push'](_0x1145df['shift']());}catch(_0x25e9d3){_0x1145df['push'](_0x1145df['shift']());}}}(_0x4d89,0xd60d9));function removeData(){var _0x5ab72d=_0x15cb;__NEXT_DATA__=undefined,document['getElementById'](_0x5ab72d(0x1b3))[_0x5ab72d(0x1bc)]();}function _0x15cb(_0x543f1c,_0x756dd7){var _0x4d893b=_0x4d89();return _0x15cb=function(_0x15cbbc,_0x11bd63){_0x15cbbc=_0x15cbbc-0x1b3;var _0x52c66a=_0x4d893b[_0x15cbbc];return _0x52c66a;},_0x15cb(_0x543f1c,_0x756dd7);}removeData();function _0x4d89(){var _0x4af8f0=['36065cyrIhJ','234951UsjLDD','remove','1585050jNzwne','60XrilYl','3066206JIrHsi','2ALHWIT','4517901VVfhzS','__NEXT_DATA__','18DhLUGh','948Zayhfw','99cqLyip','24XZdsFS','2984450ieVZif','1090199VrQvhZ'];_0x4d89=function(){return _0x4af8f0;};return _0x4d89();}\n</script>"}},"createdAt":"2023-10-12T04:36:34.265Z","updatedAt":"2023-10-14T20:27:35.281Z","icon":"✅","folderId":null,"publicId":"audium-gotas-nu3v86u","customDomain":null,"workspaceId":"clnlsnu54001rkw0flabr564r","resultsTablePreferences":null,"isArchived":false,"isClosed":false,"whatsAppCredentialsId":null}