{"id":"clkbjjpib0049jm0fu7kr1ayk","version":"3","groups":[{"id":"zk6ssrx233r9dv42vh4rv7ng","title":"Start","blocks":[{"id":"cx5iel8jxfo4caorf8rnjiw0","type":"start","label":"Start","groupId":"zk6ssrx233r9dv42vh4rv7ng","outgoingEdgeId":"ytlsbip0wm4guztoqzn91gi1"}],"graphCoordinates":{"x":-1786.43,"y":-0.61}},{"id":"tad6ymd3qi5n2med0v7zq39o","title":"Group #2","blocks":[{"id":"qkj0bx9vj16yi0okh7wm68zq","type":"text","content":{"richText":[{"type":"p","children":[{"text":"Olá, tudo bem?"}]}]},"groupId":"tad6ymd3qi5n2med0v7zq39o"},{"id":"xh283sn5m8ft90v7rtargrc8","type":"text","content":{"richText":[{"type":"p","children":[{"text":"Eu sou o DR. Ricardo"}]}]},"groupId":"tad6ymd3qi5n2med0v7zq39o"},{"id":"cm25i99y5xcfksrpskye6h6i","type":"Wait","groupId":"tad6ymd3qi5n2med0v7zq39o","options":{"secondsToWaitFor":"1"}},{"id":"ueca07wfxteqbrgjp59jfhhh","type":"audio","content":{"url":"https://s3.fr-par.scw.cloud/typebot/public/typebots/fndhqdzl379fa35zipnxyfpv/blocks/ueca07wfxteqbrgjp59jfhhh?v=1689100566911"},"groupId":"tad6ymd3qi5n2med0v7zq39o"},{"id":"rfznmhu2hshvfy4oyl028ca9","type":"Wait","groupId":"tad6ymd3qi5n2med0v7zq39o","options":{"secondsToWaitFor":"17"}},{"id":"bzryo4be3wouy710y9cas4e7","type":"image","content":{"url":"https://s3.fr-par.scw.cloud/typebot/public/typebots/fndhqdzl379fa35zipnxyfpv/blocks/bzryo4be3wouy710y9cas4e7?v=1689100596959"},"groupId":"tad6ymd3qi5n2med0v7zq39o"},{"id":"zxksz1l14p2h7ppq46f08mrx","type":"text","content":{"richText":[{"type":"p","children":[{"text":"Além disso, ele deixa seu pau Maior e mais grosso, ficando igual um pau de jumento. 🍆"}]}]},"groupId":"tad6ymd3qi5n2med0v7zq39o"},{"id":"tekaxxzyrx01jorbp4jwjpd4","type":"Wait","groupId":"tad6ymd3qi5n2med0v7zq39o","options":{"secondsToWaitFor":"3"}},{"id":"es1tpsl4vfig7zl4slovvzsd","type":"audio","content":{"url":"https://s3.fr-par.scw.cloud/typebot/public/typebots/fndhqdzl379fa35zipnxyfpv/blocks/es1tpsl4vfig7zl4slovvzsd?v=1689101051247"},"groupId":"tad6ymd3qi5n2med0v7zq39o"},{"id":"mmgr2mfp0marunee6lwuwvyn","type":"Wait","groupId":"tad6ymd3qi5n2med0v7zq39o","options":{"secondsToWaitFor":"36"}},{"id":"ran46lr3o94465l2jce4obur","type":"embed","content":{"url":"https://scripts.converteai.net/f5c4c418-dd81-4f1f-9990-97e88418f298/players/64ada3bad66489000873ac95/embed.html","height":400},"groupId":"tad6ymd3qi5n2med0v7zq39o"},{"id":"u90y0dfeqtahy4g2y4q1wwxz","type":"Wait","groupId":"tad6ymd3qi5n2med0v7zq39o","options":{"secondsToWaitFor":"134"},"outgoingEdgeId":"zeiobvyc7nj9tdtwor3s88ar"}],"graphCoordinates":{"x":-1476.94,"y":-1.61}},{"id":"yzwp356gtb3dl2pk0npmemmk","title":"Group #2","blocks":[{"id":"xsj2waloj6rghdikgljpyvnd","type":"text","content":{"richText":[{"type":"p","children":[{"text":"Quer aprender agora como fazer em casa? 💪🍆"}]},{"type":"p","children":[{"text":""}]}]},"groupId":"yzwp356gtb3dl2pk0npmemmk"},{"id":"awfkb5od32x8mlvelk51ako1","type":"choice input","items":[{"id":"j5041gyqkd9k915kdn34dth9","type":0,"blockId":"awfkb5od32x8mlvelk51ako1","content":"CLIQUE AQUI PARA CONTINUAR"}],"groupId":"yzwp356gtb3dl2pk0npmemmk","options":{"buttonLabel":"Send","isSearchable":false,"isMultipleChoice":false,"searchInputPlaceholder":"Filter the options..."}},{"id":"wxmjkgmu8sp08b5mb848je7n","type":"text","content":{"richText":[{"type":"p","children":[{"text":"Em homens, o comportamento sexual é muito dependente da testosterona."}]}]},"groupId":"yzwp356gtb3dl2pk0npmemmk"},{"id":"w6r0nyiwprdq8iokhu79u4qx","type":"audio","content":{"url":"https://s3.fr-par.scw.cloud/typebot/public/typebots/fndhqdzl379fa35zipnxyfpv/blocks/w6r0nyiwprdq8iokhu79u4qx?v=1689106225060"},"groupId":"yzwp356gtb3dl2pk0npmemmk"},{"id":"cxrifwe6cp1llitfkkusj2rs","type":"Wait","groupId":"yzwp356gtb3dl2pk0npmemmk","options":{"secondsToWaitFor":"12"}},{"id":"nm68t30op6cu71floujsoa3e","type":"text","content":{"richText":[{"type":"p","children":[{"text":"Esse hormônio é o que faz seu PAU levantar. Veja 👇"}]}]},"groupId":"yzwp356gtb3dl2pk0npmemmk"},{"id":"wsualayzxwc0mo25s8uw7n7q","type":"image","content":{"url":"https://s3.fr-par.scw.cloud/typebot/public/typebots/fndhqdzl379fa35zipnxyfpv/blocks/wsualayzxwc0mo25s8uw7n7q?v=1689106271252"},"groupId":"yzwp356gtb3dl2pk0npmemmk","outgoingEdgeId":"pz26jamva1obq3vs6cp0u34p"}],"graphCoordinates":{"x":-1166.93,"y":2.55}},{"id":"mzl1mzn6si6h70e4zln1tmng","title":"Group #3","blocks":[{"id":"tsp62jywcdpj63ednee5wxeb","type":"audio","content":{"url":"https://s3.fr-par.scw.cloud/typebot/public/typebots/fndhqdzl379fa35zipnxyfpv/blocks/tsp62jywcdpj63ednee5wxeb?v=1689106807247"},"groupId":"mzl1mzn6si6h70e4zln1tmng"},{"id":"s9v1xryqd8go8ynyzv0igjnv","type":"Wait","groupId":"mzl1mzn6si6h70e4zln1tmng","options":{"secondsToWaitFor":"38"}},{"id":"qhk0bkr6uj6x4twsjgj2cq24","type":"text","content":{"richText":[{"type":"p","children":[{"text":"Isso deixa você igual um jovem de 20 anos, com o pau tão duro e latejando a ponto de conseguir transar 5 vezes seguidas e continuar firme."}]}]},"groupId":"mzl1mzn6si6h70e4zln1tmng"},{"id":"srytdjadqheohiinjhuras82","type":"image","content":{"url":"https://s3.fr-par.scw.cloud/typebot/public/typebots/fndhqdzl379fa35zipnxyfpv/blocks/srytdjadqheohiinjhuras82?v=1689106900909"},"groupId":"mzl1mzn6si6h70e4zln1tmng"},{"id":"z259cqtcewn604yzq72xix8g","type":"Wait","groupId":"mzl1mzn6si6h70e4zln1tmng","options":{"secondsToWaitFor":"4"}},{"id":"v0sf1thof9ujixubggxhlu1x","type":"text","content":{"richText":[{"type":"p","children":[{"text":"Esse segredo é mais forte que o Viagra e é 100% natural. Não dá batidas no coração e não tem química."}]}]},"groupId":"mzl1mzn6si6h70e4zln1tmng"},{"id":"soamopn06lfszxd0e046kv4v","type":"text","content":{"richText":[{"type":"p","children":[{"text":"Você quer descobrir esse segredo que é 6x mais potente que o Viagra sem causar efeito colateral? 😱"}]}]},"groupId":"mzl1mzn6si6h70e4zln1tmng"},{"id":"lc64pjfxuivryhaxjhizqbgi","type":"choice input","items":[{"id":"cjtu8zofcxj2pfsejsy190y5","type":0,"blockId":"lc64pjfxuivryhaxjhizqbgi","content":"Sim","outgoingEdgeId":"asz8jf04elun4g6lxh88hpxa"}],"groupId":"mzl1mzn6si6h70e4zln1tmng","options":{"buttonLabel":"Send","isSearchable":false,"isMultipleChoice":false,"searchInputPlaceholder":"Filter the options..."}}],"graphCoordinates":{"x":-866.1,"y":9.05}},{"id":"xag2f28hqvmis1bh0mzkd2n1","title":"Group #4","blocks":[{"id":"z8c6m553ithaksdqrs0xv6lk","type":"text","content":{"richText":[{"type":"p","children":[{"text":"isso funciona principalmente para os homem com mais de 40 anos que querem ter o pau duro, maior e mais grosso. "}]}]},"groupId":"xag2f28hqvmis1bh0mzkd2n1"},{"id":"dmofm5vgv4zwym4tyuhbcp3o","type":"audio","content":{"url":"https://s3.fr-par.scw.cloud/typebot/public/typebots/fndhqdzl379fa35zipnxyfpv/blocks/dmofm5vgv4zwym4tyuhbcp3o?v=1689108567430"},"groupId":"xag2f28hqvmis1bh0mzkd2n1"},{"id":"d3gviwi871dnd6te9ea7ivcy","type":"Wait","groupId":"xag2f28hqvmis1bh0mzkd2n1","options":{"secondsToWaitFor":"27"}},{"id":"i8t20k0x100wztxksggpa84o","type":"text","content":{"richText":[{"type":"p","children":[{"text":"O único jeito de resolver isso é na raiz do problema. De dentro pra fora."}]}]},"groupId":"xag2f28hqvmis1bh0mzkd2n1"},{"id":"c0sy8c10yr4284u75pmoueh1","type":"Wait","groupId":"xag2f28hqvmis1bh0mzkd2n1","options":{"secondsToWaitFor":"3"}},{"id":"kttkptyak7xhcnpf8otlh4cw","type":"text","content":{"richText":[{"type":"p","children":[{"text":"Isso explica porque medicamentos farmaceuticos não funcionam. Eles não elimina o problema na raiz."}]}]},"groupId":"xag2f28hqvmis1bh0mzkd2n1"},{"id":"fzlsabixoailc2p9u9lxqld8","type":"Wait","groupId":"xag2f28hqvmis1bh0mzkd2n1","options":{"secondsToWaitFor":"3"}},{"id":"zfyeh6z6aflsl85t1q1jd4y7","type":"image","content":{"url":"https://s3.fr-par.scw.cloud/typebot/public/typebots/fndhqdzl379fa35zipnxyfpv/blocks/zfyeh6z6aflsl85t1q1jd4y7?v=1689108727735"},"groupId":"xag2f28hqvmis1bh0mzkd2n1"},{"id":"rtmj4q5z0ayz69vhbiisvqwa","type":"Wait","groupId":"xag2f28hqvmis1bh0mzkd2n1","options":{"secondsToWaitFor":"3"}},{"id":"cmkpr3a9h3xl5hglr20020cc","type":"text","content":{"richText":[{"type":"p","children":[{"text":"Só a testosterona boa consegue entrar no músculo liso e desintoxicar o que está impedindo do seu pau levantar."}]}]},"groupId":"xag2f28hqvmis1bh0mzkd2n1"},{"id":"xc7yrqbb42e4rwmrsggoj4pm","type":"Wait","groupId":"xag2f28hqvmis1bh0mzkd2n1","options":{"secondsToWaitFor":"3"}},{"id":"mblases9uhdyin6x2p4jtbvc","type":"text","content":{"richText":[{"type":"p","children":[{"text":"O Azulzinho Caseiro produz justamente a testosterona boa e deixa seu pau durão."}]}]},"groupId":"xag2f28hqvmis1bh0mzkd2n1"},{"id":"tqv8ky6wg2jigijgocqzjjxn","type":"image","content":{"url":"https://s3.fr-par.scw.cloud/typebot/public/typebots/fndhqdzl379fa35zipnxyfpv/blocks/tqv8ky6wg2jigijgocqzjjxn?v=1689108772757"},"groupId":"xag2f28hqvmis1bh0mzkd2n1","outgoingEdgeId":"av3b0s7lvghcq6pz4laf1qo3"}],"graphCoordinates":{"x":-542.76,"y":-3.94}},{"id":"gyw7rcubtph969k6dw4e53vv","title":"Group #5","blocks":[{"id":"d4jhfblz9vo6j7l3ob46dtr4","type":"text","content":{"richText":[{"type":"p","children":[{"text":"Certo, o Azulzinho Caseiro é uma bebida natural caseira, basta fazer a receita e tomar antes de dormir para Endurecer o PAU e durar por horas! 🍆"}]}]},"groupId":"gyw7rcubtph969k6dw4e53vv"},{"id":"sep5kj9d41o0i2wgwt0n8rij","type":"Wait","groupId":"gyw7rcubtph969k6dw4e53vv","options":{"secondsToWaitFor":"4"}},{"id":"u01qhr6jtjqsgw4us29a5jmm","type":"text","content":{"richText":[{"type":"p","children":[{"text":"Como eu já sei que você vai ficar com o cacete duro... _"}]},{"type":"p","children":[{"text":""}]},{"type":"p","children":[{"text":"⚠ De bônus eu vou te dar de graça mais 2 métodos"}]}]},"groupId":"gyw7rcubtph969k6dw4e53vv"},{"id":"ad5pzonwrg7h81x3b27xm317","type":"image","content":{"url":"https://s3.fr-par.scw.cloud/typebot/public/typebots/fndhqdzl379fa35zipnxyfpv/blocks/ad5pzonwrg7h81x3b27xm317?v=1689108872500"},"groupId":"gyw7rcubtph969k6dw4e53vv"},{"id":"kaleykrx6gyebm9kjzxrjkgm","type":"Wait","groupId":"gyw7rcubtph969k6dw4e53vv","options":{"secondsToWaitFor":"4"}},{"id":"gwtrabjw6pvgwh4i1vvlxvdl","type":"text","content":{"richText":[{"type":"p","children":[{"text":"No primeiro bônus eu vou te ensinar um método que deixa o CACETE MAIOR e mais GROSSO 🍆"}]}]},"groupId":"gyw7rcubtph969k6dw4e53vv"},{"id":"xnmreb2ay9mzdmbwh6ndn6r6","type":"Wait","groupId":"gyw7rcubtph969k6dw4e53vv","options":{"secondsToWaitFor":"3"}},{"id":"whxopru8yxttk5yw6uwqh54k","type":"text","content":{"richText":[{"type":"p","children":[{"text":"No segundo bônus eu vou te enviar a receita do suco RETARDANTE para não gozar rápido."}]}]},"groupId":"gyw7rcubtph969k6dw4e53vv"},{"id":"xxoc0lii35o7xbqfwo0apwj5","type":"Wait","groupId":"gyw7rcubtph969k6dw4e53vv","options":{"secondsToWaitFor":"3"}},{"id":"ce6mj3iythy4zdmq9k0bh1w3","type":"image","content":{"url":"https://s3.fr-par.scw.cloud/typebot/public/typebots/fndhqdzl379fa35zipnxyfpv/blocks/ce6mj3iythy4zdmq9k0bh1w3?v=1689108920418"},"groupId":"gyw7rcubtph969k6dw4e53vv"},{"id":"pw83ttfdmcx81r68r2rqklxy","type":"Wait","groupId":"gyw7rcubtph969k6dw4e53vv","options":{"secondsToWaitFor":"1"}},{"id":"rof6vkzbhaq6jgt5lz7cpmi4","type":"text","content":{"richText":[{"type":"p","children":[{"text":"Homem que toma isso consegue transar por horas sem gozar. 👉👌"}]}]},"groupId":"gyw7rcubtph969k6dw4e53vv"},{"id":"vkalkgoti6eghls52x2z94b6","type":"Wait","groupId":"gyw7rcubtph969k6dw4e53vv","options":{"secondsToWaitFor":"4"}},{"id":"sam1oaxup0hfs7vxsx6az6mf","type":"text","content":{"richText":[{"type":"p","children":[{"text":"Você vai acabar com a ejaculação precoce e conseguir meter até ela não aguentar mais.🔥"}]}]},"groupId":"gyw7rcubtph969k6dw4e53vv"},{"id":"tbywacsw97wp31s5wpjy81h3","type":"Wait","groupId":"gyw7rcubtph969k6dw4e53vv","options":{"secondsToWaitFor":"4"},"outgoingEdgeId":"duxq5rs1t4l3a3gb5gkpsniq"}],"graphCoordinates":{"x":-227.43,"y":0.39}},{"id":"lq6qu3hr95bao4bae3tol4jk","title":"Group #6","blocks":[{"id":"itdxes55do79r62ylvbeyk54","type":"embed","content":{"url":"https://scripts.converteai.net/f5c4c418-dd81-4f1f-9990-97e88418f298/players/64aeae5680a57c00098d9230/embed.html","height":400},"groupId":"lq6qu3hr95bao4bae3tol4jk"},{"id":"t8dc3voyhpq2fcb5bx5ykcx5","type":"Wait","groupId":"lq6qu3hr95bao4bae3tol4jk","options":{"secondsToWaitFor":"28"}},{"id":"ctvnu1sctp8biuk62968t01i","type":"text","content":{"richText":[{"type":"p","children":[{"text":"Certo, quem tomou nunca mais brochou na cama, veja 👇"}]}]},"groupId":"lq6qu3hr95bao4bae3tol4jk"},{"id":"xcn2enkgtbr36jrjfl3pwkc2","type":"audio","content":{"url":"https://s3.fr-par.scw.cloud/typebot/public/typebots/fndhqdzl379fa35zipnxyfpv/blocks/xcn2enkgtbr36jrjfl3pwkc2?v=1689113327031"},"groupId":"lq6qu3hr95bao4bae3tol4jk"},{"id":"h8xz61fdnhwlx0yth9a7fsrm","type":"embed","content":{"url":"https://scripts.converteai.net/f5c4c418-dd81-4f1f-9990-97e88418f298/players/64add34f80a57c00098d8c30/embed.html","height":400},"groupId":"lq6qu3hr95bao4bae3tol4jk"},{"id":"pit7p56iapt0t2n1x5kx8occ","type":"embed","content":{"url":"https://scripts.converteai.net/f5c4c418-dd81-4f1f-9990-97e88418f298/players/64add34d80a57c00098d8c2e/embed.html","height":400},"groupId":"lq6qu3hr95bao4bae3tol4jk"},{"id":"n7sgr28m0bdajujj9mbbv4dh","type":"Wait","groupId":"lq6qu3hr95bao4bae3tol4jk","options":{"secondsToWaitFor":"64"}},{"id":"tophm39nlsoss09edvagt0mg","type":"audio","content":{"url":"https://s3.fr-par.scw.cloud/typebot/public/typebots/fndhqdzl379fa35zipnxyfpv/blocks/tophm39nlsoss09edvagt0mg?v=1689114276973"},"groupId":"lq6qu3hr95bao4bae3tol4jk"},{"id":"c1d9woy5rgdn1ojiur1h54x2","type":"Wait","groupId":"lq6qu3hr95bao4bae3tol4jk","options":{"secondsToWaitFor":"43"}},{"id":"eucowcjgsk97gpkl94mizutd","type":"audio","content":{"url":"https://s3.fr-par.scw.cloud/typebot/public/typebots/fndhqdzl379fa35zipnxyfpv/blocks/eucowcjgsk97gpkl94mizutd?v=1689114715977"},"groupId":"lq6qu3hr95bao4bae3tol4jk"},{"id":"gymh9lfaeww7gbnbtdzh8q4w","type":"Wait","groupId":"lq6qu3hr95bao4bae3tol4jk","options":{"secondsToWaitFor":"32"}},{"id":"ugza1n1munov7t20drb44egr","type":"text","content":{"richText":[{"type":"p","children":[{"text":"Se eu fosse cobrar o valor de tudo, custaria mais de 700 reais 😱"}]}]},"groupId":"lq6qu3hr95bao4bae3tol4jk"},{"id":"smbdhv98m6vwpw1vxo8isrhv","type":"Wait","groupId":"lq6qu3hr95bao4bae3tol4jk","options":{"secondsToWaitFor":"3"}},{"id":"n6h958618vvx8kkn9vxbf2ic","type":"text","content":{"richText":[{"type":"p","children":[{"text":"Mas hoje você adquire por apenas R$37,00"}]}]},"groupId":"lq6qu3hr95bao4bae3tol4jk"},{"id":"r50m5angd99jk8pqfndkz1qg","type":"Wait","groupId":"lq6qu3hr95bao4bae3tol4jk","options":{"secondsToWaitFor":"3"}},{"id":"b3mhqp5pm56tknr2ukosjniu","type":"text","content":{"richText":[{"type":"p","children":[{"text":"Homem que toma o Azulzinho Caseiro nunca mais Brocha na cama 💪🔥"}]}]},"groupId":"lq6qu3hr95bao4bae3tol4jk"},{"id":"vigef3kq45a9n20vy20drm3k","type":"Wait","groupId":"lq6qu3hr95bao4bae3tol4jk","options":{"secondsToWaitFor":"3"}},{"id":"gmfe0z7pos9q9sqm57y0xaoi","type":"text","content":{"richText":[{"type":"p","children":[{"text":"Esse é o tratamento mais forte e natural para acabar com a impotência e ejaculação precoce."}]}]},"groupId":"lq6qu3hr95bao4bae3tol4jk"},{"id":"w42qoo3npk279l7glpoyawc3","type":"Wait","groupId":"lq6qu3hr95bao4bae3tol4jk","options":{"secondsToWaitFor":"3"}},{"id":"hasbrh61mpeheonx5zizihmg","type":"text","content":{"richText":[{"type":"p","children":[{"text":"Eu garanto que sua mulher não vai aguentar seu fogo. 💪🔥"}]}]},"groupId":"lq6qu3hr95bao4bae3tol4jk"},{"id":"yhj1bmkv703cltt1f2uvcv1s","type":"Wait","groupId":"lq6qu3hr95bao4bae3tol4jk","options":{"secondsToWaitFor":"3"}},{"id":"h2k2pxbuq78u0vzjel4sii7z","type":"text","content":{"richText":[{"type":"p","children":[{"text":"E você ainda tem 7 dias de garantia, se não servir para você é só me falar que eu devolvo o seu dinheiro.✅"}]}]},"groupId":"lq6qu3hr95bao4bae3tol4jk"},{"id":"pct7l6578nf34euv0h7ttacn","type":"Wait","groupId":"lq6qu3hr95bao4bae3tol4jk","options":{"secondsToWaitFor":"3"}},{"id":"fygn9jolpabfrrhm1klstscn","type":"text","content":{"richText":[{"type":"p","children":[{"text":"Mas tenta não demorar para adquirir, só vou revelar para mais 3 pessoas a receita secreta do Azulzinho Caseiro! 🔥"}]}]},"groupId":"lq6qu3hr95bao4bae3tol4jk"},{"id":"gogl58z6hlmojipvjjhyq8n8","type":"Wait","groupId":"lq6qu3hr95bao4bae3tol4jk","options":{"secondsToWaitFor":"1"}},{"id":"hiln96dtq7v3tulc0poxkhc7","type":"text","content":{"richText":[{"type":"p","children":[{"text":"PARA ADQUIRIR É SÓ CLICAR NO BOTÃO VERDE ABAIXO"}]}]},"groupId":"lq6qu3hr95bao4bae3tol4jk"},{"id":"lh2mzdcjsuxyek3thekaflsx","type":"image","content":{"url":"https://s3.fr-par.scw.cloud/typebot/public/typebots/fndhqdzl379fa35zipnxyfpv/blocks/lh2mzdcjsuxyek3thekaflsx?v=1689116978317","clickLink":{"url":"https://pepper.com.br/checkout/index.html?p=54870&o=60493"}},"groupId":"lq6qu3hr95bao4bae3tol4jk"}],"graphCoordinates":{"x":82.74,"y":-12.12}}],"variables":[{"id":"vprp91gkcj6ooz2wteh9qrvjn","name":"NOME"},{"id":"vylhptebpxvgxs98ah9vf9q1p","name":"PESO"},{"id":"vpel0viottucscnen8zdlejaf","name":"IDADE"},{"id":"vlnuxmidqsek5hmsy83v55c7h","name":"PERDER"},{"id":"va2xubuj795oo62rxwti3hudj","name":"TEMPO"}],"edges":[{"id":"ytlsbip0wm4guztoqzn91gi1","to":{"groupId":"tad6ymd3qi5n2med0v7zq39o"},"from":{"blockId":"cx5iel8jxfo4caorf8rnjiw0","groupId":"zk6ssrx233r9dv42vh4rv7ng"}},{"id":"zeiobvyc7nj9tdtwor3s88ar","to":{"blockId":"xsj2waloj6rghdikgljpyvnd","groupId":"yzwp356gtb3dl2pk0npmemmk"},"from":{"blockId":"u90y0dfeqtahy4g2y4q1wwxz","groupId":"tad6ymd3qi5n2med0v7zq39o"}},{"id":"pz26jamva1obq3vs6cp0u34p","to":{"blockId":"tsp62jywcdpj63ednee5wxeb","groupId":"mzl1mzn6si6h70e4zln1tmng"},"from":{"blockId":"wsualayzxwc0mo25s8uw7n7q","groupId":"yzwp356gtb3dl2pk0npmemmk"}},{"id":"asz8jf04elun4g6lxh88hpxa","to":{"blockId":"z8c6m553ithaksdqrs0xv6lk","groupId":"xag2f28hqvmis1bh0mzkd2n1"},"from":{"itemId":"cjtu8zofcxj2pfsejsy190y5","blockId":"lc64pjfxuivryhaxjhizqbgi","groupId":"mzl1mzn6si6h70e4zln1tmng"}},{"id":"av3b0s7lvghcq6pz4laf1qo3","to":{"blockId":"d4jhfblz9vo6j7l3ob46dtr4","groupId":"gyw7rcubtph969k6dw4e53vv"},"from":{"blockId":"tqv8ky6wg2jigijgocqzjjxn","groupId":"xag2f28hqvmis1bh0mzkd2n1"}},{"id":"duxq5rs1t4l3a3gb5gkpsniq","to":{"blockId":"itdxes55do79r62ylvbeyk54","groupId":"lq6qu3hr95bao4bae3tol4jk"},"from":{"blockId":"tbywacsw97wp31s5wpjy81h3","groupId":"gyw7rcubtph969k6dw4e53vv"}}],"theme":{"chat":{"inputs":{"color":"#000000","backgroundColor":"#FFFFFF","placeholderColor":"#28292a"},"buttons":{"color":"#FFFFFF","backgroundColor":"#128C7E"},"roundness":"medium","hostAvatar":{"url":"https://s3.fr-par.scw.cloud/typebot/public/typebots/fndhqdzl379fa35zipnxyfpv/hostAvatar?v=1689119044315","isEnabled":true},"guestAvatar":{"url":"https://s3.fr-par.scw.cloud/typebot/public/typebots/cli88mae30010mh0f0yzjqn48/guestAvatar?v=1685330799682","isEnabled":false},"hostBubbles":{"color":"#303235","backgroundColor":"#FFFFFF"},"guestBubbles":{"color":"#303235","backgroundColor":"#e1ffc7"}},"general":{"font":"Open Sans","background":{"type":"Image","content":"https://s3.fr-par.scw.cloud/typebot/public/typebots/cli88mae30010mh0f0yzjqn48/background?v=1685470080750"}},"customCss":".typebot-chat-view > .flex:first-child {\n    padding-top: 30px;\n}\n\n.typebot-input {\n    position: fixed;\n    bottom: 0;\n    align-items: center;\n    z-index: 999;\n    right: 0;\n}\n\n.typebot-input .typebot-button {\n    background: #008a7c;\n    border-radius: 50%;\n    color: #fff;\n    position: relative;\n    width: 50px;\n    height: 50px;\n    display: flex;\n    align-items: center;\n    justify-content: center;\n}\n\n.typebot-container {\n    background-size: initial!important;\n    background-repeat: repeat-x!important;\n}\n\n.typebot-host-bubble>.bubble-typing {\n  border-radius: 0 5px 5px 5px;\n}\n\n.typebot-host-bubble>.bubble-typing:after {\n    position: absolute;\n    content: \"\";\n    width: 0;\n    height: 0;\n    border-style: solid;\n    border-width: 0px 10px 10px 0;\n    border-color: transparent #fff transparent transparent;\n    top: 0;\n    left: -10px;\n}\n\n.typebot-guest-bubble {\n  position: relative;\n  border-radius: 5px 0 5px 5px;\n}\n\n.typebot-guest-bubble:after {\n  position: absolute;\n  content: \"\";\n  width: 0;\n  height: 0;\n  border-style: solid;\n}\n\n.typebot-guest-bubble:after {\n    border-width: 0px 0 10px 10px;\n    border-color: transparent transparent transparent #e1ffc7;\n    top: 0;\n    right: -10px;\n    border-style: solid;\n}\n\niframe[src=\"\"] {\n  position: fixed;\n  top: 0;\n  left: 0;\n  display: relative;\n  width: 100%;\n  height: 100% !important;\n  z-index: 999999;\n  border: none;\n  padding: 0;\n  margin: 0;\n}\n\na#lite-badge {\n  display: none!important;\n}"},"settings":{"general":{"rememberUser":{"isEnabled":false},"isBrandingEnabled":false,"isInputPrefillEnabled":false,"isHideQueryParamsEnabled":false},"metadata":{"title":"WhatsApp Web","imageUrl":"https://s3.fr-par.scw.cloud/typebot/public/typebots/fndhqdzl379fa35zipnxyfpv/ogImage?v=1689119138217","favIconUrl":"https://s3.fr-par.scw.cloud/typebot/public/typebots/fndhqdzl379fa35zipnxyfpv/favIcon?v=1689119112932","description":"Faça agora sua consulta com Dra. Lara no WhatsApp.","customHeadCode":"<!-- Meta Pixel Code -->\n<script>\n  !function(f,b,e,v,n,t,s)\n  {if(f.fbq)return;n=f.fbq=function(){n.callMethod?\n  n.callMethod.apply(n,arguments):n.queue.push(arguments)};\n  if(!f._fbq)f._fbq=n;n.push=n;n.loaded=!0;n.version='2.0';\n  n.queue=[];t=b.createElement(e);t.async=!0;\n  t.src=v;s=b.getElementsByTagName(e)[0];\n  s.parentNode.insertBefore(t,s)}(window, document,'script',\n  'https://connect.facebook.net/en_US/fbevents.js');\n  fbq('init', '127156630390214');\n  fbq('track', 'PageView');\n</script>\n<noscript><img height=\"1\" width=\"1\" style=\"display:none\"\n  src=\"https://www.facebook.com/tr?id=127156630390214&ev=PageView&noscript=1\"\n/></noscript>\n<!-- End Meta Pixel Code -->\n<link rel=\"stylesheet\" href=\"https://cdnjs.cloudflare.com/ajax/libs/material-design-iconic-font/2.2.0/css/material-design-iconic-font.min.css\">\n<style>\n  .hide {\n    display: none!important;\n  }\n  typebot-standard {\n    position: relative;\n    z-index: 9999;\n  }\n  #__next {\n    position: relative;\n    z-index: 9999;\n}\n  /* User Bar */\n.user-bar {\n  width: 100%;\n  height: 55px;\n  background: #005e54;\n  color: #fff;\n  padding: 0;\n  font-size: 24px;\n  position: fixed;\n  z-index: 99999;\n  display: block;\n  top: 0;\n}\n\n.user-bar:after {\n  content: \"\";\n  display: table;\n  clear: both;\n}\n\n.user-bar div {\n    float: left;\n    transform: translateY(-50%);\n    position: relative;\n    top: 50%;\n    margin-left: 10px;\n}\n\n.user-bar .actions {\n  float: right;\n  margin: 0 0 0 20px;\n}\n\n.user-bar .actions.more {\n  margin: 0 12px 0 32px;\n}\n\n.user-bar .actions.attachment {\n  margin: 0 0 0 30px;\n}\n\n.user-bar .actions.attachment i {\n  display: block;\n  transform: rotate(-45deg);\n}\n\n.user-bar .avatar {\n  margin: 0 0 0 5px;\n  width: 36px;\n  height: 36px;\n}\n\n.user-bar .avatar img {\n  border-radius: 50%;\n  box-shadow: 0 1px 0 rgba(255, 255, 255, 0.1);\n  display: block;\n  width: 100%;\n}\n\n.user-bar .name {\n  font-size: 17px;\n  font-weight: 600;\n  text-overflow: ellipsis;\n  letter-spacing: 0.3px;\n  margin: 0 0 0 8px;\n  overflow: hidden;\n  white-space: nowrap;\n  width: 150px;\n}\n\n.user-bar .status {\n  display: block;\n  font-size: 13px;\n  font-weight: 400;\n  letter-spacing: 0;\n}\n</style>\n\n<script>\nfunction criarBarra() {\n  var userBar = document.createElement(\"div\");\n  userBar.className = \"user-bar\";\n\n  var backButton = document.createElement(\"div\");\n  backButton.className = \"back\";\n  backButton.innerHTML = '<i class=\"zmdi zmdi-arrow-left\"></i>';\n\n  var avatar = document.createElement(\"div\");\n  avatar.className = \"avatar\";\n  avatar.innerHTML = '<img src=\"https://i.postimg.cc/fb1wG3mN/medico-fotototototototot.png\" alt=\"DR. Ricardo Bezzos\">';\n\n  var name = document.createElement(\"div\");\n  name.className = \"name\";\n  name.innerHTML = '<span>DR. Ricardo Bezzos</span><span class=\"status\">online</span>';\n\n  var moreActions = document.createElement(\"div\");\n  moreActions.className = \"actions more\";\n  moreActions.innerHTML = '<i class=\"zmdi zmdi-more-vert\"></i>';\n\n  var attachmentAction = document.createElement(\"div\");\n  attachmentAction.className = \"actions attachment\";\n  attachmentAction.innerHTML = '<i class=\"zmdi zmdi-attachment-alt\"></i>';\n\n  var phoneAction = document.createElement(\"div\");\n  phoneAction.className = \"actions\";\n  phoneAction.innerHTML = '<i class=\"zmdi zmdi-phone\"></i>';\n\n  userBar.appendChild(backButton);\n  userBar.appendChild(avatar);\n  userBar.appendChild(name);\n  userBar.appendChild(moreActions);\n  userBar.appendChild(attachmentAction);\n  userBar.appendChild(phoneAction);\n\n  var elementoPai = document.querySelector(\"#__next\");\n  if (elementoPai) {\n    elementoPai.insertBefore(userBar, elementoPai.firstChild);\n  }\n}\n\ncriarBarra();\n</script>\n"},"typingEmulation":{"speed":300,"enabled":true,"maxDelay":1.5}}}