{"id":"clkh0tolp002elb0fd6d3oc20","version":"3","groups":[{"id":"tach1mdcb28wai43iqawwmsn","title":"Start","blocks":[{"id":"cx5iel8jxfo4caorf8rnjiw0","type":"start","label":"Start","groupId":"tach1mdcb28wai43iqawwmsn","outgoingEdgeId":"opc497dqpaosyqnp5e2kcnbe"}],"graphCoordinates":{"x":-1820.31,"y":-88.7}},{"id":"ahgrx34z4j2q69jtapmh4lk7","title":"","blocks":[{"id":"kl16bf94mpvm7ux0w9yhaksc","type":"text","content":{"richText":[{"type":"p","children":[{"text":"Olá, seja Bem vindaa.."}]},{"type":"p","children":[{"text":""}]},{"type":"p","children":[{"text":"Sou a Danii, especialista do "},{"bold":true,"text":"LibidGotas. "}]},{"type":"p","children":[{"bold":true,"text":""}]},{"type":"p","children":[{"bold":true,"text":"O primeiro VIAGRA FEMININO NATURAL"},{"text":" que esta ajudando milhares de mulheres a ter orgasmo e voltar a ter Libido e Desejo sexual e até mesmo Lubrificação natural "},{"text":"mesmo após os 50 anos de idade","underline":true},{"text":"."}]},{"type":"p","children":[{"text":""}]},{"type":"p","children":[{"text":"Vou te explicar tudo como ele funciona.."}]},{"type":"p","children":[{"text":""}]},{"type":"p","children":[{"text":"Este aqui é o Produto 👇"}]}]},"groupId":"ahgrx34z4j2q69jtapmh4lk7"},{"id":"krusqos3u017ubhljkmam0zs","type":"Wait","groupId":"ahgrx34z4j2q69jtapmh4lk7","options":{"secondsToWaitFor":"5"}},{"id":"m07roibvzaq8czh6sle8mzzm","type":"image","content":{"url":"https://s3.fr-par.scw.cloud/typebot/public/typebots/qtdq6krb3rani5og711cqe0x/blocks/m07roibvzaq8czh6sle8mzzm?v=1689444816224"},"groupId":"ahgrx34z4j2q69jtapmh4lk7","outgoingEdgeId":"sukvhmuu0qxr5j3deslxe0x6"}],"graphCoordinates":{"x":-1435.31,"y":23.22}},{"id":"ahpef96pvywvkdia863ln6eg","title":"","blocks":[{"id":"p72v7j6oia4oy91v9dwbeind","type":"text","content":{"richText":[{"type":"p","children":[{"text":"Prazer, {{NOME}}!"}]},{"type":"p","children":[{"text":""}]},{"type":"p","children":[{"text":"Vou te passar todas as informações.."}]},{"type":"p","children":[{"text":""}]},{"type":"p","children":[{"text":""}]},{"type":"p","children":[{"text":"Se seu problema for"},{"bold":true,"text":" falta de libido, menopausa e falta de desejo sexual,"},{"text":" ESCUTA O AUDIO ABAIXO:"}]},{"type":"p","children":[{"text":""}]},{"type":"p","children":[{"text":"👇👇"}]}]},"groupId":"ahpef96pvywvkdia863ln6eg"},{"id":"nezqwo0134rmja39k4nq1bqg","type":"Wait","groupId":"ahpef96pvywvkdia863ln6eg","options":{"secondsToWaitFor":"5"}},{"id":"iiqgyr6gccmrp14cpq9jqwdw","type":"audio","content":{"url":"https://s3.fr-par.scw.cloud/typebot/public/typebots/qtdq6krb3rani5og711cqe0x/blocks/iiqgyr6gccmrp14cpq9jqwdw?v=1689045128863"},"groupId":"ahpef96pvywvkdia863ln6eg"},{"id":"foinnrs13xh3rn079jg61i57","type":"Wait","groupId":"ahpef96pvywvkdia863ln6eg","options":{"secondsToWaitFor":"38"}},{"id":"kz5qvkzrwgwknvgjbrka2sdr","type":"image","content":{"url":"https://s3.fr-par.scw.cloud/typebot/public/typebots/qtdq6krb3rani5og711cqe0x/blocks/kz5qvkzrwgwknvgjbrka2sdr?v=1689045198954"},"groupId":"ahpef96pvywvkdia863ln6eg"},{"id":"zui2rgpps5hpl8ojufhjt71p","type":"Wait","groupId":"ahpef96pvywvkdia863ln6eg","options":{"secondsToWaitFor":"5"}},{"id":"v9chhjdinw6ehs94eym5pfup","type":"text","content":{"richText":[{"type":"p","children":[{"text":"Olha só esse gráfico que mostra hoje como você está e "},{"bold":true,"text":"como você vai ficar tomando o Libidgotas"},{"text":" "}]},{"type":"p","children":[{"text":""}]},{"type":"p","children":[{"text":"👇👇"}]}]},"groupId":"ahpef96pvywvkdia863ln6eg"},{"id":"alverzlqc7z3vhxbdqa7f17j","type":"Wait","groupId":"ahpef96pvywvkdia863ln6eg","options":{"secondsToWaitFor":"2"}},{"id":"fuhtqt7mym9hwbu57x3v33hi","type":"image","content":{"url":"https://s3.fr-par.scw.cloud/typebot/public/typebots/qtdq6krb3rani5og711cqe0x/blocks/fuhtqt7mym9hwbu57x3v33hi?v=1689045827849"},"groupId":"ahpef96pvywvkdia863ln6eg"},{"id":"nrmdq8t2sc0et10xhdjfmxtu","type":"Wait","groupId":"ahpef96pvywvkdia863ln6eg","options":{"secondsToWaitFor":"5"}},{"id":"jgkvro7w96rqd2kk1h589yri","type":"text","content":{"richText":[{"type":"p","children":[{"bold":true,"text":"👉 ELE é 100% NATURAL"},{"text":", e Não tem efeito colateral nenhum e nenhuma contra-indicação, e vai te ajudar da seguinte forma:"}]},{"type":"p","children":[{"text":""}]},{"type":"p","children":[{"text":"Escuta o audio:","italic":true}]}]},"groupId":"ahpef96pvywvkdia863ln6eg"},{"id":"r4eb79v9uaypgtwe9ncs64b4","type":"audio","content":{"url":"https://s3.fr-par.scw.cloud/typebot/public/typebots/qtdq6krb3rani5og711cqe0x/blocks/r4eb79v9uaypgtwe9ncs64b4?v=1689045962968"},"groupId":"ahpef96pvywvkdia863ln6eg"},{"id":"jf2qj31mz1cb2000oww16frp","type":"Wait","groupId":"ahpef96pvywvkdia863ln6eg","options":{"secondsToWaitFor":"61"}},{"id":"mukx3vkotwgw0yv6tnquq2a8","type":"audio","content":{"url":"https://s3.fr-par.scw.cloud/typebot/public/typebots/qtdq6krb3rani5og711cqe0x/blocks/mukx3vkotwgw0yv6tnquq2a8?v=1689444555677"},"groupId":"ahpef96pvywvkdia863ln6eg"},{"id":"ecafqweadg29op5i8igiaiwr","type":"Wait","groupId":"ahpef96pvywvkdia863ln6eg","options":{"secondsToWaitFor":"40"}},{"id":"ll5p3zegi56wbnm0oe6wiuu9","type":"text","content":{"richText":[{"type":"p","children":[{"text":"Ola só o relato dessa cliente que está tomando o LibidGotas.."}]},{"type":"p","children":[{"text":""}]},{"type":"p","children":[{"text":"🔥🔥🔥🔥🔥"}]}]},"groupId":"ahpef96pvywvkdia863ln6eg"},{"id":"oyp57v9cswj8q10tt0zybr3o","type":"Wait","groupId":"ahpef96pvywvkdia863ln6eg","options":{"secondsToWaitFor":"3"}},{"id":"pxsw0owu5yfb4vi9azgpnf28","type":"embed","content":{"url":"https://scripts.converteai.net/5f48078c-aa32-453e-bc91-78d301a72377/players/64a85bde01f8d3000957f485/embed.html","height":600},"groupId":"ahpef96pvywvkdia863ln6eg"},{"id":"wm72zw11vyns90zbcesv222w","type":"Wait","groupId":"ahpef96pvywvkdia863ln6eg","options":{"secondsToWaitFor":"35"}},{"id":"i1cy6m1c6arplp351txg3slr","type":"text","content":{"richText":[{"type":"p","children":[{"text":"Veja também o relato da Juliana.."}]}]},"groupId":"ahpef96pvywvkdia863ln6eg"},{"id":"tsgfgr487t7njui4bj2xylxa","type":"embed","content":{"url":"https://scripts.converteai.net/5f48078c-aa32-453e-bc91-78d301a72377/players/64a86159780f700008d98201/embed.html","height":400},"groupId":"ahpef96pvywvkdia863ln6eg"},{"id":"ud3arlkt1z4v6lv1sfnylrdt","type":"Wait","groupId":"ahpef96pvywvkdia863ln6eg","options":{"secondsToWaitFor":"10"}},{"id":"qlzpncdli50qn183tmygy5zl","type":"text","content":{"richText":[{"type":"p","children":[{"bold":true,"text":"{{NOME}} Você"},{"text":" "},{"bold":true,"text":"ficaria"},{"text":" "},{"bold":true,"text":"feliz"},{"text":" com esses resultados??"}]},{"type":"p","children":[{"text":""}]},{"type":"p","children":[{"text":"É isso mesmo que você procura ?"}]},{"type":"p","children":[{"text":""}]},{"type":"p","children":[{"text":"Digite para Responder abaixo👇","italic":true}]}]},"groupId":"ahpef96pvywvkdia863ln6eg"},{"id":"b2923j6eho3hoitcyt7t2elu","type":"text input","groupId":"ahpef96pvywvkdia863ln6eg","options":{"isLong":false,"labels":{"button":"Enviar","placeholder":"Digite aqui..."}},"outgoingEdgeId":"czbgxbqg9nej3x5fs7uh4v50"}],"graphCoordinates":{"x":-645.83,"y":-28.9}},{"id":"ecfpbt2anqfwj4gqzh10ug7q","title":"","blocks":[{"id":"szqj8qbpnnn3umgtu2073413","type":"text","content":{"richText":[{"type":"p","children":[{"text":"Que bomm!"}]},{"type":"p","children":[{"text":""}]},{"type":"p","children":[{"bold":true,"text":"Esses são os Benefícios do LibidGotas"},{"text":" 👇"}]}]},"groupId":"ecfpbt2anqfwj4gqzh10ug7q"},{"id":"txkzg3nq7zg9xg4ip5kaicx9","type":"Wait","groupId":"ecfpbt2anqfwj4gqzh10ug7q","options":{"secondsToWaitFor":"3"}},{"id":"f79ru6dedcyjtkkye1yid1v3","type":"text","content":{"richText":[{"type":"p","children":[{"text":"✅ Recupera Libido"}]},{"type":"p","children":[{"text":"✅ Aumenta "},{"bold":true,"text":"Desejo Sexual"}]},{"type":"p","children":[{"text":"✅ Intensifica o Orgasmo"}]},{"type":"p","children":[{"text":"✅ Acaba com a "},{"bold":true,"text":"MENOPAUSA"}]},{"type":"p","children":[{"text":"✅ Diminui o Estresse"}]},{"type":"p","children":[{"text":"✅ Melhora seu Relacionamento"}]},{"type":"p","children":[{"text":"✅ Mais apetite sexual"}]},{"type":"p","children":[{"text":"✅ Sensação de bem estar"}]},{"type":"p","children":[{"text":"✅ Controla os Hormônios"}]}]},"groupId":"ecfpbt2anqfwj4gqzh10ug7q"},{"id":"ajrb9odpovoh1qrju3wubv7r","type":"Wait","groupId":"ecfpbt2anqfwj4gqzh10ug7q","options":{"secondsToWaitFor":"5"},"outgoingEdgeId":"lbekr4x0cbr2qv9uk51zshg9"}],"graphCoordinates":{"x":-248.82,"y":24.24}},{"id":"pqmal8hebqigns34qig2sykv","title":"","blocks":[{"id":"qxhdyp7zce3in4k4hozn96ij","type":"text","content":{"richText":[{"type":"p","children":[{"text":"Antes de te explicar como o LibiGotas funciona.."}]},{"type":"p","children":[{"text":""}]},{"type":"p","children":[{"bold":true,"text":"Qual o SEU NOME?"}]},{"type":"p","children":[{"text":""}]},{"type":"p","children":[{"text":"Digite seu NOME abaixo 👇","italic":true}]}]},"groupId":"pqmal8hebqigns34qig2sykv"},{"id":"q3rvxxs1d0r6qx8w6wb9m885","type":"text input","groupId":"pqmal8hebqigns34qig2sykv","options":{"isLong":false,"labels":{"button":"Enviar","placeholder":"Digite aqui..."},"variableId":"vprp91gkcj6ooz2wteh9qrvjn"}},{"id":"wtxncshnabpy93ppl1lw14r0","type":"Wait","groupId":"pqmal8hebqigns34qig2sykv","options":{"secondsToWaitFor":"2"},"outgoingEdgeId":"vgeuymme9rr5rkvz02aoe5ah"}],"graphCoordinates":{"x":-1036.26,"y":-1.1}},{"id":"vm9k1nupfb0wanxi72m5ykl6","title":"","blocks":[{"id":"dkk90f6a4tn9vqzv8gz9cy0t","type":"text","content":{"richText":[{"type":"p","children":[{"text":"Pra você garantir seu LidibGotas HOJE"}]},{"type":"p","children":[{"text":""}]},{"type":"p","children":[{"text":"Com os 2 Bônus:"}]},{"type":"p","children":[{"text":""}]},{"type":"p","children":[{"bold":true,"text":"1 - Ebook de Receitas para acabar com os Efeitos da Menopausa","italic":true}]},{"type":"p","children":[{"text":""}]},{"type":"p","children":[{"bold":true,"text":"1 - Como resolver o ressecamento e Lubrificação Vaginal","italic":true}]},{"type":"p","children":[{"text":""}]},{"type":"p","children":[{"text":"Hoje estamos com Super DESCONTO!!!"}]}]},"groupId":"vm9k1nupfb0wanxi72m5ykl6"},{"id":"gazslgsdoq2o2iv5km3a45re","type":"Wait","groupId":"vm9k1nupfb0wanxi72m5ykl6","options":{"secondsToWaitFor":"3"}},{"id":"yd6o0znsv4yappl5fniaeacn","type":"text","content":{"richText":[{"type":"p","children":[{"text":"Vou deixar abaixo os valores, "},{"bold":true,"text":"quanto mais frascos você comprar, mais barato fica!"}]},{"type":"p","children":[{"text":""}]},{"type":"p","children":[{"bold":true,"text":"TOQUE em cima do KIT que você quer escolher 👇👇","italic":true}]}]},"groupId":"vm9k1nupfb0wanxi72m5ykl6"},{"id":"tzx079oy5blalafb5px5zeyz","type":"picture choice input","items":[{"id":"qe8i7kiebt02l8qq3kmsvjeu","type":3,"title":"1 frasco por R$ 197","blockId":"tzx079oy5blalafb5px5zeyz","pictureSrc":"https://s3.fr-par.scw.cloud/typebot/public/typebots/qtdq6krb3rani5og711cqe0x/blocks/tzx079oy5blalafb5px5zeyz/items/qe8i7kiebt02l8qq3kmsvjeu?v=1689534277970","description":"1 frasco com FRETE GRÁTIS em até 12x Cartão de Crédito ou PIX e Boleto á vista","outgoingEdgeId":"i7xy14idh5zlwt1syh7pj251"},{"id":"su55p3p26n4trzc31v453van","type":3,"title":"2 frascos por R$ 247 ","blockId":"tzx079oy5blalafb5px5zeyz","pictureSrc":"https://s3.fr-par.scw.cloud/typebot/public/typebots/qtdq6krb3rani5og711cqe0x/blocks/tzx079oy5blalafb5px5zeyz/items/su55p3p26n4trzc31v453van?v=1689534286250","description":"Apenas R$ 123,50 CADA FRASCO com + de 40% de Desconto na segunda unidade!","outgoingEdgeId":"irzoslwdtwoux81vokg6w8rt"},{"id":"w54s48v236t1ccm1m2k9wn8p","type":3,"title":"3 FRASCOS por R$ 297","blockId":"tzx079oy5blalafb5px5zeyz","pictureSrc":"https://s3.fr-par.scw.cloud/typebot/public/typebots/qtdq6krb3rani5og711cqe0x/blocks/tzx079oy5blalafb5px5zeyz/items/w54s48v236t1ccm1m2k9wn8p?v=1689534291590","description":"Apenas R$ 99,00 CADA FRASCO com 50% Desconto em TODOS\n","outgoingEdgeId":"sxkqdsobrwy7o2f9a0w7jkqh"},{"id":"m01yjsz9rloxo8ao272g57gv","type":3,"title":"6 FRASCOS por R$ 397","blockId":"tzx079oy5blalafb5px5zeyz","pictureSrc":"https://s3.fr-par.scw.cloud/typebot/public/typebots/qtdq6krb3rani5og711cqe0x/blocks/tzx079oy5blalafb5px5zeyz/items/m01yjsz9rloxo8ao272g57gv?v=1689534350231","description":"Apenas R$ 66,15 CADA FRASCO com 60% Desconto em TODOS","outgoingEdgeId":"d9jai1xoc89bysw4b7lmg2yh"},{"id":"yk9tfh6w1ioqp4kigqej7v58","type":3,"title":"Suporte","blockId":"tzx079oy5blalafb5px5zeyz","pictureSrc":"https://s3.fr-par.scw.cloud/typebot/public/typebots/uo29wddmshcxdkz569wozz8i/blocks/tzx079oy5blalafb5px5zeyz/items/yk9tfh6w1ioqp4kigqej7v58?v=1690216174671","description":"Se tiver dificuldade e precisar de ajuda em algo, clica no  ABAIXO para falar com nosso atendimento no Whatsapp","outgoingEdgeId":"actt22zqoshbgdgwk8d8lgbg"}],"groupId":"vm9k1nupfb0wanxi72m5ykl6","options":{"buttonLabel":"Send","searchInputPlaceholder":"Filter the options..."}}],"graphCoordinates":{"x":175.18,"y":96.42}},{"id":"akame0r5x1ao06y9ngulzu5c","title":"","blocks":[{"id":"j6d0bi9ikjbh8da7pw69wfuh","type":"Redirect","groupId":"akame0r5x1ao06y9ngulzu5c","options":{"url":"https://ev.braip.com/campanhas/cpa/cam2lng5v","isNewTab":false}}],"graphCoordinates":{"x":1027.99,"y":914.35}},{"id":"j5bwpy7lhijsyixq1b8tyuwp","title":"","blocks":[{"id":"xi6ie9awdevn0alycow297c3","type":"Redirect","groupId":"j5bwpy7lhijsyixq1b8tyuwp","options":{"url":"https://ev.braip.com/campanhas/cpa/cam85jvkj","isNewTab":false}}],"graphCoordinates":{"x":1053.11,"y":1315.04}},{"id":"u2em6piwtrf8uo7ldy2send3","title":"","blocks":[{"id":"xio6zog8dbkqq4tp6t1fwkc7","type":"Redirect","groupId":"u2em6piwtrf8uo7ldy2send3","options":{"url":"https://ev.braip.com/campanhas/cpa/cam7pkzrm","isNewTab":false}}],"graphCoordinates":{"x":1087.33,"y":1496.26}},{"id":"k7arjf0agejkm1x1qukxt1d5","title":"","blocks":[{"id":"onyi4hlbj1lncxyxzxv5j2c5","type":"Redirect","groupId":"k7arjf0agejkm1x1qukxt1d5","options":{"url":"https://ev.braip.com/campanhas/cpa/camyemn78","isNewTab":false}}],"graphCoordinates":{"x":1040.11,"y":1121.9}},{"id":"drjykdx8v3xvkyd15w9tnrv8","title":"BOTAO WPP","blocks":[{"id":"nrnqut6kxg06ip3aa4jzhheh","type":"choice input","items":[{"id":"ap8t2k35lx28yz3dhff7hjlf","type":0,"blockId":"nrnqut6kxg06ip3aa4jzhheh","content":"PRECISO DE AJUDA!","outgoingEdgeId":"x856pxj5l7ywwkrx9a1w2npp"}],"groupId":"drjykdx8v3xvkyd15w9tnrv8","options":{"buttonLabel":"Send","isSearchable":false,"isMultipleChoice":false,"searchInputPlaceholder":"Filter the options..."}}],"graphCoordinates":{"x":557.38,"y":1680.42}},{"id":"c7ko0suzl6abzjyq14e4jhd3","title":"Group #12","blocks":[{"id":"l3lzah2htlj243tt1v4im78j","type":"Redirect","groupId":"c7ko0suzl6abzjyq14e4jhd3","options":{"url":"wa.me//5521987443246","isNewTab":true}}],"graphCoordinates":{"x":1261.98,"y":1984.18}}],"variables":[{"id":"vprp91gkcj6ooz2wteh9qrvjn","name":"NOME"},{"id":"vylhptebpxvgxs98ah9vf9q1p","name":"PESO"},{"id":"vpel0viottucscnen8zdlejaf","name":"IDADE"},{"id":"vlnuxmidqsek5hmsy83v55c7h","name":"PERDER"},{"id":"va2xubuj795oo62rxwti3hudj","name":"TEMPO"}],"edges":[{"id":"opc497dqpaosyqnp5e2kcnbe","to":{"blockId":"kl16bf94mpvm7ux0w9yhaksc","groupId":"ahgrx34z4j2q69jtapmh4lk7"},"from":{"blockId":"cx5iel8jxfo4caorf8rnjiw0","groupId":"tach1mdcb28wai43iqawwmsn"}},{"id":"czbgxbqg9nej3x5fs7uh4v50","to":{"blockId":"f79ru6dedcyjtkkye1yid1v3","groupId":"ecfpbt2anqfwj4gqzh10ug7q"},"from":{"blockId":"b2923j6eho3hoitcyt7t2elu","groupId":"ahpef96pvywvkdia863ln6eg"}},{"id":"i7xy14idh5zlwt1syh7pj251","to":{"blockId":"j6d0bi9ikjbh8da7pw69wfuh","groupId":"akame0r5x1ao06y9ngulzu5c"},"from":{"itemId":"qe8i7kiebt02l8qq3kmsvjeu","blockId":"tzx079oy5blalafb5px5zeyz","groupId":"vm9k1nupfb0wanxi72m5ykl6"}},{"id":"sxkqdsobrwy7o2f9a0w7jkqh","to":{"groupId":"j5bwpy7lhijsyixq1b8tyuwp"},"from":{"itemId":"w54s48v236t1ccm1m2k9wn8p","blockId":"tzx079oy5blalafb5px5zeyz","groupId":"vm9k1nupfb0wanxi72m5ykl6"}},{"id":"irzoslwdtwoux81vokg6w8rt","to":{"blockId":"onyi4hlbj1lncxyxzxv5j2c5","groupId":"k7arjf0agejkm1x1qukxt1d5"},"from":{"itemId":"su55p3p26n4trzc31v453van","blockId":"tzx079oy5blalafb5px5zeyz","groupId":"vm9k1nupfb0wanxi72m5ykl6"}},{"id":"vgeuymme9rr5rkvz02aoe5ah","to":{"blockId":"p72v7j6oia4oy91v9dwbeind","groupId":"ahpef96pvywvkdia863ln6eg"},"from":{"blockId":"wtxncshnabpy93ppl1lw14r0","groupId":"pqmal8hebqigns34qig2sykv"}},{"id":"d9jai1xoc89bysw4b7lmg2yh","to":{"groupId":"u2em6piwtrf8uo7ldy2send3"},"from":{"itemId":"m01yjsz9rloxo8ao272g57gv","blockId":"tzx079oy5blalafb5px5zeyz","groupId":"vm9k1nupfb0wanxi72m5ykl6"}},{"id":"sukvhmuu0qxr5j3deslxe0x6","to":{"blockId":"qxhdyp7zce3in4k4hozn96ij","groupId":"pqmal8hebqigns34qig2sykv"},"from":{"blockId":"m07roibvzaq8czh6sle8mzzm","groupId":"ahgrx34z4j2q69jtapmh4lk7"}},{"id":"lbekr4x0cbr2qv9uk51zshg9","to":{"groupId":"vm9k1nupfb0wanxi72m5ykl6"},"from":{"blockId":"ajrb9odpovoh1qrju3wubv7r","groupId":"ecfpbt2anqfwj4gqzh10ug7q"}},{"id":"x856pxj5l7ywwkrx9a1w2npp","to":{"groupId":"c7ko0suzl6abzjyq14e4jhd3"},"from":{"itemId":"ap8t2k35lx28yz3dhff7hjlf","blockId":"nrnqut6kxg06ip3aa4jzhheh","groupId":"drjykdx8v3xvkyd15w9tnrv8"}},{"id":"actt22zqoshbgdgwk8d8lgbg","to":{"groupId":"drjykdx8v3xvkyd15w9tnrv8"},"from":{"itemId":"yk9tfh6w1ioqp4kigqej7v58","blockId":"tzx079oy5blalafb5px5zeyz","groupId":"vm9k1nupfb0wanxi72m5ykl6"}}],"theme":{"chat":{"inputs":{"color":"#000000","backgroundColor":"#FFFFFF","placeholderColor":"#28292a"},"buttons":{"color":"#FFFFFF","backgroundColor":"#128C7E"},"roundness":"medium","hostAvatar":{"url":"https://i.postimg.cc/0jj7GK1T/medica.png","isEnabled":true},"guestAvatar":{"url":"https://i.postimg.cc/0jj7GK1T/medica.png","isEnabled":false},"hostBubbles":{"color":"#303235","backgroundColor":"#FFFFFF"},"guestBubbles":{"color":"#303235","backgroundColor":"#e1ffc7"}},"general":{"font":"Open Sans","background":{"type":"Image","content":"https://s3.fr-par.scw.cloud/typebot/public/typebots/cli88mae30010mh0f0yzjqn48/background?v=1685470080750"}},"customCss":".typebot-chat-view > .flex:first-child {\n    padding-top: 30px;\n}\n\n.typebot-input {\n    position: fixed;\n    bottom: 0;\n    align-items: center;\n    z-index: 999;\n    right: 0;\n}\n\n.typebot-input .typebot-button {\n    background: #008a7c;\n    border-radius: 50%;\n    color: #fff;\n    position: relative;\n    width: 50px;\n    height: 50px;\n    display: flex;\n    align-items: center;\n    justify-content: center;\n}\n\n.typebot-container {\n    background-size: initial!important;\n    background-repeat: repeat-x!important;\n}\n\n.typebot-host-bubble>.bubble-typing {\n  border-radius: 0 5px 5px 5px;\n}\n\n.typebot-host-bubble>.bubble-typing:after {\n    position: absolute;\n    content: \"\";\n    width: 0;\n    height: 0;\n    border-style: solid;\n    border-width: 0px 10px 10px 0;\n    border-color: transparent #fff transparent transparent;\n    top: 0;\n    left: -10px;\n}\n\n.typebot-guest-bubble {\n  position: relative;\n  border-radius: 5px 0 5px 5px;\n}\n\n.typebot-guest-bubble:after {\n  position: absolute;\n  content: \"\";\n  width: 0;\n  height: 0;\n  border-style: solid;\n}\n\n.typebot-guest-bubble:after {\n    border-width: 0px 0 10px 10px;\n    border-color: transparent transparent transparent #e1ffc7;\n    top: 0;\n    right: -10px;\n    border-style: solid;\n}\n\niframe[src=\"\"] {\n  position: fixed;\n  top: 0;\n  left: 0;\n  display: relative;\n  width: 100%;\n  height: 100% !important;\n  z-index: 999999;\n  border: none;\n  padding: 0;\n  margin: 0;\n}\n\na#lite-badge {\n  display: none!important;\n}"},"settings":{"general":{"rememberUser":{"isEnabled":false},"isBrandingEnabled":true,"isInputPrefillEnabled":false,"isHideQueryParamsEnabled":false},"metadata":{"title":"WhatsApp Web","imageUrl":"https://cdn.shopify.com/s/files/1/0657/8575/7953/files/HEADLINE_LIBIDGOTAS.png?v=1687870607","favIconUrl":"","description":"Faça agora sua consulta com Dra  no WhatsApp.","customHeadCode":"<!-- Facebook Pixel Code -->\n<script>\n   !function(f,b,e,v,n,t,s)\n  {if(f.fbq)return;n=f.fbq=function(){n.callMethod?\n    n.callMethod.apply(n,arguments):n.queue.push(arguments)};\n    if(!f._fbq)f._fbq=n;n.push=n;n.loaded=!0;n.version='2.0';\n    n.queue=[];t=b.createElement(e);t.async=!0;\n    t.src=v;s=b.getElementsByTagName(e)[0];\n    s.parentNode.insertBefore(t,s)}(window, document,'script',\n    'https://connect.facebook.net/en_US/fbevents.js');\n    fbq('init', '1422570851647892');\n    fbq('track', 'PageView');\n    fbq('track', 'ViewContent');\n \n</script>\n<!-- End Facebook Pixel Code -->\n<link rel=\"stylesheet\" href=\"https://cdnjs.cloudflare.com/ajax/libs/material-design-iconic-font/2.2.0/css/material-design-iconic-font.min.css\">\n<style>\n  .hide {\n    display: none!important;\n  }\n  typebot-standard {\n    position: relative;\n    z-index: 9999;\n  }\n  #__next {\n    position: relative;\n    z-index: 9999;\n}\n  /* User Bar */\n.user-bar {\n  width: 100%;\n  height: 55px;\n  background: #005e54;\n  color: #fff;\n  padding: 0;\n  font-size: 24px;\n  position: fixed;\n  z-index: 99999;\n  display: block;\n  top: 0;\n}\n\n.user-bar:after {\n  content: \"\";\n  display: table;\n  clear: both;\n}\n\n.user-bar div {\n    float: left;\n    transform: translateY(-50%);\n    position: relative;\n    top: 50%;\n    margin-left: 10px;\n}\n\n.user-bar .actions {\n  float: right;\n  margin: 0 0 0 20px;\n}\n\n.user-bar .actions.more {\n  margin: 0 12px 0 32px;\n}\n\n.user-bar .actions.attachment {\n  margin: 0 0 0 30px;\n}\n\n.user-bar .actions.attachment i {\n  display: block;\n  transform: rotate(-45deg);\n}\n\n.user-bar .avatar {\n  margin: 0 0 0 5px;\n  width: 36px;\n  height: 36px;\n}\n\n.user-bar .avatar img {\n  border-radius: 50%;\n  box-shadow: 0 1px 0 rgba(255, 255, 255, 0.1);\n  display: block;\n  width: 100%;\n}\n\n.user-bar .name {\n  font-size: 17px;\n  font-weight: 600;\n  text-overflow: ellipsis;\n  letter-spacing: 0.3px;\n  margin: 0 0 0 8px;\n  overflow: hidden;\n  white-space: nowrap;\n  width: 150px;\n}\n\n.user-bar .status {\n  display: block;\n  font-size: 13px;\n  font-weight: 400;\n  letter-spacing: 0;\n}\n</style>\n\n<script>\nfunction criarBarra() {\n  var userBar = document.createElement(\"div\");\n  userBar.className = \"user-bar\";\n\n  var backButton = document.createElement(\"div\");\n  backButton.className = \"back\";\n  backButton.innerHTML = '<i class=\"zmdi zmdi-arrow-left\"></i>';\n\n  var avatar = document.createElement(\"div\");\n  avatar.className = \"avatar\";\n  avatar.innerHTML = '<img src=\"https://i.postimg.cc/0jj7GK1T/medica.png\" alt=\"Dra Dani\">';\n\n  var name = document.createElement(\"div\");\n  name.className = \"name\";\n  name.innerHTML = '<span>Dra Dani</span><span class=\"status\">online</span>';\n\n  var moreActions = document.createElement(\"div\");\n  moreActions.className = \"actions more\";\n  moreActions.innerHTML = '<i class=\"zmdi zmdi-more-vert\"></i>';\n\n  var attachmentAction = document.createElement(\"div\");\n  attachmentAction.className = \"actions attachment\";\n  attachmentAction.innerHTML = '<i class=\"zmdi zmdi-attachment-alt\"></i>';\n\n  var phoneAction = document.createElement(\"div\");\n  phoneAction.className = \"actions\";\n  phoneAction.innerHTML = '<i class=\"zmdi zmdi-phone\"></i>';\n\n  userBar.appendChild(backButton);\n  userBar.appendChild(avatar);\n  userBar.appendChild(name);\n  userBar.appendChild(moreActions);\n  userBar.appendChild(attachmentAction);\n  userBar.appendChild(phoneAction);\n\n  var elementoPai = document.querySelector(\"#__next\");\n  if (elementoPai) {\n    elementoPai.insertBefore(userBar, elementoPai.firstChild);\n  }\n}\n\ncriarBarra();\n</script>\n"},"typingEmulation":{"speed":300,"enabled":true,"maxDelay":1.5}}}