{"id":"zker1v29t97yztt9uthhk96v","version":"3","createdAt":"2023-08-22T16:36:07.548Z","updatedAt":"2023-08-26T00:08:51.706Z","icon":null,"name":"FUNIL_PLAYPIX JAMIL","folderId":"clkvdks2l002nms4vxn233upg","groups":[{"id":"cyt1xl845p0om6y2g9aepy97","title":"Start","blocks":[{"id":"s3qr6avx1rf2otdjkazufpuh","type":"start","label":"Start","groupId":"cyt1xl845p0om6y2g9aepy97","outgoingEdgeId":"c1dxreqvvmqbwjxkueu5khkw"}],"graphCoordinates":{"x":-402.38,"y":-32.16}},{"id":"pc6l3z9lzba68c3reawvgcer","title":"CONFIRMA","blocks":[{"id":"chsp21oe6y5skkui1l982nsb","type":"text","content":{"richText":[{"type":"p","children":[{"text":"E ai tudo bem?"}]},{"type":"p","children":[{"text":"Antes de seguir confirmar aqui que tem mais de 18 anos. ⬇️"}]}]},"groupId":"pc6l3z9lzba68c3reawvgcer"},{"id":"g8w5yugx5ga0olekcsouuf8w","type":"Wait","groupId":"pc6l3z9lzba68c3reawvgcer","options":{"secondsToWaitFor":"1"}},{"id":"q442a09zdxnsc2cm9msyyfxw","type":"choice input","items":[{"id":"g1r30vusabz3olshdq7z8v4i","type":0,"blockId":"q442a09zdxnsc2cm9msyyfxw","content":"Confirmo que tenho 18 Anos ou mais","outgoingEdgeId":"y9oo3fcb5ciwklxa55x3xyt1"}],"groupId":"pc6l3z9lzba68c3reawvgcer","options":{"buttonLabel":"Send","isSearchable":false,"isMultipleChoice":false,"searchInputPlaceholder":"Filter the options..."}}],"graphCoordinates":{"x":-375.4,"y":148.86}},{"id":"sqa8rs9ijtmuq2lw2ycmcn0o","title":"GRUPO DE SINAIS","blocks":[{"id":"njnt5ybn1lx6k38cwofftt3r","type":"text","content":{"richText":[{"type":"p","children":[{"text":"Então me passa seu Whatsapp para te enviar o link de Convite para o meu canal EXCLUSIVO."}]},{"type":"p","children":[{"text":"Não vou te mandar Mensagem é apenas para liberar seu acesso."}]}]},"groupId":"sqa8rs9ijtmuq2lw2ycmcn0o"},{"id":"xfjjhrg48nopbujm23dwml79","type":"Wait","groupId":"sqa8rs9ijtmuq2lw2ycmcn0o","options":{"secondsToWaitFor":"3"}},{"id":"cpiqyl7g4mbyxy08u1t2moo2","type":"phone number input","groupId":"sqa8rs9ijtmuq2lw2ycmcn0o","options":{"labels":{"button":"Enviar","placeholder":"Whatsapp"},"variableId":"vowl96sduij1lqz469pv800q6","defaultCountryCode":"BR","retryMessageContent":"Seu telefone parece estar errado"}},{"id":"v5iwziqxyzaeur7ho1fnjas3","type":"Wait","groupId":"sqa8rs9ijtmuq2lw2ycmcn0o","options":{"secondsToWaitFor":"1"},"outgoingEdgeId":"pnrkvmac6emkjjyisn0g3h53"}],"graphCoordinates":{"x":721.21,"y":-33.44}},{"id":"fdccjzsytz25x9xjim38t3v3","title":"LINK GRUPO FREE","blocks":[{"id":"gsibkr648havum7m57e6kumu","type":"Redirect","groupId":"fdccjzsytz25x9xjim38t3v3","options":{"url":"https://t.me/apostasbrilhantes","isNewTab":true}},{"id":"iyoc98njzz3tsywva9zf53an","type":"text","content":{"richText":[{"type":"p","children":[{"text":"Fixado la se chegou até aqui tem muito mais presentes."}]},{"type":"p","children":[{"text":""}]},{"type":"p","children":[{"text":"Obrigado pela confiança, agora vamos juntos trilhar esse caminho com ganhos no mercado que mais cresce e muda vidas no mundo!"}]}]},"groupId":"fdccjzsytz25x9xjim38t3v3","outgoingEdgeId":"wzdu8sh3sgqrd7tpfjsi1d8p"}],"graphCoordinates":{"x":1397.88,"y":-31.27}},{"id":"ddff8wzqy1ju2x6yug05hato","title":"ACESSO GRUPO","blocks":[{"id":"sjzvragy7r8hu7xgffui1lfe","type":"choice input","items":[{"id":"tdwhn5qk2hepx89eyf7rend7","type":0,"blockId":"sjzvragy7r8hu7xgffui1lfe","content":"ACESSAR GRUPO VIP - GRÁTIS","outgoingEdgeId":"ixj86804y4bdbgqadynsrm4b","displayCondition":{"condition":{"comparisons":[{"id":"f62suggng0vf8cg2qc8c7u3x"}],"logicalOperator":"AND"},"isEnabled":false}}],"groupId":"ddff8wzqy1ju2x6yug05hato","options":{"buttonLabel":"Send","isSearchable":false,"isMultipleChoice":false,"searchInputPlaceholder":"Filter the options..."}}],"graphCoordinates":{"x":1052.65,"y":-30.68}},{"id":"tfi1mve6w724yta45dr8h11d","title":"Group #6","blocks":[{"id":"ifhgpe02dyojcur5s9iez7sq","type":"Pixel","groupId":"tfi1mve6w724yta45dr8h11d","options":{"params":[],"pixelId":"1013007243454348","eventType":"CompleteRegistration"}}],"graphCoordinates":{"x":1432.09,"y":400.87}},{"id":"x4x6s98g07h4fcxurovbdoiu","title":"Group #7","blocks":[{"id":"ujm4ngthdjjgz5qr27igyem4","type":"text","content":{"richText":[{"type":"p","children":[{"text":"Agora o 🎁 que te prometi"}]}]},"groupId":"x4x6s98g07h4fcxurovbdoiu"},{"id":"obmsq9hbr5gb68odzrugvo7b","type":"Wait","groupId":"x4x6s98g07h4fcxurovbdoiu","options":{"secondsToWaitFor":"3"}},{"id":"n555ciawptm4alta143mqdrw","type":"text","content":{"richText":[{"type":"p","children":[{"text":"Posso te Enviar?"}]}]},"groupId":"x4x6s98g07h4fcxurovbdoiu"},{"id":"mmqniyyfeqr592udx87tuwgo","type":"choice input","items":[{"id":"fs1b4k7k3c93mz6jof07031j","type":0,"blockId":"mmqniyyfeqr592udx87tuwgo","content":"Sim","outgoingEdgeId":"kt1tv347aiy4a4z6dfncrv9n"}],"groupId":"x4x6s98g07h4fcxurovbdoiu","options":{"buttonLabel":"Send","isSearchable":false,"isMultipleChoice":false,"searchInputPlaceholder":"Filter the options..."}}],"graphCoordinates":{"x":370.73,"y":-14.8}},{"id":"hvhgidhm8u23rbl7jwvjqqmh","title":"Group #7","blocks":[{"id":"cjgkad9yefepqvy7h9x9hml2","type":"Wait","groupId":"hvhgidhm8u23rbl7jwvjqqmh","options":{"secondsToWaitFor":"2"}},{"id":"t5mrguuayleojv9u2alzhhjn","type":"text","content":{"richText":[{"type":"p","children":[{"text":"Bora la. Então se registra aqui em baixo que vou te dar um 🎁 especial assim que finalizar"}]}]},"groupId":"hvhgidhm8u23rbl7jwvjqqmh"},{"id":"ybglq6e60b71towroonpmteg","type":"Wait","groupId":"hvhgidhm8u23rbl7jwvjqqmh","options":{"secondsToWaitFor":"2"}},{"id":"ruqou1iwbpqvhhxc2yjqtpt8","type":"embed","content":{"url":"https://playpix.com/affiliates/?btag=1164910_l202287","height":600},"groupId":"hvhgidhm8u23rbl7jwvjqqmh"},{"id":"hzmno69r6pii4gokxjnpuazq","type":"Wait","groupId":"hvhgidhm8u23rbl7jwvjqqmh","options":{"secondsToWaitFor":"5"}},{"id":"l9wudeqbxym0osyqh49tf7op","type":"text","content":{"richText":[{"type":"p","children":[{"text":"Só esperando Você se Cadastrar, ai ja libero pra ti o presente que prometi."}]}]},"groupId":"hvhgidhm8u23rbl7jwvjqqmh"},{"id":"okvs17hsk629kwl4k0juyzx3","type":"Wait","groupId":"hvhgidhm8u23rbl7jwvjqqmh","options":{"secondsToWaitFor":"20"}},{"id":"m9auyl7mhlgycarbst0pj85t","type":"text","content":{"richText":[{"type":"p","children":[{"text":"Deu certo seu cadastro?"}]}]},"groupId":"hvhgidhm8u23rbl7jwvjqqmh"},{"id":"wwly0whkiys0tnsx5tgbp0l7","type":"choice input","items":[{"id":"hpqe52mxsjhgzazzou1kqggk","type":0,"blockId":"wwly0whkiys0tnsx5tgbp0l7","content":"Sim","outgoingEdgeId":"di7a2o45g81qfg8tyzprldlc"}],"groupId":"hvhgidhm8u23rbl7jwvjqqmh","options":{"buttonLabel":"Send","isSearchable":false,"isMultipleChoice":false,"searchInputPlaceholder":"Filter the options..."}}],"graphCoordinates":{"x":-2.1,"y":-10.15}}],"variables":[{"id":"vowl96sduij1lqz469pv800q6","name":"whatsapp"}],"edges":[{"id":"c1dxreqvvmqbwjxkueu5khkw","to":{"groupId":"pc6l3z9lzba68c3reawvgcer"},"from":{"blockId":"s3qr6avx1rf2otdjkazufpuh","groupId":"cyt1xl845p0om6y2g9aepy97"}},{"id":"pnrkvmac6emkjjyisn0g3h53","to":{"groupId":"ddff8wzqy1ju2x6yug05hato"},"from":{"blockId":"v5iwziqxyzaeur7ho1fnjas3","groupId":"sqa8rs9ijtmuq2lw2ycmcn0o"}},{"id":"ixj86804y4bdbgqadynsrm4b","to":{"groupId":"fdccjzsytz25x9xjim38t3v3"},"from":{"itemId":"tdwhn5qk2hepx89eyf7rend7","blockId":"sjzvragy7r8hu7xgffui1lfe","groupId":"ddff8wzqy1ju2x6yug05hato"}},{"id":"wzdu8sh3sgqrd7tpfjsi1d8p","to":{"groupId":"tfi1mve6w724yta45dr8h11d"},"from":{"blockId":"iyoc98njzz3tsywva9zf53an","groupId":"fdccjzsytz25x9xjim38t3v3"}},{"id":"di7a2o45g81qfg8tyzprldlc","to":{"groupId":"x4x6s98g07h4fcxurovbdoiu"},"from":{"itemId":"hpqe52mxsjhgzazzou1kqggk","blockId":"wwly0whkiys0tnsx5tgbp0l7","groupId":"hvhgidhm8u23rbl7jwvjqqmh"}},{"id":"kt1tv347aiy4a4z6dfncrv9n","to":{"groupId":"sqa8rs9ijtmuq2lw2ycmcn0o"},"from":{"itemId":"fs1b4k7k3c93mz6jof07031j","blockId":"mmqniyyfeqr592udx87tuwgo","groupId":"x4x6s98g07h4fcxurovbdoiu"}},{"id":"y9oo3fcb5ciwklxa55x3xyt1","to":{"groupId":"hvhgidhm8u23rbl7jwvjqqmh"},"from":{"itemId":"g1r30vusabz3olshdq7z8v4i","blockId":"q442a09zdxnsc2cm9msyyfxw","groupId":"pc6l3z9lzba68c3reawvgcer"}}],"theme":{"chat":{"inputs":{"color":"#000000","backgroundColor":"#FFFFFF","placeholderColor":"#28292a"},"buttons":{"color":"#FFFFFF","backgroundColor":"#128C7E"},"roundness":"large","hostAvatar":{"url":"https://storage.typebot.pro/typebot/public/typebots/zker1v29t97yztt9uthhk96v/hostAvatar?v=1692722862393","isEnabled":true},"guestAvatar":{"url":"https://s3.fr-par.scw.cloud/typebot/public/typebots/cli88mae30010mh0f0yzjqn48/guestAvatar?v=1685330799682","isEnabled":false},"hostBubbles":{"color":"#303235","backgroundColor":"#FFFFFF"},"guestBubbles":{"color":"#303235","backgroundColor":"#e1ffc7"}},"general":{"font":"Open Sans","background":{"type":"Image","content":"https://s3.fr-par.scw.cloud/typebot/public/typebots/cli88mae30010mh0f0yzjqn48/background?v=1685470080750"}},"customCss":".typebot-guest-bubble {\n    position: relative;\n    border-radius: 5px 0 5px 5px;\n};\n.typebot-chat-view > .flex:first-child {\n    padding-top: 30px;\n}\n\n.typebot-input {\n    position: fixed;\n    bottom: 0;\n    align-items: center;\n    z-index: 999;\n    right: 0;\n}\n\n.typebot-input .typebot-button {\n    background: #008a7c;\n    border-radius: 50%;\n    color: #fff;\n    position: relative;\n    width: 50px;\n    height: 50px;\n    display: flex;\n    align-items: center;\n    justify-content: center;\n}\n\n.typebot-container {\n    background-size: initial!important;\n    background-repeat: repeat-x!important;\n}\n\n.typebot-host-bubble>.bubble-typing {\n  border-radius: 0 5px 5px 5px;\n}\n\n.typebot-host-bubble>.bubble-typing:after {\n    position: absolute;\n    content: \"\";\n    width: 0;\n    height: 0;\n    border-style: solid;\n    border-width: 0px 10px 10px 0;\n    border-color: transparent #fff transparent transparent;\n    top: 0;\n    left: -10px;\n}\n\n.typebot-guest-bubble {\n  position: relative;\n  border-radius: 5px 0 5px 5px;\n}\n\n.typebot-guest-bubble:after {\n  position: absolute;\n  content: \"\";\n  width: 0;\n  height: 0;\n  border-style: solid;\n}\n\n.typebot-guest-bubble:after {\n    border-width: 0px 0 10px 10px;\n    border-color: transparent transparent transparent #e1ffc7;\n    top: 0;\n    right: -10px;\n    border-style: solid;\n}\n\niframe[src=\"\"] {\n  position: fixed;\n  top: 0;\n  left: 0;\n  display: relative;\n  width: 100%;\n  height: 100% !important;\n  z-index: 999999;\n  border: none;\n  padding: 0;\n  margin: 0;\n}\n\na#lite-badge {\n  display: none!important;\n}    background-color: var(--typebot-host-bubble-bg-color);\n    border: var(--typebot-host-bubble-border);\n    /* border-radius: 6px; */\n}"},"selectedThemeTemplateId":"cllpukdi6003npu4w51er074o","settings":{"general":{"rememberUser":{"isEnabled":false},"isBrandingEnabled":false,"isInputPrefillEnabled":true,"isHideQueryParamsEnabled":true},"metadata":{"title":"Whatsapp - Jamil Abrão ","imageUrl":"https://storage.typebot.pro/typebot/public/typebots/zker1v29t97yztt9uthhk96v/hostAvatar?v=1692722862393","favIconUrl":"https://storage.typebot.pro/typebot/public/typebots/cll106lql002kpb4v7m7knmqs/favIcon?v=1692466922539","description":"","customHeadCode":"<!-- Facebook Pixel Code -->\n<script>\n   !function(f,b,e,v,n,t,s)\n  {if(f.fbq)return;n=f.fbq=function(){n.callMethod?\n    n.callMethod.apply(n,arguments):n.queue.push(arguments)};\n    if(!f._fbq)f._fbq=n;n.push=n;n.loaded=!0;n.version='2.0';\n    n.queue=[];t=b.createElement(e);t.async=!0;\n    t.src=v;s=b.getElementsByTagName(e)[0];\n    s.parentNode.insertBefore(t,s)}(window, document,'script',\n    'https://connect.facebook.net/en_US/fbevents.js');\n    fbq('init', '1013007243454348');\n    fbq('track', 'PageView');\n    fbq('track', 'ViewContent');\n \n</script>\n<!-- End Facebook Pixel Code -->\n<link rel=\"stylesheet\" href=\"https://cdnjs.cloudflare.com/ajax/libs/material-design-iconic-font/2.2.0/css/material-design-iconic-font.min.css\">\n<style>\n  .hide {\n    display: none!important;\n  }\n  typebot-standard {\n    position: relative;\n    z-index: 9999;\n  }\n  #__next {\n    position: relative;\n    z-index: 9999;\n}\n  /* User Bar */\n.user-bar {\n  width: 100%;\n  height: 55px;\n  background: #005e54;\n  color: #fff;\n  padding: 0;\n  font-size: 24px;\n  position: relative;\n  z-index: 99999;\n  display: block;\n  top: 0;\n}\n\n.user-bar:after {\n  content: \"\";\n  display: table;\n  clear: both;\n}\n\n.user-bar div {\n    float: left;\n    transform: translateY(-50%);\n    position: relative;\n    top: 50%;\n    margin-left: 10px;\n}\n\n.user-bar .actions {\n  float: right;\n  margin: 0 0 0 20px;\n}\n\n.user-bar .actions.more {\n  margin: 0 12px 0 32px;\n}\n\n.user-bar .actions.attachment {\n  margin: 0 0 0 30px;\n}\n\n.user-bar .actions.attachment i {\n  display: block;\n  transform: rotate(-45deg);\n}\n\n.user-bar .avatar {\n  margin: 0 0 0 5px;\n  width: 36px;\n  height: 36px;\n}\n\n.user-bar .avatar img {\n  border-radius: 50%;\n  box-shadow: 0 1px 0 rgba(255, 255, 255, 0.1);\n  display: block;\n  width: 100%;\n}\n\n.user-bar .name {\n  font-size: 17px;\n  font-weight: 600;\n  text-overflow: ellipsis;\n  letter-spacing: 0.3px;\n  margin: 0 0 0 8px;\n  overflow: hidden;\n  white-space: nowrap;\n  width: 150px;\n}\n\n.user-bar .status {\n  display: block;\n  font-size: 13px;\n  font-weight: 400;\n  letter-spacing: 0;\n}\n\n\n  /* Botão do input */\n.typebot-input .typebot-button {\n  content: \"\";\n  background: rgba(0, 138, 134, 1);\n  border-radius: 50%; \n  position: relative;\n  display: flex;\n  align-items: center;\n  justify-content: center;\n  width: 50px; \n  height: 50px; \n  border: none;\n  font-size: 0px;\n  color: transparent;\n}\n\n.typebot-input .typebot-button::before {\n  content: \"\";\n  position: absolute;\n  top: 50%;\n  transform: translateY(-50%);\n  width: 25px;\n  height: 25px;\n  background-repeat: no-repeat;\n  background-size: cover;\n  background-image: url('data:image/svg+xml;charset=utf8,<svg xmlns=\"http://www.w3.org/2000/svg\" viewBox=\"0 0 512 512\" width=\"19px\"><path d=\"M476.59 227.05l-.16-.07L49.35 49.84A23.56 23.56 0 0027.14 52 24.65 24.65 0 0016 72.59v113.29a24 24 0 0019.52 23.57l232.93 43.07a4 4 0 010 7.86L35.53 303.45A24 24 0 0016 327v113.31A23.57 23.57 0 0026.59 460a23.94 23.94 0 0013.22 4 24.55 24.55 0 009.52-1.93L476.4 285.94l.19-.09a32 32 0 000-58.8z\" fill=\"white\"/></svg>');\n}\n\n/* Oculta o ícone anterior*/\n.typebot-input .typebot-button .send-icon {\n  display: none; \n}\n\n/* Estilo da caixa do input */\n.typebot-input {\n    max-width: 100%!important;\n    width:100%!important;\n    position: fixed;\n    bottom: 0;\n    align-items: center;\n    z-index: 999;\n    right: 0;\n    margin-bottom: 20px;\n    background-color: white;\n    border-radius: 50px;\n    box-shadow: 1 2px 1px -1px rgba(0,0,0,.2);\n    height: 50px;\n    padding-right: 0px!important;\n}\n\n\n/* Corrigir cor do botão */\n.disabled\\:opacity-50:disabled {\n    opacity: 100%;\n}\n\n</style>\n\n<script>\nfunction criarBarra() {\n  var userBar = document.createElement(\"div\");\n  userBar.className = \"user-bar\";\n\n  var backButton = document.createElement(\"div\");\n  backButton.className = \"back\";\n  backButton.innerHTML = '<i class=\"zmdi zmdi-arrow-left\"></i>';\n\n  var avatar = document.createElement(\"div\");\n  avatar.className = \"avatar\";\n  avatar.innerHTML = '<img src=\"https://storage.typebot.pro/typebot/public/typebots/zker1v29t97yztt9uthhk96v/hostAvatar?v=1692722862393\" alt=\"Detetive Daniele\">';\n\n  var name = document.createElement(\"div\");\n  name.className = \"name\";\n  name.innerHTML = '<span>Jamil Abrão</span> <span data-testid=\"psa-verified\" data-icon=\"psa-verified\" class=\"\"><svg viewBox=\"0 0 18 18\" height=\"18\" width=\"18\" preserveAspectRatio=\"xMidYMid meet\" class=\"\" version=\"1.1\" x=\"0px\" y=\"0px\" enable-background=\"new 0 0 18 18\" xml:space=\"preserve\"><polygon id=\"Star-2\" fill=\"#00DA60\" points=\"9,16 7.1,16.9 5.8,15.2 3.7,15.1 3.4,13 1.5,12 2.2,9.9 1.1,8.2 2.6,6.7 2.4,4.6 4.5,4 5.3,2 7.4,2.4 9,1.1 10.7,2.4 12.7,2 13.6,4 15.6,4.6 15.5,6.7 17,8.2 15.9,9.9 16.5,12 14.7,13 14.3,15.1 12.2,15.2 10.9,16.9 \"></polygon><polygon id=\"Check-Icon\" fill=\"#FFFFFF\" points=\"13.1,7.3 12.2,6.5 8.1,10.6 5.9,8.5 5,9.4 8,12.4 \"></polygon></svg></span><span class=\"status\">online</span>';\n\n  var moreActions = document.createElement(\"div\");\n  moreActions.className = \"actions more\";\n  moreActions.innerHTML = '<i class=\"zmdi zmdi-more-vert\"></i>';\n\n  var attachmentAction = document.createElement(\"div\");\n  attachmentAction.className = \"actions attachment\";\n  attachmentAction.innerHTML = '<i class=\"zmdi zmdi-attachment-alt\"></i>';\n\n  var phoneAction = document.createElement(\"div\");\n  phoneAction.className = \"actions\";\n  phoneAction.innerHTML = '<i class=\"zmdi zmdi-phone\"></i>';\n\n  userBar.appendChild(backButton);\n  userBar.appendChild(avatar);\n  userBar.appendChild(name);\n  userBar.appendChild(moreActions);\n  userBar.appendChild(attachmentAction);\n  userBar.appendChild(phoneAction);\n\n  var elementoPai = document.querySelector(\"#__next\");\n  if (elementoPai) {\n    elementoPai.insertBefore(userBar, elementoPai.firstChild);\n  }\n}\n\ncriarBarra();\n</script>\n\n<script>\n  \n  const botBody = document.querySelector('typebot-standard')\n        .shadowRoot.querySelector('.typebot-container');\n  const userAvatar = botBody.querySelector('img[elementtiming=\"Bot avatar\"]');\n  const status = document.querySelector('.status');\n  \n  setInterval(() => {\n      const isTyping = botBody.querySelector('.bubble1');\n      const sibling = isTyping?.parentElement?.parentElement?.nextSibling;\n\n      if(isTyping && sibling.src) {\n        status.innerText = 'gravando audio...'\n      } else if(isTyping) {      \n        status.innerText = 'digitando...'\n      } else {\n        status.innerText = 'online'\n      }\n    }, 400)\n</script>\n"},"typingEmulation":{"speed":300,"enabled":true,"maxDelay":1.5}},"publicId":"jamilabrao","customDomain":null,"workspaceId":"clku1ly560001qr4v592y9uxf","resultsTablePreferences":null,"isArchived":false,"isClosed":false}