{"id":"clk2o37is007uic0fmw7r6myd","version":"3","groups":[{"id":"jwyzl1dv7yb4do9xqhuh8gc9","title":"Start","blocks":[{"id":"e8w7bt017jw1gvn6nfdjkyr1","type":"start","label":"Start","groupId":"jwyzl1dv7yb4do9xqhuh8gc9","outgoingEdgeId":"j43jnb7av5gta7rqqloq2ccz"}],"graphCoordinates":{"x":40,"y":-1}},{"id":"v48z975od1xwhnt768b0nuhy","title":"Group #1","blocks":[{"id":"my1xi8spl35lcd5v8e5ws3bb","type":"text","content":{"richText":[{"type":"p","children":[{"text":"Opa,  me chamo Anderson, tudo bem com você?"}]}]},"groupId":"v48z975od1xwhnt768b0nuhy","outgoingEdgeId":"b4s2szbjentffo9bimmay62h"}],"graphCoordinates":{"x":379,"y":2}},{"id":"wk23wdg9lj1ulvufs405k72g","title":"Group #2","blocks":[{"id":"eqnj4uss4y1zb3ovnqx883l5","type":"text","content":{"richText":[{"type":"p","children":[{"text":"Agora você vai receber acesso GRÁTIS ao nosso aplicativo que tá colocando muito dinheiro no meu bolso!  🤑"}]}]},"groupId":"wk23wdg9lj1ulvufs405k72g","outgoingEdgeId":"n16thgaig16m98e30n7hyos8"}],"graphCoordinates":{"x":732.33,"y":4.66}},{"id":"xox22oi045x1f9nvdkcem210","title":"Group #3","blocks":[{"id":"vg6aconrrsoxzai4y2zv45il","type":"text","content":{"richText":[{"type":"p","children":[{"text":"Antes de liberar seu acesso eu preciso saber seu nome."}]}]},"groupId":"xox22oi045x1f9nvdkcem210","outgoingEdgeId":"jy59nih8pff3p9j19rtmdf3c"}],"graphCoordinates":{"x":1077.33,"y":8}},{"id":"p0gsa4ybmht354t7p6qzcett","title":"Group #4","blocks":[{"id":"axbrxe0ef5vqc1woqeq0ghrm","type":"text","content":{"richText":[{"type":"p","children":[{"text":"Digita pra mim o seu primeiro nome:"}]}]},"groupId":"p0gsa4ybmht354t7p6qzcett","outgoingEdgeId":"pf3u9q79fzpupw9l1jusuwbt"}],"graphCoordinates":{"x":1417.33,"y":9.67}},{"id":"dvlsqrs46uodfqfqtf9tx2gy","title":"Group #5","blocks":[{"id":"ot5jhcoeih86a7w5hkvvsr58","type":"text input","groupId":"dvlsqrs46uodfqfqtf9tx2gy","options":{"isLong":false,"labels":{"button":"Enviar","placeholder":"Primeiro nome"},"variableId":"vb6s87wwyhj8l4q2cthzshbuc"},"outgoingEdgeId":"f5k1ylwj8vfudhe0sx537t02"}],"graphCoordinates":{"x":1809.83,"y":23.33}},{"id":"c8z7589mg9vwsmg02uym56i2","title":"Group #6","blocks":[{"id":"xrlvs3re8787g7oamaqe9od4","type":"text","content":{"richText":[{"type":"p","children":[{"text":"Perfeito {{Nome}}, agora vou te enviar um vídeo mostrando como funciona!"}]}]},"groupId":"c8z7589mg9vwsmg02uym56i2","outgoingEdgeId":"bfebkydd2wkaxtx1d0zsgzw8"}],"graphCoordinates":{"x":2153,"y":29.75}},{"id":"heul01tplv1qiex5du2kox5b","title":"Group #8","blocks":[{"id":"up991czfw6w3233uhrm6bq53","type":"embed","content":{"url":"https://scripts.converteai.net/4954a3f8-552a-4b28-9626-2b6d6374d56a/players/64b14b624d8d330009adec15/embed.html","height":540},"groupId":"heul01tplv1qiex5du2kox5b","outgoingEdgeId":"o3tpdzbth71scbbj6ub4qoug"}],"graphCoordinates":{"x":2497.33,"y":30.83}},{"id":"w0qbmagny3j9en5ien3y3fz3","title":"Group #9","blocks":[{"id":"rq06xxllvuqh96u974m4bemq","type":"embed","content":{"url":"https://scripts.converteai.net/4954a3f8-552a-4b28-9626-2b6d6374d56a/players/64b14b654d8d330009adec17/embed.html","height":532},"groupId":"w0qbmagny3j9en5ien3y3fz3","outgoingEdgeId":"pv32fzfh0qpnmhalwwa3y3bk"}],"graphCoordinates":{"x":3620.47,"y":40.54}},{"id":"bgerkwh90edkv4qhdwdmxjkj","title":"Group #10","blocks":[{"id":"baph3mwj9md8vftrzibbur8j","type":"Wait","groupId":"bgerkwh90edkv4qhdwdmxjkj","options":{"secondsToWaitFor":"136"},"outgoingEdgeId":"o9esx9z55s6w717a7wtengof"}],"graphCoordinates":{"x":2827.33,"y":-22.31}},{"id":"mkzaqyq9vkl480bq7gxatbqu","title":"Group #11","blocks":[{"id":"d0g2nmh2ezu28hb5peey23d1","type":"text","content":{"richText":[{"type":"p","children":[{"text":"Agora eu quero que você veja esse vídeo onde eu ganhei de R$11.000 em um jogada só 😱"}]}]},"groupId":"mkzaqyq9vkl480bq7gxatbqu","outgoingEdgeId":"tqfr7m5dect71cd4mt3xik6y"}],"graphCoordinates":{"x":3213.05,"y":-26.59}},{"id":"esly42gwkfezqrz9jqcb18yd","title":"Group #11","blocks":[{"id":"uu4nddwuuocu9utmyz4e7bae","type":"Wait","groupId":"esly42gwkfezqrz9jqcb18yd","options":{"secondsToWaitFor":"15"},"outgoingEdgeId":"brptrfn0tzojpetgv3ixr6y6"}],"graphCoordinates":{"x":3960.19,"y":36.26}},{"id":"ps3eo9em1corjo0o1olz2idq","title":"Group #12","blocks":[{"id":"s5vtfbe5h2onb7wpf1dczds5","type":"text","content":{"richText":[{"type":"p","children":[{"text":"Talvez você ainda esteja duvidando, mas eu estou disposto a te mostrar que é real. "}]}]},"groupId":"ps3eo9em1corjo0o1olz2idq","outgoingEdgeId":"d9k14kbshdososcztpfv5z6i"}],"graphCoordinates":{"x":4310.19,"y":36.26}},{"id":"m5isykjo9l1hmhjf5cagd3h7","title":"Group #13","blocks":[{"id":"itionaj6zl7vcb6n83du450q","type":"text","content":{"richText":[{"type":"p","children":[{"text":"Posso continuar te explicando? Clique no botão abaixo para confirmar!👇"}]}]},"groupId":"m5isykjo9l1hmhjf5cagd3h7","outgoingEdgeId":"e9i6w1up0c1whoxf4indbzhe"}],"graphCoordinates":{"x":4668.76,"y":64.83}},{"id":"rb20p4279jg6zh6b3eoxpr1w","title":"Group #14","blocks":[{"id":"ccbzkushtzrecm8m79e3vt58","type":"choice input","items":[{"id":"xoo6aqarip0dl11dqthvvaov","type":0,"blockId":"ccbzkushtzrecm8m79e3vt58","content":"CONTINUAR EXPLICAÇÃO! 💰","outgoingEdgeId":"ui3vw65o4tc0dpt8yv84ftna"}],"groupId":"rb20p4279jg6zh6b3eoxpr1w","options":{"buttonLabel":"Send","isSearchable":false,"isMultipleChoice":false,"searchInputPlaceholder":"Filter the options..."}}],"graphCoordinates":{"x":5035.9,"y":79.12}},{"id":"pxp3h6s29snopmllmm4acw7p","title":"Group #15","blocks":[{"id":"v0rfywcnlwn0uic5v99pcr7u","type":"text","content":{"richText":[{"type":"p","children":[{"text":"Ok, vamos la... 🚀"}]}]},"groupId":"pxp3h6s29snopmllmm4acw7p","outgoingEdgeId":"wlo4gohkbag3aygkorkbdgt6"}],"graphCoordinates":{"x":5427.33,"y":93.4}},{"id":"qdb6ieyqh5cmcr5soo4ags61","title":"Group #16","blocks":[{"id":"hrdcyv0n18i4thrgw2whwr17","type":"text","content":{"richText":[{"type":"p","children":[{"text":"Agora vou te mostrar alguns depoimentos de alunos meus que já estão utilizando o nosso aplicativo."}]}]},"groupId":"qdb6ieyqh5cmcr5soo4ags61","outgoingEdgeId":"x38hjm7yftdbrvaru0zmp1qp"}],"graphCoordinates":{"x":5784.48,"y":84.83}},{"id":"g7bqrdwjwu2ns8brvfr18x21","title":"Group #18","blocks":[{"id":"rlhc7p733a44lvpi3efpefci","type":"text","content":{"richText":[{"type":"p","children":[{"text":"Esse aluno aqui fez questão de me mandar esse vídeo. 👇🏼"}]}]},"groupId":"g7bqrdwjwu2ns8brvfr18x21","outgoingEdgeId":"igocwqtz63dgzskevokich56"}],"graphCoordinates":{"x":6154.48,"y":121.98}},{"id":"pbxh0a6l6kvteljfc6ooyt59","title":"Group #18","blocks":[{"id":"xu7siw5xin7jdu4e1h455xlo","type":"embed","content":{"url":"https://scripts.converteai.net/4954a3f8-552a-4b28-9626-2b6d6374d56a/players/64b15307e891af000a1d61f8/embed.html","height":532},"groupId":"pbxh0a6l6kvteljfc6ooyt59","outgoingEdgeId":"j4fe31ojqvgkcmx1c1inpjus"}],"graphCoordinates":{"x":6494.48,"y":130.55}},{"id":"nygu36yoa04v4zfdtlu91ood","title":"Group #19","blocks":[{"id":"ujwbdbnxixsnl6ivpklyjde8","type":"Wait","groupId":"nygu36yoa04v4zfdtlu91ood","options":{"secondsToWaitFor":"22"},"outgoingEdgeId":"e70d7gtt4wtmhvo4hxjx7f55"}],"graphCoordinates":{"x":6833.05,"y":136.26}},{"id":"z2gyq63cne569nd4rym7hfnt","title":"Group #20","blocks":[{"id":"xu3yu8kq7av2yhn9ri4f27ri","type":"text","content":{"richText":[{"type":"p","children":[{"text":"Não para por aqui, esse outro aluno fez mais de R$1.000 com apenas R$50,00"}]}]},"groupId":"z2gyq63cne569nd4rym7hfnt","outgoingEdgeId":"pg3ynpgvsw3n2dnonfzukaj8"}],"graphCoordinates":{"x":7193.05,"y":130.55}},{"id":"et2vqvuuuasrh4o38qqjon6m","title":"Group #22","blocks":[{"id":"z9nq9lw9z5uhylzm1u39pa6y","type":"text","content":{"richText":[{"type":"p","children":[{"text":"E essa aluna fez mais de R$2000 no seu primeiro dia com apenas R$15,00."}]}]},"groupId":"et2vqvuuuasrh4o38qqjon6m","outgoingEdgeId":"idvij9zf851o2r97efjbwvh6"}],"graphCoordinates":{"x":7894.48,"y":153.4}},{"id":"huqvvs1mtqm7h1tb00ot7phj","title":"Group #24","blocks":[{"id":"kv91t4554l3zzohwc84zimvn","type":"text","content":{"richText":[{"type":"p","children":[{"text":"Como você pode ver, existem várias pessoas que ganham dinheiro junto comigo."}]}]},"groupId":"huqvvs1mtqm7h1tb00ot7phj","outgoingEdgeId":"lt7o12hbsx8w4y4tm3vtcqqe"}],"graphCoordinates":{"x":8730.19,"y":260.55}},{"id":"a5w2c32sm9qrt7j1tbr8ett5","title":"Group #25","blocks":[{"id":"fm7pkcg6cnkiq4m11xczqqxm","type":"text","content":{"richText":[{"type":"p","children":[{"text":"Você gostaria de fazer parte dessa turma também? 👇🏼"}]}]},"groupId":"a5w2c32sm9qrt7j1tbr8ett5","outgoingEdgeId":"yzr8gkixqbhw4gjvhqmkviqg"}],"graphCoordinates":{"x":9095.9,"y":269.12}},{"id":"so5iy7uhgkxvxev2f1lo4159","title":"Group #26","blocks":[{"id":"uow9k7vksozq36hyun7z8aua","type":"choice input","items":[{"id":"h440rkj4fx54l4lzjxporf7o","type":0,"blockId":"uow9k7vksozq36hyun7z8aua","content":"SIM, QUERO MUITO!","outgoingEdgeId":"twgx3r0o0r5n01om36t4ds7y"}],"groupId":"so5iy7uhgkxvxev2f1lo4159","options":{"buttonLabel":"Send","isSearchable":false,"isMultipleChoice":false,"searchInputPlaceholder":"Filter the options..."}}],"graphCoordinates":{"x":9473.05,"y":273.4}},{"id":"jq2pq4237prvy65agkz9fh31","title":"Group #27","blocks":[{"id":"jyvv01ak74diw42llqo6yp7w","type":"text","content":{"richText":[{"type":"p","children":[{"text":"Maravilha {{Nome}}! Vamos seguir em frente."}]}]},"groupId":"jq2pq4237prvy65agkz9fh31","outgoingEdgeId":"t2ks1vfbmn9spv1rwp41k0cl"}],"graphCoordinates":{"x":9834.48,"y":244.83}},{"id":"zix0gjupjv8lny3obwulsyrc","title":"Group #28","blocks":[{"id":"mkn1lyccqt5abpz0sa9e9ujd","type":"text","content":{"richText":[{"type":"p","children":[{"text":"Antes eu quero aproveitar pra te mostrar  que esse aplicativo só nos últimos 7 dias colocou mais de "},{"bold":true,"text":"R$20.000 reais"},{"text":" no meu bolso.  💰"}]}]},"groupId":"zix0gjupjv8lny3obwulsyrc","outgoingEdgeId":"jt43fmokw4ejvoyrl3q0jdld"}],"graphCoordinates":{"x":10170.19,"y":240.55}},{"id":"pg8rgoseanl3wnw05zpvsm9a","title":"Group #29","blocks":[{"id":"kibw8ki37hpjuzksxxj4htlg","type":"text","content":{"richText":[{"type":"p","children":[{"text":"Gravei um vídeo pra te mostrar!👇🏼"}]}]},"groupId":"pg8rgoseanl3wnw05zpvsm9a","outgoingEdgeId":"no5uzxj9koqax84sby4qg1x3"}],"graphCoordinates":{"x":10510.19,"y":273.4}},{"id":"uelj674iig292eft4svlhveq","title":"Group #30","blocks":[{"id":"hk20emnuhbb497tn39hut067","type":"embed","content":{"url":"https://scripts.converteai.net/4954a3f8-552a-4b28-9626-2b6d6374d56a/players/64b15585e891af000a1d623c/embed.html","height":532},"groupId":"uelj674iig292eft4svlhveq"},{"id":"qtlpn7kl8xahlag8f2d3x9ib","type":"Wait","groupId":"uelj674iig292eft4svlhveq","options":{"secondsToWaitFor":"14"},"outgoingEdgeId":"q3f0w9fw7eq8dp10dzmk4njb"}],"graphCoordinates":{"x":10861.62,"y":311.98}},{"id":"o4g7sh7regmuimvga5ke43th","title":"Group #31","blocks":[{"id":"jizmsk83817pmn7yjni6s3q1","type":"text","content":{"richText":[{"type":"p","children":[{"text":"Esse foi o resultado que o aplicativo me trouxe! 🎰"}]}]},"groupId":"o4g7sh7regmuimvga5ke43th","outgoingEdgeId":"gl7lqo5vr2un1vf59fmho6du"}],"graphCoordinates":{"x":11203.05,"y":329.12}},{"id":"we0teco93x0b24mvsltpf8r4","title":"Group #32","blocks":[{"id":"t90okp46yj8y10zrkal9z5to","type":"text","content":{"richText":[{"type":"p","children":[{"text":"Você gostaria de ter resultados parecidos com esse?Me confirma aqui abaixo 👇🏼"}]}]},"groupId":"we0teco93x0b24mvsltpf8r4","outgoingEdgeId":"sh9jdaqa66edzpbp7gl1ro1f"}],"graphCoordinates":{"x":11574.48,"y":321.98}},{"id":"gj23w5ptbjq5na7xubf5ghke","title":"Group #33","blocks":[{"id":"u8xq1hn5ltj93yikotlpare8","type":"choice input","items":[{"id":"k9ecszg38aopj8f7fwmv5sa3","type":0,"blockId":"u8xq1hn5ltj93yikotlpare8","content":"EU QUERO!","outgoingEdgeId":"rm440ey1xx79wbj9gc1inpcm"}],"groupId":"gj23w5ptbjq5na7xubf5ghke","options":{"buttonLabel":"Send","isSearchable":false,"isMultipleChoice":false,"searchInputPlaceholder":"Filter the options..."}}],"graphCoordinates":{"x":11940.19,"y":349.12}},{"id":"vejixhsw788bxz5h008zh9ct","title":"Group #34","blocks":[{"id":"z8lj9u5c81q5ea1qc678txns","type":"text","content":{"richText":[{"type":"p","children":[{"text":"{{Nome}}, eu tenho apenas "},{"bold":true,"text":"27 vagas"},{"text":" disponíveis desse aplicativo, eu preciso saber de você."}]}]},"groupId":"vejixhsw788bxz5h008zh9ct","outgoingEdgeId":"zmnm84efhit80otg8fdr1vpi"}],"graphCoordinates":{"x":12327.33,"y":303.4}},{"id":"uv9sf6ijl47atxw1i5gzwkp0","title":"Group #35","blocks":[{"id":"jtyqd3l128cvde3yrbcdpdge","type":"text","content":{"richText":[{"type":"p","children":[{"text":"Eu posso reservar uma vaga exclusiva pra você? 👇🏼"}]}]},"groupId":"uv9sf6ijl47atxw1i5gzwkp0","outgoingEdgeId":"ej1eqm7a1n66qk1oj3ua3ekh"}],"graphCoordinates":{"x":12714.48,"y":316.26}},{"id":"zp7k0onn71ultm087lch9nlp","title":"Group #36","blocks":[{"id":"ej7xsbwhdm2xb8r34i7vn597","type":"choice input","items":[{"id":"x2y8mxlrwzmaum9c9ufmz9ze","type":0,"blockId":"ej7xsbwhdm2xb8r34i7vn597","content":"SIM, PODE RESERVAR MINHA VAGA 🤑","outgoingEdgeId":"nmo1j84vkefrs1is8o4uartj"}],"groupId":"zp7k0onn71ultm087lch9nlp","options":{"buttonLabel":"Send","isSearchable":false,"isMultipleChoice":false,"searchInputPlaceholder":"Filter the options..."}}],"graphCoordinates":{"x":13083.05,"y":313.4}},{"id":"tpjcwyryfy6e7pt8zffgarx8","title":"Group #37","blocks":[{"id":"zgxchjh3xehtecjfe944tklt","type":"text","content":{"richText":[{"type":"p","children":[{"text":"Antes de reservar sua vaga, eu preciso que você escute esse áudio que vou te mandar agora. 👇🏼"}]}]},"groupId":"tpjcwyryfy6e7pt8zffgarx8","outgoingEdgeId":"tmrcxoau7nm2qbaqf63c1yum"}],"graphCoordinates":{"x":13484.48,"y":290.55}},{"id":"rm1ecee2iqzt5b5rp5o3o5iz","title":"Group #38","blocks":[{"id":"og6vdgj8xi10y3rzizdb96f8","type":"audio","content":{"url":"https://s3.fr-par.scw.cloud/typebot/public/typebots/clk2l15t80031kx0fi9ytqkiy/blocks/og6vdgj8xi10y3rzizdb96f8?v=1689344008589"},"groupId":"rm1ecee2iqzt5b5rp5o3o5iz"},{"id":"mbod9cfk06vqry3t0u929i94","type":"Wait","groupId":"rm1ecee2iqzt5b5rp5o3o5iz","options":{"secondsToWaitFor":"48"},"outgoingEdgeId":"v0xa8olk0dxcyvkonmqf7v5o"}],"graphCoordinates":{"x":13867.33,"y":334.83}},{"id":"a76pbcx63d253avd77yc0as7","title":"Group #39","blocks":[{"id":"y6qm6dsi6uiqyd325q4upycd","type":"text","content":{"richText":[{"type":"p","children":[{"text":"ACESSO LIBERADO! ✅Após finalizar sua inscrição você vai receber acesso diretamente no seu e-mail e no seu WhatsApp. Clique aqui para ser redirecionado para a página de inscrição 👇🏼\n"}]}]},"groupId":"a76pbcx63d253avd77yc0as7","outgoingEdgeId":"ye7ich6897cvpqpd7e3fag8h"}],"graphCoordinates":{"x":14234.48,"y":334.83}},{"id":"prlefm69kx374r4wcv40filb","title":"Group #40","blocks":[{"id":"p8vdbis8rotq6ctk41co83a4","type":"choice input","items":[{"id":"z54vop04pgxfj0hnw15bnten","type":0,"blockId":"p8vdbis8rotq6ctk41co83a4","content":"FAZER MINHA INSCRIÇÃO! 🚀","outgoingEdgeId":"u4wf5i73m71w6h760geo2yy3","displayCondition":{"isEnabled":false}}],"groupId":"prlefm69kx374r4wcv40filb","options":{"buttonLabel":"Send","isSearchable":false,"isMultipleChoice":false,"searchInputPlaceholder":"Filter the options..."}}],"graphCoordinates":{"x":14588.76,"y":426.26}},{"id":"qcbcrhgey08rh9813txgyz17","title":"Group #41","blocks":[{"id":"ksy7y7mg3t1fq3536qxdh1r2","type":"Redirect","groupId":"qcbcrhgey08rh9813txgyz17","options":{"url":"https://go.perfectpay.com.br/PPU38CMILNE","isNewTab":false}}],"graphCoordinates":{"x":14940.19,"y":409.12}},{"id":"zfx49pccbfljt0qe8jbcu2hb","title":"Group #42","blocks":[{"id":"phpa8jiiu3ugl0v6wcj05a7d","type":"image","content":{"url":"https://s3.fr-par.scw.cloud/typebot/public/typebots/clk2l15t80031kx0fi9ytqkiy/blocks/phpa8jiiu3ugl0v6wcj05a7d?v=1689343160744"},"groupId":"zfx49pccbfljt0qe8jbcu2hb","outgoingEdgeId":"zy29ncw4qo5hcj5rh1o8xe4r"}],"graphCoordinates":{"x":8276,"y":161}},{"id":"x10qg0ojdjigpdetj41nchs0","title":"Group #42","blocks":[{"id":"utpkh1rku52bjc8incmagigy","type":"image","content":{"url":"https://s3.fr-par.scw.cloud/typebot/public/typebots/clk2l15t80031kx0fi9ytqkiy/blocks/utpkh1rku52bjc8incmagigy?v=1689343121376"},"groupId":"x10qg0ojdjigpdetj41nchs0","outgoingEdgeId":"qe5l9rf1kcngohflruw9cgrw"}],"graphCoordinates":{"x":7521.33,"y":283.83}}],"variables":[{"id":"vb6s87wwyhj8l4q2cthzshbuc","name":"Nome"}],"edges":[{"id":"j43jnb7av5gta7rqqloq2ccz","to":{"groupId":"v48z975od1xwhnt768b0nuhy"},"from":{"blockId":"e8w7bt017jw1gvn6nfdjkyr1","groupId":"jwyzl1dv7yb4do9xqhuh8gc9"}},{"id":"b4s2szbjentffo9bimmay62h","to":{"groupId":"wk23wdg9lj1ulvufs405k72g"},"from":{"blockId":"my1xi8spl35lcd5v8e5ws3bb","groupId":"v48z975od1xwhnt768b0nuhy"}},{"id":"n16thgaig16m98e30n7hyos8","to":{"groupId":"xox22oi045x1f9nvdkcem210"},"from":{"blockId":"eqnj4uss4y1zb3ovnqx883l5","groupId":"wk23wdg9lj1ulvufs405k72g"}},{"id":"jy59nih8pff3p9j19rtmdf3c","to":{"groupId":"p0gsa4ybmht354t7p6qzcett"},"from":{"blockId":"vg6aconrrsoxzai4y2zv45il","groupId":"xox22oi045x1f9nvdkcem210"}},{"id":"pf3u9q79fzpupw9l1jusuwbt","to":{"groupId":"dvlsqrs46uodfqfqtf9tx2gy"},"from":{"blockId":"axbrxe0ef5vqc1woqeq0ghrm","groupId":"p0gsa4ybmht354t7p6qzcett"}},{"id":"f5k1ylwj8vfudhe0sx537t02","to":{"groupId":"c8z7589mg9vwsmg02uym56i2"},"from":{"blockId":"ot5jhcoeih86a7w5hkvvsr58","groupId":"dvlsqrs46uodfqfqtf9tx2gy"}},{"id":"bfebkydd2wkaxtx1d0zsgzw8","to":{"groupId":"heul01tplv1qiex5du2kox5b"},"from":{"blockId":"xrlvs3re8787g7oamaqe9od4","groupId":"c8z7589mg9vwsmg02uym56i2"}},{"id":"tqfr7m5dect71cd4mt3xik6y","to":{"groupId":"w0qbmagny3j9en5ien3y3fz3"},"from":{"blockId":"d0g2nmh2ezu28hb5peey23d1","groupId":"mkzaqyq9vkl480bq7gxatbqu"}},{"id":"o3tpdzbth71scbbj6ub4qoug","to":{"groupId":"bgerkwh90edkv4qhdwdmxjkj"},"from":{"blockId":"up991czfw6w3233uhrm6bq53","groupId":"heul01tplv1qiex5du2kox5b"}},{"id":"o9esx9z55s6w717a7wtengof","to":{"groupId":"mkzaqyq9vkl480bq7gxatbqu"},"from":{"blockId":"baph3mwj9md8vftrzibbur8j","groupId":"bgerkwh90edkv4qhdwdmxjkj"}},{"id":"pv32fzfh0qpnmhalwwa3y3bk","to":{"groupId":"esly42gwkfezqrz9jqcb18yd"},"from":{"blockId":"rq06xxllvuqh96u974m4bemq","groupId":"w0qbmagny3j9en5ien3y3fz3"}},{"id":"brptrfn0tzojpetgv3ixr6y6","to":{"groupId":"ps3eo9em1corjo0o1olz2idq"},"from":{"blockId":"uu4nddwuuocu9utmyz4e7bae","groupId":"esly42gwkfezqrz9jqcb18yd"}},{"id":"d9k14kbshdososcztpfv5z6i","to":{"groupId":"m5isykjo9l1hmhjf5cagd3h7"},"from":{"blockId":"s5vtfbe5h2onb7wpf1dczds5","groupId":"ps3eo9em1corjo0o1olz2idq"}},{"id":"e9i6w1up0c1whoxf4indbzhe","to":{"groupId":"rb20p4279jg6zh6b3eoxpr1w"},"from":{"blockId":"itionaj6zl7vcb6n83du450q","groupId":"m5isykjo9l1hmhjf5cagd3h7"}},{"id":"ui3vw65o4tc0dpt8yv84ftna","to":{"groupId":"pxp3h6s29snopmllmm4acw7p"},"from":{"itemId":"xoo6aqarip0dl11dqthvvaov","blockId":"ccbzkushtzrecm8m79e3vt58","groupId":"rb20p4279jg6zh6b3eoxpr1w"}},{"id":"wlo4gohkbag3aygkorkbdgt6","to":{"groupId":"qdb6ieyqh5cmcr5soo4ags61"},"from":{"blockId":"v0rfywcnlwn0uic5v99pcr7u","groupId":"pxp3h6s29snopmllmm4acw7p"}},{"id":"x38hjm7yftdbrvaru0zmp1qp","to":{"groupId":"g7bqrdwjwu2ns8brvfr18x21"},"from":{"blockId":"hrdcyv0n18i4thrgw2whwr17","groupId":"qdb6ieyqh5cmcr5soo4ags61"}},{"id":"igocwqtz63dgzskevokich56","to":{"groupId":"pbxh0a6l6kvteljfc6ooyt59"},"from":{"blockId":"rlhc7p733a44lvpi3efpefci","groupId":"g7bqrdwjwu2ns8brvfr18x21"}},{"id":"j4fe31ojqvgkcmx1c1inpjus","to":{"groupId":"nygu36yoa04v4zfdtlu91ood"},"from":{"blockId":"xu7siw5xin7jdu4e1h455xlo","groupId":"pbxh0a6l6kvteljfc6ooyt59"}},{"id":"e70d7gtt4wtmhvo4hxjx7f55","to":{"groupId":"z2gyq63cne569nd4rym7hfnt"},"from":{"blockId":"ujwbdbnxixsnl6ivpklyjde8","groupId":"nygu36yoa04v4zfdtlu91ood"}},{"id":"qe5l9rf1kcngohflruw9cgrw","to":{"groupId":"et2vqvuuuasrh4o38qqjon6m"},"from":{"blockId":"utpkh1rku52bjc8incmagigy","groupId":"x10qg0ojdjigpdetj41nchs0"}},{"id":"zy29ncw4qo5hcj5rh1o8xe4r","to":{"groupId":"huqvvs1mtqm7h1tb00ot7phj"},"from":{"blockId":"phpa8jiiu3ugl0v6wcj05a7d","groupId":"zfx49pccbfljt0qe8jbcu2hb"}},{"id":"lt7o12hbsx8w4y4tm3vtcqqe","to":{"groupId":"a5w2c32sm9qrt7j1tbr8ett5"},"from":{"blockId":"kv91t4554l3zzohwc84zimvn","groupId":"huqvvs1mtqm7h1tb00ot7phj"}},{"id":"yzr8gkixqbhw4gjvhqmkviqg","to":{"groupId":"so5iy7uhgkxvxev2f1lo4159"},"from":{"blockId":"fm7pkcg6cnkiq4m11xczqqxm","groupId":"a5w2c32sm9qrt7j1tbr8ett5"}},{"id":"twgx3r0o0r5n01om36t4ds7y","to":{"groupId":"jq2pq4237prvy65agkz9fh31"},"from":{"itemId":"h440rkj4fx54l4lzjxporf7o","blockId":"uow9k7vksozq36hyun7z8aua","groupId":"so5iy7uhgkxvxev2f1lo4159"}},{"id":"t2ks1vfbmn9spv1rwp41k0cl","to":{"groupId":"zix0gjupjv8lny3obwulsyrc"},"from":{"blockId":"jyvv01ak74diw42llqo6yp7w","groupId":"jq2pq4237prvy65agkz9fh31"}},{"id":"jt43fmokw4ejvoyrl3q0jdld","to":{"groupId":"pg8rgoseanl3wnw05zpvsm9a"},"from":{"blockId":"mkn1lyccqt5abpz0sa9e9ujd","groupId":"zix0gjupjv8lny3obwulsyrc"}},{"id":"no5uzxj9koqax84sby4qg1x3","to":{"groupId":"uelj674iig292eft4svlhveq"},"from":{"blockId":"kibw8ki37hpjuzksxxj4htlg","groupId":"pg8rgoseanl3wnw05zpvsm9a"}},{"id":"q3f0w9fw7eq8dp10dzmk4njb","to":{"groupId":"o4g7sh7regmuimvga5ke43th"},"from":{"blockId":"qtlpn7kl8xahlag8f2d3x9ib","groupId":"uelj674iig292eft4svlhveq"}},{"id":"gl7lqo5vr2un1vf59fmho6du","to":{"groupId":"we0teco93x0b24mvsltpf8r4"},"from":{"blockId":"jizmsk83817pmn7yjni6s3q1","groupId":"o4g7sh7regmuimvga5ke43th"}},{"id":"sh9jdaqa66edzpbp7gl1ro1f","to":{"groupId":"gj23w5ptbjq5na7xubf5ghke"},"from":{"blockId":"t90okp46yj8y10zrkal9z5to","groupId":"we0teco93x0b24mvsltpf8r4"}},{"id":"rm440ey1xx79wbj9gc1inpcm","to":{"groupId":"vejixhsw788bxz5h008zh9ct"},"from":{"itemId":"k9ecszg38aopj8f7fwmv5sa3","blockId":"u8xq1hn5ltj93yikotlpare8","groupId":"gj23w5ptbjq5na7xubf5ghke"}},{"id":"zmnm84efhit80otg8fdr1vpi","to":{"groupId":"uv9sf6ijl47atxw1i5gzwkp0"},"from":{"blockId":"z8lj9u5c81q5ea1qc678txns","groupId":"vejixhsw788bxz5h008zh9ct"}},{"id":"ej1eqm7a1n66qk1oj3ua3ekh","to":{"groupId":"zp7k0onn71ultm087lch9nlp"},"from":{"blockId":"jtyqd3l128cvde3yrbcdpdge","groupId":"uv9sf6ijl47atxw1i5gzwkp0"}},{"id":"nmo1j84vkefrs1is8o4uartj","to":{"groupId":"tpjcwyryfy6e7pt8zffgarx8"},"from":{"itemId":"x2y8mxlrwzmaum9c9ufmz9ze","blockId":"ej7xsbwhdm2xb8r34i7vn597","groupId":"zp7k0onn71ultm087lch9nlp"}},{"id":"tmrcxoau7nm2qbaqf63c1yum","to":{"groupId":"rm1ecee2iqzt5b5rp5o3o5iz"},"from":{"blockId":"zgxchjh3xehtecjfe944tklt","groupId":"tpjcwyryfy6e7pt8zffgarx8"}},{"id":"v0xa8olk0dxcyvkonmqf7v5o","to":{"groupId":"a76pbcx63d253avd77yc0as7"},"from":{"blockId":"mbod9cfk06vqry3t0u929i94","groupId":"rm1ecee2iqzt5b5rp5o3o5iz"}},{"id":"ye7ich6897cvpqpd7e3fag8h","to":{"groupId":"prlefm69kx374r4wcv40filb"},"from":{"blockId":"y6qm6dsi6uiqyd325q4upycd","groupId":"a76pbcx63d253avd77yc0as7"}},{"id":"u4wf5i73m71w6h760geo2yy3","to":{"groupId":"qcbcrhgey08rh9813txgyz17"},"from":{"itemId":"z54vop04pgxfj0hnw15bnten","blockId":"p8vdbis8rotq6ctk41co83a4","groupId":"prlefm69kx374r4wcv40filb"}},{"id":"idvij9zf851o2r97efjbwvh6","to":{"blockId":"phpa8jiiu3ugl0v6wcj05a7d","groupId":"zfx49pccbfljt0qe8jbcu2hb"},"from":{"blockId":"z9nq9lw9z5uhylzm1u39pa6y","groupId":"et2vqvuuuasrh4o38qqjon6m"}},{"id":"pg3ynpgvsw3n2dnonfzukaj8","to":{"blockId":"utpkh1rku52bjc8incmagigy","groupId":"x10qg0ojdjigpdetj41nchs0"},"from":{"blockId":"xu3yu8kq7av2yhn9ri4f27ri","groupId":"z2gyq63cne569nd4rym7hfnt"}}],"theme":{"chat":{"inputs":{"color":"#303235","backgroundColor":"#FFFFFF","placeholderColor":"#9095A0"},"buttons":{"color":"#FFFFFF","backgroundColor":"#0042DA"},"hostAvatar":{"url":"https://s3.fr-par.scw.cloud/typebot/public/typebots/clk2l15t80031kx0fi9ytqkiy/hostAvatar?v=1689340156754","isEnabled":true},"hostBubbles":{"color":"#303235","backgroundColor":"#F7F8FF"},"guestBubbles":{"color":"#FFFFFF","backgroundColor":"#FF8E21"}},"general":{"font":"Open Sans","background":{"type":"Image","content":"https://s3.fr-par.scw.cloud/typebot/public/typebots/clk2l15t80031kx0fi9ytqkiy/background?v=1689339430871"}}},"settings":{"general":{"rememberUser":{"isEnabled":false},"isBrandingEnabled":true,"isInputPrefillEnabled":true,"isHideQueryParamsEnabled":true},"metadata":{"description":"Build beautiful conversational forms and embed them directly in your applications without a line of code. Triple your response rate and collect answers that has more value compared to a traditional form."},"typingEmulation":{"speed":300,"enabled":true,"maxDelay":1.5}}}