{"version":"6","id":"clnqgydyx001glj0fm3swnbq9","name":"SEGREDOBUGMINES","events":[{"id":"mpnrxngpat5hoxz33uax42wa","outgoingEdgeId":"om2h730skitemumdi0vrt7av","graphCoordinates":{"x":-870,"y":490.49},"type":"start"}],"groups":[{"id":"r81nkpn2t06s6sx28kak3dfc","title":"Group #3 1-promessa","graphCoordinates":{"x":95,"y":190.67},"blocks":[{"id":"t9nuyegzjn618rqnqx0wdfia","type":"text","content":{"richText":[{"type":"p","children":[{"text":"Opa, beleza? Meu nome é ANDERSON S!"}]}]}},{"id":"wtwoa762xa5lfnwyws3y91cw","type":"Wait","options":{"secondsToWaitFor":"2"}},{"id":"zmysdxz91jxpkydwbbotvsk1","type":"text","content":{"richText":[{"type":"p","children":[{"text":"Clica no botão abaixo e eu "},{"bold":true,"text":"vou te explicar tudo!👇👇"}]}]}},{"id":"a9txvgeanhs8h4dygbrfpnv5","outgoingEdgeId":"zs68ahpfgot5lj4ry3iyzvdw","type":"choice input","items":[{"id":"tpz0zy2qsar8vvamwgfjyjh7","content":"CLIQUE AQUI E VEJA COMO!"}],"options":{"isMultipleChoice":false,"buttonLabel":"Send","isSearchable":false,"searchInputPlaceholder":"Filter the options..."}}]},{"id":"adrfhkzz0qs7huuxbxmmdjmj","title":"Group #4-mostrar quem é","graphCoordinates":{"x":526.67,"y":-59.33},"blocks":[{"id":"gpefb1bof13apv915xro0yu0","type":"text","content":{"richText":[{"type":"p","children":[{"text":"VAMOS LÁ"}]}]}},{"id":"p1dyumfp95ipt92nki30j1dv","type":"Wait","options":{"secondsToWaitFor":"1"}},{"id":"lbv5lp2pvw6wrfs866riqldq","type":"Wait","options":{"secondsToWaitFor":"2"}},{"id":"orsg9q7j5l4os6bjhbma7m6y","type":"text input","options":{"labels":{"placeholder":"Type your answer...","button":"Send"},"variableId":"vym9k4kqygci886yt8iv19507","isLong":false}},{"id":"lemij8fquluk2ycrrz1bokzq","type":"text","content":{"richText":[{"type":"p","children":[{"text":"É um prazer,{{NOME}}"}]}]}},{"id":"d67v8seyigeocl8386ucostn","type":"Wait","options":{"secondsToWaitFor":"2"}},{"id":"dwz37f5p68r9z1be7cdl0kxq","type":"text","content":{"richText":[{"type":"p","children":[{"text":"Fica comigo até o final desse bate papo que eu vou te explicar como funciona..."}]}]}},{"id":"vlp7cdwk8qujsxeljoadv91q","type":"Wait","options":{"secondsToWaitFor":"1"}},{"id":"cl7r5v9msljg2yrt1a5hncqc","type":"text","content":{"richText":[{"type":"p","children":[{"text":"Como eu disse, meu nome é ANDERSON"}]}]}},{"id":"smouj7sk7yscm9v7srhi5bwv","type":"Wait","options":{"secondsToWaitFor":"2"}},{"id":"t3bige1mk5h826mp8p89eifv","type":"image","content":{"url":"https://s3.fr-par.scw.cloud/typebot/public/typebots/k6nfrvxcv3im791sh3ubbbx8/blocks/tt03u2dforfxwqfydonvwml2?v=1690411493671"}},{"id":"pbkeh78th4iwy66y5k3597sr","type":"Wait","options":{"secondsToWaitFor":"2"}},{"id":"v5whr52gwupuoqrzkyd0qlmu","type":"text","content":{"richText":[{"type":"p","children":[{"text":"ganhar dinheiro sem sair do sofá"}]}]}},{"id":"kub6ak7mm2asu1oc1fpra685","type":"Wait","options":{}},{"id":"c5kp921sqkp2lijkxupel8tb","type":"text","content":{"richText":[{"type":"p","children":[{"text":"\n"},{"bold":true,"text":"E o melhor, você não vai precisar pagar nada por isso!!"}]}]}},{"id":"s4gp4dtq8i1xy969eqpeaevo","outgoingEdgeId":"n02rhpe7x2gd0i1tsw074u1l","type":"choice input","items":[{"id":"rt3lz1j2cxlnjxxn844ox0cf","content":"QUERO SABE MAIS"}],"options":{"isMultipleChoice":false,"buttonLabel":"Send","isSearchable":false,"searchInputPlaceholder":"Filter the options..."}}]},{"id":"ktzx52uoy9u5y0xjan1z1kfr","title":"Group #4","graphCoordinates":{"x":925,"y":947.33},"blocks":[{"id":"be4s9m3rmpgxmt1z2o69vpoh","type":"text","content":{"richText":[{"type":"p","children":[{"text":"Seleciona umas das opções aqui em baixo 👇🏻"}]}]}},{"id":"ppv8vc4pqldpmko09517zong","type":"choice input","items":[{"id":"m7v9t8ktqctkhgbunnpu8szs","outgoingEdgeId":"ha8t8peitk8ibk3xy6q6jhdr","content":"GANHAR MAIS DINHEIRO"},{"id":"zcmz1tjqmzw61kggk5zxrd1b","outgoingEdgeId":"psh82ahggzi0i83kz0b5fqz4","content":"PAGAR CONTAS ATRASADAS"}],"options":{"isMultipleChoice":false,"buttonLabel":"Send","isSearchable":false,"searchInputPlaceholder":"Filter the options..."}}]},{"id":"z08judn9yjfjjtxdx21cr5if","title":"Group #5 GANHAR MAIS","graphCoordinates":{"x":1355.01,"y":-89.34},"blocks":[{"id":"lrvy26o3re2jmf0eil5v5dbo","type":"text","content":{"richText":[{"type":"p","children":[{"text":"Milhares de pessoas começaram a usar esse aplicativo, simplesmente para conseguirem "},{"bold":true,"text":"ganhar um dinheiro a mais também..."}]}]}},{"id":"w5po2jiyp25updd08xy9vyqx","type":"Wait","options":{"secondsToWaitFor":"1"}},{"id":"wfsekbj9mcri0r5mca2c33jv","type":"text","content":{"richText":[{"type":"p","children":[{"bold":true,"text":"🟢 Pagar aquela conta que estava super atrasada."},{"text":"\n"}]}]}},{"id":"udfz3nxi81y7jiynxip4emvu","type":"Wait","options":{"secondsToWaitFor":"1"}},{"id":"bl8grmjs43m2lz4v19wjom7r","type":"text","content":{"richText":[{"type":"p","children":[{"bold":true,"text":"🟢 Sair para jantar naquele restaurante que adoram ir."}]}]}},{"id":"uv4jb58n587sw4mkri7blx42","type":"Wait","options":{"secondsToWaitFor":"1"}},{"id":"dvjk2eb9ovc6au2dbapnwt86","type":"text","content":{"richText":[{"type":"p","children":[{"bold":true,"text":"🟢 Dar uma entrada na casa própria dos sonhos."}]}]}},{"id":"joz8vjvhqtbn0ridn1k74n2q","type":"Wait","options":{"secondsToWaitFor":"1"}},{"id":"hvpopunh7jqo9pwschbh4ya2","type":"text","content":{"richText":[{"type":"p","children":[{"bold":true,"text":"Você gostaria também de realizar tudo isso? "},{"text":"\n"}]}]}},{"id":"b5bhrswho5hr0xc0r9d9ly1g","type":"choice input","items":[{"id":"xsxsa2vhvkr1iu3b39c2gcp4","outgoingEdgeId":"s7e8iqrr130yrpnw70jky6on","content":"SIM"},{"id":"apsz4lofzo2llqqswqouxqgp","outgoingEdgeId":"yrrp6jhoad2qb5kisrmpchov","content":"NÃO"}],"options":{"isMultipleChoice":false,"buttonLabel":"Send","isSearchable":false,"searchInputPlaceholder":"Filter the options..."}}]},{"id":"r8hgvh6e60mj24ynnafmx4c8","title":"Group #6","graphCoordinates":{"x":-357.5,"y":90.67},"blocks":[{"id":"tpxvyiwrez5vdkpqqg706fx3","outgoingEdgeId":"fc35ov2rhrcot3q2jtgn1ck2","type":"text","content":{"richText":[{"type":"p","children":[{"text":"A partir de agora você terá acesso ao nosso robô e irá conseguir uma renda extra!!   E eu vou te mostrar como você"},{"bold":true,"text":" "},{"text":"pode fazer para ganhar de "},{"bold":true,"text":"R$100 a R$600"}]}]}}]},{"id":"rbkhk41uvvr395uu09bzq9zn","title":"Group #7-RESP SIM","graphCoordinates":{"x":1608.33,"y":1167.33},"blocks":[{"id":"xho9fppv2dca2qaro2w41ob0","type":"text","content":{"richText":[{"type":"p","children":[{"text":"SHOW, {{NOME}}"}]}]}},{"id":"xcu8qvjiedbl9utl89ejca7c","type":"embed","content":{"url":"https://player-vz-dc6dbca1-262.tv.pandavideo.com.br/embed/?v=86de6be0-a3fb-460a-8852-3acde4d10eeb","height":400}},{"id":"c9jcummd5f8ec14ho1q1t5yr","type":"Wait","options":{"secondsToWaitFor":"1"}},{"id":"wrsq5f24a7n3cg58s7uttm82","type":"text","content":{"richText":[{"type":"p","children":[{"text":"O Marcelo estava chegando já no seu limite e reclamava que o dinheiro que ganhava não dava nem para sobreviver o mês inteiro..."}]}]}},{"id":"fardys19hxvmczo6dozvx2xs","type":"text","content":{"richText":[{"type":"p","children":[{"text":"Ele já está juntando dinheiro para comprar seu carro, usando apenas o aplicativo..."}]}]}},{"id":"jibuzqw8qqk9037var8s2sxu","type":"Wait","options":{"secondsToWaitFor":"4"}},{"id":"ms3m6ifp9v3pz2ydv95l6ptq","type":"text","content":{"richText":[{"type":"p","children":[{"text":"\nEu imagino que você tenha se interessado, quer saber como esse Aplicativo funciona?  👇🏻"}]}]}},{"id":"w9ofegsnhyd56adln01f03y6","type":"choice input","items":[{"id":"snpgow8q6ydvxuhaw09tb1c6","outgoingEdgeId":"pa0wp3pa34aa47vrg0m1omn6","content":"SIM,ME CONTA!"}],"options":{"isMultipleChoice":false,"buttonLabel":"Send","isSearchable":false,"searchInputPlaceholder":"Filter the options..."}}]},{"id":"sze8r01z98la9jl8yxdehpvt","title":"Group #7 POSSO CONTINUAR","graphCoordinates":{"x":2011.67,"y":1424},"blocks":[{"id":"n68w6q0r6vcs5fk56uplz40b","type":"text","content":{"richText":[{"type":"p","children":[{"text":"OK! ✅ Vou liberar seu acesso agora!Mas antes vou te mandar um áudio muito importante 👇🏻"}]}]}},{"id":"wj9z40c3ehvs7pzkrotm1ujd","type":"Wait","options":{"secondsToWaitFor":"5"}},{"id":"pligcnog23jqiu5szn1fu692","type":"audio","content":{"url":"https://s3.fr-par.scw.cloud/typebot/public/typebots/k6nfrvxcv3im791sh3ubbbx8/blocks/zjzreeybwfpysh9a4ns6iavi?v=1690411955716"}},{"id":"g1jeiwlfb0ydgknpzx58gybk","type":"Wait","options":{"secondsToWaitFor":"6"}},{"id":"sk0a7nxuvx1pi0uxj2kts69y","type":"text","content":{"richText":[{"type":"p","children":[{"text":"Faça seu cadastro preenchendo as informações abaixo: 👇🏼"}]}]}},{"id":"j48ygmuw9vgv4895yzl3t1wo","type":"embed","content":{"url":"https://acesse.dev/cadastro-gold","height":800}},{"id":"f87vza2rm71bts7oyi30hqd7","type":"Wait","options":{"secondsToWaitFor":"5"}},{"id":"utwskp1oxfj96r225poqmzbw","type":"Wait","options":{"secondsToWaitFor":"10"}},{"id":"u4vgb0drky325cqvx7uhccdx","type":"choice input","items":[{"id":"xg5mffiw0b8hqeg77vw5l8h7","outgoingEdgeId":"uj0s85n0trql7ylq343tqqb2","content":"FINALIZEI O CADASTRO!"}],"options":{"isMultipleChoice":false,"buttonLabel":"Send","isSearchable":false,"searchInputPlaceholder":"Filter the options..."}}]},{"id":"p0ndrp211ykfw4r9nm6bv8o7","title":"Group #8 PAGAR CONTAS","graphCoordinates":{"x":1276.67,"y":1515.67},"blocks":[{"id":"ewcfynj676111s0skzdkpn0v","type":"text","content":{"richText":[{"type":"p","children":[{"text":"Milhares de pessoas já passaram por isso também, de terem "},{"bold":true,"text":"contas atrasadas"},{"text":" e procuraram esse aplicativo para "},{"bold":true,"text":"solucionar esse problema..."}]}]}},{"id":"ueo7vsepjo6zazzjuqyt9y28","type":"Wait","options":{"secondsToWaitFor":"2"}},{"id":"muce3c9ct493qra1q01pperf","type":"text","content":{"richText":[{"type":"p","children":[{"text":"E tem como não atrasar as contas, recebendo o que a maioria dos Brasileiros recebem hoje em dia?"}]}]}},{"id":"i1lnu3qh4q008cycnvw1lr2t","type":"text","content":{"richText":[{"type":"p","children":[{"text":"Mas sabe o que é o melhor? Olha o que as pessoas que estão utilizando o app, estão relatando:"}]}]}},{"id":"sz1i371yv1wjv4x2o8r2isoi","type":"Wait","options":{"secondsToWaitFor":"2"}},{"id":"e3fk2qhzecm4ljas5tvaxmrm","type":"text","content":{"richText":[{"type":"p","children":[{"bold":true,"text":"🟢 Pagar aquela conta que estava super atrasada."},{"text":"\n"}]}]}},{"id":"ncvepd6sp280yjvsaz1ms7oo","type":"Wait","options":{"secondsToWaitFor":"1"}},{"id":"vxnt5hc3it61xop0qlh4abw9","type":"text","content":{"richText":[{"type":"p","children":[{"bold":true,"text":"🟢 Dar uma entrada na casa própria dos sonhos."}]}]}},{"id":"upr2zmvdq4ujrwi2uk1zlf19","type":"Wait","options":{"secondsToWaitFor":"2"}},{"id":"hu5y4fqndbrjy8q3jeb9h8xk","type":"text","content":{"richText":[{"type":"p","children":[{"text":"Você gostaria disso"}]}]}},{"id":"oco25cbld7opubquzo7dlpvz","type":"choice input","items":[{"id":"us5dntrjetookesuk4m6z7mu","outgoingEdgeId":"pto5nopxmmn1uwnxbq2j1xm2","content":"SIM"},{"id":"ila4uf33gtjwk7exz6wmv2fe","outgoingEdgeId":"wkorfx26k5dg79007538g96c","content":"NÃO"}],"options":{"isMultipleChoice":false,"buttonLabel":"Send","isSearchable":false,"searchInputPlaceholder":"Filter the options..."}}]},{"id":"fvuqt4g4vy4vpxl6wtydyobc","title":"Group #9 RESP NÃO","graphCoordinates":{"x":1646.67,"y":2005.67},"blocks":[{"id":"okzr9a5np3r0nbu0xdu38amv","type":"text","content":{"richText":[{"type":"p","children":[{"text":"Pô, tem certeza?\n"}]}]}},{"id":"s8ykd5zxdiu8fk0685czk6ml","type":"Wait","options":{"secondsToWaitFor":"2"}},{"id":"sz6ig0jytr8atl8t1d5tdaf4","type":"embed","content":{"url":"https://player-vz-dc6dbca1-262.tv.pandavideo.com.br/embed/?v=86de6be0-a3fb-460a-8852-3acde4d10eeb","height":400}},{"id":"mcqm8uwjh9jt75z6zawwkkpd","type":"Wait","options":{"secondsToWaitFor":"2"}},{"id":"bwnjh6yimoxduhh3lp41aien","type":"text","content":{"richText":[{"type":"p","children":[{"text":"O Marcelo estava chegando já no seu limite e reclamava que o dinheiro que ganhava não dava nem para sobreviver o mês inteiro..."}]}]}},{"id":"ibz5n8o60vru2kgy5l5fbcis","type":"Wait","options":{"secondsToWaitFor":"8"}},{"id":"jlbygy6mm1p4elg4sy10un7x","type":"text","content":{"richText":[{"type":"p","children":[{"text":"Eu imagino que você tenha se interessado, quer saber como esse Aplicativo funciona?  👇🏻"}]}]}},{"id":"rejd0tb9iqltfxmnf7t7tonp","type":"Wait","options":{"secondsToWaitFor":"5"}},{"id":"xmv71plbowr68o1dfhyl16u5","type":"choice input","items":[{"id":"cq58ad9crs27os04yze518ca","outgoingEdgeId":"un7v5glvnsl42ltijr9pj8k0","content":"É CLARO QUE SIM!"}],"options":{"isMultipleChoice":false,"buttonLabel":"Send","isSearchable":false,"searchInputPlaceholder":"Filter the options..."}},{"id":"avrwllacg7m8fn7ko5iogxm8","type":"Wait","options":{"secondsToWaitFor":"2"}}]},{"id":"g8vfctkyi61sek71zjey276q","title":"Group #10","graphCoordinates":{"x":2466.67,"y":1767.33},"blocks":[{"id":"ba0n6xq2jb74xbaqct2ik755","type":"text","content":{"richText":[{"type":"p","children":[{"text":"O aplicativo é GRATUITO, porem ele tem uma taxa DE 9,99 reais, para manter o aplicativo no ar, podemos prosseguir?"}]}]}},{"id":"q7ugqn0f2dyzrwdimey58hho","type":"choice input","items":[{"id":"alumsbghkbq1zci9x0fr3fhd","outgoingEdgeId":"oj5ylugn5tmrzmouzce7facg","content":"SIM"},{"id":"fq0ejwvefk7b2slkcjzt7eqn","outgoingEdgeId":"w7j9awth6vlul1bcwsid8vtx","content":"NÃO"}],"options":{"isMultipleChoice":false,"buttonLabel":"Send","isSearchable":false,"searchInputPlaceholder":"Filter the options..."}}]},{"id":"mhv4ppz28twwsj6xfcsnybba","title":"Group #12-CHECKOUT LINK  CHECKOUT","graphCoordinates":{"x":2835,"y":1814},"blocks":[{"id":"q0uujh8124txv264yjgwgzpf","type":"text","content":{"richText":[{"type":"p","children":[{"text":"AGUARDE ENQUANTO LIBERO O LINK"}]}]}},{"id":"so58zotuxlrc4pbv9h61go6n","type":"Wait","options":{"secondsToWaitFor":"1"}},{"id":"f6b7wdf1u4cgrqhcytxmh0hn","type":"Redirect","options":{"url":"https://pay.kirvano.com/649dddb3-4314-479c-9427-95dacb99ef2d","isNewTab":true}}]},{"id":"mvq0rf8mhkyl9lyqoo4g0h3l","title":"Group #12","graphCoordinates":{"x":2451.67,"y":1552.33},"blocks":[{"id":"knyqo4pocqzbfzclkbgfjmwj","outgoingEdgeId":"bn1sxwggplvtukbxfnpan2fx","type":"text","content":{"richText":[{"type":"p","children":[{"text":"PARABÉNS"}]}]}}]},{"id":"zxwum51s9wj7v1e5lg26xeuz","title":"Group #13 NÃO","graphCoordinates":{"x":2550,"y":2322.33},"blocks":[{"id":"xhroe08ovr4v6uqx740r1fr1","type":"text","content":{"richText":[{"type":"p","children":[{"text":"OK, ALGO NÃO AGRADOU OU TEM DUVIDAS AINDA...VEJA AS VANTAGENS COM NOSSA EQUIPE"}]}]}},{"id":"yz6zq4y1r2jbl3816rxjxq7g","type":"video","content":{"url":"https://youtu.be/is2D9tt5oag","id":"is2D9tt5oag","type":"youtube"}},{"id":"yboygky8y0esttjk09ejwl2r","type":"Wait","options":{"secondsToWaitFor":"5"}},{"id":"oh83iql3fe1apxexn7b9qpg5","type":"text","content":{"richText":[{"type":"p","children":[{"text":"VAMOS TESTAR NA PRÁTICA"}]}]}},{"id":"pnxvf1og0u671zwyvie7txbu","type":"video","content":{"url":"https://youtu.be/dCMCGuJUU8E","id":"dCMCGuJUU8E","type":"youtube"}},{"id":"ezulam6jgblu11lldpm44379","outgoingEdgeId":"nbdfmf12f23fgqclqth566zm","type":"choice input","items":[{"id":"sxnpk82o0cwzh3ueuxkgbs4f","outgoingEdgeId":"ojhpmt8nwinsyff8nowy6s3m","content":"DESEJA CONTINUAR"},{"id":"h23d6nafiszjivtrk4iqz821","outgoingEdgeId":"p4bd9jskumvhq03zhl7plys3","content":"QUERO SAIR"}],"options":{"isMultipleChoice":false,"buttonLabel":"Send","isSearchable":false,"searchInputPlaceholder":"Filter the options..."}}]},{"id":"dqchwkuchg5okuzr2zd8xfkt","title":"Group #14","graphCoordinates":{"x":2935,"y":2450.67},"blocks":[{"id":"xu07n0rwj4zhhiupiuztx69p","type":"text","content":{"richText":[{"type":"p","children":[{"text":"FALE COM NOSSO SUPORTE"}]}]}},{"id":"f8u6qjqx2gcop9nlo1k36epu","type":"choice input","items":[{"id":"m11fnuaru3t2u3uw3s8ueb3s","outgoingEdgeId":"f1invn88ehw8o6gk6z2e7ach","content":"SIM"},{"id":"gduxi0mne955xlzakcxegj8p","outgoingEdgeId":"ixu3lo6qrvj873wd6rnz7e24","content":"NÃO"}],"options":{"isMultipleChoice":false,"buttonLabel":"Send","isSearchable":false,"searchInputPlaceholder":"Filter the options..."}}]},{"id":"ihi2mkehvlq5j55casr4qnrl","title":"Group #15","graphCoordinates":{"x":-844.33,"y":-9.17},"blocks":[{"id":"upzmw60jq25duuqmkf6fy6s7","type":"image","content":{"url":"https://s3.typebot.io/public/workspaces/clnlsnu54001rkw0flabr564r/typebots/clnqgydyx001glj0fm3swnbq9/blocks/upzmw60jq25duuqmkf6fy6s7?v=1697344761696"}}]},{"id":"l1bxuy8qqn32wh3wkoggj1t9","title":"configurações","graphCoordinates":{"x":-833,"y":671},"blocks":[{"id":"hhhy3x3voo2eq4blhkxoaccs","type":"Set variable","options":{"variableId":"vqqjqg616inztkbshp46k5lxm","expressionToEvaluate":"https://s3.typebot.io/public/workspaces/clnlsnu54001rkw0flabr564r/typebots/clnqgydyx001glj0fm3swnbq9/blocks/upzmw60jq25duuqmkf6fy6s7?v=1697344761696"}},{"id":"t16lt5amk65y02q0solxggee","outgoingEdgeId":"z812t92lw07ixqpji4ih7042","type":"Set variable","options":{"variableId":"variz8iwtmcgq8pu0n7s6mymh","expressionToEvaluate":"ANDERSON S"}}]},{"id":"n6v9b3qjp9mfrqhkw504hmo6","title":"javascript","graphCoordinates":{"x":-871,"y":1019.17},"blocks":[{"id":"wmeymh0jft1bb5kcoaqiw6t6","outgoingEdgeId":"mnypcynrlunuyyt9lwp4ej0g","type":"Code","options":{"name":"Run script","content":"var script = document.createElement('script');\nscript.src = \"https://igorlemoes.com.br/files/whatsapp/js_whatsapp_091023_v_001.js\";\ndocument.getElementsByTagName('head')[0].appendChild(script);\nscript.onload = function() {\n  criarBarra(\n    {{var_nome}},\n    {{var_avatar}}\n  );\n};"}}]},{"id":"vg1rsqy7xjbf6jbt2djg9nmc","title":"Group #18pixel","graphCoordinates":{"x":2907,"y":2163.49},"blocks":[{"id":"m2cu491pfxd3qry1a082yztc","outgoingEdgeId":"eco7m9oylk1f4b0q1l3sesbb","type":"Pixel","options":{"pixelId":"1078260476884483","isInitSkip":true,"params":[],"eventType":"Purchase"}}]},{"id":"hp3azvm10u13och0l1a1rmwr","title":"Group #19- SIM JOGAR PRO ZAP","graphCoordinates":{"x":3378,"y":2441.49},"blocks":[{"id":"o8n7seol97pidkns5thu34rr","type":"Redirect","options":{"url":"https://chat.whatsapp.com/L7opucO3v4b62kz0wa0tsB{{WHATSAPP}}{{WHATSAPP}}","isNewTab":true}}]},{"id":"cj0rs0x9g3fnr4uq3c2twgrl","title":"Group #20) NÃO-JOGAR PRO SITE DIRETO","graphCoordinates":{"x":3210,"y":2911.49},"blocks":[{"id":"tq8d361vwesizktt11uznf3y","type":"Redirect","options":{"url":"https://acesse.dev/cadastro-gold","isNewTab":true}}]},{"id":"djraom4wq08iiyvrfbytn2qm","title":"Group #21","graphCoordinates":{"x":-50.07771696867773,"y":1019.719583175094},"blocks":[{"id":"pvcec85vep0n8qlf4fv0mix7","type":"text","content":{"richText":[{"type":"p","children":[{"text":"Antes de começarmos e te explicar tudo, me diga seu "},{"bold":true,"text":"nome!"}]}]}}]}],"edges":[{"id":"om2h730skitemumdi0vrt7av","from":{"eventId":"mpnrxngpat5hoxz33uax42wa"},"to":{"groupId":"l1bxuy8qqn32wh3wkoggj1t9"}},{"id":"fc35ov2rhrcot3q2jtgn1ck2","from":{"blockId":"tpxvyiwrez5vdkpqqg706fx3"},"to":{"groupId":"r81nkpn2t06s6sx28kak3dfc"}},{"id":"zs68ahpfgot5lj4ry3iyzvdw","from":{"blockId":"a9txvgeanhs8h4dygbrfpnv5"},"to":{"groupId":"adrfhkzz0qs7huuxbxmmdjmj"}},{"id":"n02rhpe7x2gd0i1tsw074u1l","from":{"blockId":"s4gp4dtq8i1xy969eqpeaevo"},"to":{"groupId":"ktzx52uoy9u5y0xjan1z1kfr"}},{"id":"ha8t8peitk8ibk3xy6q6jhdr","from":{"blockId":"ppv8vc4pqldpmko09517zong","itemId":"m7v9t8ktqctkhgbunnpu8szs"},"to":{"groupId":"z08judn9yjfjjtxdx21cr5if"}},{"id":"psh82ahggzi0i83kz0b5fqz4","from":{"blockId":"ppv8vc4pqldpmko09517zong","itemId":"zcmz1tjqmzw61kggk5zxrd1b"},"to":{"groupId":"p0ndrp211ykfw4r9nm6bv8o7"}},{"id":"s7e8iqrr130yrpnw70jky6on","from":{"blockId":"b5bhrswho5hr0xc0r9d9ly1g","itemId":"xsxsa2vhvkr1iu3b39c2gcp4"},"to":{"groupId":"rbkhk41uvvr395uu09bzq9zn"}},{"id":"pto5nopxmmn1uwnxbq2j1xm2","from":{"blockId":"oco25cbld7opubquzo7dlpvz","itemId":"us5dntrjetookesuk4m6z7mu"},"to":{"groupId":"rbkhk41uvvr395uu09bzq9zn"}},{"id":"pa0wp3pa34aa47vrg0m1omn6","from":{"blockId":"w9ofegsnhyd56adln01f03y6","itemId":"snpgow8q6ydvxuhaw09tb1c6"},"to":{"groupId":"sze8r01z98la9jl8yxdehpvt"}},{"id":"wkorfx26k5dg79007538g96c","from":{"blockId":"oco25cbld7opubquzo7dlpvz","itemId":"ila4uf33gtjwk7exz6wmv2fe"},"to":{"groupId":"fvuqt4g4vy4vpxl6wtydyobc"}},{"id":"yrrp6jhoad2qb5kisrmpchov","from":{"blockId":"b5bhrswho5hr0xc0r9d9ly1g","itemId":"apsz4lofzo2llqqswqouxqgp"},"to":{"groupId":"fvuqt4g4vy4vpxl6wtydyobc"}},{"id":"un7v5glvnsl42ltijr9pj8k0","from":{"blockId":"xmv71plbowr68o1dfhyl16u5","itemId":"cq58ad9crs27os04yze518ca"},"to":{"groupId":"sze8r01z98la9jl8yxdehpvt"}},{"id":"uj0s85n0trql7ylq343tqqb2","from":{"blockId":"u4vgb0drky325cqvx7uhccdx","itemId":"xg5mffiw0b8hqeg77vw5l8h7"},"to":{"groupId":"mvq0rf8mhkyl9lyqoo4g0h3l"}},{"id":"bn1sxwggplvtukbxfnpan2fx","from":{"blockId":"knyqo4pocqzbfzclkbgfjmwj"},"to":{"groupId":"g8vfctkyi61sek71zjey276q"}},{"id":"oj5ylugn5tmrzmouzce7facg","from":{"blockId":"q7ugqn0f2dyzrwdimey58hho","itemId":"alumsbghkbq1zci9x0fr3fhd"},"to":{"groupId":"mhv4ppz28twwsj6xfcsnybba"}},{"id":"w7j9awth6vlul1bcwsid8vtx","from":{"blockId":"q7ugqn0f2dyzrwdimey58hho","itemId":"fq0ejwvefk7b2slkcjzt7eqn"},"to":{"groupId":"zxwum51s9wj7v1e5lg26xeuz"}},{"id":"z812t92lw07ixqpji4ih7042","from":{"blockId":"t16lt5amk65y02q0solxggee"},"to":{"groupId":"n6v9b3qjp9mfrqhkw504hmo6"}},{"id":"mnypcynrlunuyyt9lwp4ej0g","from":{"blockId":"wmeymh0jft1bb5kcoaqiw6t6"},"to":{"groupId":"r8hgvh6e60mj24ynnafmx4c8"}},{"id":"f1invn88ehw8o6gk6z2e7ach","from":{"blockId":"f8u6qjqx2gcop9nlo1k36epu","itemId":"m11fnuaru3t2u3uw3s8ueb3s"},"to":{"groupId":"hp3azvm10u13och0l1a1rmwr"}},{"id":"ixu3lo6qrvj873wd6rnz7e24","from":{"blockId":"f8u6qjqx2gcop9nlo1k36epu","itemId":"gduxi0mne955xlzakcxegj8p"},"to":{"groupId":"cj0rs0x9g3fnr4uq3c2twgrl"}},{"id":"ojhpmt8nwinsyff8nowy6s3m","from":{"blockId":"ezulam6jgblu11lldpm44379","itemId":"sxnpk82o0cwzh3ueuxkgbs4f"},"to":{"groupId":"mhv4ppz28twwsj6xfcsnybba"}},{"id":"p4bd9jskumvhq03zhl7plys3","from":{"blockId":"ezulam6jgblu11lldpm44379","itemId":"h23d6nafiszjivtrk4iqz821"},"to":{"groupId":"dqchwkuchg5okuzr2zd8xfkt"}},{"id":"nbdfmf12f23fgqclqth566zm","from":{"blockId":"ezulam6jgblu11lldpm44379"},"to":{"groupId":"dqchwkuchg5okuzr2zd8xfkt"}},{"id":"eco7m9oylk1f4b0q1l3sesbb","from":{"blockId":"m2cu491pfxd3qry1a082yztc"},"to":{"groupId":"mhv4ppz28twwsj6xfcsnybba","blockId":"f6b7wdf1u4cgrqhcytxmh0hn"}}],"variables":[{"id":"vym9k4kqygci886yt8iv19507","name":"NOME"},{"id":"vomcrlcv3guvfhd3mapezsg0g","name":"WHATSAPP"},{"id":"vveqyw92xj0rr0qlvl7q3t9r3","name":"script"},{"id":"vqqjqg616inztkbshp46k5lxm","name":"var_avatar"},{"id":"variz8iwtmcgq8pu0n7s6mymh","name":"var_nome"}],"theme":{"general":{"font":"Inter","background":{"type":"Image","content":"https://s3.typebot.io/public/workspaces/clnlsnu54001rkw0flabr564r/typebots/clnqgydyx001glj0fm3swnbq9/background?v=1697351801361"}},"chat":{"hostAvatar":{"isEnabled":true,"url":"https://s3.typebot.io/public/workspaces/clnlsnu54001rkw0flabr564r/typebots/clnqgydyx001glj0fm3swnbq9/hostAvatar?v=1697351787697"},"hostBubbles":{"backgroundColor":"#F7F8FF","color":"#303235"},"guestBubbles":{"backgroundColor":"#128C7E","color":"#FFFFFF"},"buttons":{"backgroundColor":"#008069","color":"#303235"},"inputs":{"backgroundColor":"#FFFFFF","color":"#303235","placeholderColor":"#9095A0"},"roundness":"large"},"customCss":""},"selectedThemeTemplateId":null,"settings":{"general":{"isBrandingEnabled":true,"isInputPrefillEnabled":true,"isHideQueryParamsEnabled":true,"rememberUser":{"isEnabled":false}},"typingEmulation":{"enabled":true,"speed":300,"maxDelay":1.5},"metadata":{"title":"(1)WhatsApp","description":"Faça agora sua consultoria com {{var_nome}} no WhatsApp.","imageUrl":"https://s3.typebot.io/public/workspaces/clnlsnu54001rkw0flabr564r/typebots/clnqgydyx001glj0fm3swnbq9/ogImage?v=1697336652399","favIconUrl":"https://s3.typebot.io/public/workspaces/clnlsnu54001rkw0flabr564r/typebots/clnqgydyx001glj0fm3swnbq9/favIcon?v=1697336588907","customHeadCode":""}},"createdAt":"2023-10-14T20:07:18.585Z","updatedAt":"2023-10-18T18:03:04.848Z","icon":null,"folderId":null,"publicId":"segredobugmines","customDomain":null,"workspaceId":"clnlsnu54001rkw0flabr564r","resultsTablePreferences":null,"isArchived":false,"isClosed":false,"whatsAppCredentialsId":null}