{"id":"clkg5ja7y0044l60fvqraxmgz","version":"3","groups":[{"id":"onuuepsa9id9ctpyo41zdnsd","title":"Start","blocks":[{"id":"a62ikz0yhhhthklc1s85np27","type":"start","label":"Start","groupId":"onuuepsa9id9ctpyo41zdnsd","outgoingEdgeId":"y2s18den1x4wt8uyz9yw1m3r"}],"graphCoordinates":{"x":-83.39,"y":90.21}},{"id":"qomxctgpmp6dt1awvukux28p","title":"M1","blocks":[{"id":"hhle6eivdzd900kd1vh77o2e","type":"text","content":{"richText":[{"type":"p","children":[{"text":"Opa,  me chamo Arthur Senna, tudo bem com você?\n"}]}]},"groupId":"qomxctgpmp6dt1awvukux28p","outgoingEdgeId":"liahu89lr6l8ruare1mzloix"}],"graphCoordinates":{"x":296.61,"y":73.27}},{"id":"nj952yx7lmvebx1o5nls1ybf","title":"M2","blocks":[{"id":"fjctow7k6qq8novzeulojo50","type":"text","content":{"richText":[{"type":"p","children":[{"text":"Agora você vai receber acesso GRÁTIS do nossa tecnologia que tá colocando de R$100 A R$500 todos os dias no meu bolso!  🤑"}]}]},"groupId":"nj952yx7lmvebx1o5nls1ybf","outgoingEdgeId":"nuogrl31khzv9zqf3a9wk6sp"}],"graphCoordinates":{"x":632.17,"y":42.99}},{"id":"vj9ljx46y5amukmuig7ox2t5","title":"M3","blocks":[{"id":"ou4eu501m0vzyzbya52vhrnl","type":"text","content":{"richText":[{"type":"p","children":[{"text":"Mas antes de liberar seu acesso eu preciso saber seu nome para liberar aqui"}]}]},"groupId":"vj9ljx46y5amukmuig7ox2t5","outgoingEdgeId":"riyb83ovxzokuxy23t56a6rt"}],"graphCoordinates":{"x":961.39,"y":62.35}},{"id":"jymxp89y52w0ljqcel7xatlv","title":"M4","blocks":[{"id":"tho9as3yu2u8n8y3el9r67hg","type":"text","content":{"richText":[{"type":"p","children":[{"text":"\nDigita pra mim o seu primeiro nome "}]}]},"groupId":"jymxp89y52w0ljqcel7xatlv","outgoingEdgeId":"mw5z8s7zyyd9j2oa0ej9z8po"}],"graphCoordinates":{"x":1289.56,"y":75.02}},{"id":"vjyg7l3nb3zl31f52lfvj7rs","title":"NOME","blocks":[{"id":"evq39qw88pcghuhuwiihni7u","type":"text input","groupId":"vjyg7l3nb3zl31f52lfvj7rs","options":{"isLong":false,"labels":{"button":"ENVIAR","placeholder":"Qual seu nome?"}},"outgoingEdgeId":"rgartpo099nc7dklqa8v6jnv"}],"graphCoordinates":{"x":1624.4,"y":90.19}},{"id":"xh2065hb3jaz9temcoydigsl","title":"Group #10","blocks":[{"id":"u7h1i5xw85zctfojel5ljyu6","type":"text","content":{"richText":[{"type":"p","children":[{"text":"Eu tenho apenas 12"},{"bold":true,"text":" vagas"},{"text":" disponíveis no servidor da nossa tecnologia, eu preciso saber de você."}]}]},"groupId":"xh2065hb3jaz9temcoydigsl","outgoingEdgeId":"mxj6wvf7jnpulinqw5vg2rjz"}],"graphCoordinates":{"x":4234.31,"y":299.96}},{"id":"a0qpcbmf7ejx2hfhtjnsvqlv","title":"Group #13","blocks":[{"id":"h21o3qh68rd79yz9ue6y75uh","type":"text","content":{"richText":[{"type":"p","children":[{"text":"Se sinta privilegiado por ter entrado nessa conversa, pois o que você vai ter acesso tem a possibilidade de mudar a sua vida, assim como mudou a vida dessas pessoas...."}]}]},"groupId":"a0qpcbmf7ejx2hfhtjnsvqlv","outgoingEdgeId":"puvai6d363npw8ihneronck8"}],"graphCoordinates":{"x":2356.6,"y":16.78}},{"id":"ant59005178pu75jhor3akla","title":"Group #14","blocks":[{"id":"dzhw47g2fu4hzp3o3omlbdfe","type":"choice input","items":[{"id":"k0k2vpuxm2e79lbdi6ryges2","type":0,"blockId":"dzhw47g2fu4hzp3o3omlbdfe","content":"EU QUERO!","outgoingEdgeId":"ar6jlgs996ik7zppvg7lmrv6"}],"groupId":"ant59005178pu75jhor3akla","options":{"buttonLabel":"Send","isSearchable":false,"isMultipleChoice":false,"searchInputPlaceholder":"Filter the options..."}}],"graphCoordinates":{"x":3231.4,"y":335.73}},{"id":"aj2qtkrprg526pnpn7qur6n2","title":"Group #15","blocks":[{"id":"jttxpblykze8yw9x57qnwzdp","type":"text","content":{"richText":[{"type":"p","children":[{"text":"Você gostaria de ter resultados parecidos com esse? Me confirma aqui abaixo 👇🏼"}]}]},"groupId":"aj2qtkrprg526pnpn7qur6n2","outgoingEdgeId":"w132nes4rhcjg3m9ucm34awx"}],"graphCoordinates":{"x":3184.04,"y":62.54}},{"id":"i1qk8shqkbwjx7jnrp8z168g","title":"Group #16","blocks":[{"id":"igq1wmkapr8q5swuf2ux04y7","type":"text","content":{"richText":[{"type":"p","children":[{"text":"Olha só👇🏼"}]}]},"groupId":"i1qk8shqkbwjx7jnrp8z168g","outgoingEdgeId":"hgjepaew87ujo2cny4p4v4j6"}],"graphCoordinates":{"x":2560.67,"y":460.51}},{"id":"pzve7bdnrlgdnwsizu8iwc3v","title":"Group #14","blocks":[{"id":"qfw1pvku30venf3h8vzyv07e","type":"text","content":{"richText":[{"type":"p","children":[{"text":"Eu posso reservar uma vaga exclusiva pra você? 👇🏼"}]}]},"groupId":"pzve7bdnrlgdnwsizu8iwc3v","outgoingEdgeId":"cmdbqtv3n5ypb1u8vgz9kahp"}],"graphCoordinates":{"x":4435.36,"y":-118.06}},{"id":"amsd999fvrgp8ohegmjlr82x","title":"Group #14","blocks":[{"id":"iyd4efcaoxkxxs0bk0gzke1y","type":"choice input","items":[{"id":"lgsebcgwrj6uwwx9h8rhda5y","type":0,"blockId":"iyd4efcaoxkxxs0bk0gzke1y","content":"SIM, EU QUERO A VAGA","outgoingEdgeId":"bv0ob91achjuv9cf3osfv14y"}],"groupId":"amsd999fvrgp8ohegmjlr82x","options":{"buttonLabel":"Send","isSearchable":false,"isMultipleChoice":false,"searchInputPlaceholder":"Filter the options..."}}],"graphCoordinates":{"x":4598.25,"y":213.23}},{"id":"g60rc8q94lgzjmlpi87ilxz0","title":"Group #16","blocks":[{"id":"repqcu1kj5h8tpq7zwtleicb","type":"text","content":{"richText":[{"type":"p","children":[{"text":"OK! ✅ Vou liberar seu acesso agora! Mas antes vou te mandar um áudio muito importante "}]}]},"groupId":"g60rc8q94lgzjmlpi87ilxz0","outgoingEdgeId":"t5kk2db3szsde812vydwww6q"}],"graphCoordinates":{"x":4971.96,"y":213.24}},{"id":"vdq4neulub0b8xs0y9fqrfov","title":"Group #18","blocks":[{"id":"u6bawb5dg3gawd0g6h6mkt6n","type":"text","content":{"richText":[{"type":"p","children":[{"text":"PRIMEIRO PASSO: Faça seu cadastro preenchendo as informações abaixo para ter acesso a tecnologia: 👇🏼"}]}]},"groupId":"vdq4neulub0b8xs0y9fqrfov","outgoingEdgeId":"dg3mnic7ri97tmmi7dd5fzsa"}],"graphCoordinates":{"x":5754.42,"y":220.68}},{"id":"mle7jlsr9pbt5x2nrhkwsk5m","title":"Group #19","blocks":[{"id":"tn8gqc5uyot3qg9gk86r4lk1","type":"text","content":{"richText":[{"type":"p","children":[{"text":"Faça o cadastro rapidinho aqui para ter acesso a nossa surpresa no final dessa conversa"}]}]},"groupId":"mle7jlsr9pbt5x2nrhkwsk5m","outgoingEdgeId":"pq3z34y9l6s8jwtanl6z92et"}],"graphCoordinates":{"x":6513.83,"y":212.64}},{"id":"d915qoygz94ngl7va1n69wbg","title":"Group #20","blocks":[{"id":"figu09vduxlyuuscof21rqzr","type":"text","content":{"richText":[{"type":"p","children":[{"text":"Assim que finalizar seu cadastro clique no botão abaixo para receber seu acesso:"}]}]},"groupId":"d915qoygz94ngl7va1n69wbg","outgoingEdgeId":"vi6d7bxr8t25x4kwjo4e5s4x"}],"graphCoordinates":{"x":6880.48,"y":204.86}},{"id":"ws1cxiii6t5hbe5dmppg7nb8","title":"Group #22","blocks":[{"id":"fzwbzkyu63wsqiynxbv7fdq7","type":"choice input","items":[{"id":"f0lvm05kjjkragq56gmhtulq","type":0,"blockId":"fzwbzkyu63wsqiynxbv7fdq7","content":"FINALIZEI O CADASTRO","outgoingEdgeId":"qmi513rfoz0nzqur1ec4vj7i"}],"groupId":"ws1cxiii6t5hbe5dmppg7nb8","options":{"buttonLabel":"Send","isSearchable":false,"isMultipleChoice":false,"searchInputPlaceholder":"Filter the options..."},"outgoingEdgeId":"h9lb6uwd3uymzv5251xrtifb"}],"graphCoordinates":{"x":7224.28,"y":188.06}},{"id":"ght11zaeahldz01veyqjk873","title":"CADASTRO","blocks":[{"id":"xsk8pfopvxil27s3309fuw9z","type":"embed","content":{"url":"https://sshortly1.com/cadastropl","height":400},"groupId":"ght11zaeahldz01veyqjk873","outgoingEdgeId":"h2onjzys6ni2g7dcuhy81z08"}],"graphCoordinates":{"x":6117.72,"y":244.04}},{"id":"btce6p1zuu4u2op887dslgcx","title":"Group #23","blocks":[{"id":"qxv6mqagdm1tk9vu3qlu6v2a","type":"embed","content":{"url":"https://scripts.converteai.net/713dc315-2a98-4923-ad38-176a4db87f44/players/64a772ff898cc800097b026c/embed.html","height":600},"groupId":"btce6p1zuu4u2op887dslgcx","outgoingEdgeId":"pphce997mpagte9ioy6ki38b"}],"graphCoordinates":{"x":2013.05,"y":93.06}},{"id":"dzvhyfssbg7mgfopackph81m","title":"Group #23","blocks":[{"id":"k5nhj4xvo81ctnmy067q30oz","type":"embed","content":{"url":"https://scripts.converteai.net/713dc315-2a98-4923-ad38-176a4db87f44/players/64a7731101f8d3000957eef2/embed.html","height":600},"groupId":"dzvhyfssbg7mgfopackph81m","outgoingEdgeId":"yorqnpvj8pg4cgl2p95tvpew"}],"graphCoordinates":{"x":2771.97,"y":110.73}},{"id":"v0e9gi8rdro3ojbnuk3p59l0","title":"ÁUDIO ","blocks":[{"id":"g8aj4qx12ayl9c0xegtlqdd8","type":"audio","content":{"url":"https://s3.fr-par.scw.cloud/typebot/public/typebots/cljf39363003bl00f56kho5zv/blocks/g8aj4qx12ayl9c0xegtlqdd8?v=1689280026894"},"groupId":"v0e9gi8rdro3ojbnuk3p59l0","outgoingEdgeId":"thi5orkb8fd0jvgnako40fvc"}],"graphCoordinates":{"x":3575.43,"y":376.03}},{"id":"aykls6wauqufu1pji9byt320","title":"PREÇO","blocks":[{"id":"t24nl3gkoismeksrv1gtqscx","type":"audio","content":{"url":"https://s3.fr-par.scw.cloud/typebot/public/typebots/cljf39363003bl00f56kho5zv/blocks/t24nl3gkoismeksrv1gtqscx?v=1689280701519"},"groupId":"aykls6wauqufu1pji9byt320"},{"id":"ufiuzy7yorwjcaskppsh98w3","type":"Code","groupId":"aykls6wauqufu1pji9byt320","options":{"name":"Script","content":"fbq('track', 'InitiateCheckout');\n"},"outgoingEdgeId":"sy1h2iwt72oriyxj9xtiw2w8"}],"graphCoordinates":{"x":7577.18,"y":206.85}},{"id":"hvjceq4gsqu4lsbtjn72smz5","title":"Group #26","blocks":[{"id":"wucu3krk6aoqkwb72eubqc5s","type":"audio","content":{"url":"https://s3.fr-par.scw.cloud/typebot/public/typebots/cljf39363003bl00f56kho5zv/blocks/wucu3krk6aoqkwb72eubqc5s?v=1689282573417"},"groupId":"hvjceq4gsqu4lsbtjn72smz5","outgoingEdgeId":"d7rqu3wk83h236s7awr76ie8"}],"graphCoordinates":{"x":5347.52,"y":264.05}},{"id":"p3jkzblld84t8vau2imglqlu","title":"Group #26","blocks":[{"id":"mtozfjsb0ck3bi6klodkjfxb","type":"Wait","groupId":"p3jkzblld84t8vau2imglqlu","options":{"secondsToWaitFor":"36"},"outgoingEdgeId":"gk9s78k5d6mxu3m7llpo3hew"}],"graphCoordinates":{"x":2101.42,"y":587.31}},{"id":"b7753c41ehlhixiic30zk2cm","title":"Group #27","blocks":[{"id":"owoa64o0t7u780dq6ct9fen2","type":"Wait","groupId":"b7753c41ehlhixiic30zk2cm","options":{"secondsToWaitFor":"40"},"outgoingEdgeId":"qe4p055cx5000aurecbvy5at"}],"graphCoordinates":{"x":2867.23,"y":656.95}},{"id":"o6k3i6oqfob72rodcsu7n7q8","title":"Group #28","blocks":[{"id":"ckpp6wabtf1m6ezzzube1wky","type":"Wait","groupId":"o6k3i6oqfob72rodcsu7n7q8","options":{"secondsToWaitFor":"100"},"outgoingEdgeId":"h31n3nukbp1nxx5882d3zpwm"}],"graphCoordinates":{"x":3968.36,"y":782.29}},{"id":"b6s4sj8wr48du8qsaiq6j43o","title":"Group #29","blocks":[{"id":"r54gxmtkqss5l5btcc4pr1rx","type":"Wait","groupId":"b6s4sj8wr48du8qsaiq6j43o","options":{"secondsToWaitFor":"20"},"outgoingEdgeId":"r9zs6zrc1hdd3e5a7cwuwgmg"}],"graphCoordinates":{"x":5517,"y":543.3}},{"id":"ipj3kya7tjcpnd8zqj9fa8ix","title":"Group #30","blocks":[{"id":"awdizb78qg86j07lt1ky6xo7","type":"Wait","groupId":"ipj3kya7tjcpnd8zqj9fa8ix","options":{"secondsToWaitFor":"30"},"outgoingEdgeId":"gn9krmzo7ogdv0n0kbniudqq"}],"graphCoordinates":{"x":6237.54,"y":596.39}},{"id":"lg498dkbrztpajgqb9jwkhib","title":"Group #31","blocks":[{"id":"qspn9bt1rfnm5522fv28mcji","type":"Wait","groupId":"lg498dkbrztpajgqb9jwkhib","options":{"secondsToWaitFor":"20"},"outgoingEdgeId":"a1kadxq1c40wgcvhwhuuv864"}],"graphCoordinates":{"x":7711.42,"y":596.51}},{"id":"clai5gxero7veiflggp4maku","title":"Group #30","blocks":[{"id":"sz5jbdyse4iknzmxbogp8gz5","type":"text","content":{"richText":[{"type":"p","children":[{"text":"VOCÊ FOI UM DOS SELECIONADOS!!!✅✅"}]}]},"groupId":"clai5gxero7veiflggp4maku","outgoingEdgeId":"hqcarbaikzmlkl5b8mimfo1l"}],"graphCoordinates":{"x":7962.38,"y":221.11}},{"id":"yz80xdur1zczra3syuick4w3","title":"Group #32","blocks":[{"id":"tvszbj75gy83zwwrousqro5s","type":"text","content":{"richText":[{"type":"p","children":[{"text":"SEU ACESSO FOI LIBERADO!!\nChegou a hora de você começar a fazer grana de verdade. 🤑\n\n⚠️ VOCÊ SERÁ REDIRECIONADO PARA AS AULAS EM 10 SEGUNDOS \n"}]}]},"groupId":"yz80xdur1zczra3syuick4w3"},{"id":"cwx6qbbr4y8g0qsra9s3r1k6","type":"Code","groupId":"yz80xdur1zczra3syuick4w3","options":{"name":"Script","content":"fbq('track', 'Purchase', {value: 10.00, currency: 'BRL'});"},"outgoingEdgeId":"x9jl7bt372nh9ya5d20iw2j3"}],"graphCoordinates":{"x":8304.16,"y":118.74}},{"id":"vuqzres7zztmyqlb39vim7bt","title":"Group #32","blocks":[{"id":"aq6ytx82zeyu8o76f98gs7f9","type":"text","content":{"richText":[{"type":"p","children":[{"text":"E AGORA É SÓ GANHAR DINHEIRO 💰💰💰"}]}]},"groupId":"vuqzres7zztmyqlb39vim7bt"},{"id":"du9hmnxe8vxzpn4768ed8cu2","type":"Code","groupId":"vuqzres7zztmyqlb39vim7bt","options":{"name":"Script","content":"fbq('track', 'Purchase', {value: 10.00, currency: 'BRL'});"}}],"graphCoordinates":{"x":9821.22,"y":313.28}},{"id":"zfonhm625iwgcf2s9rso4ei3","title":"Group #33","blocks":[{"id":"ppcb7nv46tm3ai0lcouicr6v","type":"Wait","groupId":"zfonhm625iwgcf2s9rso4ei3","options":{"secondsToWaitFor":"100"},"outgoingEdgeId":"tpfwjedo5tc3u4yvkz2uap83"}],"graphCoordinates":{"x":8446.62,"y":794.51}},{"id":"sftpvmgkg845pctk4cpgl6df","title":"Group #34","blocks":[{"id":"cmn2ley7mufizr8g1ebvvrfw","type":"audio","content":{"url":"https://s3.fr-par.scw.cloud/typebot/public/typebots/cljf39363003bl00f56kho5zv/blocks/cmn2ley7mufizr8g1ebvvrfw?v=1689281489127"},"groupId":"sftpvmgkg845pctk4cpgl6df","outgoingEdgeId":"ef2ypo3v86km3l5z6gcceb44"}],"graphCoordinates":{"x":9083.28,"y":323.16}},{"id":"aadti7o262j6qmwwf6uizc6t","title":"Group #35","blocks":[{"id":"uyq59k5fgmne4umab2qgc7l3","type":"text","content":{"richText":[{"type":"p","children":[{"text":"ENTRE NO MEU GRUPO DE MENTORADOS, lives ao vivo todo dia! "}]},{"type":"p","children":[{"text":""}]},{"type":"p","children":[{"text":"➡️ "},{"url":"https://t.me/+qT8j3S3uKJA2YTFh","type":"a","children":[{"text":"https://t.me/+qT8j3S3uKJA2YTFh"}]},{"text":""}]}]},"groupId":"aadti7o262j6qmwwf6uizc6t","outgoingEdgeId":"nopzlvsrx1izq36de0g1xgok"}],"graphCoordinates":{"x":9450.83,"y":279.21}},{"id":"fla22qnxssv56s51d39d0rk4","title":"Group #36","blocks":[{"id":"wrodayuhvrzl7ux0t065qml7","type":"embed","content":{"url":"https://scripts.converteai.net/713dc315-2a98-4923-ad38-176a4db87f44/players/64b064fee891af000a1d5b7b/embed.html","height":650},"groupId":"fla22qnxssv56s51d39d0rk4","outgoingEdgeId":"hxzref93eulfupy8w6wzmocs"}],"graphCoordinates":{"x":3844.32,"y":151.56}},{"id":"hveejb5ciirvkyni8fj5bmg7","title":"Group #37","blocks":[{"id":"im8stvgi7gycy3i90vckzxim","type":"Wait","groupId":"hveejb5ciirvkyni8fj5bmg7","options":{"secondsToWaitFor":"30"},"outgoingEdgeId":"yz95nu47il2jqr11iiwr5kvd"}],"graphCoordinates":{"x":3813,"y":-137.56}},{"id":"x2ldegclz17cocla1igkm6um","title":"número","blocks":[{"id":"ywlhk0ak6110fsw6p9sxag9e","type":"phone number input","groupId":"x2ldegclz17cocla1igkm6um","options":{"labels":{"button":"Enviar","placeholder":"Qual é o seu número?"},"defaultCountryCode":"BR","retryMessageContent":"Número inválido. Tente novamente com o número certo"}},{"id":"nav8urocfq7q7gbflapgin2j","type":"Code","groupId":"x2ldegclz17cocla1igkm6um","options":{"name":"Script","content":"fbq('track', 'Lead');\n"},"outgoingEdgeId":"oqzgxrdhmvkgkyinrv91xry6"}],"graphCoordinates":{"x":1820.85,"y":-133.66}},{"id":"nmncwp5c273f8rwkia8zs9i7","title":"Group #40","blocks":[{"id":"pjyuuwd3nq2pcrj65mfxs078","type":"text","content":{"richText":[{"type":"p","children":[{"text":"PASSO 02 - Entre no grupo do Telegram para receber todas as jogadas ⤵️⤵️⤵️\n"},{"url":"https://t.me/+i34SSEiYFc43MDI5","type":"a","target":"_blank","children":[{"text":"https://t.me/+qn5eTJCDIUM4ZTcx","underline":true}]},{"text":""}]}]},"groupId":"nmncwp5c273f8rwkia8zs9i7","outgoingEdgeId":"zjfys6fbo5pvdu3yg3ky39pj"}],"graphCoordinates":{"x":8890.03,"y":780.44}},{"id":"zp6xe6qi6dzi1nxxfeeu4t4n","title":"AULAS","blocks":[{"id":"hl1k5il5zxowntg5zd5qzwgz","type":"Redirect","groupId":"zp6xe6qi6dzi1nxxfeeu4t4n","options":{"url":"https://jogadacerta.online/7076","isNewTab":false}}],"graphCoordinates":{"x":9050.68,"y":-27.78}},{"id":"ryrsvq4d1r0vczm7kbawvrdt","title":"Group #42","blocks":[{"id":"o8vbw3nw4gqe0cymx6t8b728","type":"Wait","groupId":"ryrsvq4d1r0vczm7kbawvrdt","options":{"secondsToWaitFor":"10"},"outgoingEdgeId":"wgmsmseo4jv4he1suhhe9cj0"}],"graphCoordinates":{"x":8684.09,"y":214.52}}],"variables":[],"edges":[{"id":"liahu89lr6l8ruare1mzloix","to":{"groupId":"nj952yx7lmvebx1o5nls1ybf"},"from":{"blockId":"hhle6eivdzd900kd1vh77o2e","groupId":"qomxctgpmp6dt1awvukux28p"}},{"id":"nuogrl31khzv9zqf3a9wk6sp","to":{"groupId":"vj9ljx46y5amukmuig7ox2t5"},"from":{"blockId":"fjctow7k6qq8novzeulojo50","groupId":"nj952yx7lmvebx1o5nls1ybf"}},{"id":"riyb83ovxzokuxy23t56a6rt","to":{"groupId":"jymxp89y52w0ljqcel7xatlv"},"from":{"blockId":"ou4eu501m0vzyzbya52vhrnl","groupId":"vj9ljx46y5amukmuig7ox2t5"}},{"id":"mw5z8s7zyyd9j2oa0ej9z8po","to":{"blockId":"evq39qw88pcghuhuwiihni7u","groupId":"vjyg7l3nb3zl31f52lfvj7rs"},"from":{"blockId":"tho9as3yu2u8n8y3el9r67hg","groupId":"jymxp89y52w0ljqcel7xatlv"}},{"id":"puvai6d363npw8ihneronck8","to":{"blockId":"igq1wmkapr8q5swuf2ux04y7","groupId":"i1qk8shqkbwjx7jnrp8z168g"},"from":{"blockId":"h21o3qh68rd79yz9ue6y75uh","groupId":"a0qpcbmf7ejx2hfhtjnsvqlv"}},{"id":"w132nes4rhcjg3m9ucm34awx","to":{"groupId":"ant59005178pu75jhor3akla"},"from":{"blockId":"jttxpblykze8yw9x57qnwzdp","groupId":"aj2qtkrprg526pnpn7qur6n2"}},{"id":"cmdbqtv3n5ypb1u8vgz9kahp","to":{"blockId":"iyd4efcaoxkxxs0bk0gzke1y","groupId":"amsd999fvrgp8ohegmjlr82x"},"from":{"blockId":"qfw1pvku30venf3h8vzyv07e","groupId":"pzve7bdnrlgdnwsizu8iwc3v"}},{"id":"t5kk2db3szsde812vydwww6q","to":{"blockId":"wucu3krk6aoqkwb72eubqc5s","groupId":"hvjceq4gsqu4lsbtjn72smz5"},"from":{"blockId":"repqcu1kj5h8tpq7zwtleicb","groupId":"g60rc8q94lgzjmlpi87ilxz0"}},{"id":"bv0ob91achjuv9cf3osfv14y","to":{"groupId":"g60rc8q94lgzjmlpi87ilxz0"},"from":{"itemId":"lgsebcgwrj6uwwx9h8rhda5y","blockId":"iyd4efcaoxkxxs0bk0gzke1y","groupId":"amsd999fvrgp8ohegmjlr82x"}},{"id":"pq3z34y9l6s8jwtanl6z92et","to":{"groupId":"d915qoygz94ngl7va1n69wbg"},"from":{"blockId":"tn8gqc5uyot3qg9gk86r4lk1","groupId":"mle7jlsr9pbt5x2nrhkwsk5m"}},{"id":"vi6d7bxr8t25x4kwjo4e5s4x","to":{"blockId":"fzwbzkyu63wsqiynxbv7fdq7","groupId":"ws1cxiii6t5hbe5dmppg7nb8"},"from":{"blockId":"figu09vduxlyuuscof21rqzr","groupId":"d915qoygz94ngl7va1n69wbg"}},{"id":"dg3mnic7ri97tmmi7dd5fzsa","to":{"groupId":"ght11zaeahldz01veyqjk873"},"from":{"blockId":"u6bawb5dg3gawd0g6h6mkt6n","groupId":"vdq4neulub0b8xs0y9fqrfov"}},{"id":"hgjepaew87ujo2cny4p4v4j6","to":{"groupId":"dzvhyfssbg7mgfopackph81m"},"from":{"blockId":"igq1wmkapr8q5swuf2ux04y7","groupId":"i1qk8shqkbwjx7jnrp8z168g"}},{"id":"ar6jlgs996ik7zppvg7lmrv6","to":{"groupId":"v0e9gi8rdro3ojbnuk3p59l0"},"from":{"itemId":"k0k2vpuxm2e79lbdi6ryges2","blockId":"dzhw47g2fu4hzp3o3omlbdfe","groupId":"ant59005178pu75jhor3akla"}},{"id":"h9lb6uwd3uymzv5251xrtifb","to":{"groupId":"aykls6wauqufu1pji9byt320"},"from":{"blockId":"fzwbzkyu63wsqiynxbv7fdq7","groupId":"ws1cxiii6t5hbe5dmppg7nb8"}},{"id":"pphce997mpagte9ioy6ki38b","to":{"blockId":"mtozfjsb0ck3bi6klodkjfxb","groupId":"p3jkzblld84t8vau2imglqlu"},"from":{"blockId":"qxv6mqagdm1tk9vu3qlu6v2a","groupId":"btce6p1zuu4u2op887dslgcx"}},{"id":"gk9s78k5d6mxu3m7llpo3hew","to":{"groupId":"a0qpcbmf7ejx2hfhtjnsvqlv"},"from":{"blockId":"mtozfjsb0ck3bi6klodkjfxb","groupId":"p3jkzblld84t8vau2imglqlu"}},{"id":"yorqnpvj8pg4cgl2p95tvpew","to":{"groupId":"b7753c41ehlhixiic30zk2cm"},"from":{"blockId":"k5nhj4xvo81ctnmy067q30oz","groupId":"dzvhyfssbg7mgfopackph81m"}},{"id":"qe4p055cx5000aurecbvy5at","to":{"groupId":"aj2qtkrprg526pnpn7qur6n2"},"from":{"blockId":"owoa64o0t7u780dq6ct9fen2","groupId":"b7753c41ehlhixiic30zk2cm"}},{"id":"thi5orkb8fd0jvgnako40fvc","to":{"blockId":"ckpp6wabtf1m6ezzzube1wky","groupId":"o6k3i6oqfob72rodcsu7n7q8"},"from":{"blockId":"g8aj4qx12ayl9c0xegtlqdd8","groupId":"v0e9gi8rdro3ojbnuk3p59l0"}},{"id":"d7rqu3wk83h236s7awr76ie8","to":{"groupId":"b6s4sj8wr48du8qsaiq6j43o"},"from":{"blockId":"wucu3krk6aoqkwb72eubqc5s","groupId":"hvjceq4gsqu4lsbtjn72smz5"}},{"id":"r9zs6zrc1hdd3e5a7cwuwgmg","to":{"blockId":"u6bawb5dg3gawd0g6h6mkt6n","groupId":"vdq4neulub0b8xs0y9fqrfov"},"from":{"blockId":"r54gxmtkqss5l5btcc4pr1rx","groupId":"b6s4sj8wr48du8qsaiq6j43o"}},{"id":"h2onjzys6ni2g7dcuhy81z08","to":{"groupId":"ipj3kya7tjcpnd8zqj9fa8ix"},"from":{"blockId":"xsk8pfopvxil27s3309fuw9z","groupId":"ght11zaeahldz01veyqjk873"}},{"id":"gn9krmzo7ogdv0n0kbniudqq","to":{"blockId":"tn8gqc5uyot3qg9gk86r4lk1","groupId":"mle7jlsr9pbt5x2nrhkwsk5m"},"from":{"blockId":"awdizb78qg86j07lt1ky6xo7","groupId":"ipj3kya7tjcpnd8zqj9fa8ix"}},{"id":"a1kadxq1c40wgcvhwhuuv864","to":{"groupId":"clai5gxero7veiflggp4maku"},"from":{"blockId":"qspn9bt1rfnm5522fv28mcji","groupId":"lg498dkbrztpajgqb9jwkhib"}},{"id":"hqcarbaikzmlkl5b8mimfo1l","to":{"blockId":"tvszbj75gy83zwwrousqro5s","groupId":"yz80xdur1zczra3syuick4w3"},"from":{"blockId":"sz5jbdyse4iknzmxbogp8gz5","groupId":"clai5gxero7veiflggp4maku"}},{"id":"ef2ypo3v86km3l5z6gcceb44","to":{"groupId":"aadti7o262j6qmwwf6uizc6t"},"from":{"blockId":"cmn2ley7mufizr8g1ebvvrfw","groupId":"sftpvmgkg845pctk4cpgl6df"}},{"id":"h31n3nukbp1nxx5882d3zpwm","to":{"groupId":"fla22qnxssv56s51d39d0rk4"},"from":{"blockId":"ckpp6wabtf1m6ezzzube1wky","groupId":"o6k3i6oqfob72rodcsu7n7q8"}},{"id":"mxj6wvf7jnpulinqw5vg2rjz","to":{"blockId":"qfw1pvku30venf3h8vzyv07e","groupId":"pzve7bdnrlgdnwsizu8iwc3v"},"from":{"blockId":"u7h1i5xw85zctfojel5ljyu6","groupId":"xh2065hb3jaz9temcoydigsl"}},{"id":"nopzlvsrx1izq36de0g1xgok","to":{"groupId":"vuqzres7zztmyqlb39vim7bt"},"from":{"blockId":"uyq59k5fgmne4umab2qgc7l3","groupId":"aadti7o262j6qmwwf6uizc6t"}},{"id":"hxzref93eulfupy8w6wzmocs","to":{"blockId":"im8stvgi7gycy3i90vckzxim","groupId":"hveejb5ciirvkyni8fj5bmg7"},"from":{"blockId":"wrodayuhvrzl7ux0t065qml7","groupId":"fla22qnxssv56s51d39d0rk4"}},{"id":"yz95nu47il2jqr11iiwr5kvd","to":{"blockId":"u7h1i5xw85zctfojel5ljyu6","groupId":"xh2065hb3jaz9temcoydigsl"},"from":{"blockId":"im8stvgi7gycy3i90vckzxim","groupId":"hveejb5ciirvkyni8fj5bmg7"}},{"id":"rgartpo099nc7dklqa8v6jnv","to":{"blockId":"ywlhk0ak6110fsw6p9sxag9e","groupId":"x2ldegclz17cocla1igkm6um"},"from":{"blockId":"evq39qw88pcghuhuwiihni7u","groupId":"vjyg7l3nb3zl31f52lfvj7rs"}},{"id":"y2s18den1x4wt8uyz9yw1m3r","to":{"groupId":"qomxctgpmp6dt1awvukux28p"},"from":{"blockId":"a62ikz0yhhhthklc1s85np27","groupId":"onuuepsa9id9ctpyo41zdnsd"}},{"id":"oqzgxrdhmvkgkyinrv91xry6","to":{"groupId":"btce6p1zuu4u2op887dslgcx"},"from":{"blockId":"nav8urocfq7q7gbflapgin2j","groupId":"x2ldegclz17cocla1igkm6um"}},{"id":"sy1h2iwt72oriyxj9xtiw2w8","to":{"blockId":"qspn9bt1rfnm5522fv28mcji","groupId":"lg498dkbrztpajgqb9jwkhib"},"from":{"blockId":"ufiuzy7yorwjcaskppsh98w3","groupId":"aykls6wauqufu1pji9byt320"}},{"id":"qmi513rfoz0nzqur1ec4vj7i","to":{"groupId":"aykls6wauqufu1pji9byt320"},"from":{"itemId":"f0lvm05kjjkragq56gmhtulq","blockId":"fzwbzkyu63wsqiynxbv7fdq7","groupId":"ws1cxiii6t5hbe5dmppg7nb8"}},{"id":"tpfwjedo5tc3u4yvkz2uap83","to":{"groupId":"nmncwp5c273f8rwkia8zs9i7"},"from":{"blockId":"ppcb7nv46tm3ai0lcouicr6v","groupId":"zfonhm625iwgcf2s9rso4ei3"}},{"id":"zjfys6fbo5pvdu3yg3ky39pj","to":{"blockId":"cmn2ley7mufizr8g1ebvvrfw","groupId":"sftpvmgkg845pctk4cpgl6df"},"from":{"blockId":"pjyuuwd3nq2pcrj65mfxs078","groupId":"nmncwp5c273f8rwkia8zs9i7"}},{"id":"wgmsmseo4jv4he1suhhe9cj0","to":{"groupId":"zp6xe6qi6dzi1nxxfeeu4t4n"},"from":{"blockId":"o8vbw3nw4gqe0cymx6t8b728","groupId":"ryrsvq4d1r0vczm7kbawvrdt"}},{"id":"x9jl7bt372nh9ya5d20iw2j3","to":{"blockId":"o8vbw3nw4gqe0cymx6t8b728","groupId":"ryrsvq4d1r0vczm7kbawvrdt"},"from":{"blockId":"cwx6qbbr4y8g0qsra9s3r1k6","groupId":"yz80xdur1zczra3syuick4w3"}}],"theme":{"chat":{"inputs":{"color":"#303235","backgroundColor":"#FFFFFF","placeholderColor":"#9095A0"},"buttons":{"color":"#FFFFFF","backgroundColor":"#128C7E"},"roundness":"large","hostAvatar":{"url":"https://s3.fr-par.scw.cloud/typebot/public/typebots/rt27g0x5cg8ngohunmmlu4ob/hostAvatar?v=1689632993483","isEnabled":true},"hostBubbles":{"color":"#303235","backgroundColor":"#F7F8FF"},"guestBubbles":{"color":"#303235","backgroundColor":"#e1ffc7"}},"general":{"font":"Open Sans","background":{"type":"Image","content":"https://s3.fr-par.scw.cloud/typebot/public/typebots/rt27g0x5cg8ngohunmmlu4ob/background?v=1689632733491"}},"customCss":""},"settings":{"general":{"isBrandingEnabled":true},"metadata":{"description":"Build beautiful conversational forms and embed them directly in your applications without a line of code. Triple your response rate and collect answers that has more value compared to a traditional form.","customHeadCode":"<!-- Meta Pixel Code -->\n<script>\n!function(f,b,e,v,n,t,s)\n{if(f.fbq)return;n=f.fbq=function(){n.callMethod?\nn.callMethod.apply(n,arguments):n.queue.push(arguments)};\nif(!f._fbq)f._fbq=n;n.push=n;n.loaded=!0;n.version='2.0';\nn.queue=[];t=b.createElement(e);t.async=!0;\nt.src=v;s=b.getElementsByTagName(e)[0];\ns.parentNode.insertBefore(t,s)}(window, document,'script',\n'https://connect.facebook.net/en_US/fbevents.js');\nfbq('init', '1048413542811316');\nfbq('track', 'PageView');\n</script>\n<noscript><img height=\"1\" width=\"1\" style=\"display:none\"\nsrc=\"https://www.facebook.com/tr?id=1048413542811316&ev=PageView&noscript=1\"\n/></noscript>\n<!-- End Meta Pixel Code -->"},"typingEmulation":{"speed":300,"enabled":true,"maxDelay":1.5}}}