{"id":"clk2ls0x7003lld0fwsezivhp","version":"3","groups":[{"id":"pfvfrv6uujdlyhn0tbdzk0bi","title":"Start","blocks":[{"id":"frezmwrqcok3ro4l3zudx0od","type":"start","label":"Start","groupId":"pfvfrv6uujdlyhn0tbdzk0bi","outgoingEdgeId":"twttbg02fb8nyyojsq0wevg4"}],"graphCoordinates":{"x":-3906.76,"y":-227.11}},{"id":"pxub4eik71tu62n23n0bhwor","title":"","blocks":[{"id":"tjk6afup0bc48jokz12b3por","type":"text","content":{"richText":[{"type":"p","children":[{"bold":true,"text":"[VOCÊ"},{"text":" "},{"bold":true,"text":"FOI"},{"text":" "},{"bold":true,"text":"SELECIONADO]"}]},{"type":"p","children":[{"bold":true,"text":""}]},{"type":"p","children":[{"text":"Você está a um passo de ter o E-book com os segredos dos traders"}]}]},"groupId":"pxub4eik71tu62n23n0bhwor"},{"id":"sytpwms4l1gs4ckrgue1921b","type":"Pixel","groupId":"pxub4eik71tu62n23n0bhwor","options":{"params":[],"pixelId":"686267819415448","eventType":"ViewContent"}},{"id":"mp9a9ip7zth04h8icyqpzpoh","type":"Wait","groupId":"pxub4eik71tu62n23n0bhwor","options":{"secondsToWaitFor":"1"}},{"id":"k8fhvhr6qqqbzh62vqdywt66","type":"text","content":{"richText":[{"type":"p","children":[{"text":"Aguardando um Trader especialista para conversar com você...","italic":true}]}]},"groupId":"pxub4eik71tu62n23n0bhwor"},{"id":"ymtbus00ddi0tf8ktxzk0vtp","type":"Wait","groupId":"pxub4eik71tu62n23n0bhwor","options":{"secondsToWaitFor":"2"}},{"id":"djel1vf2rsejlljb6qi2pnva","type":"audio","content":{"url":"https://s3.fr-par.scw.cloud/typebot/public/typebots/b5dpyob6sw8156e16m1o9k3a/blocks/djel1vf2rsejlljb6qi2pnva?v=1689552885801"},"groupId":"pxub4eik71tu62n23n0bhwor"},{"id":"w6317gccy02ga4z4f1xy9hod","type":"Wait","groupId":"pxub4eik71tu62n23n0bhwor","options":{"secondsToWaitFor":"14"}},{"id":"m2o71p1aa3fsv48b4hougnb5","type":"audio","content":{"url":"https://s3.fr-par.scw.cloud/typebot/public/typebots/b5dpyob6sw8156e16m1o9k3a/blocks/m2o71p1aa3fsv48b4hougnb5?v=1689560460462"},"groupId":"pxub4eik71tu62n23n0bhwor"},{"id":"tila82gzyqdk95ca5eu2v4si","type":"Wait","groupId":"pxub4eik71tu62n23n0bhwor","options":{"secondsToWaitFor":"19"},"outgoingEdgeId":"w5cdwvp58qv8xt9s1dlopuwg"}],"graphCoordinates":{"x":-3535.11,"y":-215.02}},{"id":"jf8ymyd7b42in7jvti4mim7a","title":"Group #2","blocks":[{"id":"y3zj6plhqh7f4k6k0ypoddru","type":"text","content":{"richText":[{"type":"p","children":[{"bold":true,"text":"Qual o seu nome?"}]}]},"groupId":"jf8ymyd7b42in7jvti4mim7a"},{"id":"fu7x7pgc63ncblz04o23ksf3","type":"text input","groupId":"jf8ymyd7b42in7jvti4mim7a","options":{"isLong":false,"labels":{"button":"Send","placeholder":"Seu nome"},"variableId":"vww85uaajxxdjsidogl6k7bhi"}},{"id":"qz2a28s6mjl4q2f3hkv679ap","type":"Wait","groupId":"jf8ymyd7b42in7jvti4mim7a","options":{"secondsToWaitFor":"5"}},{"id":"a3254pv47ibupgum3hqbf2vt","type":"text","content":{"richText":[{"type":"p","children":[{"text":"{{NOME DO TRADER}} Você gostaria de ter acesso a esse livro para conseguir lucrar, melhorar sua vida e das pessoas ao seu redor?"}]}]},"groupId":"jf8ymyd7b42in7jvti4mim7a"},{"id":"h44i4fb7xc1f2az9ljac62xm","type":"text input","groupId":"jf8ymyd7b42in7jvti4mim7a","options":{"isLong":false,"labels":{"button":"Send","placeholder":"Type your answer..."}}},{"id":"yuaikdq9x3e9nmwwxnhd3khi","type":"Wait","groupId":"jf8ymyd7b42in7jvti4mim7a","options":{"secondsToWaitFor":"7"}},{"id":"o1tblati1divjdn0u4euh0u8","type":"text","content":{"richText":[{"type":"p","children":[{"text":"Ótimo 🚀 "}]}]},"groupId":"jf8ymyd7b42in7jvti4mim7a","outgoingEdgeId":"dcynt3xexrmzegk8a912z35e"}],"graphCoordinates":{"x":-3096.76,"y":-217.51}},{"id":"sahvggt0jnog0chopar07q43","title":"Group #3","blocks":[{"id":"niciwvojezz17axyzq2a71hd","type":"audio","content":{"url":"https://s3.fr-par.scw.cloud/typebot/public/typebots/b5dpyob6sw8156e16m1o9k3a/blocks/niciwvojezz17axyzq2a71hd?v=1689560533095"},"groupId":"sahvggt0jnog0chopar07q43"},{"id":"uib0h1thkaqjv2dwth4edj4e","type":"Wait","groupId":"sahvggt0jnog0chopar07q43","options":{"secondsToWaitFor":"6"}},{"id":"wuu06mlnvoya2d2wr7o5q3dr","type":"text","content":{"richText":[{"type":"p","children":[{"bold":true,"text":"Juliana Ribeiro"},{"text":"\n"},{"bold":true,"text":"ARARAQUARA / SP"}]}]},"groupId":"sahvggt0jnog0chopar07q43"},{"id":"y9ot6tvct9mq5mco3s0ynqzc","type":"image","content":{"url":"https://s3.fr-par.scw.cloud/typebot/public/typebots/b5dpyob6sw8156e16m1o9k3a/blocks/y9ot6tvct9mq5mco3s0ynqzc?v=1689339850858"},"groupId":"sahvggt0jnog0chopar07q43"},{"id":"u00ow50kcg9v2pe1rw2cwzaq","type":"Wait","groupId":"sahvggt0jnog0chopar07q43","options":{"secondsToWaitFor":"6"}},{"id":"qtubmz5io6k9hhbp4z3dg0z1","type":"text","content":{"richText":[{"type":"p","children":[{"bold":true,"text":"Júlio César"},{"text":"\n"},{"bold":true,"text":"Florianópolis / SC"}]}]},"groupId":"sahvggt0jnog0chopar07q43"},{"id":"aly92a40u17m4518qhtbirx3","type":"image","content":{"url":"https://s3.fr-par.scw.cloud/typebot/public/typebots/b5dpyob6sw8156e16m1o9k3a/blocks/aly92a40u17m4518qhtbirx3?v=1689339894281"},"groupId":"sahvggt0jnog0chopar07q43"},{"id":"xetihb4fde9lissoqa0h2mev","type":"Wait","groupId":"sahvggt0jnog0chopar07q43","options":{"secondsToWaitFor":"6"}},{"id":"zn808fs8vz1m03zdy2mmv98w","type":"text","content":{"richText":[{"type":"p","children":[{"bold":true,"text":"Gabriela Santos"},{"text":"\n"},{"bold":true,"text":"São Paulo / SP"}]}]},"groupId":"sahvggt0jnog0chopar07q43"},{"id":"vd6w4rgk834zvky3b4vqm1p1","type":"image","content":{"url":"https://s3.fr-par.scw.cloud/typebot/public/typebots/b5dpyob6sw8156e16m1o9k3a/blocks/vd6w4rgk834zvky3b4vqm1p1?v=1689339921298"},"groupId":"sahvggt0jnog0chopar07q43"},{"id":"elm3x03yk7fd4k5j37mmvkpb","type":"Wait","groupId":"sahvggt0jnog0chopar07q43","options":{"secondsToWaitFor":"6"}},{"id":"kbdeffsymx570f45xtbulweu","type":"text","content":{"richText":[{"type":"p","children":[{"bold":true,"text":"Felipe Silva"},{"text":"\n"},{"bold":true,"text":"Salvador / BA"}]}]},"groupId":"sahvggt0jnog0chopar07q43"},{"id":"r38lnw0r5xko2l0hyt2gqgcq","type":"image","content":{"url":"https://s3.fr-par.scw.cloud/typebot/public/typebots/b5dpyob6sw8156e16m1o9k3a/blocks/r38lnw0r5xko2l0hyt2gqgcq?v=1689339962378"},"groupId":"sahvggt0jnog0chopar07q43"},{"id":"fi4avm512ew2nhsgwmp68v4j","type":"Wait","groupId":"sahvggt0jnog0chopar07q43","options":{"secondsToWaitFor":"5"},"outgoingEdgeId":"vxrgdj9nqzns7jbgu39mbr6w"}],"graphCoordinates":{"x":-2672.96,"y":-211.71}},{"id":"ctaa27v5fl1kyxdd7gtzdagb","title":"Group #4","blocks":[{"id":"c1nhg8ya5xculjocqx6xo9p4","type":"audio","content":{"url":"https://s3.fr-par.scw.cloud/typebot/public/typebots/b5dpyob6sw8156e16m1o9k3a/blocks/c1nhg8ya5xculjocqx6xo9p4?v=1689560795824"},"groupId":"ctaa27v5fl1kyxdd7gtzdagb"},{"id":"a03mx3t5mfyym1lp6lag9sf2","type":"Wait","groupId":"ctaa27v5fl1kyxdd7gtzdagb","options":{"secondsToWaitFor":"5"}},{"id":"ipo2gbxs6wqhtqa8hj6vupeb","type":"audio","content":{"url":"https://s3.fr-par.scw.cloud/typebot/public/typebots/b5dpyob6sw8156e16m1o9k3a/blocks/ipo2gbxs6wqhtqa8hj6vupeb?v=1689560983109"},"groupId":"ctaa27v5fl1kyxdd7gtzdagb"},{"id":"inubs167i2li8hzehoehird6","type":"Wait","groupId":"ctaa27v5fl1kyxdd7gtzdagb","options":{"secondsToWaitFor":"16"}},{"id":"tua323zzfjvgmvuroe5e367h","type":"audio","content":{"url":"https://s3.fr-par.scw.cloud/typebot/public/typebots/b5dpyob6sw8156e16m1o9k3a/blocks/tua323zzfjvgmvuroe5e367h?v=1689561368549"},"groupId":"ctaa27v5fl1kyxdd7gtzdagb"},{"id":"fvorgs070tbc7pjbjzlc5dv8","type":"Wait","groupId":"ctaa27v5fl1kyxdd7gtzdagb","options":{"secondsToWaitFor":"25"}},{"id":"w7p9lq0ckbz0xdz8qd7cx1l7","type":"audio","content":{"url":"https://s3.fr-par.scw.cloud/typebot/public/typebots/b5dpyob6sw8156e16m1o9k3a/blocks/w7p9lq0ckbz0xdz8qd7cx1l7?v=1689561494372"},"groupId":"ctaa27v5fl1kyxdd7gtzdagb"},{"id":"gjq87nr1ot91ru9cjr9p22ez","type":"Wait","groupId":"ctaa27v5fl1kyxdd7gtzdagb","options":{"secondsToWaitFor":"9"}},{"id":"vhqv8wrgnoshuh2mnd8vc3fd","type":"audio","content":{"url":"https://s3.fr-par.scw.cloud/typebot/public/typebots/b5dpyob6sw8156e16m1o9k3a/blocks/vhqv8wrgnoshuh2mnd8vc3fd?v=1689561722194"},"groupId":"ctaa27v5fl1kyxdd7gtzdagb"},{"id":"g2fnc0s5x6sn00d45ogv3j23","type":"Wait","groupId":"ctaa27v5fl1kyxdd7gtzdagb","options":{"secondsToWaitFor":"21"}},{"id":"uf0uxg9im45yb138vwzbp512","type":"text","content":{"richText":[{"type":"p","children":[{"text":"Com um valor simbólico de apenas R$ 24,90 você quer este material?"}]}]},"groupId":"ctaa27v5fl1kyxdd7gtzdagb"},{"id":"yusjmkw1tfr9ck7agq38iybd","type":"choice input","items":[{"id":"al4j2ayjhx4hxns4dok70fjg","type":0,"blockId":"yusjmkw1tfr9ck7agq38iybd","content":"CLARO, NÃO SOU BOBO","outgoingEdgeId":"nadg68v39f2wyowk3mz5gbxe"},{"id":"w63f83t3dl4sbrmo9mxtuzy8","type":0,"blockId":"yusjmkw1tfr9ck7agq38iybd","content":"Não quero ganhar dinheiro","outgoingEdgeId":"pdkh58cinlw3ff6blvfpkixy"}],"groupId":"ctaa27v5fl1kyxdd7gtzdagb","options":{"buttonLabel":"Send","isSearchable":false,"isMultipleChoice":false,"searchInputPlaceholder":"Filter the options..."}}],"graphCoordinates":{"x":-2220.96,"y":-215.51}},{"id":"c632kxtjmkf6uerxssnqi9if","title":"Group #6","blocks":[{"id":"itzvqgi215jlbxfcqxfucame","type":"text","content":{"richText":[{"type":"p","children":[{"text":"Excelente! Isso mostra que você realmente é um trader e que vai se destacar dos demais!"}]}]},"groupId":"c632kxtjmkf6uerxssnqi9if"},{"id":"canz0vi6fmqcm33adxur9os4","type":"Pixel","groupId":"c632kxtjmkf6uerxssnqi9if","options":{"params":[],"pixelId":"686267819415448","eventType":"AddToCart"}},{"id":"s4bc4ymekcu9eqba35g206xo","type":"Wait","groupId":"c632kxtjmkf6uerxssnqi9if","options":{"secondsToWaitFor":"4"}},{"id":"uh1y7f8nmy9xfp9gycmbosu3","type":"Redirect","groupId":"c632kxtjmkf6uerxssnqi9if","options":{"url":"https://pay.kiwify.com.br/NPSOt0k","isNewTab":false}}],"graphCoordinates":{"x":-1740.61,"y":-203.71}},{"id":"h0cp2k0qsntsk553nmrnifee","title":"Group #6","blocks":[{"id":"ahmjgr6lqghvcxq0s0504dm7","type":"text","content":{"richText":[{"type":"p","children":[{"text":"Vamos lucrar juntos! 🚀 "}]}]},"groupId":"h0cp2k0qsntsk553nmrnifee"},{"id":"nsh1cpxlkxxssf9fb67hlw9l","type":"Pixel","groupId":"h0cp2k0qsntsk553nmrnifee","options":{"params":[],"pixelId":"686267819415448","eventType":"AddToCart"}},{"id":"rpkv0clqtixtl0v766383my4","type":"Wait","groupId":"h0cp2k0qsntsk553nmrnifee","options":{"secondsToWaitFor":"2"}},{"id":"qmzudh1xqxao76f35q0bxkxs","type":"Redirect","groupId":"h0cp2k0qsntsk553nmrnifee","options":{"url":"https://pay.kiwify.com.br/NPSOt0k","isNewTab":false}}],"graphCoordinates":{"x":-1661.11,"y":421.54}}],"variables":[{"id":"vbpueqwoqtifmda7jyu4vksmn","name":"NOME DA MULHER"},{"id":"vfsgbnmi8wwh45n8k5dc6yxl5","name":"NOME DO PARCEIRO"},{"id":"vww85uaajxxdjsidogl6k7bhi","name":"NOME DO TRADER"}],"edges":[{"id":"twttbg02fb8nyyojsq0wevg4","to":{"groupId":"pxub4eik71tu62n23n0bhwor"},"from":{"blockId":"frezmwrqcok3ro4l3zudx0od","groupId":"pfvfrv6uujdlyhn0tbdzk0bi"}},{"id":"dcynt3xexrmzegk8a912z35e","to":{"groupId":"sahvggt0jnog0chopar07q43"},"from":{"blockId":"o1tblati1divjdn0u4euh0u8","groupId":"jf8ymyd7b42in7jvti4mim7a"}},{"id":"vxrgdj9nqzns7jbgu39mbr6w","to":{"groupId":"ctaa27v5fl1kyxdd7gtzdagb"},"from":{"blockId":"fi4avm512ew2nhsgwmp68v4j","groupId":"sahvggt0jnog0chopar07q43"}},{"id":"nadg68v39f2wyowk3mz5gbxe","to":{"groupId":"c632kxtjmkf6uerxssnqi9if"},"from":{"itemId":"al4j2ayjhx4hxns4dok70fjg","blockId":"yusjmkw1tfr9ck7agq38iybd","groupId":"ctaa27v5fl1kyxdd7gtzdagb"}},{"id":"pdkh58cinlw3ff6blvfpkixy","to":{"groupId":"h0cp2k0qsntsk553nmrnifee"},"from":{"itemId":"w63f83t3dl4sbrmo9mxtuzy8","blockId":"yusjmkw1tfr9ck7agq38iybd","groupId":"ctaa27v5fl1kyxdd7gtzdagb"}},{"id":"w5cdwvp58qv8xt9s1dlopuwg","to":{"groupId":"jf8ymyd7b42in7jvti4mim7a"},"from":{"blockId":"tila82gzyqdk95ca5eu2v4si","groupId":"pxub4eik71tu62n23n0bhwor"}}],"theme":{"chat":{"inputs":{"color":"#303235","backgroundColor":"#FFFFFF","placeholderColor":"#9095A0"},"buttons":{"color":"#FFFFFF","backgroundColor":"#035d54"},"roundness":"large","hostAvatar":{"url":"https://s3.fr-par.scw.cloud/typebot/public/typebots/b5dpyob6sw8156e16m1o9k3a/hostAvatar?v=1689644567431","isEnabled":true},"hostBubbles":{"color":"#303235","backgroundColor":"#F7F8FF"},"guestBubbles":{"color":"#303235","backgroundColor":"#E1FFC7"}},"general":{"font":"Open Sans","background":{"type":"Image","content":"https://s3.fr-par.scw.cloud/typebot/public/typebots/cli88mae30010mh0f0yzjqn48/background?v=1685470080750"}},"customCss":".typebot-chat-view > .flex:first-child {\n    padding-top: 30px;\n}\n\n.typebot-input {\n    position: fixed;\n    bottom: 0;\n    align-items: center;\n    z-index: 999;\n    right: 0;\n}\n\n.typebot-input .typebot-button {\n    background: #008a7c;\n    border-radius: 50%;\n    color: #fff;\n    position: relative;\n    width: 50px;\n    height: 50px;\n    display: flex;\n    align-items: center;\n    justify-content: center;\n}\n\n.typebot-container {\n    background-size: initial!important;\n    background-repeat: repeat-x!important;\n}\n\n.typebot-host-bubble>.bubble-typing {\n  border-radius: 0 5px 5px 5px;\n}\n\n.typebot-host-bubble>.bubble-typing:after {\n    position: absolute;\n    content: \"\";\n    width: 0;\n    height: 0;\n    border-style: solid;\n    border-width: 0px 10px 10px 0;\n    border-color: transparent #fff transparent transparent;\n    top: 0;\n    left: -10px;\n}\n\n.typebot-guest-bubble {\n  position: relative;\n  border-radius: 5px 0 5px 5px;\n}\n\n.typebot-guest-bubble:after {\n  position: absolute;\n  content: \"\";\n  width: 0;\n  height: 0;\n  border-style: solid;\n}\n\n.typebot-guest-bubble:after {\n    border-width: 0px 0 10px 10px;\n    border-color: transparent transparent transparent #e1ffc7;\n    top: 0;\n    right: -10px;\n    border-style: solid;\n}\n\niframe[src=\"\"] {\n  position: fixed;\n  top: 0;\n  left: 0;\n  display: relative;\n  width: 100%;\n  height: 100% !important;\n  z-index: 999999;\n  border: none;\n  padding: 0;\n  margin: 0;\n}\n\na#lite-badge {\n  display: none!important;\n}"},"settings":{"general":{"rememberUser":{"isEnabled":false},"isBrandingEnabled":true,"isInputPrefillEnabled":false,"isHideQueryParamsEnabled":false},"metadata":{"title":"WhatsApp Web","imageUrl":"https://s3.fr-par.scw.cloud/typebot/public/typebots/r84jdu7bjz19lcijs97fohsc/ogImage?v=1687632342887","favIconUrl":"https://play-lh.googleusercontent.com/bYtqbOcTYOlgc6gqZ2rwb8lptHuwlNE75zYJu6Bn076-hTmvd96HH-6v7S0YUAAJXoJN","description":"Fale com o Trader Rodrigo e descubra os segredos do mercado","customHeadCode":"<!-- Facebook Pixel Code -->\n<script>\n   !function(f,b,e,v,n,t,s)\n  {if(f.fbq)return;n=f.fbq=function(){n.callMethod?\n    n.callMethod.apply(n,arguments):n.queue.push(arguments)};\n    if(!f._fbq)f._fbq=n;n.push=n;n.loaded=!0;n.version='2.0';\n    n.queue=[];t=b.createElement(e);t.async=!0;\n    t.src=v;s=b.getElementsByTagName(e)[0];\n    s.parentNode.insertBefore(t,s)}(window, document,'script',\n    'https://connect.facebook.net/en_US/fbevents.js');\n    fbq('init', 'SEUPIXELAQUI');\n    fbq('track', 'PageView');\n    fbq('track', 'ViewContent');\n \n</script>\n<!-- End Facebook Pixel Code -->\n<link rel=\"stylesheet\" href=\"https://cdnjs.cloudflare.com/ajax/libs/material-design-iconic-font/2.2.0/css/material-design-iconic-font.min.css\">\n<style>\n  .hide {\n    display: none!important;\n  }\n  typebot-standard {\n    position: relative;\n    z-index: 9999;\n  }\n  #__next {\n    position: relative;\n    z-index: 9999;\n}\n  /* User Bar */\n.user-bar {\n  width: 100%;\n  height: 55px;\n  background: #005e54;\n  color: #fff;\n  padding: 0;\n  font-size: 24px;\n  position: fixed;\n  z-index: 99999;\n  display: block;\n  top: 0;\n}\n\n.user-bar:after {\n  content: \"\";\n  display: table;\n  clear: both;\n}\n\n.user-bar div {\n    float: left;\n    transform: translateY(-50%);\n    position: relative;\n    top: 50%;\n    margin-left: 10px;\n}\n\n.user-bar .actions {\n  float: right;\n  margin: 0 0 0 20px;\n}\n\n.user-bar .actions.more {\n  margin: 0 12px 0 32px;\n}\n\n.user-bar .actions.attachment {\n  margin: 0 0 0 30px;\n}\n\n.user-bar .actions.attachment i {\n  display: block;\n  transform: rotate(-45deg);\n}\n\n.user-bar .avatar {\n  margin: 0 0 0 5px;\n  width: 36px;\n  height: 36px;\n}\n\n.user-bar .avatar img {\n  border-radius: 50%;\n  box-shadow: 0 1px 0 rgba(255, 255, 255, 0.1);\n  display: block;\n  width: 100%;\n}\n\n.user-bar .name {\n  font-size: 17px;\n  font-weight: 600;\n  text-overflow: ellipsis;\n  letter-spacing: 0.3px;\n  margin: 0 0 0 8px;\n  overflow: hidden;\n  white-space: nowrap;\n  width: 150px;\n}\n\n.user-bar .status {\n  display: block;\n  font-size: 13px;\n  font-weight: 400;\n  letter-spacing: 0;\n}\n</style>\n\n<script>\nfunction criarBarra() {\n  var userBar = document.createElement(\"div\");\n  userBar.className = \"user-bar\";\n\n  var backButton = document.createElement(\"div\");\n  backButton.className = \"back\";\n  backButton.innerHTML = '<i class=\"zmdi zmdi-arrow-left\"></i>';\n\n  var avatar = document.createElement(\"div\");\n  avatar.className = \"avatar\";\n  avatar.innerHTML = '<img src=\"https://i.postimg.cc/L8DpZp2L/host-Avatar.jpg\" alt=\"\">';\n\n  var name = document.createElement(\"div\");\n  name.className = \"name\";\n  name.innerHTML = '<span>Trader Rodrigo Salles</span><span class=\"status\">online</span>';\n\n  var moreActions = document.createElement(\"div\");\n  moreActions.className = \"actions more\";\n  moreActions.innerHTML = '<i class=\"zmdi zmdi-more-vert\"></i>';\n\n  var attachmentAction = document.createElement(\"div\");\n  attachmentAction.className = \"actions attachment\";\n  attachmentAction.innerHTML = '<i class=\"zmdi zmdi-attachment-alt\"></i>';\n\n  var phoneAction = document.createElement(\"div\");\n  phoneAction.className = \"actions\";\n  phoneAction.innerHTML = '<i class=\"zmdi zmdi-phone\"></i>';\n\n  userBar.appendChild(backButton);\n  userBar.appendChild(avatar);\n  userBar.appendChild(name);\n  userBar.appendChild(moreActions);\n  userBar.appendChild(attachmentAction);\n  userBar.appendChild(phoneAction);\n\n  var elementoPai = document.querySelector(\"#__next\");\n  if (elementoPai) {\n    elementoPai.insertBefore(userBar, elementoPai.firstChild);\n  }\n}\n\ncriarBarra();\n</script>\n"},"typingEmulation":{"speed":300,"enabled":true,"maxDelay":1.5}}}