{"id":"clkvx1m8o0006lb0fcnz60mwm","version":"3","groups":[{"id":"l8cnqg2irsejlyuzwe5q0dd7","title":"Start","blocks":[{"id":"nsh8wpwhdutzsksidfgp11tb","type":"start","label":"Start","groupId":"l8cnqg2irsejlyuzwe5q0dd7","outgoingEdgeId":"vtwdo2hpx3ywd39i4ax9of9c"}],"graphCoordinates":{"x":-95.73,"y":-158.96}},{"id":"wnc7k3p6bshu3ssk2vcyfys2","title":"Group #3","blocks":[{"id":"be4sujfsf5ky43t0xct21uw9","type":"Wait","groupId":"wnc7k3p6bshu3ssk2vcyfys2","options":{"secondsToWaitFor":"1"},"outgoingEdgeId":"u8orgozz2y4yaib4gq8lvl6t"}],"graphCoordinates":{"x":340.77,"y":-47}},{"id":"c12jsd0jw2bdgv76x21ury5n","title":"Group #4","blocks":[{"id":"dtfl929im8najnuu8r70v0qj","type":"text","content":{"richText":[{"type":"p","children":[{"text":"Ahhhh Gostou dessa estratégia que mostrei digitando né? 👏🏻👏🏻👏🏻"}]}]},"groupId":"c12jsd0jw2bdgv76x21ury5n"},{"id":"njsxllcx1olam2ea3z441hb6","type":"Wait","groupId":"c12jsd0jw2bdgv76x21ury5n","options":{"secondsToWaitFor":"1"}},{"id":"ip67unz8ehrxkztb53s14448","type":"choice input","items":[{"id":"f4td3f9yiw3w98wo6kpxd1p2","type":0,"blockId":"ip67unz8ehrxkztb53s14448","content":"sim!","outgoingEdgeId":"twbfj2285gv2gi3i144lrtxj"}],"groupId":"c12jsd0jw2bdgv76x21ury5n","options":{"buttonLabel":"Send","isSearchable":false,"isMultipleChoice":false,"searchInputPlaceholder":"Filter the options..."}}],"graphCoordinates":{"x":708.06,"y":81.35}},{"id":"s1nguf11znabqvb63e3m6346","title":"Group #5","blocks":[{"id":"oabfig5wlnxldbgrc5jdmqf1","type":"Wait","groupId":"s1nguf11znabqvb63e3m6346","options":{"secondsToWaitFor":"1"}},{"id":"zdvmqi6evg6c1twmjrdbgy1i","type":"text","content":{"richText":[{"type":"p","children":[{"text":"Deixa eu me apresentar.. Sou o Renato.. "}]},{"type":"p","children":[{"text":""}]},{"type":"p","children":[{"text":"Agora me fala teu nome..."}]}]},"groupId":"s1nguf11znabqvb63e3m6346"},{"id":"hwrbbohee4xc76q03rropgrf","type":"text input","groupId":"s1nguf11znabqvb63e3m6346","options":{"isLong":false,"labels":{"button":"Enviar","placeholder":"Type your answer..."},"variableId":"vlw2nzo4og1ry85mp7osk67ot"},"outgoingEdgeId":"esnrjob8bjzp49jp2gs2viz1"}],"graphCoordinates":{"x":1514.69,"y":40.09}},{"id":"tts86obxl1pjqj0ka0irpa78","title":"Group #7","blocks":[{"id":"h2tlhvqexgomzggjxgczff5s","type":"Wait","groupId":"tts86obxl1pjqj0ka0irpa78","options":{"secondsToWaitFor":"1"},"outgoingEdgeId":"sn0bkx2v300lw6ajmnhdrxpl"}],"graphCoordinates":{"x":2234.2,"y":298.95}},{"id":"imdbxlrxdney3ahfeimdoezv","title":"Group #8","blocks":[{"id":"q7y1b7v25oerhs7k5pu89kns","type":"Wait","groupId":"imdbxlrxdney3ahfeimdoezv","options":{"secondsToWaitFor":"1"}},{"id":"oatnrn6az39xecywwl03011o","type":"text","content":{"richText":[{"type":"p","children":[{"text":"{{Nome}}...vou te dar 1 Ofertas Irresistíveis"}]}]},"groupId":"imdbxlrxdney3ahfeimdoezv"},{"id":"olx4qunvrv9u7bakuxjoeb69","type":"text","content":{"richText":[{"type":"p","children":[{"text":"a primeira é pra compara só o Arquivo e vc vai fazer o upload para sua URL..."}]}]},"groupId":"imdbxlrxdney3ahfeimdoezv"},{"id":"unde4910qykivef32rj4kddj","type":"Wait","groupId":"imdbxlrxdney3ahfeimdoezv","options":{"secondsToWaitFor":"2"}},{"id":"cxrhr0jaqklyxws34ievsu6r","type":"text","content":{"richText":[{"type":"p","children":[{"text":"vc vai levar 40 templates estilo whatsaap......."}]}]},"groupId":"imdbxlrxdney3ahfeimdoezv","outgoingEdgeId":"ijpfvt4wnikspm9fb4r67d29"}],"graphCoordinates":{"x":4167.72,"y":-46.72}},{"id":"vnmc9rqc08lsjhlg04oo7a19","title":"Group #10","blocks":[{"id":"ixrvwbkn4duiyu3e5fth66mu","type":"Wait","groupId":"vnmc9rqc08lsjhlg04oo7a19","options":{"secondsToWaitFor":"1"}},{"id":"bli8amozrikgqqtag3rpl6cb","type":"text","content":{"richText":[{"type":"p","children":[{"text":"Agora vou disponibilizar o "},{"text":"arquivo(template)","italic":true},{"text":" que falei Hoje por apenas R$ 49,90... "}]}]},"groupId":"vnmc9rqc08lsjhlg04oo7a19","outgoingEdgeId":"sspeek6sp0pjqjr68qzfodvv"}],"graphCoordinates":{"x":5501.55,"y":-181.43}},{"id":"wpopx43xuy8a54e1hpfn7sgu","title":"Group #12","blocks":[{"id":"bnr3uy9zg09d0b459czze5gt","type":"Wait","groupId":"wpopx43xuy8a54e1hpfn7sgu","options":{"secondsToWaitFor":"2"}},{"id":"gzr2phs2u5g9l8qb1ja7jvjb","type":"text","content":{"richText":[{"type":"p","children":[{"text":"{{Nome}}, essa oferta vai encerrar a qualquer momento, pois vou guardar essa estratégia e explorar o máximo possível dela...."}]}]},"groupId":"wpopx43xuy8a54e1hpfn7sgu","outgoingEdgeId":"c6z1owzwt13zarb5xxdnumoy"}],"graphCoordinates":{"x":5974.2,"y":-137.96}},{"id":"vdsradn1f8xuhkjjr7dqjjyd","title":"Group #12 copy","blocks":[{"id":"piupdzgetlhv1mz16kn31of1","type":"Wait","groupId":"vdsradn1f8xuhkjjr7dqjjyd","options":{"secondsToWaitFor":"2"}},{"id":"nhlkb97gi4wj97q36r8yv052","type":"text","content":{"richText":[{"type":"p","children":[{"text":"...e {{Nome}}, essa oferta vai encerrar a qualquer momento, pois vou guardar essa estratégia e explorar o máximo possível dela...."}]}]},"groupId":"vdsradn1f8xuhkjjr7dqjjyd","outgoingEdgeId":"ex7m8z2m33wpkfjxg8tahev5"}],"graphCoordinates":{"x":5763.3,"y":502.73}},{"id":"v8evxgcp35korwxxllvxwomb","title":"Group #14","blocks":[{"id":"lhwbhomy54c83r0vqnuzj2of","type":"text","content":{"richText":[{"type":"p","children":[{"text":"Com esse Arquivo (modelo) , vc simplesmente copia, cola e edita pra vc. "}]}]},"groupId":"v8evxgcp35korwxxllvxwomb"},{"id":"wqde5qsti0etrrn2uqb4pqvs","type":"Wait","groupId":"v8evxgcp35korwxxllvxwomb","options":{"secondsToWaitFor":"2"}},{"id":"x5aq7p98hazwvuxr9jkqmyk7","type":"text","content":{"richText":[{"type":"p","children":[{"text":"você pode enviar vídeo, áudio, arquivos.. a ainda parece lá em cima que está "},{"text":"digitando..","italic":true},{"text":" ou"},{"text":" gravando áudio... ","italic":true},{"text":"como se fosse no whatsapp"}]}]},"groupId":"v8evxgcp35korwxxllvxwomb"},{"id":"kxa8x1siiirtd7fsqq9m1akk","type":"Wait","groupId":"v8evxgcp35korwxxllvxwomb","options":{"secondsToWaitFor":"2"},"outgoingEdgeId":"r1zk6ag7hr2dy861mtwjsiqt"}],"graphCoordinates":{"x":2632.17,"y":271.42}},{"id":"ekyk0mt2m4f2f34ixn5uve21","title":"Group #13","blocks":[{"id":"qowk837es61cegxy9oz42vwa","type":"text","content":{"richText":[{"type":"p","children":[{"text":"e você pode usar para:"}]},{"type":"p","children":[{"text":"🤑 Vender PLR"}]}]},"groupId":"ekyk0mt2m4f2f34ixn5uve21"},{"id":"n41so4u0xthf8krovaxwe4rc","type":"text","content":{"richText":[{"type":"p","children":[{"text":"Templates, Saúde , jogos, emagrecimento, e muito mais!"}]}]},"groupId":"ekyk0mt2m4f2f34ixn5uve21"},{"id":"dehgr51dce9b3clooxy077nt","type":"text","content":{"richText":[{"type":"p","children":[{"text":"🤑 Vender Encapsulado"}]}]},"groupId":"ekyk0mt2m4f2f34ixn5uve21"},{"id":"ip8uvkrtm76xp9yatq066i4z","type":"text","content":{"richText":[{"type":"p","children":[{"text":"🤑Oferecer para seus clientes de gestão de tráfego e ainda cobrar uma recorrência kkkk "}]}]},"groupId":"ekyk0mt2m4f2f34ixn5uve21"},{"id":"hx1d9m6lieeh1ni2h9hbp34z","type":"Wait","groupId":"ekyk0mt2m4f2f34ixn5uve21","options":{"secondsToWaitFor":"1"}},{"id":"txi2j4pincmuvtdca44qf10c","type":"text","content":{"richText":[{"type":"p","children":[{"text":"🤯 e p/ várias outras coisas "}]}]},"groupId":"ekyk0mt2m4f2f34ixn5uve21"},{"id":"d3hfs2i97qdqdzhl0n5044c9","type":"text","content":{"richText":[{"type":"p","children":[{"text":"usando sem pagar nada para o app"}]}]},"groupId":"ekyk0mt2m4f2f34ixn5uve21","outgoingEdgeId":"x41rh1eldv7pxcwg3163xvoo"}],"graphCoordinates":{"x":3131.92,"y":95.78}},{"id":"iutiduf70s8f9933daiuqcth","title":"Group #14","blocks":[{"id":"ge5wuo4cyh3lnqc5z7h5j8cy","type":"Wait","groupId":"iutiduf70s8f9933daiuqcth","options":{"secondsToWaitFor":"1"}},{"id":"d2r25hoau4px2iqwxemtcolg","type":"choice input","items":[{"id":"cm54fbl4d1z0fhwd2jkn18qr","type":0,"blockId":"d2r25hoau4px2iqwxemtcolg","content":"Quero o Arquivo com(40 Templates)","outgoingEdgeId":"qjha1ebd0vak6izi6lyes031"}],"groupId":"iutiduf70s8f9933daiuqcth","options":{"buttonLabel":"Send","isSearchable":false,"isMultipleChoice":false,"searchInputPlaceholder":"Filter the options..."}}],"graphCoordinates":{"x":4585.53,"y":88.29}},{"id":"hh743rk38wye2svtkgis3n4j","title":"Group #16","blocks":[{"id":"ruqz7wdpj1molk967hacfq5m","type":"text","content":{"richText":[{"type":"p","children":[{"text":"Showww 👏🏻👏🏻👏🏻"}]}]},"groupId":"hh743rk38wye2svtkgis3n4j"},{"id":"e5p5r5g4vvpnngpi4kxpl1uf","type":"text","content":{"richText":[{"type":"p","children":[{"text":"{{Nome}}, vc vai faturar muito.. "}]}]},"groupId":"hh743rk38wye2svtkgis3n4j","outgoingEdgeId":"rp8283lofklmrddi7gyciqvo"}],"graphCoordinates":{"x":5404.79,"y":522.1}},{"id":"hl220ftmr878k6joi5z3lsr8","title":"Group #16 copy","blocks":[{"id":"t9d3om6ga7q0ik81ybc7t08g","type":"text","content":{"richText":[{"type":"p","children":[{"text":"Showww 👏🏻👏🏻👏🏻"}]}]},"groupId":"hl220ftmr878k6joi5z3lsr8"},{"id":"ydjwyflgmuyxkktptr47rtxq","type":"text","content":{"richText":[{"type":"p","children":[{"text":"{{Nome}}, vc vai faturar muito.. "}]}]},"groupId":"hl220ftmr878k6joi5z3lsr8","outgoingEdgeId":"bg3mjnnddi79gr6t94hdivxo"}],"graphCoordinates":{"x":4952.39,"y":135.83}},{"id":"qplucc2hoy109f6xrib84t2s","title":"Group #16","blocks":[{"id":"k0oooy8qrhdf2clioodxwpdd","type":"text","content":{"richText":[{"type":"p","children":[{"text":"Assim que vc comprar vc vai receber uma aula com o passo a passo de como instalar e configurar, mesmo se tiver  pouco conhecimento na área..."}]}]},"groupId":"qplucc2hoy109f6xrib84t2s","outgoingEdgeId":"k6ejbfwo1mzzgyhuc05dc4fm"}],"graphCoordinates":{"x":6230.07,"y":592.14}},{"id":"ak5h7ufot95ik8602hsem0mx","title":"Group #17","blocks":[{"id":"dbisctjq36hdvxzfhn02eio5","type":"text","content":{"richText":[{"type":"p","children":[{"text":""},{"url":"https://pt.piliapp.com/facebook-symbols/","type":"a","children":[{"text":"https://pt.piliapp.com/facebook-symbols/"}]},{"text":""}]}]},"groupId":"ak5h7ufot95ik8602hsem0mx"}],"graphCoordinates":{"x":6624.5,"y":650.66}},{"id":"h3ezyixlro4s5v5f4m56ltsz","title":"Group #16","blocks":[{"id":"wi8wd9y9lftytso3jwjbb9z1","type":"text","content":{"richText":[{"type":"p","children":[{"text":"Vou te falar.. isso facilitou muito meu trabalho.. "}]}]},"groupId":"h3ezyixlro4s5v5f4m56ltsz"},{"id":"ex40k0sh8awd78qn8za8j54d","type":"Wait","groupId":"h3ezyixlro4s5v5f4m56ltsz","options":{"secondsToWaitFor":"1"}},{"id":"g6014axcar7ou33as95s72pn","type":"text","content":{"richText":[{"type":"p","children":[{"text":"e ainda uso de forma 100% gratuito."}]}]},"groupId":"h3ezyixlro4s5v5f4m56ltsz","outgoingEdgeId":"idl0wi03s28pc32b185s1z01"}],"graphCoordinates":{"x":1143.02,"y":174.15}},{"id":"un8gg7066waa6tpk5bah9z7o","title":"Group #17","blocks":[{"id":"llkmh3zd80v4i1n3hni4nvbf","type":"text","content":{"richText":[{"type":"p","children":[{"text":"Então{{Nome}} segue o pix e garanta logo o seu ..."}]},{"type":"p","children":[{"text":""}]},{"type":"p","children":[{"text":"Pix = 1195987-9398  e  enviar o comprovante nesse mesmo numero....... R$ 49,90"}]}]},"groupId":"un8gg7066waa6tpk5bah9z7o"}],"graphCoordinates":{"x":6965.53,"y":6.87}},{"id":"coa0vry3xnfkm719osaxbsm1","title":"Group #18","blocks":[{"id":"fb7hp1hxbcmqq2ctnd3eynmc","type":"Wait","groupId":"coa0vry3xnfkm719osaxbsm1","options":{"secondsToWaitFor":"2"},"outgoingEdgeId":"hxp9xpe9yozvwspuw2dfwuti"}],"graphCoordinates":{"x":6488.27,"y":0.04}}],"variables":[],"edges":[{"id":"vtwdo2hpx3ywd39i4ax9of9c","to":{"groupId":"wnc7k3p6bshu3ssk2vcyfys2"},"from":{"blockId":"nsh8wpwhdutzsksidfgp11tb","groupId":"l8cnqg2irsejlyuzwe5q0dd7"}},{"id":"u8orgozz2y4yaib4gq8lvl6t","to":{"groupId":"c12jsd0jw2bdgv76x21ury5n"},"from":{"blockId":"be4sujfsf5ky43t0xct21uw9","groupId":"wnc7k3p6bshu3ssk2vcyfys2"}},{"id":"sn0bkx2v300lw6ajmnhdrxpl","to":{"groupId":"v8evxgcp35korwxxllvxwomb"},"from":{"blockId":"h2tlhvqexgomzggjxgczff5s","groupId":"tts86obxl1pjqj0ka0irpa78"}},{"id":"sspeek6sp0pjqjr68qzfodvv","to":{"groupId":"wpopx43xuy8a54e1hpfn7sgu"},"from":{"blockId":"bli8amozrikgqqtag3rpl6cb","groupId":"vnmc9rqc08lsjhlg04oo7a19"}},{"id":"k6ejbfwo1mzzgyhuc05dc4fm","to":{"groupId":"ak5h7ufot95ik8602hsem0mx"},"from":{"blockId":"k0oooy8qrhdf2clioodxwpdd","groupId":"qplucc2hoy109f6xrib84t2s"}},{"id":"ijpfvt4wnikspm9fb4r67d29","to":{"groupId":"iutiduf70s8f9933daiuqcth"},"from":{"blockId":"cxrhr0jaqklyxws34ievsu6r","groupId":"imdbxlrxdney3ahfeimdoezv"}},{"id":"idl0wi03s28pc32b185s1z01","to":{"groupId":"s1nguf11znabqvb63e3m6346"},"from":{"blockId":"g6014axcar7ou33as95s72pn","groupId":"h3ezyixlro4s5v5f4m56ltsz"}},{"id":"twbfj2285gv2gi3i144lrtxj","to":{"groupId":"h3ezyixlro4s5v5f4m56ltsz"},"from":{"itemId":"f4td3f9yiw3w98wo6kpxd1p2","blockId":"ip67unz8ehrxkztb53s14448","groupId":"c12jsd0jw2bdgv76x21ury5n"}},{"id":"esnrjob8bjzp49jp2gs2viz1","to":{"groupId":"tts86obxl1pjqj0ka0irpa78"},"from":{"blockId":"hwrbbohee4xc76q03rropgrf","groupId":"s1nguf11znabqvb63e3m6346"}},{"id":"x41rh1eldv7pxcwg3163xvoo","to":{"groupId":"imdbxlrxdney3ahfeimdoezv"},"from":{"blockId":"d3hfs2i97qdqdzhl0n5044c9","groupId":"ekyk0mt2m4f2f34ixn5uve21"}},{"id":"r1zk6ag7hr2dy861mtwjsiqt","to":{"groupId":"ekyk0mt2m4f2f34ixn5uve21"},"from":{"blockId":"kxa8x1siiirtd7fsqq9m1akk","groupId":"v8evxgcp35korwxxllvxwomb"}},{"id":"rp8283lofklmrddi7gyciqvo","to":{"groupId":"vdsradn1f8xuhkjjr7dqjjyd"},"from":{"blockId":"e5p5r5g4vvpnngpi4kxpl1uf","groupId":"hh743rk38wye2svtkgis3n4j"}},{"id":"ex7m8z2m33wpkfjxg8tahev5","to":{"groupId":"qplucc2hoy109f6xrib84t2s"},"from":{"blockId":"nhlkb97gi4wj97q36r8yv052","groupId":"vdsradn1f8xuhkjjr7dqjjyd"}},{"id":"qjha1ebd0vak6izi6lyes031","to":{"groupId":"hl220ftmr878k6joi5z3lsr8"},"from":{"itemId":"cm54fbl4d1z0fhwd2jkn18qr","blockId":"d2r25hoau4px2iqwxemtcolg","groupId":"iutiduf70s8f9933daiuqcth"}},{"id":"bg3mjnnddi79gr6t94hdivxo","to":{"blockId":"ixrvwbkn4duiyu3e5fth66mu","groupId":"vnmc9rqc08lsjhlg04oo7a19"},"from":{"blockId":"ydjwyflgmuyxkktptr47rtxq","groupId":"hl220ftmr878k6joi5z3lsr8"}},{"id":"c6z1owzwt13zarb5xxdnumoy","to":{"groupId":"coa0vry3xnfkm719osaxbsm1"},"from":{"blockId":"gzr2phs2u5g9l8qb1ja7jvjb","groupId":"wpopx43xuy8a54e1hpfn7sgu"}},{"id":"hxp9xpe9yozvwspuw2dfwuti","to":{"groupId":"un8gg7066waa6tpk5bah9z7o"},"from":{"blockId":"fb7hp1hxbcmqq2ctnd3eynmc","groupId":"coa0vry3xnfkm719osaxbsm1"}}],"theme":{"chat":{"inputs":{"color":"#000000","backgroundColor":"#FFFFFF","placeholderColor":"#28292a"},"buttons":{"color":"#FFFFFF","backgroundColor":"#128C7E"},"roundness":"large","hostAvatar":{"url":"https://s3.fr-par.scw.cloud/typebot/public/typebots/clkohbdov004tmj0f7a418ykj/hostAvatar?v=1690663498228","isEnabled":true},"guestAvatar":{"isEnabled":false},"hostBubbles":{"color":"#303235","backgroundColor":"#F7F8FF"},"guestBubbles":{"color":"#00000","backgroundColor":"#e1ffc7"}},"general":{"font":"Open Sans","background":{"type":"Image","content":"https://s3.fr-par.scw.cloud/typebot/public/typebots/cli88mae30010mh0f0yzjqn48/background?v=1685470080750"}},"customCss":".typebot-chat-view > .flex:first-child {\n    padding-top: 30px;\n}\n\n.typebot-input {\n    position: fixed;\n    bottom: 0;\n    align-items: center;\n    z-index: 999;\n    right: 0;\n}\n\n.typebot-input .typebot-button {\n    background: #008a7c;\n    border-radius: 50%;\n    color: #fff;\n    position: relative;\n    width: 50px;\n    height: 50px;\n    display: flex;\n    align-items: center;\n    justify-content: center;\n}\n\n.typebot-container {\n    background-size: initial!important;\n    background-repeat: repeat-x!important;\n}\n\n.typebot-host-bubble>.bubble-typing {\n  border-radius: 0 5px 5px 5px;\n}\n\n.typebot-host-bubble>.bubble-typing:after {\n    position: absolute;\n    content: \"\";\n    width: 0;\n    height: 0;\n    border-style: solid;\n    border-width: 0px 10px 10px 0;\n    border-color: transparent #fff transparent transparent;\n    top: 0;\n    left: -10px;\n}\n\n.typebot-guest-bubble {\n  position: relative;\n  border-radius: 5px 0 5px 5px;\n}\n\n.typebot-guest-bubble:after {\n  position: absolute;\n  content: \"\";\n  width: 0;\n  height: 0;\n  border-style: solid;\n}\n\n.typebot-guest-bubble:after {\n    border-width: 0px 0 10px 10px;\n    border-color: transparent transparent transparent #e1ffc7;\n    top: 0;\n    right: -10px;\n    border-style: solid;\n}\n\niframe[src=\"\"] {\n  position: fixed;\n  top: 0;\n  left: 0;\n  display: relative;\n  width: 100%;\n  height: 100% !important;\n  z-index: 999999;\n  border: none;\n  padding: 0;\n  margin: 0;\n}\n\na#lite-badge {\n  display: none!important;\n}\n\n/* Botão do input */\n.typebot-input .typebot-button {\n  content: \"\";\n  background: rgba(0, 138, 134, 1);\n  border-radius: 50%; \n  position: relative;\n  display: flex;\n  align-items: center;\n  justify-content: center;\n  width: 50px; \n  height: 50px; \n  border: none;\n  font-size: 0px;\n  color: transparent;\n}\n\n.typebot-input .typebot-button::before {\n  content: \"\";\n  position: absolute;\n  top: 50%;\n  transform: translateY(-50%);\n  width: 25px;\n  height: 25px;\n  background-repeat: no-repeat;\n  background-size: cover;\n  background-image: url('data:image/svg+xml;charset=utf8,<svg xmlns=\"http://www.w3.org/2000/svg\" viewBox=\"0 0 512 512\" width=\"19px\"><path d=\"M476.59 227.05l-.16-.07L49.35 49.84A23.56 23.56 0 0027.14 52 24.65 24.65 0 0016 72.59v113.29a24 24 0 0019.52 23.57l232.93 43.07a4 4 0 010 7.86L35.53 303.45A24 24 0 0016 327v113.31A23.57 23.57 0 0026.59 460a23.94 23.94 0 0013.22 4 24.55 24.55 0 009.52-1.93L476.4 285.94l.19-.09a32 32 0 000-58.8z\" fill=\"white\"/></svg>');\n}\n\n/* Oculta o ícone anterior*/\n.typebot-input .typebot-button .send-icon {\n  display: none; \n}\n\n/* Estilo da caixa do input */\n.typebot-input {\n    max-width: 100%!important;\n    width:100%!important;\n    position: fixed;\n    bottom: 0;\n    align-items: center;\n    z-index: 999;\n    right: 0;\n    margin-bottom: 20px;\n    background-color: white;\n    border-radius: 50px;\n    box-shadow: 1 2px 1px -1px rgba(0,0,0,.2);\n    height: 50px;\n    padding-right: 0px!important;\n}\n\n\n/* Corrigir cor do botão */\n.disabled\\:opacity-50:disabled {\n    opacity: 100%;\n}\n\n"},"settings":{"general":{"rememberUser":{"isEnabled":false},"isBrandingEnabled":true,"isInputPrefillEnabled":false,"isHideQueryParamsEnabled":false},"metadata":{"title":"(1) Whatsapp","imageUrl":"https://s3.fr-par.scw.cloud/typebot/public/typebots/clkohbdov004tmj0f7a418ykj/ogImage?v=1690676134952","description":" WhatsApp.","customHeadCode":"<!-- Meta Pixel Code -->\n<script>\n!function(f,b,e,v,n,t,s)\n{if(f.fbq)return;n=f.fbq=function(){n.callMethod?\nn.callMethod.apply(n,arguments):n.queue.push(arguments)};\nif(!f._fbq)f._fbq=n;n.push=n;n.loaded=!0;n.version='2.0';\nn.queue=[];t=b.createElement(e);t.async=!0;\nt.src=v;s=b.getElementsByTagName(e)[0];\ns.parentNode.insertBefore(t,s)}(window, document,'script',\n'https://connect.facebook.net/en_US/fbevents.js');\nfbq('init', '111');\nfbq('track', 'PageView_funil_yt');\n</script>\n<noscript><img height=\"1\" width=\"1\" style=\"display:none\"\nsrc=\"https://www.facebook.com/tr?id=840556827411131&ev=PageView&noscript=1\"\n/></noscript>\n<!-- End Meta Pixel Code -->\n\n\n<link rel=\"stylesheet\" href=\"https://cdnjs.cloudflare.com/ajax/libs/material-design-iconic-font/2.2.0/css/material-design-iconic-font.min.css\">\n\n\n\n\n\n\n<style>\n  .hide {\n    display: none!important;\n  }\n  typebot-standard {\n    position: relative;\n    z-index: 9999;\n  }\n  #__next {\n    position: relative;\n    z-index: 9999;\n}\n  /* User Bar */\n.user-bar {\n  width: 100%;\n  height: 55px;\n  background: #005e54;\n  color: #fff;\n  padding: 0;\n  font-size: 24px;\n  position: fixed;\n  z-index: 99999;\n  display: block;\n  top: 0;\n}\n\n.user-bar:after {\n  content: \"\";\n  display: table;\n  clear: both;\n}\n\n.user-bar div {\n    float: left;\n    transform: translateY(-50%);\n    position: relative;\n    top: 50%;\n    margin-left: 10px;\n}\n\n.user-bar .actions {\n  float: right;\n  margin: 0 0 0 20px;\n}\n\n.user-bar .actions.more {\n  margin: 0 12px 0 32px;\n}\n\n.user-bar .actions.attachment {\n  margin: 0 0 0 30px;\n}\n\n.user-bar .actions.attachment i {\n  display: block;\n  transform: rotate(-45deg);\n}\n\n.user-bar .avatar {\n  margin: 0 0 0 5px;\n  width: 36px;\n  height: 36px;\n}\n\n.user-bar .avatar img {\n  border-radius: 50%;\n  box-shadow: 0 1px 0 rgba(255, 255, 255, 0.1);\n  display: block;\n  width: 100%;\n}\n\n.user-bar .name {\n  font-size: 17px;\n  font-weight: 600;\n  text-overflow: ellipsis;\n  letter-spacing: 0.3px;\n  margin: 0 0 0 8px;\n  overflow: hidden;\n  white-space: nowrap;\n  width: 150px;\n}\n\n.user-bar .status {\n  display: block;\n  font-size: 13px;\n  font-weight: 400;\n  letter-spacing: 0;\n}\n\n\n  /* Botão do input */\n.typebot-input .typebot-button {\n  content: \"\";\n  background: rgba(0, 138, 134, 1);\n  border-radius: 50%; \n  position: relative;\n  display: flex;\n  align-items: center;\n  justify-content: center;\n  width: 50px; \n  height: 50px; \n  border: none;\n  font-size: 0px;\n  color: transparent;\n}\n\n.typebot-input .typebot-button::before {\n  content: \"\";\n  position: absolute;\n  top: 50%;\n  transform: translateY(-50%);\n  width: 25px;\n  height: 25px;\n  background-repeat: no-repeat;\n  background-size: cover;\n  background-image: url('data:image/svg+xml;charset=utf8,<svg xmlns=\"http://www.w3.org/2000/svg\" viewBox=\"0 0 512 512\" width=\"19px\"><path d=\"M476.59 227.05l-.16-.07L49.35 49.84A23.56 23.56 0 0027.14 52 24.65 24.65 0 0016 72.59v113.29a24 24 0 0019.52 23.57l232.93 43.07a4 4 0 010 7.86L35.53 303.45A24 24 0 0016 327v113.31A23.57 23.57 0 0026.59 460a23.94 23.94 0 0013.22 4 24.55 24.55 0 009.52-1.93L476.4 285.94l.19-.09a32 32 0 000-58.8z\" fill=\"white\"/></svg>');\n}\n\n/* Oculta o ícone anterior*/\n.typebot-input .typebot-button .send-icon {\n  display: none; \n}\n\n/* Estilo da caixa do input */\n.typebot-input {\n    max-width: 100%!important;\n    width:100%!important;\n    position: fixed;\n    bottom: 0;\n    align-items: center;\n    z-index: 999;\n    right: 0;\n    margin-bottom: 20px;\n    background-color: white;\n    border-radius: 50px;\n    box-shadow: 1 2px 1px -1px rgba(0,0,0,.2);\n    height: 50px;\n    padding-right: 0px!important;\n}\n\n\n/* Corrigir cor do botão */\n.disabled\\:opacity-50:disabled {\n    opacity: 100%;\n}\n\n</style>\n\n<script>\nfunction criarBarra() {\n  var userBar = document.createElement(\"div\");\n  userBar.className = \"user-bar\";\n\n  var backButton = document.createElement(\"div\");\n  backButton.className = \"back\";\n  backButton.innerHTML = '<i class=\"zmdi zmdi-arrow-left\"></i>';\n\n  var avatar = document.createElement(\"div\");\n  avatar.className = \"avatar\";\n  avatar.innerHTML = '<img src=\"https://s3.fr-par.scw.cloud/typebot/public/typebots/mkzeve7m4sgdyawwhpkod5xm/hostAvatar?v=1690598956771\" alt=\"Detetive Daniele\">';\n\n  var name = document.createElement(\"div\");\n  name.className = \"name\";\n  name.innerHTML = '<span>Renato</span> <span data-testid=\"psa-verified\" data-icon=\"psa-verified\" class=\"\"><svg viewBox=\"0 0 18 18\" height=\"18\" width=\"18\" preserveAspectRatio=\"xMidYMid meet\" class=\"\" version=\"1.1\" x=\"0px\" y=\"0px\" enable-background=\"new 0 0 18 18\" xml:space=\"preserve\"><polygon id=\"Star-2\" fill=\"#00DA60\" points=\"9,16 7.1,16.9 5.8,15.2 3.7,15.1 3.4,13 1.5,12 2.2,9.9 1.1,8.2 2.6,6.7 2.4,4.6 4.5,4 5.3,2 7.4,2.4 9,1.1 10.7,2.4 12.7,2 13.6,4 15.6,4.6 15.5,6.7 17,8.2 15.9,9.9 16.5,12 14.7,13 14.3,15.1 12.2,15.2 10.9,16.9 \"></polygon><polygon id=\"Check-Icon\" fill=\"#FFFFFF\" points=\"13.1,7.3 12.2,6.5 8.1,10.6 5.9,8.5 5,9.4 8,12.4 \"></polygon></svg></span><span class=\"status\">online</span>';\n\n  var moreActions = document.createElement(\"div\");\n  moreActions.className = \"actions more\";\n  moreActions.innerHTML = '<i class=\"zmdi zmdi-more-vert\"></i>';\n\n  var attachmentAction = document.createElement(\"div\");\n  attachmentAction.className = \"actions attachment\";\n  attachmentAction.innerHTML = '<i class=\"zmdi zmdi-attachment-alt\"></i>';\n\n  var phoneAction = document.createElement(\"div\");\n  phoneAction.className = \"actions\";\n  phoneAction.innerHTML = '<i class=\"zmdi zmdi-phone\"></i>';\n\n  userBar.appendChild(backButton);\n  userBar.appendChild(avatar);\n  userBar.appendChild(name);\n  userBar.appendChild(moreActions);\n  userBar.appendChild(attachmentAction);\n  userBar.appendChild(phoneAction);\n\n  var elementoPai = document.querySelector(\"#__next\");\n  if (elementoPai) {\n    elementoPai.insertBefore(userBar, elementoPai.firstChild);\n  }\n}\n\ncriarBarra();\n</script>\n\n<script>\n  \n  const botBody = document.querySelector('typebot-standard')\n        .shadowRoot.querySelector('.typebot-container');\n  const userAvatar = botBody.querySelector('img[elementtiming=\"Bot avatar\"]');\n  const status = document.querySelector('.status');\n  \n  setInterval(() => {\n      const isTyping = botBody.querySelector('.bubble1');\n      const sibling = isTyping?.parentElement?.parentElement?.nextSibling;\n\n      if(isTyping && sibling.src) {\n        status.innerText = 'gravando audio...'\n      } else if(isTyping) {      \n        status.innerText = 'digitando...'\n      } else {\n        status.innerText = 'online'\n      }\n    }, 400)\n</script>\n"},"typingEmulation":{"speed":300,"enabled":true,"maxDelay":1.5}}}