{"id":"clkh9a6fz0019jq0g37sf1qds","version":"3","groups":[{"id":"f4jzvln664c2c041gd1vliyo","title":"Start","blocks":[{"id":"cx5iel8jxfo4caorf8rnjiw0","type":"start","label":"Start","groupId":"f4jzvln664c2c041gd1vliyo","outgoingEdgeId":"e6ww2f7qc30vcxp5tv4l0bm0"}],"graphCoordinates":{"x":-2402.53,"y":34.58}},{"id":"b751608ykr517e1e9nu3gjly","title":"Falta de Vontade","blocks":[{"id":"r2hfr80gpw1pxpn3fz5c52e7","type":"Wait","groupId":"b751608ykr517e1e9nu3gjly","options":{"secondsToWaitFor":"4"}},{"id":"aag4ricmyg6dcupcuyg1hg6g","type":"text","content":{"richText":[{"type":"p","children":[{"text":"Estudo apontam que 1 a cada 3 mulheres sofrem com a baixa de estrogênio desde a adolescência, o que influencia diretamente na libido, trazendo transtornos sexuais desde a adolescência"}]}]},"groupId":"b751608ykr517e1e9nu3gjly"},{"id":"pvyof4t3s2rm1j0av6s8tr50","type":"Wait","groupId":"b751608ykr517e1e9nu3gjly","options":{"secondsToWaitFor":"3"}},{"id":"hbk72gzns32psi1agzf6go2y","type":"text","content":{"richText":[{"type":"p","children":[{"text":"por achar que é uma coisa comum, as mulheres tendem a não\nprocurar ajuda, ou a acabar fazendo sexo sem ter vontade só para não se sentir excluída\nda roda de amigas."}]}]},"groupId":"b751608ykr517e1e9nu3gjly"},{"id":"ytecu7fi5hn0g6rghg5f7p6f","type":"Wait","groupId":"b751608ykr517e1e9nu3gjly","options":{"secondsToWaitFor":"3"}},{"id":"u4nid2tum9meewmech8njty9","type":"text","content":{"richText":[{"type":"p","children":[{"text":"Mas sim, isso é um problema e pode ser tratado de forma\nrápida, segura e natural. Sem ter que fazer tratamentos longos a base de hormônio\nque acabam fazendo ganhar muito peso."}]}]},"groupId":"b751608ykr517e1e9nu3gjly","outgoingEdgeId":"kpnv8llutn175hf837ig2zjf"}],"graphCoordinates":{"x":-1285.52,"y":-242.37}},{"id":"l4zh229mqhdiwq42fskg3kjf","title":"intro","blocks":[{"id":"qa7znkhb5exczlj5c7d0ici3","type":"text","content":{"richText":[{"type":"p","children":[{"text":"Que ótimo!"}]}]},"groupId":"l4zh229mqhdiwq42fskg3kjf"},{"id":"u0yn71y2nund03z4qf7hplct","type":"Wait","groupId":"l4zh229mqhdiwq42fskg3kjf","options":{"secondsToWaitFor":"3"}},{"id":"ii5miwdx7ea82xe0z8wx6gyd","type":"text","content":{"richText":[{"type":"p","children":[{"text":"Fui uma das pesquisadoras do projeto \"Natural Female Sexual Recovery\", que foi conduzido em Harvard com a ajuda de mais 3 médicos renomados"}]}]},"groupId":"l4zh229mqhdiwq42fskg3kjf"},{"id":"t1kjh0rbaqr52x82m22uzm4s","type":"Wait","groupId":"l4zh229mqhdiwq42fskg3kjf","options":{"secondsToWaitFor":"7"}},{"id":"ikr23vujq3jogtqm6p458rk6","type":"text","content":{"richText":[{"type":"p","children":[{"text":"Onde após analisar mais de 23.792 mulheres, conseguimos chegar na solução da falta da libido feminina, com sucesso em mais de 98% das pacientes que participaram do estudo."}]}]},"groupId":"l4zh229mqhdiwq42fskg3kjf"},{"id":"szdb6x5dw1sb2ypjdw3kow1j","type":"Wait","groupId":"l4zh229mqhdiwq42fskg3kjf","options":{"secondsToWaitFor":"6"}},{"id":"rgrj1gdeatktzd05uf2x47h9","type":"text","content":{"richText":[{"type":"p","children":[{"text":"e o melhor, sem ter que fazer recuperação hormonal que acarreta em ganho de peso além vários problemas de saúde. Saiu até em alguns jornais brasileiros no ano passado"}]}]},"groupId":"l4zh229mqhdiwq42fskg3kjf"},{"id":"m8ucdcu3jrue2yehqune3uou","type":"Wait","groupId":"l4zh229mqhdiwq42fskg3kjf","options":{"secondsToWaitFor":"2"}},{"id":"t08jv3qznwr9xylvtkgwunwe","type":"image","content":{"url":"https://s3.fr-par.scw.cloud/typebot/public/typebots/xjceyvraznl58m1s6twcqq8h/blocks/t08jv3qznwr9xylvtkgwunwe?v=1690236502250"},"groupId":"l4zh229mqhdiwq42fskg3kjf"},{"id":"aqrv2qvvfhs0wxy9i08n5yu9","type":"Wait","groupId":"l4zh229mqhdiwq42fskg3kjf","options":{"secondsToWaitFor":"3"}},{"id":"vmlt5xc9ctb2h4zftqdfnuvf","type":"text","content":{"richText":[{"type":"p","children":[{"text":"e agora estou ajudando mulheres brasileiras a conseguirem restaurar sua libido."}]}]},"groupId":"l4zh229mqhdiwq42fskg3kjf"},{"id":"dbi2zwoddcnec8xrykof79b8","type":"Wait","groupId":"l4zh229mqhdiwq42fskg3kjf","options":{"secondsToWaitFor":"2"}},{"id":"gzsbtgj3w9bmntm32glgotb9","type":"text","content":{"richText":[{"type":"p","children":[{"text":"Hoje, o que mais te incomoda, escolha uma das opções abaixo ⤵️"}]}]},"groupId":"l4zh229mqhdiwq42fskg3kjf"},{"id":"irulv9o9q7w0o93ornfnh7l2","type":"Wait","groupId":"l4zh229mqhdiwq42fskg3kjf","options":{"secondsToWaitFor":"2"}},{"id":"c8zvdcs07rxg9q2yckyprsyn","type":"choice input","items":[{"id":"cigszfogy5e8w000i07vu0rl","type":0,"blockId":"c8zvdcs07rxg9q2yckyprsyn","content":"Não tenho vontade de fazer Sexo!","outgoingEdgeId":"de1y1vvh8kf9cr405f04mzro"},{"id":"ux450mjvgs29aahveq1la20q","type":0,"blockId":"c8zvdcs07rxg9q2yckyprsyn","content":"Não tenho vontade depois da gravidez!","outgoingEdgeId":"gtun6zz1drnabqmx5qwhhl8v"},{"id":"tycaemolkpazxszoack1a95t","type":0,"blockId":"c8zvdcs07rxg9q2yckyprsyn","content":"Depois da menopausa não sinto mais vontade!","outgoingEdgeId":"ni1k69wj3ahbfjdoqcon006d"}],"groupId":"l4zh229mqhdiwq42fskg3kjf","options":{"buttonLabel":"Send","isSearchable":false,"isMultipleChoice":false,"searchInputPlaceholder":"Filter the options..."}}],"graphCoordinates":{"x":-1635.64,"y":-6.14}},{"id":"kl16ij02vwk75ngwhm6knxpp","title":"Gravidez","blocks":[{"id":"oqlh8w0pl5vwjkfhrywaay81","type":"text","content":{"richText":[{"type":"p","children":[{"text":"Estudo apontam que 3 a cada 5 mulheres sofrem com a desregulação hormonal após a gravidez, e isso se intensifica com o ganho de peso e as alterações no corpo."}]}]},"groupId":"kl16ij02vwk75ngwhm6knxpp"},{"id":"nadrhurgubg7a7qdkg2rltqi","type":"Wait","groupId":"kl16ij02vwk75ngwhm6knxpp","options":{"secondsToWaitFor":"5"}},{"id":"sx68w1bweersn3nyih2bhrz9","type":"text","content":{"richText":[{"type":"p","children":[{"text":"e por achar que é uma coisa comum após a gravidez, a maioria das melhores que sofrem com esse problema não procuram ajuda, e acabam focando no filho(a) e deixando o lado intimo com o marido de lado."}]}]},"groupId":"kl16ij02vwk75ngwhm6knxpp"},{"id":"iei3takh6g404ypf2s0ahv0f","type":"Wait","groupId":"kl16ij02vwk75ngwhm6knxpp","options":{"secondsToWaitFor":"5"}},{"id":"ksa41levsbcz9tt2qyqp31r5","type":"text","content":{"richText":[{"type":"p","children":[{"text":"o que acaba acarretando em brigas no relacionamento, e um distanciamento do casal. E ai vem uma noticia não muito boa! Um estudo mostrou que umas da fazes que os homens mais traem, é durante os 3 primeiros anos após a gravidez das esposas."}]}]},"groupId":"kl16ij02vwk75ngwhm6knxpp"},{"id":"qa4hs5488xmgl7usykio5xlt","type":"Wait","groupId":"kl16ij02vwk75ngwhm6knxpp","options":{"secondsToWaitFor":"5"}},{"id":"edndgx2btwd3vyn9m1hu8q8c","type":"text","content":{"richText":[{"type":"p","children":[{"text":"E a falta de regularidade no sexo aumenta em até 87% dos divorcios nos casais com filhos."}]}]},"groupId":"kl16ij02vwk75ngwhm6knxpp"},{"id":"rgkmipkjwx3q2fbouxucp7cx","type":"text","content":{"richText":[{"type":"p","children":[{"text":"Mas sim, isso é um problema e pode ser tratado de forma\nrápida, segura e natural. Sem ter que fazer tratamentos longos a base de hormônio\nque acabam fazendo ganhar muito peso."}]}]},"groupId":"kl16ij02vwk75ngwhm6knxpp","outgoingEdgeId":"x6wfpdfbrf5sdgjlkt4xsgyo"}],"graphCoordinates":{"x":-1240.46,"y":707.92}},{"id":"fzm3h9lhnk7itqgxp7hqh8l6","title":"Conhecer","blocks":[{"id":"w0c68z6hp7lwlnvni062m0rn","type":"Wait","groupId":"fzm3h9lhnk7itqgxp7hqh8l6","options":{"secondsToWaitFor":"2"}},{"id":"ii95kbauzrzfapr0unsnfbs2","type":"text","content":{"richText":[{"type":"p","children":[{"text":"Gostaria de Conhecer esse tratamento natural?"}]}]},"groupId":"fzm3h9lhnk7itqgxp7hqh8l6"},{"id":"wm6flbk3djixgiu2p9arxg3q","type":"Wait","groupId":"fzm3h9lhnk7itqgxp7hqh8l6","options":{"secondsToWaitFor":"2"}},{"id":"bjyyocsfd630s6e5rkf2i8zu","type":"choice input","items":[{"id":"kwecr5wkxd936iab2ily6a9h","type":0,"blockId":"bjyyocsfd630s6e5rkf2i8zu","content":"Sim, eu gostaria muito!","outgoingEdgeId":"knk4c7voz9apst4h6z7ji67i"}],"groupId":"fzm3h9lhnk7itqgxp7hqh8l6","options":{"buttonLabel":"Send","isSearchable":false,"isMultipleChoice":false,"searchInputPlaceholder":"Filter the options..."}}],"graphCoordinates":{"x":-738.68,"y":1315.48}},{"id":"y33a99ulbbt6xcz4rcyhy3eo","title":"Menopausa","blocks":[{"id":"u1mx7fx2w7o0ypan1k5pxydf","type":"text","content":{"richText":[{"type":"p","children":[{"text":"a menopausa e um estagio que toda mulher está fadada a enfrentar, e 8 a cada 10 mulheres durante a menopausa perde a vontade de fazer sexo, e isso e mais comum do que você pensa. "}]}]},"groupId":"y33a99ulbbt6xcz4rcyhy3eo"},{"id":"l8k0by2ciorgbczfkkemmv85","type":"Wait","groupId":"y33a99ulbbt6xcz4rcyhy3eo","options":{"secondsToWaitFor":"5"}},{"id":"q7xqbhjpiy9zq5ixvvz9sjxd","type":"text","content":{"richText":[{"type":"p","children":[{"text":"a desregulação hormonal, tem efeitos terríveis nas mulheres, calorões, ganho de peso, irritabilidade, insônia, e a mais terrível e a falta de vontade de ter relações sexuais com os maridos, o que aumenta a taxa de traição dos maridos em 89%, após as esposas entrarem na menopausa."}]}]},"groupId":"y33a99ulbbt6xcz4rcyhy3eo"},{"id":"t0p354hz0mwi41h2m82oia2m","type":"Wait","groupId":"y33a99ulbbt6xcz4rcyhy3eo","options":{"secondsToWaitFor":"5"}},{"id":"jqfsi11os11xrnk38g2qjjs8","type":"text","content":{"richText":[{"type":"p","children":[{"text":"hoje no Brasil a grande maioria dos médicos indicam a reposição hormonal, com testosterona ou estrogênio , o que acarretam em efeitos colaterais terríveis, como ganho de peso, e numa falta maior ainda de vontade de ter relações sexuais. o que aumenta a taxa de separação na meia idade."}]}]},"groupId":"y33a99ulbbt6xcz4rcyhy3eo"},{"id":"bt4901yq9pn44g2f82n0sj4q","type":"Wait","groupId":"y33a99ulbbt6xcz4rcyhy3eo","options":{"secondsToWaitFor":"5"}},{"id":"kh7x4kb7do9skoponopr4eki","type":"text","content":{"richText":[{"type":"p","children":[{"text":"Mas calma, com meu estudo descobri uma forma natural e sem efeitos colaterais, que conseguem controlar os efeitos da menopausa e ajuda a recuperar a vontade de ter relações sexuais de forma regular."}]}]},"groupId":"y33a99ulbbt6xcz4rcyhy3eo","outgoingEdgeId":"kjne52ibpoeaiddijtcsrdpw"}],"graphCoordinates":{"x":-1212.87,"y":2025.01}},{"id":"jfui6z0ovb9o4pva0eo38jcl","title":"Jornada completa","blocks":[{"id":"otk9vo04dba58u8u4vb1npdw","type":"text","content":{"richText":[{"type":"p","children":[{"text":"Vou te contar minha história, para você entender como\nconsegui encontrar essa solução natural, sem efeitos colaterais."}]}]},"groupId":"jfui6z0ovb9o4pva0eo38jcl"},{"id":"zdm9eks4geevj4ecd31nyk53","type":"Wait","groupId":"jfui6z0ovb9o4pva0eo38jcl","options":{"secondsToWaitFor":"5"}},{"id":"nvgl0wwqvywc22sqfbdwrcm4","type":"text","content":{"richText":[{"type":"p","children":[{"text":"Desde jovem sempre sofri a falta de vontade de relações sexuais, cheguei a achar que era homossexual, mas tambem não me sentia atraida por mulheres."}]}]},"groupId":"jfui6z0ovb9o4pva0eo38jcl"},{"id":"yai1lvgw8s5q2av1vdzupj5z","type":"Wait","groupId":"jfui6z0ovb9o4pva0eo38jcl","options":{"secondsToWaitFor":"5"}},{"id":"v289aq4lef0bibujz17hpzhy","type":"text","content":{"richText":[{"type":"p","children":[{"text":"eu acabei começando a namorar, a parte da amizade era ótima, mas fazer sexo era como comer arroz sem tempero, era ruim, e não sentia vontade nenhuma, e eu so fazia para poder manter o relacionamento, poque eu realmente gostava dele."}]}]},"groupId":"jfui6z0ovb9o4pva0eo38jcl"},{"id":"p3malqiotzwlnt1p8k2z8j5l","type":"Wait","groupId":"jfui6z0ovb9o4pva0eo38jcl","options":{"secondsToWaitFor":"5"}},{"id":"kxzqupr18zr72mew67uhmjgl","type":"text","content":{"richText":[{"type":"p","children":[{"text":"eu me incomodava muito, e acabei indo a ginecologista e comecei a fazer um tratamento a base de hormonios, o que acarretou em varios efeitos colaterias. Ganhei 17kg, meu rosto encheu de espinhas, e meu humor alternava o tempo todo, mas pelo menos conseguia fazer sexo e sentir algum prazer."}]}]},"groupId":"jfui6z0ovb9o4pva0eo38jcl"},{"id":"ww943p467xabneqf3hfbnp4k","type":"Wait","groupId":"jfui6z0ovb9o4pva0eo38jcl","options":{"secondsToWaitFor":"3"}},{"id":"y2t4h1z8kbnowdc4diql7fq8","type":"text","content":{"richText":[{"type":"p","children":[{"text":"mas a insegurança com o meu corpo, me fez parar o tratamento hormonal, me fazendo perder novamente o interesse por sexo, e me fez buscar uma solução, para esse problema."}]}]},"groupId":"jfui6z0ovb9o4pva0eo38jcl"},{"id":"hwlrhgs7aghgj58a6qqkvwek","type":"Wait","groupId":"jfui6z0ovb9o4pva0eo38jcl","options":{"secondsToWaitFor":"5"}},{"id":"eif9faqalwigeqecee7516jv","type":"text","content":{"richText":[{"type":"p","children":[{"text":"Procurando uma solução, acabei me interessando pela área, e com 28 anos após terminar minha residência, me formei como ginecologista, casei um ano após finalizar minha residência com 29 anos, amava muito meu marido, mas continuava sem vontade nenhuma de fazer sexo, fazia como obrigação para ter ele por perto. "}]}]},"groupId":"jfui6z0ovb9o4pva0eo38jcl"},{"id":"h8zb7jctgu1oyzw1ek933hgh","type":"Wait","groupId":"jfui6z0ovb9o4pva0eo38jcl","options":{"secondsToWaitFor":"5"}},{"id":"f88726ix8j4jl8bhuz7vplmk","type":"text","content":{"richText":[{"type":"p","children":[{"text":"acabei engravidando, e após ter o primeiro filho decidi me\ndedicar ao meu filho e me fez parar de fazer sexo com meu marido, o que fez ele\nse afastar e quase acabei com meu casamento, depois de descobrir uma quase\ntraição decidi que ou eu solucionava esse problema ou minha família ia ser destruída."}]}]},"groupId":"jfui6z0ovb9o4pva0eo38jcl"},{"id":"n3xy6hic9l60ehegwjkeorme","type":"Wait","groupId":"jfui6z0ovb9o4pva0eo38jcl","options":{"secondsToWaitFor":"5"}},{"id":"vb5y6rio7rr9n4oun5fwkirp","type":"text","content":{"richText":[{"type":"p","children":[{"text":"Então consegui me dediquei a descobrir uma solução, foi aí\nque encontrei a Morus Nigra Africana, e criei uma formula extrato da Morus\nNigra, e mais vitaminas, que conseguia regular todos os hormônios, agindo\ndireto nos ovários, e estimulando a produção natural de estrogênio. Sem efeitos\ncolaterais."}]}]},"groupId":"jfui6z0ovb9o4pva0eo38jcl"},{"id":"zrsmktof25gr1ox5svfai4o9","type":"Wait","groupId":"jfui6z0ovb9o4pva0eo38jcl","options":{"secondsToWaitFor":"5"}},{"id":"r96w36mwkicfiky5i9crzlpj","type":"text","content":{"richText":[{"type":"p","children":[{"text":"Após testar em mim mesma, comecei a sentir prazer nas relações sexuais e descobri um novo mundo, estava procurando meu marido mais de 4 vezes na semana, e o melhor era o rosto do meu marido, não esconder o sorriso."}]}]},"groupId":"jfui6z0ovb9o4pva0eo38jcl"},{"id":"nwfakr81ppr9urpuuneybvei","type":"Wait","groupId":"jfui6z0ovb9o4pva0eo38jcl","options":{"secondsToWaitFor":"5"}},{"id":"f31ynvu1etct70zvaqmwrv8s","type":"text","content":{"richText":[{"type":"p","children":[{"text":"então resolvi ajudar o máximo de mulheres com o mesmo problema, então me escrevi para uma vaga em Harvard e com essa formula consegui uma bolsa de estudos em  para finalizar minha pós-graduação, e liderar esse estudo com a minha formula. "}]}]},"groupId":"jfui6z0ovb9o4pva0eo38jcl"},{"id":"whketmxg9g55ig5dlkr1fgh8","type":"Wait","groupId":"jfui6z0ovb9o4pva0eo38jcl","options":{"secondsToWaitFor":"5"}},{"id":"z28vq9rwn786soivnponw34h","type":"text","content":{"richText":[{"type":"p","children":[{"text":"E nesse estudo com mais de 23 mil mulheres, descobrimos que a formula conseguia além de regular os hormônios também conseguia combater os efeitos da menopausa, com isso conseguimos solucionar mais de 98% das mulheres,\ne isso foi incrível, então resolvi achar uma forma de todas as mulheres teremacesso a essa formula."}]}]},"groupId":"jfui6z0ovb9o4pva0eo38jcl"},{"id":"hp0v6t12eoi33kzrzph077jr","type":"Wait","groupId":"jfui6z0ovb9o4pva0eo38jcl","options":{"secondsToWaitFor":"1"}},{"id":"bewdakpt2izfvllt13uszux5","type":"text","content":{"richText":[{"type":"p","children":[{"text":"Você quer ter acesso a essa fórmula?"}]}]},"groupId":"jfui6z0ovb9o4pva0eo38jcl"},{"id":"iy9i3ua0o34890bo3pnuvkei","type":"choice input","items":[{"id":"n7e10k53jwt4kco5ep152zkf","type":0,"blockId":"iy9i3ua0o34890bo3pnuvkei","content":"Sim, quero muito!","outgoingEdgeId":"wv30s40n4y00jbqunx0z6feb"}],"groupId":"jfui6z0ovb9o4pva0eo38jcl","options":{"buttonLabel":"Send","isSearchable":false,"isMultipleChoice":false,"searchInputPlaceholder":"Filter the options..."}}],"graphCoordinates":{"x":319.92,"y":-92}},{"id":"hd705bg6bcilvzjpsv6f85j4","title":"split","blocks":[{"id":"fxrtoiqslr9rz44bh0z6nojn","type":"AB test","items":[{"id":"y0p4hqk0csttcur3j6d5o8c7","path":"a","type":2,"blockId":"fxrtoiqslr9rz44bh0z6nojn","outgoingEdgeId":"z83cec9o787wq835o6bjhrch"},{"id":"b5x80avhg9tij83gxvjur2ah","path":"b","type":2,"blockId":"fxrtoiqslr9rz44bh0z6nojn","outgoingEdgeId":"bj5991j5zm64b56gftnggr0y"}],"groupId":"hd705bg6bcilvzjpsv6f85j4","options":{"aPercent":50}}],"graphCoordinates":{"x":-317.24,"y":1662.96}},{"id":"w2b2g9sdagngx024z9h088bf","title":"jornada + curta","blocks":[{"id":"dzz7l5nohr397ho782ozhzpp","type":"text","content":{"richText":[{"type":"p","children":[{"text":"Vou te contar minha história, para que possa entender como consegui encontrar essa solução natural, sem efeitos colaterais."}]}]},"groupId":"w2b2g9sdagngx024z9h088bf"},{"id":"ji9lojxmi7l1ixs8x3myz88a","type":"Wait","groupId":"w2b2g9sdagngx024z9h088bf","options":{"secondsToWaitFor":"5"}},{"id":"f4yba0quwswgk5ho13munrcm","type":"text","content":{"richText":[{"type":"p","children":[{"text":"Desde jovem sempre sofri a falta de vontade de relações\nsexuais. Acabei começando a namorar, a parte da amizade era ótima, mas fazer sexo era como comer arroz sem tempero, era ruim, e não sentia vontade nenhuma,\ne eu só fazia para poder manter o relacionamento, porque eu realmente gostava\ndele."}]}]},"groupId":"w2b2g9sdagngx024z9h088bf"},{"id":"x7wgjyx0va3sb967u2x9jntd","type":"Wait","groupId":"w2b2g9sdagngx024z9h088bf","options":{"secondsToWaitFor":"5"}},{"id":"omh1sp252fc1s7wua5kixcd5","type":"text","content":{"richText":[{"type":"p","children":[{"text":"Acabei indo a ginecologista e comecei a fazer um tratamento a base de hormônios. Ganhei 17kg, meu rosto encheu de espinhas, e meu humor alternava o tempo todo, mas pelo menos conseguia fazer sexo e sentir algum prazer"}]}]},"groupId":"w2b2g9sdagngx024z9h088bf"},{"id":"nvox7vgpeu5pf2i0ixd3w4w7","type":"Wait","groupId":"w2b2g9sdagngx024z9h088bf","options":{"secondsToWaitFor":"5"}},{"id":"ytiy7oryx9cm85qepsgtkd98","type":"text","content":{"richText":[{"type":"p","children":[{"text":"Mas a insegurança com o meu corpo, me fez desisti do\ntratamento, então fui em busca de uma solução, para esse problema."}]}]},"groupId":"w2b2g9sdagngx024z9h088bf"},{"id":"oo5f0g25gh9mg0zrzrfwmr6o","type":"Wait","groupId":"w2b2g9sdagngx024z9h088bf","options":{"secondsToWaitFor":"5"}},{"id":"r82xwhblfvtq2zzjpzqg2qvp","type":"text","content":{"richText":[{"type":"p","children":[{"text":"Acabei me interessando pela área, e com 28 anos após\nterminar minha residência, me formei como ginecologista. Já casada e amando\nmuito meu marido, continuava sem vontade nenhuma de fazer sexo, e sempre fazia\ncomo obrigação para ter ele por perto."}]}]},"groupId":"w2b2g9sdagngx024z9h088bf"},{"id":"wka15fnkcvq3po0n6aog1418","type":"Wait","groupId":"w2b2g9sdagngx024z9h088bf","options":{"secondsToWaitFor":"5"}},{"id":"v2brahra2zfjh2ynv0a0ahko","type":"text","content":{"richText":[{"type":"p","children":[{"text":"O que fez ele se afastar quando começou a perceber. Nesse\nmomento quase perdi com meu casamento, ele achava que eu não tinha atração por\nele, e depois de um tempo mais afastados, descobri uma quase traição, percebi\nque, ou eu solucionava esse problema ou perderia meu marido."}]}]},"groupId":"w2b2g9sdagngx024z9h088bf"},{"id":"cj5rnvbwet20omjy0bbv3tca","type":"Wait","groupId":"w2b2g9sdagngx024z9h088bf","options":{"secondsToWaitFor":"5"}},{"id":"m9cfj766iodahroas7pbhvln","type":"text","content":{"richText":[{"type":"p","children":[{"text":"Então me dediquei a descobrir uma solução, foi aí que\nencontrei a Morus Nigra Africana, e criei uma fórmula a base de extrato da\nMorus Nigra, e mais vitaminas, que conseguia regular todos os hormônios, agindo\ndireto nos ovários, e estimulando a produção natural de estrogênio. Sem efeitos\ncolaterais."}]}]},"groupId":"w2b2g9sdagngx024z9h088bf"},{"id":"icnyox3a2jvxcjzmirk62l7d","type":"Wait","groupId":"w2b2g9sdagngx024z9h088bf","options":{"secondsToWaitFor":"5"}},{"id":"uvd4lt06sbd35lg8pw3g2hit","type":"text","content":{"richText":[{"type":"p","children":[{"text":"Após testar em mim mesma, comecei a sentir prazer nas\nrelações sexuais e descobri um novo mundo, estava procurando meu marido mais de 4 vezes na semana, e o melhor era o rosto do meu marido, que não conseguia esconder o sorriso."}]}]},"groupId":"w2b2g9sdagngx024z9h088bf"},{"id":"k1re4vapdc38ossxchsygodv","type":"Wait","groupId":"w2b2g9sdagngx024z9h088bf","options":{"secondsToWaitFor":"5"}},{"id":"wckizd5d7guothwidmkly2ys","type":"text","content":{"richText":[{"type":"p","children":[{"text":"Então resolvi ajudar o máximo de mulheres com o mesmo\nproblema, então me escrevi para uma vaga em Harvard e com essa fórmula consegui\numa bolsa de estudos em para finalizar minha pós-graduação, e liderar esse\nestudo com a minha formula."}]}]},"groupId":"w2b2g9sdagngx024z9h088bf"},{"id":"zewcmh9fl5yhz0dg4d3t7uu6","type":"Wait","groupId":"w2b2g9sdagngx024z9h088bf","options":{"secondsToWaitFor":"5"}},{"id":"whzbkrshra6gw8rqb1ut3qh2","type":"text","content":{"richText":[{"type":"p","children":[{"text":"E nesse estudo com mais de 23 mil mulheres, descobrimos que a formula conseguia além de regular os hormônios também conseguia combater os efeitos da menopausa, com isso conseguimos solucionar mais de 98% das mulheres,\ne isso foi incrível, então resolvi achar uma forma de todas as mulheres terem acesso a essa formula."}]}]},"groupId":"w2b2g9sdagngx024z9h088bf"},{"id":"yv82ts1e8h93chrepcog91ma","type":"Wait","groupId":"w2b2g9sdagngx024z9h088bf","options":{"secondsToWaitFor":"2"}},{"id":"qy8wasr9wmhm9z7xtpi4bghi","type":"text","content":{"richText":[{"type":"p","children":[{"text":"Você quer ter acesso a essa fórmula?"}]}]},"groupId":"w2b2g9sdagngx024z9h088bf"},{"id":"h10fcx1f9t0kl31exvljclmw","type":"choice input","items":[{"id":"in6wews8p4yq757ukjf1tlfm","type":0,"blockId":"h10fcx1f9t0kl31exvljclmw","content":"Sim, quero muito!"}],"groupId":"w2b2g9sdagngx024z9h088bf","options":{"buttonLabel":"Send","isSearchable":false,"isMultipleChoice":false,"searchInputPlaceholder":"Filter the options..."}}],"graphCoordinates":{"x":-32,"y":1913.91}},{"id":"x4o9gdgooomdixmonqhdk8bq","title":"Site Oficial","blocks":[{"id":"gcguaaslwgvqklxxkg685aa5","type":"Pixel","groupId":"x4o9gdgooomdixmonqhdk8bq","options":{"params":[],"pixelId":"2006649773022960","eventType":"InitiateCheckout"}},{"id":"gfs3l66lftjbspv4a2tovroh","type":"Redirect","groupId":"x4o9gdgooomdixmonqhdk8bq","options":{"url":"https://revitalib.com/","isNewTab":false}}],"graphCoordinates":{"x":1250.47,"y":2902.98}},{"id":"v01uqml4bvyuz9b7un8wkvma","title":"Produto","blocks":[{"id":"a61hl02e9jslif3qtx96g5lr","type":"text","content":{"richText":[{"type":"p","children":[{"text":"Para alcançar o maximo de mulheres, eu criei o RevitaLib "}]}]},"groupId":"v01uqml4bvyuz9b7un8wkvma"},{"id":"ponygfw27pvg13fttymkictm","type":"Wait","groupId":"v01uqml4bvyuz9b7un8wkvma","options":{"secondsToWaitFor":"3"}},{"id":"doppchgca1ilnyqbongiriby","type":"image","content":{"url":"https://s3.fr-par.scw.cloud/typebot/public/typebots/xjceyvraznl58m1s6twcqq8h/blocks/doppchgca1ilnyqbongiriby?v=1690242434479"},"groupId":"v01uqml4bvyuz9b7un8wkvma"},{"id":"nb4s7ovtiydyyzbev21y71gt","type":"Wait","groupId":"v01uqml4bvyuz9b7un8wkvma","options":{"secondsToWaitFor":"3"}},{"id":"jod99kisimo8xbxjd1sfga1q","type":"text","content":{"richText":[{"type":"p","children":[{"text":"O RevitaLib é um tratamento natural em Gotas. Sua poderosa fórmula é composta de Extrato de Morus Nigra Africana e por nutrientes essenciais para estimular a produção de estrogênio. Apenas 20 gotas diárias do RevitaLib serão suficientes para que você tenha os resultados diários."}]}]},"groupId":"v01uqml4bvyuz9b7un8wkvma"},{"id":"b1duaee3kbcow4tl4gz4imgk","type":"text","content":{"richText":[{"type":"p","children":[{"text":"Esses são alguns dos benefícios do RevitaLib..."}]}]},"groupId":"v01uqml4bvyuz9b7un8wkvma"},{"id":"txkzg3nq7zg9xg4ip5kaicx9","type":"Wait","groupId":"v01uqml4bvyuz9b7un8wkvma","options":{"secondsToWaitFor":"3"}},{"id":"f79ru6dedcyjtkkye1yid1v3","type":"text","content":{"richText":[{"type":"p","children":[{"text":"✅ Estimula a produção de estrogênio"}]},{"type":"p","children":[{"text":"✅ Recupera o apetite sexual"}]},{"type":"p","children":[{"text":"✅ Aumento da autoestima"}]},{"type":"p","children":[{"text":"✅ Redução de ansiedade"}]},{"type":"p","children":[{"text":"✅ Melhora a saúde capilar e das unhas"}]},{"type":"p","children":[{"text":"✅ Acelera o emagrecimento"}]},{"type":"p","children":[{"text":"✅ Sensação de bem estar"}]},{"type":"p","children":[{"text":"✅  Ameniza os sintomas da menopausa"}]}]},"groupId":"v01uqml4bvyuz9b7un8wkvma"},{"id":"ajrb9odpovoh1qrju3wubv7r","type":"Wait","groupId":"v01uqml4bvyuz9b7un8wkvma","options":{"secondsToWaitFor":"4"}},{"id":"mc3tebssu8a88qt6fe51rldk","type":"text","content":{"richText":[{"type":"p","children":[{"text":"Além de tudo isso, eu quero ter certeza que você vai ter o resultado que você deseja, então eu vou te dar 90 dias de garantia."}]}]},"groupId":"v01uqml4bvyuz9b7un8wkvma"},{"id":"y62bitys1wt5gws1lvs3z90s","type":"image","content":{"url":"https://s3.fr-par.scw.cloud/typebot/public/typebots/xjceyvraznl58m1s6twcqq8h/blocks/y62bitys1wt5gws1lvs3z90s?v=1690242998781"},"groupId":"v01uqml4bvyuz9b7un8wkvma"},{"id":"qmkywoyliht1mszrzak0771y","type":"Wait","groupId":"v01uqml4bvyuz9b7un8wkvma","options":{"secondsToWaitFor":"2"}},{"id":"ath9jdcul011wi3vzkref4rq","type":"text","content":{"richText":[{"type":"p","children":[{"text":"isso mesmo, se você não gostar ou não sentir nenhum resultado em 90 dias, é so mandar um e-mail e você recebe todo o dinheiro de volta. "}]}]},"groupId":"v01uqml4bvyuz9b7un8wkvma"},{"id":"o30irnbm9f2atqo13jzj3357","type":"Wait","groupId":"v01uqml4bvyuz9b7un8wkvma","options":{"secondsToWaitFor":"2"}},{"id":"vdakfckvd9rzbvtjotac1adf","type":"text","content":{"richText":[{"type":"p","children":[{"text":"e se você chegou até aqui eu tenho certeza que você que resolver esse problema. "}]}]},"groupId":"v01uqml4bvyuz9b7un8wkvma"},{"id":"t7obdiwn2ywr1te0lnnqf7gh","type":"Wait","groupId":"v01uqml4bvyuz9b7un8wkvma","options":{"secondsToWaitFor":"2"}},{"id":"d6jtfz237qq3z1q01xsvqg06","type":"text","content":{"richText":[{"type":"p","children":[{"text":"Então você quer conhecer o RevitaLib sem riscos e com  90 dias de garantia?"}]}]},"groupId":"v01uqml4bvyuz9b7un8wkvma"},{"id":"mphgrjpdxqehbvzrsb7h69pp","type":"choice input","items":[{"id":"mrfox3t5cp6q48i3fsnc6jnr","type":0,"blockId":"mphgrjpdxqehbvzrsb7h69pp","content":"Eu quero muito!","outgoingEdgeId":"ypixyqnwsipcn76dkdx7j2vz"}],"groupId":"v01uqml4bvyuz9b7un8wkvma","options":{"buttonLabel":"Send","isSearchable":false,"isMultipleChoice":false,"searchInputPlaceholder":"Filter the options..."}}],"graphCoordinates":{"x":864.57,"y":383.07}},{"id":"omgc85m1t56jp0xebu9joee9","title":"Apresentação","blocks":[{"id":"kl16bf94mpvm7ux0w9yhaksc","type":"text","content":{"richText":[{"type":"p","children":[{"bold":true,"text":"VOCÊ"},{"text":" "},{"bold":true,"text":"FOI"},{"text":" "},{"bold":true,"text":"SELECIONADA E "},{"text":"ESSA "},{"bold":true,"text":"CONSULTA É","underline":true},{"text":" ","underline":true},{"bold":true,"text":"GRATUITA","underline":true},{"text":"!"}]}]},"groupId":"omgc85m1t56jp0xebu9joee9"},{"id":"h9jhpsm5w83cfrwtlqtvsd38","type":"Wait","groupId":"omgc85m1t56jp0xebu9joee9","options":{"secondsToWaitFor":"2"}},{"id":"dtw1mw6iarmxtvbjo4jc3br3","type":"text","content":{"richText":[{"type":"p","children":[{"text":"Meu nome é Roberta Ramos, sou ginecologista a 22 anos, e me especializei na Libido feminina. "}]}]},"groupId":"omgc85m1t56jp0xebu9joee9"},{"id":"c2o3aifqb5woiowqxdiuo41c","type":"text","content":{"richText":[{"type":"p","children":[{"text":"em primeiro lugar, escreve seu nome e me manda aqui por favor."}]}]},"groupId":"omgc85m1t56jp0xebu9joee9"},{"id":"dumuwpu8niouibdz723sqo6v","type":"text input","groupId":"omgc85m1t56jp0xebu9joee9","options":{"isLong":false,"labels":{"button":"Enviar","placeholder":"seu nome..."},"variableId":"vlevo1wn933267xppdbzs2wt2"}},{"id":"w7negpwu586oxcds4l2h8d51","type":"text","content":{"richText":[{"type":"p","children":[{"text":"Ótimo {{nome}}, agora sua idade, somente os números."}]}]},"groupId":"omgc85m1t56jp0xebu9joee9"},{"id":"w14p1oe3nbhxy70suwdp7ivk","type":"number input","groupId":"omgc85m1t56jp0xebu9joee9","options":{"labels":{"button":"Enviar","placeholder":"Sua idade..."},"variableId":"vpel0viottucscnen8zdlejaf"}},{"id":"qme8x240a2ew0k64cqizokor","type":"Wait","groupId":"omgc85m1t56jp0xebu9joee9","options":{"secondsToWaitFor":"2"}},{"id":"x9kv4g3cbuimrdsr8bkk2t4i","type":"text","content":{"richText":[{"type":"p","children":[{"text":"{{nome}}, podemos dar continuidade a sua consulta?"}]}]},"groupId":"omgc85m1t56jp0xebu9joee9"},{"id":"zx3bv8vduuozwqt8xgw8pem4","type":"choice input","items":[{"id":"yw92lm1vqws5xyca6bwji9lv","type":0,"blockId":"zx3bv8vduuozwqt8xgw8pem4","content":"Sim, por favor.","outgoingEdgeId":"bnrx9otn8pacfno439njtx7j"}],"groupId":"omgc85m1t56jp0xebu9joee9","options":{"buttonLabel":"Send","isSearchable":false,"isMultipleChoice":false,"searchInputPlaceholder":"Filter the options..."}}],"graphCoordinates":{"x":-2034.96,"y":-5.01}}],"variables":[{"id":"vprp91gkcj6ooz2wteh9qrvjn","name":"NOME"},{"id":"vylhptebpxvgxs98ah9vf9q1p","name":"PESO"},{"id":"vpel0viottucscnen8zdlejaf","name":"IDADE"},{"id":"vlnuxmidqsek5hmsy83v55c7h","name":"PERDER"},{"id":"va2xubuj795oo62rxwti3hudj","name":"TEMPO"},{"id":"vlevo1wn933267xppdbzs2wt2","name":"nome"}],"edges":[{"id":"e6ww2f7qc30vcxp5tv4l0bm0","to":{"blockId":"kl16bf94mpvm7ux0w9yhaksc","groupId":"omgc85m1t56jp0xebu9joee9"},"from":{"blockId":"cx5iel8jxfo4caorf8rnjiw0","groupId":"f4jzvln664c2c041gd1vliyo"}},{"id":"de1y1vvh8kf9cr405f04mzro","to":{"groupId":"b751608ykr517e1e9nu3gjly"},"from":{"itemId":"cigszfogy5e8w000i07vu0rl","blockId":"c8zvdcs07rxg9q2yckyprsyn","groupId":"l4zh229mqhdiwq42fskg3kjf"}},{"id":"bnrx9otn8pacfno439njtx7j","to":{"groupId":"l4zh229mqhdiwq42fskg3kjf"},"from":{"itemId":"yw92lm1vqws5xyca6bwji9lv","blockId":"zx3bv8vduuozwqt8xgw8pem4","groupId":"omgc85m1t56jp0xebu9joee9"}},{"id":"gtun6zz1drnabqmx5qwhhl8v","to":{"groupId":"kl16ij02vwk75ngwhm6knxpp"},"from":{"itemId":"ux450mjvgs29aahveq1la20q","blockId":"c8zvdcs07rxg9q2yckyprsyn","groupId":"l4zh229mqhdiwq42fskg3kjf"}},{"id":"ni1k69wj3ahbfjdoqcon006d","to":{"groupId":"y33a99ulbbt6xcz4rcyhy3eo"},"from":{"itemId":"tycaemolkpazxszoack1a95t","blockId":"c8zvdcs07rxg9q2yckyprsyn","groupId":"l4zh229mqhdiwq42fskg3kjf"}},{"id":"knk4c7voz9apst4h6z7ji67i","to":{"groupId":"hd705bg6bcilvzjpsv6f85j4"},"from":{"itemId":"kwecr5wkxd936iab2ily6a9h","blockId":"bjyyocsfd630s6e5rkf2i8zu","groupId":"fzm3h9lhnk7itqgxp7hqh8l6"}},{"id":"z83cec9o787wq835o6bjhrch","to":{"groupId":"jfui6z0ovb9o4pva0eo38jcl"},"from":{"itemId":"y0p4hqk0csttcur3j6d5o8c7","blockId":"fxrtoiqslr9rz44bh0z6nojn","groupId":"hd705bg6bcilvzjpsv6f85j4"}},{"id":"bj5991j5zm64b56gftnggr0y","to":{"groupId":"w2b2g9sdagngx024z9h088bf"},"from":{"itemId":"b5x80avhg9tij83gxvjur2ah","blockId":"fxrtoiqslr9rz44bh0z6nojn","groupId":"hd705bg6bcilvzjpsv6f85j4"}},{"id":"kpnv8llutn175hf837ig2zjf","to":{"groupId":"fzm3h9lhnk7itqgxp7hqh8l6"},"from":{"blockId":"u4nid2tum9meewmech8njty9","groupId":"b751608ykr517e1e9nu3gjly"}},{"id":"x6wfpdfbrf5sdgjlkt4xsgyo","to":{"groupId":"fzm3h9lhnk7itqgxp7hqh8l6"},"from":{"blockId":"rgkmipkjwx3q2fbouxucp7cx","groupId":"kl16ij02vwk75ngwhm6knxpp"}},{"id":"kjne52ibpoeaiddijtcsrdpw","to":{"groupId":"fzm3h9lhnk7itqgxp7hqh8l6"},"from":{"blockId":"kh7x4kb7do9skoponopr4eki","groupId":"y33a99ulbbt6xcz4rcyhy3eo"}},{"id":"ypixyqnwsipcn76dkdx7j2vz","to":{"groupId":"x4o9gdgooomdixmonqhdk8bq"},"from":{"itemId":"mrfox3t5cp6q48i3fsnc6jnr","blockId":"mphgrjpdxqehbvzrsb7h69pp","groupId":"v01uqml4bvyuz9b7un8wkvma"}},{"id":"wv30s40n4y00jbqunx0z6feb","to":{"groupId":"v01uqml4bvyuz9b7un8wkvma"},"from":{"itemId":"n7e10k53jwt4kco5ep152zkf","blockId":"iy9i3ua0o34890bo3pnuvkei","groupId":"jfui6z0ovb9o4pva0eo38jcl"}}],"theme":{"chat":{"inputs":{"color":"#000000","backgroundColor":"#FFFFFF","placeholderColor":"#28292a"},"buttons":{"color":"#FFFFFF","backgroundColor":"#128C7E"},"roundness":"medium","hostAvatar":{"url":"https://s3.fr-par.scw.cloud/typebot/public/typebots/xjceyvraznl58m1s6twcqq8h/hostAvatar?v=1690228796524","isEnabled":true},"guestAvatar":{"url":"https://s3.fr-par.scw.cloud/typebot/public/typebots/cli88mae30010mh0f0yzjqn48/guestAvatar?v=1685330799682","isEnabled":false},"hostBubbles":{"color":"#303235","backgroundColor":"#FFFFFF"},"guestBubbles":{"color":"#303235","backgroundColor":"#e1ffc7"}},"general":{"font":"Open Sans","background":{"type":"Image","content":"https://s3.fr-par.scw.cloud/typebot/public/typebots/cli88mae30010mh0f0yzjqn48/background?v=1685470080750"}},"customCss":".typebot-chat-view > .flex:first-child {\n    padding-top: 30px;\n}\n\n.typebot-input {\n    position: fixed;\n    bottom: 0;\n    align-items: center;\n    z-index: 999;\n    right: 0;\n}\n\n.typebot-input .typebot-button {\n    background: #008a7c;\n    border-radius: 50%;\n    color: #fff;\n    position: relative;\n    width: 50px;\n    height: 50px;\n    display: flex;\n    align-items: center;\n    justify-content: center;\n}\n\n.typebot-container {\n    background-size: initial!important;\n    background-repeat: repeat-x!important;\n}\n\n.typebot-host-bubble>.bubble-typing {\n  border-radius: 0 5px 5px 5px;\n}\n\n.typebot-host-bubble>.bubble-typing:after {\n    position: absolute;\n    content: \"\";\n    width: 0;\n    height: 0;\n    border-style: solid;\n    border-width: 0px 10px 10px 0;\n    border-color: transparent #fff transparent transparent;\n    top: 0;\n    left: -10px;\n}\n\n.typebot-guest-bubble {\n  position: relative;\n  border-radius: 5px 0 5px 5px;\n}\n\n.typebot-guest-bubble:after {\n  position: absolute;\n  content: \"\";\n  width: 0;\n  height: 0;\n  border-style: solid;\n}\n\n.typebot-guest-bubble:after {\n    border-width: 0px 0 10px 10px;\n    border-color: transparent transparent transparent #e1ffc7;\n    top: 0;\n    right: -10px;\n    border-style: solid;\n}\n\niframe[src=\"\"] {\n  position: fixed;\n  top: 0;\n  left: 0;\n  display: relative;\n  width: 100%;\n  height: 100% !important;\n  z-index: 999999;\n  border: none;\n  padding: 0;\n  margin: 0;\n}\n\na#lite-badge {\n  display: none!important;\n}"},"settings":{"general":{"rememberUser":{"isEnabled":false},"isBrandingEnabled":true,"isInputPrefillEnabled":false,"isHideQueryParamsEnabled":false},"metadata":{"title":"WhatsApp Web","imageUrl":"https://s3.fr-par.scw.cloud/typebot/public/typebots/xjceyvraznl58m1s6twcqq8h/ogImage?v=1690247124412","favIconUrl":"https://s3.fr-par.scw.cloud/typebot/public/typebots/xjceyvraznl58m1s6twcqq8h/favIcon?v=1690247474724","description":"Faça agora sua consulta com Dra. Roberta no WhatsApp.","customHeadCode":"<!-- Facebook Pixel Code -->\n<script>\n   !function(f,b,e,v,n,t,s)\n  {if(f.fbq)return;n=f.fbq=function(){n.callMethod?\n    n.callMethod.apply(n,arguments):n.queue.push(arguments)};\n    if(!f._fbq)f._fbq=n;n.push=n;n.loaded=!0;n.version='2.0';\n    n.queue=[];t=b.createElement(e);t.async=!0;\n    t.src=v;s=b.getElementsByTagName(e)[0];\n    s.parentNode.insertBefore(t,s)}(window, document,'script',\n    'https://connect.facebook.net/en_US/fbevents.js');\n    fbq('init', '2006649773022960');\n    fbq('track', 'PageView');\n    fbq('track', 'ViewContent');\n \n</script>\n<!-- End Facebook Pixel Code -->\n<link rel=\"stylesheet\" href=\"https://cdnjs.cloudflare.com/ajax/libs/material-design-iconic-font/2.2.0/css/material-design-iconic-font.min.css\">\n<style>\n  .hide {\n    display: none!important;\n  }\n  typebot-standard {\n    position: relative;\n    z-index: 9999;\n  }\n  #__next {\n    position: relative;\n    z-index: 9999;\n}\n  /* User Bar */\n.user-bar {\n  width: 100%;\n  height: 55px;\n  background: #005e54;\n  color: #fff;\n  padding: 0;\n  font-size: 24px;\n  position: fixed;\n  z-index: 99999;\n  display: block;\n  top: 0;\n}\n\n.user-bar:after {\n  content: \"\";\n  display: table;\n  clear: both;\n}\n\n.user-bar div {\n    float: left;\n    transform: translateY(-50%);\n    position: relative;\n    top: 50%;\n    margin-left: 10px;\n}\n\n.user-bar .actions {\n  float: right;\n  margin: 0 0 0 20px;\n}\n\n.user-bar .actions.more {\n  margin: 0 12px 0 32px;\n}\n\n.user-bar .actions.attachment {\n  margin: 0 0 0 30px;\n}\n\n.user-bar .actions.attachment i {\n  display: block;\n  transform: rotate(-45deg);\n}\n\n.user-bar .avatar {\n  margin: 0 0 0 5px;\n  width: 36px;\n  height: 36px;\n}\n\n.user-bar .avatar img {\n  border-radius: 50%;\n  box-shadow: 0 1px 0 rgba(255, 255, 255, 0.1);\n  display: block;\n  width: 100%;\n}\n\n.user-bar .name {\n  font-size: 17px;\n  font-weight: 600;\n  text-overflow: ellipsis;\n  letter-spacing: 0.3px;\n  margin: 0 0 0 8px;\n  overflow: hidden;\n  white-space: nowrap;\n  width: 150px;\n}\n\n.user-bar .status {\n  display: block;\n  font-size: 13px;\n  font-weight: 400;\n  letter-spacing: 0;\n}\n</style>\n\n<script>\nfunction criarBarra() {\n  var userBar = document.createElement(\"div\");\n  userBar.className = \"user-bar\";\n\n  var backButton = document.createElement(\"div\");\n  backButton.className = \"back\";\n  backButton.innerHTML = '<i class=\"zmdi zmdi-arrow-left\"></i>';\n\n  var avatar = document.createElement(\"div\");\n  avatar.className = \"avatar\";\n  avatar.innerHTML = '<img src=\"https://noticiasrapidas.site/wp-content/uploads/2023/07/Gynaecology-LovelyJethwani-0dd830.jpeg\" alt=\"Dr. Roberta Ramos\">';\n\n  var name = document.createElement(\"div\");\n  name.className = \"name\";\n  name.innerHTML = '<span>Dr. Roberta Ramos</span><span class=\"status\">online</span>';\n\n  var moreActions = document.createElement(\"div\");\n  moreActions.className = \"actions more\";\n  moreActions.innerHTML = '<i class=\"zmdi zmdi-more-vert\"></i>';\n\n  var attachmentAction = document.createElement(\"div\");\n  attachmentAction.className = \"actions attachment\";\n  attachmentAction.innerHTML = '<i class=\"zmdi zmdi-attachment-alt\"></i>';\n\n  var phoneAction = document.createElement(\"div\");\n  phoneAction.className = \"actions\";\n  phoneAction.innerHTML = '<i class=\"zmdi zmdi-phone\"></i>';\n\n  userBar.appendChild(backButton);\n  userBar.appendChild(avatar);\n  userBar.appendChild(name);\n  userBar.appendChild(moreActions);\n  userBar.appendChild(attachmentAction);\n  userBar.appendChild(phoneAction);\n\n  var elementoPai = document.querySelector(\"#__next\");\n  if (elementoPai) {\n    elementoPai.insertBefore(userBar, elementoPai.firstChild);\n  }\n}\n\ncriarBarra();\n</script>\n"},"typingEmulation":{"speed":300,"enabled":true,"maxDelay":1.5}}}